AmB,AuB,BMA,BmB,FrB,HeB,HKB,IsB,JaB,JoB,LnB,LxB,MeB,MoB,MxB,NYB,RiB,SiB,SPB,SyB,Tgt,TkB,TrB,WeB,ZuB,BxB,RJB,SPB,BeB,MwB,SeB,TpB,KLB,BkB,NBR,ViB
19990101,20020101,20150101,20020312,20020101,20020101,19990101,20060110,20070101,20020101,19990101,19990101,19990101,19990101,20060206,19990101,20090102,20000207,20060125,20020101,20000421,19940103,20020101,20020101,20020101,20130101,20130101,20060125,20070101,20010101,20040101,20060130,20020101,20020101,20130101,20020101
19990402,20020102,20150103,20020325,20020329,20020329,19990216,20060111,20070319,20020321,19990402,19990405,19990126,19990402,20060321,19990118,20090109,20000316,20060227,20020128,20000424,19940211,20020329,20020102,20020102,20130211,20130211,20060227,20070102,20010102,20040121,20060131,20020201,20020226,20130211,20020401
19990405,20040101,20150104,20020329,20020401,20020401,19990217,20060112,20070406,20020329,19990405,19990513,19990402,19990524,20060413,19990215,20090116,20000421,20060228,20020329,20000501,19940321,20020520,20020121,20020329,20130212,20130212,20060228,20070103,20010307,20040122,20060201,20020212,20020408,20130212,20020501
19990430,20040102,20150110,20020401,20020501,20020501,19990218,20060113,20070517,20020401,19990503,19990524,19990405,19990701,20060414,19990402,20090123,20000501,20060414,20020401,20001225,19940429,20020701,20020206,20020401,20130329,20130329,20060414,20070219,20010501,20040123,20060202,20020213,20020415,20130329,20020509
19990513,20040126,20150111,20020425,20020509,20020509,19990402,20060519,20070601,20020501,19990531,19990623,19990426,19990802,20060501,19990531,20090130,20000518,20060421,20020425,20001226,19940503,20020805,20020329,20020501,20130501,20130423,20060421,20070220,20010502,20040301,20060228,20020315,20020416,20130501,20020520
19990524,20040206,20150117,20020501,20020520,20020621,19990405,20060830,20070817,20020617,19990830,19991101,19990614,19990906,20061102,19990705,20090206,20000809,20060501,20020610,20010101,19940504,20020902,20020401,20020509,20130530,20130501,20060501,20070221,20010509,20040405,20060405,20020425,20020501,20130530,20020530
20000421,20040409,20150118,20020815,20020530,20021206,19990406,20061023,20071012,20020809,19991227,20000424,19990802,19991011,20061120,19990906,20090213,20001026,20060615,20020805,20010413,19940505,20021014,20020425,20020520,20131115,20130530,20060615,20070222,20010612,20040415,20060501,20020501,20020506,20131115,20020815
20000424,20040412,20150119,20020910,20021003,20021224,19990618,20061024,20071220,20020924,19991228,20000501,19991004,19991111,20061201,19991011,20090220,20001127,20060907,20021007,20010416,19940915,20021111,20020603,20020801,20131225,20130725,20060907,20070223,20011107,20040505,20060531,20020527,20020527,20131225,20021101
20000505,20040607,20150124,20020930,20021224,20021225,19990701,20061025,20071225,20021216,19991231,20000601,19991227,19991227,20061212,19991111,20090227,20010101,20061012,20021225,20010501,19940923,20021225,20021028,20021225,20131231,20130726,20061012,20070501,20011212,20040526,20061006,20021104,20020701,20140101,20021224
20000601,20041025,20150125,20021002,20021225,20021226,19991001,20070101,20071231,20021225,20000103,20000612,19991228,19991228,20061225,19991125,20090306,20010124,20061102,20021226,20011225,19941010,20021226,20021225,20021226,20140101,20131115,20061102,20070502,20020101,20040927,20061009,20021206,20020725,20140303,20021225
20000612,20041227,20150131,20021015,20021226,20030101,19991018,20070102,20080101,20021226,20000421,20000623,20000103,20000103,20070101,19991224,20090313,20010125,20061115,20030101,20011226,19941103,20030101,20021226,20030101,20140303,20131120,20061115,20070503,20020102,20040928,20061010,20021225,20020812,20140304,20021226
20001225,20041228,20150201,20021104,20021231,20030106,19991227,20070103,20080110,20030101,20000424,20000815,20000106,20000421,20070205,20000117,20090320,20010306,20061120,20030127,20011231,19941123,20030418,20030101,20030102,20140304,20131225,20061120,20070504,20020107,20040929,20070101,20030101,20021023,20140418,20030101
20001226,20050103,20150207,20021119,20030101,20030418,19991231,20070423,20080207,20030321,20000501,20001101,20000126,20000522,20070319,20000221,20090327,20010413,20061225,20030418,20020101,19941223,20030519,20030102,20030418,20140418,20131231,20061225,20070507,20020225,20050208,20070219,20030203,20021205,20140421,20030106
20010101,20050104,20150208,20021225,20030418,20030421,20000204,20070830,20080307,20030418,20000529,20001225,20000421,20000703,20070405,20000421,20090403,20010501,20061229,20030421,20020329,19950102,20030701,20030120,20030421,20140421,20140101,20061229,20071001,20020308,20050209,20070220,20030204,20021210,20140501,20030421
20010413,20050131,20150214,20030213,20030421,20030501,20000207,20071012,20080320,20030421,20000828,20001226,20000424,20000807,20070406,20000529,20090410,20010507,20070101,20030425,20020401,19950103,20030804,20030206,20030501,20140501,20140120,20070101,20071002,20020501,20050210,20070221,20030212,20021230,20140619,20030501
20010416,20050325,20150215,20030314,20030501,20030529,20000404,20071029,20080321,20030428,20001225,20010101,20000425,20000904,20070501,20000704,20090417,20010809,20070125,20030609,20020501,19950116,20030901,20030418,20030529,20140619,20140303,20070125,20071003,20020502,20050301,20070222,20030304,20021231,20141225,20030529
20010430,20050328,20150216,20030318,20030529,20030620,20000421,20071220,20080501,20030501,20001226,20010413,20000501,20001009,20071102,20000904,20090424,20011114,20070219,20030804,20021225,19950321,20031013,20030421,20030609,20141225,20140304,20070219,20071004,20020503,20050405,20070223,20030501,20030101,20150101,20030609
20010524,20050425,20150221,20030401,20030609,20031224,20000424,20071221,20080520,20030616,20010101,20010416,20000601,20001225,20071119,20001009,20090501,20011225,20070220,20031006,20021226,19950503,20031111,20030425,20030801,20141231,20140418,20070220,20071005,20020509,20050505,20070228,20030514,20030217,20150216,20030619
20010604,20050606,20150222,20030402,20030619,20031225,20000501,20080101,20080730,20030924,20010413,20010501,20000612,20001226,20071212,20001123,20090508,20020101,20070406,20031225,20030101,19950504,20031225,20030602,20031225,20150101,20140421,20070406,20071231,20020510,20050606,20070405,20030515,20030407,20150217,20030815
20011225,20051024,20150228,20030411,20031003,20031226,20000511,20080423,20080818,20031216,20010416,20010524,20000622,20010101,20071225,20001225,20090515,20020212,20070501,20031226,20030418,19950505,20031226,20031027,20031226,20150216,20140423,20070501,20080101,20020612,20050815,20070406,20030901,20030414,20150403,20031208
20011226,20051226,20150301,20030414,20031224,20040101,20000606,20080519,20080930,20031225,20010507,20010604,20000807,20010413,20080101,20010101,20090522,20020213,20070607,20040101,20030421,19950915,20040101,20031225,20040101,20150217,20140501,20070607,20080206,20021107,20050919,20070501,20031024,20030415,20150421,20031224
20020101,20051227,20150307,20030415,20031225,20040106,20000913,20080930,20081001,20031226,20010528,20010815,20000815,20010521,20080204,20010115,20090529,20020329,20070709,20040126,20030501,19951010,20040409,20031226,20040102,20150403,20140619,20070709,20080207,20021108,20051003,20070618,20031125,20030501,20150501,20031225
20020329,20060102,20150308,20030418,20031226,20040409,20001002,20081001,20081002,20040101,20010827,20011101,20001002,20010702,20080317,20010219,20090605,20020501,20070907,20040409,20031225,19951103,20040524,20040101,20040409,20150421,20140625,20070907,20080208,20021212,20060130,20070619,20031126,20030505,20150604,20031226
20020401,20060103,20150314,20030501,20031231,20040412,20001006,20081002,20081003,20040322,20011225,20011225,20001026,20010806,20080320,20010413,20090612,20020527,20071012,20040412,20031226,19951123,20040701,20040102,20040412,20150501,20140704,20071012,20080211,20021213,20060301,20070918,20031225,20030515,20150907,20040101
20020430,20060130,20150315,20030515,20040101,20040520,20001225,20081029,20081208,20040409,20011226,20011226,20001101,20010903,20080321,20010528,20090619,20020809,20071102,20040426,20040101,19960101,20040802,20040119,20040520,20150604,20141120,20071102,20080212,20030101,20060501,20070924,20040101,20030701,20151012,20040106
20020509,20060206,20150321,20030516,20040409,20040625,20001226,20081208,20081225,20040412,20020101,20020101,20001208,20011008,20080501,20010704,20090626,20021104,20071115,20040614,20040409,19960102,20040906,20040206,20040531,20150907,20141225,20071115,20080404,20030102,20060505,20070925,20040122,20030714,20151102,20040412
20020520,20060414,20150322,20030630,20040412,20041206,20010101,20081209,20081229,20040414,20020329,20040101,20001225,20011225,20080916,20010903,20090703,20021206,20071120,20040802,20040412,19960103,20041011,20040409,20050325,20151012,20141231,20071120,20080501,20030103,20060531,20071010,20040123,20030812,20151225,20040520
20021225,20060417,20150328,20030815,20040520,20041224,20010124,20081210,20090101,20040427,20020401,20040409,20001226,20011226,20081117,20011112,20090710,20021225,20071225,20041004,20050325,19960115,20041111,20040412,20050328,20151102,20150101,20071225,20080502,20030106,20060606,20080101,20040202,20031023,20160101,20040531
20021226,20060425,20150329,20030930,20040531,20050106,20010125,20081211,20090102,20040616,20020506,20040412,20001229,20020101,20081212,20011122,20090717,20030101,20071231,20041227,20050328,19960212,20041227,20040607,20050505,20151130,20150120,20071231,20080609,20030107,20060717,20080206,20040203,20031205,20160208,20040610
20030101,20060605,20150404,20031002,20040610,20050325,20010126,20090101,20090126,20040809,20020603,20040520,20010101,20040101,20081225,20011225,20090724,20030203,20080101,20041228,20051226,19960320,20041228,20041025,20050516,20151225,20150216,20080101,20080915,20030224,20060815,20080207,20040223,20031210,20160209,20041026
20030418,20061023,20150405,20031126,20041224,20050328,20010405,20090423,20090309,20040924,20020604,20040531,20010126,20040102,20090101,20020101,20090731,20030212,20080125,20050103,20060414,19960429,20050103,20041227,20050801,20151231,20150217,20080125,20080929,20030310,20061003,20080208,20040503,20031231,20160325,20041101
20030421,20061225,20150411,20031225,20041231,20050505,20010413,20090501,20090326,20041216,20020826,20040623,20010413,20040409,20090202,20020121,20090807,20030418,20080204,20050126,20060417,19960503,20050325,20041228,20051226,20160101,20150403,20080204,20080930,20030501,20061005,20080211,20040505,20040101,20160421,20041208
20030430,20061226,20150412,20040126,20050325,20050624,20010416,20090519,20090409,20041227,20021225,20041101,20010416,20040524,20090316,20020218,20090814,20030501,20080205,20050325,20060501,19960506,20050523,20050103,20060102,20160208,20150421,20080205,20081001,20030502,20061006,20080228,20040831,20040308,20160526,20041224
20030529,20070101,20150418,20040202,20050328,20051206,20010430,20090921,20090410,20050321,20021226,20050325,20010425,20040624,20090409,20020527,20090821,20030515,20080321,20050328,20061225,19960916,20050701,20050104,20060414,20160209,20150423,20080321,20081002,20030509,20061225,20080404,20041112,20040406,20160907,20050106
20030609,20070102,20150419,20040218,20050505,20051226,20010501,20090922,20090521,20050325,20030101,20050328,20010611,20040701,20090410,20020704,20090828,20031024,20080421,20050425,20061226,19960923,20050801,20050124,20060417,20160325,20150501,20080421,20081003,20030612,20070101,20080501,20041115,20040413,20161012,20050328
20031225,20070129,20150425,20040302,20050516,20060106,20010625,20091029,20090708,20050328,20030418,20050505,20011001,20040906,20090501,20020902,20090904,20031125,20080501,20050613,20070101,19961010,20050905,20050325,20060501,20160421,20150604,20080501,20090101,20030613,20070219,20080728,20041116,20040414,20161102,20050505
20031226,20070206,20150426,20040330,20050526,20060414,20010702,20091127,20090720,20050427,20030421,20050516,20011225,20041011,20090916,20021014,20090911,20031225,20080522,20050801,20070406,19961104,20051010,20050328,20060525,20160526,20150907,20080522,20090102,20031107,20070301,20080929,20050121,20040415,20161115,20050516
20040101,20070406,20150502,20040401,20051003,20060417,20011001,20091130,20090817,20050502,20030505,20050623,20011226,20041111,20091102,20021111,20090917,20040101,20080709,20051003,20070409,19961223,20051111,20050425,20060605,20160907,20151012,20080709,20090126,20031212,20070501,20081010,20050201,20040503,20170227,20050526
20040409,20070409,20150503,20040409,20051226,20060501,20011002,20100101,20090921,20050616,20030526,20050815,20020101,20041227,20091116,20021128,20090918,20040122,20081120,20051226,20070501,19961231,20051226,20050606,20060801,20161012,20151102,20081120,20090127,20040101,20070524,20090101,20050209,20040505,20170228,20050815
20040412,20070425,20150509,20040414,20060414,20060525,20011025,20100423,20090922,20050809,20030825,20051101,20040101,20041228,20091225,20021225,20090921,20040123,20081225,20051227,20071225,19970101,20051227,20051024,20061225,20161102,20151120,20081225,20090128,20040102,20070606,20090102,20050210,20040603,20170414,20051026
20040430,20070604,20150510,20040426,20060417,20060623,20011225,20100519,20090923,20051216,20031225,20051226,20040126,20050103,20100101,20030101,20090922,20040202,20081231,20060102,20071226,19970102,20060102,20051226,20061226,20161115,20151225,20081231,20090129,20040107,20070717,20090126,20050211,20040701,20170421,20051101
20040520,20071022,20150516,20040504,20060501,20061206,20011226,20100830,20091127,20051226,20031226,20060414,20040308,20050104,20100201,20030120,20090923,20040409,20090101,20060126,20080101,19970103,20060414,20051227,20070101,20161130,20151231,20090101,20090130,20040223,20070815,20090127,20050421,20040802,20170501,20051208
20040531,20071225,20150517,20040630,20060525,20061225,20020101,20100909,20091218,20060102,20040101,20060417,20040409,20050325,20100315,20030217,20090924,20040602,20090223,20060414,20080321,19970115,20060522,20060102,20070102,20161230,20160101,20090223,20090406,20040308,20070924,20090128,20050502,20040812,20170615,20051226
20050325,20071226,20150523,20040820,20060605,20061226,20020212,20100910,20091225,20060301,20040409,20060501,20040412,20050523,20100401,20030526,20090925,20040809,20090224,20060417,20080324,19970211,20060703,20060103,20070406,20170227,20160120,20090224,20090501,20040503,20070925,20090129,20050523,20041025,20170907,20060106
20050328,20080101,20150524,20040930,20060615,20070101,20020213,20101029,20100101,20060321,20040412,20060525,20040614,20050624,20100402,20030704,20091002,20041111,20090410,20060425,20080501,19970320,20060807,20060123,20070409,20170228,20160208,20090410,20090528,20040504,20070926,20090130,20050831,20041206,20171012,20060417
20050505,20080102,20150525,20041013,20061003,20070406,20020214,20101116,20100226,20060414,20040503,20060605,20041102,20050701,20100916,20030901,20091009,20041115,20090421,20060612,20081225,19970429,20060904,20060206,20070501,20170414,20160209,20090421,20090529,20040510,20071003,20090501,20051101,20041210,20171102,20060501
20050516,20080128,20150530,20041022,20061225,20070409,20020329,20101117,20100316,20060417,20040531,20060623,20041227,20050905,20100917,20031013,20091016,20050121,20090501,20060807,20081226,19970505,20061009,20060414,20070517,20170421,20160325,20090501,20091001,20040614,20071219,20090528,20051103,20041231,20171115,20060525
20051226,20080206,20150531,20041112,20061226,20070501,20020401,20101118,20100402,20060427,20040830,20060815,20041228,20051010,20101102,20031111,20091023,20050209,20090611,20061002,20090101,19970721,20061113,20060417,20070528,20170501,20160421,20090611,20091002,20041108,20071225,20090529,20051104,20050103,20171225,20060605
20060414,20080321,20150606,20041115,20070101,20070517,20020405,20101119,20100513,20060501,20041227,20061101,20050103,20051111,20101115,20031127,20091030,20050210,20090709,20061225,20090410,19970915,20061225,20060425,20070801,20170615,20160526,20090709,20091005,20041213,20080101,20090807,20051226,20050223,20180101,20060615
20060417,20080324,20150607,20041126,20070406,20070622,20020501,20110519,20100528,20060616,20041228,20061225,20050126,20051226,20110207,20031225,20091106,20050325,20090907,20061226,20090413,19970923,20061226,20060605,20071225,20170907,20160907,20090907,20091006,20050103,20080206,20100101,20060102,20050406,20180212,20060815
20060525,20080425,20150613,20050121,20070409,20071206,20020520,20110830,20100817,20060809,20050103,20061226,20050314,20051227,20110321,20040101,20091113,20050502,20091012,20070101,20090501,19971010,20070101,20061023,20071226,20171012,20161012,20091012,20091007,20050104,20080207,20100215,20060110,20050413,20180213,20061026
20060605,20080602,20150614,20050126,20070501,20071224,20020701,20110831,20100909,20060925,20050325,20070101,20050325,20060102,20110421,20040119,20091120,20050523,20091102,20070126,20091225,19971103,20070406,20061225,20080101,20171102,20161102,20091102,20091008,20050105,20080208,20100216,20060130,20050414,20180330,20061101
20061225,20081027,20150620,20050309,20070517,20071225,20021001,20110901,20100910,20061225,20050328,20070406,20050328,20060103,20110422,20040216,20091126,20050809,20091120,20070406,20100101,19971124,20070521,20061226,20080102,20171115,20161115,20091120,20100101,20050106,20080409,20100217,20060131,20050415,20180501,20061208
20061226,20081225,20150621,20050325,20070528,20071226,20021014,20111107,20100913,20061226,20050502,20070409,20050425,20060414,20110916,20040531,20091127,20051101,20091225,20070409,20100402,19971223,20070702,20070101,20080321,20171130,20161230,20091225,20100215,20050107,20080501,20100218,20060201,20050502,20180531,20061225
20070101,20081226,20150627,20050401,20070607,20080101,20021225,20111108,20101117,20070101,20050530,20070501,20050613,20060522,20111102,20040705,20091130,20051103,20091231,20070425,20100405,19971231,20070806,20070102,20080324,20171225,20170120,20091231,20100216,20050110,20080505,20100219,20060202,20050505,20180907,20061226
20070406,20090101,20150628,20050414,20071003,20080321,20021226,20111109,20101207,20070321,20050829,20070517,20051101,20060623,20111121,20040906,20091201,20051226,20100101,20070611,20110422,19980101,20070903,20070122,20080501,20171229,20170227,20100101,20100217,20050223,20080512,20100405,20060411,20050523,20181012,20070101
20070409,20090102,20150703,20050418,20071224,20080324,20030101,20120423,20101224,20070406,20051226,20070528,20051226,20060703,20111212,20041011,20091202,20060102,20100125,20070806,20110425,19980102,20071008,20070206,20080512,20180101,20170228,20100125,20100218,20050307,20080606,20100616,20060501,20050701,20181102,20070409
20070430,20090126,20150704,20050422,20071225,20080501,20030131,20120501,20110203,20070409,20051227,20070815,20051227,20060904,20120206,20041111,20091203,20060110,20100215,20070907,20111226,19980115,20071112,20070406,20080801,20180212,20170414,20100215,20100219,20050308,20080815,20100922,20060512,20050722,20181115,20070501
20070517,20090206,20150705,20050523,20071226,20080620,20030203,20120820,20110215,20070427,20060102,20071101,20060102,20061009,20120319,20041125,20091204,20060130,20100216,20071001,20120406,19980211,20071225,20070409,20081225,20180213,20170421,20100216,20100405,20050502,20080915,20110202,20060831,20050812,20181225,20070517
20070528,20090410,20150711,20050701,20071231,20081224,20030418,20120821,20110422,20070501,20060414,20071225,20060126,20061113,20120405,20050117,20091211,20060131,20100402,20071225,20120409,19980429,20071226,20070425,20081226,20180330,20170501,20100402,20100503,20050509,20081003,20110203,20061023,20051024,20190101,20070528
20071225,20090413,20150712,20050727,20080101,20081225,20030421,20120830,20110517,20070809,20060417,20071226,20060313,20061225,20120406,20050221,20091218,20060414,20100421,20071226,20120501,19980504,20080101,20070604,20090101,20180501,20170615,20100421,20100614,20050510,20081225,20110204,20061024,20051205,20190304,20070607
20071226,20090601,20150718,20050728,20080321,20081226,20030501,20121025,20110602,20070924,20060501,20080101,20060414,20061226,20120501,20050530,20091225,20060501,20100603,20080101,20121225,19980505,20080218,20071022,20090102,20180531,20170907,20100603,20100615,20050613,20090101,20110207,20061025,20051212,20190305,20070815
20080101,20091026,20150719,20050815,20080324,20090101,20030508,20121026,20110629,20071217,20060529,20080321,20060417,20070101,20121102,20050704,20100101,20060512,20100709,20080128,20121226,19980720,20080321,20071225,20090410,20180907,20171012,20100709,20100616,20051104,20090126,20110228,20061225,20060102,20190419,20071026
20080321,20091225,20150725,20050822,20080501,20090106,20030604,20121029,20110817,20071225,20060828,20080324,20060425,20070102,20121119,20050905,20100108,20060809,20100907,20080321,20130101,19980915,20080519,20071226,20090413,20181012,20171102,20100907,20100922,20060102,20090127,20110404,20070101,20060213,20190501,20071101
20080324,20091228,20150726,20050907,20080512,20090410,20030701,20130101,20110829,20071226,20061225,20080501,20060612,20070406,20121212,20051010,20100115,20061024,20101012,20080324,20130329,19980923,20080701,20080101,20090501,20181102,20171115,20101012,20100923,20060103,20090501,20110405,20070102,20060406,20190620,20071224
20080430,20100101,20150801,20050930,20080522,20090413,20030912,20130423,20110830,20080101,20061226,20080512,20061107,20070521,20121225,20051111,20100122,20061225,20101102,20080425,20130401,19981103,20080804,20080102,20090521,20181115,20171120,20101102,20100924,20060104,20090505,20110502,20070201,20060413,20191115,20071225
20080501,20100104,20150802,20051012,20081003,20090501,20031001,20130501,20110831,20080321,20070101,20080623,20061225,20070625,20130101,20051124,20100129,20070101,20101115,20080609,20130501,19981123,20080901,20080121,20090601,20181130,20171225,20101115,20101001,20060105,20091002,20110606,20070219,20060414,20191225,20071226
20080512,20100201,20150808,20051101,20081224,20090521,20031225,20130808,20110901,20080324,20070406,20080815,20061226,20070702,20130204,20051226,20100205,20070102,20101231,20080804,20131225,19981223,20081013,20080206,20091225,20181225,20171229,20101231,20101004,20060106,20091225,20110912,20070220,20060419,20200101,20080101
20081225,20100402,20150809,20051103,20081225,20090619,20031226,20130809,20110902,20080428,20070409,20081225,20070101,20070903,20130318,20060102,20100212,20070219,20110125,20081006,20131226,19981231,20081111,20080321,20100101,20181231,20180101,20110125,20101005,20060109,20100101,20111010,20070426,20060501,20200224,20080324
20081226,20100405,20150815,20051104,20081226,20091224,20040101,20130830,20111226,20080501,20070507,20081226,20070126,20071008,20130328,20060116,20100219,20070220,20110307,20081225,20140101,19990101,20081225,20080324,20100402,20190101,20180212,20110307,20101006,20060223,20100215,20120123,20070501,20060505,20200225,20080501
20090101,20100607,20150816,20051115,20081231,20091225,20040122,20131015,20120123,20080502,20070528,20090101,20070312,20071112,20130329,20060220,20100226,20070406,20110308,20081226,20140418,19990115,20081226,20080425,20100405,20190304,20180213,20110308,20101007,20060224,20100301,20120124,20070502,20060512,20200410,20080512
20090410,20101025,20150822,20060111,20090101,20100101,20040123,20131016,20120323,20080616,20070827,20090410,20070406,20071225,20130501,20060529,20100305,20070501,20110421,20090101,20140421,19990211,20090101,20080602,20100513,20190305,20180330,20110421,20110103,20060308,20100505,20120125,20070831,20060612,20200421,20080522
20090413,20101227,20150823,20060126,20090410,20100106,20040405,20131017,20120406,20080924,20071225,20090413,20070409,20071226,20130916,20060704,20100312,20070531,20110422,20090126,20140501,19990322,20090216,20081027,20100524,20190419,20180423,20110422,20110202,20060501,20100521,20120126,20071015,20060613,20200501,20080815
20090430,20101228,20150829,20060209,20090413,20100402,20040409,20131018,20120517,20081216,20071226,20090501,20070425,20080101,20131118,20060904,20100319,20070809,20110623,20090410,20141225,19990429,20090410,20081225,20110422,20190501,20180501,20110623,20110203,20060508,20100602,20120127,20071108,20060711,20200611,20081208
20090521,20110103,20150830,20060315,20090501,20100405,20040412,20131029,20120518,20081225,20080101,20090521,20070611,20080102,20131212,20061009,20100326,20071108,20110907,20090413,20141226,19990503,20090518,20081226,20110425,20190620,20180531,20110907,20110204,20060509,20100921,20120227,20071220,20060814,20200907,20081224
20090601,20110104,20150905,20060330,20090521,20100513,20040526,20140101,20120817,20081226,20080321,20090601,20071106,20080321,20131225,20061123,20100402,20071220,20111012,20090608,20150101,19990504,20090701,20090101,20110602,20191115,20180907,20111012,20110207,20060612,20100922,20120228,20071225,20060920,20201012,20081225
20091225,20110131,20150906,20060406,20090601,20100625,20040622,20140423,20120820,20090101,20080324,20090623,20071225,20080519,20140101,20061225,20100409,20071225,20111102,20090803,20150403,19990505,20090803,20090102,20110613,20191225,20181012,20111102,20110208,20061106,20100923,20120404,20080101,20061023,20201102,20081226
20100101,20110422,20150907,20060411,20090611,20101206,20040701,20140501,20120821,20090410,20080505,20091225,20071226,20080624,20140203,20070101,20100416,20080101,20111115,20091005,20150406,19990720,20090907,20090119,20110801,20191231,20181102,20111115,20110404,20070101,20110202,20120501,20080110,20061205,20201225,20090101
20100402,20110425,20150912,20060414,20091224,20101224,20040929,20140519,20120822,20090413,20080526,20100101,20080101,20080701,20140317,20070115,20100423,20080207,20111230,20091225,20150501,19990915,20091012,20090206,20111226,20200101,20181115,20111230,20110405,20070102,20110203,20120802,20080123,20061211,20210101,20090106
20100405,20110606,20150913,20060501,20091225,20110106,20041001,20140728,20121026,20090422,20080825,20100402,20080128,20080901,20140417,20070219,20100430,20080208,20120125,20091228,20151225,19990923,20091111,20090410,20120102,20200224,20181120,20120125,20110502,20070103,20110204,20121010,20080201,20070101,20210215,20090413
20100430,20111024,20150919,20060815,20091231,20110422,20041022,20140729,20121115,20090427,20081225,20100405,20080310,20081013,20140418,20070528,20100507,20080321,20120220,20100101,20160101,19991011,20091225,20090413,20120406,20200225,20181225,20120220,20110606,20070104,20110301,20121231,20080207,20070102,20210216,20090501
20100505,20111226,20150920,20061002,20100101,20110425,20041227,20140730,20121116,20090501,20081226,20100513,20080321,20081111,20140501,20070704,20100514,20080501,20120221,20100126,20160325,19991103,20091228,20090601,20120409,20200410,20181231,20120221,20110912,20070105,20110505,20130101,20080208,20070305,20210402,20090521
20100513,20111227,20150926,20061023,20100402,20110602,20050209,20141006,20121224,20090616,20090101,20100524,20080324,20081225,20140916,20070903,20100521,20080519,20120406,20100402,20160328,19991123,20100101,20091026,20120501,20200421,20190101,20120406,20111003,20070108,20110510,20130211,20080320,20070406,20210421,20090601
20100524,20120102,20150927,20061024,20100405,20110624,20050210,20141007,20121225,20090810,20090410,20100623,20080425,20081226,20141117,20071008,20100528,20081001,20120501,20100405,20161226,19991223,20100215,20091225,20120517,20200501,20190304,20120501,20111004,20070223,20110606,20130212,20080501,20070413,20210603,20090611
20110422,20120103,20151003,20061025,20100513,20111206,20050211,20141029,20121231,20090924,20090413,20101101,20080609,20090101,20141212,20071112,20100604,20081027,20120607,20100426,20170414,19991231,20100402,20091228,20120528,20200611,20190305,20120607,20111005,20070308,20110815,20130213,20080519,20070416,20210907,20091026
20110425,20120130,20151004,20061225,20100524,20111226,20050325,20150101,20130101,20091216,20090504,20110422,20081104,20090102,20141225,20071122,20100611,20081208,20120709,20100614,20170417,20000103,20100524,20100101,20120801,20200907,20190419,20120709,20111006,20070430,20110912,20130214,20080901,20070501,20211012,20091208
20110602,20120206,20151010,20070101,20100603,20120106,20050328,20150423,20130124,20091225,20090525,20110425,20081225,20090410,20150101,20071225,20100618,20081225,20120907,20100802,20170501,20000110,20100701,20100104,20121225,20201012,20190423,20120907,20111007,20070501,20110913,20130215,20081001,20070507,20211102,20091224
20110613,20120406,20151011,20070126,20101224,20120406,20050405,20150501,20130312,20100101,20090831,20110602,20081226,20090518,20150202,20080101,20100625,20090101,20121012,20101004,20171225,20000211,20100802,20100125,20121226,20201102,20190501,20121012,20120102,20070509,20111003,20130228,20081002,20070531,20211115,20091225
20111226,20120409,20151012,20070130,20101231,20120409,20050502,20150519,20130329,20100322,20091225,20110613,20090101,20090624,20150316,20080121,20100702,20090126,20121102,20101227,20171226,20000320,20100906,20100402,20130101,20201130,20190620,20121102,20120103,20070611,20120123,20130404,20081027,20070730,20220228,20100101
20120406,20120425,20151017,20070216,20110422,20120501,20050516,20150717,20130509,20100402,20091228,20110623,20090126,20090701,20150402,20080218,20100709,20090127,20121115,20101228,20180101,20000503,20101011,20100405,20130102,20201225,20191115,20121115,20120123,20070612,20120124,20130405,20081208,20070813,20220301,20100106
20120409,20120604,20151018,20070319,20110425,20120517,20050701,20150924,20130606,20100405,20100101,20110815,20090309,20090907,20150403,20080526,20100716,20090410,20121120,20110103,20180330,20000504,20101111,20100607,20130329,20201231,20191120,20121120,20120124,20071105,20120301,20130501,20081225,20071023,20220415,20100405
20120430,20121022,20151024,20070327,20110602,20120622,20050919,20150925,20130807,20100427,20100402,20111101,20090410,20091012,20150501,20080704,20100723,20090501,20121225,20110126,20180402,20000505,20101227,20101025,20130401,20210101,20191225,20121225,20120125,20071231,20120411,20130612,20081229,20071205,20220421,20100513
20120517,20121225,20151025,20070402,20110613,20121206,20051011,20151029,20130808,20100616,20100405,20111226,20090413,20091111,20150916,20080901,20100730,20090810,20121231,20110422,20180501,20000720,20101228,20101227,20130501,20210215,20191231,20121231,20120126,20080101,20120501,20130821,20090101,20071210,20220616,20100524
20120528,20121226,20151031,20070406,20110623,20121224,20051226,20160101,20130809,20100809,20100503,20120406,20090608,20091225,20151102,20081013,20100806,20090921,20130101,20110425,20181225,20000915,20110103,20101228,20130509,20210216,20200101,20130101,20120127,20080102,20120528,20130919,20090126,20071224,20220907,20100603
20121225,20130101,20151101,20070501,20111003,20121225,20051227,20160519,20131014,20100924,20100531,20120409,20091103,20091228,20151116,20081111,20100813,20091127,20130125,20110426,20181226,20001009,20110221,20110103,20130520,20210402,20200120,20130125,20120402,20080103,20120606,20130920,20090127,20071231,20221012,20101026
20121226,20130102,20151107,20070502,20111226,20121226,20060102,20160705,20131015,20101216,20100830,20120501,20091225,20100101,20151225,20081127,20100820,20091225,20130211,20110613,20190101,20001103,20110422,20110104,20130801,20210421,20200224,20130211,20120403,20080104,20120815,20131010,20090202,20080101,20221102,20101101
20130101,20130128,20151108,20070702,20120406,20130101,20060130,20160706,20131105,20101227,20101227,20120517,20091228,20100104,20160101,20081225,20100827,20100101,20130212,20110801,20190419,20001123,20110523,20110124,20131225,20210603,20200225,20130212,20120404,20080107,20121001,20140101,20090209,20080221,20221115,20101208
20130329,20130206,20151111,20070815,20120409,20130329,20060131,20160707,20131225,20110321,20101228,20120528,20100101,20100402,20160201,20090101,20100903,20100215,20130329,20111003,20190422,20010101,20110701,20110422,20131226,20210907,20200410,20130329,20120430,20080108,20121003,20140130,20090309,20080407,20230220,20101224
20130401,20130329,20151114,20070820,20120501,20130401,20060405,20160830,20131226,20110422,20110103,20120815,20100126,20100524,20160321,20090119,20100907,20100216,20130501,20111226,20190501,20010102,20110801,20110425,20140101,20211012,20200421,20130501,20120501,20080225,20121219,20140131,20090501,20080414,20230221,20110106
20130430,20130401,20151115,20071002,20120517,20130501,20060414,20160912,20140101,20110425,20110422,20121101,20100308,20100624,20160324,20090216,20100908,20100402,20130530,20111227,20191225,20010103,20110905,20110606,20140102,20211102,20200423,20130530,20120622,20080310,20121225,20140203,20090831,20080415,20230407,20110425
20130509,20130425,20151121,20071109,20120528,20130509,20060417,20160913,20140114,20110427,20110425,20121225,20100402,20100701,20160325,20090525,20100909,20100528,20130709,20120102,20191226,20010108,20111010,20111024,20140418,20211115,20200501,20130709,20121001,20080501,20130101,20140204,20090921,20080501,20230421,20110602
20130520,20130603,20151122,20071221,20120607,20130621,20060501,20160914,20140131,20110502,20110429,20121226,20100405,20100906,20160916,20090907,20100910,20100809,20131115,20120126,20200101,20010212,20111111,20111226,20140421,20211130,20200611,20131115,20121002,20080502,20130211,20140228,20090922,20080505,20230501,20110613
20131225,20131028,20151126,20071225,20121003,20131206,20060505,20160915,20140331,20110518,20110502,20130101,20100426,20101011,20161102,20091012,20100913,20100910,20131120,20120406,20200410,20010320,20111226,20111227,20140501,20211231,20200907,20131120,20121003,20080509,20130301,20140404,20091127,20080519,20230608,20110623
20131226,20131225,20151128,20080306,20121224,20131224,20060531,20170501,20140409,20110616,20110530,20130329,20100614,20101111,20161121,20091111,20100917,20101105,20131225,20120409,20200413,20010430,20111227,20120102,20140529,20220228,20201012,20131225,20121004,20080612,20130501,20140501,20091218,20080701,20230907,20110815
20140101,20131226,20151129,20080320,20121225,20131225,20061002,20170519,20140418,20110809,20110829,20130401,20101102,20101227,20161212,20091126,20100922,20101117,20131231,20120425,20200501,20010503,20120102,20120103,20140609,20220301,20201102,20131231,20121005,20080613,20130517,20140602,20091225,20080717,20231012,20111026
20140418,20140101,20151205,20080321,20121226,20131226,20061030,20170626,20140501,20111216,20111226,20130501,20101227,20101228,20170206,20091225,20100924,20110203,20140101,20120611,20201225,20010504,20120220,20120123,20140801,20220415,20201120,20140101,20130101,20081103,20130606,20140723,20100101,20080812,20231102,20111101
20140421,20140102,20151206,20080401,20121231,20140101,20061225,20170627,20140515,20111226,20111227,20130509,20101228,20110103,20170320,20100101,20101001,20110204,20140303,20120806,20210101,20010720,20120406,20120206,20141225,20220421,20201225,20140303,20130102,20081104,20130815,20140908,20100201,20081023,20231115,20111208
20140529,20140127,20151212,20080414,20130101,20140106,20061226,20170830,20140527,20111227,20120102,20130520,20110103,20110104,20170413,20100118,20101008,20110422,20140304,20121001,20210402,20010924,20120521,20120406,20141226,20220616,20201231,20140304,20130103,20090101,20130918,20141010,20100215,20081205,20231225,20111226
20140609,20140206,20151213,20080418,20130329,20140418,20070101,20170901,20140529,20120102,20120406,20130815,20110126,20110422,20170414,20100215,20101015,20110502,20140418,20121225,20210405,20011008,20120702,20120409,20150101,20220907,20210101,20140418,20130211,20090102,20130919,20150101,20100216,20081210,20240101,20120106
20141225,20140418,20151219,20080501,20130401,20140421,20070219,20170904,20140709,20120321,20120409,20131101,20110314,20110523,20170501,20100531,20101022,20110517,20140421,20121226,20220415,20011123,20120806,20120425,20150102,20221012,20210120,20140421,20130212,20090105,20130920,20150102,20100226,20081231,20240212,20120409
20141226,20140421,20151220,20080519,20130501,20140501,20070220,20180101,20140728,20120406,20120507,20131225,20110422,20110624,20171102,20100705,20101029,20110809,20140501,20130101,20220418,20011224,20120903,20120604,20150403,20221102,20210215,20140501,20130213,20090106,20131003,20150218,20100528,20090101,20240213,20120501
20150101,20140425,20151225,20080701,20130509,20140529,20070405,20180423,20140729,20120409,20120604,20131226,20110425,20110701,20171120,20100906,20101105,20110830,20140612,20130128,20221226,20011231,20121008,20121022,20150406,20221115,20210216,20140612,20130214,20090107,20131009,20150219,20100831,20090102,20240329,20120517
20150403,20140602,20151226,20080815,20130520,20140620,20070406,20180501,20140730,20120427,20120605,20140101,20110426,20110905,20171212,20101011,20101112,20111026,20140619,20130329,20230407,20020101,20121112,20121225,20150501,20221130,20210402,20140619,20130215,20090108,20131225,20150220,20100910,20090209,20240501,20120528
20150406,20141027,20151227,20080819,20130530,20141224,20070409,20180615,20140731,20120501,20120827,20140418,20110613,20111010,20171225,20101111,20101115,20111107,20140709,20130401,20230410,20020102,20121225,20121226,20150514,20221230,20210421,20140709,20130404,20090109,20140101,20150223,20100916,20090406,20240530,20120607
20150427,20141225,20160101,20080903,20131003,20141225,20070501,20180821,20141225,20120809,20121225,20140421,20111101,20111111,20180101,20101125,20101116,20111226,20141120,20130425,20230501,20020103,20121226,20130101,20150525,20230220,20210423,20141120,20130405,20090223,20140130,20150227,20101105,20090413,20241115,20120815
20150505,20141226,20160102,20080930,20131224,20141226,20070524,20180822,20141226,20120924,20121226,20140501,20111226,20111226,20180205,20110117,20101117,20120102,20141225,20130610,20231225,20020114,20130101,20130102,20151225,20230221,20210603,20141225,20130429,20090309,20140131,20150403,20101117,20090414,20241225,20121026
20150514,20150101,20160103,20081002,20131225,20150101,20070619,20180823,20150101,20121217,20130101,20140529,20111227,20111227,20180319,20110221,20101118,20120123,20141231,20130805,20231226,20020211,20130218,20130121,20160101,20230407,20210907,20141231,20130430,20090501,20140501,20150406,20101207,20090415,20250101,20121101
20150525,20150102,20160109,20081009,20131226,20150106,20070702,20180824,20150219,20121225,20130329,20140609,20120102,20120102,20180329,20110530,20101119,20120124,20150101,20131007,20240101,20020321,20130329,20130206,20160325,20230421,20211012,20150101,20130501,20090511,20140505,20150501,20101231,20090501,20250303,20121224
20151225,20150126,20160110,20081028,20131231,20150403,20070926,20180830,20150403,20121226,20130401,20140623,20120126,20120103,20180330,20110704,20101126,20120406,20150216,20131225,20240329,20020429,20130520,20130329,20160328,20230501,20211102,20150216,20130610,20090612,20140506,20150619,20110120,20090505,20250304,20121225
20160101,20150206,20160116,20081030,20140101,20150406,20071001,20181029,20150501,20130101,20130506,20140815,20120312,20120406,20180501,20110905,20101203,20120501,20150217,20131226,20240401,20020503,20130701,20130401,20160505,20230608,20211115,20150217,20130611,20091104,20140604,20150928,20110201,20090508,20250418,20121226
20160325,20150403,20160117,20081113,20140418,20150501,20071019,20190101,20150514,20130321,20130527,20141225,20120406,20120521,20181102,20111010,20101210,20120809,20150403,20140101,20240501,20020506,20130805,20130425,20160516,20230907,20211231,20150403,20130612,20100101,20140606,20151009,20110203,20090701,20250421,20130101
20160328,20150406,20160118,20081209,20140421,20150514,20071225,20190423,20150602,20130329,20130826,20141226,20120409,20120625,20181119,20111111,20101217,20120820,20150421,20140127,20241225,20020916,20130902,20130603,20160801,20231012,20220120,20150421,20130919,20100104,20140815,20160101,20110204,20090706,20250501,20130401
20160427,20150427,20160123,20081225,20140501,20150619,20071226,20190501,20150716,20130401,20131225,20150101,20120425,20120702,20181212,20111124,20101224,20121026,20150501,20140418,20241226,20020923,20131014,20131028,20161226,20231102,20220228,20150501,20130920,20100105,20140908,20160205,20110215,20090707,20250619,20130501
20160505,20150601,20160124,20090108,20140529,20151224,20080101,20190605,20150717,20130501,20131226,20150403,20120611,20120903,20181225,20111226,20101231,20121113,20150604,20140421,20250101,20021014,20131111,20131225,20170102,20231115,20220301,20150604,20131001,20100106,20140909,20160208,20110502,20090812,20251225,20130509
20160516,20151026,20160130,20090126,20140609,20151225,20080207,20190606,20150720,20130617,20140101,20150406,20121106,20121008,20190101,20120102,20110107,20121225,20150709,20140425,20250418,20021104,20131225,20131226,20170414,20231130,20220415,20150709,20131002,20100107,20140910,20160209,20110517,20091023,20260101,20130520
20161226,20151225,20160131,20090220,20140619,20160101,20080208,20190607,20150817,20130809,20140418,20150501,20121225,20121112,20190204,20120116,20110114,20130101,20150907,20140609,20250421,20021223,20131226,20140101,20170417,20231225,20220421,20150907,20131003,20100108,20141003,20160210,20110830,20091207,20260216,20130530
20170414,20151228,20160206,20090223,20141003,20160106,20080321,20190812,20150924,20130924,20140421,20150514,20121226,20121225,20190318,20120220,20110121,20130211,20151012,20140804,20250501,20021231,20140101,20140102,20170501,20231229,20220616,20151012,20131004,20100222,20141009,20160229,20110831,20091210,20260217,20130815
20170417,20160101,20160207,20090310,20141224,20160325,20080324,20190813,20151014,20131216,20140505,20150525,20130101,20121226,20190418,20120528,20110128,20130212,20151102,20141006,20251225,20030101,20140217,20140120,20170525,20240101,20220907,20151102,20131007,20100223,20141225,20160401,20110901,20091231,20260403,20131101
20170427,20160104,20160213,20090311,20141225,20160328,20080404,20190814,20151224,20131225,20140526,20150623,20130128,20130101,20190419,20120704,20110204,20130329,20151120,20141225,20251226,20030102,20140418,20140206,20170605,20240212,20221012,20151120,20140101,20100308,20150101,20160404,20110916,20100101,20260421,20131224
20170525,20160201,20160214,20090327,20141226,20160505,20080501,20190830,20151225,20131226,20140825,20151225,20130311,20130102,20190501,20120903,20110211,20130501,20151225,20141226,20260101,20030103,20140519,20140418,20170801,20240213,20221102,20151225,20140131,20100503,20150218,20160502,20111026,20100301,20260501,20131225
20170605,20160208,20160215,20090401,20141231,20160624,20080512,20191029,20160101,20140101,20141225,20160101,20130329,20130329,20190916,20121008,20110218,20130524,20151231,20150101,20260403,20030113,20140701,20140421,20171225,20240329,20221115,20151231,20140203,20100510,20150219,20160609,20111107,20100406,20260604,20131226
20171225,20160325,20160220,20090403,20150101,20161206,20080609,20200101,20160208,20140321,20141226,20160325,20130401,20130520,20191118,20121112,20110225,20130808,20160101,20150126,20260406,20030211,20140804,20140425,20171226,20240501,20221230,20160101,20140204,20100614,20150220,20160610,20111128,20100413,20260907,20140101
20171226,20160328,20160221,20090407,20150403,20161226,20080701,20200423,20160309,20140418,20150101,20160328,20130425,20130624,20191212,20121122,20110304,20130809,20160125,20150403,20260501,20030321,20140901,20140602,20180101,20240530,20230120,20160125,20140205,20101104,20150501,20160915,20111226,20100414,20261012,20140106
20180101,20160425,20160227,20090410,20150406,20170106,20080822,20200501,20160325,20140421,20150403,20160505,20130610,20130701,20191225,20121225,20110311,20131015,20160208,20150406,20261225,20030429,20141013,20141027,20180102,20241115,20230220,20160208,20140206,20101105,20150505,20160916,20120102,20100415,20261102,20140421
20180330,20160606,20160228,20090414,20150501,20170414,20080915,20200519,20160505,20140428,20150406,20160516,20131105,20130902,20200101,20130101,20110318,20131225,20160209,20150608,20270101,20030505,20141111,20141225,20180330,20241225,20230221,20160209,20140407,20110103,20150525,20161010,20120123,20100503,20261225,20140501
20180402,20161024,20160305,20090501,20150514,20170417,20081001,20200525,20160705,20140501,20150504,20160623,20131225,20131014,20200203,20130121,20110325,20140101,20160325,20150803,20270326,20030721,20141225,20141226,20180402,20241231,20230407,20160325,20140501,20110104,20150928,20170102,20120124,20100505,20270101,20140529
20180427,20161226,20160306,20090819,20150525,20170501,20081007,20200526,20160706,20140507,20150525,20160815,20131226,20131111,20200316,20130218,20110401,20140131,20160421,20151005,20270329,20030915,20141226,20150101,20180501,20250101,20230421,20160421,20140502,20110105,20150929,20170127,20120201,20100520,20270208,20140609
20180510,20161227,20160312,20090921,20150604,20170525,20081225,20200731,20160707,20140616,20150831,20161101,20140101,20131225,20200409,20130527,20110408,20140418,20160526,20151225,20280414,20030923,20150101,20150102,20180510,20250303,20230501,20160526,20140602,20110106,20151009,20170130,20120206,20100521,20270209,20140619
20180521,20170102,20160313,20090928,20151224,20170623,20081226,20200803,20160708,20140924,20151225,20161226,20140127,20131226,20200410,20130704,20110415,20140501,20160907,20151228,20280417,20031013,20150216,20150119,20180521,20250304,20230608,20160907,20140908,20110107,20151225,20170131,20120207,20100528,20270326,20140815
20181225,20170103,20160319,20090930,20151225,20171206,20090101,20201029,20160817,20141216,20151228,20170414,20140310,20140101,20200501,20130902,20110422,20140513,20161012,20160101,20280501,20031103,20150403,20150206,20180801,20250418,20230907,20161012,20141001,20110110,20160101,20170201,20120411,20100701,20270421,20141208
20181226,20170130,20160320,20091002,20151231,20171225,20090126,20210101,20160912,20141225,20160101,20170417,20140418,20140102,20200916,20131014,20110429,20140728,20161102,20160126,20281225,20031124,20150518,20150403,20181225,20250421,20231012,20161102,20141002,20110223,20160208,20170227,20120501,20100726,20270527,20141224
20190101,20170206,20160325,20091013,20160101,20171226,20090127,20210423,20161212,20141226,20160325,20170501,20140421,20140418,20201102,20131111,20110506,20141006,20161115,20160325,20281226,20031223,20150701,20150406,20181226,20250501,20231102,20161115,20141003,20110307,20160209,20170228,20120820,20100812,20270907,20141225
20190419,20170414,20160326,20091019,20160325,20180101,20090128,20210513,20170328,20150101,20160328,20170525,20140425,20140519,20201116,20131128,20110513,20141022,20161230,20160328,20290101,20031231,20150803,20150427,20190101,20250619,20231115,20161230,20141006,20110308,20160210,20170403,20120821,20100813,20271012,20141226
20190422,20170417,20160327,20091102,20160328,20180330,20090410,20210514,20170414,20150403,20160502,20170605,20140609,20140624,20201225,20131225,20110520,20141225,20170125,20160425,20290330,20040101,20150907,20150601,20190102,20251225,20231120,20170125,20141007,20110502,20160301,20170404,20120831,20101025,20271102,20150101
20190530,20170425,20160402,20091225,20160505,20180402,20090413,20210519,20170424,20150406,20160530,20170623,20141104,20140701,20210101,20140101,20110527,20150101,20170227,20160613,20290402,20040102,20151012,20151026,20190419,20251231,20231225,20170227,20150101,20110509,20160413,20170501,20120917,20101206,20271115,20150106
20190610,20170605,20160403,20091228,20160516,20180501,20090501,20210720,20170501,20150427,20160829,20170815,20141225,20140901,20210201,20140120,20110603,20150219,20170228,20160801,20290501,20040112,20151111,20151225,20190422,20260101,20231229,20170228,20150102,20110613,20160505,20170529,20121026,20101210,20280228,20150406
20191225,20171023,20160409,20100126,20160526,20180510,20090528,20210721,20170511,20150501,20161226,20171101,20141226,20141013,20210315,20140217,20110610,20150220,20170414,20161003,20291225,20040211,20151225,20151228,20190501,20260216,20240101,20170414,20150218,20111104,20160606,20170530,20121113,20101231,20280229,20150501
20191226,20171225,20160410,20100212,20161003,20180622,20090701,20210722,20170525,20150616,20161227,20171225,20150101,20141111,20210401,20140526,20110617,20150403,20170421,20161226,20291226,20040429,20151228,20160101,20190530,20260217,20240212,20170421,20150219,20120102,20160815,20171004,20121115,20110103,20280414,20150514
20200101,20171226,20160416,20100301,20161226,20181206,20091001,20210723,20170626,20150810,20170102,20171226,20150126,20141225,20210402,20140704,20110624,20150501,20170501,20161227,20300101,20040503,20160101,20160104,20190610,20260403,20240213,20170501,20150220,20120223,20160914,20171009,20121225,20110218,20280421,20150525
20200410,20180101,20160417,20100316,20170414,20181224,20091026,20210830,20170627,20150924,20170414,20180101,20150309,20141226,20210916,20140901,20110701,20150601,20170615,20170102,20300419,20040504,20160215,20160125,20190801,20260421,20240329,20170615,20150223,20120308,20160915,20171010,20130101,20110406,20280501,20150604
20200413,20180102,20160423,20100324,20170417,20181225,20091225,20211029,20170628,20151216,20170417,20180330,20150403,20150101,20211102,20141013,20110708,20150717,20170907,20170126,20300422,20040505,20160325,20160208,20191225,20260501,20240423,20170907,20150224,20120309,20160916,20180101,20130124,20110413,20280615,20151026
20200427,20180129,20160424,20100401,20170501,20181226,20100101,20220502,20170817,20151225,20170501,20180402,20150406,20150102,20211115,20141111,20110715,20150810,20171012,20170414,20300501,20040719,20160523,20160325,20191226,20260604,20240501,20171012,20150406,20120430,20161003,20180215,20130128,20110414,20280907,20151208
20200505,20180206,20160430,20100402,20170525,20190101,20100215,20220503,20170901,20160101,20170529,20180501,20150608,20150403,20220207,20141127,20110722,20150924,20171102,20170417,20301225,20040920,20160701,20160328,20200101,20260907,20240530,20171102,20150501,20120501,20170127,20180216,20130201,20110415,20281012,20151224
20200521,20180330,20160501,20100414,20170605,20190419,20100216,20220504,20170921,20160321,20170828,20180510,20151103,20150518,20220321,20141225,20110729,20151110,20171115,20170425,20301226,20040923,20160801,20160425,20200102,20261012,20241115,20171115,20150622,20120507,20170130,20180219,20130211,20110502,20281102,20151225
20200601,20180402,20160507,20100527,20170615,20190422,20100402,20220519,20171201,20160325,20171225,20180521,20151225,20150624,20220414,20150101,20110805,20151225,20171120,20170612,20310101,20041011,20160905,20160606,20200410,20261102,20241120,20171120,20151001,20120508,20170301,20180220,20130212,20110505,20281115,20160101
20201225,20180425,20160508,20100819,20171003,20190501,20100405,20220711,20171225,20160328,20171226,20180815,20151228,20150701,20220415,20150119,20110812,20160101,20171225,20170807,20310411,20041103,20161010,20161024,20200413,20261130,20241225,20171225,20151002,20120509,20170501,20180228,20130501,20110516,20281225,20160106
20210101,20180604,20160514,20100910,20171225,20190530,20100406,20220712,20180101,20160427,20180101,20181101,20160101,20150907,20220916,20150216,20110819,20160208,20171229,20171002,20310414,20041123,20161111,20161226,20200501,20261225,20241231,20171229,20151005,20120611,20170503,20180404,20130524,20110517,20290101,20160328
20210402,20181022,20160515,20100930,20171226,20190621,20100521,20220830,20180216,20160502,20180330,20181225,20160126,20151012,20221102,20150525,20110826,20160209,20180101,20171225,20310501,20041223,20161226,20161227,20200521,20261231,20250101,20180101,20151006,20120612,20170505,20180405,20130808,20110701,20290212,20160505
20210405,20181225,20160521,20101105,20180101,20191206,20100616,20230421,20180330,20160616,20180402,20181226,20160314,20151111,20221121,20150907,20110829,20160325,20180125,20171226,20311225,20041231,20161227,20170102,20200601,20270101,20250120,20180125,20151007,20121105,20170606,20180430,20130809,20110715,20290213,20160516
20210427,20181226,20160522,20101117,20180330,20191224,20100701,20230501,20180501,20160809,20180507,20190101,20160325,20151225,20221212,20151012,20110830,20160502,20180212,20180101,20311226,20050103,20170102,20170103,20201225,20270208,20250303,20180212,20160101,20121231,20170815,20180501,20130916,20110812,20290330,20160526
20210513,20190101,20160528,20101217,20180402,20191225,20100923,20230519,20180510,20161216,20180528,20190419,20160328,20151228,20230206,20151111,20110831,20160706,20180213,20180126,20320101,20050110,20170220,20170123,20210101,20270209,20250304,20180213,20160208,20130101,20171003,20180618,20131015,20111024,20290501,20160815
20210524,20190102,20160529,20110126,20180501,20191226,20101001,20230628,20180529,20161226,20180827,20190422,20160425,20160101,20230320,20151126,20110902,20160809,20180330,20180330,20320326,20050211,20170414,20170206,20210402,20270326,20250418,20180330,20160209,20130102,20171004,20180924,20131105,20111205,20290531,20161026
20220415,20190128,20160530,20110216,20180510,20200101,20101227,20230629,20180614,20170102,20181225,20190501,20160613,20160104,20230406,20151225,20110909,20160912,20180501,20180402,20320329,20050321,20170522,20170414,20210405,20270421,20250421,20180501,20160210,20130103,20171005,20181010,20131225,20111212,20290907,20161101
20220418,20190206,20160604,20110302,20180521,20200106,20110203,20230630,20180615,20170321,20181226,20190530,20161101,20160325,20230407,20160101,20110916,20161226,20180531,20180425,20330415,20050429,20170703,20170417,20210513,20270527,20250423,20180531,20160211,20130104,20171006,20181231,20140101,20120102,20291012,20161208
20220427,20190419,20160605,20110401,20180531,20200410,20110204,20230830,20180618,20170414,20190101,20190610,20161226,20160523,20230501,20160118,20110923,20170102,20180709,20180611,20330418,20050503,20170807,20170425,20210524,20270907,20250501,20180709,20160212,20130107,20171009,20190101,20140114,20120103,20291102,20161226
20220526,20190422,20160611,20110404,20181003,20200413,20110405,20240101,20180817,20170417,20190419,20190815,20161227,20160624,20231102,20160215,20110930,20170130,20180907,20180806,20331226,20050504,20170904,20170605,20220415,20271012,20250619,20180907,20160404,20130108,20171220,20190204,20140117,20120307,20291115,20170106
20220606,20190425,20160612,20110412,20181224,20200501,20110422,20240410,20180822,20170427,20190422,20191101,20170102,20160701,20231120,20160530,20111007,20170414,20181012,20181001,20340407,20050505,20171009,20171023,20220418,20271102,20251120,20181012,20160502,20130308,20171225,20190205,20140131,20120406,20291225,20170417
20221226,20190603,20160618,20110414,20181225,20200521,20110425,20240411,20180911,20170501,20190506,20191225,20170126,20160905,20231212,20160704,20111014,20170501,20181102,20181225,20340410,20050718,20171113,20171225,20220526,20271115,20251225,20181102,20160609,20130501,20180101,20190206,20140203,20120409,20300101,20170501
20230407,20191028,20160619,20110422,20181226,20200619,20110502,20240412,20181120,20170616,20190527,20191226,20170313,20161010,20231225,20160905,20111021,20170510,20181115,20181226,20340501,20050919,20171225,20171226,20220606,20271130,20251231,20181115,20160610,20130502,20180215,20190207,20140501,20120413,20300304,20170525
20230410,20191225,20160625,20110517,20181231,20201224,20110510,20240423,20181224,20170809,20190826,20200101,20170414,20161111,20240101,20161010,20111028,20170626,20181120,20190101,20341225,20050923,20171226,20180101,20220801,20271231,20260101,20181120,20160915,20130503,20180216,20190208,20140513,20120416,20300305,20170605
20230427,20191226,20160626,20110815,20190101,20201225,20110606,20240501,20181225,20170925,20191225,20200410,20170417,20161226,20240205,20161111,20111104,20170809,20181225,20190128,20341226,20051010,20180101,20180102,20221226,20280228,20260120,20181225,20160916,20130509,20180301,20190228,20140715,20120501,20300419,20170615
20230518,20200101,20160702,20110819,20190419,20210101,20110701,20240617,20190101,20171225,20191226,20200413,20170425,20161227,20240318,20161124,20111107,20170901,20181231,20190419,20350101,20051103,20180219,20180122,20230102,20280229,20260216,20181231,20161003,20130510,20180501,20190301,20140728,20120507,20300501,20170815
20230529,20200102,20160703,20110831,20190422,20210106,20110913,20240618,20190205,20171226,20200101,20200501,20170612,20170102,20240328,20161226,20111111,20171018,20190101,20190422,20350323,20051123,20180330,20180206,20230407,20280414,20260217,20190101,20161004,20130612,20180507,20190404,20140729,20120604,20300620,20171026
20231225,20200127,20160704,20110901,20190501,20210402,20110929,20240619,20190403,20180101,20200410,20200521,20171107,20170103,20240329,20170102,20111118,20171225,20190125,20190425,20350326,20051223,20180521,20180330,20230410,20280421,20260403,20190125,20161005,20131104,20180522,20190405,20140901,20120802,20301115,20171101
20231226,20200206,20160709,20110930,20190530,20210405,20111005,20240830,20190405,20180321,20200413,20200601,20171225,20170414,20240501,20170116,20111125,20180101,20190304,20190610,20350501,20060102,20180702,20180402,20230501,20280501,20260421,20190304,20161006,20140101,20180606,20190501,20140916,20120813,20301225,20171208
20240101,20200410,20160710,20111006,20190610,20210513,20111226,20241029,20190419,20180330,20200504,20200623,20171226,20170522,20240916,20170220,20111202,20180216,20190305,20190805,20351225,20060103,20180806,20180425,20230518,20280615,20260423,20190305,20161007,20140102,20180613,20190607,20141006,20121023,20310101,20171225
20240329,20200413,20160716,20111026,20190620,20210625,20111227,20250101,20190501,20180402,20200525,20201225,20180101,20170623,20241118,20170529,20111209,20180330,20190419,20191007,20351226,20060109,20180903,20180604,20230529,20280907,20260501,20190419,20170102,20140103,20180815,20190913,20141022,20121205,20310224,20171226
20240401,20200427,20160717,20111027,20191003,20211206,20120102,20250331,20190530,20180427,20200831,20210101,20180126,20170703,20241212,20170704,20111216,20180501,20190501,20191225,20360101,20060321,20181008,20181022,20230801,20281012,20260604,20190501,20170127,20140106,20180924,20191010,20141225,20121210,20310225,20180101
20240509,20200601,20160723,20111107,20191224,20211224,20120123,20250401,20190604,20180501,20201225,20210402,20180312,20170904,20241225,20170904,20111223,20180529,20190620,20191226,20360411,20060503,20181112,20181225,20231225,20281102,20260907,20190620,20170130,20140107,20180925,20191011,20150101,20121231,20310411,20180402
20240520,20201026,20160724,20111110,20191225,20220106,20120124,20250423,20190605,20180809,20201228,20210405,20180330,20171009,20250101,20171009,20111230,20180615,20190709,20200101,20360414,20060504,20181225,20181226,20231226,20281115,20261012,20190709,20170131,20140108,20180926,20200101,20150202,20130101,20310421,20180501
20241225,20201225,20160730,20111206,20191226,20220415,20120125,20250501,20190606,20180924,20210101,20210513,20180402,20171113,20250203,20171123,20120106,20180809,20191115,20200127,20360501,20060505,20181226,20190101,20240101,20281130,20261102,20191115,20170201,20140310,20181003,20200124,20150203,20130225,20310501,20180510
20241226,20201228,20160731,20120126,20191231,20220418,20120404,20250519,20190607,20181217,20210402,20210524,20180425,20171225,20250317,20171225,20120113,20180822,20191120,20200410,20361225,20060717,20190101,20190102,20240102,20281225,20261120,20191120,20170202,20140501,20181009,20200127,20150219,20130408,20310612,20180521
20250101,20210101,20160806,20120216,20200101,20220526,20120406,20250606,20191225,20181225,20210405,20210623,20180611,20171226,20250417,20180101,20120120,20181106,20191225,20200413,20361226,20060918,20190218,20190121,20240329,20281229,20261225,20191225,20170403,20140502,20181225,20200128,20150220,20130415,20311225,20180531
20250418,20210104,20160807,20120220,20200410,20220624,20120409,20250609,20200101,20181226,20210503,20211101,20181106,20180101,20250418,20180115,20120127,20181225,20191231,20200608,20370101,20061009,20190419,20190206,20240401,20290101,20261231,20191231,20170404,20140509,20190101,20200129,20150501,20130416,20320101,20180815
20250421,20210201,20160813,20120308,20200413,20221206,20120501,20251029,20200325,20190101,20210531,20220415,20181225,20180102,20250501,20180219,20120203,20190101,20200101,20200803,20370403,20061103,20190520,20190419,20240501,20290212,20270101,20200101,20170501,20140612,20190204,20200228,20150504,20130501,20320209,20181026
20250505,20210208,20160814,20120323,20200501,20221226,20120702,20260101,20200410,20190321,20210830,20220418,20181226,20180330,20250916,20180528,20120210,20190205,20200224,20201005,20370406,20061123,20190701,20190422,20240509,20290213,20270120,20200224,20170529,20140613,20190205,20200402,20150717,20130506,20320210,20181101
20250529,20210402,20160820,20120402,20200521,20230106,20121001,20260320,20200501,20190419,20211227,20220526,20190101,20180521,20251117,20180704,20120217,20190206,20200225,20201225,20370501,20070101,20190805,20190425,20240520,20290330,20270208,20200225,20170530,20141103,20190206,20200403,20150831,20130524,20320326,20181224
20250609,20210405,20160821,20120405,20200601,20230407,20121002,20260423,20200507,20190422,20211228,20220606,20190128,20180625,20251212,20180903,20120224,20190419,20200410,20201228,20371225,20070102,20190902,20190603,20240801,20290501,20270209,20200410,20171002,20141104,20190301,20200501,20150916,20130701,20320421,20181225
20251225,20210426,20160827,20120406,20200611,20230410,20121023,20260501,20200521,20190501,20220103,20220623,20190311,20180702,20251225,20181008,20120302,20190501,20200421,20210101,20380101,20070103,20191014,20191028,20241225,20290531,20270326,20200421,20171003,20150101,20190501,20200625,20150924,20130722,20320527,20181226
20251226,20210607,20160828,20120501,20201224,20230501,20121225,20260519,20200525,20190617,20220415,20220815,20190419,20180903,20260101,20181112,20120309,20190520,20200501,20210126,20380423,20070108,20191111,20191225,20241226,20290907,20270421,20200501,20171004,20150102,20190506,20200626,20151014,20130812,20320907,20190101
20260101,20211025,20160903,20120815,20201225,20230518,20121226,20260527,20200526,20190809,20220418,20221101,20190422,20181008,20260202,20181122,20120316,20190605,20200611,20210402,20380426,20070212,20191225,20191226,20250101,20291012,20270423,20200611,20171005,20150105,20190606,20201001,20151110,20131023,20321012,20190422
20260403,20211227,20160904,20120820,20201231,20230623,20130101,20260528,20200527,20190924,20220502,20221226,20190425,20181112,20260316,20181225,20120323,20190809,20200709,20210405,20390408,20070321,20191226,20200101,20250102,20291102,20270527,20200709,20171006,20150106,20190815,20201002,20151224,20131205,20321102,20190501
20260406,20211228,20160905,20120919,20210101,20231206,20130211,20260529,20200731,20191216,20220530,20230407,20190610,20181225,20260402,20190101,20120330,20190812,20200907,20210426,20390411,20070430,20200101,20200102,20250418,20291115,20270907,20200907,20180101,20150107,20190912,20201009,20151225,20131210,20321115,20190530
20260427,20220103,20160910,20121002,20210402,20231225,20130212,20261029,20200817,20191225,20220829,20230410,20191105,20181226,20260403,20190121,20120406,20191028,20201012,20210614,20391226,20070503,20200217,20200120,20250421,20291130,20271012,20201012,20180215,20150108,20190913,20210101,20160101,20131230,20330228,20190610
20260514,20220104,20160911,20121024,20210405,20231226,20130213,20270101,20200820,20191226,20221226,20230501,20191225,20190101,20260501,20190218,20120413,20191225,20201102,20210802,20400330,20070504,20200410,20200206,20250501,20291225,20271102,20201102,20180216,20150109,20191003,20210211,20160125,20131231,20330301,20190620
20260525,20220131,20160917,20121026,20210513,20240101,20130329,20270310,20201029,20200101,20221227,20230518,20191226,20190102,20260916,20190527,20120420,20200101,20201120,20211004,20400402,20070716,20200518,20200410,20250529,20291231,20271115,20201120,20180219,20150223,20191009,20210212,20160201,20140101,20330415,20190815
20261225,20220207,20160918,20121113,20210524,20240329,20130401,20270311,20201225,20200410,20230102,20230529,20200101,20190419,20261102,20190704,20120427,20200127,20201225,20211227,20400501,20070917,20200701,20200413,20250609,20300101,20271231,20201225,20180220,20150309,20191225,20210215,20160208,20140214,20330421,20191101
20270101,20220415,20160924,20121114,20210603,20240401,20130404,20270312,20210101,20200413,20230407,20230623,20200127,20190520,20261116,20190902,20120504,20200410,20201231,20211228,20401225,20070924,20200803,20200427,20250801,20300304,20280120,20201231,20180221,20150501,20200101,20210216,20160209,20140407,20330616,20191224
20270326,20220418,20160925,20121128,20211224,20240501,20130501,20270423,20210212,20200427,20230410,20230815,20200309,20190624,20261225,20191014,20120511,20200501,20210101,20220103,20401226,20071008,20200907,20200601,20251225,20300305,20280228,20210101,20180405,20150504,20200124,20210301,20160502,20140414,20330907,20191225
20270329,20220425,20161001,20121225,20211231,20240509,20130517,20270517,20210311,20200501,20230501,20231101,20200410,20190701,20270101,20191111,20120518,20200507,20210125,20220126,20410101,20071123,20201012,20201026,20251226,20300419,20280229,20210125,20180406,20150511,20200127,20210405,20160622,20140415,20331012,20191226
20270427,20220606,20161002,20130125,20220415,20240621,20130612,20270518,20210315,20200616,20230529,20231225,20200413,20190902,20270201,20191128,20120525,20200525,20210215,20220415,20410419,20071224,20201111,20201225,20260101,20300501,20280414,20210215,20180430,20150612,20200415,20210406,20160706,20140501,20331102,20200101
20270506,20221024,20161008,20130219,20220418,20241206,20130701,20270519,20210402,20200810,20230828,20231226,20200608,20191014,20270315,20191225,20120601,20200731,20210216,20220418,20410422,20071231,20201225,20201228,20260102,20300620,20280421,20210216,20180501,20151104,20200430,20210430,20160707,20140505,20331115,20200106
20270517,20221226,20161009,20130327,20220526,20241224,20130814,20270830,20210512,20200924,20231225,20240101,20201103,20191111,20270325,20200101,20120608,20200810,20210402,20220425,20410501,20080101,20201228,20210101,20260403,20301115,20280501,20210402,20180618,20160101,20200501,20210614,20160831,20140513,20340220,20200413
20280414,20221227,20161010,20130329,20220606,20241225,20130920,20271029,20210513,20201216,20231226,20240329,20201225,20191225,20270326,20200120,20120615,20201225,20210421,20220613,20411225,20080102,20210101,20210104,20260406,20301225,20280615,20210421,20180924,20160104,20200505,20210920,20160912,20140701,20340221,20200501
20280417,20230102,20161015,20130401,20220616,20241226,20131001,20280228,20210514,20201225,20240101,20240401,20201228,20191226,20270916,20200217,20120622,20210101,20210603,20220801,20411226,20080103,20210215,20210125,20260501,20301231,20280907,20210603,20181001,20160105,20200930,20210921,20160916,20140711,20340407,20200521
20280427,20230103,20161016,20130411,20221003,20250101,20131014,20280229,20210526,20210101,20240329,20240501,20210101,20200101,20271102,20200525,20120629,20210212,20210709,20221003,20420101,20080114,20210402,20210208,20260514,20310101,20281012,20210709,20181002,20160106,20201001,20211011,20161003,20140811,20340421,20200601
20280525,20230130,20161022,20130419,20221226,20250106,20131225,20280501,20210719,20210322,20240401,20240509,20210126,20200102,20271115,20200907,20120706,20210402,20210907,20221226,20420404,20080211,20210524,20210402,20260525,20310224,20281102,20210907,20181003,20160107,20201002,20211231,20161212,20140812,20340501,20200611
20280605,20230206,20161023,20130424,20230407,20250418,20131226,20280505,20210720,20210402,20240506,20240520,20210308,20200410,20280207,20201012,20120713,20210513,20211012,20221227,20420407,20080320,20210701,20210405,20261225,20310225,20281115,20211012,20181004,20160108,20201009,20220131,20161226,20141023,20340608,20201026
20281225,20230407,20161029,20130501,20230410,20250421,20140101,20280508,20210810,20210405,20240527,20240815,20210402,20200518,20280320,20201111,20120720,20210526,20211102,20230102,20420501,20080429,20210802,20210426,20270101,20310411,20281120,20211102,20181005,20160222,20201225,20220201,20170102,20141205,20340907,20201208
20281226,20230410,20161030,20130809,20230501,20250501,20140131,20280519,20210817,20210427,20240826,20241101,20210405,20200624,20280413,20201126,20120727,20210720,20211115,20230126,20421225,20080505,20210906,20210607,20270326,20310421,20281225,20211115,20181231,20160223,20210101,20220202,20170130,20141210,20341012,20201224
20290101,20230425,20161105,20130815,20230518,20250529,20140203,20280830,20211019,20210616,20241225,20241225,20210426,20200701,20280414,20201225,20120803,20210809,20211231,20230407,20421226,20080506,20211011,20211025,20270329,20310501,20281229,20211231,20190101,20160307,20210211,20220203,20170201,20141231,20341102,20201225
20290330,20230605,20161106,20130909,20230529,20250620,20140418,20290101,20211224,20210809,20241226,20241226,20210614,20200907,20280501,20210101,20120810,20211104,20220125,20230410,20430101,20080721,20211111,20211227,20270506,20310612,20290101,20220125,20190204,20160308,20210212,20220204,20170209,20150101,20341115,20210101
20290402,20231023,20161111,20131002,20230608,20251224,20140421,20290215,20220201,20210924,20250101,20250101,20211102,20201012,20281102,20210118,20120817,20220201,20220228,20230425,20430327,20080915,20211227,20211228,20270517,20311225,20290212,20220228,20190205,20160502,20210301,20220228,20170501,20150102,20341225,20210106
20290427,20231225,20161112,20131016,20231003,20251225,20140501,20290216,20220228,20211216,20250418,20250418,20211227,20201111,20281120,20210215,20120820,20220202,20220301,20230612,20430330,20080923,20211228,20220103,20280414,20311231,20290213,20220301,20190206,20160503,20210505,20220404,20170510,20150304,20350101,20210405
20290510,20231226,20161113,20131104,20231225,20251226,20140506,20290423,20220415,20211227,20250421,20250421,20211228,20201225,20281212,20210531,20120824,20220415,20220415,20230807,20430501,20081013,20220103,20220104,20280417,20320101,20290330,20220415,20190207,20160509,20210519,20220405,20170612,20150406,20350205,20210513
20290521,20240101,20161119,20131115,20231226,20260101,20140602,20290424,20220502,20220321,20250505,20250501,20220103,20201228,20281225,20210705,20120831,20220502,20220421,20231002,20431225,20081103,20220221,20220124,20280501,20320209,20290423,20220421,20190208,20160613,20210920,20220502,20170626,20150413,20350206,20210524
20291225,20240102,20161120,20131225,20240101,20260106,20140701,20290425,20220503,20220415,20250526,20250529,20220126,20210101,20290101,20210906,20120907,20220516,20220616,20231225,20440101,20081124,20220415,20220207,20280525,20320210,20290501,20220616,20190405,20161104,20210921,20220603,20170627,20150414,20350323,20210603
20291226,20240129,20161124,20140114,20240329,20260403,20140909,20290426,20220504,20220418,20250825,20250609,20220314,20210104,20290205,20211011,20120914,20220809,20220907,20231226,20440415,20081223,20220523,20220415,20280605,20320326,20290531,20220907,20190501,20170102,20210922,20220909,20170831,20150415,20350501,20211026
20300101,20240206,20161126,20140219,20240401,20260406,20141001,20290427,20220505,20220427,20251225,20250623,20220415,20210402,20290319,20211111,20120921,20221024,20221012,20240101,20440418,20081231,20220701,20220418,20280801,20320421,20290907,20221012,20190607,20170103,20220131,20221010,20170901,20150501,20350524,20211101
20300419,20240329,20161127,20140227,20240501,20260501,20141002,20290501,20220516,20220502,20251226,20250815,20220418,20210524,20290329,20211125,20120928,20221226,20221102,20240126,20441226,20090101,20220801,20220425,20281225,20320527,20291012,20221102,20190913,20170104,20220201,20230102,20170921,20150505,20350907,20211208
20300422,20240401,20161203,20140317,20240509,20260514,20141225,20290830,20220526,20220616,20260101,20251225,20220425,20210624,20290330,20220117,20121005,20230102,20221115,20240329,20450407,20090102,20220905,20220606,20281226,20320907,20291102,20221115,20191001,20170105,20220202,20230119,20171018,20150601,20351012,20211224
20300530,20240425,20161204,20140331,20240520,20260619,20141226,20291029,20220817,20220809,20260403,20251226,20220613,20210701,20290501,20220221,20121012,20230123,20221230,20240401,20450410,20090112,20221010,20221024,20290101,20321012,20291115,20221230,20191002,20170106,20220301,20230120,20171201,20150701,20351102,20220106
20300610,20240603,20161210,20140401,20240530,20261224,20150101,20300101,20230322,20221216,20260406,20260101,20221101,20210906,20291102,20220530,20121019,20230124,20230125,20240425,20450501,20090211,20221111,20221226,20290102,20321102,20291120,20230125,20191003,20170223,20220505,20230123,20171225,20150730,20351115,20220418
20301225,20241028,20161211,20140408,20241003,20261225,20150219,20300204,20230407,20221226,20260504,20260403,20221226,20211011,20291119,20220704,20121025,20230407,20230220,20240610,20451225,20090320,20221226,20221227,20290330,20321115,20291225,20230220,20191004,20170308,20220601,20230124,20180101,20150812,20351225,20220526
20301226,20241225,20161217,20140414,20241224,20270101,20150220,20300205,20230420,20230102,20260525,20260406,20221227,20211111,20291212,20220905,20121026,20230421,20230221,20240805,20451226,20090429,20221227,20230102,20290402,20321130,20291231,20230221,20191007,20170501,20220606,20230227,20180131,20151023,20360101,20220606
20310101,20241226,20161218,20140418,20241225,20270106,20150403,20300206,20230421,20230321,20260831,20260501,20230102,20211227,20291225,20221010,20121029,20230501,20230407,20241007,20460101,20090504,20230102,20230103,20290501,20321231,20300101,20230407,20200101,20170502,20220815,20230228,20180201,20151207,20360225,20220616
20310411,20250101,20161224,20140424,20241226,20270326,20150406,20300415,20230424,20230407,20261225,20260514,20230126,20211228,20300101,20221111,20121102,20230602,20230421,20241225,20460323,20090505,20230220,20230123,20290510,20330228,20300304,20230421,20200124,20170508,20220909,20230404,20180216,20151210,20360226,20220815
20310414,20250102,20161225,20140501,20241231,20270329,20150407,20300416,20230501,20230410,20261228,20260525,20230313,20220103,20300204,20221124,20121109,20230628,20230501,20241226,20460326,20090506,20230407,20230206,20290521,20330301,20300305,20230501,20200127,20170509,20220912,20230405,20180501,20151231,20360411,20221026
20310522,20250127,20161226,20140514,20250101,20270506,20150501,20300423,20230518,20230427,20270101,20260623,20230407,20220104,20300318,20221226,20121116,20230809,20230608,20250101,20460501,20090720,20230522,20230407,20290801,20330415,20300419,20230608,20200128,20170612,20221003,20230501,20180529,20160101,20360421,20221101
20310602,20250206,20161231,20140729,20250418,20270625,20150525,20300501,20230629,20230501,20270326,20261225,20230410,20220415,20300418,20230102,20121123,20231113,20230907,20250127,20461225,20090921,20230703,20230410,20291225,20330421,20300423,20230907,20200129,20171106,20221221,20230622,20180615,20160222,20360501,20221208
20311225,20250418,20170101,20140815,20250421,20271206,20150701,20300830,20230719,20230616,20270329,20270101,20230425,20220523,20300419,20230116,20121130,20231225,20231012,20250418,20461226,20090922,20230807,20230425,20291226,20330616,20300501,20231012,20200130,20180101,20230123,20230623,20180822,20160406,20360612,20221226
20311226,20250421,20170102,20140818,20250501,20271224,20150928,20301029,20230817,20230809,20270503,20270326,20230612,20220624,20300501,20230220,20121207,20240101,20231102,20250421,20470101,20090923,20230904,20230605,20300101,20330907,20300620,20231102,20200406,20180102,20230124,20230929,20180831,20160413,20361225,20230106
20320101,20250425,20170107,20140829,20250529,20280106,20151001,20310101,20230927,20230925,20270531,20270329,20231107,20220701,20300916,20230529,20121214,20240212,20231115,20250425,20470412,20091012,20231009,20231023,20300102,20331012,20301115,20231115,20200501,20180103,20230301,20231009,20180911,20160414,20370101,20230410
20320326,20250602,20170108,20141002,20250609,20280414,20151021,20310124,20231225,20231225,20270830,20270506,20231225,20220905,20301118,20230704,20121221,20240329,20231120,20250609,20470415,20091103,20231113,20231225,20300419,20331102,20301120,20231120,20200625,20180104,20230501,20231010,20180917,20160415,20370216,20230501
20320329,20251027,20170114,20141003,20250619,20280417,20151225,20310402,20240101,20231226,20271227,20270517,20231226,20221010,20301212,20230904,20121228,20240410,20231225,20250804,20470501,20091123,20231225,20231226,20300422,20331115,20301225,20231225,20200626,20180105,20230505,20240101,20181106,20160502,20370217,20230518
20320427,20251225,20170115,20141006,20251003,20280501,20160101,20310403,20240208,20240101,20271228,20270623,20240101,20221111,20301225,20231009,20130104,20240501,20231229,20251006,20471225,20091223,20231226,20240101,20300501,20331130,20301231,20231229,20201001,20180108,20230606,20240209,20181120,20160505,20370403,20230529
20320506,20251226,20170116,20141015,20251224,20280525,20160208,20310404,20240311,20240321,20280103,20271101,20240126,20221226,20310101,20231123,20130111,20240522,20240101,20251225,20471226,20091231,20240101,20240102,20300530,20331230,20310101,20240101,20201002,20180223,20230815,20240212,20181225,20160520,20370421,20230608
20320517,20260101,20170121,20141023,20251225,20280623,20160209,20310423,20240329,20240329,20280414,20280414,20240311,20221227,20310203,20231225,20130118,20240617,20240125,20251226,20480101,20100101,20240219,20240122,20300610,20340220,20310120,20240125,20201005,20180308,20230928,20240213,20190101,20160701,20370501,20230815
20330415,20260102,20170122,20141024,20251226,20281206,20160210,20310501,20240409,20240401,20280417,20280417,20240329,20230102,20310317,20240101,20130125,20240809,20240212,20260101,20480403,20100111,20240329,20240206,20300801,20340221,20310224,20240212,20201006,20180309,20230929,20240214,20190121,20160719,20370604,20231026
20330418,20260126,20170128,20141104,20251231,20281225,20160325,20310519,20240410,20240501,20280501,20280501,20240401,20230103,20310410,20240115,20130201,20241031,20240213,20260126,20480406,20100211,20240520,20240329,20301225,20340407,20310225,20240213,20201007,20180430,20231003,20240228,20190201,20160812,20370907,20231101
20330427,20260206,20170129,20141106,20260101,20281226,20160328,20311029,20240411,20240617,20280529,20280525,20240425,20230407,20310411,20240219,20130208,20241225,20240329,20260403,20480501,20100322,20240701,20240401,20301226,20340421,20310411,20240329,20201008,20180501,20231009,20240404,20190205,20161024,20371012,20231208
20330526,20260403,20170204,20141225,20260403,20290101,20160404,20320101,20240412,20240809,20280828,20280605,20240610,20230522,20310501,20240527,20130215,20250101,20240501,20260406,20481225,20100429,20240805,20240425,20310101,20340501,20310421,20240501,20210101,20180509,20231225,20240405,20190206,20161205,20371102,20231225
20330606,20260406,20170205,20150126,20260406,20290330,20160502,20320114,20240501,20240924,20281225,20280623,20241105,20230623,20310916,20240704,20130222,20250129,20240530,20260608,20490101,20100503,20240902,20240603,20310102,20340608,20310423,20240530,20210211,20180611,20240101,20240501,20190501,20161212,20371225,20231226
20331226,20260427,20170211,20150217,20260501,20290402,20160609,20320115,20240509,20241216,20281226,20280815,20241225,20230703,20311117,20240902,20130301,20250130,20240709,20260803,20490416,20100504,20241014,20241028,20310411,20340907,20310501,20240709,20210212,20180612,20240209,20240610,20190520,20170102,20380101,20240101
20340407,20260601,20170212,20150219,20260514,20290501,20160701,20320116,20240523,20241225,20290101,20281101,20241226,20230904,20311212,20241014,20130308,20250331,20241115,20261005,20490419,20100505,20241111,20241225,20310414,20341012,20310612,20241115,20210215,20181105,20240212,20240916,20190522,20170213,20380308,20240401
20340410,20261026,20170218,20150306,20260525,20290510,20160916,20320322,20240617,20241226,20290330,20281225,20250101,20231009,20311225,20241111,20130315,20250418,20241120,20261225,20500408,20100719,20241225,20241226,20310501,20341102,20311120,20241120,20210216,20190101,20240301,20240917,20190605,20170406,20380309,20240501
20340427,20261225,20170219,20150401,20260604,20290622,20161010,20320323,20241225,20250101,20290402,20281226,20250127,20231113,20320101,20241128,20130322,20250501,20241225,20261228,20500411,20100920,20241226,20250101,20310522,20341115,20311225,20241225,20210217,20190102,20240410,20241010,20190606,20170413,20380421,20240509
20340518,20261228,20170220,20150402,20261224,20291206,20161226,20320324,20250101,20250321,20290507,20290101,20250310,20231225,20320202,20241225,20130329,20250512,20241231,20270101,20501226,20100923,20250101,20250102,20310602,20341130,20311231,20241231,20210405,20190103,20240501,20241011,20190812,20170414,20380423,20240520
20340529,20270101,20170225,20150403,20261225,20291224,20161227,20320325,20250127,20250418,20290528,20290330,20250418,20231226,20320315,20250101,20130405,20250606,20250101,20270126,20510331,20101011,20250217,20250120,20310801,20341225,20320101,20250101,20210503,20190104,20240506,20250101,20190902,20170501,20380624,20240530
20341225,20270104,20170226,20150414,20261231,20291225,20170102,20320423,20250129,20250421,20290827,20290402,20250421,20240101,20320325,20250120,20130412,20251020,20250303,20270326,20510403,20101103,20250418,20250206,20311225,20341229,20320120,20250303,20210614,20190107,20240515,20250127,20190916,20170505,20380907,20240815
20341226,20270201,20170304,20150501,20270101,20291226,20170130,20320519,20250331,20250428,20291225,20290501,20250425,20240102,20320326,20250217,20130419,20251225,20250304,20270329,20510501,20101123,20250519,20250418,20311226,20350101,20320209,20250304,20210920,20190108,20240606,20250128,20191028,20170510,20381012,20241101
20350101,20270208,20170305,20150504,20270326,20300101,20170131,20320830,20250401,20250501,20291226,20290510,20250609,20240329,20320916,20250526,20130426,20260101,20250418,20270426,20511225,20101223,20250701,20250421,20320101,20350205,20320210,20250418,20210921,20190308,20240815,20250129,20191225,20170710,20381102,20241224
20350323,20270326,20170311,20150818,20270329,20300419,20170404,20321029,20250402,20250616,20300101,20290521,20251104,20240520,20321102,20250704,20130503,20260217,20250421,20270614,20511226,20101231,20250804,20250425,20320102,20350206,20320326,20250421,20211001,20190501,20240916,20250130,20200101,20170814,20381115,20241225
20350326,20270329,20170312,20150917,20270506,20300422,20170414,20330103,20250403,20250924,20300419,20290815,20251225,20240624,20321115,20250901,20130510,20260218,20250501,20270802,20520101,20110103,20250901,20250602,20320326,20350323,20320421,20250501,20211004,20190502,20240917,20250131,20200127,20171023,20390221,20241226
20350427,20270426,20170318,20150925,20270517,20300501,20170417,20330104,20250418,20251216,20300422,20291101,20251226,20240701,20330207,20251013,20130517,20260320,20250619,20271004,20520419,20110110,20251013,20251027,20320329,20350501,20320423,20250619,20211005,20190503,20240918,20250228,20200501,20171205,20390222,20250101
20350503,20270607,20170319,20151002,20270527,20300530,20170501,20330311,20250501,20251225,20300506,20291225,20260101,20240902,20330321,20251111,20130524,20260403,20250709,20271227,20520422,20110211,20251111,20251225,20320506,20350524,20320527,20250709,20211006,20190509,20241003,20250403,20200507,20171211,20390408,20250106
20350514,20271025,20170325,20151022,20271224,20300621,20170503,20330314,20250512,20251226,20300527,20291226,20260126,20241014,20330414,20251127,20130531,20260501,20251120,20271228,20520501,20110321,20251225,20251226,20320517,20350907,20320907,20251120,20211007,20190510,20241009,20250404,20200511,20180101,20390421,20250421
20351225,20271227,20170326,20151111,20271231,20301206,20170530,20330519,20250529,20260101,20300826,20300101,20260309,20241111,20330415,20251225,20130607,20260527,20251225,20280103,20521225,20110429,20251226,20260101,20330415,20351012,20321012,20251225,20220103,20190612,20241225,20250501,20200525,20180102,20390609,20250501
20351226,20271228,20170401,20151112,20280414,20301224,20171002,20330830,20250606,20260403,20301225,20300419,20260403,20241225,20330916,20260101,20130614,20260601,20251231,20280126,20521226,20110503,20260101,20260102,20330418,20351102,20321102,20251231,20220131,20191104,20250101,20250502,20200526,20180301,20390907,20250529
20360101,20280103,20170402,20151125,20280417,20301225,20171005,20331223,20250627,20260406,20301226,20300422,20260406,20241226,20331102,20260119,20130621,20260810,20260101,20280414,20530101,20110504,20260216,20260119,20330526,20351115,20321115,20260101,20220201,20200101,20250128,20250530,20200731,20180406,20391012,20250609
20360411,20280104,20170408,20151224,20280501,20301226,20171225,20340301,20250905,20260427,20310101,20300501,20260608,20250101,20331121,20260216,20130628,20261109,20260216,20280417,20530404,20110505,20260403,20260206,20330606,20351130,20321231,20260216,20220202,20200102,20250129,20251006,20200820,20180413,20391102,20250619
20360414,20280131,20170409,20151225,20280525,20310101,20171226,20340302,20251225,20260501,20310411,20300530,20261103,20250102,20331212,20260525,20130705,20261225,20260217,20280425,20530407,20110718,20260518,20260403,20330801,20351225,20330120,20260217,20220203,20200103,20250130,20251010,20200831,20180416,20391115,20250815
20360522,20280207,20170414,20160126,20280605,20310106,20180101,20340303,20260101,20260616,20310414,20300610,20261225,20250418,20340206,20260907,20130712,20270101,20260403,20280612,20530501,20110919,20260701,20260406,20331226,20351231,20330228,20260403,20220204,20200106,20250501,20260101,20200916,20180501,20400213,20251208
20360602,20280414,20170415,20160219,20280615,20310411,20180216,20340501,20260116,20260810,20310505,20300815,20261228,20250519,20340320,20261012,20130719,20270208,20260421,20280807,20531225,20110923,20260803,20260427,20340102,20360101,20330301,20260421,20220404,20200107,20250505,20260102,20201029,20180507,20400214,20251224
20361225,20280417,20170416,20160307,20281003,20310414,20180219,20340519,20260217,20260924,20310526,20301101,20270101,20250624,20340406,20261111,20130726,20270310,20260501,20281002,20531226,20111010,20260907,20260601,20340407,20360225,20330415,20260501,20220405,20200108,20250506,20260216,20201225,20180529,20400330,20251225
20361226,20280425,20170422,20160323,20281225,20310501,20180330,20340830,20260319,20261216,20310825,20301225,20270126,20250701,20340407,20261126,20130802,20270326,20260604,20281225,20540101,20111103,20261012,20261026,20340410,20360226,20330421,20260604,20220502,20200309,20250606,20260217,20210101,20180727,20400501,20251226
20370101,20280605,20170423,20160325,20281226,20310522,20180402,20341212,20260320,20261225,20311225,20301226,20270308,20250901,20340501,20261225,20130807,20270517,20260709,20281226,20540327,20111123,20261111,20261225,20340501,20360411,20330616,20260709,20220603,20200501,20250815,20260218,20210128,20180813,20400531,20260101
20370403,20281023,20170429,20160401,20290101,20310620,20180405,20341213,20260323,20270101,20311226,20310101,20270326,20251013,20341102,20270101,20130808,20270520,20260907,20290101,20540330,20111223,20261225,20261228,20340518,20360421,20330907,20260907,20220912,20200504,20251003,20260219,20210201,20181023,20400907,20260106
20370406,20281225,20170430,20160408,20290330,20311224,20180501,20341214,20260403,20270322,20320101,20310411,20270329,20251111,20341120,20270118,20130809,20270809,20261012,20290126,20540501,20120102,20261228,20270101,20340529,20360501,20331012,20261012,20221003,20200505,20251006,20260220,20210212,20181205,20401012,20260406
20370427,20281226,20170506,20160414,20290402,20311225,20180522,20350101,20260417,20270326,20320326,20310414,20270426,20251225,20341212,20270215,20130816,20271028,20261102,20290330,20541225,20120103,20270101,20270104,20340801,20360612,20331102,20261102,20221004,20200506,20251007,20260227,20210429,20181210,20401102,20260501
20370514,20290101,20170507,20160415,20290501,20311226,20180618,20350219,20260501,20270329,20320329,20310501,20270614,20251226,20341225,20270531,20130823,20280126,20261120,20290402,20550101,20120109,20270215,20270125,20341225,20361225,20331115,20261120,20221005,20200511,20251008,20260403,20210513,20181231,20401115,20260514
20370525,20290102,20170513,20160419,20290510,20320101,20180702,20350220,20260514,20270427,20320503,20310522,20271102,20260101,20350101,20270705,20130830,20280127,20261225,20290425,20550416,20120320,20270326,20270208,20341226,20361231,20331230,20261225,20221006,20200612,20251009,20260406,20210514,20190101,20401225,20260525
20371225,20290129,20170514,20160706,20290521,20320106,20180925,20350221,20260527,20270616,20320531,20310602,20271227,20260102,20350205,20270906,20130906,20280228,20261231,20290611,20550419,20120430,20270524,20270326,20350101,20370101,20340120,20261231,20221007,20201104,20251225,20260501,20210526,20190219,20410101,20260604
20380101,20290206,20170520,20160815,20290531,20320326,20181001,20350423,20260616,20270809,20320830,20310623,20271228,20260403,20350319,20271011,20130913,20280414,20270101,20290806,20560331,20120503,20270701,20270329,20350102,20370216,20340220,20270101,20230102,20210101,20260101,20260619,20210720,20190408,20410304,20261026
20380423,20290330,20170521,20160817,20291003,20320329,20181017,20350501,20260817,20270924,20321227,20310815,20280103,20260518,20350322,20271111,20130920,20280501,20270125,20291001,20560403,20120504,20270802,20270426,20350323,20370217,20340221,20270125,20230123,20210104,20260216,20260925,20210810,20190415,20410305,20261208
20380426,20290402,20170527,20160905,20291224,20320506,20181225,20350830,20260825,20271216,20321228,20311225,20280126,20260624,20350323,20271125,20130923,20280505,20270208,20291225,20560501,20120716,20270906,20270607,20350326,20370403,20340407,20270208,20230124,20210105,20260217,20261009,20210831,20190416,20410419,20261224
20380427,20290425,20170528,20160912,20291225,20320625,20181226,20351029,20261225,20271227,20330103,20311226,20280313,20260701,20350501,20280117,20130927,20280509,20270209,20291226,20561225,20120917,20271011,20271025,20350501,20370421,20340421,20270209,20230125,20210106,20260218,20270101,20210916,20190501,20410501,20261225
20380603,20290604,20170529,20161011,20291226,20321206,20190101,20351203,20270101,20280321,20330415,20320101,20280414,20260907,20351102,20280221,20131004,20280809,20270326,20300101,20561226,20121008,20271111,20271227,20350503,20370501,20340501,20270326,20230126,20210107,20260501,20270205,20211019,20190506,20410620,20270101
20380614,20291022,20170603,20161012,20291231,20321224,20190205,20360101,20270105,20280414,20330418,20320326,20280417,20261012,20351119,20280529,20131011,20281017,20270421,20300128,20570101,20121123,20271227,20271228,20350514,20370604,20340608,20270421,20230127,20210108,20260505,20270208,20211104,20190520,20411115,20270106
20390408,20291225,20170604,20161031,20300101,20330106,20190206,20360208,20270309,20280417,20330502,20320329,20280425,20261111,20351212,20280704,20131014,20281225,20270527,20300419,20570420,20121224,20271228,20280103,20350801,20370907,20340907,20270527,20230405,20210222,20260603,20270209,20220118,20190701,20411225,20270329
20390411,20291226,20170610,20161114,20300419,20330415,20190207,20360211,20270310,20280427,20330530,20320506,20280612,20261225,20351225,20280904,20131015,20290101,20270709,20300422,20570423,20121231,20280103,20280104,20351225,20371012,20341012,20270709,20230501,20210223,20260924,20270210,20220201,20190716,20420101,20270506
20390427,20300101,20170611,20161212,20300422,20330418,20190405,20360423,20270311,20280501,20330829,20320517,20281107,20261228,20360101,20281009,20131016,20290213,20270907,20300425,20570501,20130101,20280221,20280124,20351226,20371102,20341102,20270907,20230622,20210308,20260925,20270301,20220202,20190812,20420217,20270517
20390519,20300102,20170617,20170126,20300501,20330526,20190419,20360501,20270312,20280616,20331226,20320623,20281225,20270101,20360204,20281123,20131018,20290214,20271012,20300610,20571225,20130102,20280414,20280207,20360101,20371130,20341115,20271012,20230623,20210503,20261009,20270405,20220203,20191023,20420218,20270527
20390530,20300128,20170618,20170224,20300530,20330624,20190422,20360519,20270326,20280809,20331227,20321101,20281226,20270104,20360317,20281225,20131025,20290215,20271102,20300805,20571226,20130103,20280522,20280414,20360102,20371225,20341120,20271102,20230929,20210504,20261225,20270406,20220419,20191205,20420404,20271026
20391226,20300206,20170624,20170313,20300610,20331206,20190501,20361029,20270407,20280925,20340102,20330415,20290101,20270326,20360410,20290101,20131101,20290330,20271115,20301007,20580101,20130114,20280703,20280417,20360411,20371231,20341225,20271115,20231002,20210510,20270101,20270430,20220502,20191210,20420421,20271101
20400330,20300419,20170625,20170328,20300620,20331226,20190513,20361119,20270506,20281225,20340407,20330418,20290126,20270524,20360411,20290115,20131108,20290424,20271231,20301225,20580412,20130211,20280807,20280425,20360414,20380101,20341229,20271231,20231003,20210614,20270208,20270609,20220503,20191231,20420501,20271208
20400402,20300422,20170701,20170404,20301003,20340106,20190607,20361120,20270517,20281226,20340410,20330526,20290312,20270624,20360501,20290219,20131115,20290501,20280125,20301226,20580415,20130320,20280904,20280605,20360501,20380308,20350101,20280125,20231004,20211104,20270209,20270915,20220504,20200101,20420605,20271224
20400427,20300425,20170702,20170414,20301224,20340407,20190701,20361121,20270520,20290101,20340501,20330606,20290330,20270701,20360916,20290528,20131122,20290528,20280228,20310101,20580501,20130429,20281009,20281023,20360522,20380309,20350205,20280228,20231005,20211105,20270301,20271011,20220516,20200210,20421225,20280106
20400510,20300603,20170704,20170501,20301225,20340410,20191001,20370101,20270817,20290321,20340529,20330623,20290402,20270906,20361117,20290704,20131129,20290809,20280229,20310127,20581225,20130503,20281113,20281225,20360602,20380421,20350206,20280229,20231006,20220103,20270505,20271231,20220831,20200406,20430101,20280417
20400521,20301028,20170708,20170510,20301226,20340501,20191007,20370127,20271224,20290330,20340828,20330815,20290425,20271011,20361201,20290903,20131206,20291105,20280414,20310411,20581226,20130506,20281225,20281226,20360801,20380423,20350323,20280414,20240101,20220104,20270513,20280124,20220916,20200413,20430209,20280501
20401225,20301225,20170709,20170626,20301231,20340518,20191225,20370128,20280126,20290402,20341225,20331101,20290611,20271111,20361212,20291008,20131213,20291225,20280421,20310414,20590101,20130715,20281226,20290101,20361225,20380624,20350423,20280421,20240209,20220105,20270914,20280125,20221024,20200414,20430210,20280525
20401226,20301226,20170715,20170815,20310101,20340623,20191226,20370129,20280228,20290427,20341226,20331226,20291106,20271227,20361225,20291112,20131220,20300101,20280501,20310425,20590328,20130916,20290101,20290102,20361226,20380907,20350501,20280501,20240212,20220106,20270915,20280126,20221226,20200415,20430327,20280605
20410101,20310101,20170716,20170817,20310411,20341206,20200101,20370130,20280229,20290501,20350101,20340407,20291225,20271228,20370101,20291122,20131227,20300204,20280615,20310609,20590331,20130923,20290219,20290122,20370101,20381012,20350524,20280615,20240213,20220107,20270916,20280127,20230102,20200501,20430421,20280615
20410419,20310102,20170722,20170825,20310414,20341225,20200127,20370423,20280301,20290809,20350323,20340410,20291226,20280103,20370202,20291225,20140103,20300205,20280907,20310804,20590501,20131014,20290330,20290206,20370102,20381102,20350907,20280907,20240214,20220223,20271222,20280128,20230123,20200505,20430501,20280815
20410422,20310127,20170723,20171002,20310501,20341226,20200128,20370501,20280327,20290924,20350326,20340501,20300101,20280104,20370316,20300101,20140110,20300206,20281012,20311006,20591225,20131104,20290521,20290330,20370403,20381115,20351012,20281012,20240215,20220307,20280126,20280228,20230124,20200506,20430528,20281026
20410530,20310206,20170729,20171019,20310522,20350101,20200410,20370519,20280414,20291217,20350507,20340518,20300128,20280414,20370402,20300121,20140117,20300419,20281102,20311225,20591226,20131223,20290702,20290402,20370406,20381130,20351102,20281102,20240404,20220308,20280127,20280403,20230201,20200701,20430907,20281101
20410610,20310411,20170730,20171020,20310602,20350323,20200413,20371029,20280501,20291225,20350528,20340529,20300311,20280522,20370403,20300218,20140124,20300501,20281115,20311226,20600101,20131231,20290806,20290425,20370501,20381231,20351115,20281115,20240405,20220502,20280128,20280404,20230206,20200706,20431012,20281208
20411225,20310414,20170805,20171201,20310612,20350326,20200430,20371109,20280505,20291226,20350827,20340623,20300419,20280623,20370501,20300527,20140131,20300516,20281120,20320101,20600416,20140101,20290903,20290604,20370514,20390221,20351120,20281120,20240501,20220503,20280301,20280501,20230421,20200812,20431102,20281225
20411226,20310425,20170806,20171225,20311003,20350501,20200501,20371110,20280509,20300101,20351225,20340815,20300422,20280703,20370916,20300704,20140207,20300809,20281225,20320126,20600419,20140102,20291008,20291022,20370525,20390222,20351225,20281225,20240610,20220509,20280412,20280529,20230501,20201023,20431225,20281226
20420101,20310602,20170812,20180126,20311224,20350503,20200625,20380101,20280525,20300321,20351226,20341101,20300425,20280904,20371102,20300902,20140214,20301225,20281229,20320326,20610408,20140103,20291112,20291225,20371225,20390408,20351231,20281229,20240916,20220613,20280501,20281002,20230504,20201207,20440101,20290101
20420404,20311027,20170813,20180214,20311225,20350622,20200701,20380118,20280526,20300419,20360101,20341225,20300610,20281009,20371116,20301014,20140221,20310101,20290101,20320329,20610411,20140113,20291225,20291226,20380101,20390421,20360101,20290101,20240917,20221104,20280502,20281003,20230628,20201210,20440229,20290402
20420407,20311225,20170819,20180219,20311226,20351206,20201001,20380119,20280803,20300422,20360411,20341226,20301105,20281113,20371225,20301111,20140228,20310123,20290125,20320426,20611226,20140211,20291226,20300101,20380423,20390609,20360225,20290125,20241001,20230102,20280505,20281009,20230719,20201231,20440301,20290501
20420515,20311226,20170820,20180302,20311231,20351224,20201002,20380423,20280817,20300501,20360414,20350101,20301225,20281225,20380101,20301128,20140307,20310124,20290212,20320614,20620324,20140321,20300101,20300102,20380426,20390907,20360226,20290212,20241002,20230103,20280606,20281010,20230831,20210101,20440415,20290510
20420526,20320101,20170826,20180329,20320101,20351225,20201026,20380519,20281214,20300617,20360505,20350323,20301226,20281226,20380201,20301225,20140314,20310403,20290213,20320802,20620327,20140429,20300218,20300121,20380603,20391012,20360411,20290213,20241003,20230104,20280815,20290101,20230927,20210226,20440421,20290521
20421225,20320102,20170827,20180330,20320326,20351226,20201225,20380830,20281225,20300809,20360526,20350326,20310101,20290101,20380315,20310101,20140321,20310411,20290330,20321004,20620501,20140505,20300419,20300206,20380614,20391102,20360421,20290330,20241004,20230105,20281002,20290212,20231113,20210406,20440616,20290531
20421226,20320126,20170902,20180402,20320329,20360101,20210101,20381029,20290101,20300924,20360825,20350501,20310127,20290102,20380422,20310120,20140328,20310501,20290501,20321227,20621225,20140506,20300520,20300419,20390408,20391115,20360423,20290501,20241007,20230106,20281003,20290213,20231225,20210413,20440907,20290815
20430101,20320206,20170903,20180430,20320506,20360411,20210212,20390105,20290213,20301216,20361225,20350503,20310310,20290330,20380423,20310217,20140404,20310506,20290531,20321228,20621226,20140721,20300701,20300422,20390411,20391130,20360501,20290531,20250101,20230223,20281004,20290214,20240101,20210414,20441012,20291026
20430327,20320326,20170904,20180501,20320517,20360414,20210215,20390106,20290214,20301225,20361226,20350514,20310411,20290521,20380916,20310526,20140411,20311114,20290709,20330103,20630101,20140915,20300805,20300425,20390519,20391230,20360612,20290709,20250128,20230308,20281005,20290215,20240126,20210415,20441102,20291101
20430330,20320329,20170909,20180815,20320527,20360501,20210402,20390107,20290215,20301226,20370101,20350815,20310414,20290625,20381102,20310704,20140418,20311225,20290907,20330126,20630413,20140923,20300902,20300603,20390530,20400213,20361120,20290907,20250129,20230501,20281009,20290216,20240201,20210503,20441115,20291224
20430427,20320426,20170910,20180817,20321224,20360522,20210405,20390519,20290216,20310101,20370403,20351101,20310425,20290702,20381115,20310901,20140425,20320101,20291012,20330415,20630416,20141013,20301014,20301028,20390801,20400214,20361225,20291012,20250130,20230502,20281225,20290228,20240212,20210505,20450220,20291225
20430507,20320607,20170916,20180822,20321231,20360620,20210406,20390830,20290330,20310321,20370406,20351225,20310609,20290903,20390207,20311013,20140502,20320114,20291102,20330418,20630501,20141103,20301111,20301225,20391226,20400330,20361231,20291102,20250131,20230508,20290101,20290403,20240328,20210526,20450221,20291226
20430518,20321025,20170917,20180913,20330415,20361224,20210519,20391019,20290423,20310411,20370504,20351226,20311104,20291008,20390321,20311111,20140509,20320211,20291115,20330425,20631225,20141124,20301225,20301226,20400102,20400501,20370101,20291115,20250203,20230509,20290212,20290404,20240410,20210701,20450407,20300101
20431225,20321227,20170923,20180921,20330418,20361225,20210614,20391020,20290424,20310414,20370525,20360101,20311225,20291112,20390407,20311127,20140516,20320212,20291120,20330613,20631226,20141223,20301226,20310101,20400330,20400531,20370120,20291120,20250404,20230612,20290213,20290430,20240411,20210726,20450421,20300422
20440101,20321228,20170924,20181002,20330526,20361226,20210701,20391021,20290501,20310428,20370831,20360411,20311226,20291225,20390408,20311225,20140523,20320322,20291225,20330801,20640101,20141231,20310101,20310102,20400402,20400907,20370216,20291225,20250501,20231106,20290214,20290501,20240501,20210812,20450501,20300501
20440415,20330103,20170930,20181019,20330606,20370101,20210922,20391226,20290510,20310501,20371225,20360414,20320101,20291226,20390916,20320101,20140530,20320326,20291231,20331003,20640404,20150101,20310217,20310120,20400501,20401012,20370217,20291231,20250502,20240101,20290301,20290615,20240522,20211025,20450608,20300530
20440418,20330104,20171001,20181107,20330616,20370106,20211001,20391227,20290515,20310616,20371228,20360501,20320126,20300101,20391102,20320119,20140606,20320524,20300101,20331226,20640407,20150102,20310411,20310206,20400510,20401102,20370403,20300101,20250602,20240102,20290501,20290921,20240617,20211206,20450907,20300610
20440427,20330131,20171007,20181108,20331003,20370403,20211014,20391228,20290528,20310924,20380101,20360522,20320308,20300102,20391121,20320216,20140613,20320809,20300125,20331227,20640501,20150112,20310519,20310411,20400521,20401115,20370421,20300125,20251001,20240103,20290507,20291010,20240708,20211210,20451012,20300620
20440526,20330207,20171008,20181121,20331226,20370406,20211227,20391229,20290724,20311216,20380423,20360602,20320326,20300419,20391212,20320531,20140620,20321102,20300304,20340102,20641225,20150211,20310701,20310414,20400801,20401130,20370423,20300304,20251002,20240104,20290606,20291231,20240916,20211231,20451102,20300815
20440606,20330415,20171009,20181123,20340407,20370501,20220201,20400423,20290817,20311225,20380426,20360623,20320329,20300520,20400206,20320705,20140627,20330103,20300305,20340126,20641226,20150429,20310804,20310425,20401225,20401225,20370501,20300305,20251003,20240105,20290815,20300101,20240917,20220103,20451115,20301101
20441226,20330418,20171014,20181225,20340410,20370514,20220202,20400501,20291203,20311226,20380503,20360815,20320426,20300624,20400319,20320906,20140704,20330131,20300419,20340407,,20150504,20310901,20310602,20401226,20401231,20370604,20300419,20251006,20240108,20290921,20300131,20241031,20220216,20451225,20301224
20450407,20330425,20171015,20190219,20340501,20370619,20220203,20400830,20291224,20320101,20380531,20361225,20320614,20300701,20400329,20321011,20140711,20330201,20300501,20340410,,20150505,20311013,20311027,20410101,20410101,20370907,20300501,20251007,20240223,20290924,20300201,20241225,20220406,20460101,20301225
20450410,20330606,20171021,20190304,20340518,20371224,20220405,20401008,20291225,20320322,20380830,20361226,20321102,20300902,20400330,20321111,20140718,20330415,20300620,20340425,,20150506,20311111,20311225,20410102,20410304,20371012,20300620,20251008,20240308,20291003,20300204,20250101,20220413,20460205,20301226
20450427,20331024,20171022,20190321,20340529,20371225,20220415,20401009,20300101,20320326,20381227,20370101,20321227,20301014,20400501,20321125,20140725,20330502,20300709,20340612,,20150720,20311225,20311226,20410419,20410305,20371102,20300709,20260101,20240501,20291009,20300205,20250129,20220414,20460206,20310101
20450505,20331226,20171028,20190401,20340608,20380101,20220418,20401029,20300204,20320329,20381228,20370403,20321228,20301111,20401102,20330117,20140728,20330513,20301115,20340807,,20150921,20311226,20320101,20410422,20410419,20371120,20301115,20260102,20240508,20291225,20300228,20250130,20220415,20460323,20310106
20450518,20331227,20171029,20190417,20341003,20380106,20220502,20401214,20300205,20320427,20390103,20370406,20330103,20301225,20401119,20330221,20140729,20330809,20301120,20341002,,20150922,20320101,20320102,20410501,20410501,20371225,20301120,20260216,20240509,20300101,20300301,20250211,20220502,20460501,20310414
20450529,20340102,20171104,20190419,20341225,20380423,20220509,20401217,20300206,20320616,20390408,20370501,20330126,20301226,20401212,20330530,20140730,20331223,20301225,20341225,,20150923,20320216,20320119,20410530,20410620,20371231,20301225,20260217,20240510,20300204,20300404,20250317,20220505,20460524,20310501
20451225,20340103,20171105,20190501,20341226,20380426,20220603,20410101,20300207,20320809,20390411,20370514,20330314,20310101,20401225,20330704,20140801,20331226,20301231,20341226,,20151012,20320326,20320206,20410610,20411115,20380101,20301231,20260218,20240612,20300205,20300405,20250331,20220516,20460907,20310522
20451226,20340130,20171111,20190605,20350101,20380603,20220701,20410423,20300403,20320924,20390502,20370525,20330415,20310102,20410101,20330905,20140808,20340102,20310101,20350101,,20151103,20320524,20320326,20410801,20411225,20380120,20310101,20260219,20241104,20300301,20300501,20250401,20220701,20461012,20310602
20460101,20340206,20171112,20190812,20350323,20380625,20220912,20410501,20300419,20321216,20390530,20370623,20330418,20310411,20410204,20331010,20140815,20340220,20310224,20350126,,20151123,20320701,20320329,20411225,20411231,20380308,20310224,20260220,20250101,20300501,20300605,20250501,20220713,20461102,20310612
20460323,20340407,20171118,20190815,20350326,20381206,20221004,20410830,20300501,20321227,20390829,20371225,20330425,20310519,20410318,20331111,20140822,20340221,20310225,20350323,,20151223,20320802,20320426,20411226,20420101,20380309,20310225,20260406,20250102,20300506,20300912,20250512,20220812,20461115,20310815
20460326,20340410,20171119,20190902,20350501,20381224,20221226,20410927,20300517,20330321,20391226,20380101,20330613,20310624,20410418,20331124,20140829,20340301,20310411,20350326,,20151231,20320906,20320607,20420101,20420217,20380421,20310411,20260501,20250103,20300509,20300913,20250606,20221024,20461225,20311208
20460427,20340425,20171123,20190910,20350503,20390106,20221227,20411029,20300530,20330415,20391227,20380423,20331101,20310701,20410419,20331226,20140905,20340407,20310421,20350425,,20160101,20321011,20321025,20420102,20420218,20380423,20310421,20260619,20250106,20300605,20301010,20250627,20221205,20470101,20311224
20460503,20340605,20171125,20191002,20350514,20390408,20230102,20411204,20301225,20330418,20400102,20380426,20331226,20310901,20410501,20340102,20140912,20340501,20310501,20350611,,20160111,20321111,20321227,20420404,20420404,20380624,20310501,20260925,20250107,20300606,20301011,20250901,20221212,20470225,20311225
20460514,20341023,20171126,20191007,20350524,20390411,20230123,20411205,20310101,20330427,20400330,20380603,20331227,20311013,20410916,20340116,20140919,20340601,20310612,20350806,,20160211,20321227,20321228,20420407,20420421,20380907,20310612,20261001,20250108,20300815,20310101,20250905,20230102,20470226,20311226
20461225,20341225,20171202,20191029,20351003,20390519,20230124,20411206,20310123,20330502,20400402,20380614,20340102,20311111,20411118,20340220,20140923,20340809,20310709,20351001,,20160321,20321228,20330103,20420501,20420501,20381012,20310709,20261002,20250310,20300911,20310122,20250916,20230306,20470412,20320101
20461226,20341226,20171203,20191112,20351224,20390624,20230125,20420101,20310124,20330616,20400507,20380623,20340126,20311225,20411212,20340529,20140926,20341109,20311120,20351225,,20160429,20330103,20330104,20420515,20420605,20381102,20311120,20261005,20250501,20300912,20310123,20251020,20230406,20470501,20320106
20470101,20350101,20171209,20191225,20351225,20391206,20230405,20420423,20310127,20330809,20400528,20381101,20340313,20311226,20411225,20340704,20141003,20341212,20311225,20351226,,20160503,20330221,20330124,20420526,20421225,20381115,20311225,20261006,20250502,20300913,20310124,20251225,20230413,20470613,20320329
20470412,20350102,20171210,20200219,20351226,20391226,20230407,20420501,20310128,20331216,20400827,20390408,20340407,20320101,20420101,20340904,20141006,20341225,20311231,20360101,,20160504,20330415,20330207,20420801,20421231,20381231,20311231,20261007,20250509,20301003,20310127,20260101,20230414,20471115,20320506
20470415,20350129,20171216,20200221,20351231,20400106,20230410,20420519,20310324,20331226,20401225,20390411,20340410,20320102,20420203,20341009,20141010,20350101,20320101,20360128,,20160505,20330523,20330415,20421225,20430101,20390120,20320101,20270101,20250612,20301009,20310228,20260202,20230501,20471225,20320517
20470523,20350206,20171217,20200310,20360101,20400330,20230501,20420916,20310403,20340102,20401226,20390519,20340425,20320326,20420317,20341123,20141017,20350208,20320209,20360411,,20160718,20330701,20330418,20421226,20430209,20390221,20320209,20270205,20250613,20301225,20310403,20260203,20230505,20480101,20320527
20470603,20350323,20171223,20200325,20360411,20400402,20230526,20420917,20310411,20340321,20410101,20390530,20340612,20320524,20420403,20341225,20141024,20350209,20320210,20360414,,20160811,20330801,20330425,20430101,20430210,20390222,20320210,20270208,20251103,20310101,20310404,20260217,20230605,20480217,20321026
20471225,20350326,20171224,20200401,20360414,20400501,20230622,20420918,20310423,20340407,20410419,20390623,20341107,20320624,20420404,20350101,20141031,20350219,20320326,20360425,,20160919,20330905,20330606,20430102,20430327,20390408,20320326,20270209,20251104,20310122,20310501,20260218,20230801,20480218,20321101
20471226,20350425,20171225,20200402,20360501,20400510,20231002,20421029,20310501,20340410,20410422,20390815,20341225,20320701,20420501,20350115,20141107,20350323,20320421,20360609,,20160922,20331010,20331024,20430327,20430421,20390421,20320421,20270210,20260101,20310123,20310502,20260320,20230814,20480403,20321208
20480101,20350604,20171230,20200406,20360522,20400622,20231023,20421124,20310507,20340427,20410506,20391101,20341226,20320906,20420916,20350219,20141114,20350501,20320527,20360804,,20161010,20331111,20331226,20430330,20430501,20390609,20320527,20270211,20260102,20310124,20310623,20260501,20231023,20480421,20321224
20480403,20351022,20171231,20200410,20360602,20401206,20231225,20421125,20310522,20340501,20410527,20391226,20350101,20321011,20421117,20350528,20141121,20350522,20320709,20361006,,20161103,20331226,20331227,20430501,20430528,20390907,20320709,20270405,20260105,20310501,20310624,20260527,20231205,20480501,20330106
20480406,20351225,20180101,20200414,20360612,20401224,20231226,20421126,20310702,20340616,20410826,20400330,20350126,20321111,20421201,20350704,20141128,20350809,20320907,20361225,,20161123,20331227,20340102,20430507,20430907,20391012,20320907,20270503,20260106,20310505,20311001,20260616,20231211,20480604,20330418
20480427,20351226,20180106,20200501,20361003,20401225,20240101,20430101,20311113,20340809,20411225,20400402,20350312,20321227,20421212,20350903,20141205,20351030,20321012,20361226,,20161223,20340102,20340103,20430518,20431012,20391102,20321012,20270609,20260107,20310528,20311010,20260825,20240101,20480907,20330526
20480514,20360101,20180107,20200507,20361224,20401226,20240212,20430423,20311225,20340925,20411226,20400501,20350323,20321228,20421225,20351008,20141212,20351225,20321102,20370101,,20170102,20340220,20340123,20431225,20431102,20391115,20321102,20270915,20260108,20310606,20320101,20260831,20240102,20481012,20330606
20480525,20360102,20180113,20200525,20361225,20410101,20240213,20430501,20320101,20341225,20420101,20400510,20350326,20330103,20430101,20351112,20141219,20360101,20321115,20370126,,20170103,20340407,20340206,20440101,20431130,20391230,20321115,20271001,20260109,20310815,20320102,20260916,20240226,20481102,20330616
20481225,20360128,20180114,20201002,20361226,20410419,20240329,20430519,20320113,20341226,20420404,20400521,20350425,20330104,20430202,20351122,20141226,20360128,20321231,20370403,,20170109,20340522,20340407,20440415,20431225,20400120,20321231,20271004,20260223,20310930,20320209,20261109,20240408,20481225,20330815
20490101,20360206,20180115,20201030,20361231,20410422,20240401,20430907,20320114,20350101,20420407,20400815,20350611,20330415,20430316,20351225,20150102,20360129,20330125,20370406,,20170320,20340703,20340410,20440418,20431231,20400213,20330125,20271005,20260309,20311001,20320210,20261225,20240415,20490101,20331026
20490416,20360411,20180120,20201116,20370101,20410501,20240404,20431029,20320115,20350321,20420505,20401101,20351106,20330523,20430326,20360101,20150109,20360208,20330228,20370608,,20170503,20340807,20340425,20440526,20440101,20400214,20330228,20271006,20260501,20311002,20320211,20270101,20240416,20490301,20331101
20490419,20360414,20180121,20201130,20370403,20410530,20240501,20431112,20320116,20350323,20420526,20401225,20351225,20330624,20430327,20360121,20150116,20360411,20330301,20370803,,20170504,20340904,20340605,20440606,20440229,20400330,20330301,20271007,20260504,20311003,20320212,20270122,20240501,20490302,20331208
20490427,20360425,20180127,20201225,20370406,20410621,20240515,20431113,20320211,20350326,20420825,20401226,20351226,20330701,20430501,20360218,20150123,20360501,20330415,20371005,,20170505,20341009,20341023,20440801,20440301,20400423,20330415,20280103,20260511,20311009,20320213,20270201,20240506,20490416,20331226
20490527,20360602,20180128,20210126,20370501,20411206,20240610,20440101,20320322,20350427,20421225,20410101,20360101,20330905,20430916,20360526,20150130,20361119,20330421,20371225,,20170717,20341113,20341225,20441226,20440415,20400501,20330421,20280125,20260612,20311225,20320227,20270208,20240522,20490421,20340106
20490607,20361027,20180203,20210219,20370514,20411224,20240701,20440519,20320326,20350501,20421226,20410419,20360128,20331010,20431102,20360704,20150206,20361225,20330616,20371228,,20170811,20341225,20341226,20450102,20440421,20400531,20330616,20280126,20261104,20320101,20320405,20270224,20240701,20490617,20340410
20500408,20361225,20180204,20210311,20370525,20411225,20240918,20440824,20320412,20350809,20430101,20410422,20360310,20331111,20431116,20360901,20150213,20370101,20330907,20380101,,20170918,20341226,20350101,20450407,20440616,20400907,20330907,20280127,20270101,20320210,20320406,20270310,20240722,20490907,20340501
20500411,20361226,20180210,20210329,20370604,20411226,20241001,20440825,20320506,20350924,20430327,20410501,20360411,20331226,20431225,20361013,20150220,20370127,20331012,20380126,,20171009,20350101,20350102,20450410,20440907,20401012,20331012,20280128,20270104,20320211,20320430,20270311,20240812,20491012,20340518
20500427,20370101,20180211,20210401,20371224,20420101,20241011,20440826,20320525,20351217,20430330,20410530,20360414,20331227,20440101,20361111,20150227,20370216,20331102,20380423,,20171103,20350219,20350122,20450501,20441012,20401102,20331102,20280131,20270105,20320212,20320611,20270517,20241023,20491102,20340529
20500505,20370102,20180217,20210402,20371225,20420106,20241225,20440830,20320817,20351225,20430504,20410610,20360425,20340102,20440201,20361127,20150306,20370217,20331115,20380426,,20171123,20350323,20350206,20450518,20441102,20401115,20331115,20280403,20270106,20320301,20320920,20270520,20241205,20491115,20340608
20500519,20370126,20180218,20210413,20371231,20420404,20241226,20441031,20321101,20351226,20430525,20410815,20360609,20340103,20440321,20361225,20150313,20370403,20331230,20380427,,20180101,20350521,20350323,20450529,20441115,20401120,20331230,20280404,20270107,20320414,20321011,20270607,20241210,20500221,20340815
20500530,20370206,20180219,20210414,20380101,20420407,20250101,20441101,20321224,20360101,20430831,20411101,20361104,20340407,20440414,20370101,20150320,20370501,20340125,20380614,,20180102,20350702,20350326,20450801,20441130,20401225,20340125,20280501,20270108,20320505,20321231,20270816,20241231,20500222,20341026
20501226,20370403,20180224,20210421,20380423,20420501,20250129,20441102,20330103,20360321,20431225,20411225,20361225,20340522,20440415,20370119,20150327,20370529,20340220,20380802,,20180103,20350806,20350425,20451225,20441230,20401231,20340220,20280529,20270222,20320920,20330128,20270831,20250101,20500408,20341101
20510331,20370406,20180225,20210514,20380426,20420515,20250130,20441103,20330104,20360411,20431228,20411226,20361226,20340623,20440916,20370216,20150403,20370810,20340221,20381004,,20180108,20350903,20350604,20451226,20450220,20410101,20340221,20281002,20270223,20320921,20330131,20270916,20250212,20500421,20341208
20510403,20370427,20180303,20210526,20380603,20420620,20250131,20450501,20330105,20360414,20440101,20420101,20370101,20340703,20441102,20370525,20150410,20371106,20340407,20381227,,20180212,20351008,20351022,20460101,20450221,20410304,20340407,20281003,20270308,20321222,20330201,20271028,20250407,20500609,20341225
20510427,20370601,20180304,20210721,20380614,20421224,20250404,20450519,20330106,20360428,20440415,20420404,20370126,20340904,20441121,20370907,20150417,20371109,20340421,20381228,,20180321,20351112,20351225,20460102,20450407,20410305,20340421,20281004,20270503,20330131,20330202,20280126,20250414,20500907,20341226
20510511,20371026,20180310,20210816,20380624,20421225,20250418,20450814,20330131,20360501,20440418,20420407,20370309,20341009,20441212,20371012,20150424,20371225,20340501,20390103,,20180430,20351225,20351226,20460323,20450421,20410419,20340501,20281005,20270504,20330201,20330228,20280127,20250415,20501012,20350101
20510522,20371225,20180311,20210819,20381224,20421226,20250421,20450815,20330331,20360616,20440502,20420501,20370403,20341113,20450206,20371111,20150501,20380101,20340608,20390126,,20180503,20351226,20360101,20460326,20450501,20410423,20340608,20281006,20270510,20330202,20330401,20280201,20250501,20501102,20350326
20511225,20371228,20180317,20210910,20381231,20430101,20250501,20450816,20330401,20360924,20440530,20420515,20370406,20341225,20450320,20371126,20150508,20380204,20340907,20390408,,20180504,20360101,20360102,20460501,20450608,20410501,20340907,20290101,20270614,20330301,20330404,20280209,20250505,20501115,20350501
20511226,20380101,20180318,20211015,20390408,20430106,20250505,20450830,20330415,20361216,20440829,20420526,20370608,20341226,20450406,20371225,20150515,20380205,20341012,20390411,,20180716,20360218,20360121,20460503,20450907,20410620,20341012,20290212,20271104,20330505,20330502,20280214,20250512,20510213,20350503
20520101,20380104,20180324,20211019,20390411,20430327,20250701,20451020,20330526,20361225,20441226,20420623,20371103,20350101,20450407,20380101,20150522,20380423,20341102,20390425,,20180917,20360411,20360206,20460514,20451012,20411115,20341102,20290213,20271105,20330506,20330601,20280228,20250701,20510214,20350514
20520419,20380201,20180325,20211104,20390519,20430330,20251001,20451023,20330610,20361226,20441227,20420815,20371225,20350102,20450501,20380118,20150529,20380518,20341115,20390613,,20180924,20360519,20360411,20460801,20451102,20411120,20341115,20290214,20280103,20330606,20330908,20280229,20250710,20510331,20350524
20520422,20380208,20180330,20211105,20390530,20430501,20251007,20460101,20330817,20370101,20450102,20421225,20371228,20350323,20451102,20380215,20150605,20380809,20341120,20390801,,20181008,20360701,20360414,20461225,20451115,20411225,20341120,20290215,20280104,20330815,20330909,20280501,20250812,20510421,20350815
20520530,20380423,20180331,20211119,20390609,20430507,20251029,20460423,20331021,20370403,20450407,20421226,20380101,20350521,20451120,20380531,20150612,20381027,20341225,20391003,,20181123,20360804,20360425,20461226,20451130,20411231,20341225,20290216,20280105,20330907,20331010,20280505,20251023,20510501,20351026
20520610,20380426,20180401,20220126,20391003,20430619,20251225,20460501,20331222,20370406,20450410,20430101,20380126,20350625,20451212,20380705,20150619,20381029,20341229,20391226,,20181224,20360901,20360602,20470101,20451225,20420101,20341229,20290404,20280106,20330908,20340102,20280509,20251205,20510601,20351101
20521225,20380607,20180407,20220301,20391226,20431224,20251226,20460803,20331223,20370427,20450501,20430327,20380308,20350702,20451225,20380906,20150626,20390105,20350101,20391227,,20181231,20361013,20361027,20470102,20451229,20420120,20350101,20290430,20280107,20330909,20340216,20280526,20251210,20510907,20351224
20521226,20381025,20180408,20220318,20400330,20431225,20260101,20460830,20331226,20370501,20450529,20430330,20380423,20350903,20460101,20381011,20150703,20390124,20350125,20400102,,20190101,20361111,20361225,20470412,20460101,20420217,20350125,20290501,20280223,20331003,20340217,20280803,20251231,20511012,20351225
20530101,20381227,20180414,20220401,20400402,20440101,20260217,20461010,20340301,20370616,20450828,20430501,20380426,20351008,20460205,20381111,20150710,20390125,20350205,20400126,,20190102,20361225,20361226,20470415,20460205,20420218,20350205,20290618,20280308,20340220,20340220,20280831,20260101,20511102,20351226
20530404,20381228,20180415,20220414,20400501,20440106,20260218,20461011,20340322,20370810,20451225,20430507,20380427,20351112,20460319,20381125,20150716,20390408,20350206,20400330,,20190103,20361226,20370101,20470501,20460206,20420404,20350206,20290924,20280501,20340221,20340221,20281017,20260102,20511115,20360101
20530407,20390103,20180421,20220415,20400510,20440415,20260219,20461012,20340407,20370924,20451226,20430518,20380614,20351225,20460322,20390117,20150717,20390502,20350323,20400402,,20190114,20370101,20370102,20470523,20460323,20420421,20350323,20291001,20280502,20340301,20340227,20281225,20260303,20511225,20360414
20530515,20390104,20180422,20220503,20400521,20440418,20260403,20461029,20340419,20371216,20460101,20430623,20381102,20351226,20460323,20390221,20150720,20390809,20350501,20400425,,20190211,20370216,20370119,20470603,20460501,20420423,20350501,20291002,20280508,20340501,20340228,20290101,20260406,20520101,20360501
20530526,20390131,20180428,20220516,20400531,20440526,20260406,20470101,20340501,20371225,20460323,20431225,20381227,20360101,20460501,20390530,20150724,20391019,20350524,20400611,,20190321,20370403,20370206,20470801,20460524,20420501,20350524,20291003,20280509,20340505,20340404,20290130,20260413,20520304,20360522
20531225,20390207,20180429,20220809,20401003,20440624,20260407,20470423,20340518,20380101,20460326,20440101,20381228,20360102,20461102,20390704,20150731,20391115,20350709,20400806,,20190429,20370518,20370403,20471225,20460907,20420605,20350709,20291004,20280612,20340525,20340405,20290201,20260414,20520305,20360602
20531226,20390408,20180505,20220815,20401224,20441206,20260501,20470501,20340530,20380322,20460507,20440415,20390103,20360411,20461119,20390905,20150807,20391226,20350907,20401001,,20190503,20370701,20370406,20471226,20461012,20421120,20350907,20291005,20281106,20340531,20340501,20290202,20260415,20520419,20360612
20540101,20390411,20180506,20220816,20401225,20441226,20260525,20470724,20340602,20380423,20460528,20440418,20390126,20360519,20461212,20391010,20150814,20400102,20351012,20401225,,20190506,20370803,20370427,20480101,20461102,20421225,20351012,20291231,20290101,20340606,20340619,20290213,20260501,20520501,20360815
20540327,20390425,20180512,20220831,20401226,20450106,20260619,20470725,20340817,20380426,20460827,20440526,20390314,20360624,20461225,20391111,20150821,20400213,20351102,20401226,,20190715,20370907,20370601,20480102,20461115,20421231,20351102,20300101,20290102,20340815,20340620,20290214,20260505,20520620,20361208
20540330,20390606,20180513,20221004,20401231,20450407,20260701,20470726,20341010,20380427,20461225,20440606,20390408,20360701,20470101,20391124,20150828,20400214,20351115,20410101,,20190812,20371012,20371026,20480403,20461130,20430101,20351115,20300204,20290103,20340926,20340927,20290215,20260601,20521115,20361224
20540427,20391024,20180519,20221024,20410101,20450410,20261001,20470830,20341211,20380616,20461226,20440623,20390411,20360901,20470204,20391226,20150904,20400330,20351120,20410128,,20190916,20371111,20371225,20480406,20461225,20430120,20351120,20300205,20290104,20340927,20341009,20290216,20260701,20521225,20361225
20540507,20391226,20180520,20221026,20410419,20450501,20261019,20470930,20341212,20380809,20470101,20440815,20390425,20361013,20470318,20400102,20150911,20400501,20351225,20410419,,20190923,20371225,20371228,20480501,20461231,20430209,20351225,20300206,20290105,20340928,20341010,20290424,20260729,20530101,20361226
20540518,20391227,20180526,20221108,20410422,20450518,20261225,20471001,20341213,20380924,20470412,20441101,20390613,20361111,20470411,20400116,20150918,20400525,20351231,20410422,,20191014,20371228,20380101,20480514,20470101,20430210,20351231,20300207,20290108,20341003,20350101,20290501,20260812,20530217,20370101
20541225,20400102,20180527,20230126,20410501,20450623,20270101,20471002,20341214,20381216,20470415,20441226,20391101,20361225,20470412,20400220,20150922,20400809,20360101,20410425,,20191104,20380101,20380104,20480525,20470225,20430327,20360101,20300208,20290223,20341009,20350207,20290515,20261023,20530218,20370106
20550101,20400103,20180528,20230307,20410530,20451206,20270208,20471003,20341215,20381227,20470506,20450407,20391226,20361226,20470501,20400528,20150923,20401008,20360125,20410610,,20191223,20380215,20380125,20481225,20470226,20430421,20360125,20300405,20290308,20341225,20350208,20290528,20261207,20530404,20370406
20550416,20400130,20180602,20230322,20410610,20451225,20270209,20471029,20341225,20390321,20470527,20450410,20391227,20370101,20470916,20400704,20150924,20401225,20360225,20410805,,20191231,20380423,20380208,20490101,20470412,20430423,20360225,20300501,20290309,20350101,20350209,20290724,20261210,20530421,20370501
20550419,20400206,20180603,20230330,20410620,20451226,20270326,20480101,20350101,20390408,20470826,20450501,20400102,20370102,20471118,20400903,20150925,20410101,20360226,20411007,,20200101,20380524,20380423,20490416,20470501,20430501,20360226,20300605,20290430,20350207,20350212,20290831,20261231,20530501,20370514
20550427,20400330,20180609,20230404,20411003,20460101,20270329,20480423,20350208,20390411,20471225,20450518,20400126,20370403,20471212,20401008,20151002,20410201,20360411,20411225,,20200102,20380701,20380426,20490419,20470613,20430528,20360411,20300912,20290501,20350208,20350228,20290917,20270101,20530605,20370525
20550505,20400402,20180610,20230407,20411224,20460323,20270405,20480501,20350219,20390427,20471226,20450529,20400312,20370518,20471225,20401112,20151009,20410419,20360421,20411226,,20200103,20380802,20380607,20490527,20471115,20430907,20360421,20300913,20290509,20350209,20350404,20291105,20270222,20531225,20370604
20550527,20400425,20180616,20230414,20411225,20460326,20270513,20480519,20350323,20390502,20480101,20450623,20400330,20370624,20480101,20401122,20151016,20410501,20360501,20420101,,20200113,20380906,20381025,20490607,20471225,20431012,20360501,20301001,20290611,20350301,20350405,20291225,20270406,20540101,20371026
20550607,20400604,20180617,20230501,20411226,20460501,20270609,20480713,20350409,20390616,20480403,20450815,20400402,20370701,20480203,20401225,20151023,20410514,20360612,20420127,,20200211,20381011,20381227,20500408,20471231,20431102,20360612,20301002,20290612,20350501,20350430,20300101,20270413,20540209,20371208
20560331,20401022,20180623,20230505,20411231,20460503,20270701,20480714,20350501,20390809,20480406,20451101,20400425,20370907,20480316,20410101,20151030,20410809,20360709,20420404,,20200320,20381111,20381228,20500411,20480101,20431120,20360709,20301003,20291105,20350507,20350501,20300121,20270414,20540210,20371224
20560403,20401225,20180624,20230629,20420101,20460622,20270916,20480918,20350503,20391216,20480504,20451225,20400611,20371012,20480402,20410121,20151106,20410927,20361120,20420407,,20200429,20381227,20390103,20500519,20480217,20431225,20361120,20301004,20300101,20350515,20350611,20300122,20270415,20540327,20371225
20560427,20401226,20180630,20230815,20420404,20461206,20271001,20480921,20350522,20391226,20480525,20451226,20401106,20371111,20480403,20410218,20151113,20411023,20361225,20420425,,20200504,20381228,20390104,20500530,20480218,20431231,20361225,20301007,20300102,20350606,20350917,20300201,20270503,20540421,20380101
20560511,20410101,20180701,20230816,20420407,20461224,20271008,20481029,20350817,20400102,20480831,20460101,20401225,20371225,20480501,20410527,20151120,20411204,20361231,20420609,,20200505,20390103,20390124,20500801,20480403,20440101,20361231,20310101,20300103,20350815,20351010,20300204,20270505,20540501,20380106
20560522,20410102,20180704,20230918,20420501,20461225,20271227,20490101,20351130,20400321,20481225,20460323,20401226,20371228,20480916,20410704,20151127,20411225,20370101,20420804,,20200506,20390221,20390207,20501226,20480421,20440120,20370101,20310122,20300104,20350917,20351231,20300205,20270520,20540528,20380426
20561225,20410128,20180707,20230928,20420515,20461226,20280126,20490423,20351203,20400330,20481228,20460326,20410101,20380101,20481102,20410902,20151204,20420101,20370216,20421006,,20200720,20390408,20390408,20510102,20480501,20440229,20370216,20310123,20300107,20350918,20360101,20300206,20270701,20540907,20380603
20561226,20410206,20180708,20231002,20420526,20470101,20280127,20490519,20351204,20400402,20490101,20460501,20410128,20380104,20481116,20411014,20151211,20420122,20370217,20421225,,20200811,20390523,20390411,20510331,20480604,20440301,20370217,20310124,20300108,20351003,20360125,20300207,20270719,20541012,20380614
20570101,20410419,20180714,20231024,20420605,20470412,20280128,20490701,20351224,20400427,20490416,20460503,20410311,20380423,20481201,20411111,20151218,20420123,20370403,20421226,,20200921,20390701,20390425,20510403,20480907,20440415,20370403,20310127,20300308,20351009,20360128,20300501,20270812,20541102,20380624
20570420,20410422,20180715,20231114,20421003,20470415,20280404,20490702,20351225,20400501,20490419,20460514,20410419,20380524,20481225,20411128,20151225,20420404,20370421,20430101,,20200922,20390801,20390606,20510501,20481012,20440421,20370421,20310128,20300501,20351225,20360129,20300516,20271025,20541225,20381026
20570423,20410425,20180721,20231127,20421224,20470501,20280414,20490830,20360101,20400809,20490503,20460815,20410422,20380624,20490101,20411225,20160101,20420501,20370501,20430126,,20201012,20390905,20391024,20510511,20481102,20440616,20370501,20310407,20300502,20360101,20360130,20300916,20271206,20550101,20381101
20570427,20410603,20180722,20231225,20421225,20470523,20280417,20490908,20360128,20400924,20490531,20461101,20410425,20380701,20490201,20420101,20160108,20420602,20370604,20430327,,20201103,20391010,20391226,20510522,20481130,20440907,20370604,20310501,20300503,20360128,20360228,20301225,20271210,20550301,20381208
20570531,20411028,20180728,20240126,20421226,20470621,20280501,20490909,20360208,20401217,20490830,20461225,20410610,20380906,20490315,20420120,20160115,20420916,20370709,20430330,,20201123,20391111,20391227,20510801,20481225,20441012,20370709,20310502,20300509,20360129,20360229,20310101,20271231,20550302,20381224
20570611,20411225,20180729,20240219,20421231,20471206,20280502,20490910,20360228,20401225,20491227,20461226,20411105,20381011,20490415,20420217,20160122,20421111,20370907,20430608,,20201223,20391226,20400102,20511225,20481231,20441102,20370907,20310623,20300510,20360130,20360403,20310123,20280103,20550416,20390106
20571225,20411226,20180804,20240308,20430101,20471224,20280529,20491029,20360328,20401226,20491228,20470101,20411225,20381111,20490416,20420526,20160129,20421124,20371012,20430803,,20201231,20391227,20400103,20511226,20490101,20441115,20371012,20310624,20300612,20360409,20360404,20310124,20280210,20550421,20390411
20571226,20420101,20180805,20240325,20430327,20471225,20281002,20500519,20360411,20410101,20500103,20470412,20411226,20381227,20490916,20420704,20160205,20421225,20371102,20431005,,20210101,20400102,20400123,20520101,20490301,20441230,20371102,20311001,20301104,20360501,20360501,20310127,20280406,20550617,20390519
20580101,20420102,20180811,20240329,20430330,20471226,20281004,20500620,20360501,20410321,20500408,20470415,20420101,20381228,20491102,20420901,20160212,20430101,20371120,20431225,,20210111,20400220,20400206,20520102,20490302,20450120,20371120,20311002,20310101,20360505,20360502,20310206,20280413,20550907,20390530
20580412,20420127,20180812,20240401,20430501,20480101,20281026,20500621,20360509,20410419,20500411,20470501,20420127,20390103,20491115,20421013,20160219,20430210,20371225,20431228,,20210211,20400330,20400330,20520419,20490416,20450220,20371225,20311003,20310102,20360606,20360530,20310403,20280414,20551012,20390609
20580415,20420206,20180818,20240409,20430507,20480106,20281225,20500622,20360522,20410422,20500502,20470523,20420310,20390104,20500207,20421111,20160226,20430211,20371231,20440101,,20210429,20400521,20400402,20520422,20490421,20450221,20371231,20311006,20310103,20360815,20361003,20310423,20280501,20551102,20390815
20580523,20420404,20180819,20240411,20430518,20480403,20281226,20500829,20360918,20410501,20500530,20470603,20420404,20390408,20500321,20421127,20160304,20430327,20380101,20440126,,20210503,20400702,20400425,20520501,20490617,20450407,20380101,20311007,20310106,20361003,20361010,20310501,20280505,20551115,20391026
20580603,20420407,20180825,20240417,20430528,20480406,20290101,20500830,20361118,20410617,20500829,20470815,20420407,20390523,20500407,20421225,20160311,20430501,20380125,20440415,,20210504,20400806,20400604,20520530,20490907,20450421,20380125,20311008,20310107,20361006,20370101,20310506,20280508,20560214,20391101
20581225,20420425,20180826,20240501,20431224,20480501,20290213,20500831,20361119,20410809,20501226,20471101,20420425,20390624,20500408,20430101,20160318,20430810,20380308,20440418,,20210505,20400903,20401022,20520610,20491012,20450501,20380308,20320101,20310108,20361009,20370102,20310702,20280706,20560215,20391208
20581226,20420602,20180901,20240523,20431225,20480514,20290214,20510501,20361120,20410924,20501227,20471225,20420609,20390701,20500916,20430119,20160325,20431112,20380309,20440425,,20210719,20401008,20401225,20520801,20491102,20450608,20380309,20320102,20310310,20361225,20370212,20310901,20280814,20560331,20391226
20590101,20421027,20180902,20240617,20431231,20480619,20290215,20510519,20361121,20411216,20510102,20471226,20421104,20390905,20501102,20430216,20160401,20431225,20380421,20440613,,20210811,20401112,20401226,20521225,20491115,20450907,20380421,20320210,20310501,20370101,20370213,20310916,20281023,20560421,20400106
20590328,20421225,20180903,20240717,20440101,20481224,20290330,20510612,20361225,20411225,20510331,20480101,20421225,20391010,20501121,20430525,20160408,20440101,20380423,20440801,,20210920,20401225,20410101,20521226,20491130,20451012,20380423,20320211,20310502,20370216,20370216,20311114,20281205,20560501,20400402
20590331,20421226,20180908,20240815,20440415,20481225,20290402,20510817,20370101,20411226,20510403,20480403,20421226,20391111,20501212,20430907,20160415,20440201,20380624,20441003,,20210923,20401226,20410102,20530101,20491231,20451102,20380624,20320212,20310509,20370217,20370217,20311225,20281211,20560601,20400501
20590508,20430101,20180909,20240916,20440418,20490101,20290404,20510818,20370126,20420101,20510501,20480406,20430101,20391226,20510206,20431012,20160422,20440415,20380709,20441226,,20211011,20410101,20410121,20530102,20500221,20451115,20380709,20320213,20310612,20370501,20370227,20320101,20290101,20560907,20400510
20590519,20430102,20180915,20241002,20440526,20490106,20290501,20510830,20370127,20420321,20510529,20480501,20430126,20391227,20510320,20431111,20160429,20440502,20380907,20441227,,20211103,20410218,20410206,20530404,20500222,20451120,20380907,20320216,20310613,20370505,20370402,20320102,20290102,20561012,20400521
20591225,20430126,20180916,20241101,20440606,20490416,20290521,20520101,20370216,20420404,20510828,20480514,20430309,20400102,20510330,20431126,20160506,20440512,20381012,20450102,,20211123,20410419,20410419,20530407,20500408,20451225,20381012,20320405,20311103,20370522,20370403,20320114,20290227,20561102,20400531
20591226,20430206,20180922,20241115,20440616,20490419,20290702,20520423,20370317,20420407,20511225,20480525,20430327,20400103,20510331,20431225,20160513,20440809,20381102,20450126,,20211223,20410520,20410422,20530501,20500421,20451229,20381102,20320503,20311104,20370923,20370501,20320115,20290406,20561115,20400815
20600101,20430327,20180923,20241225,20441003,20490527,20290924,20520501,20370403,20420428,20511226,20480623,20430330,20400330,20510501,20440101,20160520,20440824,20381115,20450407,,20211231,20410701,20410425,20530515,20500609,20460101,20381115,20320614,20320101,20370924,20370618,20320127,20290413,20561225,20401026
20600416,20430330,20180929,20250219,20441226,20490625,20291001,20520529,20370428,20420501,20520101,20481225,20430608,20400521,20511102,20440118,20160527,20441020,20381231,20450410,,20220103,20410805,20410603,20530526,20500907,20460205,20381231,20320920,20320102,20370925,20370619,20320202,20290416,20570101,20401101
20600419,20430427,20180930,20250226,20450407,20491206,20291016,20520530,20370501,20420616,20520419,20490101,20431103,20400625,20511120,20440215,20160603,20441031,20390125,20450425,,20220110,20410902,20411028,20530801,20501012,20460206,20390125,20321001,20320105,20371009,20370924,20320211,20290501,20570305,20401224
20600427,20430601,20181006,20250314,20450410,20491224,20291225,20520531,20370514,20420924,20520422,20490416,20431225,20400702,20511212,20440530,20160610,20441226,20390221,20450612,,20220211,20411014,20411225,20531225,20501102,20460323,20390221,20321004,20320106,20371223,20370925,20320212,20290507,20570306,20401225
20600505,20431026,20181007,20250331,20450501,20500106,20291226,20520805,20370529,20421216,20520506,20490419,20431228,20400903,20511225,20440704,20160617,20450102,20390222,20450807,,20220321,20411111,20411226,20531226,20501115,20460423,20390222,20321005,20320107,20371225,20371009,20320322,20290528,20570420,20401226
20600527,20431225,20181008,20250401,20450518,20500408,20300101,20520806,20370817,20421225,20520527,20490527,20440101,20401008,20520101,20440905,20160624,20450217,20390408,20451002,,20220429,20411225,20420101,20540101,20501130,20460501,20390408,20321006,20320108,20380101,20380101,20320412,20290725,20570501,20410101
20600607,20431228,20181013,20250410,20450529,20500411,20300204,20520807,20370908,20421226,20520826,20490607,20440126,20401112,20520205,20441010,20160701,20450407,20390421,20451225,,20220503,20411226,20420102,20540102,20501230,20460524,20390421,20321007,20320109,20380203,20380203,20320524,20290813,20570621,20410422
20610408,20440101,20181014,20250414,20450608,20500519,20300205,20520808,20371109,20430101,20521225,20490623,20440314,20401225,20520318,20441111,20160705,20450501,20390609,20451226,,20220504,20420101,20420120,20540327,20510213,20460907,20390609,20330103,20320223,20380204,20380204,20320621,20291023,20570907,20410501
20610411,20440104,20181020,20250418,20451003,20500624,20300206,20520830,20371110,20430327,20521226,20491101,20440415,20401226,20520418,20441124,20160706,20450531,20390907,20460101,,20220505,20420217,20420206,20540330,20510214,20461012,20390907,20330131,20320308,20380205,20380205,20320831,20291205,20571012,20410530
20610427,20440201,20181021,20250501,20451225,20501206,20300405,20521029,20371111,20430330,20530101,20500408,20440418,20410101,20520419,20441226,20160707,20450809,20391012,20460126,,20220718,20420404,20420404,20540501,20510331,20461102,20391012,20330201,20320503,20380301,20380208,20320916,20291210,20571102,20410610
20610519,20440208,20181027,20250512,20451226,20501226,20300419,20530101,20371112,20430427,20530404,20500411,20440425,20410102,20520501,20450102,20160708,20450814,20391102,20460323,,20220811,20420519,20420407,20540507,20510421,20461115,20391102,20330202,20320504,20380505,20380301,20321102,20291231,20571115,20410620
20610530,20440415,20181028,20250815,20460101,20510106,20300422,20530423,20371225,20430501,20530407,20500519,20440613,20410419,20520916,20450116,20160715,20451108,20391115,20460326,,20220919,20420701,20420425,20540518,20510501,20461120,20391115,20330203,20320510,20380511,20380405,20321220,20300101,20571225,20410815
20611226,20440418,20181103,20250827,20460323,20510331,20300501,20530501,20380101,20430616,20530505,20500530,20441101,20410520,20521118,20450220,20160722,20451225,20391230,20460425,,20220923,20420804,20420602,20541225,20510601,20461225,20391230,20330204,20320614,20380602,20380406,20330103,20300218,20580101,20411101
20620324,20440425,20181104,20250905,20460326,20510403,20300509,20530519,20380204,20430810,20530526,20500623,20441226,20410624,20521212,20450529,20160729,20460101,20400125,20460611,,20221010,20420901,20421027,20550101,20510907,20461231,20400125,20330404,20321104,20380913,20380430,20330104,20300408,20580225,20411224
20620327,20440606,20181110,20251002,20460501,20510501,20300605,20530520,20380205,20430924,20530825,20500815,20441227,20410701,20521225,20450704,20160805,20460206,20400213,20460806,,20221103,20421013,20421225,20550416,20511012,20470101,20400213,20330502,20321105,20380914,20380607,20330131,20300415,20580226,20411225
20620427,20441024,20181111,20251021,20460503,20510511,20300701,20530521,20380405,20431216,20531225,20501101,20450102,20410902,20530101,20450904,20160812,20460207,20400214,20461001,,20221123,20421111,20421226,20550419,20511102,20470225,20400214,20330601,20330103,20380915,20380913,20330201,20300416,20580412,20411226
20620504,20441226,20181112,20251022,20460514,20510623,20300913,20530728,20380423,20431225,20531226,20501226,20450126,20411014,20530203,20451009,20160819,20460323,20400330,20461225,,20221223,20421225,20430101,20550527,20511115,20470226,20400330,20330908,20330104,20390124,20381011,20330202,20300501,20580501,20420101
20620515,20441227,20181117,20251105,20460524,20511206,20301001,20530729,20380519,20440101,20540101,20510331,20450313,20411111,20530317,20451123,20160826,20460501,20400501,20461226,,20230102,20421226,20430102,20550607,20511130,20470412,20400501,20330909,20330105,20390125,20381231,20330401,20300506,20580613,20420106
20621225,20450102,20181118,20251225,20461003,20511225,20301225,20531029,20380603,20440321,20540327,20510403,20450407,20411225,20530403,20451225,20160902,20460521,20400531,20470101,,20230103,20430101,20430119,20560331,20511225,20470423,20400531,20331003,20330106,20390126,20390121,20330502,20300516,20581115,20420407
20621226,20450103,20181122,20260126,20461224,20511226,20301226,20540101,20380817,20440415,20540330,20510501,20450410,20411226,20530404,20460101,20160908,20460809,20400709,20470128,,20230109,20430216,20430206,20560403,20511229,20470501,20400709,20331004,20330107,20390301,20390124,20330513,20300701,20581225,20420501
20630101,20450130,20181124,20260219,20461225,20520101,20310101,20540423,20381028,20440418,20540504,20510511,20450425,20420101,20530501,20460115,20160909,20461010,20400907,20470412,,20230321,20430327,20430327,20560501,20520101,20470613,20400907,20331005,20330223,20390505,20390125,20330610,20300715,20590101,20420515
20630413,20450206,20181125,20260303,20461226,20520419,20310123,20540501,20381029,20440427,20540525,20510522,20450612,20420102,20530916,20460219,20160912,20461029,20401012,20470415,,20230503,20430518,20430330,20560511,20520304,20471115,20401012,20331006,20330307,20390606,20390126,20330831,20300812,20590210,20420526
20630416,20450407,20181201,20260319,20461231,20520422,20310124,20540511,20381101,20440502,20540831,20510623,20451107,20420404,20531117,20460528,20160916,20461225,20401102,20470425,,20230504,20430701,20430427,20560522,20520305,20471120,20401102,20331007,20330308,20390815,20390228,20330916,20301023,20590211,20420605
20630427,20450410,20181202,20260326,20470101,20520501,20310411,20540519,20381224,20440616,20541225,20510815,20451225,20420519,20531212,20460704,20160922,20470101,20401115,20470610,,20230505,20430803,20430601,20560801,20520419,20471225,20401115,20340102,20330502,20391003,20390404,20331209,20301205,20590328,20420815
20630524,20450425,20181208,20260331,20470412,20520530,20310414,20540715,20390105,20440809,20541228,20511101,20451226,20420624,20531225,20460903,20160923,20470128,20401120,20470805,,20230717,20430907,20431026,20561225,20520501,20471231,20401120,20340220,20330503,20391004,20390405,20331223,20301210,20590421,20421208
20630604,20450605,20181209,20260401,20470415,20520621,20310501,20540716,20390124,20441216,20550101,20511225,20460101,20420701,20540101,20461008,20160930,20470412,20401225,20471007,,20230811,20431012,20431225,20561226,20520620,20480101,20401225,20340221,20330509,20391005,20390502,20331226,20301231,20590501,20421224
20631225,20451023,20181215,20260403,20470501,20521206,20310528,20540717,20390126,20441226,20550416,20511226,20460126,20420901,20540202,20461112,20161007,20470501,20401231,20471225,,20230918,20431111,20431228,20570101,20521115,20480120,20401231,20340222,20330613,20400213,20390527,20340102,20310101,20590529,20421225
20631226,20451225,20181216,20260414,20470523,20521224,20310624,20541029,20390325,20450102,20550419,20520101,20460312,20421013,20540316,20461122,20161014,20470509,20410101,20471226,,20231009,20431225,20440101,20570102,20521225,20480217,20410101,20340223,20331104,20400214,20391003,20340201,20310307,20591225,20421226
20640101,20451226,20181222,20260501,20470603,20521225,20310701,20550101,20390406,20450321,20550503,20520419,20460323,20421111,20540326,20461225,20161021,20470724,20410125,20480101,,20231103,20431228,20440104,20570420,20521231,20480218,20410125,20340224,20340102,20400301,20391010,20340202,20310407,20600101,20430101
20640404,20460101,20181223,20260528,20470613,20521226,20311001,20550423,20390408,20450407,20550531,20520422,20460326,20421225,20540327,20470101,20161028,20470809,20410304,20480127,,20231123,20440101,20440125,20570423,20530101,20480403,20410304,20340405,20340103,20400411,20400102,20340220,20310414,20600301,20430106
20640407,20460102,20181225,20260626,20471003,20530101,20311002,20550428,20390519,20450410,20550830,20520501,20460425,20421226,20540501,20470121,20161104,20470930,20410305,20480403,,20240101,20440215,20440208,20570501,20530217,20480421,20410305,20340501,20340104,20400501,20400209,20340221,20310415,20600302,20430330
20640515,20460129,20181229,20260826,20471224,20530106,20311024,20550429,20390817,20450427,20551227,20520530,20460611,20430101,20540916,20470218,20161111,20471018,20410419,20480406,,20240102,20440415,20440415,20570531,20530218,20480423,20410419,20340619,20340105,20400507,20400210,20340301,20310501,20600416,20430501
20640526,20460206,20181230,20260914,20471225,20530404,20311225,20550430,20390818,20450501,20551228,20520610,20461106,20430102,20541102,20470527,20161118,20471225,20410501,20480608,,20240103,20440523,20440418,20570611,20530404,20480501,20410501,20340620,20340106,20400518,20400213,20340322,20310505,20600421,20430507
20641225,20460323,20190101,20261002,20471226,20530407,20311226,20550519,20391018,20450616,20560103,20520815,20461225,20430327,20541116,20470704,20161125,20480101,20410620,20480803,,20240108,20440701,20440425,20570801,20530421,20480604,20410620,20340927,20340223,20400606,20400214,20340501,20310604,20600617,20430518
20641226,20460326,20190105,20261020,20471231,20530501,20320101,20550705,20391019,20450809,20560331,20521101,20461226,20430518,20541201,20470902,20161202,20480214,20410709,20481005,,20240212,20440801,20440606,20571225,20530501,20480907,20410709,20341002,20340308,20400815,20400227,20340503,20310701,20600907,20430528
,20460425,20190106,20261110,20480101,20530515,20320211,20550706,20391020,20450925,20560403,20521225,20470101,20430624,20541225,20471014,20161209,20480403,20411115,20481225,,20240320,20440905,20441024,20571226,20530605,20481012,20411115,20341003,20340501,20400920,20400228,20340530,20310804,20601012,20431026
,20460604,20190112,20261124,20480403,20530620,20320212,20550707,20391021,20451225,20560501,20521226,20470128,20430701,20550101,20471111,20161216,20480501,20411120,20481228,,20240429,20441010,20441226,20580101,20531225,20481102,20411120,20341004,20340502,20400921,20400403,20340831,20310812,20601102,20431208
,20461022,20190113,20261225,20480406,20531224,20320213,20550708,20391226,20451226,20560529,20530101,20470311,20430907,20550201,20471128,20161223,20480527,20411225,20490101,,20240503,20441111,20441227,20580102,20531231,20481120,20411225,20341005,20340508,20401003,20400404,20341109,20311023,20601115,20431224
,20461225,20190119,20270126,20480501,20531225,20320326,20550830,20400314,20460101,20560828,20530404,20470412,20431012,20550315,20471225,20161230,20480713,20411231,20490126,,20240506,20441226,20450102,20580412,20540101,20481225,20411231,20341006,20340509,20401009,20400430,20341128,20311205,20610221,20431225
,20461226,20190120,20270219,20480514,20531226,20320329,20551029,20400330,20460321,20561225,20530407,20470415,20431111,20550415,20480101,20170106,20480810,20420101,20490416,,20240715,20441227,20450103,20580415,20540209,20481231,20420101,20350101,20340612,20401225,20400501,20341212,20311210,20610222,20440101
,20470101,20190121,20270310,20480525,20540101,20320405,20560417,20400501,20460323,20561226,20530501,20470425,20431225,20550416,20480120,20170113,20481105,20420217,20490419,,20240812,20450102,20450123,20580501,20540210,20490101,20420217,20350207,20341106,20410101,20400614,20341213,20311231,20610408,20440106
,20470102,20190126,20270322,20480604,20540106,20320517,20560418,20400510,20460326,20570101,20530515,20470610,20431228,20550916,20480217,20170120,20481225,20420218,20490426,,20240916,20450220,20450206,20580523,20540327,20490120,20420218,20350208,20350101,20410131,20400615,20341225,20320101,20610421,20440418
,20470128,20190127,20270326,20481224,20540327,20320701,20560501,20400806,20460427,20570420,20530526,20471105,20440101,20551102,20480525,20170127,20490101,20420404,20490614,,20240923,20450407,20450407,20580603,20540421,20490301,20420404,20350209,20350102,20410201,20400920,20350101,20320102,20610609,20440526
,20470206,20190202,20270401,20481225,20540330,20320920,20560519,20400817,20460501,20570423,20530623,20471225,20440104,20551115,20480907,20170203,20490202,20420421,20490802,,20241014,20450522,20450410,20580801,20540501,20490302,20420421,20350212,20350103,20410301,20400921,20350124,20320225,20610907,20440606
,20470412,20190203,20270407,20481231,20540501,20321001,20560623,20401008,20460809,20570507,20530815,20471226,20440415,20560207,20481012,20170210,20490203,20420501,20491004,,20241104,20450703,20450425,20581225,20540528,20490416,20420501,20350213,20350104,20410501,20401010,20350201,20320406,20611012,20440616
,20470415,20190209,20270414,20490101,20540507,20321012,20560626,20401009,20460924,20570528,20531225,20480101,20440523,20560320,20481111,20170217,20490416,20420605,20491227,,20241223,20450807,20450605,20581226,20540907,20490421,20420605,20350405,20350105,20410506,20401231,20350208,20320413,20611102,20440815
,20470425,20190210,20270415,20490416,20540619,20321227,20560830,20401010,20461217,20570827,20531226,20480127,20440624,20560330,20481126,20170224,20490517,20420709,20491228,,20241231,20450904,20451023,20590101,20541012,20490423,20420709,20350406,20350108,20410507,20410101,20350209,20320414,20611115,20441026
,20470603,20190216,20270419,20490419,20541224,20330131,20570101,20401224,20461225,20571225,20540101,20480309,20440701,20560331,20481225,20170303,20490701,20421120,20500103,,20250101,20451009,20451225,20590102,20541102,20490617,20421120,20350430,20350223,20410606,20410131,20350219,20320415,20620206,20441101
,20471028,20190217,20270517,20490527,20541225,20330201,20570405,20401225,20461226,20571226,20540327,20480403,20440905,20560501,20490101,20170310,20490809,20421225,20500126,,20250102,20451113,20451226,20590328,20541130,20490907,20421225,20350501,20350308,20410815,20410201,20350312,20320503,20620207,20441208
,20471225,20190218,20270520,20490607,20550101,20330202,20570406,20410101,20470101,20580101,20540330,20480406,20441010,20561102,20490118,20170317,20490908,20421231,20500408,,20250103,20451225,20460101,20590331,20541225,20491012,20421231,20350611,20350309,20410909,20410204,20350501,20320505,20620324,20441226
,20471226,20190223,20270616,20490617,20550106,20330404,20570423,20410104,20470321,20580412,20540501,20480608,20441111,20561120,20490215,20170324,20491025,20430101,20500411,,20250113,20451226,20460102,20590501,20541231,20491102,20430101,20350917,20350430,20410910,20410205,20350521,20320524,20620421,20450106
,20480101,20190224,20271029,20491224,20550416,20330415,20570501,20410201,20470412,20580415,20540507,20481103,20441226,20561212,20490531,20170331,20500124,20430209,20500425,,20250211,20460101,20460122,20590508,20550101,20491115,20430209,20351001,20350501,20410911,20410228,20350522,20320701,20620501,20450410
,20480102,20190302,20280126,20491231,20550419,20330418,20570613,20410315,20470415,20580506,20540518,20481225,20441227,20561225,20490705,20170407,20500125,20430210,20500613,,20250320,20460219,20460206,20590519,20550301,20491231,20430210,20351002,20350509,20411003,20410301,20350831,20320722,20620525,20450501
,20480127,20190303,20280223,20500408,20550527,20330502,20570614,20410402,20470501,20580527,20540623,20481228,20450102,20570101,20490906,20170414,20500408,20430327,20500801,,20250429,20460323,20460323,20590801,20550302,20500120,20430327,20351003,20350611,20411009,20410404,20350917,20320812,20620907,20450518
,20480206,20190309,20280327,20500411,20550625,20330506,20570615,20410419,20470617,20580826,20541225,20490101,20450103,20570205,20491011,20170421,20500502,20430421,20501003,,20250505,20460521,20460326,20591225,20550416,20500221,20430421,20351004,20350612,20411225,20410405,20351030,20321025,20621012,20450529
,20480403,20190310,20280403,20500519,20551206,20330601,20570830,20410501,20470809,20581225,20550101,20490126,20450407,20570319,20491111,20170428,20500505,20430501,20501226,,20250506,20460702,20460425,20591226,20550421,20500222,20430501,20351005,20351105,20420101,20410501,20351203,20321206,20621102,20450608
,20480406,20190316,20280407,20500530,20551224,20330701,20571029,20410516,20470924,20581226,20550416,20490308,20450522,20570419,20491125,20170505,20500621,20430528,20501227,,20250721,20460806,20460604,20600101,20550617,20500408,20430528,20351231,20360101,20420121,20410603,20351225,20321210,20621115,20450815
,20480427,20190317,20280414,20500609,20560106,20330909,20580101,20410530,20471216,20590101,20550419,20490416,20450623,20570420,20500117,20170512,20500809,20430709,20510102,,20250811,20460903,20461022,20600102,20550907,20500421,20430709,20360101,20360102,20420122,20410909,20360101,20321231,20621225,20451026
,20480601,20190323,20280501,20501003,20560331,20331226,20580325,20410726,20471225,20590328,20550527,20490419,20450703,20570501,20500221,20170519,20500829,20430907,20510126,,20250915,20461008,20461225,20600416,20551012,20500609,20430907,20360128,20360103,20420123,20410910,20360128,20330103,20630101,20451101
,20481026,20190324,20280508,20501226,20560403,20331227,20580326,20410926,20471226,20590331,20550607,20490426,20450904,20571102,20500530,20170526,20501114,20431012,20510331,,20250923,20461112,20461226,20600419,20551102,20500907,20431012,20360129,20360104,20420501,20411010,20360129,20330214,20630226,20451208
,20481225,20190330,20280804,20510331,20560501,20340102,20580327,20410927,20480101,20590505,20550623,20490614,20451009,20571119,20500704,20170602,20501226,20431102,20510403,,20251013,20461225,20470101,20600527,20551115,20501012,20431102,20360130,20360107,20420505,20411011,20360201,20330406,20630227,20451225
,20481228,20190331,20280814,20510403,20560511,20340220,20580423,20410930,20480403,20590526,20551101,20491102,20451113,20571212,20500905,20170609,20510102,20431120,20510425,,20251103,20461226,20470102,20600607,20551130,20501102,20431120,20360131,20360108,20420526,20420101,20360208,20330413,20630413,20451226
,20490101,20190406,20280815,20510501,20560623,20340221,20580501,20411204,20480406,20590825,20560331,20491227,20451225,20571225,20501010,20170616,20510213,20431225,20510612,,20251124,20470101,20470121,20610408,20551231,20501115,20431225,20360201,20360310,20420604,20420120,20360211,20330414,20630501,20460101
,20490104,20190407,20280823,20510511,20561206,20340222,20580603,20411225,20480427,20591225,20560403,20491228,20451226,20580101,20501111,20170622,20510331,20431231,20510807,,20251223,20470218,20470206,20610411,20560214,20501230,20431231,20360404,20360501,20420606,20420121,20360229,20330415,20630614,20460326
,20490201,20190413,20280927,20510522,20561225,20340405,20580604,20420101,20480501,20591226,20560501,20500103,20460101,20580204,20501124,20170623,20510501,20440101,20511002,,20251231,20470412,20470412,20610519,20560215,20510120,20440101,20360501,20360502,20420815,20420122,20360501,20330502,20630907,20460501
,20490208,20190414,20281002,20510601,20561226,20340407,20580605,20420122,20480616,20600101,20560511,20500126,20460102,20580318,20501226,20170626,20510524,20440125,20511225,,20260101,20470520,20470415,20610530,20560331,20510213,20440125,20360502,20360509,20420929,20420123,20360509,20330505,20631012,20460503
,20490416,20190419,20281017,20511003,20570101,20340410,20580830,20420304,20480810,20600416,20560522,20500314,20460323,20580411,20510102,20170630,20510809,20440229,20511226,,20260102,20470701,20470425,20610801,20560421,20510214,20440229,20360530,20360612,20420930,20420124,20360901,20330513,20631102,20460514
,20490419,20190420,20281019,20511225,20570420,20340501,20581029,20420404,20480924,20600419,20560623,20500408,20460521,20580412,20510116,20170707,20510817,20440301,20520101,,20260112,20470805,20470603,20611226,20560501,20510331,20440301,20361001,20360613,20421003,20420228,20360916,20330701,20631115,20460524
,20490426,20190421,20281102,20511226,20570423,20340525,20590101,20420501,20481216,20600503,20560815,20500411,20460625,20580501,20510220,20170714,20511102,20440415,20520126,,20260211,20470902,20471028,20620102,20560601,20510421,20440415,20361002,20361103,20421009,20420403,20361106,20330711,20631225,20460815
,20490607,20190427,20281225,20520101,20570501,20340620,20590317,20420515,20481225,20600531,20561101,20500425,20460702,20580916,20510529,20170721,20511225,20440421,20520419,,20260320,20471014,20471225,20620324,20560907,20510501,20440421,20361003,20361104,20421217,20420404,20361119,20330812,20640101,20461026
,20491025,20190428,20290126,20520419,20570531,20340928,20590423,20420604,20490101,20600830,20561225,20500613,20460903,20581118,20510704,20170728,20520101,20440616,20520422,,20260429,20471111,20471226,20620327,20561012,20510601,20440616,20361006,20370101,20421225,20420501,20361120,20331024,20640218,20461101
,20491227,20190504,20290215,20520422,20570622,20341002,20590501,20420715,20490322,20601227,20561226,20501101,20461008,20581212,20510904,20170804,20520201,20440907,20520425,,20260504,20471225,20480101,20620501,20561102,20510907,20440907,20361007,20370102,20430101,20420502,20361225,20331205,20640219,20461224
,20491228,20190505,20290219,20520501,20571206,20341020,20590519,20420915,20490416,20601228,20570101,20501226,20461112,20581225,20511009,20170811,20520202,20441012,20520610,,20260505,20471226,20480102,20620504,20561115,20511012,20441012,20361008,20370105,20430209,20420623,20370101,20331212,20640404,20461225
,20500103,20190511,20290301,20520530,20571224,20341225,20590522,20420916,20490419,20610103,20570420,20501227,20461225,20590101,20511123,20170818,20520419,20441102,20520805,,20260506,20480101,20480120,20620515,20561130,20511102,20441102,20370101,20370106,20430210,20420929,20370127,20340102,20640421,20461226
,20500104,20190512,20290316,20520610,20571225,20341226,20590523,20420917,20490427,20610408,20570423,20510102,20461226,20590203,20511225,20170825,20520501,20441115,20521007,,20260720,20480217,20480206,20620801,20561225,20511115,20441115,20370102,20370107,20430211,20421010,20370202,20340306,20640501,20470101
,20500131,20190518,20290330,20520620,20571226,20350101,20591029,20420918,20490616,20610411,20570501,20510126,20470101,20590317,20520101,20170831,20520513,20441230,20521225,,20260811,20480403,20480403,20621225,20561229,20511120,20441230,20370216,20370108,20430501,20430101,20370216,20340406,20640605,20470415
,20500207,20190519,20290402,20521003,20580101,20350208,20600101,20420919,20490809,20610502,20570531,20510313,20470102,20590327,20520115,20170901,20520530,20450125,20521226,,20260921,20480518,20480406,20621226,20570101,20511225,20450125,20370217,20370109,20430505,20430102,20370217,20340413,20641225,20470501
,20500408,20190525,20290423,20521224,20580412,20350209,20600304,20421225,20490924,20610530,20570611,20510331,20470412,20590328,20520219,20170904,20520805,20450220,20530101,,20260922,20480701,20480427,20630101,20570305,20511229,20450220,20370218,20370223,20430916,20430209,20370218,20340414,,20470523
,20500411,20190526,20290425,20521225,20580415,20350323,20600305,20430101,20491216,20610829,20570815,20510403,20470520,20590501,20520527,20170908,20520809,20450221,20530127,,20260923,20480803,20480601,20630102,20570306,20520101,20450221,20370219,20370309,20430917,20430210,20370428,20340501,,20470603
,20500425,20190527,20290426,20521226,20580501,20350326,20600423,20430210,20491227,20611226,20571101,20510425,20470624,20590916,20520704,20170915,20521021,20450407,20530404,,20261012,20480907,20481026,20630413,20570420,20520304,20450407,20370220,20370501,20430918,20430211,20370501,20340505,,20470613
,20500606,20190601,20290501,20521231,20580523,20350405,20600510,20430327,20500321,20611227,20571225,20510612,20470701,20591117,20520902,20170922,20521225,20450421,20530407,,20261103,20481012,20481225,20630416,20570501,20520305,20450421,20370406,20370504,20431009,20430212,20370529,20340601,,20470815
,20501024,20190602,20290525,20530101,20580621,20350501,20600511,20430410,20500408,20620102,20571226,20511107,20470902,20591212,20521014,20170929,20530101,20450501,20530425,,20261123,20481111,20481228,20630501,20570621,20520419,20450501,20370501,20370511,20431225,20430213,20370831,20340731,,20471101
,20501226,20190608,20290725,20530404,20581206,20350515,20600512,20430501,20500411,20620324,20580101,20511225,20471014,20591225,20521111,20171006,20530219,20450608,20530609,,20261223,20481225,20490101,20630524,20570907,20520423,20450608,20370618,20370612,20440101,20430227,20370916,20340814,,20471224
,20501227,20190609,20290814,20530407,20581224,20350611,20600513,20430507,20500427,20620327,20580412,20511226,20471111,20600101,20521128,20171013,20530220,20450907,20530804,,20261231,20481228,20490104,20630604,20571012,20520501,20450907,20370619,20371104,20440129,20430403,20371026,20341023,,20471225
,20510102,20190615,20290815,20530501,20581225,20350702,20600519,20430817,20500502,20620501,20580415,20520101,20471225,20600202,20521225,20171020,20530404,20451012,20531006,,20270101,20490101,20490125,20630801,20571102,20520620,20451012,20370924,20380101,20440201,20430406,20371106,20341205,,20471226
,20510103,20190616,20290911,20530515,20581226,20350917,20600830,20430904,20500616,20620529,20580501,20520126,20471226,20600315,20530101,20171027,20530501,20451102,20531225,,20270111,20490215,20490208,20631225,20571115,20521115,20451102,20371001,20380104,20440301,20430501,20371109,20341211,,20480101
,20510130,20190622,20291002,20530526,20590101,20351001,20601029,20430907,20500809,20620828,20580523,20520311,20480101,20600415,20530120,20171103,20530519,20451115,20531226,,20270211,20490416,20490416,20631226,20571130,20521120,20451115,20371002,20380105,20440413,20430611,20371110,20350101,,20480106
,20510206,20190623,20291016,20530605,20590106,20351009,20610221,20430908,20501216,20621225,20580603,20520419,20480102,20600416,20530217,20171110,20530602,20451120,20540101,,20270322,20490524,20490419,20640101,20571225,20521225,20451120,20371005,20380106,20440505,20430612,20371225,20350102,,20480406
,20510331,20190629,20291105,20531003,20590328,20351225,20610222,20431112,20501226,20621226,20580815,20520422,20480403,20600916,20530526,20171117,20531110,20451225,20540126,,20270429,20490701,20490426,20640102,20571231,20521231,20451225,20371006,20380107,20440506,20430917,20380101,20350222,,20480501
,20510403,20190630,20291107,20531224,20590331,20351226,20610223,20431203,20510102,20630101,20581101,20520425,20480518,20601102,20530704,20171124,20531225,20451229,20540327,,20270503,20490802,20490607,20640404,20580101,20530101,20451229,20371007,20380108,20440606,20430918,20380121,20350406,,20480514
,20510425,20190704,20291120,20531225,20590501,20360101,20610502,20431225,20510321,20630413,20581225,20520610,20480624,20601115,20530901,20171201,20540101,20460101,20540330,,20270504,20490906,20491025,20640407,20580225,20530120,20460101,20380101,20380222,20440815,20431009,20380201,20350413,,20480525
,20510605,20190706,20291225,20531226,20590508,20360128,20610503,20440101,20510331,20630416,20581226,20521105,20480701,20601201,20531013,20171208,20540209,20460125,20540608,,20270505,20491011,20491227,20640501,20580226,20530217,20460125,20380203,20380223,20441003,20440101,20380204,20350416,,20480604
,20511023,20190707,20300205,20531231,20590620,20360129,20610519,20440211,20510403,20630507,20590101,20521225,20480907,20610207,20531111,20171215,20540210,20460205,20540803,,20270719,20491111,20491228,20640515,20580412,20530218,20460205,20380204,20380308,20441004,20440129,20380205,20350501,,20481026
,20511225,20190713,20300219,20540101,20591224,20360130,20610830,20440329,20510427,20630528,20590328,20521226,20481012,20610321,20531127,20171222,20540327,20460206,20541005,,20270811,20491227,20500103,20640526,20580501,20530404,20460206,20380205,20380503,20441005,20440201,20380518,20350507,,20481208
,20511226,20190714,20300320,20540327,20591225,20360404,20620213,20440415,20510501,20630827,20590331,20530101,20481111,20610407,20531225,20171229,20540501,20460323,20541225,,20270920,20491228,20500104,20640801,20580613,20530421,20460323,20380208,20380504,20441006,20440202,20380831,20350521,,20481224
,20520101,20190720,20300401,20540330,20591226,20360411,20620420,20440512,20510616,20631225,20590501,20530127,20481225,20610408,20540101,20180105,20540522,20460501,20541228,,20270923,20500103,20500124,20641225,20581115,20530423,20460501,20380209,20380510,20450216,20440203,20380916,20350720,,20481225
,20520102,20190721,20300403,20540501,20600101,20360414,20620421,20440526,20510809,20631226,20590508,20530310,20481228,20610916,20540119,20180112,20540716,20460524,20550101,,20271011,20500221,20500207,20641226,20581225,20530501,20460524,20380405,20380614,20450217,20440229,20381027,20350813,,20490101
,20520129,20190727,20300412,20540507,20600106,20360501,20620501,20440624,20510925,20640101,20590519,20530404,20490101,20611102,20540216,20180119,20540810,20460709,20550126,,20271103,20500408,20500408,,20581231,20530605,20460709,20380503,20381104,20450301,20440401,20381029,20351023,,20490106
,20520206,20190728,20300416,20540518,20600416,20360530,20620519,20440817,20511225,20640404,20590623,20530407,20490104,20611121,20540525,20180126,20541030,20460907,20550416,,20271123,20500523,20500411,,20590101,20531120,20460907,20380607,20381105,20450501,20440404,20390105,20351205,,20490419
,20520419,20190803,20300419,20540528,20600419,20360701,20620830,20440823,20511226,20640407,20590815,20530425,20490416,20611212,20540907,20180202,20541225,20461012,20550419,,20271223,20500701,20500425,,20590210,20531225,20461012,20380913,20390103,20450505,20440502,20390124,20351210,,20490527
,20520422,20190804,20300501,20541224,20600527,20361001,20630101,20440824,20520101,20640505,20591225,20530609,20490524,20620206,20541012,20180209,20550101,20461102,20550426,,20271231,20500801,20500606,,20590211,20531231,20461102,20381001,20390104,20450524,20440530,20390125,20351231,,20490607
,20520425,20190810,20300514,20541225,20600625,20361006,20630131,20440825,20520321,20640526,20591226,20531104,20490624,20620320,20541111,20180216,20550128,20461115,20550614,,20280103,20500905,20501024,,20590328,20540101,20461115,20381004,20390105,20450606,20440531,20390126,20360101,,20490617
,20520603,20190811,20300517,20541231,20601206,20361027,20630201,20440826,20520419,20640825,20600101,20531225,20490701,20620323,20541126,20180223,20550129,20461120,20550802,,20280110,20501010,20501226,,20590421,20540120,20461120,20381005,20390106,20450815,20441005,20390201,20360212,,20491026
,20521028,20190817,20300814,20550101,20601224,20361225,20630202,20441031,20520422,20641225,20600416,20531226,20490906,20620324,20541225,20180302,20550416,20461225,20551004,,20280211,20501111,20501227,,20590501,20540209,20461225,20381006,20390107,20450925,20441010,20390208,20360407,,20491101
,20521225,20190818,20300815,20550416,20610106,20361226,20630409,20441121,20520501,20641226,20600419,20540101,20491011,20620501,20550101,20180309,20550428,20461231,20551227,,20280320,20501226,20510102,,20590529,20540210,20461231,20381007,20390223,20450926,20450102,20390406,20360414,,20491208
,20521226,20190824,20301002,20550419,20610408,20370101,20630410,20450130,20520617,,20600527,20540126,20491111,20621102,20550118,20180316,20550511,20470101,20551228,,20280503,20501227,20510103,,20591225,20540327,20470101,20390103,20390307,20450927,20450216,20390502,20360415,,20491224
,20530101,20190825,20301225,20550527,20610411,20370216,20630411,20450217,20520809,,20600607,20540309,20491227,20621120,20550215,20180323,20550705,20470125,20560103,,20280504,20510102,20510123,,20591231,20540421,20470125,20390124,20390308,20451003,20450217,20390831,20360501,,20500106
,20530102,20190831,20310219,20550607,20610519,20370217,20630412,20450320,20520924,,20600623,20540327,20491228,20621212,20550531,20180330,20550809,20470225,20560126,,20280505,20510220,20510206,,20600101,20540423,20470225,20390125,20390502,20451009,20450220,20390916,20360505,,20500411
,20530127,20190901,20310220,20550617,20610624,20370218,20630423,20450407,20521216,,20601101,20540330,20500103,20621225,20550705,20180406,20551019,20470226,20560331,,20280717,20510331,20510331,,20600301,20540501,20470226,20390126,20390503,20451225,20450221,20391005,20360512,,20500519
,20530206,20190902,20310324,20551224,20611206,20370403,20630501,20450501,20521225,,20610408,20540608,20500104,20630101,20550906,20180413,20560215,20470412,20560403,,20280811,20510522,20510403,,20600302,20540528,20470412,20390127,20390509,20460101,20450227,20391019,20360701,,20500530
,20530404,20190907,20310401,20551231,20611226,20370406,20630830,20450518,20521226,,20610411,20541103,20500408,20630205,20551011,20180420,20560216,20470501,20560425,,20280918,20510703,20510425,,20600416,20540907,20470501,20390128,20390613,20460205,20450228,20391020,20360708,,20500609
,20530407,20190908,20310402,20560331,20620106,20370501,20631029,20450531,20530101,,20610519,20541225,20500523,20630319,20551111,20180427,20560331,20470613,20560612,,20280922,20510807,20510605,,20600421,20541012,20470613,20390404,20391104,20460206,20450403,20391115,20360812,,20500815
,20530425,20190914,20310403,20560403,20620324,20370522,20640101,20450613,20530321,,20610530,20541228,20500624,20630412,20551125,20180504,20560417,20470709,20560807,,20281009,20510904,20511023,,20600617,20541102,20470709,20390405,20400102,20460207,20450404,20391226,20361023,,20501026
,20530602,20190915,20310411,20560501,20620327,20370618,20640121,20450814,20530404,,20610623,20550101,20500701,20630413,20560117,20180511,20560501,20471115,20561002,,20281103,20511009,20511225,,20600907,20541120,20471115,20390502,20400103,20460301,20450501,20391227,20361205,,20501101
,20531027,20190921,20310414,20560511,20620501,20370701,20640122,20450815,20530407,,20610815,20550126,20500905,20630501,20560221,20180518,20560529,20471120,20561225,,20281123,20511113,20511226,,20601012,20541225,20471120,20390527,20400104,20460501,20450619,20400102,20361210,,20501208
,20531225,20190922,20310501,20560522,20620504,20370925,20640328,20450816,20530428,,20611101,20550308,20501010,20631102,20560529,20180525,20560809,20471225,20561226,,20290101,20511225,20520101,,20601102,20541231,20471225,20391003,20400105,20460507,20450925,20400116,20361231,,20501226
,20531226,20190928,20310507,20560601,20620623,20371001,20640331,20450817,20530501,,20611226,20550416,20501111,20631119,20560704,20180601,20561106,20471231,20570101,,20290102,20511226,20520102,,20601115,20550101,20471231,20391004,20400106,20460606,20451009,20400130,20370101,,20510106
,20540101,20190929,20310703,20561003,20621206,20371225,20640423,20451110,20530616,,20620324,20550419,20501226,20631212,20560904,20180608,20561225,20480101,20570126,,20290103,20520101,20520122,,20601130,20550120,20480101,20391005,20400223,20460613,20451010,20400201,20370102,,20510403
,20540102,20191005,20310814,20561225,20621225,20380101,20640501,20451225,20530924,,20620327,20550426,20501227,20631225,20561009,20180614,20570101,20480217,20570420,,20290108,20520219,20520206,,20601231,20550301,20480217,20391006,20400308,20460815,20460101,20400213,20370302,,20510501
,20540126,20191006,20310815,20561226,20621226,20380204,20640519,20460101,20531216,,20620501,20550614,20510102,20640101,20561123,20180615,20570205,20480218,20570423,,20290212,20520419,20520419,,20610221,20550302,20480218,20391007,20400309,20460914,20460205,20400214,20370406,,20510511
,20540206,20191012,20311002,20570101,20630101,20380205,20641029,20460119,20531225,,20620504,20551102,20510103,20640204,20561225,20180618,20570206,20480403,20570425,,20290320,20520520,20520422,,20610222,20550416,20480403,20400102,20400430,20460917,20460206,20400326,20370413,,20510522
,20540327,20191013,20311114,20570420,20630413,20380405,,20460206,20531226,,20620515,20551227,20510331,20640317,20570101,20180622,20570405,20480421,20570611,,20290430,20520701,20520425,,20610408,20550421,20480421,20400213,20400501,20461003,20460207,20400501,20370414,,20510601
,20540330,20191014,20311128,20570423,20630416,20380423,,20460323,20540101,,20620623,20551228,20510522,20640403,20570115,20180629,20570420,20480501,20570806,,20290503,20520805,20520603,,20610421,20550423,20480501,20400214,20400509,20461009,20460208,20400525,20370415,,20510815
,20540427,20191019,20311225,20570501,20630501,20380426,,20460501,20540327,,20620815,20560103,20510623,20640404,20570219,20180706,20570501,20480604,20571001,,20290504,20520902,20521028,,20610609,20550617,20480604,20400215,20400611,20461225,20460209,20400831,20370501,,20511026
,20540601,20191020,20320115,20570531,20630524,20380511,,20460503,20540330,,20621101,20560126,20510703,20640501,20570528,20180713,20570518,20480709,20571225,,20290716,20521014,20521225,,20610907,20550907,20480709,20400216,20400612,20470101,20460228,20400917,20370505,,20511101
,20541026,20191026,20320126,20570611,20630622,20380607,,20460803,20540427,,20621225,20560313,20510904,20640916,20570704,20180720,20570613,20480907,20571226,,20290917,20521111,20521226,,20611012,20551012,20480907,20400217,20401105,20470125,20460403,20400924,20370529,,20511208
,20541225,20191027,20320219,20570621,20631206,20380701,,20460806,20540501,,20621226,20560331,20511009,20641117,20570903,20180727,20570809,20481012,20580101,,20290924,20521225,20530101,,20611102,20551102,20481012,20400404,20410101,20470128,20460404,20401008,20370701,,20511225
,20541228,20191102,20320310,20571003,20631224,20380914,,20460807,20540616,,20630101,20560403,20511113,20641212,20571008,20180803,20571225,20481102,20580128,,20291008,20521226,20530102,,20611115,20551115,20481102,20400430,20410102,20470301,20460430,20401009,20370727,,20511226
,20550101,20191103,20320322,20571224,20631225,20381001,,20460817,20540810,,20630413,20560425,20511225,20641225,20571112,20180810,20580101,20481120,20580412,,20291123,20530101,20530120,,20611130,20551231,20481120,20400501,20410103,20470501,20460501,20401225,20370812,,20520101
,20550104,20191109,20320326,20571225,20631226,20381007,,20461010,20540924,,20630416,20560612,20511226,,20571122,20180817,20580124,20481225,20580415,,20291224,20530217,20530206,,20611230,20560120,20481225,20400614,20410104,20470502,20460608,20410101,20371023,,20520422
,20550201,20191110,20320401,20571226,20640101,20381227,,20461031,20541216,,20630501,20561107,20520101,,20571225,20180820,20580125,20481231,20580425,,20291231,20530404,20530404,,20620206,20560214,20481231,20400615,20410107,20470506,20460914,20410104,20371207,,20520501
,20550208,20191111,20320414,20571231,20640404,20390124,,20461224,20541225,,20630524,20561225,20520102,,20580101,20180821,20580326,20490101,20580610,,20300101,20530519,20530407,,20620207,20560215,20490101,20400920,20410108,20470606,20461010,20410118,20371210,,20520530
,20550416,20191116,20320419,20580101,20640407,20390125,,20461225,20550101,,20630604,20561226,20520419,,20580121,20180822,20580412,20490125,20580805,,20300102,20530701,20530425,,20620324,20560331,20490125,20400921,20410308,20470815,20461231,20410201,20371231,,20520610
,20550419,20191117,20320421,20580412,20640501,20390126,,20470101,20550322,,20630815,20570101,20520520,,20580218,20180824,20580501,20490301,20581007,,20300103,20530804,20530602,,20620421,20560421,20490301,20401001,20410501,20471003,20470101,20410315,20380101,,20520620
,20550426,20191123,20320423,20580415,20640515,20390405,,20470109,20550416,,20631101,20570126,20520624,,20580527,20180831,20580507,20490302,20581225,,20300114,20530901,20531027,,20620501,20560501,20490302,20401002,20410502,20471004,20470125,20410501,20380219,,20520815
,20550607,20191124,20320525,20580501,20640620,20390408,,20470327,20550419,,20631225,20570312,20520701,,20580704,20180907,20580603,20490416,20581226,,20300211,20531013,20531225,,20620525,20560601,20490416,20401003,20410503,20471009,20470128,20410514,20380406,,20521101
,20551025,20191128,20320621,20580523,20641224,20390411,,20470412,20550427,,20631226,20570420,20520902,,20580902,20180914,20580809,20490421,20590101,,20300320,20531111,20531226,,20620907,20560907,20490421,20401004,20410509,20471218,20470129,20410913,20380413,,20521224
,20551227,20191130,20320813,20580603,20641225,20390502,,20470501,20550616,,20640101,20570423,20521014,,20581014,20180921,20581115,20490617,20590127,,20300429,20531225,20540101,,20621012,20561012,20490617,20401005,20410510,20471225,20470130,20410916,20380414,,20521225
,20551228,20191201,20320908,20580613,20641226,20390527,,20470510,20550809,,20640404,20570425,20521111,,20581111,20180928,20581225,20490709,20590328,,20300503,20531226,20540102,,20621102,20561102,20490709,20401231,20410612,20480101,20470228,20410927,20380415,,20521226
,20560103,20191207,20321014,20581003,,20390701,,20470523,20550924,,20640407,20570611,20521225,,20581128,20181005,20590101,20490907,20590331,,20300506,20540101,20540119,,20621115,20561115,20490907,20410101,20411104,20480213,20470301,20411023,20380503,,20530101
,20560104,20191208,20321102,20581224,,20391003,,20470723,20551216,,20640501,20571106,20521226,,20581225,20181012,20590212,20491012,20590425,,20300715,20540216,20540206,,20621130,20561120,20491012,20410131,20420101,20480214,20470404,20411204,20380505,,20530106
,20560131,20191214,20321104,20581225,,20391026,,20470724,20551227,,20640515,20571225,20530101,,20590101,20181019,20590213,20491102,20590609,,20300812,20540327,20540327,,20621225,20561225,20491102,20410201,20420102,20480415,20470405,20411225,20380518,,20530407
,20560207,20191215,20321117,20581226,,20391226,,20470725,20560321,,20640526,20571226,20530102,,20590120,20181026,20590328,20491115,20590804,,20300916,20540518,20540330,,20621229,20561229,20491115,20410204,20420103,20480501,20470501,20411226,20380701,,20530501
,20560331,20191221,20330103,20581231,,20391227,,20470726,20560331,,20640623,20580101,20530404,,20590217,20181102,20590501,20491231,20591006,,20300923,20540701,20540427,,20630101,20570101,20491231,20410205,20420106,20480505,20470529,20420101,20380716,,20530515
,20560403,20191222,20330126,20590101,,20400102,,20470930,20560403,,20640815,20580128,20530519,,20590526,20181109,20590522,20500125,20591225,,20301014,20540803,20540601,,20630226,20570305,20500125,20410206,20420107,20480520,20471004,20420122,20380812,,20530526
,20560425,20191225,20330316,20590328,,20400213,,20471225,20560427,,20641225,20580311,20530624,,20590704,20181116,20590526,20500221,20591226,,20301104,20540907,20541026,,20630227,20570306,20500221,20410404,20420108,20480921,20471010,20420123,20381025,,20530605
,20560605,20191228,20330331,20590331,,20400214,,20480101,20560501,,20641226,20580412,20530701,,20590901,20181123,20591104,20500222,20600101,,20301223,20541012,20541225,,20630413,20570420,20500222,20410405,20420310,20480922,20471011,20420204,20381206,,20530815
,20561023,20191229,20330401,20590501,,20400215,,20480214,20560616,,,20580415,20530901,,20591013,20181130,20591225,20500408,20600126,,20301231,20541111,20541228,,20630501,20570423,20500408,20410501,20420501,20480923,20480101,20420305,20381210,,20531208
,20561225,20200101,20330407,20590508,,20400330,,20480316,20560809,,,20580425,20531013,,20591111,20181207,20600101,20500421,20600416,,20310101,20541225,20550101,,20630614,20570501,20500421,20410603,20420502,20481009,20480213,20420501,20381231,,20531224
,20561226,20200104,20330411,20590519,,20400402,,20480403,20560925,,,20580610,20531111,,20591127,20181214,20600202,20500609,20600419,,20310102,20541228,20550104,,20630907,20570621,20500609,20410909,20420509,20481225,20480214,20420505,20390103,,20531225
,20570101,20200105,20330412,20590529,,20400404,,20480501,20561225,,,20581105,20531225,,20591225,20181221,20600203,20500907,20600426,,20310103,20550101,20550125,,20631012,20570907,20500907,20410910,20420612,20490101,20480217,20420901,20390208,,20531226
,20570102,20200111,20330414,20591003,,20400501,,20480511,20561226,,,20581225,20531226,,20600101,20181228,20600304,20501012,20600614,,20310113,20550215,20550208,,20631102,20571012,20501012,20411001,20420613,20490201,20480218,20420902,20390406,,20540101
,20570129,20200112,20330415,20591224,,20400518,,20480514,20570101,,,20581226,20540101,,20600119,20190104,20600416,20501102,20600802,,20310211,20550416,20550416,,20631115,20571102,20501102,20411002,20421103,20490202,20480228,20420916,20390413,,20540106
,20570206,20200118,20330610,20591225,,20400614,,20480528,20570321,,,20590101,20540102,,20600216,20190111,20600511,20501115,20601004,,20310321,20550524,20550419,,20631130,20571115,20501115,20411003,20421104,20490203,20480402,20420917,20390414,,20540330
,20570420,20200119,20330815,20591226,,20400702,,20480713,20570420,,,20590127,20540327,,20600531,20190118,20600514,20501230,20601227,,20310429,20550701,20550426,,20631225,20571120,20501230,20411004,20430101,20490301,20480403,20420918,20390415,,20540501
,20570423,20200120,20331003,20591231,,20400921,,20480714,20570423,,,20590310,20540518,,20600705,20190125,20600809,20510125,20601228,,20310505,20550802,20550607,,20631231,20571225,20510125,20411007,20430102,20490505,20480501,20421111,20390502,,20540507
,20570425,20200125,20331024,20600101,,20401001,,20480715,20570427,,,20590328,20540624,,20600906,20190201,20610121,20510213,20610103,,20310506,20550906,20551025,,20640101,20571231,20510213,20420101,20430105,20490910,20480615,20421124,20390505,,20540518
,20570604,20200126,20340126,20600416,,20401015,,20480817,20570501,,,20590331,20540701,,20601011,20190208,20610222,20510214,20610126,,20310721,20551011,20551227,,20640218,20580101,20510214,20420121,20430106,20490913,20480921,20421215,20390509,,20540528
,20571022,20200201,20340217,20600419,,20401225,,20481009,20570809,,,20590425,20540907,,20601111,20190215,20610408,20510331,20610408,,20310811,20551111,20551228,,20640219,20580225,20510331,20420122,20430107,20500124,20480922,20421225,20390701,,20541026
,20571225,20200202,20340302,20600527,,20401226,,20481218,20570924,,,20590609,20541012,,20601125,20190222,20610502,20510421,20610411,,20310915,20551227,20560103,,20640404,20580226,20510421,20420123,20430108,20500125,20481009,20430101,20390705,,20541208
,20571226,20200208,20340321,20600607,,20410101,,20481225,20571217,,,20591104,20541111,,20610117,20190301,20610504,20510501,20610425,,20310923,20551228,20560104,,20640421,20580412,20510501,20420124,20430109,20500301,20490101,20430126,20390812,,20541224
,20580101,20200209,20340328,20600617,,20410201,,20490101,20571225,,,20591225,20541225,,20610221,20190308,20610809,20510601,20610613,,20311013,20560103,20560124,,20640501,20580423,20510601,20420127,20430223,20500505,20490201,20430202,20391024,,20541225
,20580102,20200215,20340331,20601224,,20410204,,20490202,20571226,,,20591226,20541228,,20610530,20190315,20611111,20510907,20610801,,20311103,20560221,20560207,,20640605,20580501,20510907,20420404,20430309,20500601,20490202,20430210,20391205,,20550101
,20580128,20200216,20340403,20601231,,20410404,,20490416,20580101,,,20600101,20550101,,20610704,20190322,20611226,20511012,20611003,,20311124,20560331,20560331,,20641225,20580613,20511012,20420501,20430501,20500606,20490203,20430211,20391212,,20550106
,20580206,20200217,20340407,20610408,,20410419,,20490430,20580321,,,20600126,20550104,,20610905,20190329,20620102,20511102,20611226,,20311223,20560522,20560403,,20641231,20581115,20511102,20420502,20430504,20500815,20490204,20430223,20400102,,20550419
,20580412,20200222,20340414,20610411,,20410422,,20490517,20580412,,,20600308,20550416,,20611010,20190405,20620209,20511115,20611227,,20311231,20560703,20560425,,,20581120,20511115,20420623,20430511,20500929,20490205,20430501,20400227,,20550527
,20580415,20200223,20340501,20610519,,20410501,,20490527,20580415,,,20600416,20550524,,20611111,20190412,20620210,20511120,20620102,,20320101,20560807,20560605,,,20581225,20511120,20421001,20430612,20500930,20490301,20430831,20400406,,20550607
,20580425,20200229,20340503,20610530,,20410507,,20490630,20580501,,,20600419,20550624,,20611124,20190419,20620324,20511225,20620126,,20320102,20560904,20561023,,,20581231,20511225,20421002,20431104,20501003,20490405,20430907,20400413,,20550617
,20580603,20200301,20340531,20610609,,20410603,,20490701,20580617,,,20600426,20550701,,20611226,20190426,20620420,20511229,20620324,,20320112,20561009,20561225,,,20590101,20511229,20421003,20440101,20510210,20490406,20430916,20400416,,20551026
,20581028,20200307,20340815,20611003,,20410701,,20490702,20580809,,,20600614,20550906,,20620102,20190503,20620501,20520101,20620327,,20320211,20561113,20561226,,,20590120,20520101,20421006,20440104,20510213,20490430,20431112,20400501,,20551101
,20581225,20200308,20341002,20611226,,20410911,,20490817,20580924,,,20601102,20551011,,20620116,20190510,20620523,20520125,20620425,,20320429,20561225,20570101,,,20590210,20520125,20421007,20440105,20510301,20490604,20431203,20400507,,20551208
,20581226,20200314,20341110,20620324,,20411001,,20490908,20581216,,,20601227,20551111,,20620220,20190517,20620809,20520304,20620612,,20320503,20561226,20570102,,,20590211,20520304,20430101,20440106,20510501,20490910,20431225,20400525,,20551224
,20590101,20200315,20341213,20620327,,20411003,,20490928,20581225,,,20601228,20551227,,20620529,20190524,20621031,20520305,20620807,,20320504,20570101,20570122,,,20590328,20520305,20430102,20440107,20510505,20491011,20440101,20400723,,20560106
,20590102,20200321,20341225,20620501,,20411225,,20491207,20581226,,,20610103,20551228,,20620704,20190531,20621225,20520419,20621002,,20320505,20570219,20570206,,,20590421,20520419,20430209,20440108,20510517,20491231,20440201,20400813,,20560403
,20590127,20200322,20350126,20620504,,20411226,,20491224,20590101,,,20610126,20560103,,20620904,20190603,20630101,20520501,20621225,,20320719,20570420,20570420,,,20590423,20520501,20430210,20440222,20510606,20500120,20440202,20401023,,20560501
,20590206,20200328,20350219,20620515,,20420101,,20500324,20590321,,,20610314,20560104,,20621009,20190604,20630129,20520620,20621226,,20320811,20570521,20570423,,,20590501,20520620,20430211,20440223,20510815,20500121,20440211,20401205,,20560511
,20590328,20200329,20350308,20620525,,20420122,,20500408,20590328,,,20610408,20560331,,20621123,20190605,20630130,20520709,20630101,,20320920,20570702,20570425,,,20590529,20520709,20430212,20440307,20510918,20500124,20440212,20401210,,20560522
,20590331,20200404,20350321,20621003,,20420123,,20500419,20590331,,,20610411,20560522,,20621225,20190607,20630131,20521115,20630126,,20320921,20570806,20570604,,,20591120,20521115,20430213,20440308,20510919,20500125,20440502,20401231,,20560601
,20590425,20200405,20350323,20621225,,20420124,,20500519,20590428,,,20610425,20560623,,20630101,20190614,20630409,20521120,20630413,,20320922,20570903,20571022,,,20591225,20521120,20430406,20440502,20510920,20500228,20440512,20410101,,20560815
,20590602,20200410,20350402,20621226,,20420403,,20500620,20590501,,,20610613,20560703,,20630115,20190621,20630413,20521225,20630416,,20321011,20571008,20571225,,,20591231,20521225,20430501,20440503,20511003,20500401,20440811,20410215,,20561026
,20591027,20200411,20350409,20630101,,20420404,,20500621,20590616,,,20611101,20560904,,20630219,20190628,20630501,20521231,20630425,,20321103,20571112,20571226,,,20600101,20521231,20430611,20440509,20511009,20500404,20440824,20410408,,20561101
,20591225,20200412,20350416,20630413,,20420407,,20500622,20590924,,,20611226,20561009,,20630528,20190705,20630809,20530101,20630611,,20321123,20571225,20580101,,,20600120,20530101,20430612,20440613,20511225,20500502,20440825,20410415,,20561208
,20591226,20200418,20350420,20630416,,20420501,,20500623,20591216,,,20611227,20561113,,20630704,20190712,20631022,20530217,20630806,,20321223,20571226,20580102,,,20600301,20530217,20430917,20441104,20520101,20500623,20440831,20410416,,20561225
,20600101,20200419,20350501,20630501,,20420526,,20500624,20591225,,,20620102,20561225,,20630903,20190719,20631225,20530218,20631001,,20321231,20580101,20580121,,,20600302,20530218,20430918,20450102,20520131,20500624,20440916,20410501,,20561226
,20600102,20200425,20350521,20630524,,20420623,,20500817,20591226,,,20620126,20561226,,20631008,20190726,20640101,20530404,20631225,,20330103,20580218,20580206,,,20600416,20530404,20431001,20450103,20520201,20500930,20441020,20410506,,20570101
,20600126,20200426,20350522,20630604,,20420701,,20510331,20600101,,,20620313,20570101,,20631112,20190802,20640121,20530421,20631226,,20330110,20580412,20580412,,,20600421,20530421,20431002,20450104,20520202,20501010,20441031,20410514,,20570423
,20600206,20200502,20350813,20630614,,20420929,,20510412,20600322,,,20620324,20570102,,20631122,20190808,20640218,20530501,20640101,,20330211,20580520,20580415,,,20600423,20530501,20431005,20450105,20520301,20510102,20441121,20410701,,20570501
,20600416,20200503,20350815,20631003,,20421001,,20510501,20600416,,,20620327,20570420,,20631225,20190809,20640219,20530605,20640128,,20330321,20580701,20580425,,,20600617,20530605,20431006,20450106,20520410,20510210,20441226,20410715,,20570531
,20600419,20200509,20350905,20631224,,20421022,,20510511,20600419,,,20620425,20570521,,20640101,20190812,20640328,20530709,20640404,,20330429,20580805,20580603,,,20600907,20530709,20431007,20450223,20520501,20510213,20450102,20410812,,20570611
,20600426,20200510,20351002,20631225,,20421225,,20510526,20600427,,,20620612,20570625,,20640121,20190816,20640404,20531120,20640407,,20330503,20580902,20581028,,,20601012,20531120,20440101,20450308,20520506,20510214,20450131,20411023,,20570621
,20600607,20200516,20351011,20631226,,20421226,,20510609,20600616,,,20621107,20570702,,20640218,20190823,20640501,20531225,20640425,,20330504,20581014,20581225,,,20601102,20531225,20440129,20450501,20520507,20510215,20450201,20411205,,20570815
,20601025,20200517,20351030,20631231,,20430101,,20510612,20600809,,,20621225,20570903,,20640526,20190830,20640530,20531231,20640609,,20330505,20581111,20581226,,,20601115,20531231,20440201,20450502,20520606,20510227,20450202,20411210,,20571026
,20601227,20200523,20351101,20640101,,20430210,,20510613,20600924,,,20621226,20571008,,20640704,20190906,20641225,20540101,20640804,,20330718,20581225,20590101,,,20601231,20540101,20440202,20450508,20520815,20510228,20450217,20411231,,20571101
,20601228,20200524,20351115,20640404,,20430211,,20510817,20601216,,,20630101,20571112,,20640901,20190913,,20540209,20641006,,20330811,20581226,20590102,,,20610120,20540209,20440203,20450509,20520906,20510404,20450501,20420101,,20571224
,20610103,20200525,20351225,20640407,,20430212,,20510907,20601227,,,20630126,20571225,,20641013,20190920,,20540210,20641225,,20330919,20590101,20590120,,,20610221,20540210,20440204,20450612,20520909,20510405,20450502,20420306,,20571225
,20610104,20200530,20360208,20640501,,20430327,,20511116,20610321,,,20630312,20571226,,20641111,20190923,,20540327,20641226,,20330923,20590217,20590206,,,20610222,20540327,20440404,20451106,20521003,20510501,20450801,20420407,,20571226
,20610131,20200531,20360219,20640515,,20430330,,20511225,20610408,,,20630413,20580101,,20641127,20190927,,20540421,,,20331010,20590328,20590328,,,20610408,20540421,20440502,20460101,20521009,20510612,20450814,20420414,,20580101
,20610207,20200606,20360225,20640526,,20430406,,20520101,20610411,,,20630416,20580102,,20641225,20191004,,20540501,,,20331103,20590519,20590331,,,20610421,20540501,20440530,20460102,20521218,20510613,20450815,20420415,,20580415
,20610408,20200607,20360312,20640605,,20430501,,20520201,20610427,,,20630425,20580412,,,20191011,,20540528,,,20331123,20590701,20590425,,,20610609,20540528,20440531,20460103,20521225,20510918,20450831,20420501,,20580501
,20610411,20200613,20360328,20641003,,20430611,,20520329,20610502,,,20630611,20580520,,,20191018,,20540709,,,20331223,20590804,20590602,,,20610907,20540709,20441003,20460104,20530101,20510919,20451108,20420505,,20580523
,20610425,20200614,20360401,20641224,,20430701,,20520401,20610616,,,20631106,20580624,,,20191025,,20540907,,,20340102,20590901,20591027,,,20611012,20540907,20441004,20460105,20530218,20511009,20451110,20420603,,20580603
,20610606,20200620,20360408,20641225,,20430918,,20520419,20610809,,,20631225,20580701,,,20191101,,20541012,,,20340103,20591013,20591225,,,20611102,20541012,20441005,20460108,20530219,20511010,20451225,20420701,,20580613
,20611024,20200621,20360411,20641226,,20431001,,20520501,20611216,,,20631226,20580902,,,20191108,,20541102,,,20340109,20591111,20591226,,,20611115,20541102,20441006,20460223,20530220,20520101,20460101,20420801,,20580815
,20611226,20200627,20360414,20641231,,20431012,,20520514,20611226,,,20640101,20581014,,,20191115,,20541120,,,20340320,20591225,20600101,,,20611230,20541120,20441007,20460308,20530501,20520131,20460122,20420812,,20581101
,20611227,20200628,20360501,,,20431225,,20520529,20620102,,,20640128,20581111,,,20191122,,20541225,,,20340503,20591226,20600102,,,20620120,20541225,20450102,20460309,20530505,20520201,20460201,20421023,,20581224
,20620102,20200703,20360509,,,20440101,,20520530,20620321,,,20640310,20581225,,,20191129,,20541231,,,20340504,20600101,20600119,,,20620206,20541231,20450216,20460430,20530606,20520202,20460206,20421205,,20581225
,20620103,20200704,20360812,,,20440201,,20520531,20620324,,,20640404,20581226,,,20191206,,20550101,,,20340505,20600216,20600206,,,20620207,20550101,20450217,20460501,20530815,20520205,20460207,20421210,,20581226
,20620130,20200705,20360815,,,20440202,,20520805,20620327,,,20640407,20590101,,,20191213,,20550125,,,20340717,20600416,20600416,,,20620324,20550125,20450220,20460509,20530925,20520228,20460501,20421231,,20590101
,20620206,20200711,20360929,,,20440404,,20520826,20620427,,,20640425,20590102,,,20191220,,20550301,,,20340811,20600524,20600419,,,20620421,20550301,20450221,20460611,20530926,20520404,20460521,20430101,,20590106
,20620324,20200712,20361002,,,20440415,,20521104,20620501,,,20640609,20590328,,,20191227,,20550302,,,20340918,20600701,20600426,,,20620501,20550302,20450222,20460612,20531003,20520405,20460806,20430102,,20590331
,20620327,20200718,20361020,,,20440418,,20521225,20620616,,,20641104,20590519,,,20200103,,20550416,,,20341009,20600802,20600607,,,20620525,20550416,20450403,20461105,20531009,20520501,20460831,20430224,,20590501
,20620425,20200719,20361103,,,20440502,,20530101,20620809,,,20641225,20590624,,,20200110,,20550421,,,20341103,20600906,20601025,,,20620907,20550421,20450404,20470101,20531225,20520531,20460917,20430406,,20590508
,20620605,20200725,20361120,,,20440505,,20530219,20620925,,,20641226,20590701,,,20200117,,20550617,,,20341123,20601011,20601227,,,20621012,20550617,20450501,20470102,20540101,20520906,20461010,20430413,,20590519
,20621023,20200726,20361225,,,20440531,,20530318,20621225,,,,20590901,,,20200124,,20550709,,,20350101,20601111,20601228,,,20621102,20550709,20450619,20470103,20540209,20521010,20461029,20430414,,20590529
,20621225,20200801,20370126,,,20440701,,20530320,20621226,,,,20591013,,,20200131,,20550907,,,20350102,20601227,20610103,,,20621115,20550907,20450925,20470104,20540210,20521011,20461031,20430415,,20590815
,20621226,20200802,20370127,,,20441006,,20530404,20630101,,,,20591111,,,20200207,,20551012,,,20350103,20601228,20610104,,,20621120,20551012,20451002,20470107,20540501,20530101,20461225,20430501,,20591208
,20630101,20200808,20370213,,,20441226,,20530501,20630321,,,,20591225,,,20200214,,20551102,,,20350108,20610103,20610124,,,20621225,20551102,20451003,20470108,20540505,20530217,20470101,20430505,,20591224
,20630102,20200809,20370219,,,20441227,,20530515,20630413,,,,20591226,,,20200221,,20551115,,,20350212,20610221,20610207,,,20621229,20551115,20451004,20470308,20540515,20530218,20470109,20430525,,20591225
,20630129,20200815,20370226,,,20450102,,20530519,20630416,,,,20600101,,,20200228,,20551231,,,20350321,20610408,20610408,,,20630101,20551231,20451005,20470501,20540603,20530219,20470128,20430701,,20591226
,20630206,20200816,20370302,,,20450217,,20530520,20630427,,,,20600102,,,20200306,,20560125,,,20350430,20610523,20610411,,,20630226,20560125,20451006,20470502,20540915,20530220,20470201,20430721,,20600101
,20630413,20200822,20370317,,,20450220,,20530521,20630501,,,,20600416,,,20200313,,20560214,,,20350503,20610701,20610425,,,20630227,20560214,20460101,20470503,20540916,20530221,20470501,20430812,,20600106
,20630416,20200823,20370325,,,20450404,,20530522,20630809,,,,20600524,,,20200320,,20560215,,,20350504,20610801,20610606,,,20630413,20560215,20460205,20470509,20540917,20530228,20470509,20431023,,20600419
,20630425,20200829,20370401,,,20450407,,20530815,20630924,,,,20600624,,,20200327,,20560331,,,20350716,20610905,20611024,,,20630423,20560331,20460206,20470510,20541009,20530403,20470711,20431207,,20600527
,20630604,20200830,20370403,,,20450410,,20531024,20631217,,,,20600701,,,20200403,,20560421,,,20350917,20611010,20611226,,,20630501,20560421,20460207,20470612,20541225,20530404,20470724,20431210,,20600607
,20631022,20200905,20370414,,,20450501,,20531225,20631225,,,,20600906,,,20200410,,20560501,,,20350924,20611111,20611227,,,20630614,20560501,20460208,20471104,20550101,20530501,20470725,20431231,,20600617
,20631225,20200906,20370429,,,20450524,,20540101,20631226,,,,20601011,,,20200417,,20560601,,,20351008,20611226,20620102,,,20630907,20560601,20460209,20480101,20550127,20530502,20470916,20440101,,20601026
,20631226,20200907,20370501,,,20450619,,20540327,20640101,,,,20601111,,,20200424,,20560907,,,20351123,20611227,20620103,,,20631012,20560907,20460404,20480102,20550128,20530620,20470930,20440215,,20601101
,20640101,20200912,20370812,,,20450926,,20540408,20640321,,,,20601227,,,20200501,,20561012,,,20351224,20620102,20620123,,,20631102,20561012,20460430,20480103,20550129,20530926,20471018,20440406,,20601208
,20640102,20200913,20371002,,,20451002,,20540501,20640404,,,,20601228,,,20200508,,20561102,,,20351231,20620220,20620206,,,20631115,20561102,20460501,20480106,20550301,20531010,20471021,20440413,,20601224
,20640128,20200919,20371109,,,20451018,,20540507,20640407,,,,20610103,,,20200515,,20561115,,,20360101,20620324,20620324,,,20631120,20561115,20460608,20480107,20550504,20540101,20471225,20440414,,20610106
,20640206,20200920,20371225,,,20451225,,20540508,20640428,,,,20610104,,,20200521,,20561120,,,20360102,20620522,20620327,,,20631225,20561120,20460917,20480108,20550505,20540102,20471230,20440415,,20610411
,20640404,20200926,20380126,,,20451226,,20540511,20640501,,,,20610408,,,20200522,,20561225,,,20360103,20620703,20620425,,,20631231,20561225,20461001,20480309,20551004,20540205,20480101,20440502,,20610519
,20640407,20200927,20380215,,,20460101,,20540512,20640616,,,,20610523,,,20200525,,20561229,,,20360114,20620807,20620605,,,20640101,20561229,20461002,20480501,20551005,20540206,20480130,20440505,,20610530
,20640425,20201003,20380219,,,20460206,,20540521,20640924,,,,20610624,,,20200529,,20570101,,,20360211,20620904,20621023,,,20640218,20570101,20461003,20480504,20551006,20540209,20480214,20440511,,20610609
,20640602,20201004,20380304,,,20460207,,20540716,20641216,,,,20610701,,,20200605,,20570125,,,20360320,20621009,20621225,,,20640219,20570125,20461004,20480505,20560214,20540210,20480501,20440701,,20610815
,20641027,20201010,20380401,,,20460208,,20540805,20641225,,,,20610905,,,20200612,,20570305,,,20360429,20621113,20621226,,,20640404,20570305,20461005,20480506,20560215,20540227,20480527,20440711,,20611026
,20641225,20201011,20380405,,,20460323,,20540817,20641226,,,,20611010,,,20200619,,20570306,,,20360505,20621225,20630101,,,20640421,20570306,20461231,20480511,20560216,20540402,20480629,20440812,,20611101
,20641226,20201012,20380413,,,20460326,,20541014,,,,,20611111,,,20200626,,20570420,,,20360506,20621226,20630102,,,20640423,20570420,20470101,20480612,20560301,20540403,20480713,20441024,,20611208
,,20201017,20380414,,,20460404,,20541225,,,,,20611226,,,20200703,,20570501,,,20360721,20630101,20630122,,,20640501,20570501,20470125,20481104,20560412,20540501,20480714,20441205,,20611226
,,20201018,20380423,,,20460501,,20550101,,,,,20611227,,,20200710,,20570621,,,20360811,20630219,20630206,,,20640605,20570621,20470128,20490101,20560501,20540610,20480831,20441212,,20620106
,,20201024,20380518,,,20460514,,20550128,,,,,20620102,,,20200717,,20570709,,,20360915,20630413,20630413,,,20641120,20570709,20470129,20490104,20560505,20540916,20480916,20450102,,20620327
,,20201025,20380812,,,20460608,,20550224,,,,,20620103,,,20200724,,20570907,,,20360922,20630521,20630416,,,20641225,20570907,20470130,20490105,20560522,20541009,20481009,20450302,,20620501
,,20201031,20380902,,,20460702,,20550329,,,,,20620324,,,20200730,,20571012,,,20361013,20630702,20630425,,,20641231,20571012,20470131,20490106,20560606,20550101,20481105,20450406,,20620504
,,20201101,20381007,,,20460917,,20550416,,,,,20620522,,,20200731,,20571102,,,20361103,20630806,20630604,,,,20571102,20470405,20490107,20560815,20550127,20481218,20450413,,20620515
,,20201107,20381027,,,20461001,,20550427,,,,,20620623,,,20200803,,20571115,,,20361124,20630903,20631022,,,,20571115,20470501,20490108,20560925,20550128,20481225,20450414,,20620525
,,20201108,20381029,,,20461008,,20550428,,,,,20620703,,,20200807,,20571120,,,20361223,20631008,20631225,,,,20571120,20470529,20490222,20560926,20550129,20490101,20450501,,20620815
,,20201111,20381111,,,20461225,,20550429,,,,,20620904,,,20200814,,20571225,,,20361231,20631112,20631226,,,,20571225,20471001,20490223,20561003,20550201,20490119,20450505,,20621026
,,20201114,20390106,,,20461226,,20550430,,,,,20621009,,,20200821,,20571231,,,20370101,20631225,20640101,,,,20571231,20471002,20490308,20561009,20550301,20490201,20450530,,20621101
,,20201115,20390126,,,20470101,,20550511,,,,,20621113,,,20200828,,20580101,,,20370102,20631226,20640102,,,,20580101,20471003,20490503,20561225,20550405,20490202,20450728,,20621208
,,20201121,20390204,,,20470128,,20550527,,,,,20621225,,,20200904,,20580125,,,20370112,20640101,20640121,,,,20580125,20471004,20490504,20570101,20550406,20490203,20450814,,20621225
,,20201122,20390221,,,20470129,,20550705,,,,,20621226,,,20200911,,20580225,,,20370211,20640218,20640206,,,,20580225,20471007,20490510,20570205,20550430,20490517,20451023,,20621226
,,20201126,20390311,,,20470405,,20550726,,,,,20630101,,,20200918,,20580226,,,20370320,20640404,20640404,,,,20580226,20471008,20490614,20570206,20550531,20490618,20451205,,20630101
,,20201128,20390325,,,20470412,,20550817,,,,,20630102,,,20200923,,20580412,,,20370429,20640519,20640407,,,,20580412,20480101,20491104,20570301,20551004,20490702,20451211,,20630416
,,20201129,20390401,,,20470415,,20551224,,,,,20630413,,,20200925,,20580501,,,20370504,20640701,20640425,,,,20580501,20480213,20491105,20570501,20551005,20490831,20460101,,20630501
,,20201205,20390407,,,20470501,,20560215,,,,,20630521,,,20201002,,20580613,,,20370505,20640804,20640602,,,,20580613,20480214,20500103,20570507,20551011,20490908,20460102,,20630524
,,20201206,20390408,,,20470502,,20560317,,,,,20630625,,,20201009,,20580709,,,20370506,20640901,20641027,,,,20580709,20480217,20500104,20570511,20551231,20490916,20460220,,20630604
,,20201212,20390414,,,20470529,,20560331,,,,,20630702,,,20201016,,20581115,,,20370720,20641013,20641225,,,,20581115,20480218,20500105,20570606,20560214,20490928,20460406,,20630614
,,20201213,20390812,,,20470701,,20560417,,,,,20630903,,,20201023,,20581120,,,20370811,20641111,20641226,,,,20581120,20480219,20500106,20570815,20560215,20491025,20460413,,20630815
,,20201219,20390815,,,20471001,,20560418,,,,,20631008,,,20201030,,20581225,,,20370921,20641225,,,,,20581225,20480406,20500107,20570912,20560216,20491208,20460416,,20631026
,,20201220,20390823,,,20471028,,20560419,,,,,20631112,,,20201106,,20581231,,,20370922,20641226,,,,,20581231,20480501,20500223,20570913,20560217,20500124,20460501,,20631101
,,20201225,20391020,,,20471225,,20560501,,,,,20631225,,,20201113,,20590101,,,20370923,,,,,,20590101,20480615,20500307,20570914,20560218,20500125,20460507,,20631224
,,20201226,20391026,,,20471226,,20560511,,,,,20631226,,,20201120,,20590210,,,20371012,,,,,,20590210,20480921,20500308,20571003,20560228,20500201,20460521,,20631225
,,20201227,20391115,,,20480101,,20560529,,,,,20640101,,,20201127,,20590211,,,20371103,,,,,,20590211,20480922,20500502,20571009,20560403,20500207,20460717,,20631226
,,20210101,20391117,,,20480214,,20560714,,,,,20640102,,,20201204,,20590328,,,20371123,,,,,,20590328,20481001,20500503,20571219,20560404,20500502,20460813,,20640101
,,20210102,20391130,,,20480217,,20560817,,,,,20640404,,,20201211,,20590421,,,20371223,,,,,,20590421,20481002,20500509,20571225,20560501,20500505,20461023,,20640407
,,20210103,20391226,,,20480403,,20560922,,,,,20640519,,,20201218,,20590501,,,20371231,,,,,,20590501,20481005,20500613,20580101,20560616,20500607,20461205,,20640501
,,20210109,20400125,,,20480406,,20561225,,,,,20640624,,,20201225,,20590529,,,20380101,,,,,,20590529,20481006,20501104,20580123,20560925,20500621,20461210,,20640515
,,20210110,20400126,,,20480501,,20570101,,,,,20640701,,,20210101,,20590709,,,20380111,,,,,,20590709,20481007,20510102,20580124,20561009,20500622,20461231,,20640526
,,20210116,20400326,,,20480520,,20570202,,,,,20640901,,,20210108,,20591120,,,20380211,,,,,,20591120,20490101,20510103,20580125,20561010,20500829,20470101,,20640605
,,20210117,20400329,,,20480615,,20570404,,,,,20641013,,,20210115,,20591225,,,20380429,,,,,,20591225,20490201,20510104,20580301,20570101,20500831,20470211,,20640815
,,20210118,20400330,,,20480701,,20570405,,,,,20641111,,,20210122,,20591231,,,20380503,,,,,,20591231,20490202,20510105,20580430,20570201,20500916,20470408,,20641208
,,20210123,20400402,,,20480923,,20570406,,,,,20641225,,,20210129,,20600101,,,20380504,,,,,,20600101,20490203,20510106,20580501,20570202,20500919,20470415,,20641224
,,20210124,20400412,,,20481001,,20570420,,,,,20641226,,,20210205,,20600301,,,20380505,,,,,,20600301,20490204,20510223,20580506,20570205,20501114,20470416,,20641225
,,20210130,20400420,,,20481016,,20570501,,,,,,,,20210212,,20600302,,,20380719,,,,,,20600302,20490205,20510308,20580605,20570206,20501128,20470501,,20641226
,,20210131,20400425,,,20481225,,20570531,,,,,,,,20210219,,20600416,,,20380811,,,,,,20600416,20490405,20510501,20580606,20570228,20501226,20470506,,
,,20210206,20400501,,,20490101,,20570613,,,,,,,,20210226,,20600421,,,20380920,,,,,,20600421,20490503,20510502,20580815,20570403,20510102,20470508,,
,,20210207,20400815,,,20490202,,20570703,,,,,,,,20210305,,20600617,,,20380923,,,,,,20600617,20490604,20510508,20581001,20570404,20510127,20470701,,
,,20210213,20400910,,,20490203,,20570817,,,,,,,,20210312,,20600709,,,20381011,,,,,,20600709,20490913,20510509,20581002,20570430,20510201,20470708,,
,,20210214,20401002,,,20490204,,20570911,,,,,,,,20210319,,20600907,,,20381103,,,,,,20600907,20491001,20510612,20581003,20570501,20510213,20470812,,
,,20210215,20401008,,,20490405,,20571224,,,,,,,,20210326,,20601012,,,20381123,,,,,,20601012,20491004,20511106,20581004,20570606,20510501,20471023,,
,,20210220,20401015,,,20490416,,20571225,,,,,,,,20210402,,20601102,,,20381223,,,,,,20601102,20491005,20520101,20581009,20570913,20510524,20471205,,
,,20210221,20401105,,,20490419,,20580101,,,,,,,,20210409,,20601115,,,20381231,,,,,,20601115,20491006,20520102,20581225,20570914,20510529,20471210,,
,,20210227,20401225,,,20490510,,20580122,,,,,,,,20210416,,20601231,,,20390103,,,,,,20601231,20491007,20520103,20590101,20571010,20510612,20471231,,
,,20210228,20410114,,,20490604,,20580124,,,,,,,,20210423,,20610125,,,20390110,,,,,,20610125,20500103,20520104,20590211,20571231,20510817,20480101,,
,,20210306,20410219,,,20490701,,20580325,,,,,,,,20210430,,20610221,,,20390211,,,,,,20610221,20500124,20520105,20590212,20580101,20510831,20480228,,
,,20210307,20410301,,,20490913,,20580326,,,,,,,,20210507,,20610222,,,20390321,,,,,,20610222,20500125,20520108,20590213,20580123,20510907,20480406,,
,,20210313,20410315,,,20491001,,20580327,,,,,,,,20210512,,20610408,,,20390429,,,,,,20610408,20500126,20520223,20590501,20580124,20511102,20480413,,
,,20210314,20410318,,,20491005,,20580328,,,,,,,,20210513,,20610421,,,20390503,,,,,,20610421,20500127,20520308,20590505,20580125,20511116,20480414,,
,,20210320,20410401,,,20491227,,20580412,,,,,,,,20210514,,20610609,,,20390504,,,,,,20610609,20500128,20520501,20590519,20580128,20511225,20480415,,
,,20210321,20410402,,,20500124,,20580424,,,,,,,,20210521,,20610907,,,20390505,,,,,,20610907,20500404,20520508,20590606,20580228,20520101,20480501,,
,,20210327,20410409,,,20500125,,20580501,,,,,,,,20210528,,20611012,,,20390718,,,,,,20611012,20500502,20520509,20590815,20580301,20520201,20480505,,
,,20210328,20410419,,,20500126,,20580508,,,,,,,,20210604,,20611102,,,20390811,,,,,,20611102,20500623,20520510,20590922,20580404,20520202,20480527,,
,,20210403,20410501,,,20500404,,20580523,,,,,,,,20210611,,20611115,,,20390919,,,,,,20611115,20500624,20520612,20590923,20580405,20520213,20480701,,
,,20210404,20410516,,,20500408,,20581225,,,,,,,,20210618,,20611230,,,20390923,,,,,,20611230,20500930,20521104,20591003,20580501,20520501,20480727,,
,,20210410,20410815,,,20500411,,20590101,,,,,,,,20210625,,20620125,,,20391010,,,,,,20620125,20501003,20530101,20591009,20580624,20520513,20480812,,
,,20210411,20410830,,,20500502,,20590212,,,,,,,,20210702,,20620206,,,20391103,,,,,,20620206,20501004,20530102,20591225,20580625,20520516,20481023,,
,,20210417,20410927,,,20500623,,20590314,,,,,,,,20210709,,20620207,,,20391123,,,,,,20620207,20501005,20530103,20600101,20581002,20520530,20481207,,
,,20210418,20411002,,,20500701,,20590317,,,,,,,,20210716,,20620324,,,20391223,,,,,,20620324,20501006,20530106,20600202,20581010,20520531,20481210,,
,,20210424,20411024,,,20501024,,20590318,,,,,,,,20210719,,20620421,,,20400102,,,,,,20620421,20501007,20530107,20600203,20581011,20520805,20481231,,
,,20210425,20411108,,,20501226,,20590328,,,,,,,,20210720,,20620501,,,20400103,,,,,,20620501,20510102,20530108,20600204,20590101,20520826,20490101,,
,,20210501,20411205,,,20501227,,20590414,,,,,,,,20210721,,20620525,,,20400109,,,,,,20620525,20510210,20530310,20600301,20590210,20520916,20490217,,
,,20210502,20411225,,,20510102,,20590501,,,,,,,,20210723,,20620907,,,20400320,,,,,,20620907,20510213,20530501,20600414,20590211,20521021,20490406,,
,,20210508,20420103,,,20510213,,20590508,,,,,,,,20210730,,20621012,,,20400430,,,,,,20621012,20510214,20530502,20600505,20590212,20521104,20490413,,
,,20210509,20420218,,,20510214,,20590522,,,,,,,,20210806,,20621102,,,20400503,,,,,,20621102,20510215,20530509,20600507,20590213,20521225,20490414,,
,,20210515,20420219,,,20510331,,20590527,,,,,,,,20210813,,20621115,,,20400504,,,,,,20621115,20510216,20530612,20600908,20590214,20530101,20490415,,
,,20210516,20420305,,,20510403,,20590612,,,,,,,,20210820,,20621120,,,20400716,,,,,,20621120,20510405,20530613,20600909,20590228,20530203,20490503,,
,,20210522,20420307,,,20510405,,20590821,,,,,,,,20210827,,20621225,,,20400917,,,,,,20621225,20510501,20531103,20600910,20590403,20530219,20490505,,
,,20210523,20420401,,,20510501,,20591225,,,,,,,,20210903,,20621229,,,20401008,,,,,,20621229,20510612,20531104,20610121,20590404,20530220,20490517,,
,,20210529,20420403,,,20510517,,20600101,,,,,,,,20210910,,20630101,,,20401123,,,,,,20630101,20510613,20540101,20610124,20590501,20530501,20490701,,
,,20210530,20420404,,,20510613,,20600202,,,,,,,,20210917,,20630125,,,20401224,,,,,,20630125,20510918,20540102,20610301,20590502,20530506,20490714,,
,,20210531,20420414,,,20510920,,20600303,,,,,,,,20210923,,20630226,,,20401231,,,,,,20630226,20510919,20540105,20610505,20590613,20530519,20490812,,
,,20210605,20420501,,,20511002,,20600304,,,,,,,,20210924,,20630227,,,20410101,,,,,,20630227,20511002,20540106,20610526,20590922,20530520,20491025,,
,,20210606,20420505,,,20511013,,20600305,,,,,,,,20211001,,20630413,,,20410102,,,,,,20630413,20511003,20540107,20610606,20591010,20530815,20491206,,
,,20210612,20420811,,,20511225,,20600401,,,,,,,,20211008,,20630501,,,20410103,,,,,,20630501,20511004,20540108,20610815,20600101,20530901,20491210,,
,,20210613,20420815,,,20511226,,20600416,,,,,,,,20211015,,20630614,,,20410114,,,,,,20630614,20511005,20540109,20610927,20600102,20530916,20491231,,
,,20210619,20420916,,,20520101,,20600510,,,,,,,,20211022,,20630709,,,20410211,,,,,,20630709,20511006,20540223,20610928,20600130,20531024,20500103,,
,,20210620,20420918,,,20520201,,20600511,,,,,,,,20211029,,20630907,,,20410320,,,,,,20630907,20520101,20540309,20610929,20600202,20531110,20500307,,
,,20210626,20421002,,,20520202,,20600527,,,,,,,,20211105,,20631012,,,20410429,,,,,,20631012,20520131,20540501,20611003,20600203,20531225,20500406,,
,,20210627,20421024,,,20520404,,20600531,,,,,,,,20211112,,20631102,,,20410503,,,,,,20631102,20520201,20540504,20620208,20600204,20540101,20500413,,
,,20210703,20421112,,,20520419,,20600809,,,,,,,,20211119,,20631115,,,20410506,,,,,,20631115,20520202,20540511,20620209,20600227,20540202,20500414,,
,,20210704,20421113,,,20520422,,20600817,,,,,,,,20211126,,20631120,,,20410715,,,,,,20631120,20520205,20540612,20620210,20600405,20540209,20500415,,
,,20210705,20421124,,,20520501,,20601220,,,,,,,,20211203,,20631225,,,20410812,,,,,,20631225,20520206,20541104,20620301,20600406,20540210,20500502,,
,,20210710,20421127,,,20520506,,20601224,,,,,,,,20211210,,20631231,,,20410916,,,,,,20631231,20520404,20550101,20620501,20600430,20540501,20500505,,
,,20210711,20421225,,,20520701,,20610121,,,,,,,,20211217,,20640101,,,20410923,,,,,,20640101,20520405,20550104,20620505,20600603,20540511,20500606,,
,,20210717,20430126,,,20520909,,20610221,,,,,,,,20211224,,20640125,,,20411014,,,,,,20640125,20520501,20550105,20620516,20600604,20540522,20500701,,
,,20210718,20430219,,,20521001,,20610222,,,,,,,,20211231,,20640218,,,20411104,,,,,,20640218,20520603,20550106,20620531,20600909,20540716,20500802,,
,,20210724,20430223,,,20521030,,20610223,,,,,,,,20220107,,20640219,,,20411223,,,,,,20640219,20520909,20550107,20620606,20600910,20540805,20500812,,
,,20210725,20430309,,,20521225,,20610224,,,,,,,,20220114,,20640404,,,20411231,,,,,,20640404,20521001,20550108,20620815,20601011,20540831,20501024,,
,,20210731,20430326,,,20521226,,20610408,,,,,,,,20220121,,20640421,,,20420101,,,,,,20640421,20521002,20550222,20620918,20601231,20540916,20501205,,
,,20210801,20430327,,,20530101,,20610420,,,,,,,,20220128,,20640501,,,20420102,,,,,,20640501,20521003,20550223,20620919,20610120,20541014,20501212,,
,,20210807,20430401,,,20530219,,20610504,,,,,,,,20220204,,20640605,,,20420103,,,,,,20640605,20521004,20550308,20621003,20610121,20541030,20510102,,
,,20210808,20430410,,,20530220,,20610519,,,,,,,,20220211,,20640709,,,20420113,,,,,,20640709,20521007,20550503,20621009,20610124,20541225,20510227,,
,,20210814,20430414,,,20530221,,20610729,,,,,,,,20220218,,20641120,,,20420211,,,,,,20641120,20530101,20550504,20621220,20610125,20550101,20510406,,
,,20210815,20430417,,,20530403,,20610817,,,,,,,,20220225,,20641225,,,20420320,,,,,,20641225,20530218,20550510,20621225,20610228,20550128,20510413,,
,,20210821,20430422,,,20530404,,20620209,,,,,,,,20220304,,20641231,,,20420429,,,,,,20641231,20530219,20550614,20630101,20610401,20550129,20510414,,
,,20210822,20430501,,,20530407,,20620210,,,,,,,,20220311,,,,,20420505,,,,,,,20530220,20551104,20630129,20610404,20550201,20510501,,
,,20210828,20430811,,,20530501,,20620213,,,,,,,,20220318,,,,,20420506,,,,,,,20530221,20551105,20630130,20610502,20550210,20510505,,
,,20210829,20430907,,,20530526,,20620214,,,,,,,,20220325,,,,,20420721,,,,,,,20530224,20560103,20630131,20610622,20550415,20510524,,
,,20210904,20431002,,,20530620,,20620324,,,,,,,,20220401,,,,,20420811,,,,,,,20530404,20560104,20630301,20610928,20550428,20510724,,
,,20210905,20431013,,,20530701,,20620410,,,,,,,,20220408,,,,,20420915,,,,,,,20530501,20560105,20630501,20611010,20550429,20510814,,
,,20210906,20431102,,,20531001,,20620420,,,,,,,,20220415,,,,,20420923,,,,,,,20530502,20560106,20630507,20620102,20550511,20511023,,
,,20210911,20431113,,,20531020,,20620501,,,,,,,,20220422,,,,,20421013,,,,,,,20530620,20560107,20630606,20620208,20550705,20511205,,
,,20210912,20431116,,,20531225,,20620504,,,,,,,,20220429,,,,,20421103,,,,,,,20530926,20560223,20630815,20620209,20550726,20511211,,
,,20210918,20431225,,,20531226,,20620511,,,,,,,,20220502,,,,,20421124,,,,,,,20531001,20560308,20631003,20620210,20550831,20520101,,
,,20210919,20440126,,,20540101,,20620523,,,,,,,,20220503,,,,,20421223,,,,,,,20531002,20560501,20631005,20620213,20550916,20520102,,
,,20210925,20440212,,,20540209,,20620719,,,,,,,,20220506,,,,,20421231,,,,,,,20531003,20560502,20631008,20620227,20551004,20520214,,
,,20210926,20440219,,,20540210,,20620817,,,,,,,,20220513,,,,,20430101,,,,,,,20531006,20560508,20631009,20620228,20551019,20520408,,
,,20211002,20440314,,,20540211,,20621129,,,,,,,,20220520,,,,,20430102,,,,,,,20531007,20560509,20631225,20620403,20560201,20520415,,
,,20211003,20440330,,,20540327,,20621225,,,,,,,,20220527,,,,,20430112,,,,,,,20540101,20560612,20640101,20620404,20560202,20520416,,
,,20211009,20440401,,,20540330,,20630101,,,,,,,,20220603,,,,,20430211,,,,,,,20540102,20561106,20640218,20620501,20560215,20520501,,
,,20211010,20440406,,,20540501,,20630129,,,,,,,,20220610,,,,,20430429,,,,,,,20540209,20570101,20640219,20620612,20560216,20520506,,
,,20211011,20440414,,,20540515,,20630130,,,,,,,,20220617,,,,,20430504,,,,,,,20540210,20570102,20640409,20620918,20560403,20520513,,
,,20211016,20440415,,,20540610,,20630131,,,,,,,,20220624,,,,,20430505,,,,,,,20540211,20570103,20640501,20621009,20560417,20520701,,
,,20211017,20440511,,,20540701,,20630201,,,,,,,,20220701,,,,,20430506,,,,,,,20540212,20570104,20640505,20621010,20560418,20520711,,
,,20211023,20440810,,,20540917,,20630202,,,,,,,,20220707,,,,,20430720,,,,,,,20540213,20570105,20640523,20630101,20560501,20520812,,
,,20211024,20440815,,,20541001,,20630330,,,,,,,,20220708,,,,,20430811,,,,,,,20540406,20570108,20640606,20630126,20560529,20521023,,
,,20211030,20440825,,,20541009,,20630409,,,,,,,,20220711,,,,,20430921,,,,,,,20540501,20570223,20640815,20630129,20560714,20521205,,
,,20211031,20440826,,,20541225,,20630413,,,,,,,,20220715,,,,,20430922,,,,,,,20540610,20570308,20640924,20630130,20560831,20521210,,
,,20211106,20441020,,,20550101,,20630430,,,,,,,,20220722,,,,,20430923,,,,,,,20540916,20570309,20640925,20630131,20560922,20521231,,
,,20211107,20441021,,,20550128,,20630501,,,,,,,,20220729,,,,,20431012,,,,,,,20541001,20570430,20640926,20630228,20561106,20530101,,
,,20211111,20441101,,,20550129,,20630524,,,,,,,,20220805,,,,,20431103,,,,,,,20541002,20570501,20641003,20630404,20561225,20530304,,
,,20211113,20441201,,,20550405,,20630709,,,,,,,,20220812,,,,,20431123,,,,,,,20541005,20570509,20641009,20630405,20570101,20530407,,
,,20211114,20450126,,,20550416,,20630817,,,,,,,,20220819,,,,,20431223,,,,,,,20541006,20570611,20641225,20630430,20570122,20530414,,
,,20211120,20450131,,,20550419,,20631224,,,,,,,,20220826,,,,,20431231,,,,,,,20541007,20570612,,20630501,20570201,20530415,,
,,20211121,20450215,,,20550504,,20631225,,,,,,,,20220902,,,,,20440101,,,,,,,20550101,20571105,,20630601,20570205,20530501,,
,,20211125,20450303,,,20550531,,20640101,,,,,,,,20220909,,,,,20440111,,,,,,,20550127,20580101,,20631005,20570206,20530505,,
,,20211127,20450327,,,20550701,,20640121,,,,,,,,20220916,,,,,20440211,,,,,,,20550128,20580102,,20631010,20570323,20530602,,
,,20211128,20450330,,,20551001,,20640122,,,,,,,,20220922,,,,,20440321,,,,,,,20550129,20580103,,20631231,20570405,20530701,,
,,20211204,20450407,,,20551006,,20640123,,,,,,,,20220923,,,,,20440429,,,,,,,20550201,20580104,,20640101,20570406,20530730,,
,,20211205,20450414,,,20551028,,20640328,,,,,,,,20220930,,,,,20440503,,,,,,,20550202,20580107,,20640214,20570501,20530812,,
,,20211211,20450501,,,20551227,,20640404,,,,,,,,20221007,,,,,20440504,,,,,,,20550405,20580108,,20640215,20570518,20531023,,
,,20211212,20450810,,,20560215,,20640417,,,,,,,,20221014,,,,,20440505,,,,,,,20550503,20580308,,20640218,20570613,20531205,,
,,20211218,20450815,,,20560216,,20640418,,,,,,,,20221021,,,,,20440718,,,,,,,20550531,20580501,,20640219,20570703,20531210,,
,,20211219,20450914,,,20560217,,20640501,,,,,,,,20221028,,,,,20440811,,,,,,,20551001,20580502,,20640228,20570831,20531231,,
,,20211224,20451002,,,20560331,,20640515,,,,,,,,20221104,,,,,20440919,,,,,,,20551004,20580503,,20640229,20570911,20540101,,
,,20211225,20451020,,,20560403,,20640530,,,,,,,,20221111,,,,,20440922,,,,,,,20551005,20580509,,20640403,20570917,20540102,,
,,20211226,20451108,,,20560404,,20640627,,,,,,,,20221118,,,,,20441010,,,,,,,20551006,20580510,,20640404,20571225,20540223,,
,,20220101,20451109,,,20560501,,20641107,,,,,,,,20221125,,,,,20441103,,,,,,,20551007,20580612,,20640501,20580101,20540406,,
,,20220102,20451120,,,20560522,,20641225,,,,,,,,20221202,,,,,20441123,,,,,,,20551008,20581104,,20640502,20580124,20540413,,
,,20220108,20451124,,,20560925,,,,,,,,,,20221209,,,,,20441223,,,,,,,20560103,20590101,,20640619,20580125,20540414,,
,,20220109,20451225,,,20561002,,,,,,,,,,20221216,,,,,20450102,,,,,,,20560214,20590102,,20640620,20580201,20540415,,
,,20220115,20460126,,,20561017,,,,,,,,,,20221223,,,,,20450103,,,,,,,20560215,20590103,,20640925,20580207,20540501,,
,,20220116,20460219,,,20561225,,,,,,,,,,20221230,,,,,20450109,,,,,,,20560216,20590106,,20640926,20580312,20540505,,
,,20220117,20460305,,,20561226,,,,,,,,,,20230106,,,,,20450320,,,,,,,20560217,20590107,,20641010,20580326,20540521,,
,,20220122,20460322,,,20570101,,,,,,,,,,20230113,,,,,20450503,,,,,,,20560218,20590108,,,20580327,20540701,,
,,20220123,20460323,,,20570205,,,,,,,,,,20230120,,,,,20450504,,,,,,,20560403,20590310,,,20580501,20540720,,
,,20220129,20460402,,,20570206,,,,,,,,,,20230127,,,,,20450505,,,,,,,20560404,20590501,,,20580507,20540812,,
,,20220130,20460419,,,20570207,,,,,,,,,,20230203,,,,,20450717,,,,,,,20560501,20590502,,,20580603,20541023,,
,,20220205,20460501,,,20570404,,,,,,,,,,20230210,,,,,20450811,,,,,,,20560619,20590509,,,20580916,20541207,,
,,20220206,20460810,,,20570420,,,,,,,,,,20230217,,,,,20450918,,,,,,,20560925,20590612,,,20581115,20541210,,
,,20220212,20460815,,,20570423,,,,,,,,,,20230224,,,,,20450922,,,,,,,20561002,20590613,,,20581225,20541231,,
,,20220213,20460903,,,20570501,,,,,,,,,,20230303,,,,,20451009,,,,,,,20561003,20591103,,,20590101,20550101,,
,,20220219,20461002,,,20570511,,,,,,,,,,20230310,,,,,20451103,,,,,,,20561004,20591104,,,20590128,20550211,,
,,20220220,20461009,,,20570606,,,,,,,,,,20230317,,,,,20451123,,,,,,,20561005,20600101,,,20590212,20550406,,
,,20220221,20461011,,,20570702,,,,,,,,,,20230324,,,,,20460101,,,,,,,20561006,20600102,,,20590213,20550413,,
,,20220226,20461029,,,20570914,,,,,,,,,,20230331,,,,,20460102,,,,,,,20570101,20600105,,,20590303,20550414,,
,,20220227,20461030,,,20571001,,,,,,,,,,20230407,,,,,20460103,,,,,,,20570205,20600106,,,20590317,20550415,,
,,20220305,20461109,,,20571225,,,,,,,,,,20230414,,,,,20460108,,,,,,,20570206,20600107,,,20590501,20550503,,
,,20220306,20461113,,,20571226,,,,,,,,,,20230420,,,,,20460212,,,,,,,20570207,20600108,,,20590522,20550505,,
,,20220312,20461225,,,20580101,,,,,,,,,,20230421,,,,,20460320,,,,,,,20570208,20600109,,,20590526,20550510,,
,,20220313,20470109,,,20580124,,,,,,,,,,20230424,,,,,20460430,,,,,,,20570209,20600223,,,20590612,20550701,,
,,20220319,20470219,,,20580125,,,,,,,,,,20230428,,,,,20460503,,,,,,,20570404,20600308,,,20590820,20550708,,
,,20220320,20470222,,,20580404,,,,,,,,,,20230505,,,,,20460504,,,,,,,20570430,20600503,,,20590901,20550812,,
,,20220326,20470312,,,20580412,,,,,,,,,,20230512,,,,,20460716,,,,,,,20570501,20600504,,,20590916,20551025,,
,,20220327,20470327,,,20580415,,,,,,,,,,20230519,,,,,20460917,,,,,,,20570606,20600510,,,20591104,20551206,,
,,20220402,20470401,,,20580430,,,,,,,,,,20230526,,,,,20460924,,,,,,,20570913,20600614,,,20591225,20551210,,
,,20220403,20470404,,,20580501,,,,,,,,,,20230602,,,,,20461008,,,,,,,20570914,20601104,,,20600101,20551231,,
,,20220409,20470408,,,20580625,,,,,,,,,,20230609,,,,,20461123,,,,,,,20571001,20601105,,,20600119,20560103,,
,,20220410,20470412,,,20580701,,,,,,,,,,20230616,,,,,20461224,,,,,,,20571002,20610103,,,20600202,20560229,,
,,20220415,20470501,,,20581001,,,,,,,,,,20230623,,,,,20461231,,,,,,,20571003,20610104,,,20600203,20560406,,
,,20220416,20470509,,,20581003,,,,,,,,,,20230627,,,,,20470101,,,,,,,20571004,20610105,,,20600204,20560413,,
,,20220417,20470725,,,20581025,,,,,,,,,,20230628,,,,,20470102,,,,,,,20571005,20610106,,,20600219,20560414,,
,,20220423,20470815,,,20581225,,,,,,,,,,20230629,,,,,20470103,,,,,,,20571231,20610107,,,20600304,20560501,,
,,20220424,20471001,,,20581226,,,,,,,,,,20230630,,,,,20470114,,,,,,,20580101,20610223,,,20600305,20560505,,
,,20220430,20471002,,,20590101,,,,,,,,,,20230707,,,,,20470211,,,,,,,20580123,20610307,,,20600511,20560529,,
,,20220501,20471018,,,20590212,,,,,,,,,,20230714,,,,,20470321,,,,,,,20580124,20610308,,,20600514,20560727,,
,,20220507,20471030,,,20590213,,,,,,,,,,20230721,,,,,20470429,,,,,,,20580125,20610502,,,20600531,20560814,,
,,20220508,20471225,,,20590214,,,,,,,,,,20230728,,,,,20470503,,,,,,,20580128,20610503,,,20600809,20561023,,
,,20220514,20480212,,,20590328,,,,,,,,,,20230804,,,,,20470506,,,,,,,20580129,20610509,,,20600831,20561205,,
,,20220515,20480219,,,20590331,,,,,,,,,,20230811,,,,,20470715,,,,,,,20580404,20610613,,,20600916,20561211,,
,,20220521,20480401,,,20590501,,,,,,,,,,20230818,,,,,20470812,,,,,,,20580405,20611104,,,20610121,20570101,,
,,20220522,20480403,,,20590519,,,,,,,,,,20230825,,,,,20470916,,,,,,,20580501,20620102,,,20610201,20570102,,
,,20220528,20480414,,,20590701,,,,,,,,,,20230901,,,,,20470923,,,,,,,20580624,20620103,,,20610204,20570219,,
,,20220529,20480422,,,20590922,,,,,,,,,,20230908,,,,,20471014,,,,,,,20580625,20620104,,,20610208,20570406,,
,,20220530,20480501,,,20591001,,,,,,,,,,20230915,,,,,20471104,,,,,,,20581001,20620105,,,20610221,20570413,,
,,20220604,20480527,,,20591014,,,,,,,,,,20230922,,,,,20471223,,,,,,,20581002,20620106,,,20610222,20570416,,
,,20220605,20480713,,,20591225,,,,,,,,,,20230929,,,,,20471231,,,,,,,20581003,20620223,,,20610502,20570501,,
,,20220611,20480911,,,20591226,,,,,,,,,,20231006,,,,,20480101,,,,,,,20581004,20620308,,,20610504,20570507,,
,,20220612,20481002,,,20600101,,,,,,,,,,20231013,,,,,20480102,,,,,,,20581007,20620501,,,20610729,20570518,,
,,20220618,20481016,,,20600202,,,,,,,,,,20231020,,,,,20480103,,,,,,,20581008,20620502,,,20610831,20570716,,
,,20220619,20481019,,,20600203,,,,,,,,,,20231027,,,,,20480113,,,,,,,20590101,20620508,,,20610916,20570813,,
,,20220625,20481105,,,20600204,,,,,,,,,,20231103,,,,,20480211,,,,,,,20590211,20620509,,,20611111,20571023,,
,,20220626,20481120,,,20600405,,,,,,,,,,20231110,,,,,20480320,,,,,,,20590212,20620612,,,20611226,20571205,,
,,20220702,20481218,,,20600416,,,,,,,,,,20231117,,,,,20480429,,,,,,,20590213,20621106,,,20620102,20571210,,
,,20220703,20481225,,,20600419,,,,,,,,,,20231124,,,,,20480504,,,,,,,20590214,20630101,,,20620125,20571231,,
,,20220704,20490126,,,20600507,,,,,,,,,,20231201,,,,,20480505,,,,,,,20590217,20630102,,,20620201,20580101,,
,,20220709,20490219,,,20600603,,,,,,,,,,20231208,,,,,20480506,,,,,,,20590407,20630103,,,20620209,20580208,,
,,20220710,20490302,,,20600701,,,,,,,,,,20231215,,,,,20480720,,,,,,,20590501,20630104,,,20620210,20580408,,
,,20220716,20490319,,,20600910,,,,,,,,,,20231222,,,,,20480811,,,,,,,20590502,20630105,,,20620213,20580415,,
,,20220717,20490401,,,20601001,,,,,,,,,,20231229,,,,,20480921,,,,,,,20590616,20630108,,,20620420,20580416,,
,,20220723,20490414,,,20601227,,,,,,,,,,20240105,,,,,20480922,,,,,,,20590922,20630223,,,20620501,20580501,,
,,20220724,20490416,,,20610121,,,,,,,,,,20240112,,,,,20481012,,,,,,,20591001,20630308,,,20620510,20580506,,
,,20220730,20490517,,,20610124,,,,,,,,,,20240119,,,,,20481103,,,,,,,20591002,20630309,,,20620523,20580507,,
,,20220731,20490702,,,20610404,,,,,,,,,,20240126,,,,,20481123,,,,,,,20591003,20630430,,,20620719,20580701,,
,,20220806,20490809,,,20610408,,,,,,,,,,20240202,,,,,20481223,,,,,,,20591006,20630501,,,20620831,20580705,,
,,20220807,20490901,,,20610411,,,,,,,,,,20240209,,,,,20481231,,,,,,,20591007,20630509,,,20621031,20580812,,
,,20220813,20490908,,,20610502,,,,,,,,,,20240216,,,,,20490101,,,,,,,20600101,20630611,,,20621225,20581023,,
,,20220814,20491006,,,20610526,,,,,,,,,,20240223,,,,,20490111,,,,,,,20600102,20630612,,,20630101,20581205,,
,,20220820,20491008,,,20610622,,,,,,,,,,20240301,,,,,20490211,,,,,,,20600202,20631105,,,20630117,20581210,,
,,20220821,20491026,,,20610701,,,,,,,,,,20240308,,,,,20490429,,,,,,,20600203,20640101,,,20630129,20581231,,
,,20220827,20491027,,,20610929,,,,,,,,,,20240315,,,,,20490503,,,,,,,20600204,20640102,,,20630130,20590101,,
,,20220828,20491109,,,20611021,,,,,,,,,,20240322,,,,,20490504,,,,,,,20600205,20640103,,,20630131,20590226,,
,,20220903,20491208,,,20611226,,,,,,,,,,20240329,,,,,20490505,,,,,,,20600206,20640104,,,20630201,20590407,,
,,20220904,20500126,,,20611227,,,,,,,,,,20240405,,,,,20490719,,,,,,,20600405,20640107,,,20630202,20590414,,
,,20220905,20500309,,,20620102,,,,,,,,,,20240409,,,,,20490811,,,,,,,20600503,20640108,,,20630212,20590415,,
,,20220910,20500323,,,20620209,,,,,,,,,,20240410,,,,,20490920,,,,,,,20600603,20640310,,,20630409,20590501,,
,,20220911,20500331,,,20620210,,,,,,,,,,20240411,,,,,20490921,,,,,,,20600604,20640501,,,20630430,20590505,,
,,20220917,20500401,,,20620324,,,,,,,,,,20240412,,,,,20490922,,,,,,,20600909,20640502,,,20630501,20590526,,
,,20220918,20500405,,,20620327,,,,,,,,,,20240419,,,,,20491011,,,,,,,20600910,20640509,,,20630709,20590701,,
,,20220924,20500408,,,20620404,,,,,,,,,,20240426,,,,,20491103,,,,,,,20601001,20640612,,,20630831,20590724,,
,,20220925,20500414,,,20620501,,,,,,,,,,20240503,,,,,20491123,,,,,,,20601004,20640613,,,20630917,20590812,,
,,20221001,20500506,,,20620516,,,,,,,,,,20240510,,,,,20491223,,,,,,,20601005,20641103,,,20631022,20591023,,
,,20221002,20500621,,,20620612,,,,,,,,,,20240517,,,,,20491231,,,,,,,20601006,20641104,,,20631225,20591205,,
,,20221008,20500809,,,20620918,,,,,,,,,,20240524,,,,,20500103,,,,,,,20601007,,,,20640101,20591210,,
,,20221009,20500815,,,20621002,,,,,,,,,,20240531,,,,,20500110,,,,,,,20610103,,,,20640107,20591231,,
,,20221010,20500920,,,20621011,,,,,,,,,,20240607,,,,,20500211,,,,,,,20610120,,,,20640121,20600101,,
,,20221015,20500927,,,20621225,,,,,,,,,,20240613,,,,,20500321,,,,,,,20610121,,,,20640122,20600102,,
,,20221016,20501025,,,20621226,,,,,,,,,,20240614,,,,,20500429,,,,,,,20610124,,,,20640201,20600216,,
,,20221022,20501115,,,20630101,,,,,,,,,,20240617,,,,,20500503,,,,,,,20610125,,,,20640218,20600406,,
,,20221023,20501128,,,20630129,,,,,,,,,,20240621,,,,,20500504,,,,,,,20610126,,,,20640219,20600413,,
,,20221029,20510126,,,20630130,,,,,,,,,,20240628,,,,,20500505,,,,,,,20610404,,,,20640328,20600414,,
,,20221030,20510327,,,20630131,,,,,,,,,,20240705,,,,,20500718,,,,,,,20610502,,,,20640418,20600415,,
,,20221105,20510331,,,20630405,,,,,,,,,,20240712,,,,,20500811,,,,,,,20610622,,,,20640501,20600503,,
,,20221106,20510411,,,20630413,,,,,,,,,,20240719,,,,,20500919,,,,,,,20610928,,,,20640502,20600505,,
,,20221111,20510414,,,20630416,,,,,,,,,,20240726,,,,,20500923,,,,,,,20611003,,,,20640627,20600514,,
,,20221112,20510419,,,20630501,,,,,,,,,,20240802,,,,,20501010,,,,,,,20611004,,,,20640901,20600701,,
,,20221113,20510501,,,20630601,,,,,,,,,,20240809,,,,,20501103,,,,,,,20611005,,,,20640916,20600712,,
,,20221119,20510525,,,20630702,,,,,,,,,,20240816,,,,,20501123,,,,,,,20611006,,,,20641225,20600812,,
,,20221120,20510809,,,20631001,,,,,,,,,,20240823,,,,,20501223,,,,,,,20611007,,,,20641226,20601025,,
,,20221124,20510815,,,20631008,,,,,,,,,,20240830,,,,,20510102,,,,,,,20620102,,,,,20601206,,
,,20221126,20510818,,,20631030,,,,,,,,,,20240906,,,,,20510103,,,,,,,20620208,,,,,20601210,,
,,20221127,20511002,,,20631225,,,,,,,,,,20240913,,,,,20510109,,,,,,,20620209,,,,,20601231,,
,,20221203,20511103,,,20631226,,,,,,,,,,20240920,,,,,20510321,,,,,,,20620210,,,,,20610103,,
,,20221204,20511117,,,20640101,,,,,,,,,,20240923,,,,,20510503,,,,,,,20620213,,,,,20610307,,
,,20221210,20511225,,,20640218,,,,,,,,,,20240927,,,,,20510504,,,,,,,20620214,,,,,20610406,,
,,20221211,20520126,,,20640219,,,,,,,,,,20241004,,,,,20510505,,,,,,,20620403,,,,,20610413,,
,,20221217,20520219,,,20640220,,,,,,,,,,20241011,,,,,20510717,,,,,,,20620404,,,,,20610414,,
,,20221218,20520228,,,20640403,,,,,,,,,,20241018,,,,,20510811,,,,,,,20620501,,,,,20610415,,
,,20221224,20520315,,,20640404,,,,,,,,,,20241025,,,,,20510918,,,,,,,20620612,,,,,20610502,,
,,20221225,20520401,,,20640407,,,,,,,,,,20241101,,,,,20511009,,,,,,,20620918,,,,,20610505,,
,,20221226,20520411,,,20640501,,,,,,,,,,20241108,,,,,20511103,,,,,,,20621002,,,,,20610602,,
,,20221231,20520419,,,20640523,,,,,,,,,,20241115,,,,,20511123,,,,,,,20621003,,,,,20610701,,
,,20230101,20520501,,,20640619,,,,,,,,,,20241122,,,,,20520101,,,,,,,20621004,,,,,20610801,,
,,20230102,20520513,,,20640701,,,,,,,,,,20241129,,,,,20520102,,,,,,,20621005,,,,,20610812,,
,,20230107,20520530,,,20640926,,,,,,,,,,20241206,,,,,20520103,,,,,,,20621006,,,,,20611024,,
,,20230108,20520806,,,20641001,,,,,,,,,,20241213,,,,,20520108,,,,,,,20630101,,,,,20611205,,
,,20230114,20520808,,,20641225,,,,,,,,,,20241220,,,,,20520212,,,,,,,20630129,,,,,20611212,,
,,20230115,20520815,,,20641226,,,,,,,,,,20241227,,,,,20520320,,,,,,,20630130,,,,,20620102,,
,,20230116,20520828,,,,,,,,,,,,,20250103,,,,,20520429,,,,,,,20630131,,,,,20620224,,
,,20230121,20520904,,,,,,,,,,,,,20250110,,,,,20520503,,,,,,,20630201,,,,,20620406,,
,,20230122,20521002,,,,,,,,,,,,,20250117,,,,,20520506,,,,,,,20630202,,,,,20620413,,
,,20230128,20521003,,,,,,,,,,,,,20250124,,,,,20520715,,,,,,,20630405,,,,,20620414,,
,,20230129,20521022,,,,,,,,,,,,,20250131,,,,,20520812,,,,,,,20630406,,,,,20620501,,
,,20230204,20521023,,,,,,,,,,,,,20250207,,,,,20520916,,,,,,,20630430,,,,,20620505,,
,,20230205,20521105,,,,,,,,,,,,,20250214,,,,,20520923,,,,,,,20630501,,,,,20620523,,
,,20230211,20521106,,,,,,,,,,,,,20250221,,,,,20521014,,,,,,,20630601,,,,,20620721,,
,,20230212,20521225,,,,,,,,,,,,,20250228,,,,,20521104,,,,,,,20631001,,,,,20620814,,
,,20230218,20530219,,,,,,,,,,,,,20250307,,,,,20521223,,,,,,,20631002,,,,,20621023,,
,,20230219,20530305,,,,,,,,,,,,,20250314,,,,,20521231,,,,,,,20631003,,,,,20621205,,
,,20230220,20530321,,,,,,,,,,,,,20250321,,,,,20530101,,,,,,,20631004,,,,,20621211,,
,,20230225,20530328,,,,,,,,,,,,,20250327,,,,,20530102,,,,,,,20631005,,,,,20630101,,
,,20230226,20530401,,,,,,,,,,,,,20250328,,,,,20530103,,,,,,,20631008,,,,,20630102,,
,,20230304,20530402,,,,,,,,,,,,,20250331,,,,,20530113,,,,,,,20631231,,,,,20630213,,
,,20230305,20530404,,,,,,,,,,,,,20250404,,,,,20530211,,,,,,,20640101,,,,,20630406,,
,,20230311,20530414,,,,,,,,,,,,,20250411,,,,,20530320,,,,,,,20640218,,,,,20630413,,
,,20230312,20530501,,,,,,,,,,,,,20250418,,,,,20530429,,,,,,,20640219,,,,,20630416,,
,,20230318,20530502,,,,,,,,,,,,,20250425,,,,,20530505,,,,,,,20640220,,,,,20630501,,
,,20230319,20530520,,,,,,,,,,,,,20250502,,,,,20530506,,,,,,,20640221,,,,,20630507,,
,,20230325,20530808,,,,,,,,,,,,,20250509,,,,,20530721,,,,,,,20640222,,,,,20630514,,
,,20230326,20530815,,,,,,,,,,,,,20250516,,,,,20530811,,,,,,,20640404,,,,,20630710,,
,,20230401,20530825,,,,,,,,,,,,,20250523,,,,,20530915,,,,,,,20640501,,,,,20630813,,
,,20230402,20530915,,,,,,,,,,,,,20250530,,,,,20530922,,,,,,,20640502,,,,,20631023,,
,,20230408,20531002,,,,,,,,,,,,,20250605,,,,,20531013,,,,,,,20640619,,,,,20631205,,
,,20230409,20531022,,,,,,,,,,,,,20250606,,,,,20531103,,,,,,,20640620,,,,,20631210,,
,,20230415,20531111,,,,,,,,,,,,,20250609,,,,,20531124,,,,,,,20640925,,,,,20631231,,
,,20230416,20531125,,,,,,,,,,,,,20250613,,,,,20531223,,,,,,,20641001,,,,,20640101,,
,,20230422,20531225,,,,,,,,,,,,,20250620,,,,,20531231,,,,,,,20641002,,,,,20640303,,
,,20230423,20540126,,,,,,,,,,,,,20250627,,,,,20540101,,,,,,,20641003,,,,,20640407,,
,,20230429,20540219,,,,,,,,,,,,,20250704,,,,,20540102,,,,,,,20641006,,,,,20640414,,
,,20230430,20540324,,,,,,,,,,,,,20250711,,,,,20540112,,,,,,,20641007,,,,,20640415,,
,,20230506,20540327,,,,,,,,,,,,,20250718,,,,,20540211,,,,,,,,,,,,20640501,,
,,20230507,20540401,,,,,,,,,,,,,20250725,,,,,20540320,,,,,,,,,,,,20640505,,
,,20230513,20540409,,,,,,,,,,,,,20250801,,,,,20540429,,,,,,,,,,,,20640530,,
,,20230514,20540414,,,,,,,,,,,,,20250808,,,,,20540504,,,,,,,,,,,,20640701,,
,,20230520,20540416,,,,,,,,,,,,,20250815,,,,,20540505,,,,,,,,,,,,20640728,,
,,20230521,20540420,,,,,,,,,,,,,20250822,,,,,20540506,,,,,,,,,,,,20640812,,
,,20230527,20540501,,,,,,,,,,,,,20250829,,,,,20540720,,,,,,,,,,,,20641023,,
,,20230528,20540521,,,,,,,,,,,,,20250905,,,,,20540811,,,,,,,,,,,,20641205,,
,,20230529,20540716,,,,,,,,,,,,,20250912,,,,,20540921,,,,,,,,,,,,20641210,,
,,20230603,20541002,,,,,,,,,,,,,20250919,,,,,20540922,,,,,,,,,,,,20641231,,
,,20230604,20541014,,,,,,,,,,,,,20250923,,,,,20540923,,,,,,,,,,,,,,
,,20230610,20541030,,,,,,,,,,,,,20250926,,,,,20541012,,,,,,,,,,,,,,
,,20230611,20541225,,,,,,,,,,,,,20251003,,,,,20541103,,,,,,,,,,,,,,
,,20230617,20550126,,,,,,,,,,,,,20251010,,,,,20541123,,,,,,,,,,,,,,
,,20230618,20550219,,,,,,,,,,,,,20251017,,,,,20541223,,,,,,,,,,,,,,
,,20230624,20550224,,,,,,,,,,,,,20251024,,,,,20541231,,,,,,,,,,,,,,
,,20230625,20550329,,,,,,,,,,,,,20251031,,,,,20550101,,,,,,,,,,,,,,
,,20230701,20550401,,,,,,,,,,,,,20251107,,,,,20550111,,,,,,,,,,,,,,
,,20230702,20550406,,,,,,,,,,,,,20251114,,,,,20550211,,,,,,,,,,,,,,
,,20230704,20550414,,,,,,,,,,,,,20251121,,,,,20550322,,,,,,,,,,,,,,
,,20230708,20550416,,,,,,,,,,,,,20251128,,,,,20550429,,,,,,,,,,,,,,
,,20230709,20550429,,,,,,,,,,,,,20251205,,,,,20550503,,,,,,,,,,,,,,
,,20230715,20550511,,,,,,,,,,,,,20251212,,,,,20550504,,,,,,,,,,,,,,
,,20230716,20550706,,,,,,,,,,,,,20251219,,,,,20550505,,,,,,,,,,,,,,
,,20230722,20550804,,,,,,,,,,,,,20251226,,,,,20550719,,,,,,,,,,,,,,
,,20230723,20550825,,,,,,,,,,,,,20260102,,,,,20550811,,,,,,,,,,,,,,
,,20230729,20550929,,,,,,,,,,,,,20260109,,,,,20550920,,,,,,,,,,,,,,
,,20230730,20551004,,,,,,,,,,,,,20260116,,,,,20550923,,,,,,,,,,,,,,
,,20230805,20551020,,,,,,,,,,,,,20260123,,,,,20551011,,,,,,,,,,,,,,
,,20230806,20551021,,,,,,,,,,,,,20260130,,,,,20551103,,,,,,,,,,,,,,
,,20230812,20551104,,,,,,,,,,,,,20260206,,,,,20551123,,,,,,,,,,,,,,
,,20230813,20560126,,,,,,,,,,,,,20260213,,,,,20551223,,,,,,,,,,,,,,
,,20230819,20560302,,,,,,,,,,,,,20260220,,,,,20551231,,,,,,,,,,,,,,
,,20230820,20560317,,,,,,,,,,,,,20260227,,,,,20560103,,,,,,,,,,,,,,
,,20230826,20560329,,,,,,,,,,,,,20260306,,,,,20560110,,,,,,,,,,,,,,
,,20230827,20560331,,,,,,,,,,,,,20260313,,,,,20560211,,,,,,,,,,,,,,
,,20230902,20560414,,,,,,,,,,,,,20260319,,,,,20560320,,,,,,,,,,,,,,
,,20230903,20560417,,,,,,,,,,,,,20260320,,,,,20560503,,,,,,,,,,,,,,
,,20230904,20560501,,,,,,,,,,,,,20260323,,,,,20560504,,,,,,,,,,,,,,
,,20230909,20560529,,,,,,,,,,,,,20260327,,,,,20560505,,,,,,,,,,,,,,
,,20230910,20560724,,,,,,,,,,,,,20260403,,,,,20560717,,,,,,,,,,,,,,
,,20230916,20560807,,,,,,,,,,,,,20260410,,,,,20560811,,,,,,,,,,,,,,
,,20230917,20560815,,,,,,,,,,,,,20260417,,,,,20560918,,,,,,,,,,,,,,
,,20230923,20560913,,,,,,,,,,,,,20260424,,,,,20560922,,,,,,,,,,,,,,
,,20230924,20561002,,,,,,,,,,,,,20260501,,,,,20561009,,,,,,,,,,,,,,
,,20230930,20561017,,,,,,,,,,,,,20260508,,,,,20561103,,,,,,,,,,,,,,
,,20231001,20561107,,,,,,,,,,,,,20260515,,,,,20561123,,,,,,,,,,,,,,
,,20231007,20561108,,,,,,,,,,,,,20260522,,,,,20570101,,,,,,,,,,,,,,
,,20231008,20561122,,,,,,,,,,,,,20260526,,,,,20570102,,,,,,,,,,,,,,
,,20231009,20561225,,,,,,,,,,,,,20260527,,,,,20570103,,,,,,,,,,,,,,
,,20231014,20570126,,,,,,,,,,,,,20260528,,,,,20570108,,,,,,,,,,,,,,
,,20231015,20570219,,,,,,,,,,,,,20260529,,,,,20570212,,,,,,,,,,,,,,
,,20231021,20570321,,,,,,,,,,,,,20260605,,,,,20570320,,,,,,,,,,,,,,
,,20231022,20570402,,,,,,,,,,,,,20260612,,,,,20570430,,,,,,,,,,,,,,
,,20231028,20570405,,,,,,,,,,,,,20260619,,,,,20570503,,,,,,,,,,,,,,
,,20231029,20570406,,,,,,,,,,,,,20260626,,,,,20570504,,,,,,,,,,,,,,
,,20231104,20570413,,,,,,,,,,,,,20260703,,,,,20570716,,,,,,,,,,,,,,
,,20231105,20570417,,,,,,,,,,,,,20260710,,,,,20570917,,,,,,,,,,,,,,
,,20231111,20570420,,,,,,,,,,,,,20260717,,,,,20571008,,,,,,,,,,,,,,
,,20231112,20570501,,,,,,,,,,,,,20260724,,,,,20571123,,,,,,,,,,,,,,
,,20231118,20570518,,,,,,,,,,,,,20260731,,,,,20571224,,,,,,,,,,,,,,
,,20231119,20570613,,,,,,,,,,,,,20260807,,,,,20571231,,,,,,,,,,,,,,
,,20231123,20570713,,,,,,,,,,,,,20260814,,,,,20580101,,,,,,,,,,,,,,
,,20231125,20570807,,,,,,,,,,,,,20260821,,,,,20580102,,,,,,,,,,,,,,
,,20231126,20570815,,,,,,,,,,,,,20260828,,,,,20580103,,,,,,,,,,,,,,
,,20231202,20570912,,,,,,,,,,,,,20260904,,,,,20580114,,,,,,,,,,,,,,
,,20231203,20571002,,,,,,,,,,,,,20260911,,,,,20580211,,,,,,,,,,,,,,
,,20231209,20571029,,,,,,,,,,,,,20260918,,,,,20580320,,,,,,,,,,,,,,
,,20231210,20571225,,,,,,,,,,,,,20260923,,,,,20580429,,,,,,,,,,,,,,
,,20231216,20580219,,,,,,,,,,,,,20260925,,,,,20580503,,,,,,,,,,,,,,
,,20231217,20580221,,,,,,,,,,,,,20261002,,,,,20580506,,,,,,,,,,,,,,
,,20231223,20580325,,,,,,,,,,,,,20261009,,,,,20580715,,,,,,,,,,,,,,
,,20231224,20580326,,,,,,,,,,,,,20261016,,,,,20580812,,,,,,,,,,,,,,
,,20231225,20580401,,,,,,,,,,,,,20261023,,,,,20580916,,,,,,,,,,,,,,
,,20231230,20580402,,,,,,,,,,,,,20261030,,,,,20580923,,,,,,,,,,,,,,
,,20231231,20580412,,,,,,,,,,,,,20261106,,,,,20581014,,,,,,,,,,,,,,
,,20240101,20580501,,,,,,,,,,,,,20261113,,,,,20581104,,,,,,,,,,,,,,
,,20240106,20580508,,,,,,,,,,,,,20261120,,,,,20581223,,,,,,,,,,,,,,
,,20240107,20580702,,,,,,,,,,,,,20261127,,,,,20581231,,,,,,,,,,,,,,
,,20240113,20580807,,,,,,,,,,,,,20261204,,,,,20590101,,,,,,,,,,,,,,
,,20240114,20580815,,,,,,,,,,,,,20261211,,,,,20590102,,,,,,,,,,,,,,
,,20240115,20580823,,,,,,,,,,,,,20261218,,,,,20590103,,,,,,,,,,,,,,
,,20240120,20581002,,,,,,,,,,,,,20261225,,,,,20590113,,,,,,,,,,,,,,
,,20240121,20581115,,,,,,,,,,,,,20270101,,,,,20590211,,,,,,,,,,,,,,
,,20240127,20581225,,,,,,,,,,,,,20270108,,,,,20590320,,,,,,,,,,,,,,
,,20240128,20590219,,,,,,,,,,,,,20270115,,,,,20590429,,,,,,,,,,,,,,
,,20240203,20590312,,,,,,,,,,,,,20270122,,,,,20590505,,,,,,,,,,,,,,
,,20240204,20590328,,,,,,,,,,,,,20270129,,,,,20590506,,,,,,,,,,,,,,
,,20240210,20590401,,,,,,,,,,,,,20270205,,,,,20590721,,,,,,,,,,,,,,
,,20240211,20590414,,,,,,,,,,,,,20270212,,,,,20590811,,,,,,,,,,,,,,
,,20240217,20590421,,,,,,,,,,,,,20270219,,,,,20590915,,,,,,,,,,,,,,
,,20240218,20590425,,,,,,,,,,,,,20270226,,,,,20590923,,,,,,,,,,,,,,
,,20240219,20590501,,,,,,,,,,,,,20270305,,,,,20591013,,,,,,,,,,,,,,
,,20240224,20590523,,,,,,,,,,,,,20270308,,,,,20591103,,,,,,,,,,,,,,
,,20240225,20590527,,,,,,,,,,,,,20270309,,,,,20591124,,,,,,,,,,,,,,
,,20240302,20590807,,,,,,,,,,,,,20270310,,,,,20591223,,,,,,,,,,,,,,
,,20240303,20590815,,,,,,,,,,,,,20270312,,,,,20591231,,,,,,,,,,,,,,
,,20240309,20590821,,,,,,,,,,,,,20270319,,,,,20600101,,,,,,,,,,,,,,
,,20240310,20590911,,,,,,,,,,,,,20270326,,,,,20600102,,,,,,,,,,,,,,
,,20240316,20591002,,,,,,,,,,,,,20270402,,,,,20600112,,,,,,,,,,,,,,
,,20240317,20591016,,,,,,,,,,,,,20270409,,,,,20600211,,,,,,,,,,,,,,
,,20240323,20591104,,,,,,,,,,,,,20270416,,,,,20600429,,,,,,,,,,,,,,
,,20240324,20591106,,,,,,,,,,,,,20270423,,,,,20600503,,,,,,,,,,,,,,
,,20240329,20591119,,,,,,,,,,,,,20270430,,,,,20600504,,,,,,,,,,,,,,
,,20240330,20591225,,,,,,,,,,,,,20270507,,,,,20600505,,,,,,,,,,,,,,
,,20240331,20600126,,,,,,,,,,,,,20270513,,,,,20600719,,,,,,,,,,,,,,
,,20240406,20600219,,,,,,,,,,,,,20270514,,,,,20600811,,,,,,,,,,,,,,
,,20240407,20600301,,,,,,,,,,,,,20270517,,,,,20600920,,,,,,,,,,,,,,
,,20240413,20600304,,,,,,,,,,,,,20270521,,,,,20600921,,,,,,,,,,,,,,
,,20240414,20600317,,,,,,,,,,,,,20270528,,,,,20600922,,,,,,,,,,,,,,
,,20240420,20600401,,,,,,,,,,,,,20270604,,,,,20601011,,,,,,,,,,,,,,
,,20240421,20600402,,,,,,,,,,,,,20270611,,,,,20601103,,,,,,,,,,,,,,
,,20240427,20600409,,,,,,,,,,,,,20270618,,,,,20601123,,,,,,,,,,,,,,
,,20240428,20600413,,,,,,,,,,,,,20270625,,,,,20601223,,,,,,,,,,,,,,
,,20240504,20600414,,,,,,,,,,,,,20270702,,,,,20601231,,,,,,,,,,,,,,
,,20240505,20600416,,,,,,,,,,,,,20270709,,,,,20610103,,,,,,,,,,,,,,
,,20240511,20600511,,,,,,,,,,,,,20270716,,,,,20610110,,,,,,,,,,,,,,
,,20240512,20600610,,,,,,,,,,,,,20270723,,,,,20610211,,,,,,,,,,,,,,
,,20240518,20600806,,,,,,,,,,,,,20270730,,,,,20610321,,,,,,,,,,,,,,
,,20240519,20600809,,,,,,,,,,,,,20270806,,,,,20610429,,,,,,,,,,,,,,
,,20240525,20601005,,,,,,,,,,,,,20270813,,,,,20610503,,,,,,,,,,,,,,
,,20240526,20601025,,,,,,,,,,,,,20270820,,,,,20610504,,,,,,,,,,,,,,
,,20240527,20601108,,,,,,,,,,,,,20270827,,,,,20610505,,,,,,,,,,,,,,
,,20240601,20610126,,,,,,,,,,,,,20270903,,,,,20610718,,,,,,,,,,,,,,
,,20240602,20610218,,,,,,,,,,,,,20270910,,,,,20610811,,,,,,,,,,,,,,
,,20240608,20610222,,,,,,,,,,,,,20270917,,,,,20610919,,,,,,,,,,,,,,
,,20240609,20610322,,,,,,,,,,,,,20270923,,,,,20610922,,,,,,,,,,,,,,
,,20240615,20610329,,,,,,,,,,,,,20270924,,,,,20611010,,,,,,,,,,,,,,
,,20240616,20610401,,,,,,,,,,,,,20271001,,,,,20611103,,,,,,,,,,,,,,
,,20240622,20610408,,,,,,,,,,,,,20271008,,,,,20611123,,,,,,,,,,,,,,
,,20240623,20610414,,,,,,,,,,,,,20271015,,,,,20611223,,,,,,,,,,,,,,
,,20240629,20610504,,,,,,,,,,,,,20271022,,,,,20620102,,,,,,,,,,,,,,
,,20240630,20610530,,,,,,,,,,,,,20271029,,,,,20620103,,,,,,,,,,,,,,
,,20240704,20610815,,,,,,,,,,,,,20271105,,,,,20620109,,,,,,,,,,,,,,
,,20240706,20611111,,,,,,,,,,,,,20271112,,,,,20620320,,,,,,,,,,,,,,
,,20240707,20620126,,,,,,,,,,,,,20271119,,,,,20620503,,,,,,,,,,,,,,
,,20240713,20620309,,,,,,,,,,,,,20271126,,,,,20620504,,,,,,,,,,,,,,
,,20240714,20620324,,,,,,,,,,,,,20271203,,,,,20620505,,,,,,,,,,,,,,
,,20240720,20620410,,,,,,,,,,,,,20271210,,,,,20620717,,,,,,,,,,,,,,
,,20240721,20620414,,,,,,,,,,,,,20271217,,,,,20620811,,,,,,,,,,,,,,
,,20240727,20620417,,,,,,,,,,,,,20271224,,,,,20620918,,,,,,,,,,,,,,
,,20240728,20620421,,,,,,,,,,,,,20271231,,,,,20621009,,,,,,,,,,,,,,
,,20240803,20620501,,,,,,,,,,,,,20280107,,,,,20621103,,,,,,,,,,,,,,
,,20240804,20620523,,,,,,,,,,,,,20280114,,,,,20621123,,,,,,,,,,,,,,
,,20240810,20620719,,,,,,,,,,,,,20280121,,,,,20630101,,,,,,,,,,,,,,
,,20240811,20620815,,,,,,,,,,,,,20280128,,,,,20630102,,,,,,,,,,,,,,
,,20240817,20620906,,,,,,,,,,,,,20280204,,,,,20630103,,,,,,,,,,,,,,
,,20240818,20621002,,,,,,,,,,,,,20280211,,,,,20630108,,,,,,,,,,,,,,
,,20240824,20621012,,,,,,,,,,,,,20280218,,,,,20630212,,,,,,,,,,,,,,
,,20240825,20621031,,,,,,,,,,,,,20280224,,,,,20630320,,,,,,,,,,,,,,
,,20240831,20621102,,,,,,,,,,,,,20280225,,,,,20630430,,,,,,,,,,,,,,
,,20240901,20621116,,,,,,,,,,,,,20280228,,,,,20630503,,,,,,,,,,,,,,
,,20240902,20621225,,,,,,,,,,,,,20280303,,,,,20630504,,,,,,,,,,,,,,
,,20240907,20630126,,,,,,,,,,,,,20280310,,,,,20630716,,,,,,,,,,,,,,
,,20240908,20630201,,,,,,,,,,,,,20280317,,,,,20630917,,,,,,,,,,,,,,
,,20240914,20630219,,,,,,,,,,,,,20280324,,,,,20630924,,,,,,,,,,,,,,
,,20240915,20630226,,,,,,,,,,,,,20280331,,,,,20631008,,,,,,,,,,,,,,
,,20240921,20630315,,,,,,,,,,,,,20280407,,,,,20631123,,,,,,,,,,,,,,
,,20240922,20630402,,,,,,,,,,,,,20280414,,,,,20631224,,,,,,,,,,,,,,
,,20240928,20630410,,,,,,,,,,,,,20280421,,,,,20631231,,,,,,,,,,,,,,
,,20240929,20630411,,,,,,,,,,,,,20280428,,,,,20640101,,,,,,,,,,,,,,
,,20241005,20630413,,,,,,,,,,,,,20280504,,,,,20640102,,,,,,,,,,,,,,
,,20241006,20630501,,,,,,,,,,,,,20280505,,,,,20640103,,,,,,,,,,,,,,
,,20241012,20630509,,,,,,,,,,,,,20280508,,,,,20640114,,,,,,,,,,,,,,
,,20241013,20630709,,,,,,,,,,,,,20280512,,,,,20640211,,,,,,,,,,,,,,
,,20241014,20630806,,,,,,,,,,,,,20280519,,,,,20640320,,,,,,,,,,,,,,
,,20241019,20630815,,,,,,,,,,,,,20280526,,,,,20640429,,,,,,,,,,,,,,
,,20241020,20630827,,,,,,,,,,,,,20280602,,,,,20640505,,,,,,,,,,,,,,
,,20241026,20631001,,,,,,,,,,,,,20280609,,,,,20640506,,,,,,,,,,,,,,
,,20241027,20631002,,,,,,,,,,,,,20280616,,,,,20640721,,,,,,,,,,,,,,
,,20241102,20631022,,,,,,,,,,,,,20280623,,,,,20640811,,,,,,,,,,,,,,
,,20241103,20631106,,,,,,,,,,,,,20280630,,,,,20640915,,,,,,,,,,,,,,
,,20241109,20631225,,,,,,,,,,,,,20280707,,,,,20640922,,,,,,,,,,,,,,
,,20241110,20640121,,,,,,,,,,,,,20280714,,,,,20641013,,,,,,,,,,,,,,
,,20241111,20640215,,,,,,,,,,,,,20280721,,,,,20641103,,,,,,,,,,,,,,
,,20241116,20640219,,,,,,,,,,,,,20280728,,,,,20641124,,,,,,,,,,,,,,
,,20241117,20640303,,,,,,,,,,,,,20280804,,,,,20641223,,,,,,,,,,,,,,
,,20241123,20640319,,,,,,,,,,,,,20280811,,,,,20641231,,,,,,,,,,,,,,
,,20241124,20640327,,,,,,,,,,,,,20280818,,,,,,,,,,,,,,,,,,,
,,20241128,20640331,,,,,,,,,,,,,20280825,,,,,,,,,,,,,,,,,,,
,,20241130,20640401,,,,,,,,,,,,,20280901,,,,,,,,,,,,,,,,,,,
,,20241201,20640404,,,,,,,,,,,,,20280908,,,,,,,,,,,,,,,,,,,
,,20241207,20640414,,,,,,,,,,,,,20280915,,,,,,,,,,,,,,,,,,,
,,20241208,20640428,,,,,,,,,,,,,20280922,,,,,,,,,,,,,,,,,,,
,,20241214,20640501,,,,,,,,,,,,,20280929,,,,,,,,,,,,,,,,,,,
,,20241215,20640805,,,,,,,,,,,,,20281006,,,,,,,,,,,,,,,,,,,
,,20241221,20640815,,,,,,,,,,,,,20281013,,,,,,,,,,,,,,,,,,,
,,20241222,20641002,,,,,,,,,,,,,20281020,,,,,,,,,,,,,,,,,,,
,,20241225,20641225,,,,,,,,,,,,,20281027,,,,,,,,,,,,,,,,,,,
,,20241228,,,,,,,,,,,,,,20281103,,,,,,,,,,,,,,,,,,,
,,20241229,,,,,,,,,,,,,,20281110,,,,,,,,,,,,,,,,,,,
,,20250101,,,,,,,,,,,,,,20281117,,,,,,,,,,,,,,,,,,,
,,20250104,,,,,,,,,,,,,,20281124,,,,,,,,,,,,,,,,,,,
,,20250105,,,,,,,,,,,,,,20281201,,,,,,,,,,,,,,,,,,,
,,20250111,,,,,,,,,,,,,,20281208,,,,,,,,,,,,,,,,,,,
,,20250112,,,,,,,,,,,,,,20281215,,,,,,,,,,,,,,,,,,,
,,20250118,,,,,,,,,,,,,,20281222,,,,,,,,,,,,,,,,,,,
,,20250119,,,,,,,,,,,,,,20281229,,,,,,,,,,,,,,,,,,,
,,20250120,,,,,,,,,,,,,,20290105,,,,,,,,,,,,,,,,,,,
,,20250125,,,,,,,,,,,,,,20290112,,,,,,,,,,,,,,,,,,,
,,20250126,,,,,,,,,,,,,,20290119,,,,,,,,,,,,,,,,,,,
,,20250201,,,,,,,,,,,,,,20290126,,,,,,,,,,,,,,,,,,,
,,20250202,,,,,,,,,,,,,,20290202,,,,,,,,,,,,,,,,,,,
,,20250208,,,,,,,,,,,,,,20290209,,,,,,,,,,,,,,,,,,,
,,20250209,,,,,,,,,,,,,,20290213,,,,,,,,,,,,,,,,,,,
,,20250215,,,,,,,,,,,,,,20290214,,,,,,,,,,,,,,,,,,,
,,20250216,,,,,,,,,,,,,,20290215,,,,,,,,,,,,,,,,,,,
,,20250217,,,,,,,,,,,,,,20290216,,,,,,,,,,,,,,,,,,,
,,20250222,,,,,,,,,,,,,,20290223,,,,,,,,,,,,,,,,,,,
,,20250223,,,,,,,,,,,,,,20290302,,,,,,,,,,,,,,,,,,,
,,20250301,,,,,,,,,,,,,,20290309,,,,,,,,,,,,,,,,,,,
,,20250302,,,,,,,,,,,,,,20290316,,,,,,,,,,,,,,,,,,,
,,20250308,,,,,,,,,,,,,,20290323,,,,,,,,,,,,,,,,,,,
,,20250309,,,,,,,,,,,,,,20290330,,,,,,,,,,,,,,,,,,,
,,20250315,,,,,,,,,,,,,,20290406,,,,,,,,,,,,,,,,,,,
,,20250316,,,,,,,,,,,,,,20290413,,,,,,,,,,,,,,,,,,,
,,20250322,,,,,,,,,,,,,,20290420,,,,,,,,,,,,,,,,,,,
,,20250323,,,,,,,,,,,,,,20290423,,,,,,,,,,,,,,,,,,,
,,20250329,,,,,,,,,,,,,,20290424,,,,,,,,,,,,,,,,,,,
,,20250330,,,,,,,,,,,,,,20290425,,,,,,,,,,,,,,,,,,,
,,20250405,,,,,,,,,,,,,,20290427,,,,,,,,,,,,,,,,,,,
,,20250406,,,,,,,,,,,,,,20290504,,,,,,,,,,,,,,,,,,,
,,20250412,,,,,,,,,,,,,,20290511,,,,,,,,,,,,,,,,,,,
,,20250413,,,,,,,,,,,,,,20290518,,,,,,,,,,,,,,,,,,,
,,20250418,,,,,,,,,,,,,,20290525,,,,,,,,,,,,,,,,,,,
,,20250419,,,,,,,,,,,,,,20290601,,,,,,,,,,,,,,,,,,,
,,20250420,,,,,,,,,,,,,,20290608,,,,,,,,,,,,,,,,,,,
,,20250426,,,,,,,,,,,,,,20290615,,,,,,,,,,,,,,,,,,,
,,20250427,,,,,,,,,,,,,,20290622,,,,,,,,,,,,,,,,,,,
,,20250503,,,,,,,,,,,,,,20290629,,,,,,,,,,,,,,,,,,,
,,20250504,,,,,,,,,,,,,,20290706,,,,,,,,,,,,,,,,,,,
,,20250510,,,,,,,,,,,,,,20290713,,,,,,,,,,,,,,,,,,,
,,20250511,,,,,,,,,,,,,,20290720,,,,,,,,,,,,,,,,,,,
,,20250517,,,,,,,,,,,,,,20290727,,,,,,,,,,,,,,,,,,,
,,20250518,,,,,,,,,,,,,,20290803,,,,,,,,,,,,,,,,,,,
,,20250524,,,,,,,,,,,,,,20290810,,,,,,,,,,,,,,,,,,,
,,20250525,,,,,,,,,,,,,,20290817,,,,,,,,,,,,,,,,,,,
,,20250526,,,,,,,,,,,,,,20290824,,,,,,,,,,,,,,,,,,,
,,20250531,,,,,,,,,,,,,,20290831,,,,,,,,,,,,,,,,,,,
,,20250601,,,,,,,,,,,,,,20290907,,,,,,,,,,,,,,,,,,,
,,20250607,,,,,,,,,,,,,,20290914,,,,,,,,,,,,,,,,,,,
,,20250608,,,,,,,,,,,,,,20290921,,,,,,,,,,,,,,,,,,,
,,20250614,,,,,,,,,,,,,,20290928,,,,,,,,,,,,,,,,,,,
,,20250615,,,,,,,,,,,,,,20291005,,,,,,,,,,,,,,,,,,,
,,20250621,,,,,,,,,,,,,,20291012,,,,,,,,,,,,,,,,,,,
,,20250622,,,,,,,,,,,,,,20291019,,,,,,,,,,,,,,,,,,,
,,20250628,,,,,,,,,,,,,,20291026,,,,,,,,,,,,,,,,,,,
,,20250629,,,,,,,,,,,,,,20291102,,,,,,,,,,,,,,,,,,,
,,20250704,,,,,,,,,,,,,,20291109,,,,,,,,,,,,,,,,,,,
,,20250705,,,,,,,,,,,,,,20291116,,,,,,,,,,,,,,,,,,,
,,20250706,,,,,,,,,,,,,,20291123,,,,,,,,,,,,,,,,,,,
,,20250712,,,,,,,,,,,,,,20291130,,,,,,,,,,,,,,,,,,,
,,20250713,,,,,,,,,,,,,,20291207,,,,,,,,,,,,,,,,,,,
,,20250719,,,,,,,,,,,,,,20291214,,,,,,,,,,,,,,,,,,,
,,20250720,,,,,,,,,,,,,,20291221,,,,,,,,,,,,,,,,,,,
,,20250726,,,,,,,,,,,,,,20291228,,,,,,,,,,,,,,,,,,,
,,20250727,,,,,,,,,,,,,,20300104,,,,,,,,,,,,,,,,,,,
,,20250802,,,,,,,,,,,,,,20300111,,,,,,,,,,,,,,,,,,,
,,20250803,,,,,,,,,,,,,,20300118,,,,,,,,,,,,,,,,,,,
,,20250809,,,,,,,,,,,,,,20300125,,,,,,,,,,,,,,,,,,,
,,20250810,,,,,,,,,,,,,,20300201,,,,,,,,,,,,,,,,,,,
,,20250816,,,,,,,,,,,,,,20300204,,,,,,,,,,,,,,,,,,,
,,20250817,,,,,,,,,,,,,,20300205,,,,,,,,,,,,,,,,,,,
,,20250823,,,,,,,,,,,,,,20300208,,,,,,,,,,,,,,,,,,,
,,20250824,,,,,,,,,,,,,,20300215,,,,,,,,,,,,,,,,,,,
,,20250830,,,,,,,,,,,,,,20300222,,,,,,,,,,,,,,,,,,,
,,20250831,,,,,,,,,,,,,,20300301,,,,,,,,,,,,,,,,,,,
,,20250901,,,,,,,,,,,,,,20300308,,,,,,,,,,,,,,,,,,,
,,20250906,,,,,,,,,,,,,,20300315,,,,,,,,,,,,,,,,,,,
,,20250907,,,,,,,,,,,,,,20300322,,,,,,,,,,,,,,,,,,,
,,20250913,,,,,,,,,,,,,,20300329,,,,,,,,,,,,,,,,,,,
,,20250914,,,,,,,,,,,,,,20300405,,,,,,,,,,,,,,,,,,,
,,20250920,,,,,,,,,,,,,,20300411,,,,,,,,,,,,,,,,,,,
,,20250921,,,,,,,,,,,,,,20300412,,,,,,,,,,,,,,,,,,,
,,20250927,,,,,,,,,,,,,,20300415,,,,,,,,,,,,,,,,,,,
,,20250928,,,,,,,,,,,,,,20300419,,,,,,,,,,,,,,,,,,,
,,20251004,,,,,,,,,,,,,,20300426,,,,,,,,,,,,,,,,,,,
,,20251005,,,,,,,,,,,,,,20300503,,,,,,,,,,,,,,,,,,,
,,20251011,,,,,,,,,,,,,,20300510,,,,,,,,,,,,,,,,,,,
,,20251012,,,,,,,,,,,,,,20300517,,,,,,,,,,,,,,,,,,,
,,20251013,,,,,,,,,,,,,,20300524,,,,,,,,,,,,,,,,,,,
,,20251018,,,,,,,,,,,,,,20300531,,,,,,,,,,,,,,,,,,,
,,20251019,,,,,,,,,,,,,,20300607,,,,,,,,,,,,,,,,,,,
,,20251025,,,,,,,,,,,,,,20300614,,,,,,,,,,,,,,,,,,,
,,20251026,,,,,,,,,,,,,,20300621,,,,,,,,,,,,,,,,,,,
,,20251101,,,,,,,,,,,,,,20300628,,,,,,,,,,,,,,,,,,,
,,20251102,,,,,,,,,,,,,,20300705,,,,,,,,,,,,,,,,,,,
,,20251108,,,,,,,,,,,,,,20300712,,,,,,,,,,,,,,,,,,,
,,20251109,,,,,,,,,,,,,,20300719,,,,,,,,,,,,,,,,,,,
,,20251111,,,,,,,,,,,,,,20300726,,,,,,,,,,,,,,,,,,,
,,20251115,,,,,,,,,,,,,,20300802,,,,,,,,,,,,,,,,,,,
,,20251116,,,,,,,,,,,,,,20300809,,,,,,,,,,,,,,,,,,,
,,20251122,,,,,,,,,,,,,,20300816,,,,,,,,,,,,,,,,,,,
,,20251123,,,,,,,,,,,,,,20300823,,,,,,,,,,,,,,,,,,,
,,20251127,,,,,,,,,,,,,,20300830,,,,,,,,,,,,,,,,,,,
,,20251129,,,,,,,,,,,,,,20300906,,,,,,,,,,,,,,,,,,,
,,20251130,,,,,,,,,,,,,,20300913,,,,,,,,,,,,,,,,,,,
,,20251206,,,,,,,,,,,,,,20300920,,,,,,,,,,,,,,,,,,,
,,20251207,,,,,,,,,,,,,,20300923,,,,,,,,,,,,,,,,,,,
,,20251213,,,,,,,,,,,,,,20300927,,,,,,,,,,,,,,,,,,,
,,20251214,,,,,,,,,,,,,,20301004,,,,,,,,,,,,,,,,,,,
,,20251220,,,,,,,,,,,,,,20301011,,,,,,,,,,,,,,,,,,,
,,20251221,,,,,,,,,,,,,,20301018,,,,,,,,,,,,,,,,,,,
,,20251225,,,,,,,,,,,,,,20301025,,,,,,,,,,,,,,,,,,,
,,20251227,,,,,,,,,,,,,,20301101,,,,,,,,,,,,,,,,,,,
,,20251228,,,,,,,,,,,,,,20301108,,,,,,,,,,,,,,,,,,,
,,20260101,,,,,,,,,,,,,,20301115,,,,,,,,,,,,,,,,,,,
,,20260103,,,,,,,,,,,,,,20301122,,,,,,,,,,,,,,,,,,,
,,20260104,,,,,,,,,,,,,,20301129,,,,,,,,,,,,,,,,,,,
,,20260110,,,,,,,,,,,,,,20301206,,,,,,,,,,,,,,,,,,,
,,20260111,,,,,,,,,,,,,,20301213,,,,,,,,,,,,,,,,,,,
,,20260117,,,,,,,,,,,,,,20301220,,,,,,,,,,,,,,,,,,,
,,20260118,,,,,,,,,,,,,,20301227,,,,,,,,,,,,,,,,,,,
,,20260119,,,,,,,,,,,,,,20310103,,,,,,,,,,,,,,,,,,,
,,20260124,,,,,,,,,,,,,,20310110,,,,,,,,,,,,,,,,,,,
,,20260125,,,,,,,,,,,,,,20310117,,,,,,,,,,,,,,,,,,,
,,20260131,,,,,,,,,,,,,,20310123,,,,,,,,,,,,,,,,,,,
,,20260201,,,,,,,,,,,,,,20310124,,,,,,,,,,,,,,,,,,,
,,20260207,,,,,,,,,,,,,,20310127,,,,,,,,,,,,,,,,,,,
,,20260208,,,,,,,,,,,,,,20310131,,,,,,,,,,,,,,,,,,,
,,20260214,,,,,,,,,,,,,,20310207,,,,,,,,,,,,,,,,,,,
,,20260215,,,,,,,,,,,,,,20310214,,,,,,,,,,,,,,,,,,,
,,20260216,,,,,,,,,,,,,,20310221,,,,,,,,,,,,,,,,,,,
,,20260221,,,,,,,,,,,,,,20310228,,,,,,,,,,,,,,,,,,,
,,20260222,,,,,,,,,,,,,,20310307,,,,,,,,,,,,,,,,,,,
,,20260228,,,,,,,,,,,,,,20310314,,,,,,,,,,,,,,,,,,,
,,20260301,,,,,,,,,,,,,,20310321,,,,,,,,,,,,,,,,,,,
,,20260307,,,,,,,,,,,,,,20310328,,,,,,,,,,,,,,,,,,,
,,20260308,,,,,,,,,,,,,,20310401,,,,,,,,,,,,,,,,,,,
,,20260314,,,,,,,,,,,,,,20310402,,,,,,,,,,,,,,,,,,,
,,20260315,,,,,,,,,,,,,,20310403,,,,,,,,,,,,,,,,,,,
,,20260321,,,,,,,,,,,,,,20310404,,,,,,,,,,,,,,,,,,,
,,20260322,,,,,,,,,,,,,,20310411,,,,,,,,,,,,,,,,,,,
,,20260328,,,,,,,,,,,,,,20310418,,,,,,,,,,,,,,,,,,,
,,20260329,,,,,,,,,,,,,,20310425,,,,,,,,,,,,,,,,,,,
,,20260404,,,,,,,,,,,,,,20310502,,,,,,,,,,,,,,,,,,,
,,20260405,,,,,,,,,,,,,,20310509,,,,,,,,,,,,,,,,,,,
,,20260411,,,,,,,,,,,,,,20310516,,,,,,,,,,,,,,,,,,,
,,20260412,,,,,,,,,,,,,,20310523,,,,,,,,,,,,,,,,,,,
,,20260418,,,,,,,,,,,,,,20310530,,,,,,,,,,,,,,,,,,,
,,20260419,,,,,,,,,,,,,,20310606,,,,,,,,,,,,,,,,,,,
,,20260425,,,,,,,,,,,,,,20310613,,,,,,,,,,,,,,,,,,,
,,20260426,,,,,,,,,,,,,,20310620,,,,,,,,,,,,,,,,,,,
,,20260502,,,,,,,,,,,,,,20310627,,,,,,,,,,,,,,,,,,,
,,20260503,,,,,,,,,,,,,,20310704,,,,,,,,,,,,,,,,,,,
,,20260509,,,,,,,,,,,,,,20310711,,,,,,,,,,,,,,,,,,,
,,20260510,,,,,,,,,,,,,,20310718,,,,,,,,,,,,,,,,,,,
,,20260516,,,,,,,,,,,,,,20310725,,,,,,,,,,,,,,,,,,,
,,20260517,,,,,,,,,,,,,,20310801,,,,,,,,,,,,,,,,,,,
,,20260523,,,,,,,,,,,,,,20310808,,,,,,,,,,,,,,,,,,,
,,20260524,,,,,,,,,,,,,,20310815,,,,,,,,,,,,,,,,,,,
,,20260525,,,,,,,,,,,,,,20310822,,,,,,,,,,,,,,,,,,,
,,20260530,,,,,,,,,,,,,,20310829,,,,,,,,,,,,,,,,,,,
,,20260531,,,,,,,,,,,,,,20310905,,,,,,,,,,,,,,,,,,,
,,20260606,,,,,,,,,,,,,,20310912,,,,,,,,,,,,,,,,,,,
,,20260607,,,,,,,,,,,,,,20310919,,,,,,,,,,,,,,,,,,,
,,20260613,,,,,,,,,,,,,,20310923,,,,,,,,,,,,,,,,,,,
,,20260614,,,,,,,,,,,,,,20310926,,,,,,,,,,,,,,,,,,,
,,20260620,,,,,,,,,,,,,,20311003,,,,,,,,,,,,,,,,,,,
,,20260621,,,,,,,,,,,,,,20311010,,,,,,,,,,,,,,,,,,,
,,20260627,,,,,,,,,,,,,,20311017,,,,,,,,,,,,,,,,,,,
,,20260628,,,,,,,,,,,,,,20311024,,,,,,,,,,,,,,,,,,,
,,20260703,,,,,,,,,,,,,,20311031,,,,,,,,,,,,,,,,,,,
,,20260704,,,,,,,,,,,,,,20311107,,,,,,,,,,,,,,,,,,,
,,20260705,,,,,,,,,,,,,,20311114,,,,,,,,,,,,,,,,,,,
,,20260711,,,,,,,,,,,,,,20311121,,,,,,,,,,,,,,,,,,,
,,20260712,,,,,,,,,,,,,,20311128,,,,,,,,,,,,,,,,,,,
,,20260718,,,,,,,,,,,,,,20311205,,,,,,,,,,,,,,,,,,,
,,20260719,,,,,,,,,,,,,,20311212,,,,,,,,,,,,,,,,,,,
,,20260725,,,,,,,,,,,,,,20311219,,,,,,,,,,,,,,,,,,,
,,20260726,,,,,,,,,,,,,,20311226,,,,,,,,,,,,,,,,,,,
,,20260801,,,,,,,,,,,,,,20320102,,,,,,,,,,,,,,,,,,,
,,20260802,,,,,,,,,,,,,,20320109,,,,,,,,,,,,,,,,,,,
,,20260808,,,,,,,,,,,,,,20320113,,,,,,,,,,,,,,,,,,,
,,20260809,,,,,,,,,,,,,,20320114,,,,,,,,,,,,,,,,,,,
,,20260815,,,,,,,,,,,,,,20320115,,,,,,,,,,,,,,,,,,,
,,20260816,,,,,,,,,,,,,,20320116,,,,,,,,,,,,,,,,,,,
,,20260822,,,,,,,,,,,,,,20320123,,,,,,,,,,,,,,,,,,,
,,20260823,,,,,,,,,,,,,,20320130,,,,,,,,,,,,,,,,,,,
,,20260829,,,,,,,,,,,,,,20320206,,,,,,,,,,,,,,,,,,,
,,20260830,,,,,,,,,,,,,,20320213,,,,,,,,,,,,,,,,,,,
,,20260905,,,,,,,,,,,,,,20320220,,,,,,,,,,,,,,,,,,,
,,20260906,,,,,,,,,,,,,,20320227,,,,,,,,,,,,,,,,,,,
,,20260907,,,,,,,,,,,,,,20320305,,,,,,,,,,,,,,,,,,,
,,20260912,,,,,,,,,,,,,,20320312,,,,,,,,,,,,,,,,,,,
,,20260913,,,,,,,,,,,,,,20320319,,,,,,,,,,,,,,,,,,,
,,20260919,,,,,,,,,,,,,,20320322,,,,,,,,,,,,,,,,,,,
,,20260920,,,,,,,,,,,,,,20320323,,,,,,,,,,,,,,,,,,,
,,20260926,,,,,,,,,,,,,,20320326,,,,,,,,,,,,,,,,,,,
,,20260927,,,,,,,,,,,,,,20320402,,,,,,,,,,,,,,,,,,,
,,20261003,,,,,,,,,,,,,,20320409,,,,,,,,,,,,,,,,,,,
,,20261004,,,,,,,,,,,,,,20320416,,,,,,,,,,,,,,,,,,,
,,20261010,,,,,,,,,,,,,,20320423,,,,,,,,,,,,,,,,,,,
,,20261011,,,,,,,,,,,,,,20320430,,,,,,,,,,,,,,,,,,,
,,20261012,,,,,,,,,,,,,,20320507,,,,,,,,,,,,,,,,,,,
,,20261017,,,,,,,,,,,,,,20320514,,,,,,,,,,,,,,,,,,,
,,20261018,,,,,,,,,,,,,,20320521,,,,,,,,,,,,,,,,,,,
,,20261024,,,,,,,,,,,,,,20320528,,,,,,,,,,,,,,,,,,,
,,20261025,,,,,,,,,,,,,,20320604,,,,,,,,,,,,,,,,,,,
,,20261031,,,,,,,,,,,,,,20320611,,,,,,,,,,,,,,,,,,,
,,20261101,,,,,,,,,,,,,,20320618,,,,,,,,,,,,,,,,,,,
,,20261107,,,,,,,,,,,,,,20320625,,,,,,,,,,,,,,,,,,,
,,20261108,,,,,,,,,,,,,,20320702,,,,,,,,,,,,,,,,,,,
,,20261111,,,,,,,,,,,,,,20320709,,,,,,,,,,,,,,,,,,,
,,20261114,,,,,,,,,,,,,,20320716,,,,,,,,,,,,,,,,,,,
,,20261115,,,,,,,,,,,,,,20320723,,,,,,,,,,,,,,,,,,,
,,20261121,,,,,,,,,,,,,,20320730,,,,,,,,,,,,,,,,,,,
,,20261122,,,,,,,,,,,,,,20320806,,,,,,,,,,,,,,,,,,,
,,20261126,,,,,,,,,,,,,,20320813,,,,,,,,,,,,,,,,,,,
,,20261128,,,,,,,,,,,,,,20320820,,,,,,,,,,,,,,,,,,,
,,20261129,,,,,,,,,,,,,,20320827,,,,,,,,,,,,,,,,,,,
,,20261205,,,,,,,,,,,,,,20320903,,,,,,,,,,,,,,,,,,,
,,20261206,,,,,,,,,,,,,,20320910,,,,,,,,,,,,,,,,,,,
,,20261212,,,,,,,,,,,,,,20320917,,,,,,,,,,,,,,,,,,,
,,20261213,,,,,,,,,,,,,,20320923,,,,,,,,,,,,,,,,,,,
,,20261219,,,,,,,,,,,,,,20320924,,,,,,,,,,,,,,,,,,,
,,20261220,,,,,,,,,,,,,,20321001,,,,,,,,,,,,,,,,,,,
,,20261225,,,,,,,,,,,,,,20321008,,,,,,,,,,,,,,,,,,,
,,20261226,,,,,,,,,,,,,,20321015,,,,,,,,,,,,,,,,,,,
,,20261227,,,,,,,,,,,,,,20321022,,,,,,,,,,,,,,,,,,,
,,20270101,,,,,,,,,,,,,,20321029,,,,,,,,,,,,,,,,,,,
,,20270102,,,,,,,,,,,,,,20321105,,,,,,,,,,,,,,,,,,,
,,20270103,,,,,,,,,,,,,,20321112,,,,,,,,,,,,,,,,,,,
,,20270109,,,,,,,,,,,,,,20321119,,,,,,,,,,,,,,,,,,,
,,20270110,,,,,,,,,,,,,,20321126,,,,,,,,,,,,,,,,,,,
,,20270116,,,,,,,,,,,,,,20321203,,,,,,,,,,,,,,,,,,,
,,20270117,,,,,,,,,,,,,,20321210,,,,,,,,,,,,,,,,,,,
,,20270118,,,,,,,,,,,,,,20321217,,,,,,,,,,,,,,,,,,,
,,20270123,,,,,,,,,,,,,,20321224,,,,,,,,,,,,,,,,,,,
,,20270124,,,,,,,,,,,,,,20321230,,,,,,,,,,,,,,,,,,,
,,20270130,,,,,,,,,,,,,,20321231,,,,,,,,,,,,,,,,,,,
,,20270131,,,,,,,,,,,,,,20330103,,,,,,,,,,,,,,,,,,,
,,20270206,,,,,,,,,,,,,,20330107,,,,,,,,,,,,,,,,,,,
,,20270207,,,,,,,,,,,,,,20330114,,,,,,,,,,,,,,,,,,,
,,20270213,,,,,,,,,,,,,,20330121,,,,,,,,,,,,,,,,,,,
,,20270214,,,,,,,,,,,,,,20330128,,,,,,,,,,,,,,,,,,,
,,20270215,,,,,,,,,,,,,,20330204,,,,,,,,,,,,,,,,,,,
,,20270220,,,,,,,,,,,,,,20330211,,,,,,,,,,,,,,,,,,,
,,20270221,,,,,,,,,,,,,,20330218,,,,,,,,,,,,,,,,,,,
,,20270227,,,,,,,,,,,,,,20330225,,,,,,,,,,,,,,,,,,,
,,20270228,,,,,,,,,,,,,,20330304,,,,,,,,,,,,,,,,,,,
,,20270306,,,,,,,,,,,,,,20330310,,,,,,,,,,,,,,,,,,,
,,20270307,,,,,,,,,,,,,,20330311,,,,,,,,,,,,,,,,,,,
,,20270313,,,,,,,,,,,,,,20330314,,,,,,,,,,,,,,,,,,,
,,20270314,,,,,,,,,,,,,,20330318,,,,,,,,,,,,,,,,,,,
,,20270320,,,,,,,,,,,,,,20330325,,,,,,,,,,,,,,,,,,,
,,20270321,,,,,,,,,,,,,,20330401,,,,,,,,,,,,,,,,,,,
,,20270326,,,,,,,,,,,,,,20330408,,,,,,,,,,,,,,,,,,,
,,20270327,,,,,,,,,,,,,,20330415,,,,,,,,,,,,,,,,,,,
,,20270328,,,,,,,,,,,,,,20330422,,,,,,,,,,,,,,,,,,,
,,20270403,,,,,,,,,,,,,,20330429,,,,,,,,,,,,,,,,,,,
,,20270404,,,,,,,,,,,,,,20330506,,,,,,,,,,,,,,,,,,,
,,20270410,,,,,,,,,,,,,,20330513,,,,,,,,,,,,,,,,,,,
,,20270411,,,,,,,,,,,,,,20330520,,,,,,,,,,,,,,,,,,,
,,20270417,,,,,,,,,,,,,,20330527,,,,,,,,,,,,,,,,,,,
,,20270418,,,,,,,,,,,,,,20330603,,,,,,,,,,,,,,,,,,,
,,20270424,,,,,,,,,,,,,,20330610,,,,,,,,,,,,,,,,,,,
,,20270425,,,,,,,,,,,,,,20330617,,,,,,,,,,,,,,,,,,,
,,20270501,,,,,,,,,,,,,,20330624,,,,,,,,,,,,,,,,,,,
,,20270502,,,,,,,,,,,,,,20330701,,,,,,,,,,,,,,,,,,,
,,20270508,,,,,,,,,,,,,,20330708,,,,,,,,,,,,,,,,,,,
,,20270509,,,,,,,,,,,,,,20330715,,,,,,,,,,,,,,,,,,,
,,20270515,,,,,,,,,,,,,,20330722,,,,,,,,,,,,,,,,,,,
,,20270516,,,,,,,,,,,,,,20330729,,,,,,,,,,,,,,,,,,,
,,20270522,,,,,,,,,,,,,,20330805,,,,,,,,,,,,,,,,,,,
,,20270523,,,,,,,,,,,,,,20330812,,,,,,,,,,,,,,,,,,,
,,20270529,,,,,,,,,,,,,,20330819,,,,,,,,,,,,,,,,,,,
,,20270530,,,,,,,,,,,,,,20330826,,,,,,,,,,,,,,,,,,,
,,20270531,,,,,,,,,,,,,,20330902,,,,,,,,,,,,,,,,,,,
,,20270605,,,,,,,,,,,,,,20330909,,,,,,,,,,,,,,,,,,,
,,20270606,,,,,,,,,,,,,,20330916,,,,,,,,,,,,,,,,,,,
,,20270612,,,,,,,,,,,,,,20330922,,,,,,,,,,,,,,,,,,,
,,20270613,,,,,,,,,,,,,,20330923,,,,,,,,,,,,,,,,,,,
,,20270619,,,,,,,,,,,,,,20330930,,,,,,,,,,,,,,,,,,,
,,20270620,,,,,,,,,,,,,,20331007,,,,,,,,,,,,,,,,,,,
,,20270626,,,,,,,,,,,,,,20331014,,,,,,,,,,,,,,,,,,,
,,20270627,,,,,,,,,,,,,,20331021,,,,,,,,,,,,,,,,,,,
,,20270703,,,,,,,,,,,,,,20331028,,,,,,,,,,,,,,,,,,,
,,20270704,,,,,,,,,,,,,,20331104,,,,,,,,,,,,,,,,,,,
,,20270705,,,,,,,,,,,,,,20331111,,,,,,,,,,,,,,,,,,,
,,20270710,,,,,,,,,,,,,,20331118,,,,,,,,,,,,,,,,,,,
,,20270711,,,,,,,,,,,,,,20331125,,,,,,,,,,,,,,,,,,,
,,20270717,,,,,,,,,,,,,,20331202,,,,,,,,,,,,,,,,,,,
,,20270718,,,,,,,,,,,,,,20331209,,,,,,,,,,,,,,,,,,,
,,20270724,,,,,,,,,,,,,,20331216,,,,,,,,,,,,,,,,,,,
,,20270725,,,,,,,,,,,,,,20331222,,,,,,,,,,,,,,,,,,,
,,20270731,,,,,,,,,,,,,,20331223,,,,,,,,,,,,,,,,,,,
,,20270801,,,,,,,,,,,,,,20331226,,,,,,,,,,,,,,,,,,,
,,20270807,,,,,,,,,,,,,,20331230,,,,,,,,,,,,,,,,,,,
,,20270808,,,,,,,,,,,,,,20340106,,,,,,,,,,,,,,,,,,,
,,20270814,,,,,,,,,,,,,,20340113,,,,,,,,,,,,,,,,,,,
,,20270815,,,,,,,,,,,,,,20340120,,,,,,,,,,,,,,,,,,,
,,20270821,,,,,,,,,,,,,,20340127,,,,,,,,,,,,,,,,,,,
,,20270822,,,,,,,,,,,,,,20340203,,,,,,,,,,,,,,,,,,,
,,20270828,,,,,,,,,,,,,,20340210,,,,,,,,,,,,,,,,,,,
,,20270829,,,,,,,,,,,,,,20340217,,,,,,,,,,,,,,,,,,,
,,20270904,,,,,,,,,,,,,,20340224,,,,,,,,,,,,,,,,,,,
,,20270905,,,,,,,,,,,,,,20340228,,,,,,,,,,,,,,,,,,,
,,20270906,,,,,,,,,,,,,,20340301,,,,,,,,,,,,,,,,,,,
,,20270911,,,,,,,,,,,,,,20340302,,,,,,,,,,,,,,,,,,,
,,20270912,,,,,,,,,,,,,,20340303,,,,,,,,,,,,,,,,,,,
,,20270918,,,,,,,,,,,,,,20340310,,,,,,,,,,,,,,,,,,,
,,20270919,,,,,,,,,,,,,,20340317,,,,,,,,,,,,,,,,,,,
,,20270925,,,,,,,,,,,,,,20340324,,,,,,,,,,,,,,,,,,,
,,20270926,,,,,,,,,,,,,,20340331,,,,,,,,,,,,,,,,,,,
,,20271002,,,,,,,,,,,,,,20340407,,,,,,,,,,,,,,,,,,,
,,20271003,,,,,,,,,,,,,,20340414,,,,,,,,,,,,,,,,,,,
,,20271009,,,,,,,,,,,,,,20340421,,,,,,,,,,,,,,,,,,,
,,20271010,,,,,,,,,,,,,,20340428,,,,,,,,,,,,,,,,,,,
,,20271011,,,,,,,,,,,,,,20340505,,,,,,,,,,,,,,,,,,,
,,20271016,,,,,,,,,,,,,,20340512,,,,,,,,,,,,,,,,,,,
,,20271017,,,,,,,,,,,,,,20340519,,,,,,,,,,,,,,,,,,,
,,20271023,,,,,,,,,,,,,,20340526,,,,,,,,,,,,,,,,,,,
,,20271024,,,,,,,,,,,,,,20340602,,,,,,,,,,,,,,,,,,,
,,20271030,,,,,,,,,,,,,,20340609,,,,,,,,,,,,,,,,,,,
,,20271031,,,,,,,,,,,,,,20340616,,,,,,,,,,,,,,,,,,,
,,20271106,,,,,,,,,,,,,,20340623,,,,,,,,,,,,,,,,,,,
,,20271107,,,,,,,,,,,,,,20340630,,,,,,,,,,,,,,,,,,,
,,20271111,,,,,,,,,,,,,,20340707,,,,,,,,,,,,,,,,,,,
,,20271113,,,,,,,,,,,,,,20340714,,,,,,,,,,,,,,,,,,,
,,20271114,,,,,,,,,,,,,,20340721,,,,,,,,,,,,,,,,,,,
,,20271120,,,,,,,,,,,,,,20340728,,,,,,,,,,,,,,,,,,,
,,20271121,,,,,,,,,,,,,,20340804,,,,,,,,,,,,,,,,,,,
,,20271125,,,,,,,,,,,,,,20340811,,,,,,,,,,,,,,,,,,,
,,20271127,,,,,,,,,,,,,,20340818,,,,,,,,,,,,,,,,,,,
,,20271128,,,,,,,,,,,,,,20340825,,,,,,,,,,,,,,,,,,,
,,20271204,,,,,,,,,,,,,,20340901,,,,,,,,,,,,,,,,,,,
,,20271205,,,,,,,,,,,,,,20340908,,,,,,,,,,,,,,,,,,,
,,20271211,,,,,,,,,,,,,,20340915,,,,,,,,,,,,,,,,,,,
,,20271212,,,,,,,,,,,,,,20340922,,,,,,,,,,,,,,,,,,,
,,20271218,,,,,,,,,,,,,,20340929,,,,,,,,,,,,,,,,,,,
,,20271219,,,,,,,,,,,,,,20341006,,,,,,,,,,,,,,,,,,,
,,20271224,,,,,,,,,,,,,,20341013,,,,,,,,,,,,,,,,,,,
,,20271225,,,,,,,,,,,,,,20341020,,,,,,,,,,,,,,,,,,,
,,20271226,,,,,,,,,,,,,,20341027,,,,,,,,,,,,,,,,,,,
,,20280101,,,,,,,,,,,,,,20341103,,,,,,,,,,,,,,,,,,,
,,20280102,,,,,,,,,,,,,,20341110,,,,,,,,,,,,,,,,,,,
,,20280108,,,,,,,,,,,,,,20341117,,,,,,,,,,,,,,,,,,,
,,20280109,,,,,,,,,,,,,,20341124,,,,,,,,,,,,,,,,,,,
,,20280115,,,,,,,,,,,,,,20341201,,,,,,,,,,,,,,,,,,,
,,20280116,,,,,,,,,,,,,,20341208,,,,,,,,,,,,,,,,,,,
,,20280117,,,,,,,,,,,,,,20341211,,,,,,,,,,,,,,,,,,,
,,20280122,,,,,,,,,,,,,,20341212,,,,,,,,,,,,,,,,,,,
,,20280123,,,,,,,,,,,,,,20341213,,,,,,,,,,,,,,,,,,,
,,20280129,,,,,,,,,,,,,,20341215,,,,,,,,,,,,,,,,,,,
,,20280130,,,,,,,,,,,,,,20341222,,,,,,,,,,,,,,,,,,,
,,20280205,,,,,,,,,,,,,,20341229,,,,,,,,,,,,,,,,,,,
,,20280206,,,,,,,,,,,,,,20350105,,,,,,,,,,,,,,,,,,,
,,20280212,,,,,,,,,,,,,,20350112,,,,,,,,,,,,,,,,,,,
,,20280213,,,,,,,,,,,,,,20350119,,,,,,,,,,,,,,,,,,,
,,20280219,,,,,,,,,,,,,,20350126,,,,,,,,,,,,,,,,,,,
,,20280220,,,,,,,,,,,,,,20350202,,,,,,,,,,,,,,,,,,,
,,20280221,,,,,,,,,,,,,,20350209,,,,,,,,,,,,,,,,,,,
,,20280226,,,,,,,,,,,,,,20350215,,,,,,,,,,,,,,,,,,,
,,20280227,,,,,,,,,,,,,,20350216,,,,,,,,,,,,,,,,,,,
,,20280304,,,,,,,,,,,,,,20350219,,,,,,,,,,,,,,,,,,,
,,20280305,,,,,,,,,,,,,,20350223,,,,,,,,,,,,,,,,,,,
,,20280311,,,,,,,,,,,,,,20350302,,,,,,,,,,,,,,,,,,,
,,20280312,,,,,,,,,,,,,,20350309,,,,,,,,,,,,,,,,,,,
,,20280318,,,,,,,,,,,,,,20350316,,,,,,,,,,,,,,,,,,,
,,20280319,,,,,,,,,,,,,,20350323,,,,,,,,,,,,,,,,,,,
,,20280325,,,,,,,,,,,,,,20350330,,,,,,,,,,,,,,,,,,,
,,20280326,,,,,,,,,,,,,,20350406,,,,,,,,,,,,,,,,,,,
,,20280401,,,,,,,,,,,,,,20350413,,,,,,,,,,,,,,,,,,,
,,20280402,,,,,,,,,,,,,,20350420,,,,,,,,,,,,,,,,,,,
,,20280408,,,,,,,,,,,,,,20350427,,,,,,,,,,,,,,,,,,,
,,20280409,,,,,,,,,,,,,,20350504,,,,,,,,,,,,,,,,,,,
,,20280414,,,,,,,,,,,,,,20350511,,,,,,,,,,,,,,,,,,,
,,20280415,,,,,,,,,,,,,,20350518,,,,,,,,,,,,,,,,,,,
,,20280416,,,,,,,,,,,,,,20350525,,,,,,,,,,,,,,,,,,,
,,20280422,,,,,,,,,,,,,,20350601,,,,,,,,,,,,,,,,,,,
,,20280423,,,,,,,,,,,,,,20350608,,,,,,,,,,,,,,,,,,,
,,20280429,,,,,,,,,,,,,,20350615,,,,,,,,,,,,,,,,,,,
,,20280430,,,,,,,,,,,,,,20350622,,,,,,,,,,,,,,,,,,,
,,20280506,,,,,,,,,,,,,,20350629,,,,,,,,,,,,,,,,,,,
,,20280507,,,,,,,,,,,,,,20350706,,,,,,,,,,,,,,,,,,,
,,20280513,,,,,,,,,,,,,,20350713,,,,,,,,,,,,,,,,,,,
,,20280514,,,,,,,,,,,,,,20350720,,,,,,,,,,,,,,,,,,,
,,20280520,,,,,,,,,,,,,,20350727,,,,,,,,,,,,,,,,,,,
,,20280521,,,,,,,,,,,,,,20350803,,,,,,,,,,,,,,,,,,,
,,20280527,,,,,,,,,,,,,,20350810,,,,,,,,,,,,,,,,,,,
,,20280528,,,,,,,,,,,,,,20350817,,,,,,,,,,,,,,,,,,,
,,20280529,,,,,,,,,,,,,,20350824,,,,,,,,,,,,,,,,,,,
,,20280603,,,,,,,,,,,,,,20350831,,,,,,,,,,,,,,,,,,,
,,20280604,,,,,,,,,,,,,,20350907,,,,,,,,,,,,,,,,,,,
,,20280610,,,,,,,,,,,,,,20350914,,,,,,,,,,,,,,,,,,,
,,20280611,,,,,,,,,,,,,,20350921,,,,,,,,,,,,,,,,,,,
,,20280617,,,,,,,,,,,,,,20350928,,,,,,,,,,,,,,,,,,,
,,20280618,,,,,,,,,,,,,,20351005,,,,,,,,,,,,,,,,,,,
,,20280624,,,,,,,,,,,,,,20351012,,,,,,,,,,,,,,,,,,,
,,20280625,,,,,,,,,,,,,,20351019,,,,,,,,,,,,,,,,,,,
,,20280701,,,,,,,,,,,,,,20351026,,,,,,,,,,,,,,,,,,,
,,20280702,,,,,,,,,,,,,,20351102,,,,,,,,,,,,,,,,,,,
,,20280704,,,,,,,,,,,,,,20351109,,,,,,,,,,,,,,,,,,,
,,20280708,,,,,,,,,,,,,,20351116,,,,,,,,,,,,,,,,,,,
,,20280709,,,,,,,,,,,,,,20351123,,,,,,,,,,,,,,,,,,,
,,20280715,,,,,,,,,,,,,,20351129,,,,,,,,,,,,,,,,,,,
,,20280716,,,,,,,,,,,,,,20351130,,,,,,,,,,,,,,,,,,,
,,20280722,,,,,,,,,,,,,,20351203,,,,,,,,,,,,,,,,,,,
,,20280723,,,,,,,,,,,,,,20351207,,,,,,,,,,,,,,,,,,,
,,20280729,,,,,,,,,,,,,,20351214,,,,,,,,,,,,,,,,,,,
,,20280730,,,,,,,,,,,,,,20351221,,,,,,,,,,,,,,,,,,,
,,20280805,,,,,,,,,,,,,,20351228,,,,,,,,,,,,,,,,,,,
,,20280806,,,,,,,,,,,,,,20360104,,,,,,,,,,,,,,,,,,,
,,20280812,,,,,,,,,,,,,,20360111,,,,,,,,,,,,,,,,,,,
,,20280813,,,,,,,,,,,,,,20360118,,,,,,,,,,,,,,,,,,,
,,20280819,,,,,,,,,,,,,,20360125,,,,,,,,,,,,,,,,,,,
,,20280820,,,,,,,,,,,,,,20360201,,,,,,,,,,,,,,,,,,,
,,20280826,,,,,,,,,,,,,,20360206,,,,,,,,,,,,,,,,,,,
,,20280827,,,,,,,,,,,,,,20360207,,,,,,,,,,,,,,,,,,,
,,20280902,,,,,,,,,,,,,,20360208,,,,,,,,,,,,,,,,,,,
,,20280903,,,,,,,,,,,,,,20360215,,,,,,,,,,,,,,,,,,,
,,20280904,,,,,,,,,,,,,,20360222,,,,,,,,,,,,,,,,,,,
,,20280909,,,,,,,,,,,,,,20360229,,,,,,,,,,,,,,,,,,,
,,20280910,,,,,,,,,,,,,,20360307,,,,,,,,,,,,,,,,,,,
,,20280916,,,,,,,,,,,,,,20360314,,,,,,,,,,,,,,,,,,,
,,20280917,,,,,,,,,,,,,,20360321,,,,,,,,,,,,,,,,,,,
,,20280923,,,,,,,,,,,,,,20360328,,,,,,,,,,,,,,,,,,,
,,20280924,,,,,,,,,,,,,,20360404,,,,,,,,,,,,,,,,,,,
,,20280930,,,,,,,,,,,,,,20360411,,,,,,,,,,,,,,,,,,,
,,20281001,,,,,,,,,,,,,,20360418,,,,,,,,,,,,,,,,,,,
,,20281007,,,,,,,,,,,,,,20360425,,,,,,,,,,,,,,,,,,,
,,20281008,,,,,,,,,,,,,,20360502,,,,,,,,,,,,,,,,,,,
,,20281009,,,,,,,,,,,,,,20360509,,,,,,,,,,,,,,,,,,,
,,20281014,,,,,,,,,,,,,,20360516,,,,,,,,,,,,,,,,,,,
,,20281015,,,,,,,,,,,,,,20360523,,,,,,,,,,,,,,,,,,,
,,20281021,,,,,,,,,,,,,,20360530,,,,,,,,,,,,,,,,,,,
,,20281022,,,,,,,,,,,,,,20360606,,,,,,,,,,,,,,,,,,,
,,20281028,,,,,,,,,,,,,,20360613,,,,,,,,,,,,,,,,,,,
,,20281029,,,,,,,,,,,,,,20360620,,,,,,,,,,,,,,,,,,,
,,20281104,,,,,,,,,,,,,,20360627,,,,,,,,,,,,,,,,,,,
,,20281105,,,,,,,,,,,,,,20360704,,,,,,,,,,,,,,,,,,,
,,20281111,,,,,,,,,,,,,,20360711,,,,,,,,,,,,,,,,,,,
,,20281112,,,,,,,,,,,,,,20360718,,,,,,,,,,,,,,,,,,,
,,20281118,,,,,,,,,,,,,,20360725,,,,,,,,,,,,,,,,,,,
,,20281119,,,,,,,,,,,,,,20360801,,,,,,,,,,,,,,,,,,,
,,20281123,,,,,,,,,,,,,,20360808,,,,,,,,,,,,,,,,,,,
,,20281125,,,,,,,,,,,,,,20360815,,,,,,,,,,,,,,,,,,,
,,20281126,,,,,,,,,,,,,,20360822,,,,,,,,,,,,,,,,,,,
,,20281202,,,,,,,,,,,,,,20360829,,,,,,,,,,,,,,,,,,,
,,20281203,,,,,,,,,,,,,,20360905,,,,,,,,,,,,,,,,,,,
,,20281209,,,,,,,,,,,,,,20360912,,,,,,,,,,,,,,,,,,,
,,20281210,,,,,,,,,,,,,,20360919,,,,,,,,,,,,,,,,,,,
,,20281216,,,,,,,,,,,,,,20360923,,,,,,,,,,,,,,,,,,,
,,20281217,,,,,,,,,,,,,,20360926,,,,,,,,,,,,,,,,,,,
,,20281223,,,,,,,,,,,,,,20361003,,,,,,,,,,,,,,,,,,,
,,20281224,,,,,,,,,,,,,,20361010,,,,,,,,,,,,,,,,,,,
,,20281225,,,,,,,,,,,,,,20361017,,,,,,,,,,,,,,,,,,,
,,20281230,,,,,,,,,,,,,,20361024,,,,,,,,,,,,,,,,,,,
,,20281231,,,,,,,,,,,,,,20361031,,,,,,,,,,,,,,,,,,,
,,20290101,,,,,,,,,,,,,,20361107,,,,,,,,,,,,,,,,,,,
,,20290106,,,,,,,,,,,,,,20361114,,,,,,,,,,,,,,,,,,,
,,20290107,,,,,,,,,,,,,,20361118,,,,,,,,,,,,,,,,,,,
,,20290113,,,,,,,,,,,,,,20361119,,,,,,,,,,,,,,,,,,,
,,20290114,,,,,,,,,,,,,,20361120,,,,,,,,,,,,,,,,,,,
,,20290115,,,,,,,,,,,,,,20361121,,,,,,,,,,,,,,,,,,,
,,20290120,,,,,,,,,,,,,,20361128,,,,,,,,,,,,,,,,,,,
,,20290121,,,,,,,,,,,,,,20361205,,,,,,,,,,,,,,,,,,,
,,20290127,,,,,,,,,,,,,,20361212,,,,,,,,,,,,,,,,,,,
,,20290128,,,,,,,,,,,,,,20361219,,,,,,,,,,,,,,,,,,,
,,20290203,,,,,,,,,,,,,,20361226,,,,,,,,,,,,,,,,,,,
,,20290204,,,,,,,,,,,,,,20370102,,,,,,,,,,,,,,,,,,,
,,20290210,,,,,,,,,,,,,,20370109,,,,,,,,,,,,,,,,,,,
,,20290211,,,,,,,,,,,,,,20370116,,,,,,,,,,,,,,,,,,,
,,20290217,,,,,,,,,,,,,,20370123,,,,,,,,,,,,,,,,,,,
,,20290218,,,,,,,,,,,,,,20370126,,,,,,,,,,,,,,,,,,,
,,20290219,,,,,,,,,,,,,,20370127,,,,,,,,,,,,,,,,,,,
,,20290224,,,,,,,,,,,,,,20370130,,,,,,,,,,,,,,,,,,,
,,20290225,,,,,,,,,,,,,,20370206,,,,,,,,,,,,,,,,,,,
,,20290303,,,,,,,,,,,,,,20370213,,,,,,,,,,,,,,,,,,,
,,20290304,,,,,,,,,,,,,,20370220,,,,,,,,,,,,,,,,,,,
,,20290310,,,,,,,,,,,,,,20370227,,,,,,,,,,,,,,,,,,,
,,20290311,,,,,,,,,,,,,,20370306,,,,,,,,,,,,,,,,,,,
,,20290317,,,,,,,,,,,,,,20370313,,,,,,,,,,,,,,,,,,,
,,20290318,,,,,,,,,,,,,,20370320,,,,,,,,,,,,,,,,,,,
,,20290324,,,,,,,,,,,,,,20370327,,,,,,,,,,,,,,,,,,,
,,20290325,,,,,,,,,,,,,,20370403,,,,,,,,,,,,,,,,,,,
,,20290330,,,,,,,,,,,,,,20370410,,,,,,,,,,,,,,,,,,,
,,20290331,,,,,,,,,,,,,,20370417,,,,,,,,,,,,,,,,,,,
,,20290401,,,,,,,,,,,,,,20370424,,,,,,,,,,,,,,,,,,,
,,20290407,,,,,,,,,,,,,,20370501,,,,,,,,,,,,,,,,,,,
,,20290408,,,,,,,,,,,,,,20370508,,,,,,,,,,,,,,,,,,,
,,20290414,,,,,,,,,,,,,,20370515,,,,,,,,,,,,,,,,,,,
,,20290415,,,,,,,,,,,,,,20370522,,,,,,,,,,,,,,,,,,,
,,20290421,,,,,,,,,,,,,,20370529,,,,,,,,,,,,,,,,,,,
,,20290422,,,,,,,,,,,,,,20370605,,,,,,,,,,,,,,,,,,,
,,20290428,,,,,,,,,,,,,,20370612,,,,,,,,,,,,,,,,,,,
,,20290429,,,,,,,,,,,,,,20370619,,,,,,,,,,,,,,,,,,,
,,20290505,,,,,,,,,,,,,,20370626,,,,,,,,,,,,,,,,,,,
,,20290506,,,,,,,,,,,,,,20370703,,,,,,,,,,,,,,,,,,,
,,20290512,,,,,,,,,,,,,,20370710,,,,,,,,,,,,,,,,,,,
,,20290513,,,,,,,,,,,,,,20370717,,,,,,,,,,,,,,,,,,,
,,20290519,,,,,,,,,,,,,,20370724,,,,,,,,,,,,,,,,,,,
,,20290520,,,,,,,,,,,,,,20370731,,,,,,,,,,,,,,,,,,,
,,20290526,,,,,,,,,,,,,,20370807,,,,,,,,,,,,,,,,,,,
,,20290527,,,,,,,,,,,,,,20370814,,,,,,,,,,,,,,,,,,,
,,20290528,,,,,,,,,,,,,,20370821,,,,,,,,,,,,,,,,,,,
,,20290602,,,,,,,,,,,,,,20370828,,,,,,,,,,,,,,,,,,,
,,20290603,,,,,,,,,,,,,,20370904,,,,,,,,,,,,,,,,,,,
,,20290609,,,,,,,,,,,,,,20370911,,,,,,,,,,,,,,,,,,,
,,20290610,,,,,,,,,,,,,,20370918,,,,,,,,,,,,,,,,,,,
,,20290616,,,,,,,,,,,,,,20370923,,,,,,,,,,,,,,,,,,,
,,20290617,,,,,,,,,,,,,,20370925,,,,,,,,,,,,,,,,,,,
,,20290623,,,,,,,,,,,,,,20371002,,,,,,,,,,,,,,,,,,,
,,20290624,,,,,,,,,,,,,,20371009,,,,,,,,,,,,,,,,,,,
,,20290630,,,,,,,,,,,,,,20371016,,,,,,,,,,,,,,,,,,,
,,20290701,,,,,,,,,,,,,,20371023,,,,,,,,,,,,,,,,,,,
,,20290704,,,,,,,,,,,,,,20371030,,,,,,,,,,,,,,,,,,,
,,20290707,,,,,,,,,,,,,,20371105,,,,,,,,,,,,,,,,,,,
,,20290708,,,,,,,,,,,,,,20371106,,,,,,,,,,,,,,,,,,,
,,20290714,,,,,,,,,,,,,,20371109,,,,,,,,,,,,,,,,,,,
,,20290715,,,,,,,,,,,,,,20371113,,,,,,,,,,,,,,,,,,,
,,20290721,,,,,,,,,,,,,,20371120,,,,,,,,,,,,,,,,,,,
,,20290722,,,,,,,,,,,,,,20371127,,,,,,,,,,,,,,,,,,,
,,20290728,,,,,,,,,,,,,,20371204,,,,,,,,,,,,,,,,,,,
,,20290729,,,,,,,,,,,,,,20371211,,,,,,,,,,,,,,,,,,,
,,20290804,,,,,,,,,,,,,,20371218,,,,,,,,,,,,,,,,,,,
,,20290805,,,,,,,,,,,,,,20371225,,,,,,,,,,,,,,,,,,,
,,20290811,,,,,,,,,,,,,,20380101,,,,,,,,,,,,,,,,,,,
,,20290812,,,,,,,,,,,,,,20380108,,,,,,,,,,,,,,,,,,,
,,20290818,,,,,,,,,,,,,,20380114,,,,,,,,,,,,,,,,,,,
,,20290819,,,,,,,,,,,,,,20380115,,,,,,,,,,,,,,,,,,,
,,20290825,,,,,,,,,,,,,,20380118,,,,,,,,,,,,,,,,,,,
,,20290826,,,,,,,,,,,,,,20380122,,,,,,,,,,,,,,,,,,,
,,20290901,,,,,,,,,,,,,,20380129,,,,,,,,,,,,,,,,,,,
,,20290902,,,,,,,,,,,,,,20380205,,,,,,,,,,,,,,,,,,,
,,20290903,,,,,,,,,,,,,,20380212,,,,,,,,,,,,,,,,,,,
,,20290908,,,,,,,,,,,,,,20380219,,,,,,,,,,,,,,,,,,,
,,20290909,,,,,,,,,,,,,,20380226,,,,,,,,,,,,,,,,,,,
,,20290915,,,,,,,,,,,,,,20380305,,,,,,,,,,,,,,,,,,,
,,20290916,,,,,,,,,,,,,,20380312,,,,,,,,,,,,,,,,,,,
,,20290922,,,,,,,,,,,,,,20380319,,,,,,,,,,,,,,,,,,,
,,20290923,,,,,,,,,,,,,,20380326,,,,,,,,,,,,,,,,,,,
,,20290929,,,,,,,,,,,,,,20380402,,,,,,,,,,,,,,,,,,,
,,20290930,,,,,,,,,,,,,,20380409,,,,,,,,,,,,,,,,,,,
,,20291006,,,,,,,,,,,,,,20380416,,,,,,,,,,,,,,,,,,,
,,20291007,,,,,,,,,,,,,,20380423,,,,,,,,,,,,,,,,,,,
,,20291008,,,,,,,,,,,,,,20380430,,,,,,,,,,,,,,,,,,,
,,20291013,,,,,,,,,,,,,,20380507,,,,,,,,,,,,,,,,,,,
,,20291014,,,,,,,,,,,,,,20380514,,,,,,,,,,,,,,,,,,,
,,20291020,,,,,,,,,,,,,,20380521,,,,,,,,,,,,,,,,,,,
,,20291021,,,,,,,,,,,,,,20380528,,,,,,,,,,,,,,,,,,,
,,20291027,,,,,,,,,,,,,,20380604,,,,,,,,,,,,,,,,,,,
,,20291028,,,,,,,,,,,,,,20380611,,,,,,,,,,,,,,,,,,,
,,20291103,,,,,,,,,,,,,,20380618,,,,,,,,,,,,,,,,,,,
,,20291104,,,,,,,,,,,,,,20380625,,,,,,,,,,,,,,,,,,,
,,20291110,,,,,,,,,,,,,,20380702,,,,,,,,,,,,,,,,,,,
,,20291111,,,,,,,,,,,,,,20380709,,,,,,,,,,,,,,,,,,,
,,20291112,,,,,,,,,,,,,,20380716,,,,,,,,,,,,,,,,,,,
,,20291117,,,,,,,,,,,,,,20380723,,,,,,,,,,,,,,,,,,,
,,20291118,,,,,,,,,,,,,,20380730,,,,,,,,,,,,,,,,,,,
,,20291122,,,,,,,,,,,,,,20380806,,,,,,,,,,,,,,,,,,,
,,20291124,,,,,,,,,,,,,,20380813,,,,,,,,,,,,,,,,,,,
,,20291125,,,,,,,,,,,,,,20380820,,,,,,,,,,,,,,,,,,,
,,20291201,,,,,,,,,,,,,,20380827,,,,,,,,,,,,,,,,,,,
,,20291202,,,,,,,,,,,,,,20380903,,,,,,,,,,,,,,,,,,,
,,20291208,,,,,,,,,,,,,,20380910,,,,,,,,,,,,,,,,,,,
,,20291209,,,,,,,,,,,,,,20380917,,,,,,,,,,,,,,,,,,,
,,20291215,,,,,,,,,,,,,,20380923,,,,,,,,,,,,,,,,,,,
,,20291216,,,,,,,,,,,,,,20380924,,,,,,,,,,,,,,,,,,,
,,20291222,,,,,,,,,,,,,,20381001,,,,,,,,,,,,,,,,,,,
,,20291223,,,,,,,,,,,,,,20381008,,,,,,,,,,,,,,,,,,,
,,20291225,,,,,,,,,,,,,,20381015,,,,,,,,,,,,,,,,,,,
,,20291229,,,,,,,,,,,,,,20381022,,,,,,,,,,,,,,,,,,,
,,20291230,,,,,,,,,,,,,,20381028,,,,,,,,,,,,,,,,,,,
,,20300101,,,,,,,,,,,,,,20381029,,,,,,,,,,,,,,,,,,,
,,20300105,,,,,,,,,,,,,,20381101,,,,,,,,,,,,,,,,,,,
,,20300106,,,,,,,,,,,,,,20381105,,,,,,,,,,,,,,,,,,,
,,20300112,,,,,,,,,,,,,,20381112,,,,,,,,,,,,,,,,,,,
,,20300113,,,,,,,,,,,,,,20381119,,,,,,,,,,,,,,,,,,,
,,20300119,,,,,,,,,,,,,,20381126,,,,,,,,,,,,,,,,,,,
,,20300120,,,,,,,,,,,,,,20381203,,,,,,,,,,,,,,,,,,,
,,20300121,,,,,,,,,,,,,,20381210,,,,,,,,,,,,,,,,,,,
,,20300126,,,,,,,,,,,,,,20381217,,,,,,,,,,,,,,,,,,,
,,20300127,,,,,,,,,,,,,,20381224,,,,,,,,,,,,,,,,,,,
,,20300202,,,,,,,,,,,,,,20381231,,,,,,,,,,,,,,,,,,,
,,20300203,,,,,,,,,,,,,,20390104,,,,,,,,,,,,,,,,,,,
,,20300209,,,,,,,,,,,,,,20390105,,,,,,,,,,,,,,,,,,,
,,20300210,,,,,,,,,,,,,,20390106,,,,,,,,,,,,,,,,,,,
,,20300216,,,,,,,,,,,,,,20390107,,,,,,,,,,,,,,,,,,,
,,20300217,,,,,,,,,,,,,,20390114,,,,,,,,,,,,,,,,,,,
,,20300218,,,,,,,,,,,,,,20390121,,,,,,,,,,,,,,,,,,,
,,20300223,,,,,,,,,,,,,,20390128,,,,,,,,,,,,,,,,,,,
,,20300224,,,,,,,,,,,,,,20390204,,,,,,,,,,,,,,,,,,,
,,20300302,,,,,,,,,,,,,,20390211,,,,,,,,,,,,,,,,,,,
,,20300303,,,,,,,,,,,,,,20390218,,,,,,,,,,,,,,,,,,,
,,20300309,,,,,,,,,,,,,,20390225,,,,,,,,,,,,,,,,,,,
,,20300310,,,,,,,,,,,,,,20390304,,,,,,,,,,,,,,,,,,,
,,20300316,,,,,,,,,,,,,,20390311,,,,,,,,,,,,,,,,,,,
,,20300317,,,,,,,,,,,,,,20390318,,,,,,,,,,,,,,,,,,,
,,20300323,,,,,,,,,,,,,,20390325,,,,,,,,,,,,,,,,,,,
,,20300324,,,,,,,,,,,,,,20390401,,,,,,,,,,,,,,,,,,,
,,20300330,,,,,,,,,,,,,,20390408,,,,,,,,,,,,,,,,,,,
,,20300331,,,,,,,,,,,,,,20390415,,,,,,,,,,,,,,,,,,,
,,20300406,,,,,,,,,,,,,,20390422,,,,,,,,,,,,,,,,,,,
,,20300407,,,,,,,,,,,,,,20390429,,,,,,,,,,,,,,,,,,,
,,20300413,,,,,,,,,,,,,,20390506,,,,,,,,,,,,,,,,,,,
,,20300414,,,,,,,,,,,,,,20390513,,,,,,,,,,,,,,,,,,,
,,20300419,,,,,,,,,,,,,,20390520,,,,,,,,,,,,,,,,,,,
,,20300420,,,,,,,,,,,,,,20390527,,,,,,,,,,,,,,,,,,,
,,20300421,,,,,,,,,,,,,,20390603,,,,,,,,,,,,,,,,,,,
,,20300427,,,,,,,,,,,,,,20390610,,,,,,,,,,,,,,,,,,,
,,20300428,,,,,,,,,,,,,,20390617,,,,,,,,,,,,,,,,,,,
,,20300504,,,,,,,,,,,,,,20390624,,,,,,,,,,,,,,,,,,,
,,20300505,,,,,,,,,,,,,,20390701,,,,,,,,,,,,,,,,,,,
,,20300511,,,,,,,,,,,,,,20390708,,,,,,,,,,,,,,,,,,,
,,20300512,,,,,,,,,,,,,,20390715,,,,,,,,,,,,,,,,,,,
,,20300518,,,,,,,,,,,,,,20390722,,,,,,,,,,,,,,,,,,,
,,20300519,,,,,,,,,,,,,,20390729,,,,,,,,,,,,,,,,,,,
,,20300525,,,,,,,,,,,,,,20390805,,,,,,,,,,,,,,,,,,,
,,20300526,,,,,,,,,,,,,,20390812,,,,,,,,,,,,,,,,,,,
,,20300527,,,,,,,,,,,,,,20390819,,,,,,,,,,,,,,,,,,,
,,20300601,,,,,,,,,,,,,,20390826,,,,,,,,,,,,,,,,,,,
,,20300602,,,,,,,,,,,,,,20390902,,,,,,,,,,,,,,,,,,,
,,20300608,,,,,,,,,,,,,,20390909,,,,,,,,,,,,,,,,,,,
,,20300609,,,,,,,,,,,,,,20390916,,,,,,,,,,,,,,,,,,,
,,20300615,,,,,,,,,,,,,,20390922,,,,,,,,,,,,,,,,,,,
,,20300616,,,,,,,,,,,,,,20390923,,,,,,,,,,,,,,,,,,,
,,20300622,,,,,,,,,,,,,,20390930,,,,,,,,,,,,,,,,,,,
,,20300623,,,,,,,,,,,,,,20391007,,,,,,,,,,,,,,,,,,,
,,20300629,,,,,,,,,,,,,,20391014,,,,,,,,,,,,,,,,,,,
,,20300630,,,,,,,,,,,,,,20391018,,,,,,,,,,,,,,,,,,,
,,20300704,,,,,,,,,,,,,,20391019,,,,,,,,,,,,,,,,,,,
,,20300706,,,,,,,,,,,,,,20391020,,,,,,,,,,,,,,,,,,,
,,20300707,,,,,,,,,,,,,,20391021,,,,,,,,,,,,,,,,,,,
,,20300713,,,,,,,,,,,,,,20391028,,,,,,,,,,,,,,,,,,,
,,20300714,,,,,,,,,,,,,,20391104,,,,,,,,,,,,,,,,,,,
,,20300720,,,,,,,,,,,,,,20391111,,,,,,,,,,,,,,,,,,,
,,20300721,,,,,,,,,,,,,,20391118,,,,,,,,,,,,,,,,,,,
,,20300727,,,,,,,,,,,,,,20391125,,,,,,,,,,,,,,,,,,,
,,20300728,,,,,,,,,,,,,,20391202,,,,,,,,,,,,,,,,,,,
,,20300803,,,,,,,,,,,,,,20391209,,,,,,,,,,,,,,,,,,,
,,20300804,,,,,,,,,,,,,,20391216,,,,,,,,,,,,,,,,,,,
,,20300810,,,,,,,,,,,,,,20391223,,,,,,,,,,,,,,,,,,,
,,20300811,,,,,,,,,,,,,,20391226,,,,,,,,,,,,,,,,,,,
,,20300817,,,,,,,,,,,,,,20391227,,,,,,,,,,,,,,,,,,,
,,20300818,,,,,,,,,,,,,,20391230,,,,,,,,,,,,,,,,,,,
,,20300824,,,,,,,,,,,,,,20400106,,,,,,,,,,,,,,,,,,,
,,20300825,,,,,,,,,,,,,,20400113,,,,,,,,,,,,,,,,,,,
,,20300831,,,,,,,,,,,,,,20400120,,,,,,,,,,,,,,,,,,,
,,20300901,,,,,,,,,,,,,,20400127,,,,,,,,,,,,,,,,,,,
,,20300902,,,,,,,,,,,,,,20400203,,,,,,,,,,,,,,,,,,,
,,20300907,,,,,,,,,,,,,,20400210,,,,,,,,,,,,,,,,,,,
,,20300908,,,,,,,,,,,,,,20400217,,,,,,,,,,,,,,,,,,,
,,20300914,,,,,,,,,,,,,,20400224,,,,,,,,,,,,,,,,,,,
,,20300915,,,,,,,,,,,,,,20400302,,,,,,,,,,,,,,,,,,,
,,20300921,,,,,,,,,,,,,,20400309,,,,,,,,,,,,,,,,,,,
,,20300922,,,,,,,,,,,,,,20400316,,,,,,,,,,,,,,,,,,,
,,20300928,,,,,,,,,,,,,,20400323,,,,,,,,,,,,,,,,,,,
,,20300929,,,,,,,,,,,,,,20400330,,,,,,,,,,,,,,,,,,,
,,20301005,,,,,,,,,,,,,,20400406,,,,,,,,,,,,,,,,,,,
,,20301006,,,,,,,,,,,,,,20400413,,,,,,,,,,,,,,,,,,,
,,20301012,,,,,,,,,,,,,,20400420,,,,,,,,,,,,,,,,,,,
,,20301013,,,,,,,,,,,,,,20400427,,,,,,,,,,,,,,,,,,,
,,20301014,,,,,,,,,,,,,,20400504,,,,,,,,,,,,,,,,,,,
,,20301019,,,,,,,,,,,,,,20400511,,,,,,,,,,,,,,,,,,,
,,20301020,,,,,,,,,,,,,,20400518,,,,,,,,,,,,,,,,,,,
,,20301026,,,,,,,,,,,,,,20400525,,,,,,,,,,,,,,,,,,,
,,20301027,,,,,,,,,,,,,,20400601,,,,,,,,,,,,,,,,,,,
,,20301102,,,,,,,,,,,,,,20400608,,,,,,,,,,,,,,,,,,,
,,20301103,,,,,,,,,,,,,,20400615,,,,,,,,,,,,,,,,,,,
,,20301109,,,,,,,,,,,,,,20400622,,,,,,,,,,,,,,,,,,,
,,20301110,,,,,,,,,,,,,,20400629,,,,,,,,,,,,,,,,,,,
,,20301111,,,,,,,,,,,,,,20400706,,,,,,,,,,,,,,,,,,,
,,20301116,,,,,,,,,,,,,,20400713,,,,,,,,,,,,,,,,,,,
,,20301117,,,,,,,,,,,,,,20400720,,,,,,,,,,,,,,,,,,,
,,20301123,,,,,,,,,,,,,,20400727,,,,,,,,,,,,,,,,,,,
,,20301124,,,,,,,,,,,,,,20400803,,,,,,,,,,,,,,,,,,,
,,20301128,,,,,,,,,,,,,,20400810,,,,,,,,,,,,,,,,,,,
,,20301130,,,,,,,,,,,,,,20400817,,,,,,,,,,,,,,,,,,,
,,20301201,,,,,,,,,,,,,,20400824,,,,,,,,,,,,,,,,,,,
,,20301207,,,,,,,,,,,,,,20400831,,,,,,,,,,,,,,,,,,,
,,20301208,,,,,,,,,,,,,,20400907,,,,,,,,,,,,,,,,,,,
,,20301214,,,,,,,,,,,,,,20400914,,,,,,,,,,,,,,,,,,,
,,20301215,,,,,,,,,,,,,,20400921,,,,,,,,,,,,,,,,,,,
,,20301221,,,,,,,,,,,,,,20400928,,,,,,,,,,,,,,,,,,,
,,20301222,,,,,,,,,,,,,,20401004,,,,,,,,,,,,,,,,,,,
,,20301225,,,,,,,,,,,,,,20401005,,,,,,,,,,,,,,,,,,,
,,20301228,,,,,,,,,,,,,,20401008,,,,,,,,,,,,,,,,,,,
,,20301229,,,,,,,,,,,,,,20401012,,,,,,,,,,,,,,,,,,,
,,20310101,,,,,,,,,,,,,,20401019,,,,,,,,,,,,,,,,,,,
,,20310104,,,,,,,,,,,,,,20401026,,,,,,,,,,,,,,,,,,,
,,20310105,,,,,,,,,,,,,,20401102,,,,,,,,,,,,,,,,,,,
,,20310111,,,,,,,,,,,,,,20401109,,,,,,,,,,,,,,,,,,,
,,20310112,,,,,,,,,,,,,,20401116,,,,,,,,,,,,,,,,,,,
,,20310118,,,,,,,,,,,,,,20401123,,,,,,,,,,,,,,,,,,,
,,20310119,,,,,,,,,,,,,,20401130,,,,,,,,,,,,,,,,,,,
,,20310120,,,,,,,,,,,,,,20401207,,,,,,,,,,,,,,,,,,,
,,20310125,,,,,,,,,,,,,,20401213,,,,,,,,,,,,,,,,,,,
,,20310126,,,,,,,,,,,,,,20401214,,,,,,,,,,,,,,,,,,,
,,20310201,,,,,,,,,,,,,,20401217,,,,,,,,,,,,,,,,,,,
,,20310202,,,,,,,,,,,,,,20401221,,,,,,,,,,,,,,,,,,,
,,20310208,,,,,,,,,,,,,,20401228,,,,,,,,,,,,,,,,,,,
,,20310209,,,,,,,,,,,,,,20410104,,,,,,,,,,,,,,,,,,,
,,20310215,,,,,,,,,,,,,,20410111,,,,,,,,,,,,,,,,,,,
,,20310216,,,,,,,,,,,,,,20410118,,,,,,,,,,,,,,,,,,,
,,20310217,,,,,,,,,,,,,,20410125,,,,,,,,,,,,,,,,,,,
,,20310222,,,,,,,,,,,,,,20410201,,,,,,,,,,,,,,,,,,,
,,20310223,,,,,,,,,,,,,,20410208,,,,,,,,,,,,,,,,,,,
,,20310301,,,,,,,,,,,,,,20410215,,,,,,,,,,,,,,,,,,,
,,20310302,,,,,,,,,,,,,,20410222,,,,,,,,,,,,,,,,,,,
,,20310308,,,,,,,,,,,,,,20410301,,,,,,,,,,,,,,,,,,,
,,20310309,,,,,,,,,,,,,,20410308,,,,,,,,,,,,,,,,,,,
,,20310315,,,,,,,,,,,,,,20410315,,,,,,,,,,,,,,,,,,,
,,20310316,,,,,,,,,,,,,,20410322,,,,,,,,,,,,,,,,,,,
,,20310322,,,,,,,,,,,,,,20410329,,,,,,,,,,,,,,,,,,,
,,20310323,,,,,,,,,,,,,,20410405,,,,,,,,,,,,,,,,,,,
,,20310329,,,,,,,,,,,,,,20410412,,,,,,,,,,,,,,,,,,,
,,20310330,,,,,,,,,,,,,,20410419,,,,,,,,,,,,,,,,,,,
,,20310405,,,,,,,,,,,,,,20410426,,,,,,,,,,,,,,,,,,,
,,20310406,,,,,,,,,,,,,,20410503,,,,,,,,,,,,,,,,,,,
,,20310411,,,,,,,,,,,,,,20410510,,,,,,,,,,,,,,,,,,,
,,20310412,,,,,,,,,,,,,,20410517,,,,,,,,,,,,,,,,,,,
,,20310413,,,,,,,,,,,,,,20410524,,,,,,,,,,,,,,,,,,,
,,20310419,,,,,,,,,,,,,,20410531,,,,,,,,,,,,,,,,,,,
,,20310420,,,,,,,,,,,,,,20410607,,,,,,,,,,,,,,,,,,,
,,20310426,,,,,,,,,,,,,,20410614,,,,,,,,,,,,,,,,,,,
,,20310427,,,,,,,,,,,,,,20410621,,,,,,,,,,,,,,,,,,,
,,20310503,,,,,,,,,,,,,,20410628,,,,,,,,,,,,,,,,,,,
,,20310504,,,,,,,,,,,,,,20410705,,,,,,,,,,,,,,,,,,,
,,20310510,,,,,,,,,,,,,,20410712,,,,,,,,,,,,,,,,,,,
,,20310511,,,,,,,,,,,,,,20410719,,,,,,,,,,,,,,,,,,,
,,20310517,,,,,,,,,,,,,,20410726,,,,,,,,,,,,,,,,,,,
,,20310518,,,,,,,,,,,,,,20410802,,,,,,,,,,,,,,,,,,,
,,20310524,,,,,,,,,,,,,,20410809,,,,,,,,,,,,,,,,,,,
,,20310525,,,,,,,,,,,,,,20410816,,,,,,,,,,,,,,,,,,,
,,20310526,,,,,,,,,,,,,,20410823,,,,,,,,,,,,,,,,,,,
,,20310531,,,,,,,,,,,,,,20410830,,,,,,,,,,,,,,,,,,,
,,20310601,,,,,,,,,,,,,,20410906,,,,,,,,,,,,,,,,,,,
,,20310607,,,,,,,,,,,,,,20410913,,,,,,,,,,,,,,,,,,,
,,20310608,,,,,,,,,,,,,,20410920,,,,,,,,,,,,,,,,,,,
,,20310614,,,,,,,,,,,,,,20410923,,,,,,,,,,,,,,,,,,,
,,20310615,,,,,,,,,,,,,,20410925,,,,,,,,,,,,,,,,,,,
,,20310621,,,,,,,,,,,,,,20410926,,,,,,,,,,,,,,,,,,,
,,20310622,,,,,,,,,,,,,,20410927,,,,,,,,,,,,,,,,,,,
,,20310628,,,,,,,,,,,,,,20411004,,,,,,,,,,,,,,,,,,,
,,20310629,,,,,,,,,,,,,,20411011,,,,,,,,,,,,,,,,,,,
,,20310704,,,,,,,,,,,,,,20411018,,,,,,,,,,,,,,,,,,,
,,20310705,,,,,,,,,,,,,,20411025,,,,,,,,,,,,,,,,,,,
,,20310706,,,,,,,,,,,,,,20411101,,,,,,,,,,,,,,,,,,,
,,20310712,,,,,,,,,,,,,,20411108,,,,,,,,,,,,,,,,,,,
,,20310713,,,,,,,,,,,,,,20411115,,,,,,,,,,,,,,,,,,,
,,20310719,,,,,,,,,,,,,,20411122,,,,,,,,,,,,,,,,,,,
,,20310720,,,,,,,,,,,,,,20411129,,,,,,,,,,,,,,,,,,,
,,20310726,,,,,,,,,,,,,,20411203,,,,,,,,,,,,,,,,,,,
,,20310727,,,,,,,,,,,,,,20411204,,,,,,,,,,,,,,,,,,,
,,20310802,,,,,,,,,,,,,,20411205,,,,,,,,,,,,,,,,,,,
,,20310803,,,,,,,,,,,,,,20411206,,,,,,,,,,,,,,,,,,,
,,20310809,,,,,,,,,,,,,,20411213,,,,,,,,,,,,,,,,,,,
,,20310810,,,,,,,,,,,,,,20411220,,,,,,,,,,,,,,,,,,,
,,20310816,,,,,,,,,,,,,,20411227,,,,,,,,,,,,,,,,,,,
,,20310817,,,,,,,,,,,,,,20420103,,,,,,,,,,,,,,,,,,,
,,20310823,,,,,,,,,,,,,,20420110,,,,,,,,,,,,,,,,,,,
,,20310824,,,,,,,,,,,,,,20420117,,,,,,,,,,,,,,,,,,,
,,20310830,,,,,,,,,,,,,,20420124,,,,,,,,,,,,,,,,,,,
,,20310831,,,,,,,,,,,,,,20420131,,,,,,,,,,,,,,,,,,,
,,20310901,,,,,,,,,,,,,,20420207,,,,,,,,,,,,,,,,,,,
,,20310906,,,,,,,,,,,,,,20420214,,,,,,,,,,,,,,,,,,,
,,20310907,,,,,,,,,,,,,,20420221,,,,,,,,,,,,,,,,,,,
,,20310913,,,,,,,,,,,,,,20420228,,,,,,,,,,,,,,,,,,,
,,20310914,,,,,,,,,,,,,,20420307,,,,,,,,,,,,,,,,,,,
,,20310920,,,,,,,,,,,,,,20420314,,,,,,,,,,,,,,,,,,,
,,20310921,,,,,,,,,,,,,,20420321,,,,,,,,,,,,,,,,,,,
,,20310927,,,,,,,,,,,,,,20420328,,,,,,,,,,,,,,,,,,,
,,20310928,,,,,,,,,,,,,,20420404,,,,,,,,,,,,,,,,,,,
,,20311004,,,,,,,,,,,,,,20420411,,,,,,,,,,,,,,,,,,,
,,20311005,,,,,,,,,,,,,,20420418,,,,,,,,,,,,,,,,,,,
,,20311011,,,,,,,,,,,,,,20420425,,,,,,,,,,,,,,,,,,,
,,20311012,,,,,,,,,,,,,,20420502,,,,,,,,,,,,,,,,,,,
,,20311013,,,,,,,,,,,,,,20420509,,,,,,,,,,,,,,,,,,,
,,20311018,,,,,,,,,,,,,,20420516,,,,,,,,,,,,,,,,,,,
,,20311019,,,,,,,,,,,,,,20420523,,,,,,,,,,,,,,,,,,,
,,20311025,,,,,,,,,,,,,,20420530,,,,,,,,,,,,,,,,,,,
,,20311026,,,,,,,,,,,,,,20420606,,,,,,,,,,,,,,,,,,,
,,20311101,,,,,,,,,,,,,,20420613,,,,,,,,,,,,,,,,,,,
,,20311102,,,,,,,,,,,,,,20420620,,,,,,,,,,,,,,,,,,,
,,20311108,,,,,,,,,,,,,,20420627,,,,,,,,,,,,,,,,,,,
,,20311109,,,,,,,,,,,,,,20420704,,,,,,,,,,,,,,,,,,,
,,20311111,,,,,,,,,,,,,,20420711,,,,,,,,,,,,,,,,,,,
,,20311115,,,,,,,,,,,,,,20420718,,,,,,,,,,,,,,,,,,,
,,20311116,,,,,,,,,,,,,,20420725,,,,,,,,,,,,,,,,,,,
,,20311122,,,,,,,,,,,,,,20420801,,,,,,,,,,,,,,,,,,,
,,20311123,,,,,,,,,,,,,,20420808,,,,,,,,,,,,,,,,,,,
,,20311127,,,,,,,,,,,,,,20420815,,,,,,,,,,,,,,,,,,,
,,20311129,,,,,,,,,,,,,,20420822,,,,,,,,,,,,,,,,,,,
,,20311130,,,,,,,,,,,,,,20420829,,,,,,,,,,,,,,,,,,,
,,20311206,,,,,,,,,,,,,,20420905,,,,,,,,,,,,,,,,,,,
,,20311207,,,,,,,,,,,,,,20420912,,,,,,,,,,,,,,,,,,,
,,20311213,,,,,,,,,,,,,,20420915,,,,,,,,,,,,,,,,,,,
,,20311214,,,,,,,,,,,,,,20420916,,,,,,,,,,,,,,,,,,,
,,20311220,,,,,,,,,,,,,,20420919,,,,,,,,,,,,,,,,,,,
,,20311221,,,,,,,,,,,,,,20420923,,,,,,,,,,,,,,,,,,,
,,20311225,,,,,,,,,,,,,,20420926,,,,,,,,,,,,,,,,,,,
,,20311227,,,,,,,,,,,,,,20421003,,,,,,,,,,,,,,,,,,,
,,20311228,,,,,,,,,,,,,,20421010,,,,,,,,,,,,,,,,,,,
,,20320101,,,,,,,,,,,,,,20421017,,,,,,,,,,,,,,,,,,,
,,20320103,,,,,,,,,,,,,,20421024,,,,,,,,,,,,,,,,,,,
,,20320104,,,,,,,,,,,,,,20421031,,,,,,,,,,,,,,,,,,,
,,20320110,,,,,,,,,,,,,,20421107,,,,,,,,,,,,,,,,,,,
,,20320111,,,,,,,,,,,,,,20421114,,,,,,,,,,,,,,,,,,,
,,20320117,,,,,,,,,,,,,,20421120,,,,,,,,,,,,,,,,,,,
,,20320118,,,,,,,,,,,,,,20421121,,,,,,,,,,,,,,,,,,,
,,20320119,,,,,,,,,,,,,,20421124,,,,,,,,,,,,,,,,,,,
,,20320124,,,,,,,,,,,,,,20421128,,,,,,,,,,,,,,,,,,,
,,20320125,,,,,,,,,,,,,,20421205,,,,,,,,,,,,,,,,,,,
,,20320131,,,,,,,,,,,,,,20421212,,,,,,,,,,,,,,,,,,,
,,20320201,,,,,,,,,,,,,,20421219,,,,,,,,,,,,,,,,,,,
,,20320207,,,,,,,,,,,,,,20421226,,,,,,,,,,,,,,,,,,,
,,20320208,,,,,,,,,,,,,,20430102,,,,,,,,,,,,,,,,,,,
,,20320214,,,,,,,,,,,,,,20430109,,,,,,,,,,,,,,,,,,,
,,20320215,,,,,,,,,,,,,,20430116,,,,,,,,,,,,,,,,,,,
,,20320216,,,,,,,,,,,,,,20430123,,,,,,,,,,,,,,,,,,,
,,20320221,,,,,,,,,,,,,,20430130,,,,,,,,,,,,,,,,,,,
,,20320222,,,,,,,,,,,,,,20430206,,,,,,,,,,,,,,,,,,,
,,20320228,,,,,,,,,,,,,,20430213,,,,,,,,,,,,,,,,,,,
,,20320229,,,,,,,,,,,,,,20430220,,,,,,,,,,,,,,,,,,,
,,20320306,,,,,,,,,,,,,,20430227,,,,,,,,,,,,,,,,,,,
,,20320307,,,,,,,,,,,,,,20430306,,,,,,,,,,,,,,,,,,,
,,20320313,,,,,,,,,,,,,,20430313,,,,,,,,,,,,,,,,,,,
,,20320314,,,,,,,,,,,,,,20430320,,,,,,,,,,,,,,,,,,,
,,20320320,,,,,,,,,,,,,,20430327,,,,,,,,,,,,,,,,,,,
,,20320321,,,,,,,,,,,,,,20430403,,,,,,,,,,,,,,,,,,,
,,20320326,,,,,,,,,,,,,,20430410,,,,,,,,,,,,,,,,,,,
,,20320327,,,,,,,,,,,,,,20430417,,,,,,,,,,,,,,,,,,,
,,20320328,,,,,,,,,,,,,,20430424,,,,,,,,,,,,,,,,,,,
,,20320403,,,,,,,,,,,,,,20430501,,,,,,,,,,,,,,,,,,,
,,20320404,,,,,,,,,,,,,,20430508,,,,,,,,,,,,,,,,,,,
,,20320410,,,,,,,,,,,,,,20430515,,,,,,,,,,,,,,,,,,,
,,20320411,,,,,,,,,,,,,,20430522,,,,,,,,,,,,,,,,,,,
,,20320417,,,,,,,,,,,,,,20430529,,,,,,,,,,,,,,,,,,,
,,20320418,,,,,,,,,,,,,,20430605,,,,,,,,,,,,,,,,,,,
,,20320424,,,,,,,,,,,,,,20430612,,,,,,,,,,,,,,,,,,,
,,20320425,,,,,,,,,,,,,,20430619,,,,,,,,,,,,,,,,,,,
,,20320501,,,,,,,,,,,,,,20430626,,,,,,,,,,,,,,,,,,,
,,20320502,,,,,,,,,,,,,,20430703,,,,,,,,,,,,,,,,,,,
,,20320508,,,,,,,,,,,,,,20430710,,,,,,,,,,,,,,,,,,,
,,20320509,,,,,,,,,,,,,,20430717,,,,,,,,,,,,,,,,,,,
,,20320515,,,,,,,,,,,,,,20430724,,,,,,,,,,,,,,,,,,,
,,20320516,,,,,,,,,,,,,,20430731,,,,,,,,,,,,,,,,,,,
,,20320522,,,,,,,,,,,,,,20430807,,,,,,,,,,,,,,,,,,,
,,20320523,,,,,,,,,,,,,,20430814,,,,,,,,,,,,,,,,,,,
,,20320529,,,,,,,,,,,,,,20430821,,,,,,,,,,,,,,,,,,,
,,20320530,,,,,,,,,,,,,,20430828,,,,,,,,,,,,,,,,,,,
,,20320531,,,,,,,,,,,,,,20430903,,,,,,,,,,,,,,,,,,,
,,20320605,,,,,,,,,,,,,,20430904,,,,,,,,,,,,,,,,,,,
,,20320606,,,,,,,,,,,,,,20430907,,,,,,,,,,,,,,,,,,,
,,20320612,,,,,,,,,,,,,,20430911,,,,,,,,,,,,,,,,,,,
,,20320613,,,,,,,,,,,,,,20430918,,,,,,,,,,,,,,,,,,,
,,20320619,,,,,,,,,,,,,,20430923,,,,,,,,,,,,,,,,,,,
,,20320620,,,,,,,,,,,,,,20430925,,,,,,,,,,,,,,,,,,,
,,20320626,,,,,,,,,,,,,,20431002,,,,,,,,,,,,,,,,,,,
,,20320627,,,,,,,,,,,,,,20431009,,,,,,,,,,,,,,,,,,,
,,20320703,,,,,,,,,,,,,,20431016,,,,,,,,,,,,,,,,,,,
,,20320704,,,,,,,,,,,,,,20431023,,,,,,,,,,,,,,,,,,,
,,20320705,,,,,,,,,,,,,,20431030,,,,,,,,,,,,,,,,,,,
,,20320710,,,,,,,,,,,,,,20431106,,,,,,,,,,,,,,,,,,,
,,20320711,,,,,,,,,,,,,,20431111,,,,,,,,,,,,,,,,,,,
,,20320717,,,,,,,,,,,,,,20431112,,,,,,,,,,,,,,,,,,,
,,20320718,,,,,,,,,,,,,,20431113,,,,,,,,,,,,,,,,,,,
,,20320724,,,,,,,,,,,,,,20431120,,,,,,,,,,,,,,,,,,,
,,20320725,,,,,,,,,,,,,,20431127,,,,,,,,,,,,,,,,,,,
,,20320731,,,,,,,,,,,,,,20431204,,,,,,,,,,,,,,,,,,,
,,20320801,,,,,,,,,,,,,,20431211,,,,,,,,,,,,,,,,,,,
,,20320807,,,,,,,,,,,,,,20431218,,,,,,,,,,,,,,,,,,,
,,20320808,,,,,,,,,,,,,,20431225,,,,,,,,,,,,,,,,,,,
,,20320814,,,,,,,,,,,,,,20440101,,,,,,,,,,,,,,,,,,,
,,20320815,,,,,,,,,,,,,,20440108,,,,,,,,,,,,,,,,,,,
,,20320821,,,,,,,,,,,,,,20440115,,,,,,,,,,,,,,,,,,,
,,20320822,,,,,,,,,,,,,,20440122,,,,,,,,,,,,,,,,,,,
,,20320828,,,,,,,,,,,,,,20440129,,,,,,,,,,,,,,,,,,,
,,20320829,,,,,,,,,,,,,,20440205,,,,,,,,,,,,,,,,,,,
,,20320904,,,,,,,,,,,,,,20440212,,,,,,,,,,,,,,,,,,,
,,20320905,,,,,,,,,,,,,,20440219,,,,,,,,,,,,,,,,,,,
,,20320906,,,,,,,,,,,,,,20440226,,,,,,,,,,,,,,,,,,,
,,20320911,,,,,,,,,,,,,,20440304,,,,,,,,,,,,,,,,,,,
,,20320912,,,,,,,,,,,,,,20440311,,,,,,,,,,,,,,,,,,,
,,20320918,,,,,,,,,,,,,,20440318,,,,,,,,,,,,,,,,,,,
,,20320919,,,,,,,,,,,,,,20440325,,,,,,,,,,,,,,,,,,,
,,20320925,,,,,,,,,,,,,,20440401,,,,,,,,,,,,,,,,,,,
,,20320926,,,,,,,,,,,,,,20440408,,,,,,,,,,,,,,,,,,,
,,20321002,,,,,,,,,,,,,,20440415,,,,,,,,,,,,,,,,,,,
,,20321003,,,,,,,,,,,,,,20440422,,,,,,,,,,,,,,,,,,,
,,20321009,,,,,,,,,,,,,,20440429,,,,,,,,,,,,,,,,,,,
,,20321010,,,,,,,,,,,,,,20440506,,,,,,,,,,,,,,,,,,,
,,20321011,,,,,,,,,,,,,,20440513,,,,,,,,,,,,,,,,,,,
,,20321016,,,,,,,,,,,,,,20440520,,,,,,,,,,,,,,,,,,,
,,20321017,,,,,,,,,,,,,,20440527,,,,,,,,,,,,,,,,,,,
,,20321023,,,,,,,,,,,,,,20440603,,,,,,,,,,,,,,,,,,,
,,20321024,,,,,,,,,,,,,,20440610,,,,,,,,,,,,,,,,,,,
,,20321030,,,,,,,,,,,,,,20440617,,,,,,,,,,,,,,,,,,,
,,20321031,,,,,,,,,,,,,,20440624,,,,,,,,,,,,,,,,,,,
,,20321106,,,,,,,,,,,,,,20440701,,,,,,,,,,,,,,,,,,,
,,20321107,,,,,,,,,,,,,,20440708,,,,,,,,,,,,,,,,,,,
,,20321111,,,,,,,,,,,,,,20440715,,,,,,,,,,,,,,,,,,,
,,20321113,,,,,,,,,,,,,,20440722,,,,,,,,,,,,,,,,,,,
,,20321114,,,,,,,,,,,,,,20440729,,,,,,,,,,,,,,,,,,,
,,20321120,,,,,,,,,,,,,,20440805,,,,,,,,,,,,,,,,,,,
,,20321121,,,,,,,,,,,,,,20440812,,,,,,,,,,,,,,,,,,,
,,20321125,,,,,,,,,,,,,,20440819,,,,,,,,,,,,,,,,,,,
,,20321127,,,,,,,,,,,,,,20440823,,,,,,,,,,,,,,,,,,,
,,20321128,,,,,,,,,,,,,,20440824,,,,,,,,,,,,,,,,,,,
,,20321204,,,,,,,,,,,,,,20440825,,,,,,,,,,,,,,,,,,,
,,20321205,,,,,,,,,,,,,,20440826,,,,,,,,,,,,,,,,,,,
,,20321211,,,,,,,,,,,,,,20440902,,,,,,,,,,,,,,,,,,,
,,20321212,,,,,,,,,,,,,,20440909,,,,,,,,,,,,,,,,,,,
,,20321218,,,,,,,,,,,,,,20440916,,,,,,,,,,,,,,,,,,,
,,20321219,,,,,,,,,,,,,,20440922,,,,,,,,,,,,,,,,,,,
,,20321224,,,,,,,,,,,,,,20440923,,,,,,,,,,,,,,,,,,,
,,20321225,,,,,,,,,,,,,,20440930,,,,,,,,,,,,,,,,,,,
,,20321226,,,,,,,,,,,,,,20441007,,,,,,,,,,,,,,,,,,,
,,20330101,,,,,,,,,,,,,,20441014,,,,,,,,,,,,,,,,,,,
,,20330102,,,,,,,,,,,,,,20441021,,,,,,,,,,,,,,,,,,,
,,20330108,,,,,,,,,,,,,,20441028,,,,,,,,,,,,,,,,,,,
,,20330109,,,,,,,,,,,,,,20441031,,,,,,,,,,,,,,,,,,,
,,20330115,,,,,,,,,,,,,,20441101,,,,,,,,,,,,,,,,,,,
,,20330116,,,,,,,,,,,,,,20441104,,,,,,,,,,,,,,,,,,,
,,20330117,,,,,,,,,,,,,,20441111,,,,,,,,,,,,,,,,,,,
,,20330122,,,,,,,,,,,,,,20441118,,,,,,,,,,,,,,,,,,,
,,20330123,,,,,,,,,,,,,,20441125,,,,,,,,,,,,,,,,,,,
,,20330129,,,,,,,,,,,,,,20441202,,,,,,,,,,,,,,,,,,,
,,20330130,,,,,,,,,,,,,,20441209,,,,,,,,,,,,,,,,,,,
,,20330205,,,,,,,,,,,,,,20441216,,,,,,,,,,,,,,,,,,,
,,20330206,,,,,,,,,,,,,,20441223,,,,,,,,,,,,,,,,,,,
,,20330212,,,,,,,,,,,,,,20441230,,,,,,,,,,,,,,,,,,,
,,20330213,,,,,,,,,,,,,,20450106,,,,,,,,,,,,,,,,,,,
,,20330219,,,,,,,,,,,,,,20450113,,,,,,,,,,,,,,,,,,,
,,20330220,,,,,,,,,,,,,,20450120,,,,,,,,,,,,,,,,,,,
,,20330221,,,,,,,,,,,,,,20450127,,,,,,,,,,,,,,,,,,,
,,20330226,,,,,,,,,,,,,,20450203,,,,,,,,,,,,,,,,,,,
,,20330227,,,,,,,,,,,,,,20450210,,,,,,,,,,,,,,,,,,,
,,20330305,,,,,,,,,,,,,,20450217,,,,,,,,,,,,,,,,,,,
,,20330306,,,,,,,,,,,,,,20450224,,,,,,,,,,,,,,,,,,,
,,20330312,,,,,,,,,,,,,,20450303,,,,,,,,,,,,,,,,,,,
,,20330313,,,,,,,,,,,,,,20450310,,,,,,,,,,,,,,,,,,,
,,20330319,,,,,,,,,,,,,,20450317,,,,,,,,,,,,,,,,,,,
,,20330320,,,,,,,,,,,,,,20450324,,,,,,,,,,,,,,,,,,,
,,20330326,,,,,,,,,,,,,,20450331,,,,,,,,,,,,,,,,,,,
,,20330327,,,,,,,,,,,,,,20450407,,,,,,,,,,,,,,,,,,,
,,20330402,,,,,,,,,,,,,,20450414,,,,,,,,,,,,,,,,,,,
,,20330403,,,,,,,,,,,,,,20450421,,,,,,,,,,,,,,,,,,,
,,20330409,,,,,,,,,,,,,,20450428,,,,,,,,,,,,,,,,,,,
,,20330410,,,,,,,,,,,,,,20450505,,,,,,,,,,,,,,,,,,,
,,20330415,,,,,,,,,,,,,,20450512,,,,,,,,,,,,,,,,,,,
,,20330416,,,,,,,,,,,,,,20450519,,,,,,,,,,,,,,,,,,,
,,20330417,,,,,,,,,,,,,,20450526,,,,,,,,,,,,,,,,,,,
,,20330423,,,,,,,,,,,,,,20450602,,,,,,,,,,,,,,,,,,,
,,20330424,,,,,,,,,,,,,,20450609,,,,,,,,,,,,,,,,,,,
,,20330430,,,,,,,,,,,,,,20450616,,,,,,,,,,,,,,,,,,,
,,20330501,,,,,,,,,,,,,,20450623,,,,,,,,,,,,,,,,,,,
,,20330507,,,,,,,,,,,,,,20450630,,,,,,,,,,,,,,,,,,,
,,20330508,,,,,,,,,,,,,,20450707,,,,,,,,,,,,,,,,,,,
,,20330514,,,,,,,,,,,,,,20450714,,,,,,,,,,,,,,,,,,,
,,20330515,,,,,,,,,,,,,,20450721,,,,,,,,,,,,,,,,,,,
,,20330521,,,,,,,,,,,,,,20450728,,,,,,,,,,,,,,,,,,,
,,20330522,,,,,,,,,,,,,,20450804,,,,,,,,,,,,,,,,,,,
,,20330528,,,,,,,,,,,,,,20450811,,,,,,,,,,,,,,,,,,,
,,20330529,,,,,,,,,,,,,,20450814,,,,,,,,,,,,,,,,,,,
,,20330530,,,,,,,,,,,,,,20450815,,,,,,,,,,,,,,,,,,,
,,20330604,,,,,,,,,,,,,,20450818,,,,,,,,,,,,,,,,,,,
,,20330605,,,,,,,,,,,,,,20450825,,,,,,,,,,,,,,,,,,,
,,20330611,,,,,,,,,,,,,,20450901,,,,,,,,,,,,,,,,,,,
,,20330612,,,,,,,,,,,,,,20450908,,,,,,,,,,,,,,,,,,,
,,20330618,,,,,,,,,,,,,,20450915,,,,,,,,,,,,,,,,,,,
,,20330619,,,,,,,,,,,,,,20450922,,,,,,,,,,,,,,,,,,,
,,20330625,,,,,,,,,,,,,,20450929,,,,,,,,,,,,,,,,,,,
,,20330626,,,,,,,,,,,,,,20451006,,,,,,,,,,,,,,,,,,,
,,20330702,,,,,,,,,,,,,,20451013,,,,,,,,,,,,,,,,,,,
,,20330703,,,,,,,,,,,,,,20451019,,,,,,,,,,,,,,,,,,,
,,20330704,,,,,,,,,,,,,,20451020,,,,,,,,,,,,,,,,,,,
,,20330709,,,,,,,,,,,,,,20451023,,,,,,,,,,,,,,,,,,,
,,20330710,,,,,,,,,,,,,,20451027,,,,,,,,,,,,,,,,,,,
,,20330716,,,,,,,,,,,,,,20451103,,,,,,,,,,,,,,,,,,,
,,20330717,,,,,,,,,,,,,,20451110,,,,,,,,,,,,,,,,,,,
,,20330723,,,,,,,,,,,,,,20451117,,,,,,,,,,,,,,,,,,,
,,20330724,,,,,,,,,,,,,,20451124,,,,,,,,,,,,,,,,,,,
,,20330730,,,,,,,,,,,,,,20451201,,,,,,,,,,,,,,,,,,,
,,20330731,,,,,,,,,,,,,,20451208,,,,,,,,,,,,,,,,,,,
,,20330806,,,,,,,,,,,,,,20451215,,,,,,,,,,,,,,,,,,,
,,20330807,,,,,,,,,,,,,,20451222,,,,,,,,,,,,,,,,,,,
,,20330813,,,,,,,,,,,,,,20451229,,,,,,,,,,,,,,,,,,,
,,20330814,,,,,,,,,,,,,,20460105,,,,,,,,,,,,,,,,,,,
,,20330820,,,,,,,,,,,,,,20460112,,,,,,,,,,,,,,,,,,,
,,20330821,,,,,,,,,,,,,,20460119,,,,,,,,,,,,,,,,,,,
,,20330827,,,,,,,,,,,,,,20460126,,,,,,,,,,,,,,,,,,,
,,20330828,,,,,,,,,,,,,,20460202,,,,,,,,,,,,,,,,,,,
,,20330903,,,,,,,,,,,,,,20460209,,,,,,,,,,,,,,,,,,,
,,20330904,,,,,,,,,,,,,,20460216,,,,,,,,,,,,,,,,,,,
,,20330905,,,,,,,,,,,,,,20460223,,,,,,,,,,,,,,,,,,,
,,20330910,,,,,,,,,,,,,,20460302,,,,,,,,,,,,,,,,,,,
,,20330911,,,,,,,,,,,,,,20460309,,,,,,,,,,,,,,,,,,,
,,20330917,,,,,,,,,,,,,,20460316,,,,,,,,,,,,,,,,,,,
,,20330918,,,,,,,,,,,,,,20460323,,,,,,,,,,,,,,,,,,,
,,20330924,,,,,,,,,,,,,,20460330,,,,,,,,,,,,,,,,,,,
,,20330925,,,,,,,,,,,,,,20460406,,,,,,,,,,,,,,,,,,,
,,20331001,,,,,,,,,,,,,,20460413,,,,,,,,,,,,,,,,,,,
,,20331002,,,,,,,,,,,,,,20460420,,,,,,,,,,,,,,,,,,,
,,20331008,,,,,,,,,,,,,,20460427,,,,,,,,,,,,,,,,,,,
,,20331009,,,,,,,,,,,,,,20460504,,,,,,,,,,,,,,,,,,,
,,20331010,,,,,,,,,,,,,,20460511,,,,,,,,,,,,,,,,,,,
,,20331015,,,,,,,,,,,,,,20460518,,,,,,,,,,,,,,,,,,,
,,20331016,,,,,,,,,,,,,,20460525,,,,,,,,,,,,,,,,,,,
,,20331022,,,,,,,,,,,,,,20460601,,,,,,,,,,,,,,,,,,,
,,20331023,,,,,,,,,,,,,,20460608,,,,,,,,,,,,,,,,,,,
,,20331029,,,,,,,,,,,,,,20460615,,,,,,,,,,,,,,,,,,,
,,20331030,,,,,,,,,,,,,,20460622,,,,,,,,,,,,,,,,,,,
,,20331105,,,,,,,,,,,,,,20460629,,,,,,,,,,,,,,,,,,,
,,20331106,,,,,,,,,,,,,,20460706,,,,,,,,,,,,,,,,,,,
,,20331111,,,,,,,,,,,,,,20460713,,,,,,,,,,,,,,,,,,,
,,20331112,,,,,,,,,,,,,,20460720,,,,,,,,,,,,,,,,,,,
,,20331113,,,,,,,,,,,,,,20460727,,,,,,,,,,,,,,,,,,,
,,20331119,,,,,,,,,,,,,,20460802,,,,,,,,,,,,,,,,,,,
,,20331120,,,,,,,,,,,,,,20460803,,,,,,,,,,,,,,,,,,,
,,20331124,,,,,,,,,,,,,,20460806,,,,,,,,,,,,,,,,,,,
,,20331126,,,,,,,,,,,,,,20460810,,,,,,,,,,,,,,,,,,,
,,20331127,,,,,,,,,,,,,,20460817,,,,,,,,,,,,,,,,,,,
,,20331203,,,,,,,,,,,,,,20460824,,,,,,,,,,,,,,,,,,,
,,20331204,,,,,,,,,,,,,,20460831,,,,,,,,,,,,,,,,,,,
,,20331210,,,,,,,,,,,,,,20460907,,,,,,,,,,,,,,,,,,,
,,20331211,,,,,,,,,,,,,,20460914,,,,,,,,,,,,,,,,,,,
,,20331217,,,,,,,,,,,,,,20460921,,,,,,,,,,,,,,,,,,,
,,20331218,,,,,,,,,,,,,,20460928,,,,,,,,,,,,,,,,,,,
,,20331224,,,,,,,,,,,,,,20461005,,,,,,,,,,,,,,,,,,,
,,20331225,,,,,,,,,,,,,,20461009,,,,,,,,,,,,,,,,,,,
,,20331226,,,,,,,,,,,,,,20461010,,,,,,,,,,,,,,,,,,,
,,20331231,,,,,,,,,,,,,,20461011,,,,,,,,,,,,,,,,,,,
,,20340101,,,,,,,,,,,,,,20461012,,,,,,,,,,,,,,,,,,,
,,20340102,,,,,,,,,,,,,,20461019,,,,,,,,,,,,,,,,,,,
,,20340107,,,,,,,,,,,,,,20461026,,,,,,,,,,,,,,,,,,,
,,20340108,,,,,,,,,,,,,,20461102,,,,,,,,,,,,,,,,,,,
,,20340114,,,,,,,,,,,,,,20461109,,,,,,,,,,,,,,,,,,,
,,20340115,,,,,,,,,,,,,,20461116,,,,,,,,,,,,,,,,,,,
,,20340116,,,,,,,,,,,,,,20461123,,,,,,,,,,,,,,,,,,,
,,20340121,,,,,,,,,,,,,,20461130,,,,,,,,,,,,,,,,,,,
,,20340122,,,,,,,,,,,,,,20461207,,,,,,,,,,,,,,,,,,,
,,20340128,,,,,,,,,,,,,,20461214,,,,,,,,,,,,,,,,,,,
,,20340129,,,,,,,,,,,,,,20461221,,,,,,,,,,,,,,,,,,,
,,20340204,,,,,,,,,,,,,,20461228,,,,,,,,,,,,,,,,,,,
,,20340205,,,,,,,,,,,,,,20470104,,,,,,,,,,,,,,,,,,,
,,20340211,,,,,,,,,,,,,,20470111,,,,,,,,,,,,,,,,,,,
,,20340212,,,,,,,,,,,,,,20470118,,,,,,,,,,,,,,,,,,,
,,20340218,,,,,,,,,,,,,,20470125,,,,,,,,,,,,,,,,,,,
,,20340219,,,,,,,,,,,,,,20470201,,,,,,,,,,,,,,,,,,,
,,20340220,,,,,,,,,,,,,,20470208,,,,,,,,,,,,,,,,,,,
,,20340225,,,,,,,,,,,,,,20470215,,,,,,,,,,,,,,,,,,,
,,20340226,,,,,,,,,,,,,,20470222,,,,,,,,,,,,,,,,,,,
,,20340304,,,,,,,,,,,,,,20470301,,,,,,,,,,,,,,,,,,,
,,20340305,,,,,,,,,,,,,,20470308,,,,,,,,,,,,,,,,,,,
,,20340311,,,,,,,,,,,,,,20470315,,,,,,,,,,,,,,,,,,,
,,20340312,,,,,,,,,,,,,,20470322,,,,,,,,,,,,,,,,,,,
,,20340318,,,,,,,,,,,,,,20470329,,,,,,,,,,,,,,,,,,,
,,20340319,,,,,,,,,,,,,,20470405,,,,,,,,,,,,,,,,,,,
,,20340325,,,,,,,,,,,,,,20470412,,,,,,,,,,,,,,,,,,,
,,20340326,,,,,,,,,,,,,,20470419,,,,,,,,,,,,,,,,,,,
,,20340401,,,,,,,,,,,,,,20470426,,,,,,,,,,,,,,,,,,,
,,20340402,,,,,,,,,,,,,,20470503,,,,,,,,,,,,,,,,,,,
,,20340408,,,,,,,,,,,,,,20470510,,,,,,,,,,,,,,,,,,,
,,20340409,,,,,,,,,,,,,,20470517,,,,,,,,,,,,,,,,,,,
,,20340415,,,,,,,,,,,,,,20470524,,,,,,,,,,,,,,,,,,,
,,20340416,,,,,,,,,,,,,,20470531,,,,,,,,,,,,,,,,,,,
,,20340422,,,,,,,,,,,,,,20470607,,,,,,,,,,,,,,,,,,,
,,20340423,,,,,,,,,,,,,,20470614,,,,,,,,,,,,,,,,,,,
,,20340429,,,,,,,,,,,,,,20470621,,,,,,,,,,,,,,,,,,,
,,20340430,,,,,,,,,,,,,,20470628,,,,,,,,,,,,,,,,,,,
,,20340506,,,,,,,,,,,,,,20470705,,,,,,,,,,,,,,,,,,,
,,20340507,,,,,,,,,,,,,,20470712,,,,,,,,,,,,,,,,,,,
,,20340513,,,,,,,,,,,,,,20470719,,,,,,,,,,,,,,,,,,,
,,20340514,,,,,,,,,,,,,,20470723,,,,,,,,,,,,,,,,,,,
,,20340520,,,,,,,,,,,,,,20470724,,,,,,,,,,,,,,,,,,,
,,20340521,,,,,,,,,,,,,,20470725,,,,,,,,,,,,,,,,,,,
,,20340527,,,,,,,,,,,,,,20470726,,,,,,,,,,,,,,,,,,,
,,20340528,,,,,,,,,,,,,,20470802,,,,,,,,,,,,,,,,,,,
,,20340529,,,,,,,,,,,,,,20470809,,,,,,,,,,,,,,,,,,,
,,20340603,,,,,,,,,,,,,,20470816,,,,,,,,,,,,,,,,,,,
,,20340604,,,,,,,,,,,,,,20470823,,,,,,,,,,,,,,,,,,,
,,20340610,,,,,,,,,,,,,,20470830,,,,,,,,,,,,,,,,,,,
,,20340611,,,,,,,,,,,,,,20470906,,,,,,,,,,,,,,,,,,,
,,20340617,,,,,,,,,,,,,,20470913,,,,,,,,,,,,,,,,,,,
,,20340618,,,,,,,,,,,,,,20470920,,,,,,,,,,,,,,,,,,,
,,20340624,,,,,,,,,,,,,,20470923,,,,,,,,,,,,,,,,,,,
,,20340625,,,,,,,,,,,,,,20470927,,,,,,,,,,,,,,,,,,,
,,20340701,,,,,,,,,,,,,,20470930,,,,,,,,,,,,,,,,,,,
,,20340702,,,,,,,,,,,,,,20471001,,,,,,,,,,,,,,,,,,,
,,20340704,,,,,,,,,,,,,,20471004,,,,,,,,,,,,,,,,,,,
,,20340708,,,,,,,,,,,,,,20471011,,,,,,,,,,,,,,,,,,,
,,20340709,,,,,,,,,,,,,,20471018,,,,,,,,,,,,,,,,,,,
,,20340715,,,,,,,,,,,,,,20471025,,,,,,,,,,,,,,,,,,,
,,20340716,,,,,,,,,,,,,,20471101,,,,,,,,,,,,,,,,,,,
,,20340722,,,,,,,,,,,,,,20471108,,,,,,,,,,,,,,,,,,,
,,20340723,,,,,,,,,,,,,,20471115,,,,,,,,,,,,,,,,,,,
,,20340729,,,,,,,,,,,,,,20471122,,,,,,,,,,,,,,,,,,,
,,20340730,,,,,,,,,,,,,,20471129,,,,,,,,,,,,,,,,,,,
,,20340805,,,,,,,,,,,,,,20471206,,,,,,,,,,,,,,,,,,,
,,20340806,,,,,,,,,,,,,,20471213,,,,,,,,,,,,,,,,,,,
,,20340812,,,,,,,,,,,,,,20471220,,,,,,,,,,,,,,,,,,,
,,20340813,,,,,,,,,,,,,,20471227,,,,,,,,,,,,,,,,,,,
,,20340819,,,,,,,,,,,,,,20480103,,,,,,,,,,,,,,,,,,,
,,20340820,,,,,,,,,,,,,,20480110,,,,,,,,,,,,,,,,,,,
,,20340826,,,,,,,,,,,,,,20480117,,,,,,,,,,,,,,,,,,,
,,20340827,,,,,,,,,,,,,,20480124,,,,,,,,,,,,,,,,,,,
,,20340902,,,,,,,,,,,,,,20480131,,,,,,,,,,,,,,,,,,,
,,20340903,,,,,,,,,,,,,,20480207,,,,,,,,,,,,,,,,,,,
,,20340904,,,,,,,,,,,,,,20480214,,,,,,,,,,,,,,,,,,,
,,20340909,,,,,,,,,,,,,,20480221,,,,,,,,,,,,,,,,,,,
,,20340910,,,,,,,,,,,,,,20480228,,,,,,,,,,,,,,,,,,,
,,20340916,,,,,,,,,,,,,,20480306,,,,,,,,,,,,,,,,,,,
,,20340917,,,,,,,,,,,,,,20480313,,,,,,,,,,,,,,,,,,,
,,20340923,,,,,,,,,,,,,,20480320,,,,,,,,,,,,,,,,,,,
,,20340924,,,,,,,,,,,,,,20480327,,,,,,,,,,,,,,,,,,,
,,20340930,,,,,,,,,,,,,,20480403,,,,,,,,,,,,,,,,,,,
,,20341001,,,,,,,,,,,,,,20480410,,,,,,,,,,,,,,,,,,,
,,20341007,,,,,,,,,,,,,,20480417,,,,,,,,,,,,,,,,,,,
,,20341008,,,,,,,,,,,,,,20480424,,,,,,,,,,,,,,,,,,,
,,20341009,,,,,,,,,,,,,,20480501,,,,,,,,,,,,,,,,,,,
,,20341014,,,,,,,,,,,,,,20480508,,,,,,,,,,,,,,,,,,,
,,20341015,,,,,,,,,,,,,,20480515,,,,,,,,,,,,,,,,,,,
,,20341021,,,,,,,,,,,,,,20480522,,,,,,,,,,,,,,,,,,,
,,20341022,,,,,,,,,,,,,,20480529,,,,,,,,,,,,,,,,,,,
,,20341028,,,,,,,,,,,,,,20480605,,,,,,,,,,,,,,,,,,,
,,20341029,,,,,,,,,,,,,,20480612,,,,,,,,,,,,,,,,,,,
,,20341104,,,,,,,,,,,,,,20480619,,,,,,,,,,,,,,,,,,,
,,20341105,,,,,,,,,,,,,,20480626,,,,,,,,,,,,,,,,,,,
,,20341111,,,,,,,,,,,,,,20480703,,,,,,,,,,,,,,,,,,,
,,20341112,,,,,,,,,,,,,,20480709,,,,,,,,,,,,,,,,,,,
,,20341118,,,,,,,,,,,,,,20480710,,,,,,,,,,,,,,,,,,,
,,20341119,,,,,,,,,,,,,,20480713,,,,,,,,,,,,,,,,,,,
,,20341123,,,,,,,,,,,,,,20480717,,,,,,,,,,,,,,,,,,,
,,20341125,,,,,,,,,,,,,,20480724,,,,,,,,,,,,,,,,,,,
,,20341126,,,,,,,,,,,,,,20480731,,,,,,,,,,,,,,,,,,,
,,20341202,,,,,,,,,,,,,,20480807,,,,,,,,,,,,,,,,,,,
,,20341203,,,,,,,,,,,,,,20480814,,,,,,,,,,,,,,,,,,,
,,20341209,,,,,,,,,,,,,,20480821,,,,,,,,,,,,,,,,,,,
,,20341210,,,,,,,,,,,,,,20480828,,,,,,,,,,,,,,,,,,,
,,20341216,,,,,,,,,,,,,,20480904,,,,,,,,,,,,,,,,,,,
,,20341217,,,,,,,,,,,,,,20480911,,,,,,,,,,,,,,,,,,,
,,20341223,,,,,,,,,,,,,,20480917,,,,,,,,,,,,,,,,,,,
,,20341224,,,,,,,,,,,,,,20480918,,,,,,,,,,,,,,,,,,,
,,20341225,,,,,,,,,,,,,,20480921,,,,,,,,,,,,,,,,,,,
,,20341230,,,,,,,,,,,,,,20480923,,,,,,,,,,,,,,,,,,,
,,20341231,,,,,,,,,,,,,,20480925,,,,,,,,,,,,,,,,,,,
,,20350101,,,,,,,,,,,,,,20481002,,,,,,,,,,,,,,,,,,,
,,20350106,,,,,,,,,,,,,,20481009,,,,,,,,,,,,,,,,,,,
,,20350107,,,,,,,,,,,,,,20481016,,,,,,,,,,,,,,,,,,,
,,20350113,,,,,,,,,,,,,,20481023,,,,,,,,,,,,,,,,,,,
,,20350114,,,,,,,,,,,,,,20481030,,,,,,,,,,,,,,,,,,,
,,20350115,,,,,,,,,,,,,,20481106,,,,,,,,,,,,,,,,,,,
,,20350120,,,,,,,,,,,,,,20481113,,,,,,,,,,,,,,,,,,,
,,20350121,,,,,,,,,,,,,,20481120,,,,,,,,,,,,,,,,,,,
,,20350127,,,,,,,,,,,,,,20481127,,,,,,,,,,,,,,,,,,,
,,20350128,,,,,,,,,,,,,,20481204,,,,,,,,,,,,,,,,,,,
,,20350203,,,,,,,,,,,,,,20481211,,,,,,,,,,,,,,,,,,,
,,20350204,,,,,,,,,,,,,,20481218,,,,,,,,,,,,,,,,,,,
,,20350210,,,,,,,,,,,,,,20481225,,,,,,,,,,,,,,,,,,,
,,20350211,,,,,,,,,,,,,,20490101,,,,,,,,,,,,,,,,,,,
,,20350217,,,,,,,,,,,,,,20490108,,,,,,,,,,,,,,,,,,,
,,20350218,,,,,,,,,,,,,,20490115,,,,,,,,,,,,,,,,,,,
,,20350219,,,,,,,,,,,,,,20490122,,,,,,,,,,,,,,,,,,,
,,20350224,,,,,,,,,,,,,,20490129,,,,,,,,,,,,,,,,,,,
,,20350225,,,,,,,,,,,,,,20490205,,,,,,,,,,,,,,,,,,,
,,20350303,,,,,,,,,,,,,,20490212,,,,,,,,,,,,,,,,,,,
,,20350304,,,,,,,,,,,,,,20490219,,,,,,,,,,,,,,,,,,,
,,20350310,,,,,,,,,,,,,,20490226,,,,,,,,,,,,,,,,,,,
,,20350311,,,,,,,,,,,,,,20490305,,,,,,,,,,,,,,,,,,,
,,20350317,,,,,,,,,,,,,,20490312,,,,,,,,,,,,,,,,,,,
,,20350318,,,,,,,,,,,,,,20490319,,,,,,,,,,,,,,,,,,,
,,20350323,,,,,,,,,,,,,,20490326,,,,,,,,,,,,,,,,,,,
,,20350324,,,,,,,,,,,,,,20490402,,,,,,,,,,,,,,,,,,,
,,20350325,,,,,,,,,,,,,,20490409,,,,,,,,,,,,,,,,,,,
,,20350331,,,,,,,,,,,,,,20490416,,,,,,,,,,,,,,,,,,,
,,20350401,,,,,,,,,,,,,,20490423,,,,,,,,,,,,,,,,,,,
,,20350407,,,,,,,,,,,,,,20490430,,,,,,,,,,,,,,,,,,,
,,20350408,,,,,,,,,,,,,,20490507,,,,,,,,,,,,,,,,,,,
,,20350414,,,,,,,,,,,,,,20490514,,,,,,,,,,,,,,,,,,,
,,20350415,,,,,,,,,,,,,,20490521,,,,,,,,,,,,,,,,,,,
,,20350421,,,,,,,,,,,,,,20490528,,,,,,,,,,,,,,,,,,,
,,20350422,,,,,,,,,,,,,,20490604,,,,,,,,,,,,,,,,,,,
,,20350428,,,,,,,,,,,,,,20490611,,,,,,,,,,,,,,,,,,,
,,20350429,,,,,,,,,,,,,,20490618,,,,,,,,,,,,,,,,,,,
,,20350505,,,,,,,,,,,,,,20490625,,,,,,,,,,,,,,,,,,,
,,20350506,,,,,,,,,,,,,,20490630,,,,,,,,,,,,,,,,,,,
,,20350512,,,,,,,,,,,,,,20490701,,,,,,,,,,,,,,,,,,,
,,20350513,,,,,,,,,,,,,,20490702,,,,,,,,,,,,,,,,,,,
,,20350519,,,,,,,,,,,,,,20490709,,,,,,,,,,,,,,,,,,,
,,20350520,,,,,,,,,,,,,,20490716,,,,,,,,,,,,,,,,,,,
,,20350526,,,,,,,,,,,,,,20490723,,,,,,,,,,,,,,,,,,,
,,20350527,,,,,,,,,,,,,,20490730,,,,,,,,,,,,,,,,,,,
,,20350528,,,,,,,,,,,,,,20490806,,,,,,,,,,,,,,,,,,,
,,20350602,,,,,,,,,,,,,,20490813,,,,,,,,,,,,,,,,,,,
,,20350603,,,,,,,,,,,,,,20490820,,,,,,,,,,,,,,,,,,,
,,20350609,,,,,,,,,,,,,,20490827,,,,,,,,,,,,,,,,,,,
,,20350610,,,,,,,,,,,,,,20490903,,,,,,,,,,,,,,,,,,,
,,20350616,,,,,,,,,,,,,,20490907,,,,,,,,,,,,,,,,,,,
,,20350617,,,,,,,,,,,,,,20490908,,,,,,,,,,,,,,,,,,,
,,20350623,,,,,,,,,,,,,,20490909,,,,,,,,,,,,,,,,,,,
,,20350624,,,,,,,,,,,,,,20490910,,,,,,,,,,,,,,,,,,,
,,20350630,,,,,,,,,,,,,,20490917,,,,,,,,,,,,,,,,,,,
,,20350701,,,,,,,,,,,,,,20490923,,,,,,,,,,,,,,,,,,,
,,20350704,,,,,,,,,,,,,,20490924,,,,,,,,,,,,,,,,,,,
,,20350707,,,,,,,,,,,,,,20491001,,,,,,,,,,,,,,,,,,,
,,20350708,,,,,,,,,,,,,,20491008,,,,,,,,,,,,,,,,,,,
,,20350714,,,,,,,,,,,,,,20491015,,,,,,,,,,,,,,,,,,,
,,20350715,,,,,,,,,,,,,,20491022,,,,,,,,,,,,,,,,,,,
,,20350721,,,,,,,,,,,,,,20491029,,,,,,,,,,,,,,,,,,,
,,20350722,,,,,,,,,,,,,,20491105,,,,,,,,,,,,,,,,,,,
,,20350728,,,,,,,,,,,,,,20491112,,,,,,,,,,,,,,,,,,,
,,20350729,,,,,,,,,,,,,,20491119,,,,,,,,,,,,,,,,,,,
,,20350804,,,,,,,,,,,,,,20491126,,,,,,,,,,,,,,,,,,,
,,20350805,,,,,,,,,,,,,,20491203,,,,,,,,,,,,,,,,,,,
,,20350811,,,,,,,,,,,,,,20491210,,,,,,,,,,,,,,,,,,,
,,20350812,,,,,,,,,,,,,,20491217,,,,,,,,,,,,,,,,,,,
,,20350818,,,,,,,,,,,,,,20491224,,,,,,,,,,,,,,,,,,,
,,20350819,,,,,,,,,,,,,,20491231,,,,,,,,,,,,,,,,,,,
,,20350825,,,,,,,,,,,,,,20500107,,,,,,,,,,,,,,,,,,,
,,20350826,,,,,,,,,,,,,,20500114,,,,,,,,,,,,,,,,,,,
,,20350901,,,,,,,,,,,,,,20500121,,,,,,,,,,,,,,,,,,,
,,20350902,,,,,,,,,,,,,,20500128,,,,,,,,,,,,,,,,,,,
,,20350903,,,,,,,,,,,,,,20500204,,,,,,,,,,,,,,,,,,,
,,20350908,,,,,,,,,,,,,,20500211,,,,,,,,,,,,,,,,,,,
,,20350909,,,,,,,,,,,,,,20500218,,,,,,,,,,,,,,,,,,,
,,20350915,,,,,,,,,,,,,,20500225,,,,,,,,,,,,,,,,,,,
,,20350916,,,,,,,,,,,,,,20500304,,,,,,,,,,,,,,,,,,,
,,20350922,,,,,,,,,,,,,,20500311,,,,,,,,,,,,,,,,,,,
,,20350923,,,,,,,,,,,,,,20500318,,,,,,,,,,,,,,,,,,,
,,20350929,,,,,,,,,,,,,,20500325,,,,,,,,,,,,,,,,,,,
,,20350930,,,,,,,,,,,,,,20500401,,,,,,,,,,,,,,,,,,,
,,20351006,,,,,,,,,,,,,,20500408,,,,,,,,,,,,,,,,,,,
,,20351007,,,,,,,,,,,,,,20500415,,,,,,,,,,,,,,,,,,,
,,20351008,,,,,,,,,,,,,,20500422,,,,,,,,,,,,,,,,,,,
,,20351013,,,,,,,,,,,,,,20500429,,,,,,,,,,,,,,,,,,,
,,20351014,,,,,,,,,,,,,,20500506,,,,,,,,,,,,,,,,,,,
,,20351020,,,,,,,,,,,,,,20500513,,,,,,,,,,,,,,,,,,,
,,20351021,,,,,,,,,,,,,,20500520,,,,,,,,,,,,,,,,,,,
,,20351027,,,,,,,,,,,,,,20500527,,,,,,,,,,,,,,,,,,,
,,20351028,,,,,,,,,,,,,,20500603,,,,,,,,,,,,,,,,,,,
,,20351103,,,,,,,,,,,,,,20500610,,,,,,,,,,,,,,,,,,,
,,20351104,,,,,,,,,,,,,,20500617,,,,,,,,,,,,,,,,,,,
,,20351110,,,,,,,,,,,,,,20500620,,,,,,,,,,,,,,,,,,,
,,20351111,,,,,,,,,,,,,,20500621,,,,,,,,,,,,,,,,,,,
,,20351112,,,,,,,,,,,,,,20500624,,,,,,,,,,,,,,,,,,,
,,20351117,,,,,,,,,,,,,,20500701,,,,,,,,,,,,,,,,,,,
,,20351118,,,,,,,,,,,,,,20500708,,,,,,,,,,,,,,,,,,,
,,20351122,,,,,,,,,,,,,,20500715,,,,,,,,,,,,,,,,,,,
,,20351124,,,,,,,,,,,,,,20500722,,,,,,,,,,,,,,,,,,,
,,20351125,,,,,,,,,,,,,,20500729,,,,,,,,,,,,,,,,,,,
,,20351201,,,,,,,,,,,,,,20500805,,,,,,,,,,,,,,,,,,,
,,20351202,,,,,,,,,,,,,,20500812,,,,,,,,,,,,,,,,,,,
,,20351208,,,,,,,,,,,,,,20500819,,,,,,,,,,,,,,,,,,,
,,20351209,,,,,,,,,,,,,,20500825,,,,,,,,,,,,,,,,,,,
,,20351215,,,,,,,,,,,,,,20500826,,,,,,,,,,,,,,,,,,,
,,20351216,,,,,,,,,,,,,,20500829,,,,,,,,,,,,,,,,,,,
,,20351222,,,,,,,,,,,,,,20500902,,,,,,,,,,,,,,,,,,,
,,20351223,,,,,,,,,,,,,,20500909,,,,,,,,,,,,,,,,,,,
,,20351225,,,,,,,,,,,,,,20500916,,,,,,,,,,,,,,,,,,,
,,20351229,,,,,,,,,,,,,,20500922,,,,,,,,,,,,,,,,,,,
,,20351230,,,,,,,,,,,,,,20500923,,,,,,,,,,,,,,,,,,,
,,20360101,,,,,,,,,,,,,,20500930,,,,,,,,,,,,,,,,,,,
,,20360105,,,,,,,,,,,,,,20501007,,,,,,,,,,,,,,,,,,,
,,20360106,,,,,,,,,,,,,,20501014,,,,,,,,,,,,,,,,,,,
,,20360112,,,,,,,,,,,,,,20501021,,,,,,,,,,,,,,,,,,,
,,20360113,,,,,,,,,,,,,,20501028,,,,,,,,,,,,,,,,,,,
,,20360119,,,,,,,,,,,,,,20501104,,,,,,,,,,,,,,,,,,,
,,20360120,,,,,,,,,,,,,,20501111,,,,,,,,,,,,,,,,,,,
,,20360121,,,,,,,,,,,,,,20501118,,,,,,,,,,,,,,,,,,,
,,20360126,,,,,,,,,,,,,,20501125,,,,,,,,,,,,,,,,,,,
,,20360127,,,,,,,,,,,,,,20501202,,,,,,,,,,,,,,,,,,,
,,20360202,,,,,,,,,,,,,,20501209,,,,,,,,,,,,,,,,,,,
,,20360203,,,,,,,,,,,,,,20501216,,,,,,,,,,,,,,,,,,,
,,20360209,,,,,,,,,,,,,,20501223,,,,,,,,,,,,,,,,,,,
,,20360210,,,,,,,,,,,,,,20501230,,,,,,,,,,,,,,,,,,,
,,20360216,,,,,,,,,,,,,,20510106,,,,,,,,,,,,,,,,,,,
,,20360217,,,,,,,,,,,,,,20510113,,,,,,,,,,,,,,,,,,,
,,20360218,,,,,,,,,,,,,,20510120,,,,,,,,,,,,,,,,,,,
,,20360223,,,,,,,,,,,,,,20510127,,,,,,,,,,,,,,,,,,,
,,20360224,,,,,,,,,,,,,,20510203,,,,,,,,,,,,,,,,,,,
,,20360301,,,,,,,,,,,,,,20510210,,,,,,,,,,,,,,,,,,,
,,20360302,,,,,,,,,,,,,,20510217,,,,,,,,,,,,,,,,,,,
,,20360308,,,,,,,,,,,,,,20510224,,,,,,,,,,,,,,,,,,,
,,20360309,,,,,,,,,,,,,,20510303,,,,,,,,,,,,,,,,,,,
,,20360315,,,,,,,,,,,,,,20510310,,,,,,,,,,,,,,,,,,,
,,20360316,,,,,,,,,,,,,,20510317,,,,,,,,,,,,,,,,,,,
,,20360322,,,,,,,,,,,,,,20510324,,,,,,,,,,,,,,,,,,,
,,20360323,,,,,,,,,,,,,,20510331,,,,,,,,,,,,,,,,,,,
,,20360329,,,,,,,,,,,,,,20510407,,,,,,,,,,,,,,,,,,,
,,20360330,,,,,,,,,,,,,,20510414,,,,,,,,,,,,,,,,,,,
,,20360405,,,,,,,,,,,,,,20510421,,,,,,,,,,,,,,,,,,,
,,20360406,,,,,,,,,,,,,,20510428,,,,,,,,,,,,,,,,,,,
,,20360411,,,,,,,,,,,,,,20510505,,,,,,,,,,,,,,,,,,,
,,20360412,,,,,,,,,,,,,,20510512,,,,,,,,,,,,,,,,,,,
,,20360413,,,,,,,,,,,,,,20510519,,,,,,,,,,,,,,,,,,,
,,20360419,,,,,,,,,,,,,,20510526,,,,,,,,,,,,,,,,,,,
,,20360420,,,,,,,,,,,,,,20510602,,,,,,,,,,,,,,,,,,,
,,20360426,,,,,,,,,,,,,,20510608,,,,,,,,,,,,,,,,,,,
,,20360427,,,,,,,,,,,,,,20510609,,,,,,,,,,,,,,,,,,,
,,20360503,,,,,,,,,,,,,,20510612,,,,,,,,,,,,,,,,,,,
,,20360504,,,,,,,,,,,,,,20510616,,,,,,,,,,,,,,,,,,,
,,20360510,,,,,,,,,,,,,,20510623,,,,,,,,,,,,,,,,,,,
,,20360511,,,,,,,,,,,,,,20510630,,,,,,,,,,,,,,,,,,,
,,20360517,,,,,,,,,,,,,,20510707,,,,,,,,,,,,,,,,,,,
,,20360518,,,,,,,,,,,,,,20510714,,,,,,,,,,,,,,,,,,,
,,20360524,,,,,,,,,,,,,,20510721,,,,,,,,,,,,,,,,,,,
,,20360525,,,,,,,,,,,,,,20510728,,,,,,,,,,,,,,,,,,,
,,20360526,,,,,,,,,,,,,,20510804,,,,,,,,,,,,,,,,,,,
,,20360531,,,,,,,,,,,,,,20510811,,,,,,,,,,,,,,,,,,,
,,20360601,,,,,,,,,,,,,,20510816,,,,,,,,,,,,,,,,,,,
,,20360607,,,,,,,,,,,,,,20510817,,,,,,,,,,,,,,,,,,,
,,20360608,,,,,,,,,,,,,,20510818,,,,,,,,,,,,,,,,,,,
,,20360614,,,,,,,,,,,,,,20510825,,,,,,,,,,,,,,,,,,,
,,20360615,,,,,,,,,,,,,,20510901,,,,,,,,,,,,,,,,,,,
,,20360621,,,,,,,,,,,,,,20510908,,,,,,,,,,,,,,,,,,,
,,20360622,,,,,,,,,,,,,,20510915,,,,,,,,,,,,,,,,,,,
,,20360628,,,,,,,,,,,,,,20510922,,,,,,,,,,,,,,,,,,,
,,20360629,,,,,,,,,,,,,,20510929,,,,,,,,,,,,,,,,,,,
,,20360704,,,,,,,,,,,,,,20511006,,,,,,,,,,,,,,,,,,,
,,20360705,,,,,,,,,,,,,,20511013,,,,,,,,,,,,,,,,,,,
,,20360706,,,,,,,,,,,,,,20511020,,,,,,,,,,,,,,,,,,,
,,20360712,,,,,,,,,,,,,,20511027,,,,,,,,,,,,,,,,,,,
,,20360713,,,,,,,,,,,,,,20511103,,,,,,,,,,,,,,,,,,,
,,20360719,,,,,,,,,,,,,,20511110,,,,,,,,,,,,,,,,,,,
,,20360720,,,,,,,,,,,,,,20511117,,,,,,,,,,,,,,,,,,,
,,20360726,,,,,,,,,,,,,,20511124,,,,,,,,,,,,,,,,,,,
,,20360727,,,,,,,,,,,,,,20511201,,,,,,,,,,,,,,,,,,,
,,20360802,,,,,,,,,,,,,,20511208,,,,,,,,,,,,,,,,,,,
,,20360803,,,,,,,,,,,,,,20511215,,,,,,,,,,,,,,,,,,,
,,20360809,,,,,,,,,,,,,,20511222,,,,,,,,,,,,,,,,,,,
,,20360810,,,,,,,,,,,,,,20511229,,,,,,,,,,,,,,,,,,,
,,20360816,,,,,,,,,,,,,,20520105,,,,,,,,,,,,,,,,,,,
,,20360817,,,,,,,,,,,,,,20520112,,,,,,,,,,,,,,,,,,,
,,20360823,,,,,,,,,,,,,,20520119,,,,,,,,,,,,,,,,,,,
,,20360824,,,,,,,,,,,,,,20520126,,,,,,,,,,,,,,,,,,,
,,20360830,,,,,,,,,,,,,,20520202,,,,,,,,,,,,,,,,,,,
,,20360831,,,,,,,,,,,,,,20520209,,,,,,,,,,,,,,,,,,,
,,20360901,,,,,,,,,,,,,,20520216,,,,,,,,,,,,,,,,,,,
,,20360906,,,,,,,,,,,,,,20520223,,,,,,,,,,,,,,,,,,,
,,20360907,,,,,,,,,,,,,,20520301,,,,,,,,,,,,,,,,,,,
,,20360913,,,,,,,,,,,,,,20520308,,,,,,,,,,,,,,,,,,,
,,20360914,,,,,,,,,,,,,,20520315,,,,,,,,,,,,,,,,,,,
,,20360920,,,,,,,,,,,,,,20520322,,,,,,,,,,,,,,,,,,,
,,20360921,,,,,,,,,,,,,,20520329,,,,,,,,,,,,,,,,,,,
,,20360927,,,,,,,,,,,,,,20520405,,,,,,,,,,,,,,,,,,,
,,20360928,,,,,,,,,,,,,,20520412,,,,,,,,,,,,,,,,,,,
,,20361004,,,,,,,,,,,,,,20520419,,,,,,,,,,,,,,,,,,,
,,20361005,,,,,,,,,,,,,,20520426,,,,,,,,,,,,,,,,,,,
,,20361011,,,,,,,,,,,,,,20520503,,,,,,,,,,,,,,,,,,,
,,20361012,,,,,,,,,,,,,,20520510,,,,,,,,,,,,,,,,,,,
,,20361013,,,,,,,,,,,,,,20520517,,,,,,,,,,,,,,,,,,,
,,20361018,,,,,,,,,,,,,,20520524,,,,,,,,,,,,,,,,,,,
,,20361019,,,,,,,,,,,,,,20520528,,,,,,,,,,,,,,,,,,,
,,20361025,,,,,,,,,,,,,,20520529,,,,,,,,,,,,,,,,,,,
,,20361026,,,,,,,,,,,,,,20520530,,,,,,,,,,,,,,,,,,,
,,20361101,,,,,,,,,,,,,,20520531,,,,,,,,,,,,,,,,,,,
,,20361102,,,,,,,,,,,,,,20520607,,,,,,,,,,,,,,,,,,,
,,20361108,,,,,,,,,,,,,,20520614,,,,,,,,,,,,,,,,,,,
,,20361109,,,,,,,,,,,,,,20520621,,,,,,,,,,,,,,,,,,,
,,20361111,,,,,,,,,,,,,,20520628,,,,,,,,,,,,,,,,,,,
,,20361115,,,,,,,,,,,,,,20520705,,,,,,,,,,,,,,,,,,,
,,20361116,,,,,,,,,,,,,,20520712,,,,,,,,,,,,,,,,,,,
,,20361122,,,,,,,,,,,,,,20520719,,,,,,,,,,,,,,,,,,,
,,20361123,,,,,,,,,,,,,,20520726,,,,,,,,,,,,,,,,,,,
,,20361127,,,,,,,,,,,,,,20520802,,,,,,,,,,,,,,,,,,,
,,20361129,,,,,,,,,,,,,,20520805,,,,,,,,,,,,,,,,,,,
,,20361130,,,,,,,,,,,,,,20520806,,,,,,,,,,,,,,,,,,,
,,20361206,,,,,,,,,,,,,,20520809,,,,,,,,,,,,,,,,,,,
,,20361207,,,,,,,,,,,,,,20520816,,,,,,,,,,,,,,,,,,,
,,20361213,,,,,,,,,,,,,,20520823,,,,,,,,,,,,,,,,,,,
,,20361214,,,,,,,,,,,,,,20520830,,,,,,,,,,,,,,,,,,,
,,20361220,,,,,,,,,,,,,,20520906,,,,,,,,,,,,,,,,,,,
,,20361221,,,,,,,,,,,,,,20520913,,,,,,,,,,,,,,,,,,,
,,20361225,,,,,,,,,,,,,,20520920,,,,,,,,,,,,,,,,,,,
,,20361227,,,,,,,,,,,,,,20520923,,,,,,,,,,,,,,,,,,,
,,20361228,,,,,,,,,,,,,,20520927,,,,,,,,,,,,,,,,,,,
,,20370101,,,,,,,,,,,,,,20521004,,,,,,,,,,,,,,,,,,,
,,20370103,,,,,,,,,,,,,,20521011,,,,,,,,,,,,,,,,,,,
,,20370104,,,,,,,,,,,,,,20521018,,,,,,,,,,,,,,,,,,,
,,20370110,,,,,,,,,,,,,,20521025,,,,,,,,,,,,,,,,,,,
,,20370111,,,,,,,,,,,,,,20521101,,,,,,,,,,,,,,,,,,,
,,20370117,,,,,,,,,,,,,,20521108,,,,,,,,,,,,,,,,,,,
,,20370118,,,,,,,,,,,,,,20521115,,,,,,,,,,,,,,,,,,,
,,20370119,,,,,,,,,,,,,,20521122,,,,,,,,,,,,,,,,,,,
,,20370124,,,,,,,,,,,,,,20521129,,,,,,,,,,,,,,,,,,,
,,20370125,,,,,,,,,,,,,,20521206,,,,,,,,,,,,,,,,,,,
,,20370131,,,,,,,,,,,,,,20521213,,,,,,,,,,,,,,,,,,,
,,20370201,,,,,,,,,,,,,,20521220,,,,,,,,,,,,,,,,,,,
,,20370207,,,,,,,,,,,,,,20521227,,,,,,,,,,,,,,,,,,,
,,20370208,,,,,,,,,,,,,,20530103,,,,,,,,,,,,,,,,,,,
,,20370214,,,,,,,,,,,,,,20530110,,,,,,,,,,,,,,,,,,,
,,20370215,,,,,,,,,,,,,,20530117,,,,,,,,,,,,,,,,,,,
,,20370216,,,,,,,,,,,,,,20530124,,,,,,,,,,,,,,,,,,,
,,20370221,,,,,,,,,,,,,,20530131,,,,,,,,,,,,,,,,,,,
,,20370222,,,,,,,,,,,,,,20530207,,,,,,,,,,,,,,,,,,,
,,20370228,,,,,,,,,,,,,,20530214,,,,,,,,,,,,,,,,,,,
,,20370301,,,,,,,,,,,,,,20530221,,,,,,,,,,,,,,,,,,,
,,20370307,,,,,,,,,,,,,,20530228,,,,,,,,,,,,,,,,,,,
,,20370308,,,,,,,,,,,,,,20530307,,,,,,,,,,,,,,,,,,,
,,20370314,,,,,,,,,,,,,,20530314,,,,,,,,,,,,,,,,,,,
,,20370315,,,,,,,,,,,,,,20530321,,,,,,,,,,,,,,,,,,,
,,20370321,,,,,,,,,,,,,,20530328,,,,,,,,,,,,,,,,,,,
,,20370322,,,,,,,,,,,,,,20530404,,,,,,,,,,,,,,,,,,,
,,20370328,,,,,,,,,,,,,,20530411,,,,,,,,,,,,,,,,,,,
,,20370329,,,,,,,,,,,,,,20530418,,,,,,,,,,,,,,,,,,,
,,20370404,,,,,,,,,,,,,,20530425,,,,,,,,,,,,,,,,,,,
,,20370405,,,,,,,,,,,,,,20530502,,,,,,,,,,,,,,,,,,,
,,20370411,,,,,,,,,,,,,,20530509,,,,,,,,,,,,,,,,,,,
,,20370412,,,,,,,,,,,,,,20530516,,,,,,,,,,,,,,,,,,,
,,20370418,,,,,,,,,,,,,,20530519,,,,,,,,,,,,,,,,,,,
,,20370419,,,,,,,,,,,,,,20530520,,,,,,,,,,,,,,,,,,,
,,20370425,,,,,,,,,,,,,,20530523,,,,,,,,,,,,,,,,,,,
,,20370426,,,,,,,,,,,,,,20530530,,,,,,,,,,,,,,,,,,,
,,20370502,,,,,,,,,,,,,,20530606,,,,,,,,,,,,,,,,,,,
,,20370503,,,,,,,,,,,,,,20530613,,,,,,,,,,,,,,,,,,,
,,20370509,,,,,,,,,,,,,,20530620,,,,,,,,,,,,,,,,,,,
,,20370510,,,,,,,,,,,,,,20530627,,,,,,,,,,,,,,,,,,,
,,20370516,,,,,,,,,,,,,,20530704,,,,,,,,,,,,,,,,,,,
,,20370517,,,,,,,,,,,,,,20530711,,,,,,,,,,,,,,,,,,,
,,20370523,,,,,,,,,,,,,,20530718,,,,,,,,,,,,,,,,,,,
,,20370524,,,,,,,,,,,,,,20530724,,,,,,,,,,,,,,,,,,,
,,20370525,,,,,,,,,,,,,,20530725,,,,,,,,,,,,,,,,,,,
,,20370530,,,,,,,,,,,,,,20530728,,,,,,,,,,,,,,,,,,,
,,20370531,,,,,,,,,,,,,,20530801,,,,,,,,,,,,,,,,,,,
,,20370606,,,,,,,,,,,,,,20530808,,,,,,,,,,,,,,,,,,,
,,20370607,,,,,,,,,,,,,,20530815,,,,,,,,,,,,,,,,,,,
,,20370613,,,,,,,,,,,,,,20530822,,,,,,,,,,,,,,,,,,,
,,20370614,,,,,,,,,,,,,,20530829,,,,,,,,,,,,,,,,,,,
,,20370620,,,,,,,,,,,,,,20530905,,,,,,,,,,,,,,,,,,,
,,20370621,,,,,,,,,,,,,,20530912,,,,,,,,,,,,,,,,,,,
,,20370627,,,,,,,,,,,,,,20530919,,,,,,,,,,,,,,,,,,,
,,20370628,,,,,,,,,,,,,,20530923,,,,,,,,,,,,,,,,,,,
,,20370703,,,,,,,,,,,,,,20530926,,,,,,,,,,,,,,,,,,,
,,20370704,,,,,,,,,,,,,,20531003,,,,,,,,,,,,,,,,,,,
,,20370705,,,,,,,,,,,,,,20531010,,,,,,,,,,,,,,,,,,,
,,20370711,,,,,,,,,,,,,,20531017,,,,,,,,,,,,,,,,,,,
,,20370712,,,,,,,,,,,,,,20531024,,,,,,,,,,,,,,,,,,,
,,20370718,,,,,,,,,,,,,,20531031,,,,,,,,,,,,,,,,,,,
,,20370719,,,,,,,,,,,,,,20531107,,,,,,,,,,,,,,,,,,,
,,20370725,,,,,,,,,,,,,,20531114,,,,,,,,,,,,,,,,,,,
,,20370726,,,,,,,,,,,,,,20531121,,,,,,,,,,,,,,,,,,,
,,20370801,,,,,,,,,,,,,,20531128,,,,,,,,,,,,,,,,,,,
,,20370802,,,,,,,,,,,,,,20531205,,,,,,,,,,,,,,,,,,,
,,20370808,,,,,,,,,,,,,,20531212,,,,,,,,,,,,,,,,,,,
,,20370809,,,,,,,,,,,,,,20531219,,,,,,,,,,,,,,,,,,,
,,20370815,,,,,,,,,,,,,,20531226,,,,,,,,,,,,,,,,,,,
,,20370816,,,,,,,,,,,,,,20540102,,,,,,,,,,,,,,,,,,,
,,20370822,,,,,,,,,,,,,,20540109,,,,,,,,,,,,,,,,,,,
,,20370823,,,,,,,,,,,,,,20540116,,,,,,,,,,,,,,,,,,,
,,20370829,,,,,,,,,,,,,,20540123,,,,,,,,,,,,,,,,,,,
,,20370830,,,,,,,,,,,,,,20540130,,,,,,,,,,,,,,,,,,,
,,20370905,,,,,,,,,,,,,,20540206,,,,,,,,,,,,,,,,,,,
,,20370906,,,,,,,,,,,,,,20540213,,,,,,,,,,,,,,,,,,,
,,20370907,,,,,,,,,,,,,,20540220,,,,,,,,,,,,,,,,,,,
,,20370912,,,,,,,,,,,,,,20540227,,,,,,,,,,,,,,,,,,,
,,20370913,,,,,,,,,,,,,,20540306,,,,,,,,,,,,,,,,,,,
,,20370919,,,,,,,,,,,,,,20540313,,,,,,,,,,,,,,,,,,,
,,20370920,,,,,,,,,,,,,,20540320,,,,,,,,,,,,,,,,,,,
,,20370926,,,,,,,,,,,,,,20540327,,,,,,,,,,,,,,,,,,,
,,20370927,,,,,,,,,,,,,,20540403,,,,,,,,,,,,,,,,,,,
,,20371003,,,,,,,,,,,,,,20540410,,,,,,,,,,,,,,,,,,,
,,20371004,,,,,,,,,,,,,,20540417,,,,,,,,,,,,,,,,,,,
,,20371010,,,,,,,,,,,,,,20540424,,,,,,,,,,,,,,,,,,,
,,20371011,,,,,,,,,,,,,,20540501,,,,,,,,,,,,,,,,,,,
,,20371012,,,,,,,,,,,,,,20540507,,,,,,,,,,,,,,,,,,,
,,20371017,,,,,,,,,,,,,,20540508,,,,,,,,,,,,,,,,,,,
,,20371018,,,,,,,,,,,,,,20540511,,,,,,,,,,,,,,,,,,,
,,20371024,,,,,,,,,,,,,,20540515,,,,,,,,,,,,,,,,,,,
,,20371025,,,,,,,,,,,,,,20540522,,,,,,,,,,,,,,,,,,,
,,20371031,,,,,,,,,,,,,,20540529,,,,,,,,,,,,,,,,,,,
,,20371101,,,,,,,,,,,,,,20540605,,,,,,,,,,,,,,,,,,,
,,20371107,,,,,,,,,,,,,,20540612,,,,,,,,,,,,,,,,,,,
,,20371108,,,,,,,,,,,,,,20540619,,,,,,,,,,,,,,,,,,,
,,20371111,,,,,,,,,,,,,,20540626,,,,,,,,,,,,,,,,,,,
,,20371114,,,,,,,,,,,,,,20540703,,,,,,,,,,,,,,,,,,,
,,20371115,,,,,,,,,,,,,,20540710,,,,,,,,,,,,,,,,,,,
,,20371121,,,,,,,,,,,,,,20540714,,,,,,,,,,,,,,,,,,,
,,20371122,,,,,,,,,,,,,,20540715,,,,,,,,,,,,,,,,,,,
,,20371126,,,,,,,,,,,,,,20540716,,,,,,,,,,,,,,,,,,,
,,20371128,,,,,,,,,,,,,,20540717,,,,,,,,,,,,,,,,,,,
,,20371129,,,,,,,,,,,,,,20540724,,,,,,,,,,,,,,,,,,,
,,20371205,,,,,,,,,,,,,,20540731,,,,,,,,,,,,,,,,,,,
,,20371206,,,,,,,,,,,,,,20540807,,,,,,,,,,,,,,,,,,,
,,20371212,,,,,,,,,,,,,,20540814,,,,,,,,,,,,,,,,,,,
,,20371213,,,,,,,,,,,,,,20540821,,,,,,,,,,,,,,,,,,,
,,20371219,,,,,,,,,,,,,,20540828,,,,,,,,,,,,,,,,,,,
,,20371220,,,,,,,,,,,,,,20540904,,,,,,,,,,,,,,,,,,,
,,20371225,,,,,,,,,,,,,,20540911,,,,,,,,,,,,,,,,,,,
,,20371226,,,,,,,,,,,,,,20540918,,,,,,,,,,,,,,,,,,,
,,20371227,,,,,,,,,,,,,,20540923,,,,,,,,,,,,,,,,,,,
,,20380101,,,,,,,,,,,,,,20540925,,,,,,,,,,,,,,,,,,,
,,20380102,,,,,,,,,,,,,,20541002,,,,,,,,,,,,,,,,,,,
,,20380103,,,,,,,,,,,,,,20541009,,,,,,,,,,,,,,,,,,,
,,20380109,,,,,,,,,,,,,,20541016,,,,,,,,,,,,,,,,,,,
,,20380110,,,,,,,,,,,,,,20541023,,,,,,,,,,,,,,,,,,,
,,20380116,,,,,,,,,,,,,,20541030,,,,,,,,,,,,,,,,,,,
,,20380117,,,,,,,,,,,,,,20541106,,,,,,,,,,,,,,,,,,,
,,20380118,,,,,,,,,,,,,,20541113,,,,,,,,,,,,,,,,,,,
,,20380123,,,,,,,,,,,,,,20541120,,,,,,,,,,,,,,,,,,,
,,20380124,,,,,,,,,,,,,,20541127,,,,,,,,,,,,,,,,,,,
,,20380130,,,,,,,,,,,,,,20541204,,,,,,,,,,,,,,,,,,,
,,20380131,,,,,,,,,,,,,,20541211,,,,,,,,,,,,,,,,,,,
,,20380206,,,,,,,,,,,,,,20541218,,,,,,,,,,,,,,,,,,,
,,20380207,,,,,,,,,,,,,,20541225,,,,,,,,,,,,,,,,,,,
,,20380213,,,,,,,,,,,,,,20550101,,,,,,,,,,,,,,,,,,,
,,20380214,,,,,,,,,,,,,,20550108,,,,,,,,,,,,,,,,,,,
,,20380215,,,,,,,,,,,,,,20550115,,,,,,,,,,,,,,,,,,,
,,20380220,,,,,,,,,,,,,,20550122,,,,,,,,,,,,,,,,,,,
,,20380221,,,,,,,,,,,,,,20550129,,,,,,,,,,,,,,,,,,,
,,20380227,,,,,,,,,,,,,,20550205,,,,,,,,,,,,,,,,,,,
,,20380228,,,,,,,,,,,,,,20550212,,,,,,,,,,,,,,,,,,,
,,20380306,,,,,,,,,,,,,,20550219,,,,,,,,,,,,,,,,,,,
,,20380307,,,,,,,,,,,,,,20550226,,,,,,,,,,,,,,,,,,,
,,20380313,,,,,,,,,,,,,,20550305,,,,,,,,,,,,,,,,,,,
,,20380314,,,,,,,,,,,,,,20550312,,,,,,,,,,,,,,,,,,,
,,20380320,,,,,,,,,,,,,,20550319,,,,,,,,,,,,,,,,,,,
,,20380321,,,,,,,,,,,,,,20550326,,,,,,,,,,,,,,,,,,,
,,20380327,,,,,,,,,,,,,,20550402,,,,,,,,,,,,,,,,,,,
,,20380328,,,,,,,,,,,,,,20550409,,,,,,,,,,,,,,,,,,,
,,20380403,,,,,,,,,,,,,,20550416,,,,,,,,,,,,,,,,,,,
,,20380404,,,,,,,,,,,,,,20550423,,,,,,,,,,,,,,,,,,,
,,20380410,,,,,,,,,,,,,,20550427,,,,,,,,,,,,,,,,,,,
,,20380411,,,,,,,,,,,,,,20550428,,,,,,,,,,,,,,,,,,,
,,20380417,,,,,,,,,,,,,,20550429,,,,,,,,,,,,,,,,,,,
,,20380418,,,,,,,,,,,,,,20550430,,,,,,,,,,,,,,,,,,,
,,20380423,,,,,,,,,,,,,,20550507,,,,,,,,,,,,,,,,,,,
,,20380424,,,,,,,,,,,,,,20550514,,,,,,,,,,,,,,,,,,,
,,20380425,,,,,,,,,,,,,,20550521,,,,,,,,,,,,,,,,,,,
,,20380501,,,,,,,,,,,,,,20550528,,,,,,,,,,,,,,,,,,,
,,20380502,,,,,,,,,,,,,,20550604,,,,,,,,,,,,,,,,,,,
,,20380508,,,,,,,,,,,,,,20550611,,,,,,,,,,,,,,,,,,,
,,20380509,,,,,,,,,,,,,,20550618,,,,,,,,,,,,,,,,,,,
,,20380515,,,,,,,,,,,,,,20550625,,,,,,,,,,,,,,,,,,,
,,20380516,,,,,,,,,,,,,,20550702,,,,,,,,,,,,,,,,,,,
,,20380522,,,,,,,,,,,,,,20550705,,,,,,,,,,,,,,,,,,,
,,20380523,,,,,,,,,,,,,,20550706,,,,,,,,,,,,,,,,,,,
,,20380529,,,,,,,,,,,,,,20550709,,,,,,,,,,,,,,,,,,,
,,20380530,,,,,,,,,,,,,,20550716,,,,,,,,,,,,,,,,,,,
,,20380531,,,,,,,,,,,,,,20550723,,,,,,,,,,,,,,,,,,,
,,20380605,,,,,,,,,,,,,,20550730,,,,,,,,,,,,,,,,,,,
,,20380606,,,,,,,,,,,,,,20550806,,,,,,,,,,,,,,,,,,,
,,20380612,,,,,,,,,,,,,,20550813,,,,,,,,,,,,,,,,,,,
,,20380613,,,,,,,,,,,,,,20550820,,,,,,,,,,,,,,,,,,,
,,20380619,,,,,,,,,,,,,,20550827,,,,,,,,,,,,,,,,,,,
,,20380620,,,,,,,,,,,,,,20550903,,,,,,,,,,,,,,,,,,,
,,20380626,,,,,,,,,,,,,,20550910,,,,,,,,,,,,,,,,,,,
,,20380627,,,,,,,,,,,,,,20550917,,,,,,,,,,,,,,,,,,,
,,20380703,,,,,,,,,,,,,,20550923,,,,,,,,,,,,,,,,,,,
,,20380704,,,,,,,,,,,,,,20550924,,,,,,,,,,,,,,,,,,,
,,20380705,,,,,,,,,,,,,,20551001,,,,,,,,,,,,,,,,,,,
,,20380710,,,,,,,,,,,,,,20551008,,,,,,,,,,,,,,,,,,,
,,20380711,,,,,,,,,,,,,,20551015,,,,,,,,,,,,,,,,,,,
,,20380717,,,,,,,,,,,,,,20551022,,,,,,,,,,,,,,,,,,,
,,20380718,,,,,,,,,,,,,,20551029,,,,,,,,,,,,,,,,,,,
,,20380724,,,,,,,,,,,,,,20551105,,,,,,,,,,,,,,,,,,,
,,20380725,,,,,,,,,,,,,,20551112,,,,,,,,,,,,,,,,,,,
,,20380731,,,,,,,,,,,,,,20551119,,,,,,,,,,,,,,,,,,,
,,20380801,,,,,,,,,,,,,,20551126,,,,,,,,,,,,,,,,,,,
,,20380807,,,,,,,,,,,,,,20551203,,,,,,,,,,,,,,,,,,,
,,20380808,,,,,,,,,,,,,,20551210,,,,,,,,,,,,,,,,,,,
,,20380814,,,,,,,,,,,,,,20551217,,,,,,,,,,,,,,,,,,,
,,20380815,,,,,,,,,,,,,,20551224,,,,,,,,,,,,,,,,,,,
,,20380821,,,,,,,,,,,,,,20551231,,,,,,,,,,,,,,,,,,,
,,20380822,,,,,,,,,,,,,,20560107,,,,,,,,,,,,,,,,,,,
,,20380828,,,,,,,,,,,,,,20560114,,,,,,,,,,,,,,,,,,,
,,20380829,,,,,,,,,,,,,,20560121,,,,,,,,,,,,,,,,,,,
,,20380904,,,,,,,,,,,,,,20560128,,,,,,,,,,,,,,,,,,,
,,20380905,,,,,,,,,,,,,,20560204,,,,,,,,,,,,,,,,,,,
,,20380906,,,,,,,,,,,,,,20560211,,,,,,,,,,,,,,,,,,,
,,20380911,,,,,,,,,,,,,,20560218,,,,,,,,,,,,,,,,,,,
,,20380912,,,,,,,,,,,,,,20560225,,,,,,,,,,,,,,,,,,,
,,20380918,,,,,,,,,,,,,,20560303,,,,,,,,,,,,,,,,,,,
,,20380919,,,,,,,,,,,,,,20560310,,,,,,,,,,,,,,,,,,,
,,20380925,,,,,,,,,,,,,,20560317,,,,,,,,,,,,,,,,,,,
,,20380926,,,,,,,,,,,,,,20560324,,,,,,,,,,,,,,,,,,,
,,20381002,,,,,,,,,,,,,,20560331,,,,,,,,,,,,,,,,,,,
,,20381003,,,,,,,,,,,,,,20560407,,,,,,,,,,,,,,,,,,,
,,20381009,,,,,,,,,,,,,,20560413,,,,,,,,,,,,,,,,,,,
,,20381010,,,,,,,,,,,,,,20560414,,,,,,,,,,,,,,,,,,,
,,20381011,,,,,,,,,,,,,,20560417,,,,,,,,,,,,,,,,,,,
,,20381016,,,,,,,,,,,,,,20560421,,,,,,,,,,,,,,,,,,,
,,20381017,,,,,,,,,,,,,,20560428,,,,,,,,,,,,,,,,,,,
,,20381023,,,,,,,,,,,,,,20560505,,,,,,,,,,,,,,,,,,,
,,20381024,,,,,,,,,,,,,,20560512,,,,,,,,,,,,,,,,,,,
,,20381030,,,,,,,,,,,,,,20560519,,,,,,,,,,,,,,,,,,,
,,20381031,,,,,,,,,,,,,,20560526,,,,,,,,,,,,,,,,,,,
,,20381106,,,,,,,,,,,,,,20560602,,,,,,,,,,,,,,,,,,,
,,20381107,,,,,,,,,,,,,,20560609,,,,,,,,,,,,,,,,,,,
,,20381111,,,,,,,,,,,,,,20560616,,,,,,,,,,,,,,,,,,,
,,20381113,,,,,,,,,,,,,,20560622,,,,,,,,,,,,,,,,,,,
,,20381114,,,,,,,,,,,,,,20560623,,,,,,,,,,,,,,,,,,,
,,20381120,,,,,,,,,,,,,,20560626,,,,,,,,,,,,,,,,,,,
,,20381121,,,,,,,,,,,,,,20560630,,,,,,,,,,,,,,,,,,,
,,20381125,,,,,,,,,,,,,,20560707,,,,,,,,,,,,,,,,,,,
,,20381127,,,,,,,,,,,,,,20560714,,,,,,,,,,,,,,,,,,,
,,20381128,,,,,,,,,,,,,,20560721,,,,,,,,,,,,,,,,,,,
,,20381204,,,,,,,,,,,,,,20560728,,,,,,,,,,,,,,,,,,,
,,20381205,,,,,,,,,,,,,,20560804,,,,,,,,,,,,,,,,,,,
,,20381211,,,,,,,,,,,,,,20560811,,,,,,,,,,,,,,,,,,,
,,20381212,,,,,,,,,,,,,,20560818,,,,,,,,,,,,,,,,,,,
,,20381218,,,,,,,,,,,,,,20560825,,,,,,,,,,,,,,,,,,,
,,20381219,,,,,,,,,,,,,,20560901,,,,,,,,,,,,,,,,,,,
,,20381224,,,,,,,,,,,,,,20560908,,,,,,,,,,,,,,,,,,,
,,20381225,,,,,,,,,,,,,,20560915,,,,,,,,,,,,,,,,,,,
,,20381226,,,,,,,,,,,,,,20560922,,,,,,,,,,,,,,,,,,,
,,20390101,,,,,,,,,,,,,,20560929,,,,,,,,,,,,,,,,,,,
,,20390102,,,,,,,,,,,,,,20561006,,,,,,,,,,,,,,,,,,,
,,20390108,,,,,,,,,,,,,,20561013,,,,,,,,,,,,,,,,,,,
,,20390109,,,,,,,,,,,,,,20561020,,,,,,,,,,,,,,,,,,,
,,20390115,,,,,,,,,,,,,,20561027,,,,,,,,,,,,,,,,,,,
,,20390116,,,,,,,,,,,,,,20561103,,,,,,,,,,,,,,,,,,,
,,20390117,,,,,,,,,,,,,,20561110,,,,,,,,,,,,,,,,,,,
,,20390122,,,,,,,,,,,,,,20561117,,,,,,,,,,,,,,,,,,,
,,20390123,,,,,,,,,,,,,,20561124,,,,,,,,,,,,,,,,,,,
,,20390129,,,,,,,,,,,,,,20561201,,,,,,,,,,,,,,,,,,,
,,20390130,,,,,,,,,,,,,,20561208,,,,,,,,,,,,,,,,,,,
,,20390205,,,,,,,,,,,,,,20561215,,,,,,,,,,,,,,,,,,,
,,20390206,,,,,,,,,,,,,,20561222,,,,,,,,,,,,,,,,,,,
,,20390212,,,,,,,,,,,,,,20561229,,,,,,,,,,,,,,,,,,,
,,20390213,,,,,,,,,,,,,,20570105,,,,,,,,,,,,,,,,,,,
,,20390219,,,,,,,,,,,,,,20570112,,,,,,,,,,,,,,,,,,,
,,20390220,,,,,,,,,,,,,,20570119,,,,,,,,,,,,,,,,,,,
,,20390221,,,,,,,,,,,,,,20570126,,,,,,,,,,,,,,,,,,,
,,20390226,,,,,,,,,,,,,,20570202,,,,,,,,,,,,,,,,,,,
,,20390227,,,,,,,,,,,,,,20570209,,,,,,,,,,,,,,,,,,,
,,20390305,,,,,,,,,,,,,,20570216,,,,,,,,,,,,,,,,,,,
,,20390306,,,,,,,,,,,,,,20570223,,,,,,,,,,,,,,,,,,,
,,20390312,,,,,,,,,,,,,,20570302,,,,,,,,,,,,,,,,,,,
,,20390313,,,,,,,,,,,,,,20570309,,,,,,,,,,,,,,,,,,,
,,20390319,,,,,,,,,,,,,,20570316,,,,,,,,,,,,,,,,,,,
,,20390320,,,,,,,,,,,,,,20570323,,,,,,,,,,,,,,,,,,,
,,20390326,,,,,,,,,,,,,,20570330,,,,,,,,,,,,,,,,,,,
,,20390327,,,,,,,,,,,,,,20570404,,,,,,,,,,,,,,,,,,,
,,20390402,,,,,,,,,,,,,,20570405,,,,,,,,,,,,,,,,,,,
,,20390403,,,,,,,,,,,,,,20570406,,,,,,,,,,,,,,,,,,,
,,20390408,,,,,,,,,,,,,,20570413,,,,,,,,,,,,,,,,,,,
,,20390409,,,,,,,,,,,,,,20570420,,,,,,,,,,,,,,,,,,,
,,20390410,,,,,,,,,,,,,,20570427,,,,,,,,,,,,,,,,,,,
,,20390416,,,,,,,,,,,,,,20570504,,,,,,,,,,,,,,,,,,,
,,20390417,,,,,,,,,,,,,,20570511,,,,,,,,,,,,,,,,,,,
,,20390423,,,,,,,,,,,,,,20570518,,,,,,,,,,,,,,,,,,,
,,20390424,,,,,,,,,,,,,,20570525,,,,,,,,,,,,,,,,,,,
,,20390430,,,,,,,,,,,,,,20570601,,,,,,,,,,,,,,,,,,,
,,20390501,,,,,,,,,,,,,,20570608,,,,,,,,,,,,,,,,,,,
,,20390507,,,,,,,,,,,,,,20570611,,,,,,,,,,,,,,,,,,,
,,20390508,,,,,,,,,,,,,,20570612,,,,,,,,,,,,,,,,,,,
,,20390514,,,,,,,,,,,,,,20570613,,,,,,,,,,,,,,,,,,,
,,20390515,,,,,,,,,,,,,,20570615,,,,,,,,,,,,,,,,,,,
,,20390521,,,,,,,,,,,,,,20570622,,,,,,,,,,,,,,,,,,,
,,20390522,,,,,,,,,,,,,,20570629,,,,,,,,,,,,,,,,,,,
,,20390528,,,,,,,,,,,,,,20570706,,,,,,,,,,,,,,,,,,,
,,20390529,,,,,,,,,,,,,,20570713,,,,,,,,,,,,,,,,,,,
,,20390530,,,,,,,,,,,,,,20570720,,,,,,,,,,,,,,,,,,,
,,20390604,,,,,,,,,,,,,,20570727,,,,,,,,,,,,,,,,,,,
,,20390605,,,,,,,,,,,,,,20570803,,,,,,,,,,,,,,,,,,,
,,20390611,,,,,,,,,,,,,,20570810,,,,,,,,,,,,,,,,,,,
,,20390612,,,,,,,,,,,,,,20570817,,,,,,,,,,,,,,,,,,,
,,20390618,,,,,,,,,,,,,,20570824,,,,,,,,,,,,,,,,,,,
,,20390619,,,,,,,,,,,,,,20570831,,,,,,,,,,,,,,,,,,,
,,20390625,,,,,,,,,,,,,,20570907,,,,,,,,,,,,,,,,,,,
,,20390626,,,,,,,,,,,,,,20570914,,,,,,,,,,,,,,,,,,,
,,20390702,,,,,,,,,,,,,,20570921,,,,,,,,,,,,,,,,,,,
,,20390703,,,,,,,,,,,,,,20570928,,,,,,,,,,,,,,,,,,,
,,20390704,,,,,,,,,,,,,,20571005,,,,,,,,,,,,,,,,,,,
,,20390709,,,,,,,,,,,,,,20571012,,,,,,,,,,,,,,,,,,,
,,20390710,,,,,,,,,,,,,,20571019,,,,,,,,,,,,,,,,,,,
,,20390716,,,,,,,,,,,,,,20571026,,,,,,,,,,,,,,,,,,,
,,20390717,,,,,,,,,,,,,,20571102,,,,,,,,,,,,,,,,,,,
,,20390723,,,,,,,,,,,,,,20571109,,,,,,,,,,,,,,,,,,,
,,20390724,,,,,,,,,,,,,,20571116,,,,,,,,,,,,,,,,,,,
,,20390730,,,,,,,,,,,,,,20571123,,,,,,,,,,,,,,,,,,,
,,20390731,,,,,,,,,,,,,,20571130,,,,,,,,,,,,,,,,,,,
,,20390806,,,,,,,,,,,,,,20571207,,,,,,,,,,,,,,,,,,,
,,20390807,,,,,,,,,,,,,,20571214,,,,,,,,,,,,,,,,,,,
,,20390813,,,,,,,,,,,,,,20571221,,,,,,,,,,,,,,,,,,,
,,20390814,,,,,,,,,,,,,,20571228,,,,,,,,,,,,,,,,,,,
,,20390820,,,,,,,,,,,,,,20580104,,,,,,,,,,,,,,,,,,,
,,20390821,,,,,,,,,,,,,,20580111,,,,,,,,,,,,,,,,,,,
,,20390827,,,,,,,,,,,,,,20580118,,,,,,,,,,,,,,,,,,,
,,20390828,,,,,,,,,,,,,,20580125,,,,,,,,,,,,,,,,,,,
,,20390903,,,,,,,,,,,,,,20580201,,,,,,,,,,,,,,,,,,,
,,20390904,,,,,,,,,,,,,,20580208,,,,,,,,,,,,,,,,,,,
,,20390905,,,,,,,,,,,,,,20580215,,,,,,,,,,,,,,,,,,,
,,20390910,,,,,,,,,,,,,,20580222,,,,,,,,,,,,,,,,,,,
,,20390911,,,,,,,,,,,,,,20580301,,,,,,,,,,,,,,,,,,,
,,20390917,,,,,,,,,,,,,,20580308,,,,,,,,,,,,,,,,,,,
,,20390918,,,,,,,,,,,,,,20580315,,,,,,,,,,,,,,,,,,,
,,20390924,,,,,,,,,,,,,,20580322,,,,,,,,,,,,,,,,,,,
,,20390925,,,,,,,,,,,,,,20580325,,,,,,,,,,,,,,,,,,,
,,20391001,,,,,,,,,,,,,,20580326,,,,,,,,,,,,,,,,,,,
,,20391002,,,,,,,,,,,,,,20580329,,,,,,,,,,,,,,,,,,,
,,20391008,,,,,,,,,,,,,,20580405,,,,,,,,,,,,,,,,,,,
,,20391009,,,,,,,,,,,,,,20580412,,,,,,,,,,,,,,,,,,,
,,20391010,,,,,,,,,,,,,,20580419,,,,,,,,,,,,,,,,,,,
,,20391015,,,,,,,,,,,,,,20580426,,,,,,,,,,,,,,,,,,,
,,20391016,,,,,,,,,,,,,,20580503,,,,,,,,,,,,,,,,,,,
,,20391022,,,,,,,,,,,,,,20580510,,,,,,,,,,,,,,,,,,,
,,20391023,,,,,,,,,,,,,,20580517,,,,,,,,,,,,,,,,,,,
,,20391029,,,,,,,,,,,,,,20580524,,,,,,,,,,,,,,,,,,,
,,20391030,,,,,,,,,,,,,,20580530,,,,,,,,,,,,,,,,,,,
,,20391105,,,,,,,,,,,,,,20580531,,,,,,,,,,,,,,,,,,,
,,20391106,,,,,,,,,,,,,,20580603,,,,,,,,,,,,,,,,,,,
,,20391111,,,,,,,,,,,,,,20580607,,,,,,,,,,,,,,,,,,,
,,20391112,,,,,,,,,,,,,,20580614,,,,,,,,,,,,,,,,,,,
,,20391113,,,,,,,,,,,,,,20580621,,,,,,,,,,,,,,,,,,,
,,20391119,,,,,,,,,,,,,,20580628,,,,,,,,,,,,,,,,,,,
,,20391120,,,,,,,,,,,,,,20580705,,,,,,,,,,,,,,,,,,,
,,20391124,,,,,,,,,,,,,,20580712,,,,,,,,,,,,,,,,,,,
,,20391126,,,,,,,,,,,,,,20580719,,,,,,,,,,,,,,,,,,,
,,20391127,,,,,,,,,,,,,,20580726,,,,,,,,,,,,,,,,,,,
,,20391203,,,,,,,,,,,,,,20580802,,,,,,,,,,,,,,,,,,,
,,20391204,,,,,,,,,,,,,,20580809,,,,,,,,,,,,,,,,,,,
,,20391210,,,,,,,,,,,,,,20580816,,,,,,,,,,,,,,,,,,,
,,20391211,,,,,,,,,,,,,,20580823,,,,,,,,,,,,,,,,,,,
,,20391217,,,,,,,,,,,,,,20580830,,,,,,,,,,,,,,,,,,,
,,20391218,,,,,,,,,,,,,,20580906,,,,,,,,,,,,,,,,,,,
,,20391224,,,,,,,,,,,,,,20580913,,,,,,,,,,,,,,,,,,,
,,20391225,,,,,,,,,,,,,,20580920,,,,,,,,,,,,,,,,,,,
,,20391226,,,,,,,,,,,,,,20580923,,,,,,,,,,,,,,,,,,,
,,20391231,,,,,,,,,,,,,,20580927,,,,,,,,,,,,,,,,,,,
,,20400101,,,,,,,,,,,,,,20581004,,,,,,,,,,,,,,,,,,,
,,20400102,,,,,,,,,,,,,,20581011,,,,,,,,,,,,,,,,,,,
,,20400107,,,,,,,,,,,,,,20581018,,,,,,,,,,,,,,,,,,,
,,20400108,,,,,,,,,,,,,,20581025,,,,,,,,,,,,,,,,,,,
,,20400114,,,,,,,,,,,,,,20581101,,,,,,,,,,,,,,,,,,,
,,20400115,,,,,,,,,,,,,,20581108,,,,,,,,,,,,,,,,,,,
,,20400116,,,,,,,,,,,,,,20581115,,,,,,,,,,,,,,,,,,,
,,20400121,,,,,,,,,,,,,,20581122,,,,,,,,,,,,,,,,,,,
,,20400122,,,,,,,,,,,,,,20581129,,,,,,,,,,,,,,,,,,,
,,20400128,,,,,,,,,,,,,,20581206,,,,,,,,,,,,,,,,,,,
,,20400129,,,,,,,,,,,,,,20581213,,,,,,,,,,,,,,,,,,,
,,20400204,,,,,,,,,,,,,,20581220,,,,,,,,,,,,,,,,,,,
,,20400205,,,,,,,,,,,,,,20581227,,,,,,,,,,,,,,,,,,,
,,20400211,,,,,,,,,,,,,,20590103,,,,,,,,,,,,,,,,,,,
,,20400212,,,,,,,,,,,,,,20590110,,,,,,,,,,,,,,,,,,,
,,20400218,,,,,,,,,,,,,,20590117,,,,,,,,,,,,,,,,,,,
,,20400219,,,,,,,,,,,,,,20590124,,,,,,,,,,,,,,,,,,,
,,20400220,,,,,,,,,,,,,,20590131,,,,,,,,,,,,,,,,,,,
,,20400225,,,,,,,,,,,,,,20590207,,,,,,,,,,,,,,,,,,,
,,20400226,,,,,,,,,,,,,,20590214,,,,,,,,,,,,,,,,,,,
,,20400303,,,,,,,,,,,,,,20590221,,,,,,,,,,,,,,,,,,,
,,20400304,,,,,,,,,,,,,,20590228,,,,,,,,,,,,,,,,,,,
,,20400310,,,,,,,,,,,,,,20590307,,,,,,,,,,,,,,,,,,,
,,20400311,,,,,,,,,,,,,,20590313,,,,,,,,,,,,,,,,,,,
,,20400317,,,,,,,,,,,,,,20590314,,,,,,,,,,,,,,,,,,,
,,20400318,,,,,,,,,,,,,,20590317,,,,,,,,,,,,,,,,,,,
,,20400324,,,,,,,,,,,,,,20590321,,,,,,,,,,,,,,,,,,,
,,20400325,,,,,,,,,,,,,,20590328,,,,,,,,,,,,,,,,,,,
,,20400330,,,,,,,,,,,,,,20590404,,,,,,,,,,,,,,,,,,,
,,20400331,,,,,,,,,,,,,,20590411,,,,,,,,,,,,,,,,,,,
,,20400401,,,,,,,,,,,,,,20590418,,,,,,,,,,,,,,,,,,,
,,20400407,,,,,,,,,,,,,,20590425,,,,,,,,,,,,,,,,,,,
,,20400408,,,,,,,,,,,,,,20590502,,,,,,,,,,,,,,,,,,,
,,20400414,,,,,,,,,,,,,,20590509,,,,,,,,,,,,,,,,,,,
,,20400415,,,,,,,,,,,,,,20590516,,,,,,,,,,,,,,,,,,,
,,20400421,,,,,,,,,,,,,,20590521,,,,,,,,,,,,,,,,,,,
,,20400422,,,,,,,,,,,,,,20590522,,,,,,,,,,,,,,,,,,,
,,20400428,,,,,,,,,,,,,,20590523,,,,,,,,,,,,,,,,,,,
,,20400429,,,,,,,,,,,,,,20590530,,,,,,,,,,,,,,,,,,,
,,20400505,,,,,,,,,,,,,,20590606,,,,,,,,,,,,,,,,,,,
,,20400506,,,,,,,,,,,,,,20590613,,,,,,,,,,,,,,,,,,,
,,20400512,,,,,,,,,,,,,,20590620,,,,,,,,,,,,,,,,,,,
,,20400513,,,,,,,,,,,,,,20590627,,,,,,,,,,,,,,,,,,,
,,20400519,,,,,,,,,,,,,,20590704,,,,,,,,,,,,,,,,,,,
,,20400520,,,,,,,,,,,,,,20590711,,,,,,,,,,,,,,,,,,,
,,20400526,,,,,,,,,,,,,,20590718,,,,,,,,,,,,,,,,,,,
,,20400527,,,,,,,,,,,,,,20590725,,,,,,,,,,,,,,,,,,,
,,20400528,,,,,,,,,,,,,,20590801,,,,,,,,,,,,,,,,,,,
,,20400602,,,,,,,,,,,,,,20590808,,,,,,,,,,,,,,,,,,,
,,20400603,,,,,,,,,,,,,,20590815,,,,,,,,,,,,,,,,,,,
,,20400609,,,,,,,,,,,,,,20590822,,,,,,,,,,,,,,,,,,,
,,20400610,,,,,,,,,,,,,,20590829,,,,,,,,,,,,,,,,,,,
,,20400616,,,,,,,,,,,,,,20590905,,,,,,,,,,,,,,,,,,,
,,20400617,,,,,,,,,,,,,,20590912,,,,,,,,,,,,,,,,,,,
,,20400623,,,,,,,,,,,,,,20590919,,,,,,,,,,,,,,,,,,,
,,20400624,,,,,,,,,,,,,,20590923,,,,,,,,,,,,,,,,,,,
,,20400630,,,,,,,,,,,,,,20590926,,,,,,,,,,,,,,,,,,,
,,20400701,,,,,,,,,,,,,,20591003,,,,,,,,,,,,,,,,,,,
,,20400704,,,,,,,,,,,,,,20591010,,,,,,,,,,,,,,,,,,,
,,20400707,,,,,,,,,,,,,,20591017,,,,,,,,,,,,,,,,,,,
,,20400708,,,,,,,,,,,,,,20591024,,,,,,,,,,,,,,,,,,,
,,20400714,,,,,,,,,,,,,,20591031,,,,,,,,,,,,,,,,,,,
,,20400715,,,,,,,,,,,,,,20591107,,,,,,,,,,,,,,,,,,,
,,20400721,,,,,,,,,,,,,,20591114,,,,,,,,,,,,,,,,,,,
,,20400722,,,,,,,,,,,,,,20591121,,,,,,,,,,,,,,,,,,,
,,20400728,,,,,,,,,,,,,,20591128,,,,,,,,,,,,,,,,,,,
,,20400729,,,,,,,,,,,,,,20591205,,,,,,,,,,,,,,,,,,,
,,20400804,,,,,,,,,,,,,,20591212,,,,,,,,,,,,,,,,,,,
,,20400805,,,,,,,,,,,,,,20591219,,,,,,,,,,,,,,,,,,,
,,20400811,,,,,,,,,,,,,,20591226,,,,,,,,,,,,,,,,,,,
,,20400812,,,,,,,,,,,,,,20600102,,,,,,,,,,,,,,,,,,,
,,20400818,,,,,,,,,,,,,,20600109,,,,,,,,,,,,,,,,,,,
,,20400819,,,,,,,,,,,,,,20600116,,,,,,,,,,,,,,,,,,,
,,20400825,,,,,,,,,,,,,,20600123,,,,,,,,,,,,,,,,,,,
,,20400826,,,,,,,,,,,,,,20600130,,,,,,,,,,,,,,,,,,,
,,20400901,,,,,,,,,,,,,,20600206,,,,,,,,,,,,,,,,,,,
,,20400902,,,,,,,,,,,,,,20600213,,,,,,,,,,,,,,,,,,,
,,20400903,,,,,,,,,,,,,,20600220,,,,,,,,,,,,,,,,,,,
,,20400908,,,,,,,,,,,,,,20600227,,,,,,,,,,,,,,,,,,,
,,20400909,,,,,,,,,,,,,,20600303,,,,,,,,,,,,,,,,,,,
,,20400915,,,,,,,,,,,,,,20600304,,,,,,,,,,,,,,,,,,,
,,20400916,,,,,,,,,,,,,,20600305,,,,,,,,,,,,,,,,,,,
,,20400922,,,,,,,,,,,,,,20600312,,,,,,,,,,,,,,,,,,,
,,20400923,,,,,,,,,,,,,,20600319,,,,,,,,,,,,,,,,,,,
,,20400929,,,,,,,,,,,,,,20600326,,,,,,,,,,,,,,,,,,,
,,20400930,,,,,,,,,,,,,,20600402,,,,,,,,,,,,,,,,,,,
,,20401006,,,,,,,,,,,,,,20600409,,,,,,,,,,,,,,,,,,,
,,20401007,,,,,,,,,,,,,,20600416,,,,,,,,,,,,,,,,,,,
,,20401008,,,,,,,,,,,,,,20600423,,,,,,,,,,,,,,,,,,,
,,20401013,,,,,,,,,,,,,,20600430,,,,,,,,,,,,,,,,,,,
,,20401014,,,,,,,,,,,,,,20600507,,,,,,,,,,,,,,,,,,,
,,20401020,,,,,,,,,,,,,,20600510,,,,,,,,,,,,,,,,,,,
,,20401021,,,,,,,,,,,,,,20600511,,,,,,,,,,,,,,,,,,,
,,20401027,,,,,,,,,,,,,,20600514,,,,,,,,,,,,,,,,,,,
,,20401028,,,,,,,,,,,,,,20600521,,,,,,,,,,,,,,,,,,,
,,20401103,,,,,,,,,,,,,,20600528,,,,,,,,,,,,,,,,,,,
,,20401104,,,,,,,,,,,,,,20600604,,,,,,,,,,,,,,,,,,,
,,20401110,,,,,,,,,,,,,,20600611,,,,,,,,,,,,,,,,,,,
,,20401111,,,,,,,,,,,,,,20600618,,,,,,,,,,,,,,,,,,,
,,20401112,,,,,,,,,,,,,,20600625,,,,,,,,,,,,,,,,,,,
,,20401117,,,,,,,,,,,,,,20600702,,,,,,,,,,,,,,,,,,,
,,20401118,,,,,,,,,,,,,,20600709,,,,,,,,,,,,,,,,,,,
,,20401122,,,,,,,,,,,,,,20600716,,,,,,,,,,,,,,,,,,,
,,20401124,,,,,,,,,,,,,,20600723,,,,,,,,,,,,,,,,,,,
,,20401125,,,,,,,,,,,,,,20600730,,,,,,,,,,,,,,,,,,,
,,20401201,,,,,,,,,,,,,,20600806,,,,,,,,,,,,,,,,,,,
,,20401202,,,,,,,,,,,,,,20600813,,,,,,,,,,,,,,,,,,,
,,20401208,,,,,,,,,,,,,,20600820,,,,,,,,,,,,,,,,,,,
,,20401209,,,,,,,,,,,,,,20600827,,,,,,,,,,,,,,,,,,,
,,20401215,,,,,,,,,,,,,,20600903,,,,,,,,,,,,,,,,,,,
,,20401216,,,,,,,,,,,,,,20600910,,,,,,,,,,,,,,,,,,,
,,20401222,,,,,,,,,,,,,,20600917,,,,,,,,,,,,,,,,,,,
,,20401223,,,,,,,,,,,,,,20600923,,,,,,,,,,,,,,,,,,,
,,20401225,,,,,,,,,,,,,,20600924,,,,,,,,,,,,,,,,,,,
,,20401229,,,,,,,,,,,,,,20601001,,,,,,,,,,,,,,,,,,,
,,20401230,,,,,,,,,,,,,,20601008,,,,,,,,,,,,,,,,,,,
,,20410101,,,,,,,,,,,,,,20601015,,,,,,,,,,,,,,,,,,,
,,20410105,,,,,,,,,,,,,,20601022,,,,,,,,,,,,,,,,,,,
,,20410106,,,,,,,,,,,,,,20601029,,,,,,,,,,,,,,,,,,,
,,20410112,,,,,,,,,,,,,,20601105,,,,,,,,,,,,,,,,,,,
,,20410113,,,,,,,,,,,,,,20601112,,,,,,,,,,,,,,,,,,,
,,20410119,,,,,,,,,,,,,,20601119,,,,,,,,,,,,,,,,,,,
,,20410120,,,,,,,,,,,,,,20601126,,,,,,,,,,,,,,,,,,,
,,20410121,,,,,,,,,,,,,,20601203,,,,,,,,,,,,,,,,,,,
,,20410126,,,,,,,,,,,,,,20601210,,,,,,,,,,,,,,,,,,,
,,20410127,,,,,,,,,,,,,,20601217,,,,,,,,,,,,,,,,,,,
,,20410202,,,,,,,,,,,,,,20601224,,,,,,,,,,,,,,,,,,,
,,20410203,,,,,,,,,,,,,,20601231,,,,,,,,,,,,,,,,,,,
,,20410209,,,,,,,,,,,,,,20610107,,,,,,,,,,,,,,,,,,,
,,20410210,,,,,,,,,,,,,,20610114,,,,,,,,,,,,,,,,,,,
,,20410216,,,,,,,,,,,,,,20610121,,,,,,,,,,,,,,,,,,,
,,20410217,,,,,,,,,,,,,,20610128,,,,,,,,,,,,,,,,,,,
,,20410218,,,,,,,,,,,,,,20610204,,,,,,,,,,,,,,,,,,,
,,20410223,,,,,,,,,,,,,,20610211,,,,,,,,,,,,,,,,,,,
,,20410224,,,,,,,,,,,,,,20610218,,,,,,,,,,,,,,,,,,,
,,20410302,,,,,,,,,,,,,,20610221,,,,,,,,,,,,,,,,,,,
,,20410303,,,,,,,,,,,,,,20610222,,,,,,,,,,,,,,,,,,,
,,20410309,,,,,,,,,,,,,,20610225,,,,,,,,,,,,,,,,,,,
,,20410310,,,,,,,,,,,,,,20610304,,,,,,,,,,,,,,,,,,,
,,20410316,,,,,,,,,,,,,,20610311,,,,,,,,,,,,,,,,,,,
,,20410317,,,,,,,,,,,,,,20610318,,,,,,,,,,,,,,,,,,,
,,20410323,,,,,,,,,,,,,,20610325,,,,,,,,,,,,,,,,,,,
,,20410324,,,,,,,,,,,,,,20610401,,,,,,,,,,,,,,,,,,,
,,20410330,,,,,,,,,,,,,,20610408,,,,,,,,,,,,,,,,,,,
,,20410331,,,,,,,,,,,,,,20610415,,,,,,,,,,,,,,,,,,,
,,20410406,,,,,,,,,,,,,,20610422,,,,,,,,,,,,,,,,,,,
,,20410407,,,,,,,,,,,,,,20610428,,,,,,,,,,,,,,,,,,,
,,20410413,,,,,,,,,,,,,,20610429,,,,,,,,,,,,,,,,,,,
,,20410414,,,,,,,,,,,,,,20610502,,,,,,,,,,,,,,,,,,,
,,20410419,,,,,,,,,,,,,,20610506,,,,,,,,,,,,,,,,,,,
,,20410420,,,,,,,,,,,,,,20610513,,,,,,,,,,,,,,,,,,,
,,20410421,,,,,,,,,,,,,,20610520,,,,,,,,,,,,,,,,,,,
,,20410427,,,,,,,,,,,,,,20610527,,,,,,,,,,,,,,,,,,,
,,20410428,,,,,,,,,,,,,,20610603,,,,,,,,,,,,,,,,,,,
,,20410504,,,,,,,,,,,,,,20610610,,,,,,,,,,,,,,,,,,,
,,20410505,,,,,,,,,,,,,,20610617,,,,,,,,,,,,,,,,,,,
,,20410511,,,,,,,,,,,,,,20610624,,,,,,,,,,,,,,,,,,,
,,20410512,,,,,,,,,,,,,,20610701,,,,,,,,,,,,,,,,,,,
,,20410518,,,,,,,,,,,,,,20610708,,,,,,,,,,,,,,,,,,,
,,20410519,,,,,,,,,,,,,,20610715,,,,,,,,,,,,,,,,,,,
,,20410525,,,,,,,,,,,,,,20610722,,,,,,,,,,,,,,,,,,,
,,20410526,,,,,,,,,,,,,,20610729,,,,,,,,,,,,,,,,,,,
,,20410527,,,,,,,,,,,,,,20610805,,,,,,,,,,,,,,,,,,,
,,20410601,,,,,,,,,,,,,,20610812,,,,,,,,,,,,,,,,,,,
,,20410602,,,,,,,,,,,,,,20610819,,,,,,,,,,,,,,,,,,,
,,20410608,,,,,,,,,,,,,,20610826,,,,,,,,,,,,,,,,,,,
,,20410609,,,,,,,,,,,,,,20610902,,,,,,,,,,,,,,,,,,,
,,20410615,,,,,,,,,,,,,,20610909,,,,,,,,,,,,,,,,,,,
,,20410616,,,,,,,,,,,,,,20610916,,,,,,,,,,,,,,,,,,,
,,20410622,,,,,,,,,,,,,,20610922,,,,,,,,,,,,,,,,,,,
,,20410623,,,,,,,,,,,,,,20610923,,,,,,,,,,,,,,,,,,,
,,20410629,,,,,,,,,,,,,,20610930,,,,,,,,,,,,,,,,,,,
,,20410630,,,,,,,,,,,,,,20611007,,,,,,,,,,,,,,,,,,,
,,20410704,,,,,,,,,,,,,,20611014,,,,,,,,,,,,,,,,,,,
,,20410706,,,,,,,,,,,,,,20611021,,,,,,,,,,,,,,,,,,,
,,20410707,,,,,,,,,,,,,,20611028,,,,,,,,,,,,,,,,,,,
,,20410713,,,,,,,,,,,,,,20611104,,,,,,,,,,,,,,,,,,,
,,20410714,,,,,,,,,,,,,,20611111,,,,,,,,,,,,,,,,,,,
,,20410720,,,,,,,,,,,,,,20611118,,,,,,,,,,,,,,,,,,,
,,20410721,,,,,,,,,,,,,,20611125,,,,,,,,,,,,,,,,,,,
,,20410727,,,,,,,,,,,,,,20611202,,,,,,,,,,,,,,,,,,,
,,20410728,,,,,,,,,,,,,,20611209,,,,,,,,,,,,,,,,,,,
,,20410803,,,,,,,,,,,,,,20611216,,,,,,,,,,,,,,,,,,,
,,20410804,,,,,,,,,,,,,,20611223,,,,,,,,,,,,,,,,,,,
,,20410810,,,,,,,,,,,,,,20611230,,,,,,,,,,,,,,,,,,,
,,20410811,,,,,,,,,,,,,,20620106,,,,,,,,,,,,,,,,,,,
,,20410817,,,,,,,,,,,,,,20620113,,,,,,,,,,,,,,,,,,,
,,20410818,,,,,,,,,,,,,,20620120,,,,,,,,,,,,,,,,,,,
,,20410824,,,,,,,,,,,,,,20620127,,,,,,,,,,,,,,,,,,,
,,20410825,,,,,,,,,,,,,,20620203,,,,,,,,,,,,,,,,,,,
,,20410831,,,,,,,,,,,,,,20620209,,,,,,,,,,,,,,,,,,,
,,20410901,,,,,,,,,,,,,,20620210,,,,,,,,,,,,,,,,,,,
,,20410902,,,,,,,,,,,,,,20620213,,,,,,,,,,,,,,,,,,,
,,20410907,,,,,,,,,,,,,,20620217,,,,,,,,,,,,,,,,,,,
,,20410908,,,,,,,,,,,,,,20620224,,,,,,,,,,,,,,,,,,,
,,20410914,,,,,,,,,,,,,,20620303,,,,,,,,,,,,,,,,,,,
,,20410915,,,,,,,,,,,,,,20620310,,,,,,,,,,,,,,,,,,,
,,20410921,,,,,,,,,,,,,,20620317,,,,,,,,,,,,,,,,,,,
,,20410922,,,,,,,,,,,,,,20620324,,,,,,,,,,,,,,,,,,,
,,20410928,,,,,,,,,,,,,,20620331,,,,,,,,,,,,,,,,,,,
,,20410929,,,,,,,,,,,,,,20620407,,,,,,,,,,,,,,,,,,,
,,20411005,,,,,,,,,,,,,,20620414,,,,,,,,,,,,,,,,,,,
,,20411006,,,,,,,,,,,,,,20620419,,,,,,,,,,,,,,,,,,,
,,20411012,,,,,,,,,,,,,,20620420,,,,,,,,,,,,,,,,,,,
,,20411013,,,,,,,,,,,,,,20620421,,,,,,,,,,,,,,,,,,,
,,20411014,,,,,,,,,,,,,,20620428,,,,,,,,,,,,,,,,,,,
,,20411019,,,,,,,,,,,,,,20620505,,,,,,,,,,,,,,,,,,,
,,20411020,,,,,,,,,,,,,,20620512,,,,,,,,,,,,,,,,,,,
,,20411026,,,,,,,,,,,,,,20620519,,,,,,,,,,,,,,,,,,,
,,20411027,,,,,,,,,,,,,,20620526,,,,,,,,,,,,,,,,,,,
,,20411102,,,,,,,,,,,,,,20620602,,,,,,,,,,,,,,,,,,,
,,20411103,,,,,,,,,,,,,,20620609,,,,,,,,,,,,,,,,,,,
,,20411109,,,,,,,,,,,,,,20620616,,,,,,,,,,,,,,,,,,,
,,20411110,,,,,,,,,,,,,,20620623,,,,,,,,,,,,,,,,,,,
,,20411111,,,,,,,,,,,,,,20620630,,,,,,,,,,,,,,,,,,,
,,20411116,,,,,,,,,,,,,,20620707,,,,,,,,,,,,,,,,,,,
,,20411117,,,,,,,,,,,,,,20620714,,,,,,,,,,,,,,,,,,,
,,20411123,,,,,,,,,,,,,,20620721,,,,,,,,,,,,,,,,,,,
,,20411124,,,,,,,,,,,,,,20620728,,,,,,,,,,,,,,,,,,,
,,20411128,,,,,,,,,,,,,,20620804,,,,,,,,,,,,,,,,,,,
,,20411130,,,,,,,,,,,,,,20620811,,,,,,,,,,,,,,,,,,,
,,20411201,,,,,,,,,,,,,,20620818,,,,,,,,,,,,,,,,,,,
,,20411207,,,,,,,,,,,,,,20620825,,,,,,,,,,,,,,,,,,,
,,20411208,,,,,,,,,,,,,,20620901,,,,,,,,,,,,,,,,,,,
,,20411214,,,,,,,,,,,,,,20620908,,,,,,,,,,,,,,,,,,,
,,20411215,,,,,,,,,,,,,,20620915,,,,,,,,,,,,,,,,,,,
,,20411221,,,,,,,,,,,,,,20620922,,,,,,,,,,,,,,,,,,,
,,20411222,,,,,,,,,,,,,,20620929,,,,,,,,,,,,,,,,,,,
,,20411225,,,,,,,,,,,,,,20621006,,,,,,,,,,,,,,,,,,,
,,20411228,,,,,,,,,,,,,,20621013,,,,,,,,,,,,,,,,,,,
,,20411229,,,,,,,,,,,,,,20621020,,,,,,,,,,,,,,,,,,,
,,20420101,,,,,,,,,,,,,,20621027,,,,,,,,,,,,,,,,,,,
,,20420104,,,,,,,,,,,,,,20621103,,,,,,,,,,,,,,,,,,,
,,20420105,,,,,,,,,,,,,,20621110,,,,,,,,,,,,,,,,,,,
,,20420111,,,,,,,,,,,,,,20621117,,,,,,,,,,,,,,,,,,,
,,20420112,,,,,,,,,,,,,,20621124,,,,,,,,,,,,,,,,,,,
,,20420118,,,,,,,,,,,,,,20621201,,,,,,,,,,,,,,,,,,,
,,20420119,,,,,,,,,,,,,,20621208,,,,,,,,,,,,,,,,,,,
,,20420120,,,,,,,,,,,,,,20621215,,,,,,,,,,,,,,,,,,,
,,20420125,,,,,,,,,,,,,,20621222,,,,,,,,,,,,,,,,,,,
,,20420126,,,,,,,,,,,,,,20621229,,,,,,,,,,,,,,,,,,,
,,20420201,,,,,,,,,,,,,,20630105,,,,,,,,,,,,,,,,,,,
,,20420202,,,,,,,,,,,,,,20630112,,,,,,,,,,,,,,,,,,,
,,20420208,,,,,,,,,,,,,,20630119,,,,,,,,,,,,,,,,,,,
,,20420209,,,,,,,,,,,,,,20630126,,,,,,,,,,,,,,,,,,,
,,20420215,,,,,,,,,,,,,,20630130,,,,,,,,,,,,,,,,,,,
,,20420216,,,,,,,,,,,,,,20630131,,,,,,,,,,,,,,,,,,,
,,20420217,,,,,,,,,,,,,,20630201,,,,,,,,,,,,,,,,,,,
,,20420222,,,,,,,,,,,,,,20630202,,,,,,,,,,,,,,,,,,,
,,20420223,,,,,,,,,,,,,,20630209,,,,,,,,,,,,,,,,,,,
,,20420301,,,,,,,,,,,,,,20630216,,,,,,,,,,,,,,,,,,,
,,20420302,,,,,,,,,,,,,,20630223,,,,,,,,,,,,,,,,,,,
,,20420308,,,,,,,,,,,,,,20630302,,,,,,,,,,,,,,,,,,,
,,20420309,,,,,,,,,,,,,,20630309,,,,,,,,,,,,,,,,,,,
,,20420315,,,,,,,,,,,,,,20630316,,,,,,,,,,,,,,,,,,,
,,20420316,,,,,,,,,,,,,,20630323,,,,,,,,,,,,,,,,,,,
,,20420322,,,,,,,,,,,,,,20630330,,,,,,,,,,,,,,,,,,,
,,20420323,,,,,,,,,,,,,,20630406,,,,,,,,,,,,,,,,,,,
,,20420329,,,,,,,,,,,,,,20630409,,,,,,,,,,,,,,,,,,,
,,20420330,,,,,,,,,,,,,,20630410,,,,,,,,,,,,,,,,,,,
,,20420405,,,,,,,,,,,,,,20630413,,,,,,,,,,,,,,,,,,,
,,20420406,,,,,,,,,,,,,,20630420,,,,,,,,,,,,,,,,,,,
,,20420412,,,,,,,,,,,,,,20630427,,,,,,,,,,,,,,,,,,,
,,20420413,,,,,,,,,,,,,,20630504,,,,,,,,,,,,,,,,,,,
,,20420419,,,,,,,,,,,,,,20630511,,,,,,,,,,,,,,,,,,,
,,20420420,,,,,,,,,,,,,,20630518,,,,,,,,,,,,,,,,,,,
,,20420426,,,,,,,,,,,,,,20630525,,,,,,,,,,,,,,,,,,,
,,20420427,,,,,,,,,,,,,,20630601,,,,,,,,,,,,,,,,,,,
,,20420503,,,,,,,,,,,,,,20630608,,,,,,,,,,,,,,,,,,,
,,20420504,,,,,,,,,,,,,,20630615,,,,,,,,,,,,,,,,,,,
,,20420510,,,,,,,,,,,,,,20630622,,,,,,,,,,,,,,,,,,,
,,20420511,,,,,,,,,,,,,,20630629,,,,,,,,,,,,,,,,,,,
,,20420517,,,,,,,,,,,,,,20630706,,,,,,,,,,,,,,,,,,,
,,20420518,,,,,,,,,,,,,,20630713,,,,,,,,,,,,,,,,,,,
,,20420524,,,,,,,,,,,,,,20630720,,,,,,,,,,,,,,,,,,,
,,20420525,,,,,,,,,,,,,,20630727,,,,,,,,,,,,,,,,,,,
,,20420526,,,,,,,,,,,,,,20630803,,,,,,,,,,,,,,,,,,,
,,20420531,,,,,,,,,,,,,,20630810,,,,,,,,,,,,,,,,,,,
,,20420601,,,,,,,,,,,,,,20630817,,,,,,,,,,,,,,,,,,,
,,20420607,,,,,,,,,,,,,,20630824,,,,,,,,,,,,,,,,,,,
,,20420608,,,,,,,,,,,,,,20630831,,,,,,,,,,,,,,,,,,,
,,20420614,,,,,,,,,,,,,,20630907,,,,,,,,,,,,,,,,,,,
,,20420615,,,,,,,,,,,,,,20630914,,,,,,,,,,,,,,,,,,,
,,20420621,,,,,,,,,,,,,,20630921,,,,,,,,,,,,,,,,,,,
,,20420622,,,,,,,,,,,,,,20630928,,,,,,,,,,,,,,,,,,,
,,20420628,,,,,,,,,,,,,,20631005,,,,,,,,,,,,,,,,,,,
,,20420629,,,,,,,,,,,,,,20631012,,,,,,,,,,,,,,,,,,,
,,20420704,,,,,,,,,,,,,,20631019,,,,,,,,,,,,,,,,,,,
,,20420705,,,,,,,,,,,,,,20631026,,,,,,,,,,,,,,,,,,,
,,20420706,,,,,,,,,,,,,,20631102,,,,,,,,,,,,,,,,,,,
,,20420712,,,,,,,,,,,,,,20631109,,,,,,,,,,,,,,,,,,,
,,20420713,,,,,,,,,,,,,,20631116,,,,,,,,,,,,,,,,,,,
,,20420719,,,,,,,,,,,,,,20631123,,,,,,,,,,,,,,,,,,,
,,20420720,,,,,,,,,,,,,,20631130,,,,,,,,,,,,,,,,,,,
,,20420726,,,,,,,,,,,,,,20631207,,,,,,,,,,,,,,,,,,,
,,20420727,,,,,,,,,,,,,,20631214,,,,,,,,,,,,,,,,,,,
,,20420802,,,,,,,,,,,,,,20631221,,,,,,,,,,,,,,,,,,,
,,20420803,,,,,,,,,,,,,,20631228,,,,,,,,,,,,,,,,,,,
,,20420809,,,,,,,,,,,,,,20640104,,,,,,,,,,,,,,,,,,,
,,20420810,,,,,,,,,,,,,,20640111,,,,,,,,,,,,,,,,,,,
,,20420816,,,,,,,,,,,,,,20640117,,,,,,,,,,,,,,,,,,,
,,20420817,,,,,,,,,,,,,,20640118,,,,,,,,,,,,,,,,,,,
,,20420823,,,,,,,,,,,,,,20640121,,,,,,,,,,,,,,,,,,,
,,20420824,,,,,,,,,,,,,,20640125,,,,,,,,,,,,,,,,,,,
,,20420830,,,,,,,,,,,,,,20640201,,,,,,,,,,,,,,,,,,,
,,20420831,,,,,,,,,,,,,,20640208,,,,,,,,,,,,,,,,,,,
,,20420901,,,,,,,,,,,,,,20640215,,,,,,,,,,,,,,,,,,,
,,20420906,,,,,,,,,,,,,,20640222,,,,,,,,,,,,,,,,,,,
,,20420907,,,,,,,,,,,,,,20640229,,,,,,,,,,,,,,,,,,,
,,20420913,,,,,,,,,,,,,,20640307,,,,,,,,,,,,,,,,,,,
,,20420914,,,,,,,,,,,,,,20640314,,,,,,,,,,,,,,,,,,,
,,20420920,,,,,,,,,,,,,,20640321,,,,,,,,,,,,,,,,,,,
,,20420921,,,,,,,,,,,,,,20640327,,,,,,,,,,,,,,,,,,,
,,20420927,,,,,,,,,,,,,,20640328,,,,,,,,,,,,,,,,,,,
,,20420928,,,,,,,,,,,,,,20640331,,,,,,,,,,,,,,,,,,,
,,20421004,,,,,,,,,,,,,,20640404,,,,,,,,,,,,,,,,,,,
,,20421005,,,,,,,,,,,,,,20640411,,,,,,,,,,,,,,,,,,,
,,20421011,,,,,,,,,,,,,,20640418,,,,,,,,,,,,,,,,,,,
,,20421012,,,,,,,,,,,,,,20640425,,,,,,,,,,,,,,,,,,,
,,20421013,,,,,,,,,,,,,,20640502,,,,,,,,,,,,,,,,,,,
,,20421018,,,,,,,,,,,,,,20640509,,,,,,,,,,,,,,,,,,,
,,20421019,,,,,,,,,,,,,,20640516,,,,,,,,,,,,,,,,,,,
,,20421025,,,,,,,,,,,,,,20640523,,,,,,,,,,,,,,,,,,,
,,20421026,,,,,,,,,,,,,,20640530,,,,,,,,,,,,,,,,,,,
,,20421101,,,,,,,,,,,,,,20640606,,,,,,,,,,,,,,,,,,,
,,20421102,,,,,,,,,,,,,,20640613,,,,,,,,,,,,,,,,,,,
,,20421108,,,,,,,,,,,,,,20640620,,,,,,,,,,,,,,,,,,,
,,20421109,,,,,,,,,,,,,,20640627,,,,,,,,,,,,,,,,,,,
,,20421111,,,,,,,,,,,,,,20640704,,,,,,,,,,,,,,,,,,,
,,20421115,,,,,,,,,,,,,,20640711,,,,,,,,,,,,,,,,,,,
,,20421116,,,,,,,,,,,,,,20640718,,,,,,,,,,,,,,,,,,,
,,20421122,,,,,,,,,,,,,,20640725,,,,,,,,,,,,,,,,,,,
,,20421123,,,,,,,,,,,,,,20640801,,,,,,,,,,,,,,,,,,,
,,20421127,,,,,,,,,,,,,,20640808,,,,,,,,,,,,,,,,,,,
,,20421129,,,,,,,,,,,,,,20640815,,,,,,,,,,,,,,,,,,,
,,20421130,,,,,,,,,,,,,,20640822,,,,,,,,,,,,,,,,,,,
,,20421206,,,,,,,,,,,,,,20640829,,,,,,,,,,,,,,,,,,,
,,20421207,,,,,,,,,,,,,,20640905,,,,,,,,,,,,,,,,,,,
,,20421213,,,,,,,,,,,,,,20640912,,,,,,,,,,,,,,,,,,,
,,20421214,,,,,,,,,,,,,,20640919,,,,,,,,,,,,,,,,,,,
,,20421220,,,,,,,,,,,,,,20640923,,,,,,,,,,,,,,,,,,,
,,20421221,,,,,,,,,,,,,,20640926,,,,,,,,,,,,,,,,,,,
,,20421225,,,,,,,,,,,,,,20641003,,,,,,,,,,,,,,,,,,,
,,20421227,,,,,,,,,,,,,,20641010,,,,,,,,,,,,,,,,,,,
,,20421228,,,,,,,,,,,,,,20641017,,,,,,,,,,,,,,,,,,,
,,20430101,,,,,,,,,,,,,,20641024,,,,,,,,,,,,,,,,,,,
,,20430103,,,,,,,,,,,,,,20641031,,,,,,,,,,,,,,,,,,,
,,20430104,,,,,,,,,,,,,,20641107,,,,,,,,,,,,,,,,,,,
,,20430110,,,,,,,,,,,,,,20641114,,,,,,,,,,,,,,,,,,,
,,20430111,,,,,,,,,,,,,,20641121,,,,,,,,,,,,,,,,,,,
,,20430117,,,,,,,,,,,,,,20641128,,,,,,,,,,,,,,,,,,,
,,20430118,,,,,,,,,,,,,,20641205,,,,,,,,,,,,,,,,,,,
,,20430119,,,,,,,,,,,,,,20641212,,,,,,,,,,,,,,,,,,,
,,20430124,,,,,,,,,,,,,,20641219,,,,,,,,,,,,,,,,,,,
,,20430125,,,,,,,,,,,,,,20641226,,,,,,,,,,,,,,,,,,,
,,20430131,,,,,,,,,,,,,,,,,,,,,,,,,,,,,,,,,
,,20430201,,,,,,,,,,,,,,,,,,,,,,,,,,,,,,,,,
,,20430207,,,,,,,,,,,,,,,,,,,,,,,,,,,,,,,,,
,,20430208,,,,,,,,,,,,,,,,,,,,,,,,,,,,,,,,,
,,20430214,,,,,,,,,,,,,,,,,,,,,,,,,,,,,,,,,
,,20430215,,,,,,,,,,,,,,,,,,,,,,,,,,,,,,,,,
,,20430216,,,,,,,,,,,,,,,,,,,,,,,,,,,,,,,,,
,,20430221,,,,,,,,,,,,,,,,,,,,,,,,,,,,,,,,,
,,20430222,,,,,,,,,,,,,,,,,,,,,,,,,,,,,,,,,
,,20430228,,,,,,,,,,,,,,,,,,,,,,,,,,,,,,,,,
,,20430301,,,,,,,,,,,,,,,,,,,,,,,,,,,,,,,,,
,,20430307,,,,,,,,,,,,,,,,,,,,,,,,,,,,,,,,,
,,20430308,,,,,,,,,,,,,,,,,,,,,,,,,,,,,,,,,
,,20430314,,,,,,,,,,,,,,,,,,,,,,,,,,,,,,,,,
,,20430315,,,,,,,,,,,,,,,,,,,,,,,,,,,,,,,,,
,,20430321,,,,,,,,,,,,,,,,,,,,,,,,,,,,,,,,,
,,20430322,,,,,,,,,,,,,,,,,,,,,,,,,,,,,,,,,
,,20430327,,,,,,,,,,,,,,,,,,,,,,,,,,,,,,,,,
,,20430328,,,,,,,,,,,,,,,,,,,,,,,,,,,,,,,,,
,,20430329,,,,,,,,,,,,,,,,,,,,,,,,,,,,,,,,,
,,20430404,,,,,,,,,,,,,,,,,,,,,,,,,,,,,,,,,
,,20430405,,,,,,,,,,,,,,,,,,,,,,,,,,,,,,,,,
,,20430411,,,,,,,,,,,,,,,,,,,,,,,,,,,,,,,,,
,,20430412,,,,,,,,,,,,,,,,,,,,,,,,,,,,,,,,,
,,20430418,,,,,,,,,,,,,,,,,,,,,,,,,,,,,,,,,
,,20430419,,,,,,,,,,,,,,,,,,,,,,,,,,,,,,,,,
,,20430425,,,,,,,,,,,,,,,,,,,,,,,,,,,,,,,,,
,,20430426,,,,,,,,,,,,,,,,,,,,,,,,,,,,,,,,,
,,20430502,,,,,,,,,,,,,,,,,,,,,,,,,,,,,,,,,
,,20430503,,,,,,,,,,,,,,,,,,,,,,,,,,,,,,,,,
,,20430509,,,,,,,,,,,,,,,,,,,,,,,,,,,,,,,,,
,,20430510,,,,,,,,,,,,,,,,,,,,,,,,,,,,,,,,,
,,20430516,,,,,,,,,,,,,,,,,,,,,,,,,,,,,,,,,
,,20430517,,,,,,,,,,,,,,,,,,,,,,,,,,,,,,,,,
,,20430523,,,,,,,,,,,,,,,,,,,,,,,,,,,,,,,,,
,,20430524,,,,,,,,,,,,,,,,,,,,,,,,,,,,,,,,,
,,20430525,,,,,,,,,,,,,,,,,,,,,,,,,,,,,,,,,
,,20430530,,,,,,,,,,,,,,,,,,,,,,,,,,,,,,,,,
,,20430531,,,,,,,,,,,,,,,,,,,,,,,,,,,,,,,,,
,,20430606,,,,,,,,,,,,,,,,,,,,,,,,,,,,,,,,,
,,20430607,,,,,,,,,,,,,,,,,,,,,,,,,,,,,,,,,
,,20430613,,,,,,,,,,,,,,,,,,,,,,,,,,,,,,,,,
,,20430614,,,,,,,,,,,,,,,,,,,,,,,,,,,,,,,,,
,,20430620,,,,,,,,,,,,,,,,,,,,,,,,,,,,,,,,,
,,20430621,,,,,,,,,,,,,,,,,,,,,,,,,,,,,,,,,
,,20430627,,,,,,,,,,,,,,,,,,,,,,,,,,,,,,,,,
,,20430628,,,,,,,,,,,,,,,,,,,,,,,,,,,,,,,,,
,,20430703,,,,,,,,,,,,,,,,,,,,,,,,,,,,,,,,,
,,20430704,,,,,,,,,,,,,,,,,,,,,,,,,,,,,,,,,
,,20430705,,,,,,,,,,,,,,,,,,,,,,,,,,,,,,,,,
,,20430711,,,,,,,,,,,,,,,,,,,,,,,,,,,,,,,,,
,,20430712,,,,,,,,,,,,,,,,,,,,,,,,,,,,,,,,,
,,20430718,,,,,,,,,,,,,,,,,,,,,,,,,,,,,,,,,
,,20430719,,,,,,,,,,,,,,,,,,,,,,,,,,,,,,,,,
,,20430725,,,,,,,,,,,,,,,,,,,,,,,,,,,,,,,,,
,,20430726,,,,,,,,,,,,,,,,,,,,,,,,,,,,,,,,,
,,20430801,,,,,,,,,,,,,,,,,,,,,,,,,,,,,,,,,
,,20430802,,,,,,,,,,,,,,,,,,,,,,,,,,,,,,,,,
,,20430808,,,,,,,,,,,,,,,,,,,,,,,,,,,,,,,,,
,,20430809,,,,,,,,,,,,,,,,,,,,,,,,,,,,,,,,,
,,20430815,,,,,,,,,,,,,,,,,,,,,,,,,,,,,,,,,
,,20430816,,,,,,,,,,,,,,,,,,,,,,,,,,,,,,,,,
,,20430822,,,,,,,,,,,,,,,,,,,,,,,,,,,,,,,,,
,,20430823,,,,,,,,,,,,,,,,,,,,,,,,,,,,,,,,,
,,20430829,,,,,,,,,,,,,,,,,,,,,,,,,,,,,,,,,
,,20430830,,,,,,,,,,,,,,,,,,,,,,,,,,,,,,,,,
,,20430905,,,,,,,,,,,,,,,,,,,,,,,,,,,,,,,,,
,,20430906,,,,,,,,,,,,,,,,,,,,,,,,,,,,,,,,,
,,20430907,,,,,,,,,,,,,,,,,,,,,,,,,,,,,,,,,
,,20430912,,,,,,,,,,,,,,,,,,,,,,,,,,,,,,,,,
,,20430913,,,,,,,,,,,,,,,,,,,,,,,,,,,,,,,,,
,,20430919,,,,,,,,,,,,,,,,,,,,,,,,,,,,,,,,,
,,20430920,,,,,,,,,,,,,,,,,,,,,,,,,,,,,,,,,
,,20430926,,,,,,,,,,,,,,,,,,,,,,,,,,,,,,,,,
,,20430927,,,,,,,,,,,,,,,,,,,,,,,,,,,,,,,,,
,,20431003,,,,,,,,,,,,,,,,,,,,,,,,,,,,,,,,,
,,20431004,,,,,,,,,,,,,,,,,,,,,,,,,,,,,,,,,
,,20431010,,,,,,,,,,,,,,,,,,,,,,,,,,,,,,,,,
,,20431011,,,,,,,,,,,,,,,,,,,,,,,,,,,,,,,,,
,,20431012,,,,,,,,,,,,,,,,,,,,,,,,,,,,,,,,,
,,20431017,,,,,,,,,,,,,,,,,,,,,,,,,,,,,,,,,
,,20431018,,,,,,,,,,,,,,,,,,,,,,,,,,,,,,,,,
,,20431024,,,,,,,,,,,,,,,,,,,,,,,,,,,,,,,,,
,,20431025,,,,,,,,,,,,,,,,,,,,,,,,,,,,,,,,,
,,20431031,,,,,,,,,,,,,,,,,,,,,,,,,,,,,,,,,
,,20431101,,,,,,,,,,,,,,,,,,,,,,,,,,,,,,,,,
,,20431107,,,,,,,,,,,,,,,,,,,,,,,,,,,,,,,,,
,,20431108,,,,,,,,,,,,,,,,,,,,,,,,,,,,,,,,,
,,20431111,,,,,,,,,,,,,,,,,,,,,,,,,,,,,,,,,
,,20431114,,,,,,,,,,,,,,,,,,,,,,,,,,,,,,,,,
,,20431115,,,,,,,,,,,,,,,,,,,,,,,,,,,,,,,,,
,,20431121,,,,,,,,,,,,,,,,,,,,,,,,,,,,,,,,,
,,20431122,,,,,,,,,,,,,,,,,,,,,,,,,,,,,,,,,
,,20431126,,,,,,,,,,,,,,,,,,,,,,,,,,,,,,,,,
,,20431128,,,,,,,,,,,,,,,,,,,,,,,,,,,,,,,,,
,,20431129,,,,,,,,,,,,,,,,,,,,,,,,,,,,,,,,,
,,20431205,,,,,,,,,,,,,,,,,,,,,,,,,,,,,,,,,
,,20431206,,,,,,,,,,,,,,,,,,,,,,,,,,,,,,,,,
,,20431212,,,,,,,,,,,,,,,,,,,,,,,,,,,,,,,,,
,,20431213,,,,,,,,,,,,,,,,,,,,,,,,,,,,,,,,,
,,20431219,,,,,,,,,,,,,,,,,,,,,,,,,,,,,,,,,
,,20431220,,,,,,,,,,,,,,,,,,,,,,,,,,,,,,,,,
,,20431225,,,,,,,,,,,,,,,,,,,,,,,,,,,,,,,,,
,,20431226,,,,,,,,,,,,,,,,,,,,,,,,,,,,,,,,,
,,20431227,,,,,,,,,,,,,,,,,,,,,,,,,,,,,,,,,
,,20440101,,,,,,,,,,,,,,,,,,,,,,,,,,,,,,,,,
,,20440102,,,,,,,,,,,,,,,,,,,,,,,,,,,,,,,,,
,,20440103,,,,,,,,,,,,,,,,,,,,,,,,,,,,,,,,,
,,20440109,,,,,,,,,,,,,,,,,,,,,,,,,,,,,,,,,
,,20440110,,,,,,,,,,,,,,,,,,,,,,,,,,,,,,,,,
,,20440116,,,,,,,,,,,,,,,,,,,,,,,,,,,,,,,,,
,,20440117,,,,,,,,,,,,,,,,,,,,,,,,,,,,,,,,,
,,20440118,,,,,,,,,,,,,,,,,,,,,,,,,,,,,,,,,
,,20440123,,,,,,,,,,,,,,,,,,,,,,,,,,,,,,,,,
,,20440124,,,,,,,,,,,,,,,,,,,,,,,,,,,,,,,,,
,,20440130,,,,,,,,,,,,,,,,,,,,,,,,,,,,,,,,,
,,20440131,,,,,,,,,,,,,,,,,,,,,,,,,,,,,,,,,
,,20440206,,,,,,,,,,,,,,,,,,,,,,,,,,,,,,,,,
,,20440207,,,,,,,,,,,,,,,,,,,,,,,,,,,,,,,,,
,,20440213,,,,,,,,,,,,,,,,,,,,,,,,,,,,,,,,,
,,20440214,,,,,,,,,,,,,,,,,,,,,,,,,,,,,,,,,
,,20440215,,,,,,,,,,,,,,,,,,,,,,,,,,,,,,,,,
,,20440220,,,,,,,,,,,,,,,,,,,,,,,,,,,,,,,,,
,,20440221,,,,,,,,,,,,,,,,,,,,,,,,,,,,,,,,,
,,20440227,,,,,,,,,,,,,,,,,,,,,,,,,,,,,,,,,
,,20440228,,,,,,,,,,,,,,,,,,,,,,,,,,,,,,,,,
,,20440305,,,,,,,,,,,,,,,,,,,,,,,,,,,,,,,,,
,,20440306,,,,,,,,,,,,,,,,,,,,,,,,,,,,,,,,,
,,20440312,,,,,,,,,,,,,,,,,,,,,,,,,,,,,,,,,
,,20440313,,,,,,,,,,,,,,,,,,,,,,,,,,,,,,,,,
,,20440319,,,,,,,,,,,,,,,,,,,,,,,,,,,,,,,,,
,,20440320,,,,,,,,,,,,,,,,,,,,,,,,,,,,,,,,,
,,20440326,,,,,,,,,,,,,,,,,,,,,,,,,,,,,,,,,
,,20440327,,,,,,,,,,,,,,,,,,,,,,,,,,,,,,,,,
,,20440402,,,,,,,,,,,,,,,,,,,,,,,,,,,,,,,,,
,,20440403,,,,,,,,,,,,,,,,,,,,,,,,,,,,,,,,,
,,20440409,,,,,,,,,,,,,,,,,,,,,,,,,,,,,,,,,
,,20440410,,,,,,,,,,,,,,,,,,,,,,,,,,,,,,,,,
,,20440415,,,,,,,,,,,,,,,,,,,,,,,,,,,,,,,,,
,,20440416,,,,,,,,,,,,,,,,,,,,,,,,,,,,,,,,,
,,20440417,,,,,,,,,,,,,,,,,,,,,,,,,,,,,,,,,
,,20440423,,,,,,,,,,,,,,,,,,,,,,,,,,,,,,,,,
,,20440424,,,,,,,,,,,,,,,,,,,,,,,,,,,,,,,,,
,,20440430,,,,,,,,,,,,,,,,,,,,,,,,,,,,,,,,,
,,20440501,,,,,,,,,,,,,,,,,,,,,,,,,,,,,,,,,
,,20440507,,,,,,,,,,,,,,,,,,,,,,,,,,,,,,,,,
,,20440508,,,,,,,,,,,,,,,,,,,,,,,,,,,,,,,,,
,,20440514,,,,,,,,,,,,,,,,,,,,,,,,,,,,,,,,,
,,20440515,,,,,,,,,,,,,,,,,,,,,,,,,,,,,,,,,
,,20440521,,,,,,,,,,,,,,,,,,,,,,,,,,,,,,,,,
,,20440522,,,,,,,,,,,,,,,,,,,,,,,,,,,,,,,,,
,,20440528,,,,,,,,,,,,,,,,,,,,,,,,,,,,,,,,,
,,20440529,,,,,,,,,,,,,,,,,,,,,,,,,,,,,,,,,
,,20440530,,,,,,,,,,,,,,,,,,,,,,,,,,,,,,,,,
,,20440604,,,,,,,,,,,,,,,,,,,,,,,,,,,,,,,,,
,,20440605,,,,,,,,,,,,,,,,,,,,,,,,,,,,,,,,,
,,20440611,,,,,,,,,,,,,,,,,,,,,,,,,,,,,,,,,
,,20440612,,,,,,,,,,,,,,,,,,,,,,,,,,,,,,,,,
,,20440618,,,,,,,,,,,,,,,,,,,,,,,,,,,,,,,,,
,,20440619,,,,,,,,,,,,,,,,,,,,,,,,,,,,,,,,,
,,20440625,,,,,,,,,,,,,,,,,,,,,,,,,,,,,,,,,
,,20440626,,,,,,,,,,,,,,,,,,,,,,,,,,,,,,,,,
,,20440702,,,,,,,,,,,,,,,,,,,,,,,,,,,,,,,,,
,,20440703,,,,,,,,,,,,,,,,,,,,,,,,,,,,,,,,,
,,20440704,,,,,,,,,,,,,,,,,,,,,,,,,,,,,,,,,
,,20440709,,,,,,,,,,,,,,,,,,,,,,,,,,,,,,,,,
,,20440710,,,,,,,,,,,,,,,,,,,,,,,,,,,,,,,,,
,,20440716,,,,,,,,,,,,,,,,,,,,,,,,,,,,,,,,,
,,20440717,,,,,,,,,,,,,,,,,,,,,,,,,,,,,,,,,
,,20440723,,,,,,,,,,,,,,,,,,,,,,,,,,,,,,,,,
,,20440724,,,,,,,,,,,,,,,,,,,,,,,,,,,,,,,,,
,,20440730,,,,,,,,,,,,,,,,,,,,,,,,,,,,,,,,,
,,20440731,,,,,,,,,,,,,,,,,,,,,,,,,,,,,,,,,
,,20440806,,,,,,,,,,,,,,,,,,,,,,,,,,,,,,,,,
,,20440807,,,,,,,,,,,,,,,,,,,,,,,,,,,,,,,,,
,,20440813,,,,,,,,,,,,,,,,,,,,,,,,,,,,,,,,,
,,20440814,,,,,,,,,,,,,,,,,,,,,,,,,,,,,,,,,
,,20440820,,,,,,,,,,,,,,,,,,,,,,,,,,,,,,,,,
,,20440821,,,,,,,,,,,,,,,,,,,,,,,,,,,,,,,,,
,,20440827,,,,,,,,,,,,,,,,,,,,,,,,,,,,,,,,,
,,20440828,,,,,,,,,,,,,,,,,,,,,,,,,,,,,,,,,
,,20440903,,,,,,,,,,,,,,,,,,,,,,,,,,,,,,,,,
,,20440904,,,,,,,,,,,,,,,,,,,,,,,,,,,,,,,,,
,,20440905,,,,,,,,,,,,,,,,,,,,,,,,,,,,,,,,,
,,20440910,,,,,,,,,,,,,,,,,,,,,,,,,,,,,,,,,
,,20440911,,,,,,,,,,,,,,,,,,,,,,,,,,,,,,,,,
,,20440917,,,,,,,,,,,,,,,,,,,,,,,,,,,,,,,,,
,,20440918,,,,,,,,,,,,,,,,,,,,,,,,,,,,,,,,,
,,20440924,,,,,,,,,,,,,,,,,,,,,,,,,,,,,,,,,
,,20440925,,,,,,,,,,,,,,,,,,,,,,,,,,,,,,,,,
,,20441001,,,,,,,,,,,,,,,,,,,,,,,,,,,,,,,,,
,,20441002,,,,,,,,,,,,,,,,,,,,,,,,,,,,,,,,,
,,20441008,,,,,,,,,,,,,,,,,,,,,,,,,,,,,,,,,
,,20441009,,,,,,,,,,,,,,,,,,,,,,,,,,,,,,,,,
,,20441010,,,,,,,,,,,,,,,,,,,,,,,,,,,,,,,,,
,,20441015,,,,,,,,,,,,,,,,,,,,,,,,,,,,,,,,,
,,20441016,,,,,,,,,,,,,,,,,,,,,,,,,,,,,,,,,
,,20441022,,,,,,,,,,,,,,,,,,,,,,,,,,,,,,,,,
,,20441023,,,,,,,,,,,,,,,,,,,,,,,,,,,,,,,,,
,,20441029,,,,,,,,,,,,,,,,,,,,,,,,,,,,,,,,,
,,20441030,,,,,,,,,,,,,,,,,,,,,,,,,,,,,,,,,
,,20441105,,,,,,,,,,,,,,,,,,,,,,,,,,,,,,,,,
,,20441106,,,,,,,,,,,,,,,,,,,,,,,,,,,,,,,,,
,,20441111,,,,,,,,,,,,,,,,,,,,,,,,,,,,,,,,,
,,20441112,,,,,,,,,,,,,,,,,,,,,,,,,,,,,,,,,
,,20441113,,,,,,,,,,,,,,,,,,,,,,,,,,,,,,,,,
,,20441119,,,,,,,,,,,,,,,,,,,,,,,,,,,,,,,,,
,,20441120,,,,,,,,,,,,,,,,,,,,,,,,,,,,,,,,,
,,20441124,,,,,,,,,,,,,,,,,,,,,,,,,,,,,,,,,
,,20441126,,,,,,,,,,,,,,,,,,,,,,,,,,,,,,,,,
,,20441127,,,,,,,,,,,,,,,,,,,,,,,,,,,,,,,,,
,,20441203,,,,,,,,,,,,,,,,,,,,,,,,,,,,,,,,,
,,20441204,,,,,,,,,,,,,,,,,,,,,,,,,,,,,,,,,
,,20441210,,,,,,,,,,,,,,,,,,,,,,,,,,,,,,,,,
,,20441211,,,,,,,,,,,,,,,,,,,,,,,,,,,,,,,,,
,,20441217,,,,,,,,,,,,,,,,,,,,,,,,,,,,,,,,,
,,20441218,,,,,,,,,,,,,,,,,,,,,,,,,,,,,,,,,
,,20441224,,,,,,,,,,,,,,,,,,,,,,,,,,,,,,,,,
,,20441225,,,,,,,,,,,,,,,,,,,,,,,,,,,,,,,,,
,,20441226,,,,,,,,,,,,,,,,,,,,,,,,,,,,,,,,,
,,20441231,,,,,,,,,,,,,,,,,,,,,,,,,,,,,,,,,
,,20450101,,,,,,,,,,,,,,,,,,,,,,,,,,,,,,,,,
,,20450102,,,,,,,,,,,,,,,,,,,,,,,,,,,,,,,,,
,,20450107,,,,,,,,,,,,,,,,,,,,,,,,,,,,,,,,,
,,20450108,,,,,,,,,,,,,,,,,,,,,,,,,,,,,,,,,
,,20450114,,,,,,,,,,,,,,,,,,,,,,,,,,,,,,,,,
,,20450115,,,,,,,,,,,,,,,,,,,,,,,,,,,,,,,,,
,,20450116,,,,,,,,,,,,,,,,,,,,,,,,,,,,,,,,,
,,20450121,,,,,,,,,,,,,,,,,,,,,,,,,,,,,,,,,
,,20450122,,,,,,,,,,,,,,,,,,,,,,,,,,,,,,,,,
,,20450128,,,,,,,,,,,,,,,,,,,,,,,,,,,,,,,,,
,,20450129,,,,,,,,,,,,,,,,,,,,,,,,,,,,,,,,,
,,20450204,,,,,,,,,,,,,,,,,,,,,,,,,,,,,,,,,
,,20450205,,,,,,,,,,,,,,,,,,,,,,,,,,,,,,,,,
,,20450211,,,,,,,,,,,,,,,,,,,,,,,,,,,,,,,,,
,,20450212,,,,,,,,,,,,,,,,,,,,,,,,,,,,,,,,,
,,20450218,,,,,,,,,,,,,,,,,,,,,,,,,,,,,,,,,
,,20450219,,,,,,,,,,,,,,,,,,,,,,,,,,,,,,,,,
,,20450220,,,,,,,,,,,,,,,,,,,,,,,,,,,,,,,,,
,,20450225,,,,,,,,,,,,,,,,,,,,,,,,,,,,,,,,,
,,20450226,,,,,,,,,,,,,,,,,,,,,,,,,,,,,,,,,
,,20450304,,,,,,,,,,,,,,,,,,,,,,,,,,,,,,,,,
,,20450305,,,,,,,,,,,,,,,,,,,,,,,,,,,,,,,,,
,,20450311,,,,,,,,,,,,,,,,,,,,,,,,,,,,,,,,,
,,20450312,,,,,,,,,,,,,,,,,,,,,,,,,,,,,,,,,
,,20450318,,,,,,,,,,,,,,,,,,,,,,,,,,,,,,,,,
,,20450319,,,,,,,,,,,,,,,,,,,,,,,,,,,,,,,,,
,,20450325,,,,,,,,,,,,,,,,,,,,,,,,,,,,,,,,,
,,20450326,,,,,,,,,,,,,,,,,,,,,,,,,,,,,,,,,
,,20450401,,,,,,,,,,,,,,,,,,,,,,,,,,,,,,,,,
,,20450402,,,,,,,,,,,,,,,,,,,,,,,,,,,,,,,,,
,,20450408,,,,,,,,,,,,,,,,,,,,,,,,,,,,,,,,,
,,20450409,,,,,,,,,,,,,,,,,,,,,,,,,,,,,,,,,
,,20450415,,,,,,,,,,,,,,,,,,,,,,,,,,,,,,,,,
,,20450416,,,,,,,,,,,,,,,,,,,,,,,,,,,,,,,,,
,,20450422,,,,,,,,,,,,,,,,,,,,,,,,,,,,,,,,,
,,20450423,,,,,,,,,,,,,,,,,,,,,,,,,,,,,,,,,
,,20450429,,,,,,,,,,,,,,,,,,,,,,,,,,,,,,,,,
,,20450430,,,,,,,,,,,,,,,,,,,,,,,,,,,,,,,,,
,,20450506,,,,,,,,,,,,,,,,,,,,,,,,,,,,,,,,,
,,20450507,,,,,,,,,,,,,,,,,,,,,,,,,,,,,,,,,
,,20450513,,,,,,,,,,,,,,,,,,,,,,,,,,,,,,,,,
,,20450514,,,,,,,,,,,,,,,,,,,,,,,,,,,,,,,,,
,,20450520,,,,,,,,,,,,,,,,,,,,,,,,,,,,,,,,,
,,20450521,,,,,,,,,,,,,,,,,,,,,,,,,,,,,,,,,
,,20450527,,,,,,,,,,,,,,,,,,,,,,,,,,,,,,,,,
,,20450528,,,,,,,,,,,,,,,,,,,,,,,,,,,,,,,,,
,,20450529,,,,,,,,,,,,,,,,,,,,,,,,,,,,,,,,,
,,20450603,,,,,,,,,,,,,,,,,,,,,,,,,,,,,,,,,
,,20450604,,,,,,,,,,,,,,,,,,,,,,,,,,,,,,,,,
,,20450610,,,,,,,,,,,,,,,,,,,,,,,,,,,,,,,,,
,,20450611,,,,,,,,,,,,,,,,,,,,,,,,,,,,,,,,,
,,20450617,,,,,,,,,,,,,,,,,,,,,,,,,,,,,,,,,
,,20450618,,,,,,,,,,,,,,,,,,,,,,,,,,,,,,,,,
,,20450624,,,,,,,,,,,,,,,,,,,,,,,,,,,,,,,,,
,,20450625,,,,,,,,,,,,,,,,,,,,,,,,,,,,,,,,,
,,20450701,,,,,,,,,,,,,,,,,,,,,,,,,,,,,,,,,
,,20450702,,,,,,,,,,,,,,,,,,,,,,,,,,,,,,,,,
,,20450704,,,,,,,,,,,,,,,,,,,,,,,,,,,,,,,,,
,,20450708,,,,,,,,,,,,,,,,,,,,,,,,,,,,,,,,,
,,20450709,,,,,,,,,,,,,,,,,,,,,,,,,,,,,,,,,
,,20450715,,,,,,,,,,,,,,,,,,,,,,,,,,,,,,,,,
,,20450716,,,,,,,,,,,,,,,,,,,,,,,,,,,,,,,,,
,,20450722,,,,,,,,,,,,,,,,,,,,,,,,,,,,,,,,,
,,20450723,,,,,,,,,,,,,,,,,,,,,,,,,,,,,,,,,
,,20450729,,,,,,,,,,,,,,,,,,,,,,,,,,,,,,,,,
,,20450730,,,,,,,,,,,,,,,,,,,,,,,,,,,,,,,,,
,,20450805,,,,,,,,,,,,,,,,,,,,,,,,,,,,,,,,,
,,20450806,,,,,,,,,,,,,,,,,,,,,,,,,,,,,,,,,
,,20450812,,,,,,,,,,,,,,,,,,,,,,,,,,,,,,,,,
,,20450813,,,,,,,,,,,,,,,,,,,,,,,,,,,,,,,,,
,,20450819,,,,,,,,,,,,,,,,,,,,,,,,,,,,,,,,,
,,20450820,,,,,,,,,,,,,,,,,,,,,,,,,,,,,,,,,
,,20450826,,,,,,,,,,,,,,,,,,,,,,,,,,,,,,,,,
,,20450827,,,,,,,,,,,,,,,,,,,,,,,,,,,,,,,,,
,,20450902,,,,,,,,,,,,,,,,,,,,,,,,,,,,,,,,,
,,20450903,,,,,,,,,,,,,,,,,,,,,,,,,,,,,,,,,
,,20450904,,,,,,,,,,,,,,,,,,,,,,,,,,,,,,,,,
,,20450909,,,,,,,,,,,,,,,,,,,,,,,,,,,,,,,,,
,,20450910,,,,,,,,,,,,,,,,,,,,,,,,,,,,,,,,,
,,20450916,,,,,,,,,,,,,,,,,,,,,,,,,,,,,,,,,
,,20450917,,,,,,,,,,,,,,,,,,,,,,,,,,,,,,,,,
,,20450923,,,,,,,,,,,,,,,,,,,,,,,,,,,,,,,,,
,,20450924,,,,,,,,,,,,,,,,,,,,,,,,,,,,,,,,,
,,20450930,,,,,,,,,,,,,,,,,,,,,,,,,,,,,,,,,
,,20451001,,,,,,,,,,,,,,,,,,,,,,,,,,,,,,,,,
,,20451007,,,,,,,,,,,,,,,,,,,,,,,,,,,,,,,,,
,,20451008,,,,,,,,,,,,,,,,,,,,,,,,,,,,,,,,,
,,20451009,,,,,,,,,,,,,,,,,,,,,,,,,,,,,,,,,
,,20451014,,,,,,,,,,,,,,,,,,,,,,,,,,,,,,,,,
,,20451015,,,,,,,,,,,,,,,,,,,,,,,,,,,,,,,,,
,,20451021,,,,,,,,,,,,,,,,,,,,,,,,,,,,,,,,,
,,20451022,,,,,,,,,,,,,,,,,,,,,,,,,,,,,,,,,
,,20451028,,,,,,,,,,,,,,,,,,,,,,,,,,,,,,,,,
,,20451029,,,,,,,,,,,,,,,,,,,,,,,,,,,,,,,,,
,,20451104,,,,,,,,,,,,,,,,,,,,,,,,,,,,,,,,,
,,20451105,,,,,,,,,,,,,,,,,,,,,,,,,,,,,,,,,
,,20451111,,,,,,,,,,,,,,,,,,,,,,,,,,,,,,,,,
,,20451112,,,,,,,,,,,,,,,,,,,,,,,,,,,,,,,,,
,,20451118,,,,,,,,,,,,,,,,,,,,,,,,,,,,,,,,,
,,20451119,,,,,,,,,,,,,,,,,,,,,,,,,,,,,,,,,
,,20451123,,,,,,,,,,,,,,,,,,,,,,,,,,,,,,,,,
,,20451125,,,,,,,,,,,,,,,,,,,,,,,,,,,,,,,,,
,,20451126,,,,,,,,,,,,,,,,,,,,,,,,,,,,,,,,,
,,20451202,,,,,,,,,,,,,,,,,,,,,,,,,,,,,,,,,
,,20451203,,,,,,,,,,,,,,,,,,,,,,,,,,,,,,,,,
,,20451209,,,,,,,,,,,,,,,,,,,,,,,,,,,,,,,,,
,,20451210,,,,,,,,,,,,,,,,,,,,,,,,,,,,,,,,,
,,20451216,,,,,,,,,,,,,,,,,,,,,,,,,,,,,,,,,
,,20451217,,,,,,,,,,,,,,,,,,,,,,,,,,,,,,,,,
,,20451223,,,,,,,,,,,,,,,,,,,,,,,,,,,,,,,,,
,,20451224,,,,,,,,,,,,,,,,,,,,,,,,,,,,,,,,,
,,20451225,,,,,,,,,,,,,,,,,,,,,,,,,,,,,,,,,
,,20451230,,,,,,,,,,,,,,,,,,,,,,,,,,,,,,,,,
,,20451231,,,,,,,,,,,,,,,,,,,,,,,,,,,,,,,,,
,,20460101,,,,,,,,,,,,,,,,,,,,,,,,,,,,,,,,,
,,20460106,,,,,,,,,,,,,,,,,,,,,,,,,,,,,,,,,
,,20460107,,,,,,,,,,,,,,,,,,,,,,,,,,,,,,,,,
,,20460113,,,,,,,,,,,,,,,,,,,,,,,,,,,,,,,,,
,,20460114,,,,,,,,,,,,,,,,,,,,,,,,,,,,,,,,,
,,20460115,,,,,,,,,,,,,,,,,,,,,,,,,,,,,,,,,
,,20460120,,,,,,,,,,,,,,,,,,,,,,,,,,,,,,,,,
,,20460121,,,,,,,,,,,,,,,,,,,,,,,,,,,,,,,,,
,,20460127,,,,,,,,,,,,,,,,,,,,,,,,,,,,,,,,,
,,20460128,,,,,,,,,,,,,,,,,,,,,,,,,,,,,,,,,
,,20460203,,,,,,,,,,,,,,,,,,,,,,,,,,,,,,,,,
,,20460204,,,,,,,,,,,,,,,,,,,,,,,,,,,,,,,,,
,,20460210,,,,,,,,,,,,,,,,,,,,,,,,,,,,,,,,,
,,20460211,,,,,,,,,,,,,,,,,,,,,,,,,,,,,,,,,
,,20460217,,,,,,,,,,,,,,,,,,,,,,,,,,,,,,,,,
,,20460218,,,,,,,,,,,,,,,,,,,,,,,,,,,,,,,,,
,,20460219,,,,,,,,,,,,,,,,,,,,,,,,,,,,,,,,,
,,20460224,,,,,,,,,,,,,,,,,,,,,,,,,,,,,,,,,
,,20460225,,,,,,,,,,,,,,,,,,,,,,,,,,,,,,,,,
,,20460303,,,,,,,,,,,,,,,,,,,,,,,,,,,,,,,,,
,,20460304,,,,,,,,,,,,,,,,,,,,,,,,,,,,,,,,,
,,20460310,,,,,,,,,,,,,,,,,,,,,,,,,,,,,,,,,
,,20460311,,,,,,,,,,,,,,,,,,,,,,,,,,,,,,,,,
,,20460317,,,,,,,,,,,,,,,,,,,,,,,,,,,,,,,,,
,,20460318,,,,,,,,,,,,,,,,,,,,,,,,,,,,,,,,,
,,20460323,,,,,,,,,,,,,,,,,,,,,,,,,,,,,,,,,
,,20460324,,,,,,,,,,,,,,,,,,,,,,,,,,,,,,,,,
,,20460325,,,,,,,,,,,,,,,,,,,,,,,,,,,,,,,,,
,,20460331,,,,,,,,,,,,,,,,,,,,,,,,,,,,,,,,,
,,20460401,,,,,,,,,,,,,,,,,,,,,,,,,,,,,,,,,
,,20460407,,,,,,,,,,,,,,,,,,,,,,,,,,,,,,,,,
,,20460408,,,,,,,,,,,,,,,,,,,,,,,,,,,,,,,,,
,,20460414,,,,,,,,,,,,,,,,,,,,,,,,,,,,,,,,,
,,20460415,,,,,,,,,,,,,,,,,,,,,,,,,,,,,,,,,
,,20460421,,,,,,,,,,,,,,,,,,,,,,,,,,,,,,,,,
,,20460422,,,,,,,,,,,,,,,,,,,,,,,,,,,,,,,,,
,,20460428,,,,,,,,,,,,,,,,,,,,,,,,,,,,,,,,,
,,20460429,,,,,,,,,,,,,,,,,,,,,,,,,,,,,,,,,
,,20460505,,,,,,,,,,,,,,,,,,,,,,,,,,,,,,,,,
,,20460506,,,,,,,,,,,,,,,,,,,,,,,,,,,,,,,,,
,,20460512,,,,,,,,,,,,,,,,,,,,,,,,,,,,,,,,,
,,20460513,,,,,,,,,,,,,,,,,,,,,,,,,,,,,,,,,
,,20460519,,,,,,,,,,,,,,,,,,,,,,,,,,,,,,,,,
,,20460520,,,,,,,,,,,,,,,,,,,,,,,,,,,,,,,,,
,,20460526,,,,,,,,,,,,,,,,,,,,,,,,,,,,,,,,,
,,20460527,,,,,,,,,,,,,,,,,,,,,,,,,,,,,,,,,
,,20460528,,,,,,,,,,,,,,,,,,,,,,,,,,,,,,,,,
,,20460602,,,,,,,,,,,,,,,,,,,,,,,,,,,,,,,,,
,,20460603,,,,,,,,,,,,,,,,,,,,,,,,,,,,,,,,,
,,20460609,,,,,,,,,,,,,,,,,,,,,,,,,,,,,,,,,
,,20460610,,,,,,,,,,,,,,,,,,,,,,,,,,,,,,,,,
,,20460616,,,,,,,,,,,,,,,,,,,,,,,,,,,,,,,,,
,,20460617,,,,,,,,,,,,,,,,,,,,,,,,,,,,,,,,,
,,20460623,,,,,,,,,,,,,,,,,,,,,,,,,,,,,,,,,
,,20460624,,,,,,,,,,,,,,,,,,,,,,,,,,,,,,,,,
,,20460630,,,,,,,,,,,,,,,,,,,,,,,,,,,,,,,,,
,,20460701,,,,,,,,,,,,,,,,,,,,,,,,,,,,,,,,,
,,20460704,,,,,,,,,,,,,,,,,,,,,,,,,,,,,,,,,
,,20460707,,,,,,,,,,,,,,,,,,,,,,,,,,,,,,,,,
,,20460708,,,,,,,,,,,,,,,,,,,,,,,,,,,,,,,,,
,,20460714,,,,,,,,,,,,,,,,,,,,,,,,,,,,,,,,,
,,20460715,,,,,,,,,,,,,,,,,,,,,,,,,,,,,,,,,
,,20460721,,,,,,,,,,,,,,,,,,,,,,,,,,,,,,,,,
,,20460722,,,,,,,,,,,,,,,,,,,,,,,,,,,,,,,,,
,,20460728,,,,,,,,,,,,,,,,,,,,,,,,,,,,,,,,,
,,20460729,,,,,,,,,,,,,,,,,,,,,,,,,,,,,,,,,
,,20460804,,,,,,,,,,,,,,,,,,,,,,,,,,,,,,,,,
,,20460805,,,,,,,,,,,,,,,,,,,,,,,,,,,,,,,,,
,,20460811,,,,,,,,,,,,,,,,,,,,,,,,,,,,,,,,,
,,20460812,,,,,,,,,,,,,,,,,,,,,,,,,,,,,,,,,
,,20460818,,,,,,,,,,,,,,,,,,,,,,,,,,,,,,,,,
,,20460819,,,,,,,,,,,,,,,,,,,,,,,,,,,,,,,,,
,,20460825,,,,,,,,,,,,,,,,,,,,,,,,,,,,,,,,,
,,20460826,,,,,,,,,,,,,,,,,,,,,,,,,,,,,,,,,
,,20460901,,,,,,,,,,,,,,,,,,,,,,,,,,,,,,,,,
,,20460902,,,,,,,,,,,,,,,,,,,,,,,,,,,,,,,,,
,,20460903,,,,,,,,,,,,,,,,,,,,,,,,,,,,,,,,,
,,20460908,,,,,,,,,,,,,,,,,,,,,,,,,,,,,,,,,
,,20460909,,,,,,,,,,,,,,,,,,,,,,,,,,,,,,,,,
,,20460915,,,,,,,,,,,,,,,,,,,,,,,,,,,,,,,,,
,,20460916,,,,,,,,,,,,,,,,,,,,,,,,,,,,,,,,,
,,20460922,,,,,,,,,,,,,,,,,,,,,,,,,,,,,,,,,
,,20460923,,,,,,,,,,,,,,,,,,,,,,,,,,,,,,,,,
,,20460929,,,,,,,,,,,,,,,,,,,,,,,,,,,,,,,,,
,,20460930,,,,,,,,,,,,,,,,,,,,,,,,,,,,,,,,,
,,20461006,,,,,,,,,,,,,,,,,,,,,,,,,,,,,,,,,
,,20461007,,,,,,,,,,,,,,,,,,,,,,,,,,,,,,,,,
,,20461008,,,,,,,,,,,,,,,,,,,,,,,,,,,,,,,,,
,,20461013,,,,,,,,,,,,,,,,,,,,,,,,,,,,,,,,,
,,20461014,,,,,,,,,,,,,,,,,,,,,,,,,,,,,,,,,
,,20461020,,,,,,,,,,,,,,,,,,,,,,,,,,,,,,,,,
,,20461021,,,,,,,,,,,,,,,,,,,,,,,,,,,,,,,,,
,,20461027,,,,,,,,,,,,,,,,,,,,,,,,,,,,,,,,,
,,20461028,,,,,,,,,,,,,,,,,,,,,,,,,,,,,,,,,
,,20461103,,,,,,,,,,,,,,,,,,,,,,,,,,,,,,,,,
,,20461104,,,,,,,,,,,,,,,,,,,,,,,,,,,,,,,,,
,,20461110,,,,,,,,,,,,,,,,,,,,,,,,,,,,,,,,,
,,20461111,,,,,,,,,,,,,,,,,,,,,,,,,,,,,,,,,
,,20461112,,,,,,,,,,,,,,,,,,,,,,,,,,,,,,,,,
,,20461117,,,,,,,,,,,,,,,,,,,,,,,,,,,,,,,,,
,,20461118,,,,,,,,,,,,,,,,,,,,,,,,,,,,,,,,,
,,20461122,,,,,,,,,,,,,,,,,,,,,,,,,,,,,,,,,
,,20461124,,,,,,,,,,,,,,,,,,,,,,,,,,,,,,,,,
,,20461125,,,,,,,,,,,,,,,,,,,,,,,,,,,,,,,,,
,,20461201,,,,,,,,,,,,,,,,,,,,,,,,,,,,,,,,,
,,20461202,,,,,,,,,,,,,,,,,,,,,,,,,,,,,,,,,
,,20461208,,,,,,,,,,,,,,,,,,,,,,,,,,,,,,,,,
,,20461209,,,,,,,,,,,,,,,,,,,,,,,,,,,,,,,,,
,,20461215,,,,,,,,,,,,,,,,,,,,,,,,,,,,,,,,,
,,20461216,,,,,,,,,,,,,,,,,,,,,,,,,,,,,,,,,
,,20461222,,,,,,,,,,,,,,,,,,,,,,,,,,,,,,,,,
,,20461223,,,,,,,,,,,,,,,,,,,,,,,,,,,,,,,,,
,,20461225,,,,,,,,,,,,,,,,,,,,,,,,,,,,,,,,,
,,20461229,,,,,,,,,,,,,,,,,,,,,,,,,,,,,,,,,
,,20461230,,,,,,,,,,,,,,,,,,,,,,,,,,,,,,,,,
,,20470101,,,,,,,,,,,,,,,,,,,,,,,,,,,,,,,,,
,,20470105,,,,,,,,,,,,,,,,,,,,,,,,,,,,,,,,,
,,20470106,,,,,,,,,,,,,,,,,,,,,,,,,,,,,,,,,
,,20470112,,,,,,,,,,,,,,,,,,,,,,,,,,,,,,,,,
,,20470113,,,,,,,,,,,,,,,,,,,,,,,,,,,,,,,,,
,,20470119,,,,,,,,,,,,,,,,,,,,,,,,,,,,,,,,,
,,20470120,,,,,,,,,,,,,,,,,,,,,,,,,,,,,,,,,
,,20470121,,,,,,,,,,,,,,,,,,,,,,,,,,,,,,,,,
,,20470126,,,,,,,,,,,,,,,,,,,,,,,,,,,,,,,,,
,,20470127,,,,,,,,,,,,,,,,,,,,,,,,,,,,,,,,,
,,20470202,,,,,,,,,,,,,,,,,,,,,,,,,,,,,,,,,
,,20470203,,,,,,,,,,,,,,,,,,,,,,,,,,,,,,,,,
,,20470209,,,,,,,,,,,,,,,,,,,,,,,,,,,,,,,,,
,,20470210,,,,,,,,,,,,,,,,,,,,,,,,,,,,,,,,,
,,20470216,,,,,,,,,,,,,,,,,,,,,,,,,,,,,,,,,
,,20470217,,,,,,,,,,,,,,,,,,,,,,,,,,,,,,,,,
,,20470218,,,,,,,,,,,,,,,,,,,,,,,,,,,,,,,,,
,,20470223,,,,,,,,,,,,,,,,,,,,,,,,,,,,,,,,,
,,20470224,,,,,,,,,,,,,,,,,,,,,,,,,,,,,,,,,
,,20470302,,,,,,,,,,,,,,,,,,,,,,,,,,,,,,,,,
,,20470303,,,,,,,,,,,,,,,,,,,,,,,,,,,,,,,,,
,,20470309,,,,,,,,,,,,,,,,,,,,,,,,,,,,,,,,,
,,20470310,,,,,,,,,,,,,,,,,,,,,,,,,,,,,,,,,
,,20470316,,,,,,,,,,,,,,,,,,,,,,,,,,,,,,,,,
,,20470317,,,,,,,,,,,,,,,,,,,,,,,,,,,,,,,,,
,,20470323,,,,,,,,,,,,,,,,,,,,,,,,,,,,,,,,,
,,20470324,,,,,,,,,,,,,,,,,,,,,,,,,,,,,,,,,
,,20470330,,,,,,,,,,,,,,,,,,,,,,,,,,,,,,,,,
,,20470331,,,,,,,,,,,,,,,,,,,,,,,,,,,,,,,,,
,,20470406,,,,,,,,,,,,,,,,,,,,,,,,,,,,,,,,,
,,20470407,,,,,,,,,,,,,,,,,,,,,,,,,,,,,,,,,
,,20470412,,,,,,,,,,,,,,,,,,,,,,,,,,,,,,,,,
,,20470413,,,,,,,,,,,,,,,,,,,,,,,,,,,,,,,,,
,,20470414,,,,,,,,,,,,,,,,,,,,,,,,,,,,,,,,,
,,20470420,,,,,,,,,,,,,,,,,,,,,,,,,,,,,,,,,
,,20470421,,,,,,,,,,,,,,,,,,,,,,,,,,,,,,,,,
,,20470427,,,,,,,,,,,,,,,,,,,,,,,,,,,,,,,,,
,,20470428,,,,,,,,,,,,,,,,,,,,,,,,,,,,,,,,,
,,20470504,,,,,,,,,,,,,,,,,,,,,,,,,,,,,,,,,
,,20470505,,,,,,,,,,,,,,,,,,,,,,,,,,,,,,,,,
,,20470511,,,,,,,,,,,,,,,,,,,,,,,,,,,,,,,,,
,,20470512,,,,,,,,,,,,,,,,,,,,,,,,,,,,,,,,,
,,20470518,,,,,,,,,,,,,,,,,,,,,,,,,,,,,,,,,
,,20470519,,,,,,,,,,,,,,,,,,,,,,,,,,,,,,,,,
,,20470525,,,,,,,,,,,,,,,,,,,,,,,,,,,,,,,,,
,,20470526,,,,,,,,,,,,,,,,,,,,,,,,,,,,,,,,,
,,20470527,,,,,,,,,,,,,,,,,,,,,,,,,,,,,,,,,
,,20470601,,,,,,,,,,,,,,,,,,,,,,,,,,,,,,,,,
,,20470602,,,,,,,,,,,,,,,,,,,,,,,,,,,,,,,,,
,,20470608,,,,,,,,,,,,,,,,,,,,,,,,,,,,,,,,,
,,20470609,,,,,,,,,,,,,,,,,,,,,,,,,,,,,,,,,
,,20470615,,,,,,,,,,,,,,,,,,,,,,,,,,,,,,,,,
,,20470616,,,,,,,,,,,,,,,,,,,,,,,,,,,,,,,,,
,,20470622,,,,,,,,,,,,,,,,,,,,,,,,,,,,,,,,,
,,20470623,,,,,,,,,,,,,,,,,,,,,,,,,,,,,,,,,
,,20470629,,,,,,,,,,,,,,,,,,,,,,,,,,,,,,,,,
,,20470630,,,,,,,,,,,,,,,,,,,,,,,,,,,,,,,,,
,,20470704,,,,,,,,,,,,,,,,,,,,,,,,,,,,,,,,,
,,20470706,,,,,,,,,,,,,,,,,,,,,,,,,,,,,,,,,
,,20470707,,,,,,,,,,,,,,,,,,,,,,,,,,,,,,,,,
,,20470713,,,,,,,,,,,,,,,,,,,,,,,,,,,,,,,,,
,,20470714,,,,,,,,,,,,,,,,,,,,,,,,,,,,,,,,,
,,20470720,,,,,,,,,,,,,,,,,,,,,,,,,,,,,,,,,
,,20470721,,,,,,,,,,,,,,,,,,,,,,,,,,,,,,,,,
,,20470727,,,,,,,,,,,,,,,,,,,,,,,,,,,,,,,,,
,,20470728,,,,,,,,,,,,,,,,,,,,,,,,,,,,,,,,,
,,20470803,,,,,,,,,,,,,,,,,,,,,,,,,,,,,,,,,
,,20470804,,,,,,,,,,,,,,,,,,,,,,,,,,,,,,,,,
,,20470810,,,,,,,,,,,,,,,,,,,,,,,,,,,,,,,,,
,,20470811,,,,,,,,,,,,,,,,,,,,,,,,,,,,,,,,,
,,20470817,,,,,,,,,,,,,,,,,,,,,,,,,,,,,,,,,
,,20470818,,,,,,,,,,,,,,,,,,,,,,,,,,,,,,,,,
,,20470824,,,,,,,,,,,,,,,,,,,,,,,,,,,,,,,,,
,,20470825,,,,,,,,,,,,,,,,,,,,,,,,,,,,,,,,,
,,20470831,,,,,,,,,,,,,,,,,,,,,,,,,,,,,,,,,
,,20470901,,,,,,,,,,,,,,,,,,,,,,,,,,,,,,,,,
,,20470902,,,,,,,,,,,,,,,,,,,,,,,,,,,,,,,,,
,,20470907,,,,,,,,,,,,,,,,,,,,,,,,,,,,,,,,,
,,20470908,,,,,,,,,,,,,,,,,,,,,,,,,,,,,,,,,
,,20470914,,,,,,,,,,,,,,,,,,,,,,,,,,,,,,,,,
,,20470915,,,,,,,,,,,,,,,,,,,,,,,,,,,,,,,,,
,,20470921,,,,,,,,,,,,,,,,,,,,,,,,,,,,,,,,,
,,20470922,,,,,,,,,,,,,,,,,,,,,,,,,,,,,,,,,
,,20470928,,,,,,,,,,,,,,,,,,,,,,,,,,,,,,,,,
,,20470929,,,,,,,,,,,,,,,,,,,,,,,,,,,,,,,,,
,,20471005,,,,,,,,,,,,,,,,,,,,,,,,,,,,,,,,,
,,20471006,,,,,,,,,,,,,,,,,,,,,,,,,,,,,,,,,
,,20471012,,,,,,,,,,,,,,,,,,,,,,,,,,,,,,,,,
,,20471013,,,,,,,,,,,,,,,,,,,,,,,,,,,,,,,,,
,,20471014,,,,,,,,,,,,,,,,,,,,,,,,,,,,,,,,,
,,20471019,,,,,,,,,,,,,,,,,,,,,,,,,,,,,,,,,
,,20471020,,,,,,,,,,,,,,,,,,,,,,,,,,,,,,,,,
,,20471026,,,,,,,,,,,,,,,,,,,,,,,,,,,,,,,,,
,,20471027,,,,,,,,,,,,,,,,,,,,,,,,,,,,,,,,,
,,20471102,,,,,,,,,,,,,,,,,,,,,,,,,,,,,,,,,
,,20471103,,,,,,,,,,,,,,,,,,,,,,,,,,,,,,,,,
,,20471109,,,,,,,,,,,,,,,,,,,,,,,,,,,,,,,,,
,,20471110,,,,,,,,,,,,,,,,,,,,,,,,,,,,,,,,,
,,20471111,,,,,,,,,,,,,,,,,,,,,,,,,,,,,,,,,
,,20471116,,,,,,,,,,,,,,,,,,,,,,,,,,,,,,,,,
,,20471117,,,,,,,,,,,,,,,,,,,,,,,,,,,,,,,,,
,,20471123,,,,,,,,,,,,,,,,,,,,,,,,,,,,,,,,,
,,20471124,,,,,,,,,,,,,,,,,,,,,,,,,,,,,,,,,
,,20471128,,,,,,,,,,,,,,,,,,,,,,,,,,,,,,,,,
,,20471130,,,,,,,,,,,,,,,,,,,,,,,,,,,,,,,,,
,,20471201,,,,,,,,,,,,,,,,,,,,,,,,,,,,,,,,,
,,20471207,,,,,,,,,,,,,,,,,,,,,,,,,,,,,,,,,
,,20471208,,,,,,,,,,,,,,,,,,,,,,,,,,,,,,,,,
,,20471214,,,,,,,,,,,,,,,,,,,,,,,,,,,,,,,,,
,,20471215,,,,,,,,,,,,,,,,,,,,,,,,,,,,,,,,,
,,20471221,,,,,,,,,,,,,,,,,,,,,,,,,,,,,,,,,
,,20471222,,,,,,,,,,,,,,,,,,,,,,,,,,,,,,,,,
,,20471225,,,,,,,,,,,,,,,,,,,,,,,,,,,,,,,,,
,,20471228,,,,,,,,,,,,,,,,,,,,,,,,,,,,,,,,,
,,20471229,,,,,,,,,,,,,,,,,,,,,,,,,,,,,,,,,
,,20480101,,,,,,,,,,,,,,,,,,,,,,,,,,,,,,,,,
,,20480104,,,,,,,,,,,,,,,,,,,,,,,,,,,,,,,,,
,,20480105,,,,,,,,,,,,,,,,,,,,,,,,,,,,,,,,,
,,20480111,,,,,,,,,,,,,,,,,,,,,,,,,,,,,,,,,
,,20480112,,,,,,,,,,,,,,,,,,,,,,,,,,,,,,,,,
,,20480118,,,,,,,,,,,,,,,,,,,,,,,,,,,,,,,,,
,,20480119,,,,,,,,,,,,,,,,,,,,,,,,,,,,,,,,,
,,20480120,,,,,,,,,,,,,,,,,,,,,,,,,,,,,,,,,
,,20480125,,,,,,,,,,,,,,,,,,,,,,,,,,,,,,,,,
,,20480126,,,,,,,,,,,,,,,,,,,,,,,,,,,,,,,,,
,,20480201,,,,,,,,,,,,,,,,,,,,,,,,,,,,,,,,,
,,20480202,,,,,,,,,,,,,,,,,,,,,,,,,,,,,,,,,
,,20480208,,,,,,,,,,,,,,,,,,,,,,,,,,,,,,,,,
,,20480209,,,,,,,,,,,,,,,,,,,,,,,,,,,,,,,,,
,,20480215,,,,,,,,,,,,,,,,,,,,,,,,,,,,,,,,,
,,20480216,,,,,,,,,,,,,,,,,,,,,,,,,,,,,,,,,
,,20480217,,,,,,,,,,,,,,,,,,,,,,,,,,,,,,,,,
,,20480222,,,,,,,,,,,,,,,,,,,,,,,,,,,,,,,,,
,,20480223,,,,,,,,,,,,,,,,,,,,,,,,,,,,,,,,,
,,20480229,,,,,,,,,,,,,,,,,,,,,,,,,,,,,,,,,
,,20480301,,,,,,,,,,,,,,,,,,,,,,,,,,,,,,,,,
,,20480307,,,,,,,,,,,,,,,,,,,,,,,,,,,,,,,,,
,,20480308,,,,,,,,,,,,,,,,,,,,,,,,,,,,,,,,,
,,20480314,,,,,,,,,,,,,,,,,,,,,,,,,,,,,,,,,
,,20480315,,,,,,,,,,,,,,,,,,,,,,,,,,,,,,,,,
,,20480321,,,,,,,,,,,,,,,,,,,,,,,,,,,,,,,,,
,,20480322,,,,,,,,,,,,,,,,,,,,,,,,,,,,,,,,,
,,20480328,,,,,,,,,,,,,,,,,,,,,,,,,,,,,,,,,
,,20480329,,,,,,,,,,,,,,,,,,,,,,,,,,,,,,,,,
,,20480404,,,,,,,,,,,,,,,,,,,,,,,,,,,,,,,,,
,,20480405,,,,,,,,,,,,,,,,,,,,,,,,,,,,,,,,,
,,20480411,,,,,,,,,,,,,,,,,,,,,,,,,,,,,,,,,
,,20480412,,,,,,,,,,,,,,,,,,,,,,,,,,,,,,,,,
,,20480418,,,,,,,,,,,,,,,,,,,,,,,,,,,,,,,,,
,,20480419,,,,,,,,,,,,,,,,,,,,,,,,,,,,,,,,,
,,20480425,,,,,,,,,,,,,,,,,,,,,,,,,,,,,,,,,
,,20480426,,,,,,,,,,,,,,,,,,,,,,,,,,,,,,,,,
,,20480502,,,,,,,,,,,,,,,,,,,,,,,,,,,,,,,,,
,,20480503,,,,,,,,,,,,,,,,,,,,,,,,,,,,,,,,,
,,20480509,,,,,,,,,,,,,,,,,,,,,,,,,,,,,,,,,
,,20480510,,,,,,,,,,,,,,,,,,,,,,,,,,,,,,,,,
,,20480516,,,,,,,,,,,,,,,,,,,,,,,,,,,,,,,,,
,,20480517,,,,,,,,,,,,,,,,,,,,,,,,,,,,,,,,,
,,20480523,,,,,,,,,,,,,,,,,,,,,,,,,,,,,,,,,
,,20480524,,,,,,,,,,,,,,,,,,,,,,,,,,,,,,,,,
,,20480525,,,,,,,,,,,,,,,,,,,,,,,,,,,,,,,,,
,,20480530,,,,,,,,,,,,,,,,,,,,,,,,,,,,,,,,,
,,20480531,,,,,,,,,,,,,,,,,,,,,,,,,,,,,,,,,
,,20480606,,,,,,,,,,,,,,,,,,,,,,,,,,,,,,,,,
,,20480607,,,,,,,,,,,,,,,,,,,,,,,,,,,,,,,,,
,,20480613,,,,,,,,,,,,,,,,,,,,,,,,,,,,,,,,,
,,20480614,,,,,,,,,,,,,,,,,,,,,,,,,,,,,,,,,
,,20480620,,,,,,,,,,,,,,,,,,,,,,,,,,,,,,,,,
,,20480621,,,,,,,,,,,,,,,,,,,,,,,,,,,,,,,,,
,,20480627,,,,,,,,,,,,,,,,,,,,,,,,,,,,,,,,,
,,20480628,,,,,,,,,,,,,,,,,,,,,,,,,,,,,,,,,
,,20480703,,,,,,,,,,,,,,,,,,,,,,,,,,,,,,,,,
,,20480704,,,,,,,,,,,,,,,,,,,,,,,,,,,,,,,,,
,,20480705,,,,,,,,,,,,,,,,,,,,,,,,,,,,,,,,,
,,20480711,,,,,,,,,,,,,,,,,,,,,,,,,,,,,,,,,
,,20480712,,,,,,,,,,,,,,,,,,,,,,,,,,,,,,,,,
,,20480718,,,,,,,,,,,,,,,,,,,,,,,,,,,,,,,,,
,,20480719,,,,,,,,,,,,,,,,,,,,,,,,,,,,,,,,,
,,20480725,,,,,,,,,,,,,,,,,,,,,,,,,,,,,,,,,
,,20480726,,,,,,,,,,,,,,,,,,,,,,,,,,,,,,,,,
,,20480801,,,,,,,,,,,,,,,,,,,,,,,,,,,,,,,,,
,,20480802,,,,,,,,,,,,,,,,,,,,,,,,,,,,,,,,,
,,20480808,,,,,,,,,,,,,,,,,,,,,,,,,,,,,,,,,
,,20480809,,,,,,,,,,,,,,,,,,,,,,,,,,,,,,,,,
,,20480815,,,,,,,,,,,,,,,,,,,,,,,,,,,,,,,,,
,,20480816,,,,,,,,,,,,,,,,,,,,,,,,,,,,,,,,,
,,20480822,,,,,,,,,,,,,,,,,,,,,,,,,,,,,,,,,
,,20480823,,,,,,,,,,,,,,,,,,,,,,,,,,,,,,,,,
,,20480829,,,,,,,,,,,,,,,,,,,,,,,,,,,,,,,,,
,,20480830,,,,,,,,,,,,,,,,,,,,,,,,,,,,,,,,,
,,20480905,,,,,,,,,,,,,,,,,,,,,,,,,,,,,,,,,
,,20480906,,,,,,,,,,,,,,,,,,,,,,,,,,,,,,,,,
,,20480907,,,,,,,,,,,,,,,,,,,,,,,,,,,,,,,,,
,,20480912,,,,,,,,,,,,,,,,,,,,,,,,,,,,,,,,,
,,20480913,,,,,,,,,,,,,,,,,,,,,,,,,,,,,,,,,
,,20480919,,,,,,,,,,,,,,,,,,,,,,,,,,,,,,,,,
,,20480920,,,,,,,,,,,,,,,,,,,,,,,,,,,,,,,,,
,,20480926,,,,,,,,,,,,,,,,,,,,,,,,,,,,,,,,,
,,20480927,,,,,,,,,,,,,,,,,,,,,,,,,,,,,,,,,
,,20481003,,,,,,,,,,,,,,,,,,,,,,,,,,,,,,,,,
,,20481004,,,,,,,,,,,,,,,,,,,,,,,,,,,,,,,,,
,,20481010,,,,,,,,,,,,,,,,,,,,,,,,,,,,,,,,,
,,20481011,,,,,,,,,,,,,,,,,,,,,,,,,,,,,,,,,
,,20481012,,,,,,,,,,,,,,,,,,,,,,,,,,,,,,,,,
,,20481017,,,,,,,,,,,,,,,,,,,,,,,,,,,,,,,,,
,,20481018,,,,,,,,,,,,,,,,,,,,,,,,,,,,,,,,,
,,20481024,,,,,,,,,,,,,,,,,,,,,,,,,,,,,,,,,
,,20481025,,,,,,,,,,,,,,,,,,,,,,,,,,,,,,,,,
,,20481031,,,,,,,,,,,,,,,,,,,,,,,,,,,,,,,,,
,,20481101,,,,,,,,,,,,,,,,,,,,,,,,,,,,,,,,,
,,20481107,,,,,,,,,,,,,,,,,,,,,,,,,,,,,,,,,
,,20481108,,,,,,,,,,,,,,,,,,,,,,,,,,,,,,,,,
,,20481111,,,,,,,,,,,,,,,,,,,,,,,,,,,,,,,,,
,,20481114,,,,,,,,,,,,,,,,,,,,,,,,,,,,,,,,,
,,20481115,,,,,,,,,,,,,,,,,,,,,,,,,,,,,,,,,
,,20481121,,,,,,,,,,,,,,,,,,,,,,,,,,,,,,,,,
,,20481122,,,,,,,,,,,,,,,,,,,,,,,,,,,,,,,,,
,,20481126,,,,,,,,,,,,,,,,,,,,,,,,,,,,,,,,,
,,20481128,,,,,,,,,,,,,,,,,,,,,,,,,,,,,,,,,
,,20481129,,,,,,,,,,,,,,,,,,,,,,,,,,,,,,,,,
,,20481205,,,,,,,,,,,,,,,,,,,,,,,,,,,,,,,,,
,,20481206,,,,,,,,,,,,,,,,,,,,,,,,,,,,,,,,,
,,20481212,,,,,,,,,,,,,,,,,,,,,,,,,,,,,,,,,
,,20481213,,,,,,,,,,,,,,,,,,,,,,,,,,,,,,,,,
,,20481219,,,,,,,,,,,,,,,,,,,,,,,,,,,,,,,,,
,,20481220,,,,,,,,,,,,,,,,,,,,,,,,,,,,,,,,,
,,20481225,,,,,,,,,,,,,,,,,,,,,,,,,,,,,,,,,
,,20481226,,,,,,,,,,,,,,,,,,,,,,,,,,,,,,,,,
,,20481227,,,,,,,,,,,,,,,,,,,,,,,,,,,,,,,,,
,,20490101,,,,,,,,,,,,,,,,,,,,,,,,,,,,,,,,,
,,20490102,,,,,,,,,,,,,,,,,,,,,,,,,,,,,,,,,
,,20490103,,,,,,,,,,,,,,,,,,,,,,,,,,,,,,,,,
,,20490109,,,,,,,,,,,,,,,,,,,,,,,,,,,,,,,,,
,,20490110,,,,,,,,,,,,,,,,,,,,,,,,,,,,,,,,,
,,20490116,,,,,,,,,,,,,,,,,,,,,,,,,,,,,,,,,
,,20490117,,,,,,,,,,,,,,,,,,,,,,,,,,,,,,,,,
,,20490118,,,,,,,,,,,,,,,,,,,,,,,,,,,,,,,,,
,,20490123,,,,,,,,,,,,,,,,,,,,,,,,,,,,,,,,,
,,20490124,,,,,,,,,,,,,,,,,,,,,,,,,,,,,,,,,
,,20490130,,,,,,,,,,,,,,,,,,,,,,,,,,,,,,,,,
,,20490131,,,,,,,,,,,,,,,,,,,,,,,,,,,,,,,,,
,,20490206,,,,,,,,,,,,,,,,,,,,,,,,,,,,,,,,,
,,20490207,,,,,,,,,,,,,,,,,,,,,,,,,,,,,,,,,
,,20490213,,,,,,,,,,,,,,,,,,,,,,,,,,,,,,,,,
,,20490214,,,,,,,,,,,,,,,,,,,,,,,,,,,,,,,,,
,,20490215,,,,,,,,,,,,,,,,,,,,,,,,,,,,,,,,,
,,20490220,,,,,,,,,,,,,,,,,,,,,,,,,,,,,,,,,
,,20490221,,,,,,,,,,,,,,,,,,,,,,,,,,,,,,,,,
,,20490227,,,,,,,,,,,,,,,,,,,,,,,,,,,,,,,,,
,,20490228,,,,,,,,,,,,,,,,,,,,,,,,,,,,,,,,,
,,20490306,,,,,,,,,,,,,,,,,,,,,,,,,,,,,,,,,
,,20490307,,,,,,,,,,,,,,,,,,,,,,,,,,,,,,,,,
,,20490313,,,,,,,,,,,,,,,,,,,,,,,,,,,,,,,,,
,,20490314,,,,,,,,,,,,,,,,,,,,,,,,,,,,,,,,,
,,20490320,,,,,,,,,,,,,,,,,,,,,,,,,,,,,,,,,
,,20490321,,,,,,,,,,,,,,,,,,,,,,,,,,,,,,,,,
,,20490327,,,,,,,,,,,,,,,,,,,,,,,,,,,,,,,,,
,,20490328,,,,,,,,,,,,,,,,,,,,,,,,,,,,,,,,,
,,20490403,,,,,,,,,,,,,,,,,,,,,,,,,,,,,,,,,
,,20490404,,,,,,,,,,,,,,,,,,,,,,,,,,,,,,,,,
,,20490410,,,,,,,,,,,,,,,,,,,,,,,,,,,,,,,,,
,,20490411,,,,,,,,,,,,,,,,,,,,,,,,,,,,,,,,,
,,20490416,,,,,,,,,,,,,,,,,,,,,,,,,,,,,,,,,
,,20490417,,,,,,,,,,,,,,,,,,,,,,,,,,,,,,,,,
,,20490418,,,,,,,,,,,,,,,,,,,,,,,,,,,,,,,,,
,,20490424,,,,,,,,,,,,,,,,,,,,,,,,,,,,,,,,,
,,20490425,,,,,,,,,,,,,,,,,,,,,,,,,,,,,,,,,
,,20490501,,,,,,,,,,,,,,,,,,,,,,,,,,,,,,,,,
,,20490502,,,,,,,,,,,,,,,,,,,,,,,,,,,,,,,,,
,,20490508,,,,,,,,,,,,,,,,,,,,,,,,,,,,,,,,,
,,20490509,,,,,,,,,,,,,,,,,,,,,,,,,,,,,,,,,
,,20490515,,,,,,,,,,,,,,,,,,,,,,,,,,,,,,,,,
,,20490516,,,,,,,,,,,,,,,,,,,,,,,,,,,,,,,,,
,,20490522,,,,,,,,,,,,,,,,,,,,,,,,,,,,,,,,,
,,20490523,,,,,,,,,,,,,,,,,,,,,,,,,,,,,,,,,
,,20490529,,,,,,,,,,,,,,,,,,,,,,,,,,,,,,,,,
,,20490530,,,,,,,,,,,,,,,,,,,,,,,,,,,,,,,,,
,,20490531,,,,,,,,,,,,,,,,,,,,,,,,,,,,,,,,,
,,20490605,,,,,,,,,,,,,,,,,,,,,,,,,,,,,,,,,
,,20490606,,,,,,,,,,,,,,,,,,,,,,,,,,,,,,,,,
,,20490612,,,,,,,,,,,,,,,,,,,,,,,,,,,,,,,,,
,,20490613,,,,,,,,,,,,,,,,,,,,,,,,,,,,,,,,,
,,20490619,,,,,,,,,,,,,,,,,,,,,,,,,,,,,,,,,
,,20490620,,,,,,,,,,,,,,,,,,,,,,,,,,,,,,,,,
,,20490626,,,,,,,,,,,,,,,,,,,,,,,,,,,,,,,,,
,,20490627,,,,,,,,,,,,,,,,,,,,,,,,,,,,,,,,,
,,20490703,,,,,,,,,,,,,,,,,,,,,,,,,,,,,,,,,
,,20490704,,,,,,,,,,,,,,,,,,,,,,,,,,,,,,,,,
,,20490705,,,,,,,,,,,,,,,,,,,,,,,,,,,,,,,,,
,,20490710,,,,,,,,,,,,,,,,,,,,,,,,,,,,,,,,,
,,20490711,,,,,,,,,,,,,,,,,,,,,,,,,,,,,,,,,
,,20490717,,,,,,,,,,,,,,,,,,,,,,,,,,,,,,,,,
,,20490718,,,,,,,,,,,,,,,,,,,,,,,,,,,,,,,,,
,,20490724,,,,,,,,,,,,,,,,,,,,,,,,,,,,,,,,,
,,20490725,,,,,,,,,,,,,,,,,,,,,,,,,,,,,,,,,
,,20490731,,,,,,,,,,,,,,,,,,,,,,,,,,,,,,,,,
,,20490801,,,,,,,,,,,,,,,,,,,,,,,,,,,,,,,,,
,,20490807,,,,,,,,,,,,,,,,,,,,,,,,,,,,,,,,,
,,20490808,,,,,,,,,,,,,,,,,,,,,,,,,,,,,,,,,
,,20490814,,,,,,,,,,,,,,,,,,,,,,,,,,,,,,,,,
,,20490815,,,,,,,,,,,,,,,,,,,,,,,,,,,,,,,,,
,,20490821,,,,,,,,,,,,,,,,,,,,,,,,,,,,,,,,,
,,20490822,,,,,,,,,,,,,,,,,,,,,,,,,,,,,,,,,
,,20490828,,,,,,,,,,,,,,,,,,,,,,,,,,,,,,,,,
,,20490829,,,,,,,,,,,,,,,,,,,,,,,,,,,,,,,,,
,,20490904,,,,,,,,,,,,,,,,,,,,,,,,,,,,,,,,,
,,20490905,,,,,,,,,,,,,,,,,,,,,,,,,,,,,,,,,
,,20490906,,,,,,,,,,,,,,,,,,,,,,,,,,,,,,,,,
,,20490911,,,,,,,,,,,,,,,,,,,,,,,,,,,,,,,,,
,,20490912,,,,,,,,,,,,,,,,,,,,,,,,,,,,,,,,,
,,20490918,,,,,,,,,,,,,,,,,,,,,,,,,,,,,,,,,
,,20490919,,,,,,,,,,,,,,,,,,,,,,,,,,,,,,,,,
,,20490925,,,,,,,,,,,,,,,,,,,,,,,,,,,,,,,,,
,,20490926,,,,,,,,,,,,,,,,,,,,,,,,,,,,,,,,,
,,20491002,,,,,,,,,,,,,,,,,,,,,,,,,,,,,,,,,
,,20491003,,,,,,,,,,,,,,,,,,,,,,,,,,,,,,,,,
,,20491009,,,,,,,,,,,,,,,,,,,,,,,,,,,,,,,,,
,,20491010,,,,,,,,,,,,,,,,,,,,,,,,,,,,,,,,,
,,20491011,,,,,,,,,,,,,,,,,,,,,,,,,,,,,,,,,
,,20491016,,,,,,,,,,,,,,,,,,,,,,,,,,,,,,,,,
,,20491017,,,,,,,,,,,,,,,,,,,,,,,,,,,,,,,,,
,,20491023,,,,,,,,,,,,,,,,,,,,,,,,,,,,,,,,,
,,20491024,,,,,,,,,,,,,,,,,,,,,,,,,,,,,,,,,
,,20491030,,,,,,,,,,,,,,,,,,,,,,,,,,,,,,,,,
,,20491031,,,,,,,,,,,,,,,,,,,,,,,,,,,,,,,,,
,,20491106,,,,,,,,,,,,,,,,,,,,,,,,,,,,,,,,,
,,20491107,,,,,,,,,,,,,,,,,,,,,,,,,,,,,,,,,
,,20491111,,,,,,,,,,,,,,,,,,,,,,,,,,,,,,,,,
,,20491113,,,,,,,,,,,,,,,,,,,,,,,,,,,,,,,,,
,,20491114,,,,,,,,,,,,,,,,,,,,,,,,,,,,,,,,,
,,20491120,,,,,,,,,,,,,,,,,,,,,,,,,,,,,,,,,
,,20491121,,,,,,,,,,,,,,,,,,,,,,,,,,,,,,,,,
,,20491125,,,,,,,,,,,,,,,,,,,,,,,,,,,,,,,,,
,,20491127,,,,,,,,,,,,,,,,,,,,,,,,,,,,,,,,,
,,20491128,,,,,,,,,,,,,,,,,,,,,,,,,,,,,,,,,
,,20491204,,,,,,,,,,,,,,,,,,,,,,,,,,,,,,,,,
,,20491205,,,,,,,,,,,,,,,,,,,,,,,,,,,,,,,,,
,,20491211,,,,,,,,,,,,,,,,,,,,,,,,,,,,,,,,,
,,20491212,,,,,,,,,,,,,,,,,,,,,,,,,,,,,,,,,
,,20491218,,,,,,,,,,,,,,,,,,,,,,,,,,,,,,,,,
,,20491219,,,,,,,,,,,,,,,,,,,,,,,,,,,,,,,,,
,,20491224,,,,,,,,,,,,,,,,,,,,,,,,,,,,,,,,,
,,20491225,,,,,,,,,,,,,,,,,,,,,,,,,,,,,,,,,
,,20491226,,,,,,,,,,,,,,,,,,,,,,,,,,,,,,,,,
,,20500101,,,,,,,,,,,,,,,,,,,,,,,,,,,,,,,,,
,,20500102,,,,,,,,,,,,,,,,,,,,,,,,,,,,,,,,,
,,20500108,,,,,,,,,,,,,,,,,,,,,,,,,,,,,,,,,
,,20500109,,,,,,,,,,,,,,,,,,,,,,,,,,,,,,,,,
,,20500115,,,,,,,,,,,,,,,,,,,,,,,,,,,,,,,,,
,,20500116,,,,,,,,,,,,,,,,,,,,,,,,,,,,,,,,,
,,20500117,,,,,,,,,,,,,,,,,,,,,,,,,,,,,,,,,
,,20500122,,,,,,,,,,,,,,,,,,,,,,,,,,,,,,,,,
,,20500123,,,,,,,,,,,,,,,,,,,,,,,,,,,,,,,,,
,,20500129,,,,,,,,,,,,,,,,,,,,,,,,,,,,,,,,,
,,20500130,,,,,,,,,,,,,,,,,,,,,,,,,,,,,,,,,
,,20500205,,,,,,,,,,,,,,,,,,,,,,,,,,,,,,,,,
,,20500206,,,,,,,,,,,,,,,,,,,,,,,,,,,,,,,,,
,,20500212,,,,,,,,,,,,,,,,,,,,,,,,,,,,,,,,,
,,20500213,,,,,,,,,,,,,,,,,,,,,,,,,,,,,,,,,
,,20500219,,,,,,,,,,,,,,,,,,,,,,,,,,,,,,,,,
,,20500220,,,,,,,,,,,,,,,,,,,,,,,,,,,,,,,,,
,,20500221,,,,,,,,,,,,,,,,,,,,,,,,,,,,,,,,,
,,20500226,,,,,,,,,,,,,,,,,,,,,,,,,,,,,,,,,
,,20500227,,,,,,,,,,,,,,,,,,,,,,,,,,,,,,,,,
,,20500305,,,,,,,,,,,,,,,,,,,,,,,,,,,,,,,,,
,,20500306,,,,,,,,,,,,,,,,,,,,,,,,,,,,,,,,,
,,20500312,,,,,,,,,,,,,,,,,,,,,,,,,,,,,,,,,
,,20500313,,,,,,,,,,,,,,,,,,,,,,,,,,,,,,,,,
,,20500319,,,,,,,,,,,,,,,,,,,,,,,,,,,,,,,,,
,,20500320,,,,,,,,,,,,,,,,,,,,,,,,,,,,,,,,,
,,20500326,,,,,,,,,,,,,,,,,,,,,,,,,,,,,,,,,
,,20500327,,,,,,,,,,,,,,,,,,,,,,,,,,,,,,,,,
,,20500402,,,,,,,,,,,,,,,,,,,,,,,,,,,,,,,,,
,,20500403,,,,,,,,,,,,,,,,,,,,,,,,,,,,,,,,,
,,20500408,,,,,,,,,,,,,,,,,,,,,,,,,,,,,,,,,
,,20500409,,,,,,,,,,,,,,,,,,,,,,,,,,,,,,,,,
,,20500410,,,,,,,,,,,,,,,,,,,,,,,,,,,,,,,,,
,,20500416,,,,,,,,,,,,,,,,,,,,,,,,,,,,,,,,,
,,20500417,,,,,,,,,,,,,,,,,,,,,,,,,,,,,,,,,
,,20500423,,,,,,,,,,,,,,,,,,,,,,,,,,,,,,,,,
,,20500424,,,,,,,,,,,,,,,,,,,,,,,,,,,,,,,,,
,,20500430,,,,,,,,,,,,,,,,,,,,,,,,,,,,,,,,,
,,20500501,,,,,,,,,,,,,,,,,,,,,,,,,,,,,,,,,
,,20500507,,,,,,,,,,,,,,,,,,,,,,,,,,,,,,,,,
,,20500508,,,,,,,,,,,,,,,,,,,,,,,,,,,,,,,,,
,,20500514,,,,,,,,,,,,,,,,,,,,,,,,,,,,,,,,,
,,20500515,,,,,,,,,,,,,,,,,,,,,,,,,,,,,,,,,
,,20500521,,,,,,,,,,,,,,,,,,,,,,,,,,,,,,,,,
,,20500522,,,,,,,,,,,,,,,,,,,,,,,,,,,,,,,,,
,,20500528,,,,,,,,,,,,,,,,,,,,,,,,,,,,,,,,,
,,20500529,,,,,,,,,,,,,,,,,,,,,,,,,,,,,,,,,
,,20500530,,,,,,,,,,,,,,,,,,,,,,,,,,,,,,,,,
,,20500604,,,,,,,,,,,,,,,,,,,,,,,,,,,,,,,,,
,,20500605,,,,,,,,,,,,,,,,,,,,,,,,,,,,,,,,,
,,20500611,,,,,,,,,,,,,,,,,,,,,,,,,,,,,,,,,
,,20500612,,,,,,,,,,,,,,,,,,,,,,,,,,,,,,,,,
,,20500618,,,,,,,,,,,,,,,,,,,,,,,,,,,,,,,,,
,,20500619,,,,,,,,,,,,,,,,,,,,,,,,,,,,,,,,,
,,20500625,,,,,,,,,,,,,,,,,,,,,,,,,,,,,,,,,
,,20500626,,,,,,,,,,,,,,,,,,,,,,,,,,,,,,,,,
,,20500702,,,,,,,,,,,,,,,,,,,,,,,,,,,,,,,,,
,,20500703,,,,,,,,,,,,,,,,,,,,,,,,,,,,,,,,,
,,20500704,,,,,,,,,,,,,,,,,,,,,,,,,,,,,,,,,
,,20500709,,,,,,,,,,,,,,,,,,,,,,,,,,,,,,,,,
,,20500710,,,,,,,,,,,,,,,,,,,,,,,,,,,,,,,,,
,,20500716,,,,,,,,,,,,,,,,,,,,,,,,,,,,,,,,,
,,20500717,,,,,,,,,,,,,,,,,,,,,,,,,,,,,,,,,
,,20500723,,,,,,,,,,,,,,,,,,,,,,,,,,,,,,,,,
,,20500724,,,,,,,,,,,,,,,,,,,,,,,,,,,,,,,,,
,,20500730,,,,,,,,,,,,,,,,,,,,,,,,,,,,,,,,,
,,20500731,,,,,,,,,,,,,,,,,,,,,,,,,,,,,,,,,
,,20500806,,,,,,,,,,,,,,,,,,,,,,,,,,,,,,,,,
,,20500807,,,,,,,,,,,,,,,,,,,,,,,,,,,,,,,,,
,,20500813,,,,,,,,,,,,,,,,,,,,,,,,,,,,,,,,,
,,20500814,,,,,,,,,,,,,,,,,,,,,,,,,,,,,,,,,
,,20500820,,,,,,,,,,,,,,,,,,,,,,,,,,,,,,,,,
,,20500821,,,,,,,,,,,,,,,,,,,,,,,,,,,,,,,,,
,,20500827,,,,,,,,,,,,,,,,,,,,,,,,,,,,,,,,,
,,20500828,,,,,,,,,,,,,,,,,,,,,,,,,,,,,,,,,
,,20500903,,,,,,,,,,,,,,,,,,,,,,,,,,,,,,,,,
,,20500904,,,,,,,,,,,,,,,,,,,,,,,,,,,,,,,,,
,,20500905,,,,,,,,,,,,,,,,,,,,,,,,,,,,,,,,,
,,20500910,,,,,,,,,,,,,,,,,,,,,,,,,,,,,,,,,
,,20500911,,,,,,,,,,,,,,,,,,,,,,,,,,,,,,,,,
,,20500917,,,,,,,,,,,,,,,,,,,,,,,,,,,,,,,,,
,,20500918,,,,,,,,,,,,,,,,,,,,,,,,,,,,,,,,,
,,20500924,,,,,,,,,,,,,,,,,,,,,,,,,,,,,,,,,
,,20500925,,,,,,,,,,,,,,,,,,,,,,,,,,,,,,,,,
,,20501001,,,,,,,,,,,,,,,,,,,,,,,,,,,,,,,,,
,,20501002,,,,,,,,,,,,,,,,,,,,,,,,,,,,,,,,,
,,20501008,,,,,,,,,,,,,,,,,,,,,,,,,,,,,,,,,
,,20501009,,,,,,,,,,,,,,,,,,,,,,,,,,,,,,,,,
,,20501010,,,,,,,,,,,,,,,,,,,,,,,,,,,,,,,,,
,,20501015,,,,,,,,,,,,,,,,,,,,,,,,,,,,,,,,,
,,20501016,,,,,,,,,,,,,,,,,,,,,,,,,,,,,,,,,
,,20501022,,,,,,,,,,,,,,,,,,,,,,,,,,,,,,,,,
,,20501023,,,,,,,,,,,,,,,,,,,,,,,,,,,,,,,,,
,,20501029,,,,,,,,,,,,,,,,,,,,,,,,,,,,,,,,,
,,20501030,,,,,,,,,,,,,,,,,,,,,,,,,,,,,,,,,
,,20501105,,,,,,,,,,,,,,,,,,,,,,,,,,,,,,,,,
,,20501106,,,,,,,,,,,,,,,,,,,,,,,,,,,,,,,,,
,,20501111,,,,,,,,,,,,,,,,,,,,,,,,,,,,,,,,,
,,20501112,,,,,,,,,,,,,,,,,,,,,,,,,,,,,,,,,
,,20501113,,,,,,,,,,,,,,,,,,,,,,,,,,,,,,,,,
,,20501119,,,,,,,,,,,,,,,,,,,,,,,,,,,,,,,,,
,,20501120,,,,,,,,,,,,,,,,,,,,,,,,,,,,,,,,,
,,20501124,,,,,,,,,,,,,,,,,,,,,,,,,,,,,,,,,
,,20501126,,,,,,,,,,,,,,,,,,,,,,,,,,,,,,,,,
,,20501127,,,,,,,,,,,,,,,,,,,,,,,,,,,,,,,,,
,,20501203,,,,,,,,,,,,,,,,,,,,,,,,,,,,,,,,,
,,20501204,,,,,,,,,,,,,,,,,,,,,,,,,,,,,,,,,
,,20501210,,,,,,,,,,,,,,,,,,,,,,,,,,,,,,,,,
,,20501211,,,,,,,,,,,,,,,,,,,,,,,,,,,,,,,,,
,,20501217,,,,,,,,,,,,,,,,,,,,,,,,,,,,,,,,,
,,20501218,,,,,,,,,,,,,,,,,,,,,,,,,,,,,,,,,
,,20501224,,,,,,,,,,,,,,,,,,,,,,,,,,,,,,,,,
,,20501225,,,,,,,,,,,,,,,,,,,,,,,,,,,,,,,,,
,,20501226,,,,,,,,,,,,,,,,,,,,,,,,,,,,,,,,,
,,20501231,,,,,,,,,,,,,,,,,,,,,,,,,,,,,,,,,
,,20510101,,,,,,,,,,,,,,,,,,,,,,,,,,,,,,,,,
,,20510102,,,,,,,,,,,,,,,,,,,,,,,,,,,,,,,,,
,,20510107,,,,,,,,,,,,,,,,,,,,,,,,,,,,,,,,,
,,20510108,,,,,,,,,,,,,,,,,,,,,,,,,,,,,,,,,
,,20510114,,,,,,,,,,,,,,,,,,,,,,,,,,,,,,,,,
,,20510115,,,,,,,,,,,,,,,,,,,,,,,,,,,,,,,,,
,,20510116,,,,,,,,,,,,,,,,,,,,,,,,,,,,,,,,,
,,20510121,,,,,,,,,,,,,,,,,,,,,,,,,,,,,,,,,
,,20510122,,,,,,,,,,,,,,,,,,,,,,,,,,,,,,,,,
,,20510128,,,,,,,,,,,,,,,,,,,,,,,,,,,,,,,,,
,,20510129,,,,,,,,,,,,,,,,,,,,,,,,,,,,,,,,,
,,20510204,,,,,,,,,,,,,,,,,,,,,,,,,,,,,,,,,
,,20510205,,,,,,,,,,,,,,,,,,,,,,,,,,,,,,,,,
,,20510211,,,,,,,,,,,,,,,,,,,,,,,,,,,,,,,,,
,,20510212,,,,,,,,,,,,,,,,,,,,,,,,,,,,,,,,,
,,20510218,,,,,,,,,,,,,,,,,,,,,,,,,,,,,,,,,
,,20510219,,,,,,,,,,,,,,,,,,,,,,,,,,,,,,,,,
,,20510220,,,,,,,,,,,,,,,,,,,,,,,,,,,,,,,,,
,,20510225,,,,,,,,,,,,,,,,,,,,,,,,,,,,,,,,,
,,20510226,,,,,,,,,,,,,,,,,,,,,,,,,,,,,,,,,
,,20510304,,,,,,,,,,,,,,,,,,,,,,,,,,,,,,,,,
,,20510305,,,,,,,,,,,,,,,,,,,,,,,,,,,,,,,,,
,,20510311,,,,,,,,,,,,,,,,,,,,,,,,,,,,,,,,,
,,20510312,,,,,,,,,,,,,,,,,,,,,,,,,,,,,,,,,
,,20510318,,,,,,,,,,,,,,,,,,,,,,,,,,,,,,,,,
,,20510319,,,,,,,,,,,,,,,,,,,,,,,,,,,,,,,,,
,,20510325,,,,,,,,,,,,,,,,,,,,,,,,,,,,,,,,,
,,20510326,,,,,,,,,,,,,,,,,,,,,,,,,,,,,,,,,
,,20510331,,,,,,,,,,,,,,,,,,,,,,,,,,,,,,,,,
,,20510401,,,,,,,,,,,,,,,,,,,,,,,,,,,,,,,,,
,,20510402,,,,,,,,,,,,,,,,,,,,,,,,,,,,,,,,,
,,20510408,,,,,,,,,,,,,,,,,,,,,,,,,,,,,,,,,
,,20510409,,,,,,,,,,,,,,,,,,,,,,,,,,,,,,,,,
,,20510415,,,,,,,,,,,,,,,,,,,,,,,,,,,,,,,,,
,,20510416,,,,,,,,,,,,,,,,,,,,,,,,,,,,,,,,,
,,20510422,,,,,,,,,,,,,,,,,,,,,,,,,,,,,,,,,
,,20510423,,,,,,,,,,,,,,,,,,,,,,,,,,,,,,,,,
,,20510429,,,,,,,,,,,,,,,,,,,,,,,,,,,,,,,,,
,,20510430,,,,,,,,,,,,,,,,,,,,,,,,,,,,,,,,,
,,20510506,,,,,,,,,,,,,,,,,,,,,,,,,,,,,,,,,
,,20510507,,,,,,,,,,,,,,,,,,,,,,,,,,,,,,,,,
,,20510513,,,,,,,,,,,,,,,,,,,,,,,,,,,,,,,,,
,,20510514,,,,,,,,,,,,,,,,,,,,,,,,,,,,,,,,,
,,20510520,,,,,,,,,,,,,,,,,,,,,,,,,,,,,,,,,
,,20510521,,,,,,,,,,,,,,,,,,,,,,,,,,,,,,,,,
,,20510527,,,,,,,,,,,,,,,,,,,,,,,,,,,,,,,,,
,,20510528,,,,,,,,,,,,,,,,,,,,,,,,,,,,,,,,,
,,20510529,,,,,,,,,,,,,,,,,,,,,,,,,,,,,,,,,
,,20510603,,,,,,,,,,,,,,,,,,,,,,,,,,,,,,,,,
,,20510604,,,,,,,,,,,,,,,,,,,,,,,,,,,,,,,,,
,,20510610,,,,,,,,,,,,,,,,,,,,,,,,,,,,,,,,,
,,20510611,,,,,,,,,,,,,,,,,,,,,,,,,,,,,,,,,
,,20510617,,,,,,,,,,,,,,,,,,,,,,,,,,,,,,,,,
,,20510618,,,,,,,,,,,,,,,,,,,,,,,,,,,,,,,,,
,,20510624,,,,,,,,,,,,,,,,,,,,,,,,,,,,,,,,,
,,20510625,,,,,,,,,,,,,,,,,,,,,,,,,,,,,,,,,
,,20510701,,,,,,,,,,,,,,,,,,,,,,,,,,,,,,,,,
,,20510702,,,,,,,,,,,,,,,,,,,,,,,,,,,,,,,,,
,,20510704,,,,,,,,,,,,,,,,,,,,,,,,,,,,,,,,,
,,20510708,,,,,,,,,,,,,,,,,,,,,,,,,,,,,,,,,
,,20510709,,,,,,,,,,,,,,,,,,,,,,,,,,,,,,,,,
,,20510715,,,,,,,,,,,,,,,,,,,,,,,,,,,,,,,,,
,,20510716,,,,,,,,,,,,,,,,,,,,,,,,,,,,,,,,,
,,20510722,,,,,,,,,,,,,,,,,,,,,,,,,,,,,,,,,
,,20510723,,,,,,,,,,,,,,,,,,,,,,,,,,,,,,,,,
,,20510729,,,,,,,,,,,,,,,,,,,,,,,,,,,,,,,,,
,,20510730,,,,,,,,,,,,,,,,,,,,,,,,,,,,,,,,,
,,20510805,,,,,,,,,,,,,,,,,,,,,,,,,,,,,,,,,
,,20510806,,,,,,,,,,,,,,,,,,,,,,,,,,,,,,,,,
,,20510812,,,,,,,,,,,,,,,,,,,,,,,,,,,,,,,,,
,,20510813,,,,,,,,,,,,,,,,,,,,,,,,,,,,,,,,,
,,20510819,,,,,,,,,,,,,,,,,,,,,,,,,,,,,,,,,
,,20510820,,,,,,,,,,,,,,,,,,,,,,,,,,,,,,,,,
,,20510826,,,,,,,,,,,,,,,,,,,,,,,,,,,,,,,,,
,,20510827,,,,,,,,,,,,,,,,,,,,,,,,,,,,,,,,,
,,20510902,,,,,,,,,,,,,,,,,,,,,,,,,,,,,,,,,
,,20510903,,,,,,,,,,,,,,,,,,,,,,,,,,,,,,,,,
,,20510904,,,,,,,,,,,,,,,,,,,,,,,,,,,,,,,,,
,,20510909,,,,,,,,,,,,,,,,,,,,,,,,,,,,,,,,,
,,20510910,,,,,,,,,,,,,,,,,,,,,,,,,,,,,,,,,
,,20510916,,,,,,,,,,,,,,,,,,,,,,,,,,,,,,,,,
,,20510917,,,,,,,,,,,,,,,,,,,,,,,,,,,,,,,,,
,,20510923,,,,,,,,,,,,,,,,,,,,,,,,,,,,,,,,,
,,20510924,,,,,,,,,,,,,,,,,,,,,,,,,,,,,,,,,
,,20510930,,,,,,,,,,,,,,,,,,,,,,,,,,,,,,,,,
,,20511001,,,,,,,,,,,,,,,,,,,,,,,,,,,,,,,,,
,,20511007,,,,,,,,,,,,,,,,,,,,,,,,,,,,,,,,,
,,20511008,,,,,,,,,,,,,,,,,,,,,,,,,,,,,,,,,
,,20511009,,,,,,,,,,,,,,,,,,,,,,,,,,,,,,,,,
,,20511014,,,,,,,,,,,,,,,,,,,,,,,,,,,,,,,,,
,,20511015,,,,,,,,,,,,,,,,,,,,,,,,,,,,,,,,,
,,20511021,,,,,,,,,,,,,,,,,,,,,,,,,,,,,,,,,
,,20511022,,,,,,,,,,,,,,,,,,,,,,,,,,,,,,,,,
,,20511028,,,,,,,,,,,,,,,,,,,,,,,,,,,,,,,,,
,,20511029,,,,,,,,,,,,,,,,,,,,,,,,,,,,,,,,,
,,20511104,,,,,,,,,,,,,,,,,,,,,,,,,,,,,,,,,
,,20511105,,,,,,,,,,,,,,,,,,,,,,,,,,,,,,,,,
,,20511111,,,,,,,,,,,,,,,,,,,,,,,,,,,,,,,,,
,,20511112,,,,,,,,,,,,,,,,,,,,,,,,,,,,,,,,,
,,20511118,,,,,,,,,,,,,,,,,,,,,,,,,,,,,,,,,
,,20511119,,,,,,,,,,,,,,,,,,,,,,,,,,,,,,,,,
,,20511123,,,,,,,,,,,,,,,,,,,,,,,,,,,,,,,,,
,,20511125,,,,,,,,,,,,,,,,,,,,,,,,,,,,,,,,,
,,20511126,,,,,,,,,,,,,,,,,,,,,,,,,,,,,,,,,
,,20511202,,,,,,,,,,,,,,,,,,,,,,,,,,,,,,,,,
,,20511203,,,,,,,,,,,,,,,,,,,,,,,,,,,,,,,,,
,,20511209,,,,,,,,,,,,,,,,,,,,,,,,,,,,,,,,,
,,20511210,,,,,,,,,,,,,,,,,,,,,,,,,,,,,,,,,
,,20511216,,,,,,,,,,,,,,,,,,,,,,,,,,,,,,,,,
,,20511217,,,,,,,,,,,,,,,,,,,,,,,,,,,,,,,,,
,,20511223,,,,,,,,,,,,,,,,,,,,,,,,,,,,,,,,,
,,20511224,,,,,,,,,,,,,,,,,,,,,,,,,,,,,,,,,
,,20511225,,,,,,,,,,,,,,,,,,,,,,,,,,,,,,,,,
,,20511230,,,,,,,,,,,,,,,,,,,,,,,,,,,,,,,,,
,,20511231,,,,,,,,,,,,,,,,,,,,,,,,,,,,,,,,,
,,20520101,,,,,,,,,,,,,,,,,,,,,,,,,,,,,,,,,
,,20520106,,,,,,,,,,,,,,,,,,,,,,,,,,,,,,,,,
,,20520107,,,,,,,,,,,,,,,,,,,,,,,,,,,,,,,,,
,,20520113,,,,,,,,,,,,,,,,,,,,,,,,,,,,,,,,,
,,20520114,,,,,,,,,,,,,,,,,,,,,,,,,,,,,,,,,
,,20520115,,,,,,,,,,,,,,,,,,,,,,,,,,,,,,,,,
,,20520120,,,,,,,,,,,,,,,,,,,,,,,,,,,,,,,,,
,,20520121,,,,,,,,,,,,,,,,,,,,,,,,,,,,,,,,,
,,20520127,,,,,,,,,,,,,,,,,,,,,,,,,,,,,,,,,
,,20520128,,,,,,,,,,,,,,,,,,,,,,,,,,,,,,,,,
,,20520203,,,,,,,,,,,,,,,,,,,,,,,,,,,,,,,,,
,,20520204,,,,,,,,,,,,,,,,,,,,,,,,,,,,,,,,,
,,20520210,,,,,,,,,,,,,,,,,,,,,,,,,,,,,,,,,
,,20520211,,,,,,,,,,,,,,,,,,,,,,,,,,,,,,,,,
,,20520217,,,,,,,,,,,,,,,,,,,,,,,,,,,,,,,,,
,,20520218,,,,,,,,,,,,,,,,,,,,,,,,,,,,,,,,,
,,20520219,,,,,,,,,,,,,,,,,,,,,,,,,,,,,,,,,
,,20520224,,,,,,,,,,,,,,,,,,,,,,,,,,,,,,,,,
,,20520225,,,,,,,,,,,,,,,,,,,,,,,,,,,,,,,,,
,,20520302,,,,,,,,,,,,,,,,,,,,,,,,,,,,,,,,,
,,20520303,,,,,,,,,,,,,,,,,,,,,,,,,,,,,,,,,
,,20520309,,,,,,,,,,,,,,,,,,,,,,,,,,,,,,,,,
,,20520310,,,,,,,,,,,,,,,,,,,,,,,,,,,,,,,,,
,,20520316,,,,,,,,,,,,,,,,,,,,,,,,,,,,,,,,,
,,20520317,,,,,,,,,,,,,,,,,,,,,,,,,,,,,,,,,
,,20520323,,,,,,,,,,,,,,,,,,,,,,,,,,,,,,,,,
,,20520324,,,,,,,,,,,,,,,,,,,,,,,,,,,,,,,,,
,,20520330,,,,,,,,,,,,,,,,,,,,,,,,,,,,,,,,,
,,20520331,,,,,,,,,,,,,,,,,,,,,,,,,,,,,,,,,
,,20520406,,,,,,,,,,,,,,,,,,,,,,,,,,,,,,,,,
,,20520407,,,,,,,,,,,,,,,,,,,,,,,,,,,,,,,,,
,,20520413,,,,,,,,,,,,,,,,,,,,,,,,,,,,,,,,,
,,20520414,,,,,,,,,,,,,,,,,,,,,,,,,,,,,,,,,
,,20520419,,,,,,,,,,,,,,,,,,,,,,,,,,,,,,,,,
,,20520420,,,,,,,,,,,,,,,,,,,,,,,,,,,,,,,,,
,,20520421,,,,,,,,,,,,,,,,,,,,,,,,,,,,,,,,,
,,20520427,,,,,,,,,,,,,,,,,,,,,,,,,,,,,,,,,
,,20520428,,,,,,,,,,,,,,,,,,,,,,,,,,,,,,,,,
,,20520504,,,,,,,,,,,,,,,,,,,,,,,,,,,,,,,,,
,,20520505,,,,,,,,,,,,,,,,,,,,,,,,,,,,,,,,,
,,20520511,,,,,,,,,,,,,,,,,,,,,,,,,,,,,,,,,
,,20520512,,,,,,,,,,,,,,,,,,,,,,,,,,,,,,,,,
,,20520518,,,,,,,,,,,,,,,,,,,,,,,,,,,,,,,,,
,,20520519,,,,,,,,,,,,,,,,,,,,,,,,,,,,,,,,,
,,20520525,,,,,,,,,,,,,,,,,,,,,,,,,,,,,,,,,
,,20520526,,,,,,,,,,,,,,,,,,,,,,,,,,,,,,,,,
,,20520527,,,,,,,,,,,,,,,,,,,,,,,,,,,,,,,,,
,,20520601,,,,,,,,,,,,,,,,,,,,,,,,,,,,,,,,,
,,20520602,,,,,,,,,,,,,,,,,,,,,,,,,,,,,,,,,
,,20520608,,,,,,,,,,,,,,,,,,,,,,,,,,,,,,,,,
,,20520609,,,,,,,,,,,,,,,,,,,,,,,,,,,,,,,,,
,,20520615,,,,,,,,,,,,,,,,,,,,,,,,,,,,,,,,,
,,20520616,,,,,,,,,,,,,,,,,,,,,,,,,,,,,,,,,
,,20520622,,,,,,,,,,,,,,,,,,,,,,,,,,,,,,,,,
,,20520623,,,,,,,,,,,,,,,,,,,,,,,,,,,,,,,,,
,,20520629,,,,,,,,,,,,,,,,,,,,,,,,,,,,,,,,,
,,20520630,,,,,,,,,,,,,,,,,,,,,,,,,,,,,,,,,
,,20520704,,,,,,,,,,,,,,,,,,,,,,,,,,,,,,,,,
,,20520706,,,,,,,,,,,,,,,,,,,,,,,,,,,,,,,,,
,,20520707,,,,,,,,,,,,,,,,,,,,,,,,,,,,,,,,,
,,20520713,,,,,,,,,,,,,,,,,,,,,,,,,,,,,,,,,
,,20520714,,,,,,,,,,,,,,,,,,,,,,,,,,,,,,,,,
,,20520720,,,,,,,,,,,,,,,,,,,,,,,,,,,,,,,,,
,,20520721,,,,,,,,,,,,,,,,,,,,,,,,,,,,,,,,,
,,20520727,,,,,,,,,,,,,,,,,,,,,,,,,,,,,,,,,
,,20520728,,,,,,,,,,,,,,,,,,,,,,,,,,,,,,,,,
,,20520803,,,,,,,,,,,,,,,,,,,,,,,,,,,,,,,,,
,,20520804,,,,,,,,,,,,,,,,,,,,,,,,,,,,,,,,,
,,20520810,,,,,,,,,,,,,,,,,,,,,,,,,,,,,,,,,
,,20520811,,,,,,,,,,,,,,,,,,,,,,,,,,,,,,,,,
,,20520817,,,,,,,,,,,,,,,,,,,,,,,,,,,,,,,,,
,,20520818,,,,,,,,,,,,,,,,,,,,,,,,,,,,,,,,,
,,20520824,,,,,,,,,,,,,,,,,,,,,,,,,,,,,,,,,
,,20520825,,,,,,,,,,,,,,,,,,,,,,,,,,,,,,,,,
,,20520831,,,,,,,,,,,,,,,,,,,,,,,,,,,,,,,,,
,,20520901,,,,,,,,,,,,,,,,,,,,,,,,,,,,,,,,,
,,20520902,,,,,,,,,,,,,,,,,,,,,,,,,,,,,,,,,
,,20520907,,,,,,,,,,,,,,,,,,,,,,,,,,,,,,,,,
,,20520908,,,,,,,,,,,,,,,,,,,,,,,,,,,,,,,,,
,,20520914,,,,,,,,,,,,,,,,,,,,,,,,,,,,,,,,,
,,20520915,,,,,,,,,,,,,,,,,,,,,,,,,,,,,,,,,
,,20520921,,,,,,,,,,,,,,,,,,,,,,,,,,,,,,,,,
,,20520922,,,,,,,,,,,,,,,,,,,,,,,,,,,,,,,,,
,,20520928,,,,,,,,,,,,,,,,,,,,,,,,,,,,,,,,,
,,20520929,,,,,,,,,,,,,,,,,,,,,,,,,,,,,,,,,
,,20521005,,,,,,,,,,,,,,,,,,,,,,,,,,,,,,,,,
,,20521006,,,,,,,,,,,,,,,,,,,,,,,,,,,,,,,,,
,,20521012,,,,,,,,,,,,,,,,,,,,,,,,,,,,,,,,,
,,20521013,,,,,,,,,,,,,,,,,,,,,,,,,,,,,,,,,
,,20521014,,,,,,,,,,,,,,,,,,,,,,,,,,,,,,,,,
,,20521019,,,,,,,,,,,,,,,,,,,,,,,,,,,,,,,,,
,,20521020,,,,,,,,,,,,,,,,,,,,,,,,,,,,,,,,,
,,20521026,,,,,,,,,,,,,,,,,,,,,,,,,,,,,,,,,
,,20521027,,,,,,,,,,,,,,,,,,,,,,,,,,,,,,,,,
,,20521102,,,,,,,,,,,,,,,,,,,,,,,,,,,,,,,,,
,,20521103,,,,,,,,,,,,,,,,,,,,,,,,,,,,,,,,,
,,20521109,,,,,,,,,,,,,,,,,,,,,,,,,,,,,,,,,
,,20521110,,,,,,,,,,,,,,,,,,,,,,,,,,,,,,,,,
,,20521111,,,,,,,,,,,,,,,,,,,,,,,,,,,,,,,,,
,,20521116,,,,,,,,,,,,,,,,,,,,,,,,,,,,,,,,,
,,20521117,,,,,,,,,,,,,,,,,,,,,,,,,,,,,,,,,
,,20521123,,,,,,,,,,,,,,,,,,,,,,,,,,,,,,,,,
,,20521124,,,,,,,,,,,,,,,,,,,,,,,,,,,,,,,,,
,,20521128,,,,,,,,,,,,,,,,,,,,,,,,,,,,,,,,,
,,20521130,,,,,,,,,,,,,,,,,,,,,,,,,,,,,,,,,
,,20521201,,,,,,,,,,,,,,,,,,,,,,,,,,,,,,,,,
,,20521207,,,,,,,,,,,,,,,,,,,,,,,,,,,,,,,,,
,,20521208,,,,,,,,,,,,,,,,,,,,,,,,,,,,,,,,,
,,20521214,,,,,,,,,,,,,,,,,,,,,,,,,,,,,,,,,
,,20521215,,,,,,,,,,,,,,,,,,,,,,,,,,,,,,,,,
,,20521221,,,,,,,,,,,,,,,,,,,,,,,,,,,,,,,,,
,,20521222,,,,,,,,,,,,,,,,,,,,,,,,,,,,,,,,,
,,20521225,,,,,,,,,,,,,,,,,,,,,,,,,,,,,,,,,
,,20521228,,,,,,,,,,,,,,,,,,,,,,,,,,,,,,,,,
,,20521229,,,,,,,,,,,,,,,,,,,,,,,,,,,,,,,,,
,,20530101,,,,,,,,,,,,,,,,,,,,,,,,,,,,,,,,,
,,20530104,,,,,,,,,,,,,,,,,,,,,,,,,,,,,,,,,
,,20530105,,,,,,,,,,,,,,,,,,,,,,,,,,,,,,,,,
,,20530111,,,,,,,,,,,,,,,,,,,,,,,,,,,,,,,,,
,,20530112,,,,,,,,,,,,,,,,,,,,,,,,,,,,,,,,,
,,20530118,,,,,,,,,,,,,,,,,,,,,,,,,,,,,,,,,
,,20530119,,,,,,,,,,,,,,,,,,,,,,,,,,,,,,,,,
,,20530120,,,,,,,,,,,,,,,,,,,,,,,,,,,,,,,,,
,,20530125,,,,,,,,,,,,,,,,,,,,,,,,,,,,,,,,,
,,20530126,,,,,,,,,,,,,,,,,,,,,,,,,,,,,,,,,
,,20530201,,,,,,,,,,,,,,,,,,,,,,,,,,,,,,,,,
,,20530202,,,,,,,,,,,,,,,,,,,,,,,,,,,,,,,,,
,,20530208,,,,,,,,,,,,,,,,,,,,,,,,,,,,,,,,,
,,20530209,,,,,,,,,,,,,,,,,,,,,,,,,,,,,,,,,
,,20530215,,,,,,,,,,,,,,,,,,,,,,,,,,,,,,,,,
,,20530216,,,,,,,,,,,,,,,,,,,,,,,,,,,,,,,,,
,,20530217,,,,,,,,,,,,,,,,,,,,,,,,,,,,,,,,,
,,20530222,,,,,,,,,,,,,,,,,,,,,,,,,,,,,,,,,
,,20530223,,,,,,,,,,,,,,,,,,,,,,,,,,,,,,,,,
,,20530301,,,,,,,,,,,,,,,,,,,,,,,,,,,,,,,,,
,,20530302,,,,,,,,,,,,,,,,,,,,,,,,,,,,,,,,,
,,20530308,,,,,,,,,,,,,,,,,,,,,,,,,,,,,,,,,
,,20530309,,,,,,,,,,,,,,,,,,,,,,,,,,,,,,,,,
,,20530315,,,,,,,,,,,,,,,,,,,,,,,,,,,,,,,,,
,,20530316,,,,,,,,,,,,,,,,,,,,,,,,,,,,,,,,,
,,20530322,,,,,,,,,,,,,,,,,,,,,,,,,,,,,,,,,
,,20530323,,,,,,,,,,,,,,,,,,,,,,,,,,,,,,,,,
,,20530329,,,,,,,,,,,,,,,,,,,,,,,,,,,,,,,,,
,,20530330,,,,,,,,,,,,,,,,,,,,,,,,,,,,,,,,,
,,20530405,,,,,,,,,,,,,,,,,,,,,,,,,,,,,,,,,
,,20530406,,,,,,,,,,,,,,,,,,,,,,,,,,,,,,,,,
,,20530412,,,,,,,,,,,,,,,,,,,,,,,,,,,,,,,,,
,,20530413,,,,,,,,,,,,,,,,,,,,,,,,,,,,,,,,,
,,20530419,,,,,,,,,,,,,,,,,,,,,,,,,,,,,,,,,
,,20530420,,,,,,,,,,,,,,,,,,,,,,,,,,,,,,,,,
,,20530426,,,,,,,,,,,,,,,,,,,,,,,,,,,,,,,,,
,,20530427,,,,,,,,,,,,,,,,,,,,,,,,,,,,,,,,,
,,20530503,,,,,,,,,,,,,,,,,,,,,,,,,,,,,,,,,
,,20530504,,,,,,,,,,,,,,,,,,,,,,,,,,,,,,,,,
,,20530510,,,,,,,,,,,,,,,,,,,,,,,,,,,,,,,,,
,,20530511,,,,,,,,,,,,,,,,,,,,,,,,,,,,,,,,,
,,20530517,,,,,,,,,,,,,,,,,,,,,,,,,,,,,,,,,
,,20530518,,,,,,,,,,,,,,,,,,,,,,,,,,,,,,,,,
,,20530524,,,,,,,,,,,,,,,,,,,,,,,,,,,,,,,,,
,,20530525,,,,,,,,,,,,,,,,,,,,,,,,,,,,,,,,,
,,20530526,,,,,,,,,,,,,,,,,,,,,,,,,,,,,,,,,
,,20530531,,,,,,,,,,,,,,,,,,,,,,,,,,,,,,,,,
,,20530601,,,,,,,,,,,,,,,,,,,,,,,,,,,,,,,,,
,,20530607,,,,,,,,,,,,,,,,,,,,,,,,,,,,,,,,,
,,20530608,,,,,,,,,,,,,,,,,,,,,,,,,,,,,,,,,
,,20530614,,,,,,,,,,,,,,,,,,,,,,,,,,,,,,,,,
,,20530615,,,,,,,,,,,,,,,,,,,,,,,,,,,,,,,,,
,,20530621,,,,,,,,,,,,,,,,,,,,,,,,,,,,,,,,,
,,20530622,,,,,,,,,,,,,,,,,,,,,,,,,,,,,,,,,
,,20530628,,,,,,,,,,,,,,,,,,,,,,,,,,,,,,,,,
,,20530629,,,,,,,,,,,,,,,,,,,,,,,,,,,,,,,,,
,,20530704,,,,,,,,,,,,,,,,,,,,,,,,,,,,,,,,,
,,20530705,,,,,,,,,,,,,,,,,,,,,,,,,,,,,,,,,
,,20530706,,,,,,,,,,,,,,,,,,,,,,,,,,,,,,,,,
,,20530712,,,,,,,,,,,,,,,,,,,,,,,,,,,,,,,,,
,,20530713,,,,,,,,,,,,,,,,,,,,,,,,,,,,,,,,,
,,20530719,,,,,,,,,,,,,,,,,,,,,,,,,,,,,,,,,
,,20530720,,,,,,,,,,,,,,,,,,,,,,,,,,,,,,,,,
,,20530726,,,,,,,,,,,,,,,,,,,,,,,,,,,,,,,,,
,,20530727,,,,,,,,,,,,,,,,,,,,,,,,,,,,,,,,,
,,20530802,,,,,,,,,,,,,,,,,,,,,,,,,,,,,,,,,
,,20530803,,,,,,,,,,,,,,,,,,,,,,,,,,,,,,,,,
,,20530809,,,,,,,,,,,,,,,,,,,,,,,,,,,,,,,,,
,,20530810,,,,,,,,,,,,,,,,,,,,,,,,,,,,,,,,,
,,20530816,,,,,,,,,,,,,,,,,,,,,,,,,,,,,,,,,
,,20530817,,,,,,,,,,,,,,,,,,,,,,,,,,,,,,,,,
,,20530823,,,,,,,,,,,,,,,,,,,,,,,,,,,,,,,,,
,,20530824,,,,,,,,,,,,,,,,,,,,,,,,,,,,,,,,,
,,20530830,,,,,,,,,,,,,,,,,,,,,,,,,,,,,,,,,
,,20530831,,,,,,,,,,,,,,,,,,,,,,,,,,,,,,,,,
,,20530901,,,,,,,,,,,,,,,,,,,,,,,,,,,,,,,,,
,,20530906,,,,,,,,,,,,,,,,,,,,,,,,,,,,,,,,,
,,20530907,,,,,,,,,,,,,,,,,,,,,,,,,,,,,,,,,
,,20530913,,,,,,,,,,,,,,,,,,,,,,,,,,,,,,,,,
,,20530914,,,,,,,,,,,,,,,,,,,,,,,,,,,,,,,,,
,,20530920,,,,,,,,,,,,,,,,,,,,,,,,,,,,,,,,,
,,20530921,,,,,,,,,,,,,,,,,,,,,,,,,,,,,,,,,
,,20530927,,,,,,,,,,,,,,,,,,,,,,,,,,,,,,,,,
,,20530928,,,,,,,,,,,,,,,,,,,,,,,,,,,,,,,,,
,,20531004,,,,,,,,,,,,,,,,,,,,,,,,,,,,,,,,,
,,20531005,,,,,,,,,,,,,,,,,,,,,,,,,,,,,,,,,
,,20531011,,,,,,,,,,,,,,,,,,,,,,,,,,,,,,,,,
,,20531012,,,,,,,,,,,,,,,,,,,,,,,,,,,,,,,,,
,,20531013,,,,,,,,,,,,,,,,,,,,,,,,,,,,,,,,,
,,20531018,,,,,,,,,,,,,,,,,,,,,,,,,,,,,,,,,
,,20531019,,,,,,,,,,,,,,,,,,,,,,,,,,,,,,,,,
,,20531025,,,,,,,,,,,,,,,,,,,,,,,,,,,,,,,,,
,,20531026,,,,,,,,,,,,,,,,,,,,,,,,,,,,,,,,,
,,20531101,,,,,,,,,,,,,,,,,,,,,,,,,,,,,,,,,
,,20531102,,,,,,,,,,,,,,,,,,,,,,,,,,,,,,,,,
,,20531108,,,,,,,,,,,,,,,,,,,,,,,,,,,,,,,,,
,,20531109,,,,,,,,,,,,,,,,,,,,,,,,,,,,,,,,,
,,20531111,,,,,,,,,,,,,,,,,,,,,,,,,,,,,,,,,
,,20531115,,,,,,,,,,,,,,,,,,,,,,,,,,,,,,,,,
,,20531116,,,,,,,,,,,,,,,,,,,,,,,,,,,,,,,,,
,,20531122,,,,,,,,,,,,,,,,,,,,,,,,,,,,,,,,,
,,20531123,,,,,,,,,,,,,,,,,,,,,,,,,,,,,,,,,
,,20531127,,,,,,,,,,,,,,,,,,,,,,,,,,,,,,,,,
,,20531129,,,,,,,,,,,,,,,,,,,,,,,,,,,,,,,,,
,,20531130,,,,,,,,,,,,,,,,,,,,,,,,,,,,,,,,,
,,20531206,,,,,,,,,,,,,,,,,,,,,,,,,,,,,,,,,
,,20531207,,,,,,,,,,,,,,,,,,,,,,,,,,,,,,,,,
,,20531213,,,,,,,,,,,,,,,,,,,,,,,,,,,,,,,,,
,,20531214,,,,,,,,,,,,,,,,,,,,,,,,,,,,,,,,,
,,20531220,,,,,,,,,,,,,,,,,,,,,,,,,,,,,,,,,
,,20531221,,,,,,,,,,,,,,,,,,,,,,,,,,,,,,,,,
,,20531225,,,,,,,,,,,,,,,,,,,,,,,,,,,,,,,,,
,,20531227,,,,,,,,,,,,,,,,,,,,,,,,,,,,,,,,,
,,20531228,,,,,,,,,,,,,,,,,,,,,,,,,,,,,,,,,
,,20540101,,,,,,,,,,,,,,,,,,,,,,,,,,,,,,,,,
,,20540103,,,,,,,,,,,,,,,,,,,,,,,,,,,,,,,,,
,,20540104,,,,,,,,,,,,,,,,,,,,,,,,,,,,,,,,,
,,20540110,,,,,,,,,,,,,,,,,,,,,,,,,,,,,,,,,
,,20540111,,,,,,,,,,,,,,,,,,,,,,,,,,,,,,,,,
,,20540117,,,,,,,,,,,,,,,,,,,,,,,,,,,,,,,,,
,,20540118,,,,,,,,,,,,,,,,,,,,,,,,,,,,,,,,,
,,20540119,,,,,,,,,,,,,,,,,,,,,,,,,,,,,,,,,
,,20540124,,,,,,,,,,,,,,,,,,,,,,,,,,,,,,,,,
,,20540125,,,,,,,,,,,,,,,,,,,,,,,,,,,,,,,,,
,,20540131,,,,,,,,,,,,,,,,,,,,,,,,,,,,,,,,,
,,20540201,,,,,,,,,,,,,,,,,,,,,,,,,,,,,,,,,
,,20540207,,,,,,,,,,,,,,,,,,,,,,,,,,,,,,,,,
,,20540208,,,,,,,,,,,,,,,,,,,,,,,,,,,,,,,,,
,,20540214,,,,,,,,,,,,,,,,,,,,,,,,,,,,,,,,,
,,20540215,,,,,,,,,,,,,,,,,,,,,,,,,,,,,,,,,
,,20540216,,,,,,,,,,,,,,,,,,,,,,,,,,,,,,,,,
,,20540221,,,,,,,,,,,,,,,,,,,,,,,,,,,,,,,,,
,,20540222,,,,,,,,,,,,,,,,,,,,,,,,,,,,,,,,,
,,20540228,,,,,,,,,,,,,,,,,,,,,,,,,,,,,,,,,
,,20540301,,,,,,,,,,,,,,,,,,,,,,,,,,,,,,,,,
,,20540307,,,,,,,,,,,,,,,,,,,,,,,,,,,,,,,,,
,,20540308,,,,,,,,,,,,,,,,,,,,,,,,,,,,,,,,,
,,20540314,,,,,,,,,,,,,,,,,,,,,,,,,,,,,,,,,
,,20540315,,,,,,,,,,,,,,,,,,,,,,,,,,,,,,,,,
,,20540321,,,,,,,,,,,,,,,,,,,,,,,,,,,,,,,,,
,,20540322,,,,,,,,,,,,,,,,,,,,,,,,,,,,,,,,,
,,20540327,,,,,,,,,,,,,,,,,,,,,,,,,,,,,,,,,
,,20540328,,,,,,,,,,,,,,,,,,,,,,,,,,,,,,,,,
,,20540329,,,,,,,,,,,,,,,,,,,,,,,,,,,,,,,,,
,,20540404,,,,,,,,,,,,,,,,,,,,,,,,,,,,,,,,,
,,20540405,,,,,,,,,,,,,,,,,,,,,,,,,,,,,,,,,
,,20540411,,,,,,,,,,,,,,,,,,,,,,,,,,,,,,,,,
,,20540412,,,,,,,,,,,,,,,,,,,,,,,,,,,,,,,,,
,,20540418,,,,,,,,,,,,,,,,,,,,,,,,,,,,,,,,,
,,20540419,,,,,,,,,,,,,,,,,,,,,,,,,,,,,,,,,
,,20540425,,,,,,,,,,,,,,,,,,,,,,,,,,,,,,,,,
,,20540426,,,,,,,,,,,,,,,,,,,,,,,,,,,,,,,,,
,,20540502,,,,,,,,,,,,,,,,,,,,,,,,,,,,,,,,,
,,20540503,,,,,,,,,,,,,,,,,,,,,,,,,,,,,,,,,
,,20540509,,,,,,,,,,,,,,,,,,,,,,,,,,,,,,,,,
,,20540510,,,,,,,,,,,,,,,,,,,,,,,,,,,,,,,,,
,,20540516,,,,,,,,,,,,,,,,,,,,,,,,,,,,,,,,,
,,20540517,,,,,,,,,,,,,,,,,,,,,,,,,,,,,,,,,
,,20540523,,,,,,,,,,,,,,,,,,,,,,,,,,,,,,,,,
,,20540524,,,,,,,,,,,,,,,,,,,,,,,,,,,,,,,,,
,,20540525,,,,,,,,,,,,,,,,,,,,,,,,,,,,,,,,,
,,20540530,,,,,,,,,,,,,,,,,,,,,,,,,,,,,,,,,
,,20540531,,,,,,,,,,,,,,,,,,,,,,,,,,,,,,,,,
,,20540606,,,,,,,,,,,,,,,,,,,,,,,,,,,,,,,,,
,,20540607,,,,,,,,,,,,,,,,,,,,,,,,,,,,,,,,,
,,20540613,,,,,,,,,,,,,,,,,,,,,,,,,,,,,,,,,
,,20540614,,,,,,,,,,,,,,,,,,,,,,,,,,,,,,,,,
,,20540620,,,,,,,,,,,,,,,,,,,,,,,,,,,,,,,,,
,,20540621,,,,,,,,,,,,,,,,,,,,,,,,,,,,,,,,,
,,20540627,,,,,,,,,,,,,,,,,,,,,,,,,,,,,,,,,
,,20540628,,,,,,,,,,,,,,,,,,,,,,,,,,,,,,,,,
,,20540703,,,,,,,,,,,,,,,,,,,,,,,,,,,,,,,,,
,,20540704,,,,,,,,,,,,,,,,,,,,,,,,,,,,,,,,,
,,20540705,,,,,,,,,,,,,,,,,,,,,,,,,,,,,,,,,
,,20540711,,,,,,,,,,,,,,,,,,,,,,,,,,,,,,,,,
,,20540712,,,,,,,,,,,,,,,,,,,,,,,,,,,,,,,,,
,,20540718,,,,,,,,,,,,,,,,,,,,,,,,,,,,,,,,,
,,20540719,,,,,,,,,,,,,,,,,,,,,,,,,,,,,,,,,
,,20540725,,,,,,,,,,,,,,,,,,,,,,,,,,,,,,,,,
,,20540726,,,,,,,,,,,,,,,,,,,,,,,,,,,,,,,,,
,,20540801,,,,,,,,,,,,,,,,,,,,,,,,,,,,,,,,,
,,20540802,,,,,,,,,,,,,,,,,,,,,,,,,,,,,,,,,
,,20540808,,,,,,,,,,,,,,,,,,,,,,,,,,,,,,,,,
,,20540809,,,,,,,,,,,,,,,,,,,,,,,,,,,,,,,,,
,,20540815,,,,,,,,,,,,,,,,,,,,,,,,,,,,,,,,,
,,20540816,,,,,,,,,,,,,,,,,,,,,,,,,,,,,,,,,
,,20540822,,,,,,,,,,,,,,,,,,,,,,,,,,,,,,,,,
,,20540823,,,,,,,,,,,,,,,,,,,,,,,,,,,,,,,,,
,,20540829,,,,,,,,,,,,,,,,,,,,,,,,,,,,,,,,,
,,20540830,,,,,,,,,,,,,,,,,,,,,,,,,,,,,,,,,
,,20540905,,,,,,,,,,,,,,,,,,,,,,,,,,,,,,,,,
,,20540906,,,,,,,,,,,,,,,,,,,,,,,,,,,,,,,,,
,,20540907,,,,,,,,,,,,,,,,,,,,,,,,,,,,,,,,,
,,20540912,,,,,,,,,,,,,,,,,,,,,,,,,,,,,,,,,
,,20540913,,,,,,,,,,,,,,,,,,,,,,,,,,,,,,,,,
,,20540919,,,,,,,,,,,,,,,,,,,,,,,,,,,,,,,,,
,,20540920,,,,,,,,,,,,,,,,,,,,,,,,,,,,,,,,,
,,20540926,,,,,,,,,,,,,,,,,,,,,,,,,,,,,,,,,
,,20540927,,,,,,,,,,,,,,,,,,,,,,,,,,,,,,,,,
,,20541003,,,,,,,,,,,,,,,,,,,,,,,,,,,,,,,,,
,,20541004,,,,,,,,,,,,,,,,,,,,,,,,,,,,,,,,,
,,20541010,,,,,,,,,,,,,,,,,,,,,,,,,,,,,,,,,
,,20541011,,,,,,,,,,,,,,,,,,,,,,,,,,,,,,,,,
,,20541012,,,,,,,,,,,,,,,,,,,,,,,,,,,,,,,,,
,,20541017,,,,,,,,,,,,,,,,,,,,,,,,,,,,,,,,,
,,20541018,,,,,,,,,,,,,,,,,,,,,,,,,,,,,,,,,
,,20541024,,,,,,,,,,,,,,,,,,,,,,,,,,,,,,,,,
,,20541025,,,,,,,,,,,,,,,,,,,,,,,,,,,,,,,,,
,,20541031,,,,,,,,,,,,,,,,,,,,,,,,,,,,,,,,,
,,20541101,,,,,,,,,,,,,,,,,,,,,,,,,,,,,,,,,
,,20541107,,,,,,,,,,,,,,,,,,,,,,,,,,,,,,,,,
,,20541108,,,,,,,,,,,,,,,,,,,,,,,,,,,,,,,,,
,,20541111,,,,,,,,,,,,,,,,,,,,,,,,,,,,,,,,,
,,20541114,,,,,,,,,,,,,,,,,,,,,,,,,,,,,,,,,
,,20541115,,,,,,,,,,,,,,,,,,,,,,,,,,,,,,,,,
,,20541121,,,,,,,,,,,,,,,,,,,,,,,,,,,,,,,,,
,,20541122,,,,,,,,,,,,,,,,,,,,,,,,,,,,,,,,,
,,20541126,,,,,,,,,,,,,,,,,,,,,,,,,,,,,,,,,
,,20541128,,,,,,,,,,,,,,,,,,,,,,,,,,,,,,,,,
,,20541129,,,,,,,,,,,,,,,,,,,,,,,,,,,,,,,,,
,,20541205,,,,,,,,,,,,,,,,,,,,,,,,,,,,,,,,,
,,20541206,,,,,,,,,,,,,,,,,,,,,,,,,,,,,,,,,
,,20541212,,,,,,,,,,,,,,,,,,,,,,,,,,,,,,,,,
,,20541213,,,,,,,,,,,,,,,,,,,,,,,,,,,,,,,,,
,,20541219,,,,,,,,,,,,,,,,,,,,,,,,,,,,,,,,,
,,20541220,,,,,,,,,,,,,,,,,,,,,,,,,,,,,,,,,
,,20541225,,,,,,,,,,,,,,,,,,,,,,,,,,,,,,,,,
,,20541226,,,,,,,,,,,,,,,,,,,,,,,,,,,,,,,,,
,,20541227,,,,,,,,,,,,,,,,,,,,,,,,,,,,,,,,,
,,20550101,,,,,,,,,,,,,,,,,,,,,,,,,,,,,,,,,
,,20550102,,,,,,,,,,,,,,,,,,,,,,,,,,,,,,,,,
,,20550103,,,,,,,,,,,,,,,,,,,,,,,,,,,,,,,,,
,,20550109,,,,,,,,,,,,,,,,,,,,,,,,,,,,,,,,,
,,20550110,,,,,,,,,,,,,,,,,,,,,,,,,,,,,,,,,
,,20550116,,,,,,,,,,,,,,,,,,,,,,,,,,,,,,,,,
,,20550117,,,,,,,,,,,,,,,,,,,,,,,,,,,,,,,,,
,,20550118,,,,,,,,,,,,,,,,,,,,,,,,,,,,,,,,,
,,20550123,,,,,,,,,,,,,,,,,,,,,,,,,,,,,,,,,
,,20550124,,,,,,,,,,,,,,,,,,,,,,,,,,,,,,,,,
,,20550130,,,,,,,,,,,,,,,,,,,,,,,,,,,,,,,,,
,,20550131,,,,,,,,,,,,,,,,,,,,,,,,,,,,,,,,,
,,20550206,,,,,,,,,,,,,,,,,,,,,,,,,,,,,,,,,
,,20550207,,,,,,,,,,,,,,,,,,,,,,,,,,,,,,,,,
,,20550213,,,,,,,,,,,,,,,,,,,,,,,,,,,,,,,,,
,,20550214,,,,,,,,,,,,,,,,,,,,,,,,,,,,,,,,,
,,20550215,,,,,,,,,,,,,,,,,,,,,,,,,,,,,,,,,
,,20550220,,,,,,,,,,,,,,,,,,,,,,,,,,,,,,,,,
,,20550221,,,,,,,,,,,,,,,,,,,,,,,,,,,,,,,,,
,,20550227,,,,,,,,,,,,,,,,,,,,,,,,,,,,,,,,,
,,20550228,,,,,,,,,,,,,,,,,,,,,,,,,,,,,,,,,
,,20550306,,,,,,,,,,,,,,,,,,,,,,,,,,,,,,,,,
,,20550307,,,,,,,,,,,,,,,,,,,,,,,,,,,,,,,,,
,,20550313,,,,,,,,,,,,,,,,,,,,,,,,,,,,,,,,,
,,20550314,,,,,,,,,,,,,,,,,,,,,,,,,,,,,,,,,
,,20550320,,,,,,,,,,,,,,,,,,,,,,,,,,,,,,,,,
,,20550321,,,,,,,,,,,,,,,,,,,,,,,,,,,,,,,,,
,,20550327,,,,,,,,,,,,,,,,,,,,,,,,,,,,,,,,,
,,20550328,,,,,,,,,,,,,,,,,,,,,,,,,,,,,,,,,
,,20550403,,,,,,,,,,,,,,,,,,,,,,,,,,,,,,,,,
,,20550404,,,,,,,,,,,,,,,,,,,,,,,,,,,,,,,,,
,,20550410,,,,,,,,,,,,,,,,,,,,,,,,,,,,,,,,,
,,20550411,,,,,,,,,,,,,,,,,,,,,,,,,,,,,,,,,
,,20550416,,,,,,,,,,,,,,,,,,,,,,,,,,,,,,,,,
,,20550417,,,,,,,,,,,,,,,,,,,,,,,,,,,,,,,,,
,,20550418,,,,,,,,,,,,,,,,,,,,,,,,,,,,,,,,,
,,20550424,,,,,,,,,,,,,,,,,,,,,,,,,,,,,,,,,
,,20550425,,,,,,,,,,,,,,,,,,,,,,,,,,,,,,,,,
,,20550501,,,,,,,,,,,,,,,,,,,,,,,,,,,,,,,,,
,,20550502,,,,,,,,,,,,,,,,,,,,,,,,,,,,,,,,,
,,20550508,,,,,,,,,,,,,,,,,,,,,,,,,,,,,,,,,
,,20550509,,,,,,,,,,,,,,,,,,,,,,,,,,,,,,,,,
,,20550515,,,,,,,,,,,,,,,,,,,,,,,,,,,,,,,,,
,,20550516,,,,,,,,,,,,,,,,,,,,,,,,,,,,,,,,,
,,20550522,,,,,,,,,,,,,,,,,,,,,,,,,,,,,,,,,
,,20550523,,,,,,,,,,,,,,,,,,,,,,,,,,,,,,,,,
,,20550529,,,,,,,,,,,,,,,,,,,,,,,,,,,,,,,,,
,,20550530,,,,,,,,,,,,,,,,,,,,,,,,,,,,,,,,,
,,20550531,,,,,,,,,,,,,,,,,,,,,,,,,,,,,,,,,
,,20550605,,,,,,,,,,,,,,,,,,,,,,,,,,,,,,,,,
,,20550606,,,,,,,,,,,,,,,,,,,,,,,,,,,,,,,,,
,,20550612,,,,,,,,,,,,,,,,,,,,,,,,,,,,,,,,,
,,20550613,,,,,,,,,,,,,,,,,,,,,,,,,,,,,,,,,
,,20550619,,,,,,,,,,,,,,,,,,,,,,,,,,,,,,,,,
,,20550620,,,,,,,,,,,,,,,,,,,,,,,,,,,,,,,,,
,,20550626,,,,,,,,,,,,,,,,,,,,,,,,,,,,,,,,,
,,20550627,,,,,,,,,,,,,,,,,,,,,,,,,,,,,,,,,
,,20550703,,,,,,,,,,,,,,,,,,,,,,,,,,,,,,,,,
,,20550704,,,,,,,,,,,,,,,,,,,,,,,,,,,,,,,,,
,,20550705,,,,,,,,,,,,,,,,,,,,,,,,,,,,,,,,,
,,20550710,,,,,,,,,,,,,,,,,,,,,,,,,,,,,,,,,
,,20550711,,,,,,,,,,,,,,,,,,,,,,,,,,,,,,,,,
,,20550717,,,,,,,,,,,,,,,,,,,,,,,,,,,,,,,,,
,,20550718,,,,,,,,,,,,,,,,,,,,,,,,,,,,,,,,,
,,20550724,,,,,,,,,,,,,,,,,,,,,,,,,,,,,,,,,
,,20550725,,,,,,,,,,,,,,,,,,,,,,,,,,,,,,,,,
,,20550731,,,,,,,,,,,,,,,,,,,,,,,,,,,,,,,,,
,,20550801,,,,,,,,,,,,,,,,,,,,,,,,,,,,,,,,,
,,20550807,,,,,,,,,,,,,,,,,,,,,,,,,,,,,,,,,
,,20550808,,,,,,,,,,,,,,,,,,,,,,,,,,,,,,,,,
,,20550814,,,,,,,,,,,,,,,,,,,,,,,,,,,,,,,,,
,,20550815,,,,,,,,,,,,,,,,,,,,,,,,,,,,,,,,,
,,20550821,,,,,,,,,,,,,,,,,,,,,,,,,,,,,,,,,
,,20550822,,,,,,,,,,,,,,,,,,,,,,,,,,,,,,,,,
,,20550828,,,,,,,,,,,,,,,,,,,,,,,,,,,,,,,,,
,,20550829,,,,,,,,,,,,,,,,,,,,,,,,,,,,,,,,,
,,20550904,,,,,,,,,,,,,,,,,,,,,,,,,,,,,,,,,
,,20550905,,,,,,,,,,,,,,,,,,,,,,,,,,,,,,,,,
,,20550906,,,,,,,,,,,,,,,,,,,,,,,,,,,,,,,,,
,,20550911,,,,,,,,,,,,,,,,,,,,,,,,,,,,,,,,,
,,20550912,,,,,,,,,,,,,,,,,,,,,,,,,,,,,,,,,
,,20550918,,,,,,,,,,,,,,,,,,,,,,,,,,,,,,,,,
,,20550919,,,,,,,,,,,,,,,,,,,,,,,,,,,,,,,,,
,,20550925,,,,,,,,,,,,,,,,,,,,,,,,,,,,,,,,,
,,20550926,,,,,,,,,,,,,,,,,,,,,,,,,,,,,,,,,
,,20551002,,,,,,,,,,,,,,,,,,,,,,,,,,,,,,,,,
,,20551003,,,,,,,,,,,,,,,,,,,,,,,,,,,,,,,,,
,,20551009,,,,,,,,,,,,,,,,,,,,,,,,,,,,,,,,,
,,20551010,,,,,,,,,,,,,,,,,,,,,,,,,,,,,,,,,
,,20551011,,,,,,,,,,,,,,,,,,,,,,,,,,,,,,,,,
,,20551016,,,,,,,,,,,,,,,,,,,,,,,,,,,,,,,,,
,,20551017,,,,,,,,,,,,,,,,,,,,,,,,,,,,,,,,,
,,20551023,,,,,,,,,,,,,,,,,,,,,,,,,,,,,,,,,
,,20551024,,,,,,,,,,,,,,,,,,,,,,,,,,,,,,,,,
,,20551030,,,,,,,,,,,,,,,,,,,,,,,,,,,,,,,,,
,,20551031,,,,,,,,,,,,,,,,,,,,,,,,,,,,,,,,,
,,20551106,,,,,,,,,,,,,,,,,,,,,,,,,,,,,,,,,
,,20551107,,,,,,,,,,,,,,,,,,,,,,,,,,,,,,,,,
,,20551111,,,,,,,,,,,,,,,,,,,,,,,,,,,,,,,,,
,,20551113,,,,,,,,,,,,,,,,,,,,,,,,,,,,,,,,,
,,20551114,,,,,,,,,,,,,,,,,,,,,,,,,,,,,,,,,
,,20551120,,,,,,,,,,,,,,,,,,,,,,,,,,,,,,,,,
,,20551121,,,,,,,,,,,,,,,,,,,,,,,,,,,,,,,,,
,,20551125,,,,,,,,,,,,,,,,,,,,,,,,,,,,,,,,,
,,20551127,,,,,,,,,,,,,,,,,,,,,,,,,,,,,,,,,
,,20551128,,,,,,,,,,,,,,,,,,,,,,,,,,,,,,,,,
,,20551204,,,,,,,,,,,,,,,,,,,,,,,,,,,,,,,,,
,,20551205,,,,,,,,,,,,,,,,,,,,,,,,,,,,,,,,,
,,20551211,,,,,,,,,,,,,,,,,,,,,,,,,,,,,,,,,
,,20551212,,,,,,,,,,,,,,,,,,,,,,,,,,,,,,,,,
,,20551218,,,,,,,,,,,,,,,,,,,,,,,,,,,,,,,,,
,,20551219,,,,,,,,,,,,,,,,,,,,,,,,,,,,,,,,,
,,20551224,,,,,,,,,,,,,,,,,,,,,,,,,,,,,,,,,
,,20551225,,,,,,,,,,,,,,,,,,,,,,,,,,,,,,,,,
,,20551226,,,,,,,,,,,,,,,,,,,,,,,,,,,,,,,,,
,,20560101,,,,,,,,,,,,,,,,,,,,,,,,,,,,,,,,,
,,20560102,,,,,,,,,,,,,,,,,,,,,,,,,,,,,,,,,
,,20560108,,,,,,,,,,,,,,,,,,,,,,,,,,,,,,,,,
,,20560109,,,,,,,,,,,,,,,,,,,,,,,,,,,,,,,,,
,,20560115,,,,,,,,,,,,,,,,,,,,,,,,,,,,,,,,,
,,20560116,,,,,,,,,,,,,,,,,,,,,,,,,,,,,,,,,
,,20560117,,,,,,,,,,,,,,,,,,,,,,,,,,,,,,,,,
,,20560122,,,,,,,,,,,,,,,,,,,,,,,,,,,,,,,,,
,,20560123,,,,,,,,,,,,,,,,,,,,,,,,,,,,,,,,,
,,20560129,,,,,,,,,,,,,,,,,,,,,,,,,,,,,,,,,
,,20560130,,,,,,,,,,,,,,,,,,,,,,,,,,,,,,,,,
,,20560205,,,,,,,,,,,,,,,,,,,,,,,,,,,,,,,,,
,,20560206,,,,,,,,,,,,,,,,,,,,,,,,,,,,,,,,,
,,20560212,,,,,,,,,,,,,,,,,,,,,,,,,,,,,,,,,
,,20560213,,,,,,,,,,,,,,,,,,,,,,,,,,,,,,,,,
,,20560219,,,,,,,,,,,,,,,,,,,,,,,,,,,,,,,,,
,,20560220,,,,,,,,,,,,,,,,,,,,,,,,,,,,,,,,,
,,20560221,,,,,,,,,,,,,,,,,,,,,,,,,,,,,,,,,
,,20560226,,,,,,,,,,,,,,,,,,,,,,,,,,,,,,,,,
,,20560227,,,,,,,,,,,,,,,,,,,,,,,,,,,,,,,,,
,,20560304,,,,,,,,,,,,,,,,,,,,,,,,,,,,,,,,,
,,20560305,,,,,,,,,,,,,,,,,,,,,,,,,,,,,,,,,
,,20560311,,,,,,,,,,,,,,,,,,,,,,,,,,,,,,,,,
,,20560312,,,,,,,,,,,,,,,,,,,,,,,,,,,,,,,,,
,,20560318,,,,,,,,,,,,,,,,,,,,,,,,,,,,,,,,,
,,20560319,,,,,,,,,,,,,,,,,,,,,,,,,,,,,,,,,
,,20560325,,,,,,,,,,,,,,,,,,,,,,,,,,,,,,,,,
,,20560326,,,,,,,,,,,,,,,,,,,,,,,,,,,,,,,,,
,,20560331,,,,,,,,,,,,,,,,,,,,,,,,,,,,,,,,,
,,20560401,,,,,,,,,,,,,,,,,,,,,,,,,,,,,,,,,
,,20560402,,,,,,,,,,,,,,,,,,,,,,,,,,,,,,,,,
,,20560408,,,,,,,,,,,,,,,,,,,,,,,,,,,,,,,,,
,,20560409,,,,,,,,,,,,,,,,,,,,,,,,,,,,,,,,,
,,20560415,,,,,,,,,,,,,,,,,,,,,,,,,,,,,,,,,
,,20560416,,,,,,,,,,,,,,,,,,,,,,,,,,,,,,,,,
,,20560422,,,,,,,,,,,,,,,,,,,,,,,,,,,,,,,,,
,,20560423,,,,,,,,,,,,,,,,,,,,,,,,,,,,,,,,,
,,20560429,,,,,,,,,,,,,,,,,,,,,,,,,,,,,,,,,
,,20560430,,,,,,,,,,,,,,,,,,,,,,,,,,,,,,,,,
,,20560506,,,,,,,,,,,,,,,,,,,,,,,,,,,,,,,,,
,,20560507,,,,,,,,,,,,,,,,,,,,,,,,,,,,,,,,,
,,20560513,,,,,,,,,,,,,,,,,,,,,,,,,,,,,,,,,
,,20560514,,,,,,,,,,,,,,,,,,,,,,,,,,,,,,,,,
,,20560520,,,,,,,,,,,,,,,,,,,,,,,,,,,,,,,,,
,,20560521,,,,,,,,,,,,,,,,,,,,,,,,,,,,,,,,,
,,20560527,,,,,,,,,,,,,,,,,,,,,,,,,,,,,,,,,
,,20560528,,,,,,,,,,,,,,,,,,,,,,,,,,,,,,,,,
,,20560529,,,,,,,,,,,,,,,,,,,,,,,,,,,,,,,,,
,,20560603,,,,,,,,,,,,,,,,,,,,,,,,,,,,,,,,,
,,20560604,,,,,,,,,,,,,,,,,,,,,,,,,,,,,,,,,
,,20560610,,,,,,,,,,,,,,,,,,,,,,,,,,,,,,,,,
,,20560611,,,,,,,,,,,,,,,,,,,,,,,,,,,,,,,,,
,,20560617,,,,,,,,,,,,,,,,,,,,,,,,,,,,,,,,,
,,20560618,,,,,,,,,,,,,,,,,,,,,,,,,,,,,,,,,
,,20560624,,,,,,,,,,,,,,,,,,,,,,,,,,,,,,,,,
,,20560625,,,,,,,,,,,,,,,,,,,,,,,,,,,,,,,,,
,,20560701,,,,,,,,,,,,,,,,,,,,,,,,,,,,,,,,,
,,20560702,,,,,,,,,,,,,,,,,,,,,,,,,,,,,,,,,
,,20560704,,,,,,,,,,,,,,,,,,,,,,,,,,,,,,,,,
,,20560708,,,,,,,,,,,,,,,,,,,,,,,,,,,,,,,,,
,,20560709,,,,,,,,,,,,,,,,,,,,,,,,,,,,,,,,,
,,20560715,,,,,,,,,,,,,,,,,,,,,,,,,,,,,,,,,
,,20560716,,,,,,,,,,,,,,,,,,,,,,,,,,,,,,,,,
,,20560722,,,,,,,,,,,,,,,,,,,,,,,,,,,,,,,,,
,,20560723,,,,,,,,,,,,,,,,,,,,,,,,,,,,,,,,,
,,20560729,,,,,,,,,,,,,,,,,,,,,,,,,,,,,,,,,
,,20560730,,,,,,,,,,,,,,,,,,,,,,,,,,,,,,,,,
,,20560805,,,,,,,,,,,,,,,,,,,,,,,,,,,,,,,,,
,,20560806,,,,,,,,,,,,,,,,,,,,,,,,,,,,,,,,,
,,20560812,,,,,,,,,,,,,,,,,,,,,,,,,,,,,,,,,
,,20560813,,,,,,,,,,,,,,,,,,,,,,,,,,,,,,,,,
,,20560819,,,,,,,,,,,,,,,,,,,,,,,,,,,,,,,,,
,,20560820,,,,,,,,,,,,,,,,,,,,,,,,,,,,,,,,,
,,20560826,,,,,,,,,,,,,,,,,,,,,,,,,,,,,,,,,
,,20560827,,,,,,,,,,,,,,,,,,,,,,,,,,,,,,,,,
,,20560902,,,,,,,,,,,,,,,,,,,,,,,,,,,,,,,,,
,,20560903,,,,,,,,,,,,,,,,,,,,,,,,,,,,,,,,,
,,20560904,,,,,,,,,,,,,,,,,,,,,,,,,,,,,,,,,
,,20560909,,,,,,,,,,,,,,,,,,,,,,,,,,,,,,,,,
,,20560910,,,,,,,,,,,,,,,,,,,,,,,,,,,,,,,,,
,,20560916,,,,,,,,,,,,,,,,,,,,,,,,,,,,,,,,,
,,20560917,,,,,,,,,,,,,,,,,,,,,,,,,,,,,,,,,
,,20560923,,,,,,,,,,,,,,,,,,,,,,,,,,,,,,,,,
,,20560924,,,,,,,,,,,,,,,,,,,,,,,,,,,,,,,,,
,,20560930,,,,,,,,,,,,,,,,,,,,,,,,,,,,,,,,,
,,20561001,,,,,,,,,,,,,,,,,,,,,,,,,,,,,,,,,
,,20561007,,,,,,,,,,,,,,,,,,,,,,,,,,,,,,,,,
,,20561008,,,,,,,,,,,,,,,,,,,,,,,,,,,,,,,,,
,,20561009,,,,,,,,,,,,,,,,,,,,,,,,,,,,,,,,,
,,20561014,,,,,,,,,,,,,,,,,,,,,,,,,,,,,,,,,
,,20561015,,,,,,,,,,,,,,,,,,,,,,,,,,,,,,,,,
,,20561021,,,,,,,,,,,,,,,,,,,,,,,,,,,,,,,,,
,,20561022,,,,,,,,,,,,,,,,,,,,,,,,,,,,,,,,,
,,20561028,,,,,,,,,,,,,,,,,,,,,,,,,,,,,,,,,
,,20561029,,,,,,,,,,,,,,,,,,,,,,,,,,,,,,,,,
,,20561104,,,,,,,,,,,,,,,,,,,,,,,,,,,,,,,,,
,,20561105,,,,,,,,,,,,,,,,,,,,,,,,,,,,,,,,,
,,20561111,,,,,,,,,,,,,,,,,,,,,,,,,,,,,,,,,
,,20561112,,,,,,,,,,,,,,,,,,,,,,,,,,,,,,,,,
,,20561118,,,,,,,,,,,,,,,,,,,,,,,,,,,,,,,,,
,,20561119,,,,,,,,,,,,,,,,,,,,,,,,,,,,,,,,,
,,20561123,,,,,,,,,,,,,,,,,,,,,,,,,,,,,,,,,
,,20561125,,,,,,,,,,,,,,,,,,,,,,,,,,,,,,,,,
,,20561126,,,,,,,,,,,,,,,,,,,,,,,,,,,,,,,,,
,,20561202,,,,,,,,,,,,,,,,,,,,,,,,,,,,,,,,,
,,20561203,,,,,,,,,,,,,,,,,,,,,,,,,,,,,,,,,
,,20561209,,,,,,,,,,,,,,,,,,,,,,,,,,,,,,,,,
,,20561210,,,,,,,,,,,,,,,,,,,,,,,,,,,,,,,,,
,,20561216,,,,,,,,,,,,,,,,,,,,,,,,,,,,,,,,,
,,20561217,,,,,,,,,,,,,,,,,,,,,,,,,,,,,,,,,
,,20561223,,,,,,,,,,,,,,,,,,,,,,,,,,,,,,,,,
,,20561224,,,,,,,,,,,,,,,,,,,,,,,,,,,,,,,,,
,,20561225,,,,,,,,,,,,,,,,,,,,,,,,,,,,,,,,,
,,20561230,,,,,,,,,,,,,,,,,,,,,,,,,,,,,,,,,
,,20561231,,,,,,,,,,,,,,,,,,,,,,,,,,,,,,,,,
,,20570101,,,,,,,,,,,,,,,,,,,,,,,,,,,,,,,,,
,,20570106,,,,,,,,,,,,,,,,,,,,,,,,,,,,,,,,,
,,20570107,,,,,,,,,,,,,,,,,,,,,,,,,,,,,,,,,
,,20570113,,,,,,,,,,,,,,,,,,,,,,,,,,,,,,,,,
,,20570114,,,,,,,,,,,,,,,,,,,,,,,,,,,,,,,,,
,,20570115,,,,,,,,,,,,,,,,,,,,,,,,,,,,,,,,,
,,20570120,,,,,,,,,,,,,,,,,,,,,,,,,,,,,,,,,
,,20570121,,,,,,,,,,,,,,,,,,,,,,,,,,,,,,,,,
,,20570127,,,,,,,,,,,,,,,,,,,,,,,,,,,,,,,,,
,,20570128,,,,,,,,,,,,,,,,,,,,,,,,,,,,,,,,,
,,20570203,,,,,,,,,,,,,,,,,,,,,,,,,,,,,,,,,
,,20570204,,,,,,,,,,,,,,,,,,,,,,,,,,,,,,,,,
,,20570210,,,,,,,,,,,,,,,,,,,,,,,,,,,,,,,,,
,,20570211,,,,,,,,,,,,,,,,,,,,,,,,,,,,,,,,,
,,20570217,,,,,,,,,,,,,,,,,,,,,,,,,,,,,,,,,
,,20570218,,,,,,,,,,,,,,,,,,,,,,,,,,,,,,,,,
,,20570219,,,,,,,,,,,,,,,,,,,,,,,,,,,,,,,,,
,,20570224,,,,,,,,,,,,,,,,,,,,,,,,,,,,,,,,,
,,20570225,,,,,,,,,,,,,,,,,,,,,,,,,,,,,,,,,
,,20570303,,,,,,,,,,,,,,,,,,,,,,,,,,,,,,,,,
,,20570304,,,,,,,,,,,,,,,,,,,,,,,,,,,,,,,,,
,,20570310,,,,,,,,,,,,,,,,,,,,,,,,,,,,,,,,,
,,20570311,,,,,,,,,,,,,,,,,,,,,,,,,,,,,,,,,
,,20570317,,,,,,,,,,,,,,,,,,,,,,,,,,,,,,,,,
,,20570318,,,,,,,,,,,,,,,,,,,,,,,,,,,,,,,,,
,,20570324,,,,,,,,,,,,,,,,,,,,,,,,,,,,,,,,,
,,20570325,,,,,,,,,,,,,,,,,,,,,,,,,,,,,,,,,
,,20570331,,,,,,,,,,,,,,,,,,,,,,,,,,,,,,,,,
,,20570401,,,,,,,,,,,,,,,,,,,,,,,,,,,,,,,,,
,,20570407,,,,,,,,,,,,,,,,,,,,,,,,,,,,,,,,,
,,20570408,,,,,,,,,,,,,,,,,,,,,,,,,,,,,,,,,
,,20570414,,,,,,,,,,,,,,,,,,,,,,,,,,,,,,,,,
,,20570415,,,,,,,,,,,,,,,,,,,,,,,,,,,,,,,,,
,,20570420,,,,,,,,,,,,,,,,,,,,,,,,,,,,,,,,,
,,20570421,,,,,,,,,,,,,,,,,,,,,,,,,,,,,,,,,
,,20570422,,,,,,,,,,,,,,,,,,,,,,,,,,,,,,,,,
,,20570428,,,,,,,,,,,,,,,,,,,,,,,,,,,,,,,,,
,,20570429,,,,,,,,,,,,,,,,,,,,,,,,,,,,,,,,,
,,20570505,,,,,,,,,,,,,,,,,,,,,,,,,,,,,,,,,
,,20570506,,,,,,,,,,,,,,,,,,,,,,,,,,,,,,,,,
,,20570512,,,,,,,,,,,,,,,,,,,,,,,,,,,,,,,,,
,,20570513,,,,,,,,,,,,,,,,,,,,,,,,,,,,,,,,,
,,20570519,,,,,,,,,,,,,,,,,,,,,,,,,,,,,,,,,
,,20570520,,,,,,,,,,,,,,,,,,,,,,,,,,,,,,,,,
,,20570526,,,,,,,,,,,,,,,,,,,,,,,,,,,,,,,,,
,,20570527,,,,,,,,,,,,,,,,,,,,,,,,,,,,,,,,,
,,20570528,,,,,,,,,,,,,,,,,,,,,,,,,,,,,,,,,
,,20570602,,,,,,,,,,,,,,,,,,,,,,,,,,,,,,,,,
,,20570603,,,,,,,,,,,,,,,,,,,,,,,,,,,,,,,,,
,,20570609,,,,,,,,,,,,,,,,,,,,,,,,,,,,,,,,,
,,20570610,,,,,,,,,,,,,,,,,,,,,,,,,,,,,,,,,
,,20570616,,,,,,,,,,,,,,,,,,,,,,,,,,,,,,,,,
,,20570617,,,,,,,,,,,,,,,,,,,,,,,,,,,,,,,,,
,,20570623,,,,,,,,,,,,,,,,,,,,,,,,,,,,,,,,,
,,20570624,,,,,,,,,,,,,,,,,,,,,,,,,,,,,,,,,
,,20570630,,,,,,,,,,,,,,,,,,,,,,,,,,,,,,,,,
,,20570701,,,,,,,,,,,,,,,,,,,,,,,,,,,,,,,,,
,,20570704,,,,,,,,,,,,,,,,,,,,,,,,,,,,,,,,,
,,20570707,,,,,,,,,,,,,,,,,,,,,,,,,,,,,,,,,
,,20570708,,,,,,,,,,,,,,,,,,,,,,,,,,,,,,,,,
,,20570714,,,,,,,,,,,,,,,,,,,,,,,,,,,,,,,,,
,,20570715,,,,,,,,,,,,,,,,,,,,,,,,,,,,,,,,,
,,20570721,,,,,,,,,,,,,,,,,,,,,,,,,,,,,,,,,
,,20570722,,,,,,,,,,,,,,,,,,,,,,,,,,,,,,,,,
,,20570728,,,,,,,,,,,,,,,,,,,,,,,,,,,,,,,,,
,,20570729,,,,,,,,,,,,,,,,,,,,,,,,,,,,,,,,,
,,20570804,,,,,,,,,,,,,,,,,,,,,,,,,,,,,,,,,
,,20570805,,,,,,,,,,,,,,,,,,,,,,,,,,,,,,,,,
,,20570811,,,,,,,,,,,,,,,,,,,,,,,,,,,,,,,,,
,,20570812,,,,,,,,,,,,,,,,,,,,,,,,,,,,,,,,,
,,20570818,,,,,,,,,,,,,,,,,,,,,,,,,,,,,,,,,
,,20570819,,,,,,,,,,,,,,,,,,,,,,,,,,,,,,,,,
,,20570825,,,,,,,,,,,,,,,,,,,,,,,,,,,,,,,,,
,,20570826,,,,,,,,,,,,,,,,,,,,,,,,,,,,,,,,,
,,20570901,,,,,,,,,,,,,,,,,,,,,,,,,,,,,,,,,
,,20570902,,,,,,,,,,,,,,,,,,,,,,,,,,,,,,,,,
,,20570903,,,,,,,,,,,,,,,,,,,,,,,,,,,,,,,,,
,,20570908,,,,,,,,,,,,,,,,,,,,,,,,,,,,,,,,,
,,20570909,,,,,,,,,,,,,,,,,,,,,,,,,,,,,,,,,
,,20570915,,,,,,,,,,,,,,,,,,,,,,,,,,,,,,,,,
,,20570916,,,,,,,,,,,,,,,,,,,,,,,,,,,,,,,,,
,,20570922,,,,,,,,,,,,,,,,,,,,,,,,,,,,,,,,,
,,20570923,,,,,,,,,,,,,,,,,,,,,,,,,,,,,,,,,
,,20570929,,,,,,,,,,,,,,,,,,,,,,,,,,,,,,,,,
,,20570930,,,,,,,,,,,,,,,,,,,,,,,,,,,,,,,,,
,,20571006,,,,,,,,,,,,,,,,,,,,,,,,,,,,,,,,,
,,20571007,,,,,,,,,,,,,,,,,,,,,,,,,,,,,,,,,
,,20571008,,,,,,,,,,,,,,,,,,,,,,,,,,,,,,,,,
,,20571013,,,,,,,,,,,,,,,,,,,,,,,,,,,,,,,,,
,,20571014,,,,,,,,,,,,,,,,,,,,,,,,,,,,,,,,,
,,20571020,,,,,,,,,,,,,,,,,,,,,,,,,,,,,,,,,
,,20571021,,,,,,,,,,,,,,,,,,,,,,,,,,,,,,,,,
,,20571027,,,,,,,,,,,,,,,,,,,,,,,,,,,,,,,,,
,,20571028,,,,,,,,,,,,,,,,,,,,,,,,,,,,,,,,,
,,20571103,,,,,,,,,,,,,,,,,,,,,,,,,,,,,,,,,
,,20571104,,,,,,,,,,,,,,,,,,,,,,,,,,,,,,,,,
,,20571110,,,,,,,,,,,,,,,,,,,,,,,,,,,,,,,,,
,,20571111,,,,,,,,,,,,,,,,,,,,,,,,,,,,,,,,,
,,20571112,,,,,,,,,,,,,,,,,,,,,,,,,,,,,,,,,
,,20571117,,,,,,,,,,,,,,,,,,,,,,,,,,,,,,,,,
,,20571118,,,,,,,,,,,,,,,,,,,,,,,,,,,,,,,,,
,,20571122,,,,,,,,,,,,,,,,,,,,,,,,,,,,,,,,,
,,20571124,,,,,,,,,,,,,,,,,,,,,,,,,,,,,,,,,
,,20571125,,,,,,,,,,,,,,,,,,,,,,,,,,,,,,,,,
,,20571201,,,,,,,,,,,,,,,,,,,,,,,,,,,,,,,,,
,,20571202,,,,,,,,,,,,,,,,,,,,,,,,,,,,,,,,,
,,20571208,,,,,,,,,,,,,,,,,,,,,,,,,,,,,,,,,
,,20571209,,,,,,,,,,,,,,,,,,,,,,,,,,,,,,,,,
,,20571215,,,,,,,,,,,,,,,,,,,,,,,,,,,,,,,,,
,,20571216,,,,,,,,,,,,,,,,,,,,,,,,,,,,,,,,,
,,20571222,,,,,,,,,,,,,,,,,,,,,,,,,,,,,,,,,
,,20571223,,,,,,,,,,,,,,,,,,,,,,,,,,,,,,,,,
,,20571225,,,,,,,,,,,,,,,,,,,,,,,,,,,,,,,,,
,,20571229,,,,,,,,,,,,,,,,,,,,,,,,,,,,,,,,,
,,20571230,,,,,,,,,,,,,,,,,,,,,,,,,,,,,,,,,
,,20580101,,,,,,,,,,,,,,,,,,,,,,,,,,,,,,,,,
,,20580105,,,,,,,,,,,,,,,,,,,,,,,,,,,,,,,,,
,,20580106,,,,,,,,,,,,,,,,,,,,,,,,,,,,,,,,,
,,20580112,,,,,,,,,,,,,,,,,,,,,,,,,,,,,,,,,
,,20580113,,,,,,,,,,,,,,,,,,,,,,,,,,,,,,,,,
,,20580119,,,,,,,,,,,,,,,,,,,,,,,,,,,,,,,,,
,,20580120,,,,,,,,,,,,,,,,,,,,,,,,,,,,,,,,,
,,20580121,,,,,,,,,,,,,,,,,,,,,,,,,,,,,,,,,
,,20580126,,,,,,,,,,,,,,,,,,,,,,,,,,,,,,,,,
,,20580127,,,,,,,,,,,,,,,,,,,,,,,,,,,,,,,,,
,,20580202,,,,,,,,,,,,,,,,,,,,,,,,,,,,,,,,,
,,20580203,,,,,,,,,,,,,,,,,,,,,,,,,,,,,,,,,
,,20580209,,,,,,,,,,,,,,,,,,,,,,,,,,,,,,,,,
,,20580210,,,,,,,,,,,,,,,,,,,,,,,,,,,,,,,,,
,,20580216,,,,,,,,,,,,,,,,,,,,,,,,,,,,,,,,,
,,20580217,,,,,,,,,,,,,,,,,,,,,,,,,,,,,,,,,
,,20580218,,,,,,,,,,,,,,,,,,,,,,,,,,,,,,,,,
,,20580223,,,,,,,,,,,,,,,,,,,,,,,,,,,,,,,,,
,,20580224,,,,,,,,,,,,,,,,,,,,,,,,,,,,,,,,,
,,20580302,,,,,,,,,,,,,,,,,,,,,,,,,,,,,,,,,
,,20580303,,,,,,,,,,,,,,,,,,,,,,,,,,,,,,,,,
,,20580309,,,,,,,,,,,,,,,,,,,,,,,,,,,,,,,,,
,,20580310,,,,,,,,,,,,,,,,,,,,,,,,,,,,,,,,,
,,20580316,,,,,,,,,,,,,,,,,,,,,,,,,,,,,,,,,
,,20580317,,,,,,,,,,,,,,,,,,,,,,,,,,,,,,,,,
,,20580323,,,,,,,,,,,,,,,,,,,,,,,,,,,,,,,,,
,,20580324,,,,,,,,,,,,,,,,,,,,,,,,,,,,,,,,,
,,20580330,,,,,,,,,,,,,,,,,,,,,,,,,,,,,,,,,
,,20580331,,,,,,,,,,,,,,,,,,,,,,,,,,,,,,,,,
,,20580406,,,,,,,,,,,,,,,,,,,,,,,,,,,,,,,,,
,,20580407,,,,,,,,,,,,,,,,,,,,,,,,,,,,,,,,,
,,20580412,,,,,,,,,,,,,,,,,,,,,,,,,,,,,,,,,
,,20580413,,,,,,,,,,,,,,,,,,,,,,,,,,,,,,,,,
,,20580414,,,,,,,,,,,,,,,,,,,,,,,,,,,,,,,,,
,,20580420,,,,,,,,,,,,,,,,,,,,,,,,,,,,,,,,,
,,20580421,,,,,,,,,,,,,,,,,,,,,,,,,,,,,,,,,
,,20580427,,,,,,,,,,,,,,,,,,,,,,,,,,,,,,,,,
,,20580428,,,,,,,,,,,,,,,,,,,,,,,,,,,,,,,,,
,,20580504,,,,,,,,,,,,,,,,,,,,,,,,,,,,,,,,,
,,20580505,,,,,,,,,,,,,,,,,,,,,,,,,,,,,,,,,
,,20580511,,,,,,,,,,,,,,,,,,,,,,,,,,,,,,,,,
,,20580512,,,,,,,,,,,,,,,,,,,,,,,,,,,,,,,,,
,,20580518,,,,,,,,,,,,,,,,,,,,,,,,,,,,,,,,,
,,20580519,,,,,,,,,,,,,,,,,,,,,,,,,,,,,,,,,
,,20580525,,,,,,,,,,,,,,,,,,,,,,,,,,,,,,,,,
,,20580526,,,,,,,,,,,,,,,,,,,,,,,,,,,,,,,,,
,,20580527,,,,,,,,,,,,,,,,,,,,,,,,,,,,,,,,,
,,20580601,,,,,,,,,,,,,,,,,,,,,,,,,,,,,,,,,
,,20580602,,,,,,,,,,,,,,,,,,,,,,,,,,,,,,,,,
,,20580608,,,,,,,,,,,,,,,,,,,,,,,,,,,,,,,,,
,,20580609,,,,,,,,,,,,,,,,,,,,,,,,,,,,,,,,,
,,20580615,,,,,,,,,,,,,,,,,,,,,,,,,,,,,,,,,
,,20580616,,,,,,,,,,,,,,,,,,,,,,,,,,,,,,,,,
,,20580622,,,,,,,,,,,,,,,,,,,,,,,,,,,,,,,,,
,,20580623,,,,,,,,,,,,,,,,,,,,,,,,,,,,,,,,,
,,20580629,,,,,,,,,,,,,,,,,,,,,,,,,,,,,,,,,
,,20580630,,,,,,,,,,,,,,,,,,,,,,,,,,,,,,,,,
,,20580704,,,,,,,,,,,,,,,,,,,,,,,,,,,,,,,,,
,,20580706,,,,,,,,,,,,,,,,,,,,,,,,,,,,,,,,,
,,20580707,,,,,,,,,,,,,,,,,,,,,,,,,,,,,,,,,
,,20580713,,,,,,,,,,,,,,,,,,,,,,,,,,,,,,,,,
,,20580714,,,,,,,,,,,,,,,,,,,,,,,,,,,,,,,,,
,,20580720,,,,,,,,,,,,,,,,,,,,,,,,,,,,,,,,,
,,20580721,,,,,,,,,,,,,,,,,,,,,,,,,,,,,,,,,
,,20580727,,,,,,,,,,,,,,,,,,,,,,,,,,,,,,,,,
,,20580728,,,,,,,,,,,,,,,,,,,,,,,,,,,,,,,,,
,,20580803,,,,,,,,,,,,,,,,,,,,,,,,,,,,,,,,,
,,20580804,,,,,,,,,,,,,,,,,,,,,,,,,,,,,,,,,
,,20580810,,,,,,,,,,,,,,,,,,,,,,,,,,,,,,,,,
,,20580811,,,,,,,,,,,,,,,,,,,,,,,,,,,,,,,,,
,,20580817,,,,,,,,,,,,,,,,,,,,,,,,,,,,,,,,,
,,20580818,,,,,,,,,,,,,,,,,,,,,,,,,,,,,,,,,
,,20580824,,,,,,,,,,,,,,,,,,,,,,,,,,,,,,,,,
,,20580825,,,,,,,,,,,,,,,,,,,,,,,,,,,,,,,,,
,,20580831,,,,,,,,,,,,,,,,,,,,,,,,,,,,,,,,,
,,20580901,,,,,,,,,,,,,,,,,,,,,,,,,,,,,,,,,
,,20580902,,,,,,,,,,,,,,,,,,,,,,,,,,,,,,,,,
,,20580907,,,,,,,,,,,,,,,,,,,,,,,,,,,,,,,,,
,,20580908,,,,,,,,,,,,,,,,,,,,,,,,,,,,,,,,,
,,20580914,,,,,,,,,,,,,,,,,,,,,,,,,,,,,,,,,
,,20580915,,,,,,,,,,,,,,,,,,,,,,,,,,,,,,,,,
,,20580921,,,,,,,,,,,,,,,,,,,,,,,,,,,,,,,,,
,,20580922,,,,,,,,,,,,,,,,,,,,,,,,,,,,,,,,,
,,20580928,,,,,,,,,,,,,,,,,,,,,,,,,,,,,,,,,
,,20580929,,,,,,,,,,,,,,,,,,,,,,,,,,,,,,,,,
,,20581005,,,,,,,,,,,,,,,,,,,,,,,,,,,,,,,,,
,,20581006,,,,,,,,,,,,,,,,,,,,,,,,,,,,,,,,,
,,20581012,,,,,,,,,,,,,,,,,,,,,,,,,,,,,,,,,
,,20581013,,,,,,,,,,,,,,,,,,,,,,,,,,,,,,,,,
,,20581014,,,,,,,,,,,,,,,,,,,,,,,,,,,,,,,,,
,,20581019,,,,,,,,,,,,,,,,,,,,,,,,,,,,,,,,,
,,20581020,,,,,,,,,,,,,,,,,,,,,,,,,,,,,,,,,
,,20581026,,,,,,,,,,,,,,,,,,,,,,,,,,,,,,,,,
,,20581027,,,,,,,,,,,,,,,,,,,,,,,,,,,,,,,,,
,,20581102,,,,,,,,,,,,,,,,,,,,,,,,,,,,,,,,,
,,20581103,,,,,,,,,,,,,,,,,,,,,,,,,,,,,,,,,
,,20581109,,,,,,,,,,,,,,,,,,,,,,,,,,,,,,,,,
,,20581110,,,,,,,,,,,,,,,,,,,,,,,,,,,,,,,,,
,,20581111,,,,,,,,,,,,,,,,,,,,,,,,,,,,,,,,,
,,20581116,,,,,,,,,,,,,,,,,,,,,,,,,,,,,,,,,
,,20581117,,,,,,,,,,,,,,,,,,,,,,,,,,,,,,,,,
,,20581123,,,,,,,,,,,,,,,,,,,,,,,,,,,,,,,,,
,,20581124,,,,,,,,,,,,,,,,,,,,,,,,,,,,,,,,,
,,20581128,,,,,,,,,,,,,,,,,,,,,,,,,,,,,,,,,
,,20581130,,,,,,,,,,,,,,,,,,,,,,,,,,,,,,,,,
,,20581201,,,,,,,,,,,,,,,,,,,,,,,,,,,,,,,,,
,,20581207,,,,,,,,,,,,,,,,,,,,,,,,,,,,,,,,,
,,20581208,,,,,,,,,,,,,,,,,,,,,,,,,,,,,,,,,
,,20581214,,,,,,,,,,,,,,,,,,,,,,,,,,,,,,,,,
,,20581215,,,,,,,,,,,,,,,,,,,,,,,,,,,,,,,,,
,,20581221,,,,,,,,,,,,,,,,,,,,,,,,,,,,,,,,,
,,20581222,,,,,,,,,,,,,,,,,,,,,,,,,,,,,,,,,
,,20581225,,,,,,,,,,,,,,,,,,,,,,,,,,,,,,,,,
,,20581228,,,,,,,,,,,,,,,,,,,,,,,,,,,,,,,,,
,,20581229,,,,,,,,,,,,,,,,,,,,,,,,,,,,,,,,,
,,20590101,,,,,,,,,,,,,,,,,,,,,,,,,,,,,,,,,
,,20590104,,,,,,,,,,,,,,,,,,,,,,,,,,,,,,,,,
,,20590105,,,,,,,,,,,,,,,,,,,,,,,,,,,,,,,,,
,,20590111,,,,,,,,,,,,,,,,,,,,,,,,,,,,,,,,,
,,20590112,,,,,,,,,,,,,,,,,,,,,,,,,,,,,,,,,
,,20590118,,,,,,,,,,,,,,,,,,,,,,,,,,,,,,,,,
,,20590119,,,,,,,,,,,,,,,,,,,,,,,,,,,,,,,,,
,,20590120,,,,,,,,,,,,,,,,,,,,,,,,,,,,,,,,,
,,20590125,,,,,,,,,,,,,,,,,,,,,,,,,,,,,,,,,
,,20590126,,,,,,,,,,,,,,,,,,,,,,,,,,,,,,,,,
,,20590201,,,,,,,,,,,,,,,,,,,,,,,,,,,,,,,,,
,,20590202,,,,,,,,,,,,,,,,,,,,,,,,,,,,,,,,,
,,20590208,,,,,,,,,,,,,,,,,,,,,,,,,,,,,,,,,
,,20590209,,,,,,,,,,,,,,,,,,,,,,,,,,,,,,,,,
,,20590215,,,,,,,,,,,,,,,,,,,,,,,,,,,,,,,,,
,,20590216,,,,,,,,,,,,,,,,,,,,,,,,,,,,,,,,,
,,20590217,,,,,,,,,,,,,,,,,,,,,,,,,,,,,,,,,
,,20590222,,,,,,,,,,,,,,,,,,,,,,,,,,,,,,,,,
,,20590223,,,,,,,,,,,,,,,,,,,,,,,,,,,,,,,,,
,,20590301,,,,,,,,,,,,,,,,,,,,,,,,,,,,,,,,,
,,20590302,,,,,,,,,,,,,,,,,,,,,,,,,,,,,,,,,
,,20590308,,,,,,,,,,,,,,,,,,,,,,,,,,,,,,,,,
,,20590309,,,,,,,,,,,,,,,,,,,,,,,,,,,,,,,,,
,,20590315,,,,,,,,,,,,,,,,,,,,,,,,,,,,,,,,,
,,20590316,,,,,,,,,,,,,,,,,,,,,,,,,,,,,,,,,
,,20590322,,,,,,,,,,,,,,,,,,,,,,,,,,,,,,,,,
,,20590323,,,,,,,,,,,,,,,,,,,,,,,,,,,,,,,,,
,,20590328,,,,,,,,,,,,,,,,,,,,,,,,,,,,,,,,,
,,20590329,,,,,,,,,,,,,,,,,,,,,,,,,,,,,,,,,
,,20590330,,,,,,,,,,,,,,,,,,,,,,,,,,,,,,,,,
,,20590405,,,,,,,,,,,,,,,,,,,,,,,,,,,,,,,,,
,,20590406,,,,,,,,,,,,,,,,,,,,,,,,,,,,,,,,,
,,20590412,,,,,,,,,,,,,,,,,,,,,,,,,,,,,,,,,
,,20590413,,,,,,,,,,,,,,,,,,,,,,,,,,,,,,,,,
,,20590419,,,,,,,,,,,,,,,,,,,,,,,,,,,,,,,,,
,,20590420,,,,,,,,,,,,,,,,,,,,,,,,,,,,,,,,,
,,20590426,,,,,,,,,,,,,,,,,,,,,,,,,,,,,,,,,
,,20590427,,,,,,,,,,,,,,,,,,,,,,,,,,,,,,,,,
,,20590503,,,,,,,,,,,,,,,,,,,,,,,,,,,,,,,,,
,,20590504,,,,,,,,,,,,,,,,,,,,,,,,,,,,,,,,,
,,20590510,,,,,,,,,,,,,,,,,,,,,,,,,,,,,,,,,
,,20590511,,,,,,,,,,,,,,,,,,,,,,,,,,,,,,,,,
,,20590517,,,,,,,,,,,,,,,,,,,,,,,,,,,,,,,,,
,,20590518,,,,,,,,,,,,,,,,,,,,,,,,,,,,,,,,,
,,20590524,,,,,,,,,,,,,,,,,,,,,,,,,,,,,,,,,
,,20590525,,,,,,,,,,,,,,,,,,,,,,,,,,,,,,,,,
,,20590526,,,,,,,,,,,,,,,,,,,,,,,,,,,,,,,,,
,,20590531,,,,,,,,,,,,,,,,,,,,,,,,,,,,,,,,,
,,20590601,,,,,,,,,,,,,,,,,,,,,,,,,,,,,,,,,
,,20590607,,,,,,,,,,,,,,,,,,,,,,,,,,,,,,,,,
,,20590608,,,,,,,,,,,,,,,,,,,,,,,,,,,,,,,,,
,,20590614,,,,,,,,,,,,,,,,,,,,,,,,,,,,,,,,,
,,20590615,,,,,,,,,,,,,,,,,,,,,,,,,,,,,,,,,
,,20590621,,,,,,,,,,,,,,,,,,,,,,,,,,,,,,,,,
,,20590622,,,,,,,,,,,,,,,,,,,,,,,,,,,,,,,,,
,,20590628,,,,,,,,,,,,,,,,,,,,,,,,,,,,,,,,,
,,20590629,,,,,,,,,,,,,,,,,,,,,,,,,,,,,,,,,
,,20590704,,,,,,,,,,,,,,,,,,,,,,,,,,,,,,,,,
,,20590705,,,,,,,,,,,,,,,,,,,,,,,,,,,,,,,,,
,,20590706,,,,,,,,,,,,,,,,,,,,,,,,,,,,,,,,,
,,20590712,,,,,,,,,,,,,,,,,,,,,,,,,,,,,,,,,
,,20590713,,,,,,,,,,,,,,,,,,,,,,,,,,,,,,,,,
,,20590719,,,,,,,,,,,,,,,,,,,,,,,,,,,,,,,,,
,,20590720,,,,,,,,,,,,,,,,,,,,,,,,,,,,,,,,,
,,20590726,,,,,,,,,,,,,,,,,,,,,,,,,,,,,,,,,
,,20590727,,,,,,,,,,,,,,,,,,,,,,,,,,,,,,,,,
,,20590802,,,,,,,,,,,,,,,,,,,,,,,,,,,,,,,,,
,,20590803,,,,,,,,,,,,,,,,,,,,,,,,,,,,,,,,,
,,20590809,,,,,,,,,,,,,,,,,,,,,,,,,,,,,,,,,
,,20590810,,,,,,,,,,,,,,,,,,,,,,,,,,,,,,,,,
,,20590816,,,,,,,,,,,,,,,,,,,,,,,,,,,,,,,,,
,,20590817,,,,,,,,,,,,,,,,,,,,,,,,,,,,,,,,,
,,20590823,,,,,,,,,,,,,,,,,,,,,,,,,,,,,,,,,
,,20590824,,,,,,,,,,,,,,,,,,,,,,,,,,,,,,,,,
,,20590830,,,,,,,,,,,,,,,,,,,,,,,,,,,,,,,,,
,,20590831,,,,,,,,,,,,,,,,,,,,,,,,,,,,,,,,,
,,20590901,,,,,,,,,,,,,,,,,,,,,,,,,,,,,,,,,
,,20590906,,,,,,,,,,,,,,,,,,,,,,,,,,,,,,,,,
,,20590907,,,,,,,,,,,,,,,,,,,,,,,,,,,,,,,,,
,,20590913,,,,,,,,,,,,,,,,,,,,,,,,,,,,,,,,,
,,20590914,,,,,,,,,,,,,,,,,,,,,,,,,,,,,,,,,
,,20590920,,,,,,,,,,,,,,,,,,,,,,,,,,,,,,,,,
,,20590921,,,,,,,,,,,,,,,,,,,,,,,,,,,,,,,,,
,,20590927,,,,,,,,,,,,,,,,,,,,,,,,,,,,,,,,,
,,20590928,,,,,,,,,,,,,,,,,,,,,,,,,,,,,,,,,
,,20591004,,,,,,,,,,,,,,,,,,,,,,,,,,,,,,,,,
,,20591005,,,,,,,,,,,,,,,,,,,,,,,,,,,,,,,,,
,,20591011,,,,,,,,,,,,,,,,,,,,,,,,,,,,,,,,,
,,20591012,,,,,,,,,,,,,,,,,,,,,,,,,,,,,,,,,
,,20591013,,,,,,,,,,,,,,,,,,,,,,,,,,,,,,,,,
,,20591018,,,,,,,,,,,,,,,,,,,,,,,,,,,,,,,,,
,,20591019,,,,,,,,,,,,,,,,,,,,,,,,,,,,,,,,,
,,20591025,,,,,,,,,,,,,,,,,,,,,,,,,,,,,,,,,
,,20591026,,,,,,,,,,,,,,,,,,,,,,,,,,,,,,,,,
,,20591101,,,,,,,,,,,,,,,,,,,,,,,,,,,,,,,,,
,,20591102,,,,,,,,,,,,,,,,,,,,,,,,,,,,,,,,,
,,20591108,,,,,,,,,,,,,,,,,,,,,,,,,,,,,,,,,
,,20591109,,,,,,,,,,,,,,,,,,,,,,,,,,,,,,,,,
,,20591111,,,,,,,,,,,,,,,,,,,,,,,,,,,,,,,,,
,,20591115,,,,,,,,,,,,,,,,,,,,,,,,,,,,,,,,,
,,20591116,,,,,,,,,,,,,,,,,,,,,,,,,,,,,,,,,
,,20591122,,,,,,,,,,,,,,,,,,,,,,,,,,,,,,,,,
,,20591123,,,,,,,,,,,,,,,,,,,,,,,,,,,,,,,,,
,,20591127,,,,,,,,,,,,,,,,,,,,,,,,,,,,,,,,,
,,20591129,,,,,,,,,,,,,,,,,,,,,,,,,,,,,,,,,
,,20591130,,,,,,,,,,,,,,,,,,,,,,,,,,,,,,,,,
,,20591206,,,,,,,,,,,,,,,,,,,,,,,,,,,,,,,,,
,,20591207,,,,,,,,,,,,,,,,,,,,,,,,,,,,,,,,,
,,20591213,,,,,,,,,,,,,,,,,,,,,,,,,,,,,,,,,
,,20591214,,,,,,,,,,,,,,,,,,,,,,,,,,,,,,,,,
,,20591220,,,,,,,,,,,,,,,,,,,,,,,,,,,,,,,,,
,,20591221,,,,,,,,,,,,,,,,,,,,,,,,,,,,,,,,,
,,20591225,,,,,,,,,,,,,,,,,,,,,,,,,,,,,,,,,
,,20591227,,,,,,,,,,,,,,,,,,,,,,,,,,,,,,,,,
,,20591228,,,,,,,,,,,,,,,,,,,,,,,,,,,,,,,,,
,,20600101,,,,,,,,,,,,,,,,,,,,,,,,,,,,,,,,,
,,20600103,,,,,,,,,,,,,,,,,,,,,,,,,,,,,,,,,
,,20600104,,,,,,,,,,,,,,,,,,,,,,,,,,,,,,,,,
,,20600110,,,,,,,,,,,,,,,,,,,,,,,,,,,,,,,,,
,,20600111,,,,,,,,,,,,,,,,,,,,,,,,,,,,,,,,,
,,20600117,,,,,,,,,,,,,,,,,,,,,,,,,,,,,,,,,
,,20600118,,,,,,,,,,,,,,,,,,,,,,,,,,,,,,,,,
,,20600119,,,,,,,,,,,,,,,,,,,,,,,,,,,,,,,,,
,,20600124,,,,,,,,,,,,,,,,,,,,,,,,,,,,,,,,,
,,20600125,,,,,,,,,,,,,,,,,,,,,,,,,,,,,,,,,
,,20600131,,,,,,,,,,,,,,,,,,,,,,,,,,,,,,,,,
,,20600201,,,,,,,,,,,,,,,,,,,,,,,,,,,,,,,,,
,,20600207,,,,,,,,,,,,,,,,,,,,,,,,,,,,,,,,,
,,20600208,,,,,,,,,,,,,,,,,,,,,,,,,,,,,,,,,
,,20600214,,,,,,,,,,,,,,,,,,,,,,,,,,,,,,,,,
,,20600215,,,,,,,,,,,,,,,,,,,,,,,,,,,,,,,,,
,,20600216,,,,,,,,,,,,,,,,,,,,,,,,,,,,,,,,,
,,20600221,,,,,,,,,,,,,,,,,,,,,,,,,,,,,,,,,
,,20600222,,,,,,,,,,,,,,,,,,,,,,,,,,,,,,,,,
,,20600228,,,,,,,,,,,,,,,,,,,,,,,,,,,,,,,,,
,,20600229,,,,,,,,,,,,,,,,,,,,,,,,,,,,,,,,,
,,20600306,,,,,,,,,,,,,,,,,,,,,,,,,,,,,,,,,
,,20600307,,,,,,,,,,,,,,,,,,,,,,,,,,,,,,,,,
,,20600313,,,,,,,,,,,,,,,,,,,,,,,,,,,,,,,,,
,,20600314,,,,,,,,,,,,,,,,,,,,,,,,,,,,,,,,,
,,20600320,,,,,,,,,,,,,,,,,,,,,,,,,,,,,,,,,
,,20600321,,,,,,,,,,,,,,,,,,,,,,,,,,,,,,,,,
,,20600327,,,,,,,,,,,,,,,,,,,,,,,,,,,,,,,,,
,,20600328,,,,,,,,,,,,,,,,,,,,,,,,,,,,,,,,,
,,20600403,,,,,,,,,,,,,,,,,,,,,,,,,,,,,,,,,
,,20600404,,,,,,,,,,,,,,,,,,,,,,,,,,,,,,,,,
,,20600410,,,,,,,,,,,,,,,,,,,,,,,,,,,,,,,,,
,,20600411,,,,,,,,,,,,,,,,,,,,,,,,,,,,,,,,,
,,20600416,,,,,,,,,,,,,,,,,,,,,,,,,,,,,,,,,
,,20600417,,,,,,,,,,,,,,,,,,,,,,,,,,,,,,,,,
,,20600418,,,,,,,,,,,,,,,,,,,,,,,,,,,,,,,,,
,,20600424,,,,,,,,,,,,,,,,,,,,,,,,,,,,,,,,,
,,20600425,,,,,,,,,,,,,,,,,,,,,,,,,,,,,,,,,
,,20600501,,,,,,,,,,,,,,,,,,,,,,,,,,,,,,,,,
,,20600502,,,,,,,,,,,,,,,,,,,,,,,,,,,,,,,,,
,,20600508,,,,,,,,,,,,,,,,,,,,,,,,,,,,,,,,,
,,20600509,,,,,,,,,,,,,,,,,,,,,,,,,,,,,,,,,
,,20600515,,,,,,,,,,,,,,,,,,,,,,,,,,,,,,,,,
,,20600516,,,,,,,,,,,,,,,,,,,,,,,,,,,,,,,,,
,,20600522,,,,,,,,,,,,,,,,,,,,,,,,,,,,,,,,,
,,20600523,,,,,,,,,,,,,,,,,,,,,,,,,,,,,,,,,
,,20600529,,,,,,,,,,,,,,,,,,,,,,,,,,,,,,,,,
,,20600530,,,,,,,,,,,,,,,,,,,,,,,,,,,,,,,,,
,,20600531,,,,,,,,,,,,,,,,,,,,,,,,,,,,,,,,,
,,20600605,,,,,,,,,,,,,,,,,,,,,,,,,,,,,,,,,
,,20600606,,,,,,,,,,,,,,,,,,,,,,,,,,,,,,,,,
,,20600612,,,,,,,,,,,,,,,,,,,,,,,,,,,,,,,,,
,,20600613,,,,,,,,,,,,,,,,,,,,,,,,,,,,,,,,,
,,20600619,,,,,,,,,,,,,,,,,,,,,,,,,,,,,,,,,
,,20600620,,,,,,,,,,,,,,,,,,,,,,,,,,,,,,,,,
,,20600626,,,,,,,,,,,,,,,,,,,,,,,,,,,,,,,,,
,,20600627,,,,,,,,,,,,,,,,,,,,,,,,,,,,,,,,,
,,20600703,,,,,,,,,,,,,,,,,,,,,,,,,,,,,,,,,
,,20600704,,,,,,,,,,,,,,,,,,,,,,,,,,,,,,,,,
,,20600705,,,,,,,,,,,,,,,,,,,,,,,,,,,,,,,,,
,,20600710,,,,,,,,,,,,,,,,,,,,,,,,,,,,,,,,,
,,20600711,,,,,,,,,,,,,,,,,,,,,,,,,,,,,,,,,
,,20600717,,,,,,,,,,,,,,,,,,,,,,,,,,,,,,,,,
,,20600718,,,,,,,,,,,,,,,,,,,,,,,,,,,,,,,,,
,,20600724,,,,,,,,,,,,,,,,,,,,,,,,,,,,,,,,,
,,20600725,,,,,,,,,,,,,,,,,,,,,,,,,,,,,,,,,
,,20600731,,,,,,,,,,,,,,,,,,,,,,,,,,,,,,,,,
,,20600801,,,,,,,,,,,,,,,,,,,,,,,,,,,,,,,,,
,,20600807,,,,,,,,,,,,,,,,,,,,,,,,,,,,,,,,,
,,20600808,,,,,,,,,,,,,,,,,,,,,,,,,,,,,,,,,
,,20600814,,,,,,,,,,,,,,,,,,,,,,,,,,,,,,,,,
,,20600815,,,,,,,,,,,,,,,,,,,,,,,,,,,,,,,,,
,,20600821,,,,,,,,,,,,,,,,,,,,,,,,,,,,,,,,,
,,20600822,,,,,,,,,,,,,,,,,,,,,,,,,,,,,,,,,
,,20600828,,,,,,,,,,,,,,,,,,,,,,,,,,,,,,,,,
,,20600829,,,,,,,,,,,,,,,,,,,,,,,,,,,,,,,,,
,,20600904,,,,,,,,,,,,,,,,,,,,,,,,,,,,,,,,,
,,20600905,,,,,,,,,,,,,,,,,,,,,,,,,,,,,,,,,
,,20600906,,,,,,,,,,,,,,,,,,,,,,,,,,,,,,,,,
,,20600911,,,,,,,,,,,,,,,,,,,,,,,,,,,,,,,,,
,,20600912,,,,,,,,,,,,,,,,,,,,,,,,,,,,,,,,,
,,20600918,,,,,,,,,,,,,,,,,,,,,,,,,,,,,,,,,
,,20600919,,,,,,,,,,,,,,,,,,,,,,,,,,,,,,,,,
,,20600925,,,,,,,,,,,,,,,,,,,,,,,,,,,,,,,,,
,,20600926,,,,,,,,,,,,,,,,,,,,,,,,,,,,,,,,,
,,20601002,,,,,,,,,,,,,,,,,,,,,,,,,,,,,,,,,
,,20601003,,,,,,,,,,,,,,,,,,,,,,,,,,,,,,,,,
,,20601009,,,,,,,,,,,,,,,,,,,,,,,,,,,,,,,,,
,,20601010,,,,,,,,,,,,,,,,,,,,,,,,,,,,,,,,,
,,20601011,,,,,,,,,,,,,,,,,,,,,,,,,,,,,,,,,
,,20601016,,,,,,,,,,,,,,,,,,,,,,,,,,,,,,,,,
,,20601017,,,,,,,,,,,,,,,,,,,,,,,,,,,,,,,,,
,,20601023,,,,,,,,,,,,,,,,,,,,,,,,,,,,,,,,,
,,20601024,,,,,,,,,,,,,,,,,,,,,,,,,,,,,,,,,
,,20601030,,,,,,,,,,,,,,,,,,,,,,,,,,,,,,,,,
,,20601031,,,,,,,,,,,,,,,,,,,,,,,,,,,,,,,,,
,,20601106,,,,,,,,,,,,,,,,,,,,,,,,,,,,,,,,,
,,20601107,,,,,,,,,,,,,,,,,,,,,,,,,,,,,,,,,
,,20601111,,,,,,,,,,,,,,,,,,,,,,,,,,,,,,,,,
,,20601113,,,,,,,,,,,,,,,,,,,,,,,,,,,,,,,,,
,,20601114,,,,,,,,,,,,,,,,,,,,,,,,,,,,,,,,,
,,20601120,,,,,,,,,,,,,,,,,,,,,,,,,,,,,,,,,
,,20601121,,,,,,,,,,,,,,,,,,,,,,,,,,,,,,,,,
,,20601125,,,,,,,,,,,,,,,,,,,,,,,,,,,,,,,,,
,,20601127,,,,,,,,,,,,,,,,,,,,,,,,,,,,,,,,,
,,20601128,,,,,,,,,,,,,,,,,,,,,,,,,,,,,,,,,
,,20601204,,,,,,,,,,,,,,,,,,,,,,,,,,,,,,,,,
,,20601205,,,,,,,,,,,,,,,,,,,,,,,,,,,,,,,,,
,,20601211,,,,,,,,,,,,,,,,,,,,,,,,,,,,,,,,,
,,20601212,,,,,,,,,,,,,,,,,,,,,,,,,,,,,,,,,
,,20601218,,,,,,,,,,,,,,,,,,,,,,,,,,,,,,,,,
,,20601219,,,,,,,,,,,,,,,,,,,,,,,,,,,,,,,,,
,,20601224,,,,,,,,,,,,,,,,,,,,,,,,,,,,,,,,,
,,20601225,,,,,,,,,,,,,,,,,,,,,,,,,,,,,,,,,
,,20601226,,,,,,,,,,,,,,,,,,,,,,,,,,,,,,,,,
,,20610101,,,,,,,,,,,,,,,,,,,,,,,,,,,,,,,,,
,,20610102,,,,,,,,,,,,,,,,,,,,,,,,,,,,,,,,,
,,20610108,,,,,,,,,,,,,,,,,,,,,,,,,,,,,,,,,
,,20610109,,,,,,,,,,,,,,,,,,,,,,,,,,,,,,,,,
,,20610115,,,,,,,,,,,,,,,,,,,,,,,,,,,,,,,,,
,,20610116,,,,,,,,,,,,,,,,,,,,,,,,,,,,,,,,,
,,20610117,,,,,,,,,,,,,,,,,,,,,,,,,,,,,,,,,
,,20610122,,,,,,,,,,,,,,,,,,,,,,,,,,,,,,,,,
,,20610123,,,,,,,,,,,,,,,,,,,,,,,,,,,,,,,,,
,,20610129,,,,,,,,,,,,,,,,,,,,,,,,,,,,,,,,,
,,20610130,,,,,,,,,,,,,,,,,,,,,,,,,,,,,,,,,
,,20610205,,,,,,,,,,,,,,,,,,,,,,,,,,,,,,,,,
,,20610206,,,,,,,,,,,,,,,,,,,,,,,,,,,,,,,,,
,,20610212,,,,,,,,,,,,,,,,,,,,,,,,,,,,,,,,,
,,20610213,,,,,,,,,,,,,,,,,,,,,,,,,,,,,,,,,
,,20610219,,,,,,,,,,,,,,,,,,,,,,,,,,,,,,,,,
,,20610220,,,,,,,,,,,,,,,,,,,,,,,,,,,,,,,,,
,,20610221,,,,,,,,,,,,,,,,,,,,,,,,,,,,,,,,,
,,20610226,,,,,,,,,,,,,,,,,,,,,,,,,,,,,,,,,
,,20610227,,,,,,,,,,,,,,,,,,,,,,,,,,,,,,,,,
,,20610305,,,,,,,,,,,,,,,,,,,,,,,,,,,,,,,,,
,,20610306,,,,,,,,,,,,,,,,,,,,,,,,,,,,,,,,,
,,20610312,,,,,,,,,,,,,,,,,,,,,,,,,,,,,,,,,
,,20610313,,,,,,,,,,,,,,,,,,,,,,,,,,,,,,,,,
,,20610319,,,,,,,,,,,,,,,,,,,,,,,,,,,,,,,,,
,,20610320,,,,,,,,,,,,,,,,,,,,,,,,,,,,,,,,,
,,20610326,,,,,,,,,,,,,,,,,,,,,,,,,,,,,,,,,
,,20610327,,,,,,,,,,,,,,,,,,,,,,,,,,,,,,,,,
,,20610402,,,,,,,,,,,,,,,,,,,,,,,,,,,,,,,,,
,,20610403,,,,,,,,,,,,,,,,,,,,,,,,,,,,,,,,,
,,20610408,,,,,,,,,,,,,,,,,,,,,,,,,,,,,,,,,
,,20610409,,,,,,,,,,,,,,,,,,,,,,,,,,,,,,,,,
,,20610410,,,,,,,,,,,,,,,,,,,,,,,,,,,,,,,,,
,,20610416,,,,,,,,,,,,,,,,,,,,,,,,,,,,,,,,,
,,20610417,,,,,,,,,,,,,,,,,,,,,,,,,,,,,,,,,
,,20610423,,,,,,,,,,,,,,,,,,,,,,,,,,,,,,,,,
,,20610424,,,,,,,,,,,,,,,,,,,,,,,,,,,,,,,,,
,,20610430,,,,,,,,,,,,,,,,,,,,,,,,,,,,,,,,,
,,20610501,,,,,,,,,,,,,,,,,,,,,,,,,,,,,,,,,
,,20610507,,,,,,,,,,,,,,,,,,,,,,,,,,,,,,,,,
,,20610508,,,,,,,,,,,,,,,,,,,,,,,,,,,,,,,,,
,,20610514,,,,,,,,,,,,,,,,,,,,,,,,,,,,,,,,,
,,20610515,,,,,,,,,,,,,,,,,,,,,,,,,,,,,,,,,
,,20610521,,,,,,,,,,,,,,,,,,,,,,,,,,,,,,,,,
,,20610522,,,,,,,,,,,,,,,,,,,,,,,,,,,,,,,,,
,,20610528,,,,,,,,,,,,,,,,,,,,,,,,,,,,,,,,,
,,20610529,,,,,,,,,,,,,,,,,,,,,,,,,,,,,,,,,
,,20610530,,,,,,,,,,,,,,,,,,,,,,,,,,,,,,,,,
,,20610604,,,,,,,,,,,,,,,,,,,,,,,,,,,,,,,,,
,,20610605,,,,,,,,,,,,,,,,,,,,,,,,,,,,,,,,,
,,20610611,,,,,,,,,,,,,,,,,,,,,,,,,,,,,,,,,
,,20610612,,,,,,,,,,,,,,,,,,,,,,,,,,,,,,,,,
,,20610618,,,,,,,,,,,,,,,,,,,,,,,,,,,,,,,,,
,,20610619,,,,,,,,,,,,,,,,,,,,,,,,,,,,,,,,,
,,20610625,,,,,,,,,,,,,,,,,,,,,,,,,,,,,,,,,
,,20610626,,,,,,,,,,,,,,,,,,,,,,,,,,,,,,,,,
,,20610702,,,,,,,,,,,,,,,,,,,,,,,,,,,,,,,,,
,,20610703,,,,,,,,,,,,,,,,,,,,,,,,,,,,,,,,,
,,20610704,,,,,,,,,,,,,,,,,,,,,,,,,,,,,,,,,
,,20610709,,,,,,,,,,,,,,,,,,,,,,,,,,,,,,,,,
,,20610710,,,,,,,,,,,,,,,,,,,,,,,,,,,,,,,,,
,,20610716,,,,,,,,,,,,,,,,,,,,,,,,,,,,,,,,,
,,20610717,,,,,,,,,,,,,,,,,,,,,,,,,,,,,,,,,
,,20610723,,,,,,,,,,,,,,,,,,,,,,,,,,,,,,,,,
,,20610724,,,,,,,,,,,,,,,,,,,,,,,,,,,,,,,,,
,,20610730,,,,,,,,,,,,,,,,,,,,,,,,,,,,,,,,,
,,20610731,,,,,,,,,,,,,,,,,,,,,,,,,,,,,,,,,
,,20610806,,,,,,,,,,,,,,,,,,,,,,,,,,,,,,,,,
,,20610807,,,,,,,,,,,,,,,,,,,,,,,,,,,,,,,,,
,,20610813,,,,,,,,,,,,,,,,,,,,,,,,,,,,,,,,,
,,20610814,,,,,,,,,,,,,,,,,,,,,,,,,,,,,,,,,
,,20610820,,,,,,,,,,,,,,,,,,,,,,,,,,,,,,,,,
,,20610821,,,,,,,,,,,,,,,,,,,,,,,,,,,,,,,,,
,,20610827,,,,,,,,,,,,,,,,,,,,,,,,,,,,,,,,,
,,20610828,,,,,,,,,,,,,,,,,,,,,,,,,,,,,,,,,
,,20610903,,,,,,,,,,,,,,,,,,,,,,,,,,,,,,,,,
,,20610904,,,,,,,,,,,,,,,,,,,,,,,,,,,,,,,,,
,,20610905,,,,,,,,,,,,,,,,,,,,,,,,,,,,,,,,,
,,20610910,,,,,,,,,,,,,,,,,,,,,,,,,,,,,,,,,
,,20610911,,,,,,,,,,,,,,,,,,,,,,,,,,,,,,,,,
,,20610917,,,,,,,,,,,,,,,,,,,,,,,,,,,,,,,,,
,,20610918,,,,,,,,,,,,,,,,,,,,,,,,,,,,,,,,,
,,20610924,,,,,,,,,,,,,,,,,,,,,,,,,,,,,,,,,
,,20610925,,,,,,,,,,,,,,,,,,,,,,,,,,,,,,,,,
,,20611001,,,,,,,,,,,,,,,,,,,,,,,,,,,,,,,,,
,,20611002,,,,,,,,,,,,,,,,,,,,,,,,,,,,,,,,,
,,20611008,,,,,,,,,,,,,,,,,,,,,,,,,,,,,,,,,
,,20611009,,,,,,,,,,,,,,,,,,,,,,,,,,,,,,,,,
,,20611010,,,,,,,,,,,,,,,,,,,,,,,,,,,,,,,,,
,,20611015,,,,,,,,,,,,,,,,,,,,,,,,,,,,,,,,,
,,20611016,,,,,,,,,,,,,,,,,,,,,,,,,,,,,,,,,
,,20611022,,,,,,,,,,,,,,,,,,,,,,,,,,,,,,,,,
,,20611023,,,,,,,,,,,,,,,,,,,,,,,,,,,,,,,,,
,,20611029,,,,,,,,,,,,,,,,,,,,,,,,,,,,,,,,,
,,20611030,,,,,,,,,,,,,,,,,,,,,,,,,,,,,,,,,
,,20611105,,,,,,,,,,,,,,,,,,,,,,,,,,,,,,,,,
,,20611106,,,,,,,,,,,,,,,,,,,,,,,,,,,,,,,,,
,,20611111,,,,,,,,,,,,,,,,,,,,,,,,,,,,,,,,,
,,20611112,,,,,,,,,,,,,,,,,,,,,,,,,,,,,,,,,
,,20611113,,,,,,,,,,,,,,,,,,,,,,,,,,,,,,,,,
,,20611119,,,,,,,,,,,,,,,,,,,,,,,,,,,,,,,,,
,,20611120,,,,,,,,,,,,,,,,,,,,,,,,,,,,,,,,,
,,20611124,,,,,,,,,,,,,,,,,,,,,,,,,,,,,,,,,
,,20611126,,,,,,,,,,,,,,,,,,,,,,,,,,,,,,,,,
,,20611127,,,,,,,,,,,,,,,,,,,,,,,,,,,,,,,,,
,,20611203,,,,,,,,,,,,,,,,,,,,,,,,,,,,,,,,,
,,20611204,,,,,,,,,,,,,,,,,,,,,,,,,,,,,,,,,
,,20611210,,,,,,,,,,,,,,,,,,,,,,,,,,,,,,,,,
,,20611211,,,,,,,,,,,,,,,,,,,,,,,,,,,,,,,,,
,,20611217,,,,,,,,,,,,,,,,,,,,,,,,,,,,,,,,,
,,20611218,,,,,,,,,,,,,,,,,,,,,,,,,,,,,,,,,
,,20611224,,,,,,,,,,,,,,,,,,,,,,,,,,,,,,,,,
,,20611225,,,,,,,,,,,,,,,,,,,,,,,,,,,,,,,,,
,,20611226,,,,,,,,,,,,,,,,,,,,,,,,,,,,,,,,,
,,20611231,,,,,,,,,,,,,,,,,,,,,,,,,,,,,,,,,
,,20620101,,,,,,,,,,,,,,,,,,,,,,,,,,,,,,,,,
,,20620102,,,,,,,,,,,,,,,,,,,,,,,,,,,,,,,,,
,,20620107,,,,,,,,,,,,,,,,,,,,,,,,,,,,,,,,,
,,20620108,,,,,,,,,,,,,,,,,,,,,,,,,,,,,,,,,
,,20620114,,,,,,,,,,,,,,,,,,,,,,,,,,,,,,,,,
,,20620115,,,,,,,,,,,,,,,,,,,,,,,,,,,,,,,,,
,,20620116,,,,,,,,,,,,,,,,,,,,,,,,,,,,,,,,,
,,20620121,,,,,,,,,,,,,,,,,,,,,,,,,,,,,,,,,
,,20620122,,,,,,,,,,,,,,,,,,,,,,,,,,,,,,,,,
,,20620128,,,,,,,,,,,,,,,,,,,,,,,,,,,,,,,,,
,,20620129,,,,,,,,,,,,,,,,,,,,,,,,,,,,,,,,,
,,20620204,,,,,,,,,,,,,,,,,,,,,,,,,,,,,,,,,
,,20620205,,,,,,,,,,,,,,,,,,,,,,,,,,,,,,,,,
,,20620211,,,,,,,,,,,,,,,,,,,,,,,,,,,,,,,,,
,,20620212,,,,,,,,,,,,,,,,,,,,,,,,,,,,,,,,,
,,20620218,,,,,,,,,,,,,,,,,,,,,,,,,,,,,,,,,
,,20620219,,,,,,,,,,,,,,,,,,,,,,,,,,,,,,,,,
,,20620220,,,,,,,,,,,,,,,,,,,,,,,,,,,,,,,,,
,,20620225,,,,,,,,,,,,,,,,,,,,,,,,,,,,,,,,,
,,20620226,,,,,,,,,,,,,,,,,,,,,,,,,,,,,,,,,
,,20620304,,,,,,,,,,,,,,,,,,,,,,,,,,,,,,,,,
,,20620305,,,,,,,,,,,,,,,,,,,,,,,,,,,,,,,,,
,,20620311,,,,,,,,,,,,,,,,,,,,,,,,,,,,,,,,,
,,20620312,,,,,,,,,,,,,,,,,,,,,,,,,,,,,,,,,
,,20620318,,,,,,,,,,,,,,,,,,,,,,,,,,,,,,,,,
,,20620319,,,,,,,,,,,,,,,,,,,,,,,,,,,,,,,,,
,,20620324,,,,,,,,,,,,,,,,,,,,,,,,,,,,,,,,,
,,20620325,,,,,,,,,,,,,,,,,,,,,,,,,,,,,,,,,
,,20620326,,,,,,,,,,,,,,,,,,,,,,,,,,,,,,,,,
,,20620401,,,,,,,,,,,,,,,,,,,,,,,,,,,,,,,,,
,,20620402,,,,,,,,,,,,,,,,,,,,,,,,,,,,,,,,,
,,20620408,,,,,,,,,,,,,,,,,,,,,,,,,,,,,,,,,
,,20620409,,,,,,,,,,,,,,,,,,,,,,,,,,,,,,,,,
,,20620415,,,,,,,,,,,,,,,,,,,,,,,,,,,,,,,,,
,,20620416,,,,,,,,,,,,,,,,,,,,,,,,,,,,,,,,,
,,20620422,,,,,,,,,,,,,,,,,,,,,,,,,,,,,,,,,
,,20620423,,,,,,,,,,,,,,,,,,,,,,,,,,,,,,,,,
,,20620429,,,,,,,,,,,,,,,,,,,,,,,,,,,,,,,,,
,,20620430,,,,,,,,,,,,,,,,,,,,,,,,,,,,,,,,,
,,20620506,,,,,,,,,,,,,,,,,,,,,,,,,,,,,,,,,
,,20620507,,,,,,,,,,,,,,,,,,,,,,,,,,,,,,,,,
,,20620513,,,,,,,,,,,,,,,,,,,,,,,,,,,,,,,,,
,,20620514,,,,,,,,,,,,,,,,,,,,,,,,,,,,,,,,,
,,20620520,,,,,,,,,,,,,,,,,,,,,,,,,,,,,,,,,
,,20620521,,,,,,,,,,,,,,,,,,,,,,,,,,,,,,,,,
,,20620527,,,,,,,,,,,,,,,,,,,,,,,,,,,,,,,,,
,,20620528,,,,,,,,,,,,,,,,,,,,,,,,,,,,,,,,,
,,20620529,,,,,,,,,,,,,,,,,,,,,,,,,,,,,,,,,
,,20620603,,,,,,,,,,,,,,,,,,,,,,,,,,,,,,,,,
,,20620604,,,,,,,,,,,,,,,,,,,,,,,,,,,,,,,,,
,,20620610,,,,,,,,,,,,,,,,,,,,,,,,,,,,,,,,,
,,20620611,,,,,,,,,,,,,,,,,,,,,,,,,,,,,,,,,
,,20620617,,,,,,,,,,,,,,,,,,,,,,,,,,,,,,,,,
,,20620618,,,,,,,,,,,,,,,,,,,,,,,,,,,,,,,,,
,,20620624,,,,,,,,,,,,,,,,,,,,,,,,,,,,,,,,,
,,20620625,,,,,,,,,,,,,,,,,,,,,,,,,,,,,,,,,
,,20620701,,,,,,,,,,,,,,,,,,,,,,,,,,,,,,,,,
,,20620702,,,,,,,,,,,,,,,,,,,,,,,,,,,,,,,,,
,,20620704,,,,,,,,,,,,,,,,,,,,,,,,,,,,,,,,,
,,20620708,,,,,,,,,,,,,,,,,,,,,,,,,,,,,,,,,
,,20620709,,,,,,,,,,,,,,,,,,,,,,,,,,,,,,,,,
,,20620715,,,,,,,,,,,,,,,,,,,,,,,,,,,,,,,,,
,,20620716,,,,,,,,,,,,,,,,,,,,,,,,,,,,,,,,,
,,20620722,,,,,,,,,,,,,,,,,,,,,,,,,,,,,,,,,
,,20620723,,,,,,,,,,,,,,,,,,,,,,,,,,,,,,,,,
,,20620729,,,,,,,,,,,,,,,,,,,,,,,,,,,,,,,,,
,,20620730,,,,,,,,,,,,,,,,,,,,,,,,,,,,,,,,,
,,20620805,,,,,,,,,,,,,,,,,,,,,,,,,,,,,,,,,
,,20620806,,,,,,,,,,,,,,,,,,,,,,,,,,,,,,,,,
,,20620812,,,,,,,,,,,,,,,,,,,,,,,,,,,,,,,,,
,,20620813,,,,,,,,,,,,,,,,,,,,,,,,,,,,,,,,,
,,20620819,,,,,,,,,,,,,,,,,,,,,,,,,,,,,,,,,
,,20620820,,,,,,,,,,,,,,,,,,,,,,,,,,,,,,,,,
,,20620826,,,,,,,,,,,,,,,,,,,,,,,,,,,,,,,,,
,,20620827,,,,,,,,,,,,,,,,,,,,,,,,,,,,,,,,,
,,20620902,,,,,,,,,,,,,,,,,,,,,,,,,,,,,,,,,
,,20620903,,,,,,,,,,,,,,,,,,,,,,,,,,,,,,,,,
,,20620904,,,,,,,,,,,,,,,,,,,,,,,,,,,,,,,,,
,,20620909,,,,,,,,,,,,,,,,,,,,,,,,,,,,,,,,,
,,20620910,,,,,,,,,,,,,,,,,,,,,,,,,,,,,,,,,
,,20620916,,,,,,,,,,,,,,,,,,,,,,,,,,,,,,,,,
,,20620917,,,,,,,,,,,,,,,,,,,,,,,,,,,,,,,,,
,,20620923,,,,,,,,,,,,,,,,,,,,,,,,,,,,,,,,,
,,20620924,,,,,,,,,,,,,,,,,,,,,,,,,,,,,,,,,
,,20620930,,,,,,,,,,,,,,,,,,,,,,,,,,,,,,,,,
,,20621001,,,,,,,,,,,,,,,,,,,,,,,,,,,,,,,,,
,,20621007,,,,,,,,,,,,,,,,,,,,,,,,,,,,,,,,,
,,20621008,,,,,,,,,,,,,,,,,,,,,,,,,,,,,,,,,
,,20621009,,,,,,,,,,,,,,,,,,,,,,,,,,,,,,,,,
,,20621014,,,,,,,,,,,,,,,,,,,,,,,,,,,,,,,,,
,,20621015,,,,,,,,,,,,,,,,,,,,,,,,,,,,,,,,,
,,20621021,,,,,,,,,,,,,,,,,,,,,,,,,,,,,,,,,
,,20621022,,,,,,,,,,,,,,,,,,,,,,,,,,,,,,,,,
,,20621028,,,,,,,,,,,,,,,,,,,,,,,,,,,,,,,,,
,,20621029,,,,,,,,,,,,,,,,,,,,,,,,,,,,,,,,,
,,20621104,,,,,,,,,,,,,,,,,,,,,,,,,,,,,,,,,
,,20621105,,,,,,,,,,,,,,,,,,,,,,,,,,,,,,,,,
,,20621111,,,,,,,,,,,,,,,,,,,,,,,,,,,,,,,,,
,,20621112,,,,,,,,,,,,,,,,,,,,,,,,,,,,,,,,,
,,20621118,,,,,,,,,,,,,,,,,,,,,,,,,,,,,,,,,
,,20621119,,,,,,,,,,,,,,,,,,,,,,,,,,,,,,,,,
,,20621123,,,,,,,,,,,,,,,,,,,,,,,,,,,,,,,,,
,,20621125,,,,,,,,,,,,,,,,,,,,,,,,,,,,,,,,,
,,20621126,,,,,,,,,,,,,,,,,,,,,,,,,,,,,,,,,
,,20621202,,,,,,,,,,,,,,,,,,,,,,,,,,,,,,,,,
,,20621203,,,,,,,,,,,,,,,,,,,,,,,,,,,,,,,,,
,,20621209,,,,,,,,,,,,,,,,,,,,,,,,,,,,,,,,,
,,20621210,,,,,,,,,,,,,,,,,,,,,,,,,,,,,,,,,
,,20621216,,,,,,,,,,,,,,,,,,,,,,,,,,,,,,,,,
,,20621217,,,,,,,,,,,,,,,,,,,,,,,,,,,,,,,,,
,,20621223,,,,,,,,,,,,,,,,,,,,,,,,,,,,,,,,,
,,20621224,,,,,,,,,,,,,,,,,,,,,,,,,,,,,,,,,
,,20621225,,,,,,,,,,,,,,,,,,,,,,,,,,,,,,,,,
,,20621230,,,,,,,,,,,,,,,,,,,,,,,,,,,,,,,,,
,,20621231,,,,,,,,,,,,,,,,,,,,,,,,,,,,,,,,,
,,20630101,,,,,,,,,,,,,,,,,,,,,,,,,,,,,,,,,
,,20630106,,,,,,,,,,,,,,,,,,,,,,,,,,,,,,,,,
,,20630107,,,,,,,,,,,,,,,,,,,,,,,,,,,,,,,,,
,,20630113,,,,,,,,,,,,,,,,,,,,,,,,,,,,,,,,,
,,20630114,,,,,,,,,,,,,,,,,,,,,,,,,,,,,,,,,
,,20630115,,,,,,,,,,,,,,,,,,,,,,,,,,,,,,,,,
,,20630120,,,,,,,,,,,,,,,,,,,,,,,,,,,,,,,,,
,,20630121,,,,,,,,,,,,,,,,,,,,,,,,,,,,,,,,,
,,20630127,,,,,,,,,,,,,,,,,,,,,,,,,,,,,,,,,
,,20630128,,,,,,,,,,,,,,,,,,,,,,,,,,,,,,,,,
,,20630203,,,,,,,,,,,,,,,,,,,,,,,,,,,,,,,,,
,,20630204,,,,,,,,,,,,,,,,,,,,,,,,,,,,,,,,,
,,20630210,,,,,,,,,,,,,,,,,,,,,,,,,,,,,,,,,
,,20630211,,,,,,,,,,,,,,,,,,,,,,,,,,,,,,,,,
,,20630217,,,,,,,,,,,,,,,,,,,,,,,,,,,,,,,,,
,,20630218,,,,,,,,,,,,,,,,,,,,,,,,,,,,,,,,,
,,20630219,,,,,,,,,,,,,,,,,,,,,,,,,,,,,,,,,
,,20630224,,,,,,,,,,,,,,,,,,,,,,,,,,,,,,,,,
,,20630225,,,,,,,,,,,,,,,,,,,,,,,,,,,,,,,,,
,,20630303,,,,,,,,,,,,,,,,,,,,,,,,,,,,,,,,,
,,20630304,,,,,,,,,,,,,,,,,,,,,,,,,,,,,,,,,
,,20630310,,,,,,,,,,,,,,,,,,,,,,,,,,,,,,,,,
,,20630311,,,,,,,,,,,,,,,,,,,,,,,,,,,,,,,,,
,,20630317,,,,,,,,,,,,,,,,,,,,,,,,,,,,,,,,,
,,20630318,,,,,,,,,,,,,,,,,,,,,,,,,,,,,,,,,
,,20630324,,,,,,,,,,,,,,,,,,,,,,,,,,,,,,,,,
,,20630325,,,,,,,,,,,,,,,,,,,,,,,,,,,,,,,,,
,,20630331,,,,,,,,,,,,,,,,,,,,,,,,,,,,,,,,,
,,20630401,,,,,,,,,,,,,,,,,,,,,,,,,,,,,,,,,
,,20630407,,,,,,,,,,,,,,,,,,,,,,,,,,,,,,,,,
,,20630408,,,,,,,,,,,,,,,,,,,,,,,,,,,,,,,,,
,,20630413,,,,,,,,,,,,,,,,,,,,,,,,,,,,,,,,,
,,20630414,,,,,,,,,,,,,,,,,,,,,,,,,,,,,,,,,
,,20630415,,,,,,,,,,,,,,,,,,,,,,,,,,,,,,,,,
,,20630421,,,,,,,,,,,,,,,,,,,,,,,,,,,,,,,,,
,,20630422,,,,,,,,,,,,,,,,,,,,,,,,,,,,,,,,,
,,20630428,,,,,,,,,,,,,,,,,,,,,,,,,,,,,,,,,
,,20630429,,,,,,,,,,,,,,,,,,,,,,,,,,,,,,,,,
,,20630505,,,,,,,,,,,,,,,,,,,,,,,,,,,,,,,,,
,,20630506,,,,,,,,,,,,,,,,,,,,,,,,,,,,,,,,,
,,20630512,,,,,,,,,,,,,,,,,,,,,,,,,,,,,,,,,
,,20630513,,,,,,,,,,,,,,,,,,,,,,,,,,,,,,,,,
,,20630519,,,,,,,,,,,,,,,,,,,,,,,,,,,,,,,,,
,,20630520,,,,,,,,,,,,,,,,,,,,,,,,,,,,,,,,,
,,20630526,,,,,,,,,,,,,,,,,,,,,,,,,,,,,,,,,
,,20630527,,,,,,,,,,,,,,,,,,,,,,,,,,,,,,,,,
,,20630528,,,,,,,,,,,,,,,,,,,,,,,,,,,,,,,,,
,,20630602,,,,,,,,,,,,,,,,,,,,,,,,,,,,,,,,,
,,20630603,,,,,,,,,,,,,,,,,,,,,,,,,,,,,,,,,
,,20630609,,,,,,,,,,,,,,,,,,,,,,,,,,,,,,,,,
,,20630610,,,,,,,,,,,,,,,,,,,,,,,,,,,,,,,,,
,,20630616,,,,,,,,,,,,,,,,,,,,,,,,,,,,,,,,,
,,20630617,,,,,,,,,,,,,,,,,,,,,,,,,,,,,,,,,
,,20630623,,,,,,,,,,,,,,,,,,,,,,,,,,,,,,,,,
,,20630624,,,,,,,,,,,,,,,,,,,,,,,,,,,,,,,,,
,,20630630,,,,,,,,,,,,,,,,,,,,,,,,,,,,,,,,,
,,20630701,,,,,,,,,,,,,,,,,,,,,,,,,,,,,,,,,
,,20630704,,,,,,,,,,,,,,,,,,,,,,,,,,,,,,,,,
,,20630707,,,,,,,,,,,,,,,,,,,,,,,,,,,,,,,,,
,,20630708,,,,,,,,,,,,,,,,,,,,,,,,,,,,,,,,,
,,20630714,,,,,,,,,,,,,,,,,,,,,,,,,,,,,,,,,
,,20630715,,,,,,,,,,,,,,,,,,,,,,,,,,,,,,,,,
,,20630721,,,,,,,,,,,,,,,,,,,,,,,,,,,,,,,,,
,,20630722,,,,,,,,,,,,,,,,,,,,,,,,,,,,,,,,,
,,20630728,,,,,,,,,,,,,,,,,,,,,,,,,,,,,,,,,
,,20630729,,,,,,,,,,,,,,,,,,,,,,,,,,,,,,,,,
,,20630804,,,,,,,,,,,,,,,,,,,,,,,,,,,,,,,,,
,,20630805,,,,,,,,,,,,,,,,,,,,,,,,,,,,,,,,,
,,20630811,,,,,,,,,,,,,,,,,,,,,,,,,,,,,,,,,
,,20630812,,,,,,,,,,,,,,,,,,,,,,,,,,,,,,,,,
,,20630818,,,,,,,,,,,,,,,,,,,,,,,,,,,,,,,,,
,,20630819,,,,,,,,,,,,,,,,,,,,,,,,,,,,,,,,,
,,20630825,,,,,,,,,,,,,,,,,,,,,,,,,,,,,,,,,
,,20630826,,,,,,,,,,,,,,,,,,,,,,,,,,,,,,,,,
,,20630901,,,,,,,,,,,,,,,,,,,,,,,,,,,,,,,,,
,,20630902,,,,,,,,,,,,,,,,,,,,,,,,,,,,,,,,,
,,20630903,,,,,,,,,,,,,,,,,,,,,,,,,,,,,,,,,
,,20630908,,,,,,,,,,,,,,,,,,,,,,,,,,,,,,,,,
,,20630909,,,,,,,,,,,,,,,,,,,,,,,,,,,,,,,,,
,,20630915,,,,,,,,,,,,,,,,,,,,,,,,,,,,,,,,,
,,20630916,,,,,,,,,,,,,,,,,,,,,,,,,,,,,,,,,
,,20630922,,,,,,,,,,,,,,,,,,,,,,,,,,,,,,,,,
,,20630923,,,,,,,,,,,,,,,,,,,,,,,,,,,,,,,,,
,,20630929,,,,,,,,,,,,,,,,,,,,,,,,,,,,,,,,,
,,20630930,,,,,,,,,,,,,,,,,,,,,,,,,,,,,,,,,
,,20631006,,,,,,,,,,,,,,,,,,,,,,,,,,,,,,,,,
,,20631007,,,,,,,,,,,,,,,,,,,,,,,,,,,,,,,,,
,,20631008,,,,,,,,,,,,,,,,,,,,,,,,,,,,,,,,,
,,20631013,,,,,,,,,,,,,,,,,,,,,,,,,,,,,,,,,
,,20631014,,,,,,,,,,,,,,,,,,,,,,,,,,,,,,,,,
,,20631020,,,,,,,,,,,,,,,,,,,,,,,,,,,,,,,,,
,,20631021,,,,,,,,,,,,,,,,,,,,,,,,,,,,,,,,,
,,20631027,,,,,,,,,,,,,,,,,,,,,,,,,,,,,,,,,
,,20631028,,,,,,,,,,,,,,,,,,,,,,,,,,,,,,,,,
,,20631103,,,,,,,,,,,,,,,,,,,,,,,,,,,,,,,,,
,,20631104,,,,,,,,,,,,,,,,,,,,,,,,,,,,,,,,,
,,20631110,,,,,,,,,,,,,,,,,,,,,,,,,,,,,,,,,
,,20631111,,,,,,,,,,,,,,,,,,,,,,,,,,,,,,,,,
,,20631112,,,,,,,,,,,,,,,,,,,,,,,,,,,,,,,,,
,,20631117,,,,,,,,,,,,,,,,,,,,,,,,,,,,,,,,,
,,20631118,,,,,,,,,,,,,,,,,,,,,,,,,,,,,,,,,
,,20631122,,,,,,,,,,,,,,,,,,,,,,,,,,,,,,,,,
,,20631124,,,,,,,,,,,,,,,,,,,,,,,,,,,,,,,,,
,,20631125,,,,,,,,,,,,,,,,,,,,,,,,,,,,,,,,,
,,20631201,,,,,,,,,,,,,,,,,,,,,,,,,,,,,,,,,
,,20631202,,,,,,,,,,,,,,,,,,,,,,,,,,,,,,,,,
,,20631208,,,,,,,,,,,,,,,,,,,,,,,,,,,,,,,,,
,,20631209,,,,,,,,,,,,,,,,,,,,,,,,,,,,,,,,,
,,20631215,,,,,,,,,,,,,,,,,,,,,,,,,,,,,,,,,
,,20631216,,,,,,,,,,,,,,,,,,,,,,,,,,,,,,,,,
,,20631222,,,,,,,,,,,,,,,,,,,,,,,,,,,,,,,,,
,,20631223,,,,,,,,,,,,,,,,,,,,,,,,,,,,,,,,,
,,20631225,,,,,,,,,,,,,,,,,,,,,,,,,,,,,,,,,
,,20631229,,,,,,,,,,,,,,,,,,,,,,,,,,,,,,,,,
,,20631230,,,,,,,,,,,,,,,,,,,,,,,,,,,,,,,,,
,,20640101,,,,,,,,,,,,,,,,,,,,,,,,,,,,,,,,,
,,20640105,,,,,,,,,,,,,,,,,,,,,,,,,,,,,,,,,
,,20640106,,,,,,,,,,,,,,,,,,,,,,,,,,,,,,,,,
,,20640112,,,,,,,,,,,,,,,,,,,,,,,,,,,,,,,,,
,,20640113,,,,,,,,,,,,,,,,,,,,,,,,,,,,,,,,,
,,20640119,,,,,,,,,,,,,,,,,,,,,,,,,,,,,,,,,
,,20640120,,,,,,,,,,,,,,,,,,,,,,,,,,,,,,,,,
,,20640121,,,,,,,,,,,,,,,,,,,,,,,,,,,,,,,,,
,,20640126,,,,,,,,,,,,,,,,,,,,,,,,,,,,,,,,,
,,20640127,,,,,,,,,,,,,,,,,,,,,,,,,,,,,,,,,
,,20640202,,,,,,,,,,,,,,,,,,,,,,,,,,,,,,,,,
,,20640203,,,,,,,,,,,,,,,,,,,,,,,,,,,,,,,,,
,,20640209,,,,,,,,,,,,,,,,,,,,,,,,,,,,,,,,,
,,20640210,,,,,,,,,,,,,,,,,,,,,,,,,,,,,,,,,
,,20640216,,,,,,,,,,,,,,,,,,,,,,,,,,,,,,,,,
,,20640217,,,,,,,,,,,,,,,,,,,,,,,,,,,,,,,,,
,,20640218,,,,,,,,,,,,,,,,,,,,,,,,,,,,,,,,,
,,20640223,,,,,,,,,,,,,,,,,,,,,,,,,,,,,,,,,
,,20640224,,,,,,,,,,,,,,,,,,,,,,,,,,,,,,,,,
,,20640301,,,,,,,,,,,,,,,,,,,,,,,,,,,,,,,,,
,,20640302,,,,,,,,,,,,,,,,,,,,,,,,,,,,,,,,,
,,20640308,,,,,,,,,,,,,,,,,,,,,,,,,,,,,,,,,
,,20640309,,,,,,,,,,,,,,,,,,,,,,,,,,,,,,,,,
,,20640315,,,,,,,,,,,,,,,,,,,,,,,,,,,,,,,,,
,,20640316,,,,,,,,,,,,,,,,,,,,,,,,,,,,,,,,,
,,20640322,,,,,,,,,,,,,,,,,,,,,,,,,,,,,,,,,
,,20640323,,,,,,,,,,,,,,,,,,,,,,,,,,,,,,,,,
,,20640329,,,,,,,,,,,,,,,,,,,,,,,,,,,,,,,,,
,,20640330,,,,,,,,,,,,,,,,,,,,,,,,,,,,,,,,,
,,20640405,,,,,,,,,,,,,,,,,,,,,,,,,,,,,,,,,
,,20640406,,,,,,,,,,,,,,,,,,,,,,,,,,,,,,,,,
,,20640412,,,,,,,,,,,,,,,,,,,,,,,,,,,,,,,,,
,,20640413,,,,,,,,,,,,,,,,,,,,,,,,,,,,,,,,,
,,20640419,,,,,,,,,,,,,,,,,,,,,,,,,,,,,,,,,
,,20640420,,,,,,,,,,,,,,,,,,,,,,,,,,,,,,,,,
,,20640426,,,,,,,,,,,,,,,,,,,,,,,,,,,,,,,,,
,,20640427,,,,,,,,,,,,,,,,,,,,,,,,,,,,,,,,,
,,20640503,,,,,,,,,,,,,,,,,,,,,,,,,,,,,,,,,
,,20640504,,,,,,,,,,,,,,,,,,,,,,,,,,,,,,,,,
,,20640510,,,,,,,,,,,,,,,,,,,,,,,,,,,,,,,,,
,,20640511,,,,,,,,,,,,,,,,,,,,,,,,,,,,,,,,,
,,20640517,,,,,,,,,,,,,,,,,,,,,,,,,,,,,,,,,
,,20640518,,,,,,,,,,,,,,,,,,,,,,,,,,,,,,,,,
,,20640524,,,,,,,,,,,,,,,,,,,,,,,,,,,,,,,,,
,,20640525,,,,,,,,,,,,,,,,,,,,,,,,,,,,,,,,,
,,20640526,,,,,,,,,,,,,,,,,,,,,,,,,,,,,,,,,
,,20640531,,,,,,,,,,,,,,,,,,,,,,,,,,,,,,,,,
,,20640601,,,,,,,,,,,,,,,,,,,,,,,,,,,,,,,,,
,,20640607,,,,,,,,,,,,,,,,,,,,,,,,,,,,,,,,,
,,20640608,,,,,,,,,,,,,,,,,,,,,,,,,,,,,,,,,
,,20640614,,,,,,,,,,,,,,,,,,,,,,,,,,,,,,,,,
,,20640615,,,,,,,,,,,,,,,,,,,,,,,,,,,,,,,,,
,,20640621,,,,,,,,,,,,,,,,,,,,,,,,,,,,,,,,,
,,20640622,,,,,,,,,,,,,,,,,,,,,,,,,,,,,,,,,
,,20640628,,,,,,,,,,,,,,,,,,,,,,,,,,,,,,,,,
,,20640629,,,,,,,,,,,,,,,,,,,,,,,,,,,,,,,,,
,,20640704,,,,,,,,,,,,,,,,,,,,,,,,,,,,,,,,,
,,20640705,,,,,,,,,,,,,,,,,,,,,,,,,,,,,,,,,
,,20640706,,,,,,,,,,,,,,,,,,,,,,,,,,,,,,,,,
,,20640712,,,,,,,,,,,,,,,,,,,,,,,,,,,,,,,,,
,,20640713,,,,,,,,,,,,,,,,,,,,,,,,,,,,,,,,,
,,20640719,,,,,,,,,,,,,,,,,,,,,,,,,,,,,,,,,
,,20640720,,,,,,,,,,,,,,,,,,,,,,,,,,,,,,,,,
,,20640726,,,,,,,,,,,,,,,,,,,,,,,,,,,,,,,,,
,,20640727,,,,,,,,,,,,,,,,,,,,,,,,,,,,,,,,,
,,20640802,,,,,,,,,,,,,,,,,,,,,,,,,,,,,,,,,
,,20640803,,,,,,,,,,,,,,,,,,,,,,,,,,,,,,,,,
,,20640809,,,,,,,,,,,,,,,,,,,,,,,,,,,,,,,,,
,,20640810,,,,,,,,,,,,,,,,,,,,,,,,,,,,,,,,,
,,20640816,,,,,,,,,,,,,,,,,,,,,,,,,,,,,,,,,
,,20640817,,,,,,,,,,,,,,,,,,,,,,,,,,,,,,,,,
,,20640823,,,,,,,,,,,,,,,,,,,,,,,,,,,,,,,,,
,,20640824,,,,,,,,,,,,,,,,,,,,,,,,,,,,,,,,,
,,20640830,,,,,,,,,,,,,,,,,,,,,,,,,,,,,,,,,
,,20640831,,,,,,,,,,,,,,,,,,,,,,,,,,,,,,,,,
,,20640901,,,,,,,,,,,,,,,,,,,,,,,,,,,,,,,,,
,,20640906,,,,,,,,,,,,,,,,,,,,,,,,,,,,,,,,,
,,20640907,,,,,,,,,,,,,,,,,,,,,,,,,,,,,,,,,
,,20640913,,,,,,,,,,,,,,,,,,,,,,,,,,,,,,,,,
,,20640914,,,,,,,,,,,,,,,,,,,,,,,,,,,,,,,,,
,,20640920,,,,,,,,,,,,,,,,,,,,,,,,,,,,,,,,,
,,20640921,,,,,,,,,,,,,,,,,,,,,,,,,,,,,,,,,
,,20640927,,,,,,,,,,,,,,,,,,,,,,,,,,,,,,,,,
,,20640928,,,,,,,,,,,,,,,,,,,,,,,,,,,,,,,,,
,,20641004,,,,,,,,,,,,,,,,,,,,,,,,,,,,,,,,,
,,20641005,,,,,,,,,,,,,,,,,,,,,,,,,,,,,,,,,
,,20641011,,,,,,,,,,,,,,,,,,,,,,,,,,,,,,,,,
,,20641012,,,,,,,,,,,,,,,,,,,,,,,,,,,,,,,,,
,,20641013,,,,,,,,,,,,,,,,,,,,,,,,,,,,,,,,,
,,20641018,,,,,,,,,,,,,,,,,,,,,,,,,,,,,,,,,
,,20641019,,,,,,,,,,,,,,,,,,,,,,,,,,,,,,,,,
,,20641025,,,,,,,,,,,,,,,,,,,,,,,,,,,,,,,,,
,,20641026,,,,,,,,,,,,,,,,,,,,,,,,,,,,,,,,,
,,20641101,,,,,,,,,,,,,,,,,,,,,,,,,,,,,,,,,
,,20641102,,,,,,,,,,,,,,,,,,,,,,,,,,,,,,,,,
,,20641108,,,,,,,,,,,,,,,,,,,,,,,,,,,,,,,,,
,,20641109,,,,,,,,,,,,,,,,,,,,,,,,,,,,,,,,,
,,20641111,,,,,,,,,,,,,,,,,,,,,,,,,,,,,,,,,
,,20641115,,,,,,,,,,,,,,,,,,,,,,,,,,,,,,,,,
,,20641116,,,,,,,,,,,,,,,,,,,,,,,,,,,,,,,,,
,,20641122,,,,,,,,,,,,,,,,,,,,,,,,,,,,,,,,,
,,20641123,,,,,,,,,,,,,,,,,,,,,,,,,,,,,,,,,
,,20641127,,,,,,,,,,,,,,,,,,,,,,,,,,,,,,,,,
,,20641129,,,,,,,,,,,,,,,,,,,,,,,,,,,,,,,,,
,,20641130,,,,,,,,,,,,,,,,,,,,,,,,,,,,,,,,,
,,20641206,,,,,,,,,,,,,,,,,,,,,,,,,,,,,,,,,
,,20641207,,,,,,,,,,,,,,,,,,,,,,,,,,,,,,,,,
,,20641213,,,,,,,,,,,,,,,,,,,,,,,,,,,,,,,,,
,,20641214,,,,,,,,,,,,,,,,,,,,,,,,,,,,,,,,,
,,20641220,,,,,,,,,,,,,,,,,,,,,,,,,,,,,,,,,
,,20641221,,,,,,,,,,,,,,,,,,,,,,,,,,,,,,,,,
,,20641225,,,,,,,,,,,,,,,,,,,,,,,,,,,,,,,,,
,,20641227,,,,,,,,,,,,,,,,,,,,,,,,,,,,,,,,,
,,20641228,,,,,,,,,,,,,,,,,,,,,,,,,,,,,,,,,
,,20650101,,,,,,,,,,,,,,,,,,,,,,,,,,,,,,,,,
,,20650103,,,,,,,,,,,,,,,,,,,,,,,,,,,,,,,,,
,,20650104,,,,,,,,,,,,,,,,,,,,,,,,,,,,,,,,,
,,20650110,,,,,,,,,,,,,,,,,,,,,,,,,,,,,,,,,
,,20650111,,,,,,,,,,,,,,,,,,,,,,,,,,,,,,,,,
,,20650117,,,,,,,,,,,,,,,,,,,,,,,,,,,,,,,,,
,,20650118,,,,,,,,,,,,,,,,,,,,,,,,,,,,,,,,,
,,20650119,,,,,,,,,,,,,,,,,,,,,,,,,,,,,,,,,
,,20650124,,,,,,,,,,,,,,,,,,,,,,,,,,,,,,,,,
,,20650125,,,,,,,,,,,,,,,,,,,,,,,,,,,,,,,,,
,,20650131,,,,,,,,,,,,,,,,,,,,,,,,,,,,,,,,,
,,20650201,,,,,,,,,,,,,,,,,,,,,,,,,,,,,,,,,
,,20650207,,,,,,,,,,,,,,,,,,,,,,,,,,,,,,,,,
,,20650208,,,,,,,,,,,,,,,,,,,,,,,,,,,,,,,,,
,,20650214,,,,,,,,,,,,,,,,,,,,,,,,,,,,,,,,,
,,20650215,,,,,,,,,,,,,,,,,,,,,,,,,,,,,,,,,
,,20650216,,,,,,,,,,,,,,,,,,,,,,,,,,,,,,,,,
,,20650221,,,,,,,,,,,,,,,,,,,,,,,,,,,,,,,,,
,,20650222,,,,,,,,,,,,,,,,,,,,,,,,,,,,,,,,,
,,20650228,,,,,,,,,,,,,,,,,,,,,,,,,,,,,,,,,
,,20650301,,,,,,,,,,,,,,,,,,,,,,,,,,,,,,,,,
,,20650307,,,,,,,,,,,,,,,,,,,,,,,,,,,,,,,,,
,,20650308,,,,,,,,,,,,,,,,,,,,,,,,,,,,,,,,,
,,20650314,,,,,,,,,,,,,,,,,,,,,,,,,,,,,,,,,
,,20650315,,,,,,,,,,,,,,,,,,,,,,,,,,,,,,,,,
,,20650321,,,,,,,,,,,,,,,,,,,,,,,,,,,,,,,,,
,,20650322,,,,,,,,,,,,,,,,,,,,,,,,,,,,,,,,,
,,20650327,,,,,,,,,,,,,,,,,,,,,,,,,,,,,,,,,
,,20650328,,,,,,,,,,,,,,,,,,,,,,,,,,,,,,,,,
,,20650329,,,,,,,,,,,,,,,,,,,,,,,,,,,,,,,,,
,,20650404,,,,,,,,,,,,,,,,,,,,,,,,,,,,,,,,,
,,20650405,,,,,,,,,,,,,,,,,,,,,,,,,,,,,,,,,
,,20650411,,,,,,,,,,,,,,,,,,,,,,,,,,,,,,,,,
,,20650412,,,,,,,,,,,,,,,,,,,,,,,,,,,,,,,,,
,,20650418,,,,,,,,,,,,,,,,,,,,,,,,,,,,,,,,,
,,20650419,,,,,,,,,,,,,,,,,,,,,,,,,,,,,,,,,
,,20650425,,,,,,,,,,,,,,,,,,,,,,,,,,,,,,,,,
,,20650426,,,,,,,,,,,,,,,,,,,,,,,,,,,,,,,,,
,,20650502,,,,,,,,,,,,,,,,,,,,,,,,,,,,,,,,,
,,20650503,,,,,,,,,,,,,,,,,,,,,,,,,,,,,,,,,
,,20650509,,,,,,,,,,,,,,,,,,,,,,,,,,,,,,,,,
,,20650510,,,,,,,,,,,,,,,,,,,,,,,,,,,,,,,,,
,,20650516,,,,,,,,,,,,,,,,,,,,,,,,,,,,,,,,,
,,20650517,,,,,,,,,,,,,,,,,,,,,,,,,,,,,,,,,
,,20650523,,,,,,,,,,,,,,,,,,,,,,,,,,,,,,,,,
,,20650524,,,,,,,,,,,,,,,,,,,,,,,,,,,,,,,,,
,,20650525,,,,,,,,,,,,,,,,,,,,,,,,,,,,,,,,,
,,20650530,,,,,,,,,,,,,,,,,,,,,,,,,,,,,,,,,
,,20650531,,,,,,,,,,,,,,,,,,,,,,,,,,,,,,,,,
,,20650606,,,,,,,,,,,,,,,,,,,,,,,,,,,,,,,,,
,,20650607,,,,,,,,,,,,,,,,,,,,,,,,,,,,,,,,,
,,20650613,,,,,,,,,,,,,,,,,,,,,,,,,,,,,,,,,
,,20650614,,,,,,,,,,,,,,,,,,,,,,,,,,,,,,,,,
,,20650620,,,,,,,,,,,,,,,,,,,,,,,,,,,,,,,,,
,,20650621,,,,,,,,,,,,,,,,,,,,,,,,,,,,,,,,,
,,20650627,,,,,,,,,,,,,,,,,,,,,,,,,,,,,,,,,
,,20650628,,,,,,,,,,,,,,,,,,,,,,,,,,,,,,,,,
,,20650703,,,,,,,,,,,,,,,,,,,,,,,,,,,,,,,,,
,,20650704,,,,,,,,,,,,,,,,,,,,,,,,,,,,,,,,,
,,20650705,,,,,,,,,,,,,,,,,,,,,,,,,,,,,,,,,
,,20650711,,,,,,,,,,,,,,,,,,,,,,,,,,,,,,,,,
,,20650712,,,,,,,,,,,,,,,,,,,,,,,,,,,,,,,,,
,,20650718,,,,,,,,,,,,,,,,,,,,,,,,,,,,,,,,,
,,20650719,,,,,,,,,,,,,,,,,,,,,,,,,,,,,,,,,
,,20650725,,,,,,,,,,,,,,,,,,,,,,,,,,,,,,,,,
,,20650726,,,,,,,,,,,,,,,,,,,,,,,,,,,,,,,,,
,,20650801,,,,,,,,,,,,,,,,,,,,,,,,,,,,,,,,,
,,20650802,,,,,,,,,,,,,,,,,,,,,,,,,,,,,,,,,
,,20650808,,,,,,,,,,,,,,,,,,,,,,,,,,,,,,,,,
,,20650809,,,,,,,,,,,,,,,,,,,,,,,,,,,,,,,,,
,,20650815,,,,,,,,,,,,,,,,,,,,,,,,,,,,,,,,,
,,20650816,,,,,,,,,,,,,,,,,,,,,,,,,,,,,,,,,
,,20650822,,,,,,,,,,,,,,,,,,,,,,,,,,,,,,,,,
,,20650823,,,,,,,,,,,,,,,,,,,,,,,,,,,,,,,,,
,,20650829,,,,,,,,,,,,,,,,,,,,,,,,,,,,,,,,,
,,20650830,,,,,,,,,,,,,,,,,,,,,,,,,,,,,,,,,
,,20650905,,,,,,,,,,,,,,,,,,,,,,,,,,,,,,,,,
,,20650906,,,,,,,,,,,,,,,,,,,,,,,,,,,,,,,,,
,,20650907,,,,,,,,,,,,,,,,,,,,,,,,,,,,,,,,,
,,20650912,,,,,,,,,,,,,,,,,,,,,,,,,,,,,,,,,
,,20650913,,,,,,,,,,,,,,,,,,,,,,,,,,,,,,,,,
,,20650919,,,,,,,,,,,,,,,,,,,,,,,,,,,,,,,,,
,,20650920,,,,,,,,,,,,,,,,,,,,,,,,,,,,,,,,,
,,20650926,,,,,,,,,,,,,,,,,,,,,,,,,,,,,,,,,
,,20650927,,,,,,,,,,,,,,,,,,,,,,,,,,,,,,,,,
,,20651003,,,,,,,,,,,,,,,,,,,,,,,,,,,,,,,,,
,,20651004,,,,,,,,,,,,,,,,,,,,,,,,,,,,,,,,,
,,20651010,,,,,,,,,,,,,,,,,,,,,,,,,,,,,,,,,
,,20651011,,,,,,,,,,,,,,,,,,,,,,,,,,,,,,,,,
,,20651012,,,,,,,,,,,,,,,,,,,,,,,,,,,,,,,,,
,,20651017,,,,,,,,,,,,,,,,,,,,,,,,,,,,,,,,,
,,20651018,,,,,,,,,,,,,,,,,,,,,,,,,,,,,,,,,
,,20651024,,,,,,,,,,,,,,,,,,,,,,,,,,,,,,,,,
,,20651025,,,,,,,,,,,,,,,,,,,,,,,,,,,,,,,,,
,,20651031,,,,,,,,,,,,,,,,,,,,,,,,,,,,,,,,,
,,20651101,,,,,,,,,,,,,,,,,,,,,,,,,,,,,,,,,
,,20651107,,,,,,,,,,,,,,,,,,,,,,,,,,,,,,,,,
,,20651108,,,,,,,,,,,,,,,,,,,,,,,,,,,,,,,,,
,,20651111,,,,,,,,,,,,,,,,,,,,,,,,,,,,,,,,,
,,20651114,,,,,,,,,,,,,,,,,,,,,,,,,,,,,,,,,
,,20651115,,,,,,,,,,,,,,,,,,,,,,,,,,,,,,,,,
,,20651121,,,,,,,,,,,,,,,,,,,,,,,,,,,,,,,,,
,,20651122,,,,,,,,,,,,,,,,,,,,,,,,,,,,,,,,,
,,20651126,,,,,,,,,,,,,,,,,,,,,,,,,,,,,,,,,
,,20651128,,,,,,,,,,,,,,,,,,,,,,,,,,,,,,,,,
,,20651129,,,,,,,,,,,,,,,,,,,,,,,,,,,,,,,,,
,,20651205,,,,,,,,,,,,,,,,,,,,,,,,,,,,,,,,,
,,20651206,,,,,,,,,,,,,,,,,,,,,,,,,,,,,,,,,
,,20651212,,,,,,,,,,,,,,,,,,,,,,,,,,,,,,,,,
,,20651213,,,,,,,,,,,,,,,,,,,,,,,,,,,,,,,,,
,,20651219,,,,,,,,,,,,,,,,,,,,,,,,,,,,,,,,,
,,20651220,,,,,,,,,,,,,,,,,,,,,,,,,,,,,,,,,
,,20651225,,,,,,,,,,,,,,,,,,,,,,,,,,,,,,,,,
,,20651226,,,,,,,,,,,,,,,,,,,,,,,,,,,,,,,,,
,,20651227,,,,,,,,,,,,,,,,,,,,,,,,,,,,,,,,,
