AdB,AeB,AmB,AnB,AtB,AuB,BAB,BbB,BcB,BdB,BeB,BfB,BkB,BkS,BMA,BmB,BmS,BoB,BrB,BtB,BxB,CBT,Ced,ChS,CMF,CnB,CoB,DbB,DEL,DoB,DrB,DuB,Ecl,FrB,GeB,GTB,HaB,HaS,HeB,HKB,HKS,HmB,HoB,IsB,JaB,JaS,JoB,KdQ,KLB,KLS,LaB,LbB,LIF,LmB,LnB,LsB,LxB,MdB,MeB,MiB,MnB,MnS,MoB,MwB,MxB,NBR,Ndq,NSS,NYB,NYM,NYO,NYS,OSA,OsB,PaB,PCB,PeB,PrB,RiB,RJB,RkB,RmB,RTB,SaB,SeB,SeS,ShB,SiB,SiS,SoB,SOF,SOM,SON,SPB,StB,SxB,SyB,SyF,SzB,Tgt,TkB,TpB,TpS,TrB,TYO,ViB,WaB,WeB,WeS,XBR,ZaB,ZuB
20150101,20070101,20020101,20120423,20020101,20040101,20020101,20130101,20020101,20050314,20070101,20180115,20020101,20150101,20150101,20020126,20150126,20060109,20020101,20050106,20130101,20150101,20040101,20150101,20150101,20150101,20020101,20120101,20140101,20180213,20150101,20020101,20040101,20020101,20040101,20150101,20150101,20150101,20020101,20020101,20140101,20050103,20150101,20060110,20070101,20150101,20020101,20150101,20020101,20150101,20130101,20060102,20150101,20060413,20020101,20020101,20040101,20020101,20040101,20020101,20020101,20150101,20040101,20020101,20060206,20130101,20140101,20150101,20020101,20150101,20180101,20140101,20150101,20020101,20020101,20180101,20150101,20050328,20090917,20130101,20080101,20150101,20150101,20060414,20040101,20150101,20140101,20020101,20150101,20060102,20150101,20150101,20150101,20060125,20020101,20130101,20020101,20150101,20150101,20020101,20020101,20060130,20150101,20020101,20150921,20020101,20050328,20020101,20150101,20150101,20060106,20020101
20150126,20070120,20020329,20120501,20020318,20040102,20020204,20130128,20020102,20050315,20070102,20180126,20020226,20150102,20150119,20020223,20150217,20060320,20020329,20050325,20130211,20150119,20061225,20150119,20150119,20150126,20020328,20120204,20140120,20180304,20150126,20020318,20061225,20020329,20040102,20150126,20150102,20150102,20020329,20020212,20140131,20050325,20150126,20060111,20070319,20150219,20020321,20150218,20020201,20150202,20130124,20060208,20150403,20060414,20020329,20020212,20040409,20020107,20040126,20020401,20020225,20150102,20040102,20020102,20060321,20130211,20140120,20150126,20020121,20150119,20180115,20140120,20150102,20020328,20020329,20180109,20150126,20050705,20090919,20130211,20080102,20150106,20150302,20060501,20040121,20150218,20140131,20020212,20150219,20060303,20150403,20150403,20150403,20060227,20020329,20130329,20020128,20150126,20150403,20020329,20020102,20060131,20150102,20020329,20150922,20020401,20050503,20020102,20150102,20150216,20060417,20020102
20150309,20070331,20020401,20120820,20020325,20040126,20020205,20130329,20020501,20050328,20070103,20180213,20020408,20150304,20150216,20020312,20150306,20060413,20020401,20050328,20130212,20150216,20070101,20150216,20150216,20150309,20020329,20120617,20140418,20180617,20150403,20020329,20070101,20020401,20040409,20150218,20150216,20150216,20020401,20020213,20140203,20050524,20150209,20060112,20070406,20150403,20020329,20150219,20020212,20150203,20130201,20060417,20150406,20060501,20020401,20020329,20040412,20020319,20040308,20020425,20020328,20150115,20040409,20020107,20060413,20130212,20140217,20150403,20020218,20150216,20180219,20140217,20150112,20020329,20020401,20180212,20150302,20050706,20090920,20130212,20080320,20150406,20150309,20060612,20040122,20150219,20140203,20020213,20150220,20060424,20150406,20150406,20150406,20060228,20020401,20130401,20020329,20150403,20150406,20020401,20020103,20060201,20150216,20020520,20150923,20020501,20050526,20020121,20150206,20150217,20060501,20020329
20150403,20071013,20020430,20120821,20020503,20040206,20020328,20130401,20020502,20050516,20070219,20180329,20020415,20150406,20150525,20020325,20150402,20060414,20020501,20050705,20130329,20150525,20071225,20150403,20150403,20150403,20020401,20120819,20140526,20180618,20150406,20020401,20071225,20020501,20040412,20150403,20150217,20150217,20020501,20020214,20140418,20050613,20150309,20060113,20070517,20150501,20020401,20150220,20020213,20150219,20130211,20060427,20150504,20060629,20020506,20020425,20040520,20020328,20040409,20020501,20020329,20150116,20040524,20020225,20060414,20130329,20140418,20150406,20020527,20150403,20180330,20140418,20150211,20020401,20020501,20180213,20150403,20050928,20090921,20130329,20080321,20150501,20150403,20060626,20040123,20150220,20140204,20020223,20150403,20060501,20150501,20150501,20150501,20060414,20020501,20130501,20020401,20150406,20150504,20020501,20020114,20060202,20150217,20020701,20160321,20020509,20050815,20020206,20150403,20150403,20060615,20020401
20150406,20071202,20020509,20120830,20020506,20040409,20020329,20130425,20020503,20051031,20070220,20180330,20020416,20150413,20150703,20020329,20150403,20060501,20020509,20050829,20130501,20150703,20080101,20150525,20150525,20150406,20020426,20120820,20140704,20180619,20150504,20020506,20080101,20020509,20040520,20150406,20150218,20150218,20020509,20020329,20140421,20050728,20150403,20060519,20070601,20150514,20020501,20150501,20020223,20150220,20130212,20060501,20150525,20060728,20020603,20020501,20040531,20020329,20040412,20020815,20020408,20150219,20040624,20020308,20060501,20130501,20140526,20150608,20020704,20150525,20180528,20140526,20150429,20020501,20020508,20180214,20150406,20051028,20090922,20130423,20080324,20150602,20150406,20060815,20040301,20150501,20140205,20020329,20150501,20060524,20150525,20150525,20150525,20060421,20020509,20130509,20020425,20150608,20150525,20021225,20020211,20060228,20150218,20020805,20170320,20020520,20051101,20020329,20150406,20150421,20060622,20020501
20150608,20071218,20020520,20121025,20020507,20040412,20020401,20130610,20020506,20051101,20070221,20180402,20020501,20150414,20150907,20020401,20150414,20060529,20020510,20050901,20130530,20150907,20081225,20150703,20150703,20150608,20020509,20120821,20140901,20180820,20150608,20020603,20081225,20020520,20040531,20150518,20150219,20150219,20020621,20020401,20140501,20050729,20150406,20060830,20070817,20150602,20020617,20150505,20020315,20150501,20130501,20060502,20150831,20060830,20020604,20020530,20040623,20020501,20040614,20021101,20020501,20150402,20040701,20020501,20061102,20130530,20140704,20151225,20020902,20150703,20180704,20140704,20150504,20020509,20020509,20180330,20150427,20051117,20090923,20130501,20080424,20150629,20150525,20060918,20040405,20150505,20140206,20020501,20150601,20060906,20151224,20151224,20151224,20060501,20020520,20130520,20020610,20151225,20150831,20021226,20020321,20060405,20150219,20020902,20200320,20020530,20051111,20020401,20150427,20150501,20060815,20020509
20151005,20071219,20021225,20121026,20020624,20040607,20020422,20130814,20021225,20051226,20070222,20180418,20020506,20150415,20151012,20020413,20150501,20060619,20020520,20050915,20131115,20151012,20090101,20150907,20150907,20150803,20020520,20121025,20141104,20180821,20150724,20020805,20090101,20020530,20040909,20150615,20150220,20150220,20021206,20020405,20140506,20050905,20150407,20061023,20071012,20150716,20020809,20150525,20020425,20150504,20130524,20060815,20151225,20061101,20020826,20020610,20041101,20020502,20041102,20021225,20020612,20150403,20040906,20020502,20061120,20131115,20140901,20151228,20021014,20150907,20180903,20140901,20150505,20020517,20020520,20180501,20150601,20051226,20090924,20130530,20080501,20151208,20150629,20060919,20040415,20150525,20140407,20020527,20150717,20060922,20151225,20151225,20151225,20060615,20020621,20130530,20020805,20151228,20151225,20030101,20020429,20060501,20150220,20021014,20200921,20020815,20051226,20020425,20150601,20150604,20061101,20020520
20151225,20071220,20021226,20121029,20020815,20041025,20020423,20131007,20021226,20060315,20070223,20180501,20020527,20150501,20151111,20020425,20150917,20060626,20020815,20051101,20131225,20151111,20091225,20151126,20151126,20150928,20020605,20121027,20141111,20180822,20150803,20021028,20091225,20021003,20041231,20150706,20150223,20150223,20021224,20020501,20140602,20051111,20150608,20061024,20071015,20150717,20020924,20150814,20020501,20150717,20130530,20061031,20151228,20061208,20021225,20020613,20050325,20020515,20041227,20021226,20020715,20150409,20041011,20020503,20061201,20131225,20141127,20160101,20021111,20151126,20181122,20141127,20150506,20020520,20020815,20181105,20150928,20060417,20091126,20131115,20080512,20151225,20150803,20061009,20040505,20150814,20140501,20020809,20150807,20061225,20151231,20151231,20151231,20060907,20021224,20131003,20021007,20160101,20151228,20030418,20020503,20060531,20150223,20021111,20200922,20021101,20060417,20020603,20151026,20150907,20061225,20020801
20151228,20080101,20030101,20130101,20021028,20041227,20020424,20131225,20021231,20060417,20070501,20180616,20020701,20150504,20151126,20020501,20150925,20060703,20021101,20051117,20131231,20151126,20100101,20151225,20151225,20151005,20021224,20121028,20141127,20180823,20151225,20021225,20100101,20021224,20050325,20151109,20150428,20150428,20021225,20020520,20140701,20051226,20151022,20061025,20071016,20150720,20021216,20150928,20020525,20150831,20130531,20061101,20160101,20061225,20021226,20020815,20050328,20020815,20041228,20030101,20021031,20150501,20041111,20020509,20061212,20140101,20141225,20160126,20021128,20151225,20181225,20141225,20150720,20021224,20021101,20181128,20151225,20060501,20091128,20131120,20080617,20160101,20150804,20061101,20040526,20150928,20140502,20021104,20150810,20061226,20160101,20160101,20160101,20061012,20021225,20131101,20021225,20160126,20160101,20030421,20020506,20061006,20150227,20021225,20210920,20021224,20060501,20021028,20151225,20151012,20061226,20021225
20160101,20080110,20030418,20130423,20021225,20041228,20020425,20131226,20030101,20060501,20070502,20180815,20020725,20150505,20151225,20020525,20151002,20060720,20021111,20051226,20140101,20151225,20121225,20160101,20160101,20151225,20021225,20121115,20141128,20181218,20151228,20021226,20121225,20021225,20050328,20151225,20150429,20150429,20021226,20020701,20140909,20051227,20151225,20070101,20071220,20150721,20021225,20150929,20020527,20150916,20130808,20061225,20160325,20070101,20030101,20021101,20050505,20021101,20050103,20030106,20021101,20150612,20041227,20020510,20061225,20140303,20150101,20160325,20021225,20160101,20190101,20150101,20150921,20021225,20021111,20181225,20151228,20060508,20091129,20131225,20080804,20160106,20150805,20061208,20040927,20150929,20140602,20021206,20150911,20070101,20160325,20160325,20160325,20061102,20021226,20131224,20021226,20160325,20160325,20030501,20020916,20061009,20150403,20021226,20220321,20021225,20060503,20021225,20151228,20151102,20070101,20021226
20160126,20080320,20030421,20130501,20021226,20050103,20020501,20140101,20030102,20060605,20070503,20180822,20020812,20150601,20160101,20020629,20151022,20060807,20021225,20060106,20140303,20160101,20130101,20160118,20160118,20151228,20021226,20121202,20141225,20190212,20160101,20021227,20130101,20021226,20050505,20151228,20150430,20150430,20030101,20021001,20141001,20060102,20151228,20070102,20071225,20150817,20021226,20151009,20020601,20150924,20130809,20061226,20160328,20070405,20030418,20021224,20050516,20021206,20050126,20030421,20021206,20150717,20041228,20020612,20070101,20140304,20150119,20160328,20030101,20160118,20190121,20150119,20150922,20021226,20021225,20190101,20160101,20060705,20091130,20131231,20081224,20160328,20150827,20061225,20040928,20151009,20140908,20021225,20150924,20070102,20160328,20160328,20160328,20061115,20021231,20131225,20030101,20160328,20160328,20031225,20020923,20061010,20150406,20030101,20240320,20021226,20060615,20021226,20160101,20151225,20070409,20030101
20160314,20080731,20030430,20130808,20030101,20050104,20020617,20140127,20030103,20061023,20070504,20180913,20021023,20150701,20160118,20020815,20151112,20060821,20021226,20060414,20140304,20160118,20131225,20160215,20160215,20160101,20030101,20130101,20141226,20190303,20160126,20030101,20131225,20021231,20050516,20160101,20150501,20150501,20030106,20021014,20141002,20060414,20160101,20070103,20071231,20150924,20030101,20151225,20020831,20151014,20130916,20070101,20160502,20070406,20030421,20021225,20050623,20021225,20050314,20030425,20021224,20150821,20050103,20021107,20070205,20140418,20150216,20160425,20030120,20160215,20190218,20150216,20150923,20030101,20021226,20190109,20160126,20060706,20091201,20140101,20081225,20160425,20151019,20070101,20040929,20151225,20141001,20030101,20151110,20070409,20161226,20160516,20161226,20061120,20030101,20131226,20030127,20160425,20160502,20031226,20021014,20070101,20150501,20030418,20250320,20030101,20060815,20030101,20160104,20151231,20070501,20030102
20160325,20080930,20030529,20130809,20030106,20050131,20020709,20140418,20030428,20061101,20070507,20180921,20021205,20150730,20160215,20020910,20151125,20061016,20030101,20060417,20140418,20160215,20140101,20160325,20160325,20160126,20030417,20130124,20150101,20190604,20160325,20030317,20140101,20030101,20050801,20160125,20150902,20150902,20030418,20021225,20141225,20060524,20160126,20070423,20080101,20151014,20030321,20151231,20021104,20151110,20131015,20070102,20160530,20070501,20030505,20030101,20050815,20030101,20050325,20030501,20021225,20150831,20050104,20021108,20070319,20140421,20150403,20160613,20030217,20160325,20190419,20150403,20151012,20030417,20030101,20190304,20160307,20060928,20091202,20140120,20081226,20160602,20151225,20070406,20050208,20151231,20141002,20030201,20151225,20070430,20170414,20161003,20170414,20061225,20030106,20131231,20030418,20160613,20160509,20040101,20021104,20070219,20150619,20030519,20260320,20030106,20061101,20030102,20160208,20160101,20070607,20030418
20160328,20081001,20030609,20130830,20030310,20050325,20020819,20140421,20030501,20061225,20071001,20181002,20021210,20150812,20160325,20020930,20151225,20061106,20030418,20060501,20140421,20160325,20141225,20160530,20160530,20160314,20030418,20130606,20150119,20190605,20160328,20030418,20141225,20030418,20050908,20160210,20160101,20160101,20030421,20021226,20141226,20060612,20160208,20070830,20080110,20151209,20030418,20160101,20021206,20151224,20131105,20070208,20160829,20070629,20030526,20030304,20051101,20030106,20050328,20030602,20021230,20150925,20050325,20021212,20070405,20140501,20150525,20161226,20030526,20160530,20190527,20150525,20151103,20030418,20030418,20190305,20160325,20061117,20091203,20140303,20090101,20160629,20151228,20070501,20050209,20160101,20141003,20030203,20160101,20070501,20170417,20161226,20170417,20061229,20030418,20140101,20030421,20161226,20160530,20040409,20021223,20070220,20150710,20030701,20260921,20030421,20061225,20030120,20160325,20160208,20070622,20030421
20160425,20081002,20031225,20131015,20030325,20050328,20021014,20140425,20031201,20061226,20071002,20181008,20021230,20151023,20160530,20021002,20160126,20061113,20030421,20060508,20140501,20160530,20150101,20160704,20160704,20160325,20030421,20130808,20150403,20190606,20160425,20030421,20150101,20030421,20051226,20160325,20160208,20160208,20030501,20030101,20150101,20060803,20160314,20071012,20080207,20151224,20030421,20160208,20021207,20151225,20131225,20070409,20161226,20070830,20030825,20030418,20051226,20030417,20050425,20030815,20021231,20151118,20050523,20021213,20070406,20140619,20150703,20161227,20030704,20160704,20190704,20150703,20151123,20030421,20030421,20190306,20160328,20061225,20100907,20140304,20090409,20160815,20160101,20070521,20050210,20160208,20141006,20030212,20160208,20070524,20170501,20170414,20170501,20070101,20030421,20140106,20030425,20161227,20160829,20040412,20021231,20070221,20150928,20030804,20260922,20030501,20061226,20030206,20160328,20160209,20070625,20030501
20160613,20081202,20031226,20131016,20030425,20050425,20021106,20140609,20031225,20070101,20071003,20181018,20021231,20151207,20160704,20021015,20160307,20061208,20030501,20060705,20140619,20160704,20151225,20160905,20160905,20160328,20030516,20130810,20150525,20190811,20160502,20030505,20151225,20030501,20060102,20160328,20160209,20160209,20030529,20030131,20150219,20060804,20160325,20071029,20080307,20151225,20030428,20160209,20021225,20160101,20140101,20070427,20161227,20071008,20031225,20030425,20060414,20030418,20050613,20031208,20030101,20151119,20050624,20030101,20070501,20141225,20150907,20170102,20030901,20160905,20190902,20150907,20151223,20030501,20030501,20190419,20160425,20061226,20100908,20140418,20090410,20161101,20160307,20070702,20050301,20160209,20141007,20030418,20160209,20070525,20171225,20170417,20171225,20070125,20030501,20140418,20030609,20170102,20161226,20050325,20030101,20070222,20150929,20030901,20260923,20030529,20070101,20030418,20160425,20160325,20070815,20030529
20161003,20081203,20040101,20131017,20030428,20050606,20021225,20140813,20031226,20070315,20071004,20181019,20030101,20151210,20160905,20021104,20160324,20061225,20030529,20060829,20141225,20160905,20160101,20161124,20161124,20160425,20030529,20131014,20150703,20190812,20160613,20030602,20160101,20030529,20060414,20160516,20160210,20160210,20030620,20030203,20150220,20060904,20160328,20071220,20080320,20151231,20030501,20160210,20030101,20160125,20140114,20070501,20170102,20071101,20031226,20030501,20060417,20030501,20051101,20031225,20030225,20151130,20050701,20030102,20071102,20150101,20151126,20170126,20031013,20161124,20191128,20151126,20151231,20030529,20030508,20190501,20160606,20070101,20100909,20140421,20090413,20161208,20160314,20070716,20050405,20160210,20150101,20030501,20160325,20070906,20171226,20170501,20171226,20070219,20030529,20140421,20030804,20170126,20161227,20050328,20030102,20070223,20151009,20031013,20270322,20030609,20070409,20030421,20160606,20160421,20071008,20030609
20161226,20081207,20040409,20131018,20030501,20051024,20021231,20141006,20040101,20070316,20071005,20181024,20030217,20151231,20161010,20021119,20160325,20061229,20030530,20060901,20141231,20161010,20171225,20161226,20161226,20160613,20030605,20131015,20150907,20190813,20160722,20030804,20171225,20030609,20060417,20160613,20160211,20160211,20031224,20030418,20150403,20060911,20160329,20071221,20080321,20160101,20030616,20160301,20030201,20160201,20140131,20070502,20170414,20071225,20040101,20030610,20060501,20030502,20051226,20031226,20030407,20151224,20050905,20030103,20071119,20150216,20151225,20170414,20031111,20161226,20191225,20151225,20160101,20030609,20030529,20190701,20160926,20070409,20100911,20140423,20090423,20161226,20160325,20070815,20050505,20160301,20150102,20030515,20160502,20070907,20180101,20170605,20180101,20070220,20030609,20140501,20031006,20170414,20170102,20051226,20030103,20070228,20160101,20031111,20270920,20030619,20070501,20030425,20161024,20160526,20071101,20030801
20161227,20081208,20040412,20131029,20030616,20051226,20030101,20141114,20040102,20070409,20071231,20181101,20030407,20160101,20161111,20021207,20160414,20070101,20030609,20060915,20150101,20161111,20180101,20170102,20170102,20160801,20030609,20131016,20151111,20191218,20160801,20031027,20180101,20030619,20060501,20160704,20160212,20160212,20031225,20030421,20150406,20061113,20160425,20080101,20080501,20160208,20030924,20160413,20030203,20160208,20140203,20070625,20170417,20080101,20040409,20030613,20060525,20030515,20051227,20040101,20030417,20151225,20051010,20030106,20071212,20150217,20160101,20170417,20031127,20170102,20200101,20160101,20160111,20031224,20030609,20191104,20161226,20070501,20100912,20140501,20090501,20170106,20160328,20070917,20050606,20160413,20150218,20030809,20160706,20071224,20180330,20171003,20180330,20070406,20030620,20140529,20031225,20170417,20170414,20060414,20030113,20070405,20160204,20031225,20280320,20030815,20070503,20030602,20161226,20160907,20071225,20031225
20170102,20081209,20040430,20140101,20030815,20051227,20030331,20141225,20040412,20070430,20080101,20181106,20030414,20160222,20161124,20021225,20160415,20070108,20030721,20061101,20150216,20161124,20181225,20170116,20170116,20160926,20031224,20131017,20151126,20200211,20161226,20031225,20181225,20031003,20060525,20161114,20160418,20160418,20031226,20030501,20150407,20061225,20160613,20080423,20080520,20160309,20031216,20160505,20030204,20160209,20140501,20070815,20170501,20080320,20040412,20030619,20060605,20030815,20060102,20040106,20030418,20151230,20051111,20030107,20071225,20150403,20160118,20170425,20031225,20170116,20200120,20160118,20160211,20031225,20030714,20191105,20161227,20070508,20100913,20140619,20090521,20170417,20160421,20070918,20050815,20160505,20150219,20031024,20160809,20071225,20180402,20171225,20180402,20070501,20031224,20140609,20031226,20170425,20170417,20060417,20030211,20070406,20160205,20031226,20290320,20031208,20070607,20031027,20161227,20161012,20071226,20031226
20170126,20081210,20040520,20140423,20031028,20060102,20030417,20141226,20041201,20070501,20080206,20181108,20030415,20160406,20161226,20030213,20160419,20070319,20030815,20061117,20150217,20161226,20190101,20170220,20170220,20161003,20031225,20131102,20151127,20200301,20161227,20031226,20190101,20031224,20060605,20161226,20160502,20160502,20040101,20030508,20150501,20061226,20161020,20080519,20080730,20160325,20031225,20160606,20030212,20160502,20140513,20071031,20170529,20080321,20040503,20030815,20060623,20030909,20060126,20040412,20030501,20151231,20051226,20030224,20080101,20150421,20160215,20170612,20040101,20170220,20200217,20160215,20160321,20031226,20030815,20191111,20170102,20070705,20100922,20140625,20090601,20170425,20160516,20070919,20050919,20160606,20150220,20031125,20160912,20071226,20180501,20171226,20180501,20070607,20031225,20140619,20040101,20170612,20170501,20060501,20030321,20070501,20160208,20040101,20300320,20031224,20070815,20031225,20170102,20161102,20080101,20040101
20170313,20081228,20040531,20140501,20031225,20060103,20030418,20150101,20050502,20070528,20080207,20181121,20030501,20160413,20170102,20030301,20160706,20070405,20031111,20061225,20150403,20170102,20191225,20170414,20170414,20161226,20031226,20131130,20151225,20200524,20170102,20031229,20191225,20031225,20060801,20161227,20160503,20160503,20040106,20030604,20150525,20070101,20161226,20080930,20080818,20160505,20031226,20160815,20030304,20160622,20140530,20071101,20170828,20080501,20040531,20031201,20060815,20031208,20060313,20040602,20030502,20160101,20051227,20030310,20080204,20150501,20160325,20171225,20040119,20170414,20200410,20160325,20160429,20040101,20031111,20191128,20170126,20070706,20101113,20140704,20090617,20170501,20160701,20071015,20051003,20160815,20150223,20031225,20161226,20071231,20181224,20180101,20181224,20070709,20031226,20141003,20040126,20171225,20170509,20061225,20030429,20070618,20160209,20040409,20320920,20031225,20071101,20031226,20170103,20161115,20080324,20040102
20170414,20090101,20050325,20140519,20031226,20060130,20030501,20150126,20050630,20070820,20080208,20181126,20030505,20160414,20170116,20030314,20160815,20070406,20031225,20061226,20150421,20170116,20200101,20170529,20170529,20161227,20031231,20131201,20160101,20200525,20170126,20040101,20200101,20031226,20060907,20170102,20160902,20160902,20040409,20030701,20150701,20070406,20161227,20081001,20080930,20160506,20040101,20160914,20030501,20160706,20140715,20071225,20171225,20080515,20040830,20031208,20061101,20031225,20060414,20041101,20030613,20160208,20060102,20030501,20080317,20150604,20160530,20171226,20040216,20170529,20200525,20160530,20160503,20040408,20031225,20191209,20170306,20070928,20101114,20141120,20090803,20170602,20160801,20071101,20060130,20160914,20150224,20040101,20170102,20080101,20181225,20180330,20181225,20070907,20031231,20141224,20040409,20171226,20170529,20061226,20030505,20070619,20160210,20040524,20320921,20031226,20071225,20040101,20170206,20161230,20080501,20040409
20170417,20090308,20050328,20140728,20040101,20060206,20030616,20150403,20050701,20071022,20080211,20181225,20030515,20160415,20170220,20030318,20160905,20070501,20031226,20070101,20150501,20170220,20201225,20170704,20170704,20170102,20040101,20140101,20160118,20200526,20170414,20040317,20201225,20031231,20061225,20170123,20170102,20170102,20040412,20030912,20150903,20070524,20170102,20081002,20081001,20160704,20040322,20160915,20030514,20160707,20140728,20071226,20171226,20080516,20041227,20031224,20061225,20040101,20060417,20041208,20031031,20160225,20060103,20030502,20080320,20150907,20160704,20180101,20040531,20170704,20200703,20160704,20160504,20040409,20031226,20191225,20170414,20071224,20101115,20141225,20091224,20170629,20160802,20071225,20060301,20160915,20150406,20040122,20170130,20080303,20181226,20180402,20181226,20071012,20040101,20141225,20040412,20180101,20170828,20070101,20030721,20070918,20160211,20040701,20320922,20040101,20071226,20040102,20170414,20170227,20080522,20040412
20170425,20090719,20050505,20140729,20040106,20060414,20030709,20150406,20051201,20071023,20080212,20190115,20030701,20160502,20170414,20030401,20160913,20070521,20040101,20070406,20150604,20170414,20210101,20170904,20170904,20170126,20040408,20140111,20160325,20200730,20170417,20040409,20210101,20040101,20061226,20170301,20170126,20170126,20040520,20031001,20150928,20070605,20170126,20081029,20081002,20160705,20040409,20160916,20030515,20160831,20140729,20080101,20180101,20080728,20041228,20031225,20061226,20040106,20060425,20050106,20031126,20160324,20060414,20030509,20080321,20151012,20160905,20180126,20040705,20170904,20200907,20160905,20160505,20040412,20040101,20200101,20170417,20071225,20101116,20141231,20091225,20170815,20160803,20071231,20060501,20160916,20150501,20040123,20170414,20080428,20181231,20180501,20181231,20071102,20040106,20141226,20040426,20180126,20171225,20070406,20030915,20070924,20160212,20040802,20330321,20040106,20080101,20040119,20170417,20170228,20080625,20040520
20170612,20090920,20050516,20140730,20040223,20060417,20030818,20150608,20051226,20071101,20080404,20190304,20030714,20160505,20170529,20030402,20161011,20070611,20040409,20070409,20150907,20170529,20231225,20171123,20171123,20170313,20040409,20140525,20160530,20200802,20170425,20040412,20231225,20040409,20070101,20170414,20170127,20170127,20040625,20031225,20151001,20070611,20170213,20081208,20081003,20160706,20040412,20161003,20030607,20160912,20140901,20080102,20180330,20080729,20050103,20040101,20070101,20040319,20060612,20050328,20031224,20160325,20060522,20030612,20080501,20151102,20161124,20180330,20040906,20171123,20201126,20161124,20160718,20040517,20040409,20200109,20170425,20071226,20101117,20150101,20100101,20171101,20161021,20080101,20060505,20161003,20150622,20040202,20170501,20080501,20190101,20180521,20190101,20071115,20040409,20141231,20040614,20180330,20171226,20070409,20030923,20070925,20160229,20040906,20340320,20040412,20080324,20040206,20170425,20170414,20080805,20040531
20171002,20090921,20051226,20141006,20040325,20060425,20031106,20150812,20060102,20071102,20080501,20190401,20030812,20160506,20170704,20030411,20161012,20070618,20040412,20070501,20151012,20170704,20240101,20171225,20171225,20170414,20040412,20140728,20160704,20200803,20170501,20040503,20240101,20040412,20070102,20170417,20170130,20170130,20041206,20031226,20151021,20070802,20170313,20081209,20081208,20160707,20040414,20161230,20030901,20160916,20140916,20080208,20180402,20081008,20050325,20040224,20070406,20040408,20061107,20050425,20031225,20160509,20060623,20030613,20080916,20151225,20161226,20180402,20041011,20171225,20201225,20161226,20160811,20040520,20040412,20200224,20170605,20080101,20101118,20150120,20100401,20171208,20161226,20080321,20060531,20161230,20150903,20040409,20170510,20080502,20190419,20181224,20190419,20071120,20040412,20150101,20040802,20180402,20180101,20070501,20031013,20071010,20160404,20041011,20360320,20040520,20080501,20040409,20170605,20170421,20080815,20050325
20171225,20090922,20060414,20141007,20040409,20060605,20031208,20151005,20060424,20071224,20080502,20190406,20031023,20160520,20170904,20030414,20161031,20070702,20040520,20070508,20151102,20170904,20241225,20180101,20180101,20170417,20040507,20140729,20160905,20200804,20170612,20040607,20241225,20040520,20070406,20170515,20170131,20170131,20041224,20040101,20151225,20070803,20170414,20081210,20081225,20160708,20040427,20170127,20031024,20161003,20141006,20080324,20180507,20081120,20050328,20040409,20070409,20040409,20061225,20050602,20031230,20160706,20060703,20031107,20081117,20160101,20170102,20180425,20041111,20180101,20210101,20170102,20160919,20040531,20040520,20200225,20170925,20080324,20110226,20150216,20100402,20171225,20161227,20080501,20060606,20170127,20150904,20040501,20170626,20080505,20190422,20181225,20190422,20071225,20040520,20150106,20041004,20180425,20180330,20071225,20031103,20080101,20160405,20041111,20360922,20040531,20080522,20040412,20171023,20170501,20081008,20050328
20171226,20091126,20060417,20141029,20040412,20061023,20031224,20151225,20060501,20071225,20080609,20190417,20031205,20160701,20171009,20030415,20161114,20070720,20040521,20070705,20151130,20171009,20250101,20180115,20180115,20170425,20040520,20140730,20161108,20201217,20170728,20040802,20250101,20040531,20070409,20170612,20170201,20170201,20050106,20040122,20160101,20070903,20170417,20081211,20081229,20160817,20040616,20170130,20031125,20161212,20141022,20080501,20180528,20081121,20050502,20040610,20070501,20040816,20061226,20050815,20031231,20160829,20060904,20031212,20081212,20160208,20170116,20180611,20041125,20180115,20210118,20170116,20160922,20041224,20040531,20200226,20171225,20080501,20110829,20150217,20100405,20171226,20170102,20080521,20060717,20170130,20151001,20040602,20170809,20080506,20190501,20181226,20190501,20071231,20040531,20150403,20041227,20180611,20180402,20071226,20031124,20080206,20160502,20041227,20370320,20040610,20080815,20040607,20171225,20170615,20081225,20050505
20180101,20091128,20060525,20150101,20040531,20061225,20031225,20151228,20061201,20071226,20080915,20190419,20031210,20160718,20171123,20030418,20170126,20070807,20040531,20070829,20151225,20171123,20251225,20180219,20180219,20170612,20040531,20141004,20161111,20210209,20170807,20041025,20251225,20040610,20070501,20170703,20170202,20170202,20050325,20040123,20160208,20071112,20170418,20090101,20090101,20160912,20040809,20170301,20031126,20161226,20141225,20080502,20180827,20081208,20050530,20041005,20070517,20041012,20070101,20051101,20040101,20160912,20061009,20040101,20081225,20160209,20170220,20181225,20050117,20180219,20210215,20170220,20161010,20050324,20040714,20200410,20171226,20080508,20110830,20150403,20100422,20180101,20170306,20080716,20060815,20170301,20151002,20040809,20170901,20080922,20191224,20181231,20191224,20080101,20040625,20150406,20041228,20181225,20180507,20080101,20031223,20080207,20160609,20041228,20370921,20041026,20081111,20041025,20171226,20170907,20081226,20050516
20180126,20091129,20060605,20150423,20040813,20061226,20031231,20160101,20061225,20071231,20080929,20190501,20031231,20160719,20171225,20030501,20170224,20070820,20040721,20071101,20151231,20171225,20260101,20180330,20180330,20170807,20041224,20141005,20161124,20210307,20171225,20041227,20260101,20041224,20070517,20171113,20170203,20170203,20050328,20040405,20160209,20071225,20170425,20090423,20090102,20161212,20040924,20170501,20031225,20170102,20150101,20080625,20181225,20081225,20050829,20041101,20070528,20041101,20070126,20051208,20040225,20161031,20061113,20040102,20090101,20160325,20170414,20181226,20050221,20180330,20210402,20170414,20161103,20050325,20041101,20200501,20180101,20081028,20110831,20150421,20100513,20180402,20170313,20080815,20061003,20170501,20151005,20041111,20171018,20081224,20191225,20190101,20191225,20080125,20041224,20150501,20050103,20181226,20180509,20080321,20031231,20080208,20160610,20050103,20370922,20041101,20081225,20041227,20180101,20171012,20090101,20050801
20180312,20091202,20061225,20150501,20041028,20070101,20040101,20160126,20061226,20080101,20080930,20190507,20040101,20160812,20180101,20030515,20170313,20071015,20040816,20071224,20160101,20180101,20261225,20180528,20180528,20170925,20041231,20141025,20161125,20210513,20171226,20041228,20261225,20041231,20070528,20171225,20170406,20170406,20050505,20040409,20160210,20071226,20170612,20090501,20090126,20161226,20041216,20170503,20040101,20170130,20150202,20080815,20181226,20081226,20051226,20041201,20070815,20041109,20070312,20051226,20040407,20161101,20061225,20040107,20090202,20160421,20170529,20190101,20050530,20180528,20210531,20170529,20161123,20050328,20041111,20201103,20180126,20081117,20110924,20150423,20100524,20180425,20170414,20080918,20061005,20170503,20151006,20041115,20171225,20081225,20191226,20190419,20191226,20080204,20041231,20150514,20050126,20190101,20180528,20080324,20040101,20080211,20160915,20050325,20370923,20041208,20081226,20041228,20180102,20171102,20090106,20051226
20180330,20091203,20061226,20150519,20050106,20070102,20040405,20160325,20070101,20080324,20081001,20190605,20040308,20161024,20180115,20030516,20170404,20071105,20041101,20071225,20160208,20180115,20270101,20180704,20180704,20171002,20050324,20141202,20161226,20210516,20180101,20041229,20270101,20050325,20070801,20171226,20170407,20170407,20050624,20040412,20160325,20080101,20171026,20090519,20090309,20170328,20041227,20170505,20040122,20170201,20150219,20081031,20190101,20090101,20051227,20041208,20071101,20041206,20070406,20060106,20040408,20161130,20061226,20040223,20090316,20160526,20170704,20190128,20050704,20180704,20210705,20170704,20161223,20050505,20050325,20201104,20180305,20081224,20111105,20150501,20100617,20180501,20170417,20080919,20061006,20170505,20151007,20041225,20180101,20081226,20191231,20190422,20191231,20080205,20050106,20150525,20050325,20190128,20180827,20080501,20040102,20080228,20160916,20050523,20380920,20041224,20090101,20050103,20180206,20171115,20090413,20060102
20180402,20100911,20070101,20150717,20050314,20070129,20040408,20160328,20070102,20080501,20081002,20190812,20040406,20161205,20180219,20030630,20170414,20071112,20041111,20071226,20160209,20180219,20281225,20180903,20180903,20171225,20050325,20150101,20170102,20210517,20180126,20050103,20281225,20050328,20070906,20180101,20170501,20170501,20051206,20040526,20160328,20080321,20171225,20090921,20090326,20170414,20050321,20170606,20040123,20170209,20150220,20081225,20190419,20090102,20060102,20041224,20071225,20041208,20070409,20060417,20040409,20161230,20070101,20040308,20090409,20160907,20170904,20190419,20050905,20180903,20210906,20170904,20170102,20050516,20050328,20201105,20180330,20081225,20111106,20150604,20100802,20180629,20170605,20081031,20061225,20170606,20160101,20050101,20180216,20081231,20200101,20190501,20200101,20080321,20050325,20150604,20050328,20190419,20181225,20081225,20040112,20080404,20161010,20050701,20390321,20050106,20090413,20050104,20180330,20171225,20090501,20060414
20180425,20100912,20070406,20150924,20050325,20070206,20040409,20160425,20070409,20080502,20081003,20190815,20040413,20161212,20180330,20030815,20170501,20071225,20050325,20080101,20160325,20180330,20290101,20181122,20181122,20171226,20050328,20150103,20170116,20210719,20180330,20050317,20290101,20050505,20071225,20180122,20170502,20170502,20051226,20040622,20160404,20080526,20171226,20090922,20090409,20170424,20050325,20170815,20040202,20170501,20150501,20081226,20190422,20090409,20060414,20050208,20071226,20050106,20070425,20060425,20040510,20170413,20070102,20040503,20090410,20161012,20171123,20190422,20051010,20181122,20211125,20171123,20170103,20050517,20050505,20201110,20180402,20081226,20111107,20150907,20101224,20180815,20170703,20081208,20070101,20170815,20160208,20050121,20180330,20090101,20200410,20190610,20200410,20080421,20050328,20151224,20050425,20190422,20181226,20081226,20040211,20080501,20170102,20050801,20400320,20050328,20090501,20050124,20180402,20171229,20090611,20060417
20180611,20101115,20070409,20150925,20050429,20070406,20040525,20160502,20070501,20080512,20090101,20190902,20040414,20170102,20180528,20030930,20170626,20071231,20050328,20080321,20160421,20180528,20291225,20181225,20181225,20180101,20050422,20150516,20170414,20210720,20180402,20050325,20291225,20050516,20071226,20180214,20170904,20170904,20060106,20040701,20160502,20080616,20180101,20091029,20090410,20170501,20050328,20171003,20040203,20170510,20150504,20090101,20190506,20090410,20060417,20050325,20080101,20050324,20070611,20060501,20041101,20170414,20070406,20040504,20090501,20161102,20171225,20190425,20051111,20181225,20211224,20171225,20170109,20051226,20050714,20201208,20180425,20090101,20120818,20151012,20110421,20181101,20170807,20081225,20070219,20171003,20160209,20050209,20180501,20090102,20200413,20191224,20200413,20080501,20050505,20151225,20050613,20190425,20190101,20090101,20040429,20080728,20170125,20050905,20410320,20050505,20090611,20050325,20180425,20180101,20090622,20060501
20181001,20101116,20070430,20151029,20050502,20070409,20040621,20160810,20071225,20080820,20090102,20190910,20040415,20170213,20180704,20031002,20170815,20080101,20050505,20080324,20160526,20180704,20300101,20190101,20190101,20180126,20050505,20150718,20170529,20210721,20180425,20050328,20300101,20050526,20071231,20180330,20180101,20180101,20060414,20040929,20160609,20080731,20180126,20091127,20090521,20170511,20050427,20171004,20040223,20170612,20150601,20090102,20190527,20090501,20060501,20050425,20080321,20050325,20071106,20060602,20041115,20170501,20070521,20040510,20090916,20161115,20180101,20190610,20051124,20190101,20220117,20180101,20170320,20060413,20050815,20201225,20180604,20090413,20120819,20151102,20110422,20181225,20170808,20081231,20070301,20171004,20160210,20050210,20180529,20090302,20200501,20191225,20200501,20080522,20050606,20151231,20050801,20190610,20190419,20090410,20040503,20080929,20170126,20051010,20420320,20050516,20091111,20050328,20180604,20180212,20090625,20060525
20181225,20101117,20070517,20160101,20050620,20070425,20040709,20161003,20071226,20081023,20090126,20191002,20040503,20170406,20180903,20031004,20170825,20080107,20050506,20080501,20160907,20180903,20301225,20190121,20190121,20180312,20050516,20150719,20170704,20210722,20180507,20050502,20301225,20051003,20080101,20180402,20180214,20180123,20060417,20041001,20160701,20080801,20180212,20091130,20090708,20170525,20050502,20171005,20040501,20170626,20150717,20090413,20190826,20090629,20060529,20050526,20080324,20050502,20071225,20060815,20041129,20170612,20070625,20040614,20091102,20170227,20180115,20191225,20051226,20190121,20220221,20180115,20170503,20060414,20051101,20210101,20180924,20090501,20120820,20151120,20110425,20181226,20170809,20090101,20070501,20171005,20160211,20050325,20180615,20090303,20201224,20191226,20201224,20080709,20050624,20160101,20051003,20191225,20190422,20090413,20040504,20081010,20170127,20051111,20430921,20050526,20091225,20050425,20181022,20180213,20090805,20060605
20181226,20101118,20070528,20160519,20050815,20070604,20040816,20161226,20071231,20081024,20090127,20191007,20040505,20170413,20181008,20031025,20171002,20080320,20050516,20080508,20161012,20181008,20310101,20190218,20190218,20180330,20051226,20150923,20170904,20211219,20180611,20050606,20310101,20051226,20080102,20180521,20180215,20180124,20060501,20041022,20160916,20080901,20180312,20100101,20090720,20170623,20050616,20171006,20040503,20170627,20150831,20090427,20191225,20090727,20060828,20050610,20080501,20050503,20071226,20061101,20041203,20170626,20070702,20041108,20091116,20170228,20180219,20191226,20060102,20190218,20220415,20180219,20170504,20060417,20051111,20210215,20181225,20090508,20120923,20151225,20110602,20190101,20171023,20090410,20070524,20171006,20160212,20050502,20180809,20090420,20201225,20191231,20201225,20081120,20051226,20160106,20051226,20191226,20190506,20090501,20040505,20090101,20170130,20051226,20440321,20050815,20100101,20050606,20181225,20180330,20091008,20060801
20190101,20101202,20071225,20160705,20051028,20071022,20041011,20161227,20080101,20081224,20090128,20191008,20040603,20170414,20181112,20031108,20171020,20080321,20050721,20080829,20161102,20181112,20311225,20190419,20190419,20180402,20060413,20150924,20171110,20220208,20180727,20050801,20311225,20060414,20080321,20180611,20180216,20180214,20060525,20041227,20161010,20081013,20180330,20100423,20090817,20170626,20050809,20171009,20040505,20170831,20150916,20090501,20191226,20090728,20061225,20050613,20080512,20050725,20080101,20061208,20041224,20170821,20070903,20041213,20091225,20170414,20180330,20200101,20060116,20190419,20220530,20180330,20170505,20060501,20051226,20210216,20181226,20090706,20121025,20151231,20110613,20190422,20171225,20090501,20070606,20171009,20160404,20050523,20180822,20090501,20201231,20200101,20201231,20081225,20060106,20160325,20051227,20200101,20190509,20091225,20040719,20090102,20170131,20051227,20450320,20051026,20100405,20051024,20181226,20180501,20091225,20061225
20190128,20110101,20071226,20160706,20051226,20071225,20041208,20170102,20080102,20081225,20090129,20191028,20040701,20170501,20181122,20031126,20171225,20080324,20050815,20080901,20161115,20181122,20320101,20190527,20190527,20180425,20060414,20151015,20171123,20220306,20180806,20051031,20320101,20060417,20080324,20180702,20180219,20180215,20060623,20050209,20161226,20081111,20180402,20100519,20090921,20170627,20051216,20171220,20040605,20170901,20150924,20090625,20200101,20090729,20061226,20050815,20080623,20050815,20080128,20061225,20041227,20170828,20071008,20050103,20100101,20170421,20180528,20200127,20060220,20190527,20220704,20180528,20170717,20060517,20060414,20210217,20190101,20090928,20121027,20160101,20110617,20190425,20171226,20090521,20070717,20171220,20160502,20050809,20181106,20090504,20210101,20200410,20210101,20081231,20060414,20160328,20060102,20200127,20190527,20100101,20040920,20090126,20170201,20060102,20460320,20051101,20100503,20051226,20190101,20180531,20100101,20061226
20190311,20110217,20080101,20160707,20060106,20071226,20041231,20170126,20080428,20081226,20090130,20191101,20040802,20170505,20181225,20031225,20180126,20080501,20051101,20080915,20161130,20181225,20341225,20190704,20190704,20180528,20060417,20151202,20171124,20220502,20181225,20051226,20341225,20060501,20080501,20181112,20180220,20180216,20061206,20050210,20161227,20081225,20180403,20100830,20090922,20170628,20051226,20171225,20040831,20170921,20151014,20091225,20200410,20091008,20070101,20051005,20080815,20050909,20080310,20061226,20041230,20170901,20071112,20050104,20100201,20170501,20180704,20200410,20060529,20190704,20220905,20180704,20170811,20060525,20060417,20210402,20190128,20091028,20121028,20160120,20110801,20190501,20180101,20090629,20070815,20171225,20160609,20050827,20181225,20090505,20210402,20200413,20210402,20090101,20060417,20160505,20060126,20200410,20190826,20100402,20040923,20090127,20170227,20060414,20480320,20051208,20100603,20051227,20190102,20180907,20100106,20070101
20190419,20110630,20080321,20160830,20060306,20080101,20050324,20170414,20080501,20090101,20090406,20191115,20040812,20170510,20190101,20040126,20180213,20080505,20051111,20081117,20161230,20190101,20350101,20190902,20190902,20180611,20060512,20151203,20171225,20220503,20181226,20051227,20350101,20060525,20080512,20181225,20180425,20180219,20061225,20050211,20170102,20081226,20180425,20100909,20090923,20170817,20060102,20171229,20041112,20171018,20151110,20100101,20200413,20091009,20070406,20051101,20081225,20051012,20080321,20070101,20041231,20171101,20071225,20050105,20100315,20170615,20180903,20200413,20060704,20190902,20221124,20180903,20170918,20060605,20060501,20211103,20190304,20091117,20121029,20160208,20111226,20190815,20180305,20090716,20070924,20171229,20160610,20051101,20190101,20090506,20210405,20200501,20210405,20090223,20060501,20160516,20060414,20200413,20191225,20100405,20041011,20090128,20170228,20060522,20480921,20051226,20101101,20060102,20190206,20181012,20100405,20070102
20190422,20110830,20080324,20160912,20060421,20080102,20050325,20170417,20081201,20090102,20090501,20191225,20041025,20170710,20190121,20040202,20180302,20080526,20051226,20081224,20170227,20190121,20351225,20191128,20191128,20180806,20060525,20151224,20180101,20220504,20190101,20051228,20351225,20060605,20080801,20181226,20180430,20180220,20061226,20050325,20170130,20090101,20180611,20100910,20091127,20170901,20060301,20180101,20041115,20171201,20151224,20100208,20200504,20091208,20070409,20051201,20081226,20051101,20080324,20070409,20050225,20171130,20071226,20050106,20100401,20170907,20181122,20200608,20060904,20191128,20221226,20181122,20171009,20061225,20060508,20211104,20190419,20091224,20130807,20160209,20120405,20191101,20180312,20090918,20070925,20180101,20160915,20051103,20190205,20090921,20211224,20200601,20211224,20090224,20060525,20160526,20060417,20200608,20191226,20110422,20041103,20090129,20170403,20060703,20480922,20060106,20101111,20060103,20190419,20181102,20100603,20070406
20190425,20110831,20080430,20160913,20060424,20080128,20050525,20170425,20081225,20090413,20090528,20200115,20041206,20170814,20190218,20040218,20180329,20080602,20060414,20081225,20170228,20190218,20360101,20191225,20191225,20181001,20060605,20160505,20180115,20220505,20190128,20060102,20360101,20060615,20080911,20190101,20180501,20180425,20070101,20050328,20170131,20090410,20181025,20101029,20091218,20170921,20060321,20180215,20041116,20171225,20151225,20100405,20200525,20091224,20070507,20051208,20090101,20051109,20080425,20070425,20050323,20171225,20080101,20050107,20100402,20171012,20181225,20201225,20061009,20191225,20230102,20181225,20171103,20061226,20060525,20211105,20190422,20091225,20130808,20160325,20120406,20191225,20180330,20091012,20070926,20180215,20160916,20051226,20190206,20090922,20211231,20201224,20211231,20090410,20060606,20161003,20060425,20201225,20200101,20110425,20041123,20090130,20170404,20060807,20490920,20060417,20110106,20060123,20190422,20181115,20100622,20070409
20190610,20110901,20080501,20160914,20060501,20080206,20050620,20170501,20081226,20090501,20090529,20200221,20041210,20171023,20190419,20040302,20180330,20080630,20060417,20081226,20170414,20190419,20361225,20200101,20200101,20181225,20061225,20160706,20180330,20220710,20190419,20060317,20361225,20061003,20081225,20190128,20180903,20180430,20070406,20050405,20170404,20090525,20181225,20101116,20091225,20171201,20060414,20180216,20041225,20180101,20160101,20100427,20200831,20091225,20070528,20060228,20090410,20051206,20080609,20070501,20050324,20180101,20080102,20050110,20100916,20171102,20190101,20201228,20061123,20200101,20230116,20190101,20171123,20070101,20060714,20211110,20190425,20100101,20130811,20160421,20120409,20191226,20180402,20091208,20071003,20180216,20161003,20060102,20190419,20091224,20220415,20201225,20220415,20090421,20060623,20161101,20060612,20201228,20200410,20111226,20041223,20090501,20170501,20060904,,20060501,20110425,20060206,20190425,20181225,20100625,20070501
20191007,20111105,20080512,20160915,20060612,20080321,20050815,20170816,20090101,20090601,20091001,20200325,20041231,20171205,20190527,20040330,20180501,20080807,20060501,20090101,20170421,20190527,20370101,20200120,20200120,20181226,20061226,20160707,20180528,20220711,20190422,20060414,20370101,20061225,20081226,20190306,20190101,20180501,20070409,20050502,20170414,20090615,20181226,20101117,20100101,20171225,20060417,20180301,20050101,20180131,20160201,20100625,20201225,20091231,20070827,20060414,20090413,20051208,20081104,20070815,20050325,20180102,20080321,20050223,20100917,20171115,20190121,20210101,20061225,20200120,20230220,20190121,20180101,20070405,20060815,20211129,20190603,20100405,20130923,20160526,20120419,20200101,20180521,20091225,20071219,20180301,20161004,20060110,20190501,20091225,20220418,20201231,20220418,20090501,20061225,20161226,20060807,20210101,20200413,20120406,20041231,20090528,20170529,20061009,,20060525,20110503,20060414,20190603,20181231,20100805,20070517
20191225,20111106,20081225,20170501,20060815,20080324,20051010,20171002,20090102,20090820,20091002,20200401,20050103,20171211,20190704,20040401,20180815,20080818,20060525,20090106,20170501,20190704,20371225,20200217,20200217,20190101,20070101,20160910,20180704,20220712,20190425,20060417,20371225,20061226,20081231,20190419,20190204,20180903,20070501,20050516,20170417,20090730,20190101,20101118,20100226,20171226,20060427,20180501,20050121,20180201,20160208,20101101,20201228,20100101,20071225,20060425,20090501,20060106,20081225,20071101,20050502,20180216,20080519,20050307,20101102,20171225,20190218,20210126,20070101,20200217,20230407,20190218,20180102,20070406,20061101,20211208,20190930,20100705,20131014,20160907,20120501,20200106,20180702,20091231,20071225,20180501,20161005,20060130,20190520,20091231,20221226,20210101,20221226,20090611,20061226,20170106,20061002,20210126,20200504,20120409,20050103,20090529,20170530,20061113,,20060605,20110623,20060417,20191028,20190101,20101008,20070528
20191226,20111107,20081226,20170519,20061225,20080425,20051208,20171225,20090420,20090821,20091005,20200406,20050223,20180101,20190902,20040403,20180822,20081013,20060526,20090410,20170615,20190902,20380101,20200410,20200410,20190128,20070405,20160911,20180903,20220713,20190506,20060501,20380101,20070101,20090101,20190422,20190205,20181231,20070517,20050701,20170501,20090731,20190128,20101119,20100316,20180101,20060501,20180507,20050201,20180216,20160209,20110208,20210101,20100401,20071226,20060501,20090521,20060320,20081226,20071225,20050613,20180329,20080624,20050308,20101115,20180101,20190419,20210402,20070115,20200410,20230529,20190419,20180103,20070409,20061225,20220228,20191225,20100706,20131015,20161012,20120517,20200413,20180806,20100101,20080101,20180507,20161006,20060131,20190605,20100101,20230407,20210402,20230407,20090709,20070101,20170414,20061225,20210402,20200525,20120501,20050110,20090807,20171004,20061225,,20060615,20110815,20060425,20191225,20190304,20101101,20070801
20200101,20111201,20090101,20170626,20061226,20080602,20051230,20171226,20090501,20091023,20091006,20200410,20050406,20180102,20191014,20040409,20180913,20081103,20060605,20090413,20170907,20191014,20401225,20200525,20200525,20190311,20070406,20160912,20181106,20220714,20190610,20060605,20401225,20070406,20090102,20190520,20190206,20190101,20070622,20050919,20170503,20090907,20190211,20110519,20100402,20180216,20060616,20180522,20050209,20180501,20160502,20110425,20210402,20100402,20080101,20060613,20090601,20060413,20090101,20071226,20050725,20180330,20080701,20050502,20110207,20180212,20190527,20210405,20070219,20200525,20230704,20190527,20180108,20070501,20061226,20220301,20191226,20100928,20131016,20161102,20120528,20200501,20180807,20100402,20080206,20180522,20161007,20060414,20190809,20100303,20230410,20210405,20230410,20090907,20070406,20170417,20061226,20210405,20200831,20121225,20050211,20100101,20171009,20061226,,20060815,20111101,20060605,20191226,20190305,20110106,20071225
20200127,20111203,20090410,20170627,20070101,20081027,20060324,20180101,20090608,20091224,20091007,20200414,20050413,20180301,20191111,20040414,20180920,20081117,20060721,20090501,20171012,20191111,20410101,20200703,20200703,20190419,20070409,20160913,20181112,20221218,20190726,20060807,20410101,20070409,20090410,20190617,20190207,20190204,20071206,20051011,20170530,20091111,20190311,20110830,20100513,20180330,20060809,20180606,20050210,20180529,20160530,20110427,20210405,20100628,20080321,20060615,20090623,20060414,20090126,20080101,20050829,20180409,20080901,20050509,20110321,20180213,20190704,20210426,20070528,20200703,20230904,20190704,20180212,20070517,20070101,20220302,20200101,20101028,20140727,20161115,20120806,20200602,20180808,20100521,20080207,20180606,20170102,20060501,20190812,20100402,20230501,20210524,20230501,20091012,20070409,20170501,20070101,20210426,20201225,20121226,20050321,20100215,20171010,20070101,,20061026,20111111,20061023,20200101,20190419,20110425,20071226
20200309,20120101,20090413,20170830,20070219,20081225,20060413,20180126,20091201,20091225,20091008,20200501,20050414,20180406,20191128,20040426,20181002,20081208,20060815,20090508,20171102,20191128,20411225,20200907,20200907,20190422,20070504,20161002,20181122,20230214,20190805,20061030,20411225,20070501,20090413,20190701,20190208,20190205,20071224,20051226,20171002,20091225,20190419,20110831,20100528,20180501,20060925,20180613,20050211,20180615,20160531,20110502,20210503,20100629,20080324,20060815,20091225,20060501,20090309,20080324,20051031,20180501,20081013,20050510,20110421,20180330,20190902,20210614,20070704,20200907,20231123,20190902,20180321,20070528,20070406,20220415,20200127,20101117,20140728,20161230,20121224,20200629,20181022,20100628,20080208,20180613,20170127,20060506,20191028,20100405,20230529,20211224,20230529,20091102,20070501,20170525,20070126,20210614,20201228,20130101,20050429,20100216,20180101,20070406,,20061101,20111226,20061225,20200102,20190501,20110622,20080101
20200410,20120204,20090430,20170901,20070406,20081226,20060414,20180330,20091225,20100101,20100101,20200525,20050415,20180413,20191225,20040501,20181018,20081225,20061101,20090901,20171115,20191225,20420101,20201126,20201126,20190425,20070517,20161130,20181123,20230305,20191225,20061225,20420101,20070517,20090501,20191111,20190415,20190206,20071225,20051227,20171005,20091228,20190422,20110901,20100817,20180510,20061225,20180815,20050421,20180822,20160622,20110815,20210531,20100728,20080505,20061005,20100101,20060502,20090410,20080425,20051101,20180612,20081111,20050613,20110422,20180501,20191128,20211227,20070903,20201126,20231225,20191128,20180430,20071224,20070409,20220502,20200302,20101224,20140729,20170120,20121225,20201208,20181225,20100716,20080409,20180815,20170130,20060512,20191225,20100506,20231225,20211231,20231225,20091120,20070517,20170605,20070406,20211227,20210101,20130329,20050503,20100217,20180213,20070521,,20061208,20120106,20061226,20200206,20190620,20110623,20080102
20200413,20120617,20090521,20170904,20070409,20090101,20060501,20180402,20100101,20100315,20100215,20200801,20050502,20180416,20200101,20040504,20181108,20081231,20061225,20090915,20171130,20200101,20421225,20201225,20201225,20190527,20070528,20161203,20181225,20230423,20191226,20061226,20421225,20070528,20090521,20191225,20190429,20190207,20071226,20060102,20171225,20100101,20190423,20111107,20100909,20180529,20061226,20180924,20050502,20180831,20160706,20111031,20210830,20100729,20080526,20061101,20100402,20060515,20090413,20080501,20051104,20180615,20081225,20051104,20110916,20180531,20191225,20211228,20071008,20201225,20240101,20191225,20180503,20071225,20070501,20221103,20200410,20110425,20140730,20170227,20121226,20201225,20181226,20100917,20080501,20180924,20170131,20060809,20200101,20100507,20231226,20220415,20231226,20091225,20070606,20170615,20070409,20211228,20210402,20130401,20050504,20100218,20180214,20070702,,20061225,20120409,20070101,20200410,20191115,20110805,20080321
20200608,20120819,20090601,20180101,20070501,20090102,20060525,20180425,20100405,20100405,20100216,20200815,20050505,20180501,20200120,20040630,20181123,20090101,20061226,20091117,20171225,20200120,20430101,20210101,20210101,20190610,20070605,20161211,20190101,20230424,20200101,20061227,20430101,20070607,20090601,20191226,20190430,20190208,20080101,20060130,20171226,20100402,20190425,20111108,20100910,20180601,20070101,20180925,20050523,20180910,20160707,20111101,20211227,20100730,20080825,20061201,20100405,20060815,20090608,20080602,20051128,20180821,20081226,20060102,20111102,20180907,20200101,20220103,20071112,20210101,20240115,20200101,20180504,20071226,20070508,20221104,20200413,20110705,20140923,20170228,20130101,20210101,20190101,20100920,20080505,20180925,20170201,20061024,20200127,20100524,20240101,20220418,20240101,20091231,20070622,20171003,20070425,20220103,20210405,20130501,20050505,20100219,20180215,20070806,,20061226,20120501,20070102,20200413,20191225,20110815,20080324
20201005,20120820,20091225,20180423,20070528,20090126,20060619,20180507,20100524,20100524,20100217,20200917,20050523,20180529,20200217,20040820,20181225,20090112,20070101,20091224,20171229,20200217,20431225,20210118,20210118,20190805,20071224,20170101,20190121,20230425,20200127,20070101,20431225,20071003,20090910,20200101,20190501,20190415,20080321,20060131,20180101,20100524,20190610,20111109,20100913,20180613,20070321,20180926,20050604,20180911,20160831,20111226,20211228,20100830,20081225,20061208,20100513,20061012,20091103,20080815,20051226,20180827,20090101,20060103,20111121,20181012,20200120,20220126,20071122,20210118,20240219,20200120,20180716,20080101,20070517,20221110,20200427,20110706,20141005,20170414,20130328,20210106,20190304,20101011,20080512,20180926,20170202,20061225,20200410,20100906,20240329,20220606,20240329,20100101,20071224,20171031,20070611,20220126,20210503,20131225,20050718,20100405,20180216,20070903,,20070101,20120503,20070122,20200427,20191231,20111101,20080501
20201225,20120821,20100101,20180501,20070815,20090206,20060821,20180815,20101201,20100820,20100218,20201002,20050701,20180727,20200410,20040918,20190304,20090323,20070406,20091225,20180101,20200410,20440101,20210215,20210215,20191007,20071225,20170424,20190419,20230628,20200410,20070319,20440101,20071224,20091225,20200127,20190902,20190429,20080324,20060405,20180216,20100621,20191024,20120423,20101117,20180614,20070406,20181003,20050831,20180917,20160912,20120102,20220103,20101008,20081226,20061225,20100524,20061101,20091225,20081208,20051230,20181101,20090102,20060104,20111212,20181102,20200217,20220415,20071225,20210215,20240329,20200217,20180917,20080320,20070815,20221128,20200601,20110928,20141006,20170421,20130329,20210405,20190311,20101101,20080606,20181003,20170403,20070101,20200501,20100922,20240401,20221226,20240401,20100125,20071225,20171101,20070806,20220415,20210531,20131226,20050919,20100616,20180219,20071008,,20070409,20120607,20070206,20200601,20200101,20111226,20080512
20201228,20121025,20100402,20180615,20071225,20090410,20061016,20181001,20110425,20101101,20100219,20201030,20050722,20180730,20200525,20040930,20190321,20090409,20070409,20100101,20180212,20200525,20451225,20210402,20210402,20191225,20071226,20170625,20190527,20230629,20200413,20070406,20451225,20071225,20091231,20200226,20200101,20190430,20080501,20060414,20180219,20100729,20191225,20120501,20101207,20180615,20070409,20181009,20051101,20181106,20160916,20120208,20220415,20101101,20090101,20070101,20100623,20061109,20091228,20081225,20060413,20181102,20090410,20060105,20120206,20181115,20200410,20220418,20080101,20210402,20240527,20200410,20180924,20080321,20071101,20221208,20200928,20111028,20150719,20170501,20130401,20210602,20190419,20101208,20080815,20181009,20170404,20070102,20200507,20101224,20240501,20230407,20240501,20100215,20071226,20171225,20070907,20220418,20210830,20140101,20050923,20100922,20180220,20071112,,20070501,20120815,20070406,20201026,20200224,20120106,20080801
20210101,20121027,20100405,20180821,20071226,20090413,20061106,20181225,20110613,20101224,20100405,20201031,20050812,20180813,20200703,20041002,20190417,20090410,20070501,20100106,20180213,20200703,20460101,20210531,20210531,20191226,20071231,20170626,20190704,20231218,20200504,20070409,20460101,20071226,20100101,20200410,20200123,20190501,20080620,20060417,20180330,20100730,20191226,20120820,20101224,20180618,20070427,20181225,20051103,20181120,20161003,20120409,20220418,20101208,20090410,20070220,20101101,20061206,20100101,20081226,20060414,20181130,20090518,20060106,20120319,20181225,20200525,20220425,20080121,20210531,20240704,20200525,20181008,20080324,20071225,20221226,20201225,20111117,20150923,20170615,20130425,20210629,20190422,20101231,20080915,20181225,20170501,20070219,20200525,20101231,20241224,20230410,20241224,20100216,20071231,20171226,20071001,20220425,20211227,20140418,20051010,20110202,20180228,20071225,,20070517,20121101,20070409,20201225,20200225,20120409,20081225
20210126,20121028,20100430,20180822,20080101,20090601,20061208,20181226,20110815,20110314,20100503,20201116,20051024,20181015,20200907,20041013,20190419,20090501,20070517,20100402,20180330,20200907,20461225,20210705,20210705,20200101,20080101,20170627,20190902,20240213,20200608,20070507,20461225,20071231,20100402,20200413,20200124,20190902,20081224,20060501,20180402,20100906,20200101,20120821,20110203,20180619,20070501,20181231,20051104,20181225,20161212,20120427,20220502,20101224,20090413,20070406,20110422,20061208,20100126,20090101,20060501,20181224,20090624,20060109,20120405,20190101,20200703,20220613,20080218,20210705,20240902,20200703,20181123,20080501,20071226,20230102,20201228,20111226,20150924,20170907,20130501,20211101,20190610,20110422,20081003,20181231,20170529,20070220,20200731,20110303,20241225,20230501,20241225,20100402,20080101,20180101,20071225,20220613,20211228,20140421,20051103,20110203,20180404,20071226,,20070528,20121225,20070425,20201228,20200410,20120501,20081226
20210308,20121115,20100505,20180823,20080304,20091026,20061225,20190101,20111201,20110315,20100614,20201203,20051205,20181023,20201012,20041022,20190501,20090525,20070518,20100405,20180501,20201012,20470101,20210906,20210906,20200127,20080320,20170831,20191111,20240303,20200724,20070604,20470101,20080101,20100405,20200518,20200127,20200101,20081225,20060505,20180405,20100920,20200127,20120830,20110215,20180817,20070809,20190101,20051226,20190101,20161226,20120501,20220530,20101231,20090504,20070425,20110425,20061225,20100308,20090106,20060612,20181225,20090701,20060223,20120406,20190304,20200907,20221226,20080526,20210906,20241128,20200907,20181224,20080512,20080101,20230109,20210101,20120409,20160705,20171012,20130509,20211208,20190701,20110627,20081225,20190101,20170530,20070406,20200810,20110304,20241226,20230529,20241226,20100421,20080321,20180330,20071226,20221226,20220103,20140501,20051123,20110204,20180405,20080101,,20070607,20121226,20070604,20210101,20200421,20120607,20090101
20210402,20121202,20100513,20180824,20080305,20091225,20061229,20190128,20111226,20110425,20100615,20201225,20051212,20181205,20201111,20041112,20190605,20090615,20070528,20100705,20180531,20201111,20471225,20211125,20211125,20200309,20080321,20170902,20191128,20240410,20200803,20070806,20471225,20080321,20100513,20200615,20200128,20200123,20081226,20060531,20180501,20101111,20200210,20121025,20110422,20180822,20070924,20190204,20060102,20190121,20170102,20120502,20220829,20110421,20090525,20070501,20110602,20070101,20100402,20090413,20060724,20181231,20090907,20060224,20120501,20190305,20201126,20221227,20080704,20211125,20241225,20201126,20181231,20081224,20080321,20230220,20210126,20120501,20160706,20171102,20130520,20220106,20190805,20110815,20090101,20190204,20171002,20070501,20201225,20110422,20241231,20231225,20241231,20100603,20080324,20180402,20080101,20221227,20220415,20141225,20051223,20110207,20180406,20080218,,20070815,20130101,20071022,20210104,20200501,20120622,20090102
20210405,20130101,20100524,20180830,20080310,20091228,20070101,20190419,20120102,20110613,20100616,20210114,20060102,20181210,20201126,20041115,20190812,20090622,20070815,20100901,20180907,20201126,20480101,20211224,20211224,20200410,20080324,20170903,20191129,20240411,20201225,20071029,20480101,20080324,20100524,20200706,20200129,20200124,20090101,20061002,20180522,20101227,20200309,20121026,20110517,20180911,20071217,20190205,20060110,20190201,20170130,20120625,20221226,20110422,20090831,20070607,20110613,20070405,20100405,20090501,20060821,20190101,20091012,20060308,20121102,20190419,20201225,20230102,20080901,20211224,20250101,20201225,20190101,20081225,20080324,20230221,20210301,20120508,20160707,20171115,20130617,20220418,20190806,20110919,20090126,20190205,20171003,20070531,20210101,20110425,20250101,20231226,20250101,20100709,20080501,20180501,20080128,20230102,20220418,20141226,20060102,20110228,20180501,20080321,,20071026,20130401,20071225,20210208,20200611,20120625,20090410
20210426,20130124,20110422,20181029,20080319,20100101,20070402,20190422,20120103,20111031,20100922,20210126,20060213,20181231,20201225,20041126,20190815,20090629,20071101,20100915,20181012,20201225,20481225,20220117,20220117,20200413,20080418,20170921,20191225,20240616,20201228,20071225,20481225,20080501,20100909,20201109,20200402,20200127,20090106,20061030,20180618,20101228,20200410,20121029,20110602,20181120,20071225,20190206,20060130,20190205,20170201,20120815,20221227,20110629,20091225,20070613,20110623,20070406,20100426,20090602,20060928,20190205,20091111,20060501,20121119,20190501,20210101,20230126,20081013,20220117,20250120,20210101,20190102,20081226,20080501,20230222,20210402,20120705,20160908,20171120,20130805,20220425,20190807,20111010,20090127,20190206,20171004,20070809,20210212,20110506,20250418,20240101,20250418,20100907,20080606,20180510,20080321,20230126,20220502,20150101,20060103,20110404,20180618,20080519,,20071101,20130501,20071226,20210402,20200907,20120815,20090413
20210614,20130606,20110425,20190101,20080320,20100104,20070405,20190425,20120416,20111101,20100923,20210311,20060406,20190101,20210101,20041225,20190902,20090720,20071225,20101101,20181102,20210101,20490101,20220221,20220221,20200601,20080501,20171130,20200101,20240617,20210101,20071226,20490101,20080512,20101231,20201225,20200403,20200128,20090410,20061225,20180702,20110103,20200413,20130101,20110629,20181224,20071226,20190301,20060131,20190206,20170501,20121031,20230102,20110728,20091228,20070815,20110815,20070501,20100614,20091208,20060929,20190409,20091225,20060508,20121212,20190620,20210118,20230407,20081111,20220221,20250217,20210118,20190103,20090101,20080508,20230407,20210405,20120706,20160911,20171225,20131224,20220602,20191021,20111031,20090501,20190301,20171005,20071108,20210402,20110523,20250421,20240329,20250421,20101012,20080620,20180521,20080324,20230407,20220509,20150403,20060109,20110405,20180924,20080701,,20071224,20130503,20080101,20210405,20201012,20121008,20090501
20211004,20130808,20110602,20190423,20080321,20100201,20070406,20190506,20120501,20111226,20100924,20210401,20060413,20190219,20210118,20050121,20190910,20090807,20071226,20101117,20181115,20210118,20511225,20220415,20220415,20200608,20080512,20171202,20200120,20240618,20210126,20071227,20511225,20080522,20110422,20201228,20200430,20200129,20090413,20061226,20180925,20110422,20200414,20130423,20110817,20181225,20080101,20190501,20060201,20190501,20170510,20121101,20230407,20110729,20100101,20071005,20111101,20070502,20101102,20091225,20061024,20190418,20091228,20060509,20121225,20191115,20210215,20230410,20081127,20220415,20250418,20210215,20190114,20090409,20080512,20230501,20210426,20120928,20160912,20171229,20131225,20220629,20191225,20111101,20090505,20190501,20171006,20071220,20210513,20110524,20250501,20240401,20250501,20101102,20081224,20180531,20080425,20230410,20220530,20150406,20060321,20110502,20181010,20080804,,20071225,20130530,20080102,20210426,20201102,20121101,20090521
20211227,20130810,20110613,20190501,20080324,20100402,20070501,20190814,20120604,20120315,20101001,20210402,20060414,20190408,20210215,20050126,20191002,20090817,20080101,20101224,20181130,20210215,20520101,20220530,20220530,20200803,20080605,20171203,20200410,20241218,20210402,20080101,20520101,20081003,20110425,20210101,20200501,20200402,20090501,20070101,20181001,20110524,20200608,20130501,20110829,20181231,20080321,20190506,20060202,20190520,20170530,20121225,20230410,20110829,20100402,20071101,20111226,20070515,20101227,20100101,20061101,20190419,20100101,20060612,20130101,20191225,20210402,20230425,20081225,20220530,20250526,20210402,20190211,20090410,20080714,20231103,20210607,20121224,20160922,20180101,20131226,20220815,20191226,20111208,20091002,20190506,20180101,20071225,20210526,20110905,20251224,20240501,20251224,20101115,20081225,20181003,20080609,20230425,20220829,20150501,20060503,20110606,20181231,20080901,,20071226,20130815,20080121,20210607,20201225,20121225,20090601
20211228,20131014,20111226,20190605,20080325,20100405,20070525,20191007,20120815,20120316,20101004,20210413,20060419,20190415,20210531,20050309,20191007,20091012,20080321,20110106,20181225,20210531,20521225,20220704,20220704,20201005,20081224,20180101,20200525,20250211,20210405,20080317,20521225,20081224,20110602,20210125,20200902,20200403,20090521,20070219,20181017,20110620,20201022,20130808,20110830,20190101,20080324,20190606,20060411,20190522,20170531,20121226,20230501,20110830,20100405,20071224,20120406,20070815,20101228,20100106,20061201,20190501,20100104,20061106,20130204,20200101,20210531,20230612,20090101,20220704,20250704,20210531,20190321,20090413,20080815,20231106,20210927,20121225,20170622,20180212,20140101,20221101,20200101,20120406,20091225,20190606,20180215,20080101,20210720,20110906,20251225,20240520,20251225,20101231,20081226,20181101,20080804,20230612,20221226,20151225,20060504,20110912,20190101,20081013,,20080101,20131101,20080206,20211025,20201231,20121226,20091225
20220103,20131015,20120406,20190606,20080425,20100607,20070618,20191225,20121130,20120409,20101005,20210414,20060501,20190416,20210705,20050325,20191028,20091102,20080324,20110422,20181231,20210705,20530101,20220905,20220905,20201225,20081225,20180616,20200703,20250302,20210426,20080321,20530101,20081225,20110613,20210217,20210101,20200430,20090619,20070220,20181225,20110728,20201225,20130809,20110831,20190205,20080428,20190815,20060501,20190605,20170612,20130101,20230529,20111031,20100503,20071225,20120409,20071012,20110103,20100405,20061225,20190513,20100402,20070101,20130318,20200224,20210705,20231225,20090119,20220905,20250901,20210705,20190429,20090501,20081111,20231110,20211227,20121226,20170625,20180213,20140417,20221208,20200302,20120501,20100101,20190815,20180216,20080207,20210809,20110922,20251226,20241224,20251226,20110125,20081231,20181224,20081006,20231225,20221227,20160101,20060505,20111010,20190131,20081111,,20080324,20131111,20080321,20211227,20210101,20130101,20100101
20220126,20131016,20120409,20190607,20080428,20101025,20070709,20191226,20121225,20120430,20101006,20210501,20060505,20190501,20210906,20050326,20191029,20091116,20080501,20110425,20190101,20210906,20531225,20221124,20221124,20201228,20081226,20180617,20200907,20250330,20210503,20080324,20531225,20081226,20110801,20210402,20210210,20200501,20091224,20070405,20181226,20110729,20201228,20130830,20110901,20190403,20080501,20190912,20060512,20190606,20170626,20130208,20230828,20111101,20100531,20080101,20120501,20071101,20110126,20100602,20061226,20190605,20100524,20070102,20130328,20200225,20210906,20231226,20090216,20221124,20251127,20210906,20190503,20090521,20081225,20231128,20211228,20130101,20170626,20180330,20140418,20221226,20200309,20120521,20100215,20190912,20180219,20080208,20211104,20110923,20251231,20241225,20251231,20110307,20090101,20181225,20081225,20231226,20230102,20160325,20060717,20120123,20190201,20081225,,20080501,20131225,20080324,20211228,20210215,20130401,20100402
20220314,20131017,20120430,20190715,20080501,20101227,20070820,20200101,20121226,20120501,20101007,20210514,20060512,20190520,20211011,20050401,20191112,20091208,20080502,20110705,20190304,20211011,20540101,20221226,20221226,20210101,20081231,20180820,20201103,20250331,20210614,20080505,20540101,20081231,20110908,20210405,20210211,20200902,20091225,20070406,20190101,20110905,20210101,20131015,20110902,20190405,20080502,20190913,20060831,20190812,20170627,20130401,20231225,20111208,20100830,20080205,20120517,20071109,20110314,20101101,20070101,20190612,20100624,20070103,20130329,20200410,20211125,20240101,20090525,20221226,20251225,20211125,20190506,20090601,20081226,20231208,20220103,20130401,20170831,20180423,20140421,20230106,20200410,20120702,20100301,20190913,20180220,20080321,20220201,20111226,20260101,20241226,20260101,20110308,20090106,20181226,20081226,20240101,20230407,20160328,20060918,20120124,20190204,20081226,,20080512,20131226,20080425,20220103,20210216,20130501,20100405
20220415,20131102,20120517,20190812,20080616,20101228,20071015,20200127,20130101,20120528,20110103,20210515,20060612,20190701,20211111,20050409,20191225,20091225,20080512,20110829,20190305,20211111,20541225,20230102,20230102,20210126,20090101,20180821,20201111,20250401,20210723,20080602,20541225,20090101,20111226,20210517,20210212,20210101,20100101,20070409,20190205,20111111,20210126,20131016,20111226,20190419,20080616,20191003,20061023,20190902,20170831,20130501,20231226,20111223,20101227,20080321,20120528,20071206,20110422,20101208,20070405,20190812,20100701,20070104,20130501,20200421,20211224,20240126,20090907,20230102,20260101,20211224,20190715,20091224,20090101,20231225,20220126,20130501,20170903,20180501,20140424,20230410,20200413,20120716,20100505,20191003,20180221,20080501,20220202,20120102,20260403,20241231,20260403,20110421,20090410,20181231,20090101,20240126,20230410,20161226,20061009,20120125,20190205,20090101,,20080522,20140101,20080602,20220104,20210402,20130530,20100513
20220418,20131130,20120528,20190813,20080815,20110103,20071106,20200410,20130102,20120820,20110202,20210721,20060613,20190716,20211125,20050414,20200221,20091231,20080721,20110901,20190419,20211125,20550101,20230116,20230116,20210308,20090409,20180822,20201126,20250605,20210802,20080804,20550101,20090410,20120102,20210614,20210215,20210210,20100106,20070501,20190206,20111226,20210208,20131017,20120123,20190501,20080924,20191009,20061024,20190909,20170901,20130502,20240101,20111230,20101228,20080425,20120815,20071225,20110425,20110106,20070406,20190821,20100906,20070105,20130916,20200501,20220117,20240329,20091012,20230116,20260119,20220117,20190812,20091225,20090410,20240101,20220307,20130508,20170904,20180531,20140501,20230425,20200601,20120815,20100521,20191009,20180405,20080519,20220415,20120413,20260406,20250101,20260406,20110422,20090413,20190101,20090126,20240329,20230501,20170414,20061103,20120126,20190206,20090216,,20080815,20140106,20081027,20220207,20210421,20130625,20100524
20220425,20131201,20121225,20190814,20081028,20110104,20071224,20200413,20130501,20121022,20110203,20210819,20060711,20190729,20211224,20050418,20200310,20100101,20080815,20110915,20190501,20211224,20561225,20230220,20230220,20210402,20090410,20180911,20201127,20250608,20211227,20081027,20561225,20090413,20120406,20210705,20210216,20210211,20100402,20070524,20190207,20111227,20210308,20131018,20120323,20190530,20081216,20191225,20061025,20190916,20170921,20130625,20240329,20120405,20110103,20080501,20121101,20080101,20110426,20110317,20070409,20190826,20101011,20070108,20131118,20200611,20220221,20240401,20091111,20230220,20260216,20220221,20190916,20100101,20090413,20240109,20220415,20130705,20170924,20180907,20140529,20230501,20200629,20120917,20100602,20191225,20180406,20081001,20220502,20120416,20260501,20250418,20260501,20110623,20090501,20190419,20090410,20240401,20230509,20170417,20061123,20120127,20190207,20090410,,20081208,20140421,20081225,20220415,20210603,20130805,20110422
20220613,20140101,20121226,20190830,20081225,20110131,20071225,20200504,20130506,20121023,20110204,20210910,20060814,20190812,20220117,20050422,20200402,20100111,20081111,20111101,20190620,20220117,20570101,20230407,20230407,20210405,20090413,20181120,20201225,20250609,20211228,20081225,20570101,20090501,20120409,20211115,20210421,20210212,20100405,20070619,20190405,20120102,20210402,20131029,20120406,20190604,20081225,20191231,20061225,20191028,20171018,20130815,20240401,20120406,20110422,20080522,20121225,20080107,20110613,20110425,20070501,20191028,20101111,20070223,20131212,20200907,20220415,20240425,20091126,20230407,20260403,20220415,20190923,20100401,20090501,20240212,20220418,20131028,20180614,20181012,20140609,20230602,20200803,20120918,20100921,20191231,20180430,20081027,20220516,20120430,20260525,20250421,20260525,20110907,20090521,20190422,20090413,20240425,20230529,20170501,20070101,20120227,20190208,20090518,,20081224,20140501,20081226,20220418,20210907,20130815,20110425
20221003,20140111,20130101,20191029,20081226,20110422,20071231,20200812,20130624,20121101,20110207,20211002,20060920,20191014,20220221,20050523,20200406,20100322,20081225,20111117,20191115,20220221,20571225,20230529,20230529,20210426,20090508,20181202,20210101,20250610,20220103,20081226,20571225,20090521,20120501,20211227,20210430,20210215,20100513,20070702,20190419,20120406,20210405,20140101,20120517,20190605,20081226,20200101,20070101,20191225,20171201,20131031,20240506,20120430,20110425,20080610,20121226,20080320,20111101,20110602,20070514,20191101,20101227,20070308,20131225,20201012,20220530,20240610,20091225,20230529,20260525,20220530,20191014,20100402,20090508,20240213,20220425,20131224,20180617,20181102,20140617,20230629,20200804,20120919,20100922,20200101,20180501,20081208,20220809,20120501,20261224,20250501,20261224,20111012,20090619,20190501,20090608,20240610,20230828,20171225,20070102,20120228,20190228,20090701,,20081225,20140619,20090101,20220425,20211012,20131008,20110602
20221226,20140525,20130329,20200101,20090101,20110425,20080101,20201005,20130815,20121102,20110208,20211006,20061023,20191023,20220415,20050701,20200410,20100401,20081226,20111226,20191225,20220415,20580101,20230704,20230704,20210531,20090521,20181203,20210118,20251218,20220126,20081229,20580101,20090601,20120517,20211228,20210503,20210216,20100625,20070926,20190422,20120524,20210406,20140423,20120518,20190606,20090101,20200124,20070102,20200101,20171225,20131101,20240527,20120501,20110429,20080613,20130101,20080321,20111226,20110815,20070611,20191224,20101228,20070430,20140101,20201102,20220704,20241225,20100101,20230704,20260703,20220704,20191104,20100405,20090521,20240214,20220606,20131225,20180618,20181115,20140804,20230815,20200805,20121015,20100923,20200124,20180618,20081225,20221024,20120524,20261225,20250609,20261225,20111102,20091224,20190530,20090803,20241225,20231225,20171226,20070103,20120404,20190301,20090803,,20081226,20140815,20090102,20220606,20211102,20131101,20110613
20221227,20140728,20130401,20200423,20090106,20110606,20080320,20201225,20131225,20121224,20110404,20211014,20061205,20191205,20220530,20050727,20200414,20100402,20090101,20120106,20191231,20220530,20581225,20230904,20230904,20210614,20090522,20190101,20210402,20260210,20220415,20090101,20581225,20090611,20120528,20220103,20210902,20210421,20101206,20071001,20190501,20120618,20210614,20140501,20120817,20190607,20090410,20200127,20070201,20200127,20180101,20131225,20240826,20120629,20110502,20080815,20130329,20080501,20111227,20111101,20070820,20191225,20110103,20070501,20140203,20201225,20220905,20241226,20100118,20230904,20260907,20220905,20191231,20100513,20090601,20240329,20220926,20131226,20180820,20181120,20141224,20231101,20201019,20121101,20110202,20200127,20180924,20090101,20221226,20120525,20261231,20251224,20261231,20111115,20091225,20190610,20091005,20241226,20231226,20180101,20070108,20120501,20190404,20090907,,20090101,20141111,20090119,20221024,20211115,20131225,20110801
20230102,20140729,20130430,20200501,20090302,20111024,20080321,20201228,20131226,20121225,20110405,20211015,20061211,20191210,20220704,20050728,20200501,20100517,20090410,20120406,20200101,20220704,20590101,20231123,20231123,20210802,20090601,20190403,20210531,20260301,20220418,20090317,20590101,20091224,20120801,20220124,20210903,20210430,20101224,20071019,20190513,20120802,20211021,20140519,20120820,20191225,20090413,20200415,20070219,20200501,20180201,20131226,20241225,20120727,20110530,20081201,20130401,20080502,20120102,20111208,20070827,20191230,20110104,20070509,20140317,20210101,20221124,20250101,20100215,20231123,20261126,20221124,20200101,20100517,20090714,20240501,20221226,20140101,20180821,20181225,20141225,20231208,20201225,20121102,20110203,20200415,20181001,20090126,20230102,20120906,20270101,20251225,20270101,20111230,20091231,20190620,20091225,20250101,20240101,20180330,20070212,20120802,20190405,20091012,,20090106,20141225,20090206,20221226,20211231,20131226,20111226
20230126,20140730,20130509,20200519,20090325,20111226,20080324,20210101,20140101,20121226,20110502,20211019,20070101,20191231,20220905,20050815,20200525,20100607,20090413,20120409,20200224,20220905,20591225,20231225,20231225,20211004,20090605,20190604,20210705,20260322,20220425,20090410,20591225,20091225,20120906,20220302,20220103,20210503,20110106,20071225,20190607,20120803,20211227,20140728,20120821,20191226,20090422,20200430,20070220,20200507,20180216,20140101,20241226,20120830,20110829,20081208,20130501,20080515,20120126,20111226,20071012,20191231,20110422,20070611,20140417,20210215,20221226,20250127,20100531,20231225,20261225,20221226,20200102,20100524,20091111,20240701,20221227,20140421,20180822,20181231,20141226,20231225,20201228,20121225,20110204,20200430,20181002,20090127,20230123,20120907,20270326,20251226,20270326,20120125,20100101,20191003,20091228,20250127,20240329,20180402,20070321,20121010,20190501,20091111,,20090413,20141226,20090410,20221227,20220228,20140101,20120102
20230313,20141004,20130520,20200525,20090417,20111227,20080402,20210126,20140102,20121231,20110606,20211020,20070102,20200101,20221010,20050822,20201002,20100614,20090501,20120501,20200225,20221010,20600101,20240101,20240101,20211227,20091224,20190605,20210906,20260323,20220502,20090413,20600101,20091231,20121225,20220415,20220131,20210902,20110422,20071226,20190701,20120903,20211228,20140729,20120822,20191231,20090427,20200501,20070426,20200511,20180501,20140421,20250101,20120831,20111226,20081224,20130509,20080725,20120312,20120106,20071029,20200101,20110523,20070612,20140418,20210216,20230102,20250418,20100705,20240101,20270101,20230102,20200103,20101224,20091225,20241104,20230102,20140501,20180923,20190101,20150101,20231226,20210101,20121231,20110301,20200501,20181003,20090410,20230124,20121224,20270329,20251231,20270329,20120220,20100106,20191101,20100101,20250418,20240401,20180501,20070430,20121231,20190607,20091225,,20090501,20150101,20090413,20230102,20220301,20140106,20120406
20230407,20141005,20131225,20200526,20090420,20120102,20080501,20210402,20140421,20130101,20110912,20211101,20070305,20200210,20221111,20050907,20201116,20100705,20090521,20120508,20200410,20221111,20621225,20240115,20240115,20211228,20091225,20190606,20211111,20260324,20220613,20090504,20621225,20100101,20121226,20220418,20220201,20210903,20110425,20080101,20191001,20121112,20220103,20140730,20121026,20200101,20090501,20200505,20070501,20200525,20180529,20140501,20250418,20121001,20111227,20081225,20130520,20080815,20120406,20120409,20071101,20200409,20110624,20071105,20140501,20210402,20230116,20250421,20100906,20240115,20270118,20230116,20200113,20110421,20100101,20241105,20230126,20140508,20190603,20190304,20150402,20240101,20210301,20130101,20110505,20200505,20181004,20090501,20230407,20121225,20271224,20260101,20271224,20120221,20100402,20191224,20100126,20250421,20240506,20181225,20070503,20130101,20190913,20091228,,20090521,20150106,20090601,20230103,20220415,20140421,20120409
20230410,20141025,20131226,20200715,20090501,20120103,20080616,20210405,20140501,20130315,20111003,20211104,20070406,20200406,20221124,20050930,20201130,20100720,20090522,20120705,20200421,20221124,20630101,20240219,20240219,20220103,20091231,20190810,20211125,20260527,20220722,20090601,20630101,20100402,20121231,20220516,20220202,20220103,20110602,20080207,20191007,20121225,20220126,20141006,20121115,20200325,20090616,20200930,20070502,20200526,20180530,20140502,20250421,20121002,20120102,20090101,20130815,20080909,20120409,20120425,20071102,20200410,20110701,20071231,20140916,20210421,20230220,20250425,20101011,20240219,20270215,20230220,20200211,20110422,20100402,20241111,20230306,20141028,20190604,20190305,20150403,20240401,20210308,20130329,20110510,20200930,20181005,20090810,20230421,20121226,20271231,20260403,20271231,20120406,20100405,20191225,20100402,20250425,20240509,20181226,20070504,20130211,20191010,20100101,,20090601,20150406,20091026,20230206,20220421,20140501,20120501
20230425,20141202,20140101,20200731,20090608,20120130,20080709,20210426,20140609,20130401,20111004,20211105,20070413,20200413,20221226,20051012,20201225,20100816,20090601,20120829,20200501,20221226,20631225,20240329,20240329,20220126,20100101,20190811,20211126,20260528,20220801,20090803,20631225,20100405,20130101,20220613,20220203,20220131,20110624,20080208,20191225,20121226,20220214,20141007,20121116,20200410,20090810,20201001,20070831,20200731,20180531,20140625,20250505,20121008,20120406,20090224,20131101,20081208,20120425,20120501,20071130,20200501,20110905,20080101,20141117,20210603,20230407,20250609,20101111,20240329,20270326,20230407,20200224,20110425,20100405,20241128,20230407,20141117,20190605,20190419,20150406,20240425,20210402,20130501,20110606,20201001,20181231,20090921,20230501,20121231,20280414,20260406,20280414,20120501,20100513,20191226,20100405,20250609,20240527,20190101,20070716,20130212,20191011,20100215,,20090611,20150501,20091225,20230407,20220616,20140619,20120517
20230612,20150101,20140418,20200803,20091028,20120206,20080818,20210503,20140815,20130501,20111005,20211122,20070416,20200414,20230102,20051101,20210126,20101018,20090721,20121101,20200611,20230102,20640101,20240527,20240527,20220314,20100401,20190812,20211224,20261217,20221226,20091026,20640101,20100513,20130102,20220704,20220204,20220201,20111206,20080321,20191226,20130101,20220314,20141029,20121224,20200501,20090924,20201002,20071015,20200820,20180615,20140815,20250526,20121101,20120409,20090410,20131225,20081225,20120611,20120815,20071224,20200525,20111010,20080102,20141212,20210907,20230529,20251225,20101125,20240527,20270531,20230529,20200320,20110517,20100513,20241209,20230410,20141224,20190808,20190423,20150423,20240501,20210405,20130521,20110815,20201002,20190101,20091127,20230602,20130101,20280417,20260501,20280417,20120607,20100625,20191231,20100426,20251225,20240826,20190419,20070917,20130213,20200101,20100402,,20091026,20150604,20091228,20230410,20220907,20140625,20120528
20231002,20150103,20140421,20201029,20091225,20120406,20081013,20210811,20141201,20130520,20111006,20220115,20070501,20200415,20230116,20051103,20210311,20101101,20091111,20121224,20200907,20230116,20641225,20240704,20240704,20220415,20100402,20190831,20211231,20270209,20221227,20091225,20641225,20100524,20130329,20221114,20220411,20220202,20111226,20080324,20200101,20130329,20220415,20150101,20121225,20200507,20091216,20201009,20071108,20200831,20180822,20141031,20250825,20121102,20120507,20090501,20131226,20090101,20121106,20121101,20071225,20200612,20111111,20080103,20141225,20211012,20230704,20251226,20110117,20240704,20270705,20230704,20200429,20110602,20100524,20241225,20230425,20141225,20190811,20190501,20150501,20240815,20210524,20130716,20110912,20201009,20190204,20091225,20230628,20130501,20280501,20260525,20280501,20120709,20101224,20200101,20100614,20251226,20241225,20190422,20070924,20130214,20200122,20100524,,20091208,20151111,20100101,20230425,20221012,20140805,20120801
20231225,20150516,20140529,20210101,20100101,20120409,20081106,20211004,20141225,20130819,20111007,20220126,20070507,20200501,20230220,20051104,20210329,20101115,20091225,20121225,20201012,20230220,20650101,20240902,20240902,20220418,20100405,20191109,20220117,20270307,20230102,20091228,20650101,20100603,20130401,20221226,20220502,20220203,20120106,20080404,20200127,20130524,20220418,20150423,20121231,20200521,20091225,20201225,20071220,20200909,20180831,20141225,20251225,20121224,20120604,20090610,20140101,20090106,20121225,20121225,20071231,20200731,20111226,20080104,20150101,20211102,20230904,20260101,20110221,20240902,20270906,20230904,20200504,20110613,20100714,20250101,20230605,20141226,20190812,20190620,20150514,20241101,20210702,20130815,20110913,20201225,20190205,20100101,20230809,20130502,20281225,20261224,20281225,20120907,20101231,20200106,20100802,20260101,20241226,20190501,20071008,20130215,20200123,20100701,,20091224,20151225,20100104,20230605,20221102,20140815,20121225
20231226,20150718,20140609,20210423,20100106,20120425,20081208,20211227,20141226,20130820,20120102,20220301,20070531,20200506,20230529,20051115,20210402,20101208,20100101,20121226,20201102,20230529,20651225,20241128,20241128,20220425,20100430,20191130,20220415,20270309,20230126,20091229,20651225,20101224,20130501,20221227,20220503,20220204,20120406,20080501,20200128,20130617,20220419,20150501,20130101,20200525,20100101,20201231,20071225,20200916,20180910,20141226,20251226,20121225,20120605,20090611,20140418,20090319,20121226,20121226,20080101,20200821,20111227,20080107,20150202,20211115,20231123,20260126,20110530,20241128,20271125,20231123,20200505,20111226,20101101,20250109,20230925,20150101,20190923,20191115,20150525,20241225,20210802,20130918,20111003,20201231,20190206,20100215,20231113,20130503,20281226,20261225,20281226,20121012,20110106,20200410,20101004,20260126,20250101,20191225,20071123,20130228,20200124,20100802,,20091225,20160101,20100125,20231023,20221115,20141008,20121226
20240101,20150719,20141225,20210513,20100215,20120604,20081225,20211228,20150101,20131023,20120103,20220401,20070730,20200701,20230704,20060111,20210414,20101231,20100402,20130101,20201130,20230704,20660101,20241225,20241225,20220530,20100513,20191202,20220530,20270310,20230407,20100101,20660101,20101231,20130509,20230102,20220902,20220411,20120409,20080512,20200410,20130801,20220425,20150519,20130124,20200526,20100322,20210101,20080101,20201029,20180911,20150101,20260101,20121231,20120827,20091005,20140421,20090409,20130101,20130101,20080225,20200831,20120102,20080108,20150316,20220228,20231225,20260403,20110704,20241225,20271224,20231225,20200506,20120405,20101111,20250303,20231225,20150406,20200521,20191120,20150617,20241226,20210803,20130919,20120123,20210101,20190207,20100216,20231225,20130506,20290101,20261231,20290101,20121102,20110422,20200413,20101227,20260403,20250418,20191226,20071224,20130404,20200127,20100906,,20100101,20160106,20100402,20231225,20221230,20141225,20130101
20240126,20150923,20141226,20210514,20100325,20121022,20090101,20220103,20150102,20131101,20120123,20220402,20070813,20200706,20230904,20060126,20210421,20110110,20100405,20130329,20201225,20230904,20681225,20250101,20250101,20220613,20100514,20191203,20220704,20270311,20230410,20100317,20681225,20110422,20130520,20230123,20230102,20220502,20120501,20080609,20200413,20130802,20220613,20150717,20130312,20200527,20100402,20210211,20080110,20201225,20180917,20150406,20260403,20130101,20121225,20091201,20140501,20090410,20130128,20130401,20080320,20201130,20120103,20080225,20150402,20220301,20240101,20260406,20110905,20250101,20280117,20240101,20200720,20120406,20110422,20250304,20231226,20150501,20200524,20191225,20150803,20250101,20210804,20130920,20120124,20210211,20190208,20100402,20240101,20130524,20290330,20270101,20290330,20121115,20110425,20200501,20101228,20260406,20250421,20200101,20071231,20130405,20200128,20101011,,20100106,20160328,20100405,20231226,20230220,20141226,20130102
20240311,20150924,20150101,20210519,20100402,20121225,20090324,20220126,20150413,20131224,20120124,20220414,20071023,20200728,20231009,20060209,20210514,20110321,20100513,20130401,20201231,20231009,,20250120,20250120,20220801,20100524,20200101,20220905,20270516,20230425,20100402,,20110425,20130801,20230222,20230123,20220503,20120517,20080701,20200430,20130902,20221020,20150924,20130329,20200601,20100405,20210212,20080123,20210101,20181106,20150427,20260406,20130211,20121226,20091208,20140529,20090501,20130311,20130425,20080321,20201208,20120406,20080310,20150403,20220415,20240115,20260608,20111010,20250120,20280221,20240115,20200811,20120409,20110425,20250305,20240101,20150508,20200525,20191231,20151224,20250106,20211022,20131031,20120301,20210212,20190405,20100528,20240212,20130906,20290402,20270326,20290402,20121120,20110602,20200521,20110103,20260608,20250505,20200410,20080101,20130501,20200129,20101111,,20100405,20160503,20100607,20240101,20230221,20150101,20130329
20240329,20151015,20150403,20210715,20100405,20121226,20090402,20220415,20150501,20131225,20120125,20220415,20071205,20200812,20231123,20060315,20210721,20110421,20100514,20130501,20210101,20231123,,20250217,20250217,20221003,20101224,20200322,20221108,20270517,20230501,20100405,,20110602,20130905,20230407,20230124,20220902,20120622,20080822,20200501,20131111,20221226,20150925,20130509,20200731,20100427,20210301,20080201,20210128,20181120,20150501,20260504,20130328,20130101,20091224,20140609,20090515,20130329,20130501,20080407,20201224,20120521,20080501,20150501,20220421,20240219,20261225,20111111,20250217,20280414,20240219,20200921,20120501,20110602,20250418,20240126,20150706,20200730,20200101,20151225,20250421,20211227,20131101,20120411,20210301,20190501,20100809,20240329,20131223,20290501,20270329,20290501,20121225,20110606,20200601,20110126,20261225,20250509,20200413,20080102,20130612,20200228,20101227,,20100513,20160526,20101025,20240102,20230407,20150106,20130401
20240401,20151202,20150406,20210720,20100524,20130101,20090409,20220418,20150601,20131226,20120126,20220503,20071210,20201013,20231225,20060330,20210819,20110422,20100524,20130508,20210215,20231225,,20250418,20250418,20221226,20101231,20200524,20221111,20270518,20230612,20100503,,20110613,20131225,20230410,20230125,20230102,20121206,20080915,20200625,20131225,20221227,20151029,20130606,20200817,20100616,20210505,20080207,20210201,20181225,20150625,20260525,20130329,20130329,20091225,20140623,20090611,20130401,20130815,20080501,20201225,20120625,20080502,20150916,20220616,20240329,20261228,20111124,20250418,20280529,20240329,20200922,20120517,20110613,20250501,20240304,20150928,20200802,20200120,20160101,20250425,20220103,20131225,20120501,20210505,20190607,20100910,20240410,20131224,20291224,20270517,20291224,20121231,20110624,20200611,20110422,20261228,20250526,20200501,20080103,20130821,20200402,20101228,,20100524,20160815,20101227,20240206,20230421,20150406,20130501
20240425,20151203,20150427,20210721,20101028,20130102,20090410,20220425,20151130,20131227,20120127,20220504,20071224,20201023,20240101,20060401,20210910,20110606,20100721,20130705,20210216,20240101,,20250526,20250526,20221227,20110421,20200525,20221124,20271219,20230728,20100607,,20110623,20131226,20230515,20230126,20230123,20121224,20081001,20200701,20131226,20230102,20160101,20130807,20200820,20100809,20210519,20080208,20210212,20190101,20151225,20260831,20130501,20130401,20100101,20140815,20091012,20130425,20131101,20080609,20201230,20120702,20080509,20151102,20220907,20240527,20270101,20111226,20250526,20280704,20240527,20201012,20120528,20110714,20251103,20240329,20151028,20200803,20200224,20160324,20250501,20220307,20131231,20120528,20210519,20190913,20101105,20240501,20131225,20291225,20271224,20291225,20130101,20111226,20201224,20110425,20270101,20250825,20201225,20080114,20130919,20200403,20110103,,20100603,20161101,20101228,20240329,20230501,20150501,20130509
20240610,20151224,20150505,20210722,20110106,20130128,20090501,20220502,20151201,20140101,20120402,20220809,20071231,20201207,20240115,20060406,20211015,20110627,20101101,20130829,20210402,20240115,,20250704,20250704,20230102,20110422,20200526,20221125,20280208,20230807,20100802,,20111003,20131231,20230619,20230127,20230124,20121225,20081007,20201001,20140101,20230126,20160519,20130808,20201029,20100924,20210920,20080320,20210429,20190201,20160101,20261225,20130628,20130506,20100216,20141225,20091109,20130610,20131225,20080818,20201231,20120903,20080612,20151116,20221012,20240704,20270126,20120102,20250704,20280904,20240704,20201103,20121224,20110815,20251104,20240401,20151117,20200923,20200225,20160325,20250602,20220314,20140101,20120606,20210920,20191001,20101117,20240522,20131226,20291226,20271231,20291226,20130125,20120106,20201225,20110426,20270126,20251225,20210101,20080211,20130920,20200501,20110221,,20101026,20161111,20110103,20240401,20230608,20150604,20130520
20241007,20160505,20150514,20210723,20110307,20130206,20090525,20220810,20151225,20140421,20120403,20220815,20080101,20201210,20240219,20060411,20211105,20110704,20101111,20131101,20210421,20240219,,20250901,20250901,20230126,20110425,20200730,20221226,20280227,20231225,20101025,,20111226,20140101,20230703,20230501,20230125,20121226,20081225,20201002,20140418,20230213,20160705,20130809,20201225,20101216,20210921,20080501,20210513,20190205,20160208,20261228,20130729,20130527,20100402,20141226,20091208,20131105,20131226,20080825,20210101,20121008,20080613,20151225,20221102,20240902,20270326,20120116,20250901,20281123,20240902,20201123,20121225,20111101,20251105,20240425,20151224,20210512,20200410,20160328,20250815,20220415,20140418,20120815,20210921,20191002,20110203,20240617,20131231,20291231,20280414,20291231,20130211,20120406,20201231,20110613,20270326,20251226,20210402,20080320,20131010,20200625,20110422,,20101101,20161226,20110104,20240425,20230907,20150622,20130801
20241225,20160706,20150525,20210830,20110325,20130329,20090615,20221003,20160101,20140501,20120404,20220831,20080221,20201231,20240329,20060414,20211119,20110720,20110422,20131224,20210603,20240329,,20251127,20251127,20230313,20110520,20200801,20230102,20280228,20231226,20101227,,20120406,20140102,20231113,20230502,20230126,20130101,20081226,20201026,20140526,20230313,20160706,20131014,20201231,20101227,20210922,20080519,20210514,20190206,20160328,20270101,20130730,20130826,20100603,20150101,20091225,20131225,20140101,20081001,20210212,20121112,20081103,20160101,20221115,20241128,20270329,20120220,20251127,20281225,20241128,20201231,20121226,20111111,20251110,20240603,20151225,20210513,20200421,20160421,20251208,20220418,20140501,20121001,20210922,20191003,20110204,20240809,20140101,20300101,20280417,20300101,20130212,20120409,20210101,20110801,20270329,20260101,20210405,20080429,20140101,20200626,20110523,,20101208,20170106,20110124,20240603,20231012,20150625,20131225
20241226,20160707,20151225,20211029,20110422,20130401,20090709,20221226,20160502,20140502,20120430,20221004,20080407,20210101,20240527,20060501,20220126,20110815,20110425,20131225,20210907,20240527,,20251225,20251225,20230407,20110602,20200820,20230116,20280229,20240101,20101228,,20120409,20140418,20231225,20230904,20230127,20130329,20090101,20201225,20140616,20230407,20160707,20131015,20210101,20110321,20211231,20080901,20210526,20190501,20160427,20270326,20130830,20131225,20100610,20150403,20100101,20131226,20140106,20081201,20210401,20121225,20081104,20160201,20230220,20241225,20270426,20120528,20251225,20290101,20241225,20210101,20130101,20111226,20251128,20240930,20160101,20210516,20200423,20160505,20251225,20220606,20140521,20121003,20211231,20191004,20110422,20241031,20140303,20300419,20280501,20300419,20130329,20120501,20210106,20111003,20270426,20260403,20220415,20080505,20140130,20201001,20110701,,20101224,20170417,20110422,20241028,20231102,20150805,20131226
20250101,20160910,20160101,20220502,20110425,20130425,20090710,20221227,20160620,20140609,20120501,20221005,20080414,20210226,20240704,20060513,20220301,20111017,20110602,20131226,20211012,20240704,,20260101,20260101,20230410,20110603,20201029,20230407,20280305,20240126,20101229,,20120501,20140421,20231226,20240101,20230501,20130401,20090126,20210101,20140731,20230410,20160830,20131105,20210212,20110422,20220131,20081001,20210720,20190520,20160502,20270329,20131007,20131226,20101005,20150406,20100106,20140101,20140421,20081225,20210402,20121226,20090101,20160321,20230221,20250101,20270614,20120704,20260101,20290115,20250101,20210111,20130328,20120406,20251208,20241225,20160325,20210719,20200501,20160516,20251226,20220701,20140716,20121219,20220131,20191007,20110502,20241225,20140418,20300422,20280605,20300422,20130501,20120517,20210402,20111226,20270614,20260406,20220418,20080506,20140131,20201002,20110801,,20110106,20170501,20110425,20241225,20231115,20151008,20140101
20250127,20160911,20160325,20220503,20110613,20130603,20090817,20230102,20160815,20140820,20120622,20221024,20080415,20210406,20240902,20060701,20220318,20111107,20110603,20140101,20211102,20240902,,20260119,20260119,20230425,20110613,20201130,20230529,20280504,20240329,20110103,,20120517,20140501,20240101,20240208,20230502,20130501,20090127,20210212,20140801,20230411,20160912,20131225,20210311,20110425,20220201,20081002,20210810,20190522,20160815,20270503,20131008,20140101,20101101,20150501,20100319,20140127,20140425,20081226,20210409,20130101,20090102,20160324,20230407,20250120,20271227,20120903,20260119,20290219,20250120,20210211,20130329,20120409,20251225,20241226,20160328,20210720,20200611,20160617,20260101,20220801,20140815,20121225,20220201,20200101,20110517,20250101,20140421,20300501,20281225,20300501,20130530,20120606,20210405,20111227,20271227,20260504,20221226,20080721,20140203,20201009,20110905,,20110425,20170503,20110606,20241226,20231225,20151225,20140102
20250310,20160912,20160328,20220504,20110815,20131028,20091012,20230126,20161130,20141023,20121001,20221026,20080501,20210413,20241014,20060815,20220414,20111114,20110613,20140106,20211115,20241014,,20260216,20260216,20230529,20111226,20201202,20230704,20280507,20240401,20110317,,20120528,20140529,20240122,20240209,20230904,20130509,20090128,20210215,20140901,20230425,20160913,20131226,20210315,20110427,20220202,20081027,20210831,20190530,20161031,20270531,20131101,20140418,20101201,20150514,20100401,20140310,20140501,20081229,20210514,20130102,20090105,20160325,20230421,20250217,20271228,20121008,20260216,20290330,20250217,20210223,20130401,20120501,20260101,20250101,20160705,20210721,20200907,20160801,20260106,20220802,20140918,20130101,20220202,20200124,20110809,20250129,20140501,20301224,20281226,20301224,20130709,20120622,20210513,20120102,20271228,20260525,20230407,20080915,20140204,20210101,20111010,,20110602,20170615,20111024,20250101,20231229,20160101,20140418
20250418,20160913,20160427,20220519,20111028,20131225,20091106,20230407,20161201,20141024,20121002,20221101,20080505,20210414,20241111,20060930,20220415,20111208,20110721,20140418,20211130,20241111,,20260403,20260403,20230612,20120405,20201203,20230904,20280508,20240425,20110422,,20120607,20140609,20240214,20240212,20240101,20130621,20090410,20210402,20141017,20230612,20160914,20140101,20210402,20110502,20220301,20081208,20210909,20190531,20161101,20270830,20131225,20140421,20101208,20150525,20100402,20140418,20140602,20081230,20210720,20130329,20090106,20160916,20230501,20250418,20280103,20121112,20260403,20290528,20250418,20210429,20130501,20120508,20260109,20250127,20160706,20210923,20201012,20161226,20260406,20220803,20140919,20130211,20220301,20200127,20110830,20250130,20140502,20301225,20290101,20301225,20131115,20121224,20210524,20120126,20280103,20260831,20230410,20080923,20140228,20210209,20111111,,20110613,20170815,20111226,20250102,20240101,20160106,20140421
20250421,20161002,20160505,20220711,20111226,20131226,20091208,20230410,20161226,20141224,20121003,20221111,20080519,20210415,20241128,20061002,20220503,20111230,20110815,20140421,20211231,20241128,,20260525,20260525,20230807,20120406,20210311,20231110,20280509,20240506,20110425,,20121003,20140801,20240329,20240213,20240208,20131206,20090413,20210405,20141111,20231026,20160915,20140114,20210510,20110518,20220309,20081225,20210916,20190605,20161226,20271227,20131231,20140505,20101224,20150623,20100603,20140421,20140815,20081231,20210830,20130520,20090107,20161102,20230608,20250526,20280126,20121122,20260525,20290704,20250526,20210503,20130509,20120517,20260216,20250303,20160928,20220501,20201102,20170413,20260501,20221021,20141031,20130301,20220309,20200128,20111026,20250331,20140505,20301226,20290330,20301226,20131120,20121225,20210603,20120406,20280126,20261225,20230501,20081013,20140404,20210210,20111226,,20110623,20171101,20111227,20250206,20240212,20160328,20140501
20250425,20161130,20160516,20220712,20120106,20140101,20091225,20230425,20170102,20141225,20121004,20230126,20080701,20210503,20241225,20061021,20220809,20120109,20111101,20140501,20220228,20241225,,20260703,20260703,20231002,20120409,20210513,20231123,20281218,20240610,20110502,,20121224,20140911,20240401,20240214,20240209,20131224,20090501,20210406,20141225,20231225,20170501,20140131,20210511,20110616,20220505,20081229,20211019,20190606,20170208,20271228,20140101,20140526,20110308,20151225,20101012,20140425,20141208,20090101,20211101,20130624,20090108,20161121,20230907,20250704,20280414,20121225,20260703,20290903,20250704,20210504,20130517,20120528,20260217,20250418,20161028,20220502,20201120,20170414,20260602,20221226,20141208,20130501,20220505,20200129,20111107,20250418,20140506,20301231,20290402,20301231,20131225,20121226,20211101,20120409,20280414,20261228,20231225,20081103,20140501,20210211,20111227,,20110815,20171225,20120102,20250418,20240213,20160526,20140529
20250609,20161203,20161226,20220715,20120227,20140102,20091231,20230501,20170417,20141226,20121005,20230218,20080717,20210526,20250101,20061024,20220815,20120319,20111111,20140508,20220301,20250101,,20260907,20260907,20231225,20120504,20210515,20231124,20290213,20240726,20110606,,20121225,20141225,20240520,20240418,20240212,20131225,20090528,20210519,20141226,20231226,20170519,20140331,20210512,20110809,20220601,20090101,20211104,20190812,20170417,20280103,20140417,20140825,20110422,20160101,20101101,20140609,20141225,20090102,20211130,20130701,20090109,20161212,20231012,20250901,20280417,20130101,20260907,20291122,20250901,20210505,20130520,20120815,20260218,20250421,20161117,20220503,20201225,20170417,20260629,20221227,20141225,20130517,20220601,20200130,20111226,20250501,20140922,20310101,20290501,20310101,20131231,20121231,20211224,20120425,20280417,20270101,20231226,20081124,20140602,20210212,20120102,,20111026,20171226,20120103,20250421,20240329,20160622,20140609
20251006,20161211,20170414,20220830,20120413,20140127,20100101,20230816,20170501,20150101,20130101,20230322,20080812,20210701,20250120,20061025,20220831,20120405,20111226,20140829,20220415,20250120,,20261126,20261126,20231226,20120517,20210719,20231225,20290214,20240805,20110801,,20121226,20141226,20240617,20240419,20240213,20131226,20090701,20210614,20150101,20240101,20170626,20140409,20210513,20111216,20220606,20090126,20220118,20190902,20170427,20280414,20140418,20141225,20110425,20160325,20101109,20141104,20141226,20090406,20211208,20130902,20090223,20170206,20231102,20251127,20280425,20130121,20261126,20291225,20251127,20210719,20131224,20121101,20260403,20250425,20161226,20220707,20201231,20170420,20261208,20230102,20141231,20130606,20220606,20200406,20120102,20250512,20141224,20310411,20290521,20310411,20140101,20130101,20211231,20120611,20280425,20270326,20240101,20081223,20140723,20210215,20120220,,20111101,20180101,20120123,20250425,20240501,20160805,20140801
20251225,20170101,20170417,20230421,20120416,20140206,20100324,20231002,20170605,20150102,20130102,20230401,20081023,20210726,20250217,20061225,20221004,20120406,20120406,20140901,20220421,20250217,,20261225,20261225,20240101,20120518,20210720,20240101,20290215,20241225,20111031,,20121231,20141231,20240701,20240429,20240214,20140101,20091001,20210701,20150403,20240126,20170627,20140418,20210514,20111226,20220815,20090127,20220201,20190909,20170501,20280417,20140501,20141226,20110610,20160328,20101206,20141225,20150101,20090409,20211224,20131014,20090309,20170320,20231115,20251225,20280612,20130218,20261225,20300101,20251225,20210811,20131225,20121225,20260501,20250602,20170414,20220710,20210101,20170501,20261225,20230306,20150101,20130815,20220815,20200501,20120123,20250606,20141225,20310414,20291224,20310414,20140303,20130329,20220106,20120806,20280612,20270329,20240329,20081231,20140908,20210216,20120406,,20111208,20180402,20120206,20250602,20240530,20160815,20141225
20251226,20170424,20170427,20230501,20120501,20140418,20100401,20231225,20170815,20150406,20130103,20230403,20081205,20210728,20250418,20070101,20221026,20120501,20120409,20140915,20220616,20250418,,20270101,20270101,20240126,20120528,20210721,20240115,20290304,20241226,20111226,,20130101,20150101,20241111,20240430,20240418,20140106,20091026,20210922,20150525,20240212,20170830,20140501,20210526,20111227,20220909,20090202,20220202,20190916,20170502,20280501,20140728,20150101,20110613,20160505,20101208,20141226,20150106,20090410,20211230,20131111,20090501,20170413,20231225,20260101,20281225,20130527,20270101,20300121,20260101,20210920,20131226,20121226,20261103,20250929,20170417,20220711,20210120,20170525,20270101,20230313,20150403,20130918,20220909,20200625,20120124,20251020,20141226,20310501,20291225,20310501,20140304,20130401,20220415,20121001,20281225,20270503,20240401,20090101,20141010,20210301,20120521,,20111226,20180501,20120406,20251027,20241115,20161101,20141226
20260101,20170625,20170525,20230519,20120604,20140421,20100402,20231226,20171130,20150501,20130211,20230407,20081210,20210812,20250526,20070126,20221108,20120521,20120501,20141117,20220907,20250526,,20270118,20270118,20240311,20120605,20210809,20240329,20290423,20250101,20111227,,20130329,20150102,20241225,20240501,20240419,20140418,20091225,20211001,20150615,20240311,20170901,20140515,20210601,20120102,20220912,20090209,20220203,20191028,20170815,20280529,20140729,20150403,20110623,20160516,20110106,20150101,20150406,20090501,20211231,20131225,20090511,20170414,20240101,20260119,20281226,20130704,20270118,20300218,20260119,20210923,20140101,20130101,20261104,20251225,20170501,20220922,20210215,20170605,20270106,20230407,20150501,20130919,20220912,20200626,20120406,20251225,20141231,20311224,20291226,20311224,20140418,20130501,20220418,20121225,20281226,20270531,20240501,20090102,20150101,20210405,20120702,,20120106,20180503,20120409,20251225,20241225,20161226,20150101
20260126,20170626,20170605,20230628,20120815,20140425,20100524,20240101,20171201,20150525,20130212,20230414,20081231,20211013,20250704,20070130,20230126,20120611,20120517,20141224,20221012,20250704,,20270215,20270215,20240329,20121224,20211018,20240527,20290424,20250127,20111228,,20130401,20150403,20241226,20240902,20240429,20140421,20100101,20211014,20150730,20240329,20170904,20140527,20210719,20120321,20221003,20090309,20220419,20191225,20171031,20280828,20141008,20150406,20110815,20160623,20110421,20150126,20150501,20090612,20220201,20131226,20090612,20170501,20240212,20260216,20290101,20130902,20270215,20300419,20260216,20211011,20140417,20130329,20261105,20251226,20170508,20230420,20210216,20170807,20270329,20230410,20150521,20130920,20221003,20201001,20120501,20260101,20150101,20311225,20291231,20311225,20140421,20130509,20220526,20121226,20290101,20270830,20241225,20090112,20150102,20210406,20120806,,20120409,20180531,20120425,20251226,20241231,20170106,20150102
20260309,20170627,20171225,20230629,20121225,20140602,20100525,20240126,20171225,20150820,20130213,20230501,20090101,20211025,20250901,20070216,20230308,20120618,20120518,20141225,20221102,20250901,,20270326,20270326,20240401,20121225,20211130,20240704,20290425,20250418,20120102,,20130501,20150406,20250101,20250101,20240430,20140501,20100215,20211227,20150731,20240401,20180101,20140529,20210720,20120406,20221230,20090501,20220502,20200101,20171101,20281225,20141208,20150504,20111005,20160815,20110422,20150309,20150602,20090624,20220414,20140101,20091104,20171102,20240213,20260403,20290126,20131014,20270326,20300527,20260403,20211103,20140418,20130401,20261110,20260101,20170705,20230423,20210402,20171225,20270602,20230529,20150629,20131003,20221230,20201002,20120809,20260217,20150102,20311226,20300101,20311226,20140501,20130606,20220606,20130101,20290126,20271227,20241226,20090211,20150218,20210430,20120903,,20120501,20180815,20120604,20260101,20250101,20170417,20150403
20260403,20170831,20171226,20230630,20121226,20141027,20100621,20240329,20171226,20150821,20130214,20230629,20090102,20211206,20251013,20070319,20230330,20120702,20120528,20141226,20221115,20251013,,20270531,20270531,20240425,20121226,20211202,20240902,20290426,20250421,20120319,,20130509,20150501,20250127,20250127,20240501,20140529,20100216,20220201,20150907,20240402,20180423,20140709,20210810,20120409,20230123,20090831,20220503,20200127,20171225,20281226,20141225,20150525,20111101,20161101,20110502,20150403,20151208,20090805,20220415,20140102,20100101,20171120,20240329,20260525,20290330,20131111,20270531,20300704,20260525,20211123,20140421,20130501,20261208,20260126,20170706,20230424,20210421,20171226,20270629,20230630,20150716,20131009,20230123,20201005,20120820,20260218,20150302,20311231,20300419,20311231,20140612,20130621,20220616,20130128,20290330,20271228,20250101,20090320,20150219,20210614,20121008,,20120517,20181101,20121022,20260102,20250303,20170501,20150406
20260406,20170902,20180101,20230830,20130101,20141225,20100709,20240401,20180101,20151023,20130215,20230729,20090209,20211210,20251111,20070327,20230403,20120720,20120815,20150101,20221130,20251111,,20270705,20270705,20240527,20121231,20220101,20241105,20291218,20250425,20120406,,20130520,20150514,20250305,20250128,20240902,20140620,20100402,20220202,20151111,20240425,20180501,20140728,20210817,20120427,20230124,20090921,20220504,20200501,20171226,20290101,20150101,20150831,20111201,20161226,20110623,20150406,20151225,20090821,20220503,20140418,20100104,20171212,20240501,20260703,20290402,20131128,20270705,20300902,20260703,20211231,20140501,20130508,20261225,20260302,20170928,20230627,20210423,20180101,20271101,20230807,20150918,20131225,20230124,20201006,20121026,20260320,20150303,20320101,20300422,20320101,20140619,20131224,20221003,20130329,20290402,20280103,20250418,20090429,20150220,20210920,20121112,,20120528,20181225,20121225,20260206,20250304,20170615,20150501
20260608,20170903,20180330,20240101,20130318,20141226,20100816,20240425,20180102,20151224,20130404,20230815,20090406,20211231,20251127,20070331,20230407,20120807,20121101,20150106,20221230,20251127,,20270906,20270906,20240610,20130101,20220228,20241111,20300204,20250505,20120409,,20130530,20150525,20250418,20250129,20250101,20141224,20100405,20220203,20151225,20240610,20180615,20140729,20211019,20120501,20230301,20090922,20220516,20200507,20180101,20290330,20150102,20151225,20111208,20170414,20110725,20150608,20160101,20090831,20220509,20140519,20100105,20171225,20240530,20260907,20290425,20131225,20270906,20301128,20260907,20220103,20140529,20130509,20270101,20260403,20171117,20230628,20210603,20180329,20271208,20230808,20151012,20140101,20230301,20201007,20121113,20260403,20150410,20320326,20300501,20320326,20140709,20131225,20221101,20130401,20290425,20280414,20250421,20090504,20150223,20210921,20121225,,20120607,20181226,20121226,20260403,20250418,20170622,20150514
20261005,20170921,20180402,20240410,20130325,20150101,20101011,20240506,20180124,20151225,20130405,20230918,20090413,20220103,20251225,20070402,20230414,20120820,20121225,20150403,20230220,20251225,,20271125,20271125,20240805,20130328,20220502,20241128,20300205,20250609,20120507,,20131003,20150910,20250421,20250130,20250127,20141225,20100406,20220405,20151228,20241024,20180821,20140730,20211224,20120809,20230501,20091127,20220831,20200511,20180102,20290402,20150402,20151228,20120221,20170417,20110815,20151002,20160106,20090907,20220708,20140624,20100106,20180101,20241115,20261126,20290611,20140101,20271125,20301225,20261126,20220110,20140609,20130520,20270208,20260406,20171225,20230629,20210907,20180330,20280106,20230809,20151208,20140130,20230501,20201008,20121225,20260501,20150413,20320329,20300610,20320329,20141120,20131226,20221226,20130425,20290611,20280417,20250501,20090505,20150227,20211011,20121226,,20120815,20190101,20130101,20260406,20250421,20170815,20150525
20261225,20171130,20180427,20240411,20130503,20150102,20101027,20240814,20180409,20160101,20130429,20230928,20090414,20220216,20260101,20070406,20230501,20121015,20121226,20150406,20230221,20260101,,20271224,20271224,20241007,20130329,20220503,20241129,20300206,20250725,20120604,,20131224,20151225,20250519,20250131,20250128,20141226,20100521,20220415,20160101,20241225,20180822,20140731,20211231,20120924,20230505,20091218,20220916,20200525,20180208,20290507,20150403,20160101,20120406,20170501,20110909,20151103,20160328,20090921,20220829,20140701,20100107,20180205,20241225,20261225,20291225,20140120,20271224,20310101,20261225,20220211,20141224,20130815,20270209,20260427,20171226,20230924,20211012,20180402,20280417,20231020,20151225,20140131,20230505,20210101,20130101,20260527,20150501,20321224,20301224,20321224,20141225,20131231,20230106,20130610,20291225,20280501,20251225,20090506,20150403,20211231,20130101,,20121026,20190422,20130102,20260427,20250501,20171101,20151225
20261228,20171202,20180510,20240412,20130506,20150126,20101122,20241007,20180501,20160314,20130430,20231002,20090415,20220406,20260119,20070414,20230629,20121105,20130101,20150501,20230407,20260119,,20280117,20280117,20241225,20130401,20220504,20241225,20300207,20250804,20120806,,20131225,20151231,20250616,20250407,20250129,20150101,20100616,20220418,20160325,20241226,20180823,20141225,20220201,20121217,20230606,20091225,20221024,20200526,20180402,20290528,20150501,20160325,20120425,20170525,20111012,20151225,20160425,20091102,20221031,20140901,20100108,20180319,20250101,20270101,20291226,20140217,20280117,20310120,20270101,20220223,20141225,20131101,20270210,20260601,20180101,20240409,20211102,20180419,20280425,20231225,20151231,20140501,20230606,20210211,20130211,20260601,20150506,20321231,20301225,20321231,20141231,20140101,20230407,20130805,20291226,20280509,20251226,20090720,20150406,20220127,20130218,,20121101,20190501,20130121,20260601,20250619,20171225,20160101
20270101,20171203,20180521,20240423,20130507,20150206,20101208,20241225,20180528,20160315,20130501,20231023,20090501,20220413,20260216,20070501,20230815,20121112,20130329,20150508,20230421,20260216,,20280221,20280221,20241226,20130426,20220709,20250101,20300212,20251225,20121029,,20131226,20160101,20250707,20250430,20250130,20150106,20100701,20220502,20160524,20250101,20180824,20141226,20220228,20121225,20230815,20100101,20221226,20200601,20180427,20290827,20150629,20160328,20120501,20170605,20111101,20151228,20160602,20091130,20221101,20141013,20100222,20180329,20250303,20270118,20300101,20140526,20280221,20310217,20270118,20220321,20141226,20131111,20270326,20260928,20180330,20240410,20211115,20180501,20280501,20231226,20160101,20140505,20230815,20210212,20130212,20260810,20150921,20330415,20301226,20330415,20150101,20140106,20230410,20131007,20300101,20280529,20260101,20090921,20150501,20220128,20130329,,20121224,20190503,20130206,20261026,20251225,20171226,20160325
20270126,20180101,20181225,20240501,20130624,20150403,20110307,20241226,20180601,20160328,20130610,20231024,20090505,20220414,20260525,20070502,20230918,20121225,20130401,20150901,20230501,20260525,,20280414,20280414,20250101,20130509,20220710,20250120,20300303,20251226,20121225,,20131231,20160325,20251110,20250501,20250131,20150403,20100923,20220509,20160620,20250127,20180830,20150101,20220415,20121226,20230928,20100201,20230102,20200731,20180501,20291225,20150727,20160502,20120607,20170623,20111109,20160101,20160815,20091224,20221130,20141111,20100223,20180330,20250304,20270215,20300128,20140704,20280414,20310411,20270215,20220429,20150101,20131225,20271103,20261225,20180402,20240411,20211231,20180510,20280602,20240101,20160325,20140506,20230928,20210215,20130329,20261109,20150922,20330418,20301231,20330418,20150216,20140418,20230501,20131225,20300128,20280828,20260403,20090922,20150619,20220131,20130520,,20121225,20190620,20130329,20261225,20251231,20180101,20160328
20270308,20180616,20181226,20240617,20130815,20150406,20110308,20250101,20180815,20160516,20130611,20231101,20090508,20220415,20260703,20070702,20231002,20121231,20130501,20150915,20230608,20260703,,20280529,20280529,20250127,20130510,20220730,20250418,20300414,20260101,20121226,,20140101,20160328,20251225,20250502,20250407,20150406,20101001,20220603,20160728,20250210,20181029,20150219,20220502,20130101,20230929,20100215,20230123,20200820,20180502,20291226,20150728,20160530,20120613,20170815,20111206,20160126,20161101,20091225,20221208,20141225,20100308,20180501,20250418,20270326,20300419,20140901,20280529,20310526,20270326,20220503,20150402,20131226,20271104,20261228,20180501,20240613,20220120,20180521,20280629,20240304,20160627,20140604,20230929,20210216,20130501,20261225,20151224,20331226,20310101,20331226,20150217,20140421,20230518,20131226,20300419,20281225,20260406,20090923,20150710,20220201,20130701,,20121226,20190815,20130401,20261228,20260101,20180402,20160505
20270326,20180617,20190101,20240618,20131028,20150427,20110324,20250127,20181130,20161031,20130612,20231114,20090701,20220502,20260907,20070815,20231023,20130101,20130509,20151117,20230907,20260907,,20280704,20280704,20250310,20130520,20221008,20250526,20300415,20260126,20121227,,20140418,20160505,20251226,20250901,20250430,20150501,20101227,20220701,20160729,20250310,20190101,20150403,20220503,20130321,20231003,20100216,20230124,20200831,20180625,20300101,20150729,20160829,20120815,20171101,20111208,20160314,20161208,20091230,20221230,20141226,20100503,20181102,20250421,20270531,20300422,20141013,20280704,20310704,20270531,20220504,20150403,20140101,20271105,20270101,20180508,20240616,20220228,20180806,20280815,20240311,20160815,20140606,20231003,20210217,20130524,20270101,20151225,20340407,20310411,20340407,20150403,20140501,20230529,20140101,20300422,20281226,20260501,20091012,20150928,20220202,20130805,,20130101,20191101,20130425,20270101,20260216,20180501,20160516
20270329,20180820,20190419,20240619,20131225,20150601,20110325,20250418,20181225,20161101,20130919,20231130,20090706,20220516,20261012,20070820,20231113,20130107,20130510,20151224,20231012,20261012,,20280904,20280904,20250418,20130605,20221130,20250704,20300416,20260403,20130101,,20140421,20160516,20260101,20250902,20250501,20150514,20110203,20221004,20160905,20250418,20190423,20150501,20220504,20130329,20231009,20100226,20230201,20200909,20180815,20300419,20151008,20161226,20121005,20171225,20120106,20160325,20161226,20091231,20230406,20150101,20100510,20181119,20250501,20270705,20300425,20141111,20280904,20310901,20270705,20220505,20150406,20140418,20271110,20270126,20180705,20240617,20220301,20181224,20281101,20240329,20160919,20140815,20231009,20210405,20130808,20270208,20151231,20340410,20310414,20340410,20150421,20140529,20230608,20140127,20300425,20290101,20261225,20091103,20150929,20220203,20130902,,20130401,20191111,20130603,20270104,20260217,20180531,20160801
20270426,20180821,20190422,20240715,20131226,20151026,20110421,20250421,20181226,20161226,20130920,20231225,20090707,20220701,20261111,20070915,20231114,20130325,20130520,20151225,20231102,20261111,,20281123,20281123,20250421,20131224,20221203,20250901,20300417,20260406,20130318,,20140501,20160801,20260126,20260101,20250502,20150619,20110204,20221226,20161111,20250421,20190501,20150514,20220505,20130401,20231225,20100528,20230206,20200916,20181031,20300422,20151009,20161227,20121101,20171226,20120319,20160328,20170106,20100101,20230407,20150102,20100614,20181212,20250619,20270906,20300610,20141127,20281123,20311127,20270906,20220718,20150501,20140421,20271129,20270301,20180706,20240923,20220415,20181225,20281208,20240401,20161010,20140908,20231225,20210503,20130809,20270310,20160101,20340501,20310501,20340501,20150501,20140606,20231003,20140418,20300610,20290330,20270101,20091123,20151009,20220204,20131014,,20130501,20191225,20131028,20270208,20260403,20180622,20161226
20270614,20180822,20190530,20240830,20140101,20151225,20110422,20250425,20190101,20170315,20131001,20240115,20090812,20220713,20261126,20070929,20231127,20130328,20130815,20160101,20231115,20261126,,20281225,20281225,20250425,20131225,20230101,20251111,20300418,20260504,20130329,,20140529,20160908,20260218,20260102,20250901,20151224,20110405,20221227,20161226,20250422,20190605,20150602,20220506,20130501,20231229,20100831,20230421,20201029,20181101,20300506,20151208,20170102,20121224,20180101,20120405,20160425,20170417,20100401,20230421,20150403,20101104,20181225,20251225,20271125,20301225,20141225,20281225,20311225,20271125,20220811,20150514,20140501,20271208,20270326,20180928,20250327,20220421,20181226,20281225,20240520,20161031,20140909,20231229,20210614,20131015,20270326,20160303,20340529,20310602,20340529,20150604,20140620,20231101,20140421,20301225,20290402,20270326,20091223,20160101,20220228,20131111,,20130509,20191226,20131225,20270326,20260421,20180625,20170102
20271004,20180911,20190610,20241029,20140106,20151228,20110525,20250505,20190102,20170417,20131002,20240126,20091023,20220728,20261225,20071002,20231225,20130329,20131101,20160106,20231130,20261225,,20290101,20290101,20250602,20131226,20230218,20251127,20301218,20260608,20130401,,20140609,20161226,20260403,20260216,20250902,20151225,20110422,20230102,20161227,20250425,20190606,20150716,20220516,20130617,20240101,20100910,20230501,20201225,20181225,20300527,20151225,20170414,20121225,20180330,20120406,20160613,20170425,20100402,20230501,20150518,20101105,20190101,20260101,20271224,20301226,20150101,20290101,20320101,20271224,20220919,20150525,20140508,20280228,20270329,20181224,20250330,20220616,20190101,20281226,20240701,20161101,20140910,20240101,20210920,20131225,20270517,20160304,20341225,20311224,20341225,20150709,20141224,20231225,20140425,20301226,20290507,20270329,20091231,20160208,20220404,20131225,,20130520,20200101,20131226,20270329,20260501,20180815,20170414
20271227,20181120,20191225,20250101,20140303,20160101,20110620,20250813,20190124,20170501,20131003,20240308,20091207,20220812,20270101,20071109,20240126,20130501,20131111,20160325,20231225,20270101,,20290115,20290115,20250609,20131231,20230422,20251128,20310126,20260724,20130506,,20140619,20170102,20260406,20260217,20260101,20160101,20110425,20230123,20170102,20250609,20190607,20150717,20220526,20130809,20240209,20100916,20230504,20210101,20181226,20300826,20160101,20170417,20130101,20180402,20120501,20160930,20170501,20100409,20230612,20150624,20110103,20190204,20260216,20280117,20310101,20150119,20290115,20320119,20280117,20220923,20151224,20140529,20280229,20270426,20181225,20250331,20220907,20190418,20290101,20240805,20161208,20141003,20240209,20210921,20140101,20270520,20160429,20341226,20311225,20341226,20150907,20141225,20231226,20140609,20310101,20290509,20280414,20100101,20160209,20220405,20131226,,20130530,20200106,20140101,20270426,20260604,20181008,20170417
20271228,20181202,20191226,20250331,20140325,20160104,20110822,20251006,20190429,20170605,20131004,20240329,20091210,20221013,20270118,20071124,20240308,20130513,20131225,20160328,20231229,20270118,,20290219,20290219,20250804,20140101,20230423,20251225,20310127,20260803,20130603,,20141003,20170414,20260518,20260218,20260102,20160106,20110502,20230124,20170414,20251023,20190715,20150720,20220601,20130924,20240212,20101105,20230628,20210201,20190101,20301225,20160324,20170501,20130212,20180501,20120502,20161101,20170602,20100503,20230628,20150701,20110104,20190318,20260217,20280221,20310127,20150216,20290219,20320216,20280221,20221010,20151225,20140609,20280301,20270607,20181226,20250605,20221012,20190419,20290402,20240806,20170414,20141009,20240212,20211001,20140131,20270809,20160502,20350101,20311226,20350101,20151012,20141226,20240101,20140804,20310127,20290528,20280417,20100111,20160210,20220502,20140101,,20130815,20200413,20140102,20270607,20260907,20181101,20170501
20280103,20181203,20200101,20250401,20140418,20160201,20111010,20251225,20190501,20171023,20131007,20240401,20091231,20221024,20270215,20071221,20240325,20130603,20131226,20160705,20240101,20270215,,20290330,20290330,20251006,20140417,20230627,20260101,20310128,20261225,20130805,,20141224,20170417,20260615,20260219,20260216,20160325,20110510,20230125,20170524,20251225,20190812,20150817,20220817,20131216,20240301,20101117,20230719,20210212,20190102,20301226,20160325,20170529,20130329,20180510,20120515,20161226,20170815,20100510,20230821,20150907,20110105,20190418,20260403,20280414,20310411,20150525,20290330,20320326,20280414,20221103,20160101,20140714,20280414,20270927,20190101,20250608,20221102,20190422,20290425,20240807,20170419,20141225,20240301,20211004,20140418,20271028,20160506,20350323,20311231,20350323,20151102,20141231,20240329,20141006,20310411,20290827,20280501,20100211,20160211,20220603,20140217,,20131101,20200501,20140120,20271025,20261012,20181225,20170525
20280126,20190101,20200410,20250423,20140421,20160208,20111128,20251226,20190617,20171101,20140101,20240409,20100101,20221205,20270326,20071225,20240329,20130610,20140101,20160829,20240212,20270326,,20290528,20290528,20251225,20140418,20230628,20260119,20310211,20261228,20131028,,20141225,20170501,20260706,20260220,20260217,20160328,20110606,20230405,20170619,20251226,20190813,20150924,20221226,20131225,20240410,20101207,20230831,20210429,20190208,20310101,20160629,20170828,20130425,20180521,20120815,20161227,20171101,20100614,20230828,20151012,20110106,20190419,20260421,20280529,20310414,20150907,20290528,20320531,20280529,20221123,20160324,20140815,20280501,20271227,20190419,20250609,20221115,20190425,20290501,20241021,20170501,20150101,20240410,20211005,20140501,20280126,20160523,20350326,20320101,20350326,20151120,20150101,20240401,20141225,20310414,20291225,20281225,20100322,20160212,20220909,20140418,,20131224,20200611,20140206,20271227,20261102,20181226,20170605
20280313,20190403,20200413,20250501,20140501,20160325,20111208,20260101,20190815,20171225,20140131,20240411,20100301,20221212,20270531,20080119,20240411,20130701,20140418,20160901,20240213,20270531,,20290704,20290704,20251226,20140421,20230629,20260403,20310302,20270101,20131225,,20141226,20170525,20261109,20260427,20260218,20160505,20110701,20230407,20170803,20260101,20190814,20151014,20230322,20131226,20240501,20101231,20230927,20210513,20190422,20310411,20160728,20171225,20130501,20180815,20121012,20170102,20171208,20100630,20231101,20151111,20110107,20190501,20260501,20280704,20310425,20151012,20290704,20320705,20280704,20230102,20160325,20141111,20281103,20271228,20190422,20250923,20221230,20190501,20290629,20241225,20170626,20150218,20240501,20211006,20140513,20280127,20160524,20350501,20320326,20350501,20151225,20150106,20240501,20141226,20310425,20291226,20281226,20100429,20160229,20221010,20140519,,20131225,20201111,20140418,20271228,20261225,20190101,20170801
20280414,20190604,20200427,20250519,20140609,20160328,20111209,20260126,20191225,20171226,20140203,20240501,20100406,20230102,20270705,20080126,20240417,20130807,20140421,20160915,20240329,20270705,,20290903,20290903,20260101,20140516,20230719,20260525,20310402,20270126,20131226,,20141231,20170605,20261225,20260430,20260219,20160624,20110913,20230410,20170804,20260126,20190830,20151209,20230407,20140101,20240506,20110120,20231113,20210514,20190501,20310414,20160729,20171226,20130610,20181101,20121101,20170126,20171225,20100830,20231130,20151225,20110110,20190916,20260604,20280904,20310609,20151111,20290903,20320906,20280904,20230103,20160328,20141225,20281106,20280103,20190501,20260319,20230120,20190530,20290815,20241226,20170815,20150219,20240506,20211007,20140728,20280228,20160905,20351224,20320329,20351224,20151231,20150403,20240509,20150101,20310609,20300101,20290101,20100503,20160404,20230102,20140701,,20131226,20201225,20140421,20280103,20261231,20190422,20171225
20280417,20190605,20200505,20250606,20140815,20160425,20111226,20260403,20191226,20180101,20140204,20240510,20100413,20230306,20270906,20080306,20240501,20130819,20140501,20161101,20240501,20270906,,20291122,20291122,20260126,20140529,20230927,20260703,20310403,20270326,20131227,,20150101,20170801,20261228,20260501,20260220,20161206,20110929,20230501,20170904,20260209,20191029,20151224,20230419,20140321,20240515,20110201,20231225,20210526,20190502,20310505,20160830,20180101,20130613,20181225,20121109,20170313,20171226,20100910,20231208,20151228,20110223,20191118,20260907,20281123,20311225,20151126,20291122,20321125,20281123,20230109,20160505,20141226,20281110,20280126,20190508,20260322,20230220,20190610,20291101,20250101,20170918,20150220,20240515,20220103,20141006,20280414,20160906,20351225,20320517,20351225,20160101,20150406,20240520,20150126,20311225,20300419,20290330,20100504,20160405,20230118,20140804,,20140101,20210101,20140425,20280104,20270101,20190501,20171226
20280425,20190606,20200521,20250609,20141028,20160606,20120102,20260406,20200101,20180315,20140205,20240617,20100414,20230406,20271011,20080320,20240617,20131014,20140529,20161117,20240530,20271011,,20291225,20291225,20260309,20140530,20231130,20260907,20311218,20270329,20140101,,20150403,20170907,20270101,20260902,20260427,20161226,20111005,20230526,20171113,20260309,20200101,20151225,20230420,20140418,20240606,20110203,20240101,20210531,20190625,20310526,20161101,20180330,20130815,20181226,20121206,20170414,20180101,20101025,20231225,20160101,20110307,20191212,20261012,20281225,20311226,20151225,20291225,20321224,20281225,20230223,20160516,20150101,20281128,20280306,20190705,20260323,20230221,20190617,20291225,20250303,20170919,20150501,20240606,20220131,20141022,20280501,20160922,20351226,20321224,20351226,20160125,20150501,20240530,20150403,20311226,20300422,20290402,20100505,20160502,20230119,20140901,,20140106,20210106,20140602,20280207,20270208,20190620,20180101
20280612,20190810,20200601,20250715,20141225,20161024,20120220,20260504,20200102,20180316,20140206,20240717,20100415,20230413,20271111,20080321,20240717,20131104,20140530,20161226,20241115,20271111,,20300101,20300101,20260403,20140605,20231202,20261103,20320114,20270426,20140317,,20150406,20171225,20270125,20270101,20260430,20170106,20111226,20230622,20171225,20260403,20200423,20160101,20230421,20140421,20240815,20110204,20240126,20210601,20190815,20310825,20161208,20180402,20131224,20190101,20121225,20170417,20180402,20101101,20240101,20160104,20110308,20191225,20261102,20290101,20320101,20160101,20300101,20330117,20290101,20230321,20160517,20150403,20281208,20280414,20191028,20260526,20230407,20190805,20291226,20250310,20171009,20150505,20240815,20220201,20141225,20280505,20160923,20351231,20321231,20351231,20160208,20150514,20241003,20150406,20320101,20300506,20290501,20100719,20160609,20230120,20141013,,20140421,20210405,20141027,20280414,20270209,20190625,20180102
20281002,20190811,20201225,20251029,20141226,20161226,20120221,20260812,20200124,20180330,20140407,20240815,20100503,20230414,20271125,20080322,20240815,20131111,20140609,20170106,20241225,20271125,,20300121,20300121,20260406,20140609,20231203,20261111,20320115,20270503,20140418,,20150501,20171226,20270210,20270204,20260501,20170414,20111227,20231002,20171226,20260406,20200501,20160208,20230424,20140428,20240916,20110215,20240201,20210720,20191031,20311225,20170413,20180507,20131225,20190419,20130101,20170425,20180425,20101116,20240328,20160325,20110502,20200101,20261225,20290115,20320126,20160118,20300121,20330221,20290115,20230503,20161226,20150406,20281225,20280417,20191224,20260527,20230421,20191224,20300101,20250418,20171027,20150525,20240916,20220202,20150101,20280509,20161226,20360101,20330415,20360101,20160209,20150619,20241101,20150608,20320126,20300509,20291225,20100920,20160610,20230123,20141111,,20140501,20210503,20141225,20280417,20270326,20190805,20180330
20281225,20190812,20210101,20260101,20150101,20161227,20120227,20261005,20200420,20180402,20140501,20240907,20100505,20230501,20271224,20080401,20241002,20131225,20140721,20170414,20241231,20271224,,20300218,20300218,20260601,20141224,20240101,20261126,20320210,20270614,20140421,,20150514,20180101,20270326,20270205,20260902,20170417,20120102,20231023,20180101,20260407,20200519,20160309,20230425,20140501,20240917,20110502,20240212,20210810,20191101,20311226,20170414,20180528,20140101,20190422,20130107,20170612,20180501,20101129,20240329,20160523,20110509,20200203,20270101,20290219,20320326,20160215,20300218,20330415,20290219,20230504,20170413,20150501,20290101,20280425,20191225,20260528,20230501,20191225,20300422,20250421,20171101,20150814,20240917,20220203,20150219,20280809,20170102,20360411,20330418,20360411,20160325,20151224,20241224,20150803,20320326,20300527,20291226,20100923,20160915,20230124,20141225,,20140529,20210603,20141226,20280425,20270421,20190815,20180402
20281226,20190831,20210402,20260320,20150106,20170102,20120402,20261225,20200501,20180430,20140502,20240916,20100520,20230605,20280117,20080414,20241115,20131231,20140815,20170417,20250101,20280117,,20300419,20300419,20260608,20141225,20240208,20261127,20320307,20270723,20140505,,20150525,20180102,20270329,20270208,20270101,20170501,20120123,20231225,20180330,20260608,20200525,20160325,20230501,20140507,20240918,20110517,20240328,20210831,20191225,20320101,20170501,20180827,20140304,20190501,20130318,20170929,20180815,20101224,20240409,20160624,20110613,20200316,20270208,20290330,20320329,20160530,20300419,20330530,20290330,20230505,20170414,20150508,20290109,20280605,20191226,20260923,20230608,20191226,20300425,20250609,20171208,20150928,20240918,20220204,20150220,20281017,20170303,20360414,20330606,20360414,20160421,20151225,20241225,20151005,20320329,20300826,20300101,20101011,20160916,20230125,20141226,,20140609,20211101,20150101,20280605,20270527,20191008,20180501
20290101,20191109,20210405,20260423,20150223,20170103,20120405,20261228,20200601,20180501,20140602,20241002,20100521,20230728,20280221,20080418,20241225,20140101,20141111,20170501,20250303,20280221,,20300527,20300527,20260803,20141226,20240410,20261225,20320321,20270802,20140602,,20150604,20180330,20270517,20270209,20270204,20170525,20120124,20231226,20180525,20261022,20200526,20160505,20230518,20140616,20241003,20110830,20240410,20210909,20191226,20320326,20170629,20181225,20140418,20190530,20130328,20171107,20181101,20101227,20240411,20160701,20111104,20200409,20270209,20290528,20320426,20160704,20300527,20330704,20290528,20230717,20170417,20150514,20290212,20280925,20200101,20270308,20230907,20200101,20300501,20250630,20171225,20150929,20241003,20220404,20150403,20281225,20170414,20360501,20331226,20360501,20160526,20151231,20241226,20151225,20320426,20301225,20300419,20101103,20161010,20230227,20150101,,20140619,20211111,20150102,20281023,20270907,20191101,20180510
20290126,20191130,20210427,20260501,20150325,20170130,20120406,20270101,20200608,20180521,20140908,20241017,20100528,20230801,20280414,20080501,20250226,20140106,20141225,20170508,20250304,20280414,,20300704,20300704,20261005,20141231,20240411,20270101,20320322,20271227,20140804,,20151224,20180402,20270614,20270210,20270205,20170623,20120125,20240101,20180618,20261225,20200715,20160506,20230601,20140924,20241009,20110831,20240411,20210916,20200101,20320329,20170728,20181226,20140425,20190610,20130329,20171225,20181225,20101231,20240501,20160905,20120102,20200410,20270326,20290704,20320614,20160905,20300704,20330905,20290704,20230811,20170501,20150525,20290213,20281225,20200410,20270309,20231012,20200409,20300815,20250804,20180101,20151009,20241009,20220405,20150501,20290101,20170417,20361224,20340407,20361224,20160907,20160101,20241231,20151228,20320614,20301226,20300422,20101123,20170102,20230228,20150216,,20140815,20220106,20150119,20281225,20271012,20191225,20180521
20290312,20191202,20210513,20260519,20150410,20170206,20120430,20270126,20201130,20180820,20141001,20241031,20100701,20230814,20280529,20080519,20250314,20140324,20141226,20170705,20250418,20280529,,20300902,20300902,20261225,20150101,20240615,20270118,20320323,20271228,20141027,,20151225,20180501,20270705,20270416,20270208,20171206,20120404,20240212,20180802,20261228,20200731,20160705,20230629,20141216,20241225,20110901,20240501,20211019,20200102,20320503,20170830,20190101,20140501,20190815,20130501,20171226,20181226,20110421,20240612,20161010,20120223,20200501,20270421,20290903,20321227,20161010,20300902,20331124,20290903,20230918,20170517,20150714,20290214,20281226,20200413,20270310,20231102,20200410,20301101,20250805,20180116,20151225,20241225,20220502,20150601,20290213,20170501,20361225,20340410,20361225,20161012,20160106,20250101,20160101,20321227,20310101,20300501,20101223,20170127,20230404,20150403,,20141208,20220418,20150206,20281226,20271102,20191226,20180801
20290330,20191203,20210524,20260527,20150413,20170414,20120501,20270326,20201201,20181022,20141002,20241101,20100726,20231013,20280704,20080701,20250331,20140417,20150101,20170829,20250421,20280704,,20301128,20301128,20261228,20150402,20240616,20270326,20321219,20280103,20141225,,20151231,20180510,20271115,20270430,20270209,20171225,20120406,20240213,20180803,20270101,20200803,20160706,20230719,20141225,20241231,20110916,20240522,20211104,20200413,20320531,20171101,20190419,20140610,20191101,20130502,20180101,20190101,20110422,20240617,20161111,20120308,20200916,20270527,20291122,20321228,20161111,20301128,20331226,20291122,20231009,20170525,20151111,20290330,20290101,20200501,20270513,20231115,20200413,20301225,20250806,20180330,20160101,20241231,20220603,20150717,20290214,20170524,20361226,20340501,20361226,20161102,20160325,20250106,20160126,20321228,20310411,20301225,20101231,20170130,20230405,20150518,,20141224,20220503,20150403,20290101,20271115,20200101,20181225
20290402,20200101,20220415,20260528,20150501,20170417,20120525,20270329,20201225,20181023,20141003,20241102,20100812,20231023,20280904,20080815,20250410,20140418,20150403,20170901,20250501,20280904,,20301225,20301225,20270101,20150403,20240617,20270531,20330102,20280126,20141226,,20160101,20180521,20271227,20270503,20270210,20171226,20120409,20240329,20180903,20270126,20201029,20160707,20230817,20141226,20250101,20111026,20240617,20220201,20200427,20320830,20171208,20190422,20140613,20191225,20130515,20180126,20190422,20110620,20240821,20161226,20120309,20201102,20270907,20291225,20330103,20161124,20301225,20340102,20291225,20231103,20170605,20151225,20290501,20290126,20200508,20270516,20231120,20200423,20301226,20251020,20180501,20160208,20250101,20220912,20150807,20290215,20170906,20361231,20340529,20361231,20161115,20160328,20250418,20160325,20330103,20310414,20301226,20110103,20170131,20230501,20150701,,20141225,20220616,20150406,20290102,20271231,20200106,20181226
20290425,20200322,20220418,20260529,20150601,20170425,20120620,20270426,20210101,20181101,20141006,20241118,20100813,20231205,20281009,20080819,20250414,20140501,20150406,20170915,20250619,20281009,,20310101,20310101,20270126,20150406,20240707,20270705,20330103,20280414,20141229,,20160325,20180801,20271228,20270902,20270416,20180101,20120501,20240401,20181112,20270208,20210101,20160708,20230927,20150101,20250128,20111107,20240708,20220202,20200501,20321227,20171225,20190506,20140815,20191226,20130815,20180312,20190425,20110829,20240826,20161227,20120430,20201116,20271012,20300101,20330126,20161226,20310101,20340116,20300101,20231123,20171225,20160101,20290702,20290305,20200706,20270517,20231225,20200501,20310101,20251225,20180521,20160209,20250128,20221003,20150810,20290330,20170922,20370101,20341225,20370101,20161230,20160505,20250421,20160328,20330126,20310505,20310101,20110110,20170201,20230622,20150803,,20141226,20220815,20150427,20290206,20280228,20200413,20190101
20290611,20200524,20220427,20260715,20150629,20170605,20120709,20270503,20210503,20181102,20141007,20241225,20101025,20231211,20281123,20080903,20250418,20140602,20150501,20171101,20251225,20281123,,20310120,20310120,20270308,20150501,20240915,20270906,20330104,20280417,20150101,,20160328,20180906,20280103,20270903,20270430,20180330,20120702,20240404,20181225,20270308,20210423,20160817,20231225,20150403,20250129,20111128,20240916,20220203,20200625,20321228,20180101,20190527,20141208,20200101,20131101,20180330,20190501,20110830,20241101,20170102,20120501,20201225,20271102,20300121,20330415,20170102,20310120,20340220,20300121,20240101,20171226,20160325,20291105,20290330,20200928,20270923,20231229,20200521,20310106,20251226,20180702,20160210,20250129,20221004,20150911,20290424,20171225,20370403,20341226,20370403,20170125,20160606,20250501,20160425,20330415,20310509,20310411,20110211,20170227,20230623,20150907,,20150101,20221101,20150601,20290330,20280229,20200501,20190102
20291001,20200525,20220526,20261029,20150630,20171023,20120820,20270811,20210601,20181224,20150101,20250114,20101206,20240101,20281225,20080930,20250501,20140623,20150514,20171117,20251231,20281225,,20310217,20310217,20270326,20150514,20241130,20271111,20330208,20280425,20150317,,20160505,20181225,20280124,20280103,20270503,20180402,20121001,20240501,20181226,20270326,20210513,20160912,20231226,20150406,20250130,20111226,20240917,20220419,20201225,20330103,20180102,20190826,20141224,20200410,20131206,20180402,20190815,20110927,20241224,20170103,20120507,20210101,20271115,20300218,20330418,20170116,20310217,20340407,20300218,20240102,20180101,20160328,20291128,20290402,20201028,20280224,20240101,20200601,20310414,20260101,20180716,20160301,20250130,20221005,20150924,20290501,20171226,20370406,20350101,20370406,20170227,20160624,20250529,20160613,20330418,20310526,20310414,20110321,20170228,20230929,20151012,,20150106,20221111,20151026,20290402,20280414,20200611,20190419
20291225,20200526,20220606,20270101,20150701,20171225,20120924,20271004,20210621,20181225,20150102,20250226,20101210,20240102,20290101,20081002,20250815,20140630,20150515,20171225,20260101,20290101,,20310411,20310411,20270329,20150515,20241202,20271125,20330306,20280501,20150403,,20160516,20181226,20280301,20280124,20270902,20180501,20121002,20240515,20190101,20270329,20210514,20161212,20240101,20150427,20250501,20120102,20241031,20220502,20210101,20330415,20180329,20191225,20141225,20200413,20131225,20180425,20191101,20111101,20241225,20170414,20120508,20210201,20280228,20300419,20330425,20170220,20310411,20340529,20300419,20240103,20180329,20160505,20291225,20290425,20201117,20280227,20240212,20200617,20310425,20260302,20180815,20160413,20250501,20221006,20151110,20290528,20180101,20370501,20350323,20370501,20170228,20161226,20250609,20160801,20330425,20310825,20310501,20110429,20170403,20231009,20151111,,20150406,20221226,20151225,20290425,20280421,20200622,20190422
20291226,20200730,20221226,20270310,20150702,20171226,20121008,20271227,20211130,20181226,20150218,20250331,20101231,20240226,20290115,20081009,20250827,20140807,20150525,20171226,20260216,20290115,,20310526,20310526,20270426,20150525,20241203,20271126,20330310,20280612,20150406,,20160526,20181231,20280414,20280125,20270903,20180510,20121023,20240610,20190419,20270330,20210519,20161226,20240208,20150501,20250505,20120123,20241225,20220503,20210208,20330418,20180330,20191226,20150101,20200501,20140101,20180611,20191225,20111107,20241230,20170522,20120509,20210315,20280229,20300527,20330613,20170529,20310526,20340704,20300527,20240108,20180330,20160516,20300101,20290604,20201224,20280228,20240213,20200803,20310501,20260309,20180917,20160505,20250505,20221007,20151225,20290809,20180305,20370525,20350326,20370525,20170414,20170106,20250619,20161003,20330613,20311225,20311225,20110503,20170404,20231010,20151225,,20150501,20230106,20151228,20290604,20280501,20200625,20190501
20300101,20200801,20230407,20270311,20150703,20180101,20121106,20271228,20211201,20181231,20150219,20250401,20110103,20240408,20290219,20081028,20251002,20140818,20150721,20180101,20260217,20290219,,20310704,20310704,20270531,20150605,20250101,20271224,20330313,20280728,20150504,,20161003,20190101,20280417,20280126,20280103,20180622,20121225,20240701,20190531,20270614,20210715,20170328,20240311,20150616,20250506,20120124,20250101,20220504,20210405,20330502,20180413,20200101,20150217,20200521,20140106,20180928,20191226,20111130,20241231,20170623,20120611,20210401,20280414,20300704,20331226,20170704,20310704,20340904,20300704,20240212,20180402,20160714,20300109,20290924,20201225,20280504,20240329,20201224,20310602,20260403,20180918,20160606,20250506,20230102,20160101,20291105,20180406,20371224,20350501,20371224,20170421,20170414,20251003,20161226,20331226,20311226,20311226,20110504,20170501,20240101,20151228,,20150514,20230410,20160101,20291022,20280615,20200805,20190530
20300128,20200820,20230410,20270312,20150706,20180102,20121126,20280103,20220124,20190101,20150220,20250410,20110218,20240415,20290330,20081030,20251022,20141013,20151111,20180330,20260403,20290330,,20310901,20310901,20270614,20151224,20250127,20271231,20330314,20280807,20150601,,20161226,20190102,20280515,20280127,20280124,20181206,20121226,20240918,20190617,20271021,20210720,20170414,20240329,20150810,20250606,20120201,20250129,20220516,20210427,20330530,20180501,20200410,20150403,20200601,20140417,20181106,20200101,20111230,20250101,20170703,20120612,20210402,20280421,20300902,20331227,20170904,20310901,20341123,20300902,20240223,20180501,20160815,20300304,20291225,20210101,20280507,20240423,20201225,20310815,20260406,20180919,20160815,20250606,20230123,20160208,20291225,20180409,20371225,20350514,20371225,20170501,20170417,20251224,20161227,20331227,20320101,20320101,20110505,20170529,20240207,20160101,,20150525,20230501,20160104,20291225,20280907,20201008,20190610
20300311,20201029,20230427,20270423,20150707,20180129,20121224,20280126,20220425,20190315,20150223,20250414,20110406,20240416,20290528,20081113,20251105,20141103,20151225,20180402,20260421,20290528,,20311127,20311127,20270802,20151225,20250330,20280117,20330315,20281225,20150803,,20170414,20190419,20280619,20280128,20280125,20181224,20130101,20241001,20190801,20271227,20210721,20170424,20240409,20150924,20250815,20120206,20250130,20220530,20210625,20330829,20180629,20200413,20150501,20200623,20140418,20181225,20200106,20120123,20250129,20170904,20121105,20210916,20280501,20301128,20340102,20171009,20311127,20341225,20301128,20240320,20180510,20161101,20300305,20291226,20210402,20280508,20240501,20210101,20311208,20260525,20181015,20160914,20250815,20230124,20160209,20300101,20180501,20371231,20351224,20371231,20170615,20170501,20251225,20170102,20340102,20320326,20320326,20110718,20170530,20240208,20160215,,20150604,20230503,20160125,20291226,20281012,20201225,20190801
20300419,20201130,20230518,20270517,20150708,20180206,20121225,20280414,20220601,20190419,20150224,20250418,20110413,20240501,20290704,20081209,20251225,20141117,20160101,20180501,20260501,20290704,,20311225,20311225,20271004,20151231,20250331,20280414,20331218,20281226,20151026,,20170417,20190422,20280703,20280403,20280126,20181225,20130211,20241011,20190802,20271228,20210722,20170501,20240410,20151216,20251003,20120207,20250211,20220531,20211101,20331226,20180830,20200504,20150610,20201225,20140501,20181226,20200413,20120405,20250331,20171009,20121231,20211102,20280615,20301225,20340126,20171123,20311225,20350101,20301225,20240429,20180517,20161111,20300306,20300101,20210405,20280924,20240530,20210401,20311225,20260629,20181101,20160915,20251003,20230125,20160325,20300204,20180507,20380101,20351225,20380101,20170907,20170525,20251226,20170126,20340126,20320329,20320329,20110919,20171004,20240209,20160325,,20151026,20230608,20160208,20300101,20281102,20210101,20191225
20300422,20201202,20230529,20270518,20150709,20180330,20130101,20280417,20220613,20190422,20150406,20250430,20110414,20240522,20290903,20081225,20260126,20141208,20160325,20180508,20260604,20290903,,20320101,20320101,20271227,20160101,20250401,20280529,20331225,20290101,20151225,,20170501,20190501,20281113,20280404,20280127,20181226,20130212,20241225,20190902,20280103,20210723,20170511,20240411,20151225,20251006,20120411,20250317,20220831,20220208,20331227,20181008,20200525,20151208,20210101,20140502,20190101,20200501,20120406,20250409,20171113,20130101,20211115,20280907,20310101,20340407,20171225,20320101,20350115,20310101,20240503,20180521,20161226,20300419,20300128,20210705,20290213,20241115,20210402,20311226,20260803,20181102,20160916,20251006,20230126,20160502,20300205,20180524,20380423,20351226,20380423,20171012,20170606,20251231,20170414,20340407,20320503,20330415,20110923,20171009,20240212,20160523,,20151208,20230815,20160325,20300102,20281115,20210106,20191226
20300425,20201203,20231225,20270519,20150710,20180402,20130131,20280425,20220815,20190501,20150501,20250501,20110415,20240701,20291008,20090108,20260304,20141225,20160328,20180705,20260907,20291008,,20320119,20320119,20271228,20160324,20250605,20280704,20331226,20290126,20151228,,20170525,20190530,20281225,20280501,20280128,20190101,20130213,20241226,20191111,20280126,20210830,20170525,20240412,20160101,20251007,20120501,20250331,20220916,20220418,20340102,20181101,20200831,20151224,20210402,20140515,20190128,20200602,20120409,20250417,20171225,20130102,20220207,20281012,20310120,20340410,20180101,20320119,20350219,20310120,20240506,20181224,20170414,20300501,20300304,20210706,20290214,20241120,20210405,20320101,20260804,20181225,20161003,20251007,20230127,20160706,20300206,20180906,20380426,20351231,20380426,20171102,20170623,20260101,20170417,20340410,20320531,20330418,20111010,20171010,20240213,20160701,,20151224,20231101,20160328,20300206,20281225,20210405,20200101
20300610,20210311,20231226,20270715,20150713,20180425,20130211,20280501,20221130,20190610,20150622,20250607,20110502,20240722,20291112,20090126,20260326,20141231,20160505,20180829,20261012,20291112,,20320216,20320216,20280103,20160325,20250607,20280904,20331227,20290330,20151229,,20170605,20190610,20281226,20280502,20280403,20190419,20130329,20250101,20191225,20280214,20211029,20170623,20240501,20160321,20251008,20120820,20250401,20221024,20220427,20340407,20181225,20201225,20151225,20210405,20140619,20190311,20201208,20120501,20250418,20171226,20130103,20220321,20281102,20310217,20340425,20180115,20320216,20350323,20310217,20240715,20181225,20170417,20301104,20300419,20210928,20290215,20241225,20210422,20320106,20260805,20181231,20170127,20251008,20230405,20160809,20300419,20180924,20381224,20360101,20381224,20171115,20171225,20260106,20170425,20340425,20320830,20331226,20111103,20180101,20240214,20160801,,20151225,20231225,20160425,20300419,20281229,20210603,20200102
20301007,20210513,20240101,20270830,20150714,20180604,20130212,20280816,20221201,20190819,20150903,20250815,20110505,20240729,20291122,20090220,20260331,20150101,20160506,20181101,20261102,20291122,,20320326,20320326,20280126,20160328,20250626,20281107,20340214,20290402,20160101,,20170615,20190801,20290101,20280904,20280404,20190422,20130401,20250129,20191226,20280313,20220502,20170626,20240509,20160325,20251009,20120821,20250501,20221226,20220502,20340410,20190101,20201228,20160101,20210513,20140815,20190419,20201225,20120612,20250501,20180101,20130104,20220414,20281115,20310411,20340612,20180219,20320326,20350528,20310411,20240812,20181226,20170501,20301105,20300422,20211028,20290423,20241231,20210513,20320329,20261019,20190101,20170130,20251009,20230501,20160912,20300501,20181224,20381231,20360411,20381231,20171120,20171226,20260403,20170612,20340612,20321227,20340407,20111123,20180215,20240228,20160905,,20160101,20231226,20160606,20300422,20290101,20210622,20200410
20301225,20210515,20240329,20271029,20150715,20181022,20130220,20281002,20221226,20190820,20150904,20250827,20110516,20240812,20291225,20090223,20260403,20150112,20160516,20181224,20261130,20291225,,20320531,20320531,20280313,20160422,20250904,20281110,20340301,20290425,20160317,,20171003,20190905,20290122,20290101,20280501,20190501,20130404,20250130,20200101,20280414,20220503,20170627,20240523,20160328,20251225,20120831,20250512,20230102,20220815,20340501,20190418,20210101,20160209,20210524,20141110,20190422,20210101,20120807,20250512,20180102,20130107,20220415,20281225,20310526,20341225,20180528,20320531,20350704,20310526,20240916,20190101,20170508,20301111,20300425,20211117,20290424,20250101,20210524,20320602,20261225,20190419,20170301,20251225,20230622,20161226,20300516,20181225,20390408,20360414,20390408,20171225,20180101,20260406,20170807,20341225,20321228,20340410,20111223,20180216,20240404,20161010,,20160106,20240101,20161024,20300425,20290212,20210625,20200413
20301226,20210719,20240401,20280228,20150716,20181225,20130328,20281225,20230102,20191023,20151001,20250905,20110517,20241014,20300101,20090310,20260414,20150323,20160721,20181225,20261225,20300101,,20320705,20320705,20280414,20160505,20251130,20281123,20340302,20290507,20160325,,20171225,20191225,20290214,20290212,20280502,20190530,20130501,20250131,20200410,20280417,20220504,20170628,20240617,20160427,20251231,20120917,20250606,20230123,20221031,20340529,20190419,20210402,20160325,20210623,20141208,20190425,20210106,20120820,20250606,20180330,20130108,20220916,20290101,20310704,20341226,20180704,20320705,20350903,20310704,20240923,20190418,20170525,20301128,20300603,20211224,20290425,20250120,20210617,20320629,20261228,20190501,20170501,20251231,20230623,20170102,20300809,20181226,20390411,20360501,20390411,20171229,20180330,20260501,20171002,20341226,20330103,20340501,20120102,20180219,20240405,20161111,,20160328,20240401,20161226,20300603,20290213,20210805,20200501
20310101,20210720,20240509,20280229,20150717,20181226,20130329,20281226,20230124,20191101,20151002,20251001,20110701,20241023,20300121,20090311,20260501,20150402,20160815,20181226,20261231,20300121,,20320906,20320906,20280417,20160506,20251202,20281124,20340305,20290611,20160328,,20171226,20191226,20290330,20290213,20280904,20190621,20130517,20250404,20200529,20280418,20220519,20170817,20241225,20160502,20260101,20121026,20250627,20230124,20221101,20340828,20190501,20210405,20160425,20211101,20141225,20190610,20210405,20120821,20250612,20180521,20130308,20221102,20290212,20310901,20350101,20180903,20320906,20351122,20310901,20241014,20190419,20170605,20301209,20300930,20220415,20290923,20250303,20210802,20321101,20270101,20190521,20170503,20260101,20230929,20170130,20301225,20181231,20390530,20360602,20390530,20180101,20180402,20260514,20171225,20350101,20330415,20341225,20120103,20180220,20240501,20161226,,20160505,20240501,20161227,20301028,20290330,20211008,20200521
20310127,20210721,20240520,20280501,20151028,20190101,20130401,20290101,20230417,20191224,20151005,20251002,20110715,20241205,20300218,20090327,20260528,20150403,20161101,20190101,20270101,20300218,,20321125,20321125,20280425,20160516,20251203,20281225,20341212,20290727,20160502,,20180101,20191231,20290402,20290214,20290101,20191206,20130612,20250418,20200615,20280425,20220711,20170901,20241226,20160616,20260216,20121113,20250901,20230201,20221226,20341225,20190729,20210503,20160526,20220415,20150101,20190927,20210602,20120827,20250821,20180625,20130501,20221121,20290213,20311127,20350126,20181008,20321125,20351225,20311127,20241104,20190422,20170714,20301225,20301225,20220418,20300203,20250304,20211224,20321208,20270301,20190716,20170505,20260216,20231002,20170414,20310101,20190101,20391226,20361224,20391226,20180125,20180501,20260525,20171226,20350126,20330418,20341226,20120109,20180228,20240610,20161227,,20160516,20240503,20170102,20301225,20290501,20211101,20200601
20310310,20210809,20241225,20280505,20151225,20190102,20130402,20290126,20230501,20191225,20151006,20251007,20110812,20241210,20300419,20090401,20260626,20150501,20161111,20190419,20270208,20300419,,20321224,20321224,20280529,20161226,20260101,20290101,20341213,20290806,20160606,,20180330,20200101,20290521,20290215,20290212,20191224,20130701,20250421,20200730,20280612,20220712,20170921,20241231,20160809,20260217,20121115,20250905,20230421,20230102,20341226,20190830,20210531,20160610,20220418,20150106,20191105,20211101,20121026,20250825,20180702,20130502,20221212,20290330,20311225,20350323,20181112,20321224,20360101,20311225,20241231,20190501,20170815,20310101,20301226,20220705,20300204,20250418,20220414,20330106,20270308,20190815,20170606,20260217,20231003,20170501,20310123,20190304,20400330,20361225,20400330,20180212,20180510,20260604,20180101,20350323,20330502,20350101,20120320,20180404,20240916,20170102,,20160526,20240530,20170103,20301226,20290531,20220106,20201225
20310411,20211018,20241226,20280508,20160101,20190128,20130501,20290330,20230601,20191226,20151007,20251020,20111024,20241231,20300527,20090403,20260914,20150518,20161226,20190422,20270209,20300527,,20330117,20330117,20280612,20170413,20260321,20290115,20341214,20291225,20160801,,20180402,20200102,20290618,20290216,20290213,20191225,20130814,20250501,20200731,20281026,20220715,20171201,20250101,20161216,20260218,20121225,20250916,20230501,20230208,20350101,20191008,20210830,20160613,20220526,20150319,20191225,20211208,20121101,20251027,20180903,20130503,20230206,20290501,20320101,20350326,20181122,20330117,20360121,20320101,20250101,20190517,20171101,20310109,20310101,20220706,20300205,20250421,20220415,20330418,20270326,20190918,20170815,20260218,20231004,20170510,20310124,20190426,20400402,20361226,20400402,20180213,20180606,20261224,20180126,20350326,20330509,20350323,20120430,20180405,20240917,20170220,,20160815,20240815,20170123,20310101,20290907,20220418,20210101
20310414,20211130,20250101,20280519,20160106,20190206,20130620,20290402,20230605,20191227,20160101,20251022,20111205,20250101,20300704,20090407,20261002,20150608,20170414,20190501,20270326,20300704,,20330221,20330221,20280807,20170414,20260322,20290330,20341218,20291226,20161031,,20180501,20200410,20290702,20290423,20290214,20191226,20130920,20250505,20200907,20281225,20220830,20171225,20250127,20161226,20260501,20130101,20251020,20230504,20230410,20350323,20191101,20211227,20160815,20220606,20150402,20191226,20220106,20121102,20251208,20181008,20130509,20230320,20290531,20320119,20350425,20181225,20330221,20360218,20320119,20250102,20190530,20171225,20310224,20310127,20220928,20300411,20250423,20220418,20330425,20270329,20190919,20171003,20260501,20231005,20170626,20310403,20190429,20400501,20361231,20400501,20180330,20180622,20261225,20180330,20350425,20330530,20350326,20120503,20180406,20241010,20170414,,20161026,20241101,20170206,20310102,20291012,20220616,20210402
20310425,20211202,20250418,20280830,20160314,20190419,20130621,20290425,20230815,20200101,20160208,20251101,20111212,20250212,20300902,20090410,20261020,20150615,20170417,20190508,20270421,20300902,,20330415,20330415,20281002,20170417,20260526,20290528,20350213,20300101,20161226,,20180510,20200413,20291112,20290430,20290215,20200101,20131001,20250701,20201111,20281226,20230421,20171226,20250129,20170102,20260505,20130124,20251225,20230530,20230427,20350326,20191225,20211228,20161005,20220623,20150403,20200101,20220418,20121130,20251224,20181112,20130510,20230406,20290907,20320216,20350611,20190101,20330415,20360411,20320216,20250103,20190610,20171226,20310225,20310303,20221028,20300414,20250501,20220421,20330602,20270517,20190920,20171004,20260505,20231006,20170809,20310411,20190501,20401224,20370101,20401224,20180501,20181224,20261231,20180402,20350611,20330829,20350501,20120504,20180501,20241011,20170522,,20161101,20241111,20170414,20310206,20291102,20220622,20210405
20310609,20220101,20250421,20290101,20160325,20190422,20130709,20290507,20231130,20200410,20160209,20251225,20120102,20250407,20301014,20090414,20261109,20150629,20170501,20190705,20270527,20301014,,20330530,20330530,20281225,20170512,20260527,20290704,20350218,20300128,20161227,,20180521,20200501,20291225,20290501,20290216,20200106,20131014,20251001,20201225,20290101,20230501,20180101,20250331,20170321,20260603,20130128,20260101,20230531,20230501,20350507,20200101,20220103,20161101,20220815,20150501,20200127,20220425,20121224,20251225,20181225,20130612,20230407,20291012,20320326,20351225,20190121,20330530,20360526,20320326,20250113,20191224,20180101,20310226,20310411,20221117,20300415,20250619,20220526,20330629,20270702,20191031,20171005,20260603,20240101,20170901,20310501,20190506,20401225,20370403,20401225,20180531,20181225,20270101,20180425,20351225,20331226,20351225,20120716,20180618,20250101,20170703,,20161208,20241225,20170417,20310411,20291115,20220805,20210513
20311006,20220228,20250505,20290215,20160429,20190425,20130819,20290815,20231201,20200413,20160210,20260115,20120103,20250414,20301111,20090501,20261110,20150720,20170525,20190829,20270907,20301111,,20330704,20330704,20281226,20170525,20260528,20290903,20350219,20300419,20161228,,20180531,20200521,20291226,20290903,20290423,20200410,20131225,20251007,20201228,20290126,20230519,20180216,20250401,20170414,20260924,20130201,20260202,20230628,20230502,20350528,20200409,20220415,20161201,20221101,20150515,20200309,20220602,20121225,20251226,20181226,20131104,20230501,20291102,20320531,20351226,20190218,20330704,20360704,20320531,20250211,20191225,20180330,20310411,20310414,20221226,20300923,20251120,20220606,20330815,20270802,20191101,20171006,20260924,20240209,20171018,20310506,20190524,20401226,20370406,20401226,20180709,20181226,20270106,20180611,20351226,20331227,20351226,20120917,20180924,20250123,20170807,,20161226,20241226,20170425,20310414,20291225,20220815,20210524
20311225,20220502,20250529,20290216,20160502,20190603,20131014,20291001,20231225,20200501,20160211,20260126,20120307,20250415,20301128,20090509,20261124,20150807,20170526,20191101,20271012,20301128,,20330905,20330905,20290101,20170526,20260616,20291112,20350220,20300422,20170102,,20181003,20200601,20300101,20300101,20290430,20200413,20131226,20251029,20210101,20290212,20230628,20180330,20250402,20170417,20260925,20130211,20260203,20230719,20230815,20350827,20200410,20220418,20161208,20221226,20150604,20200410,20220815,20121231,20251230,20190101,20140101,20231102,20291115,20320705,20360101,20190527,20330905,20360901,20320705,20250224,20191226,20180402,20310501,20310425,20230407,20310123,20251225,20220617,20331101,20270803,20191225,20171009,20260925,20240212,20171225,20311114,20190906,20401231,20370501,20401231,20180907,20181231,20270326,20180806,20360101,20340102,20360101,20121008,20181010,20250124,20170904,,20170106,20250101,20170605,20310425,20291231,20221101,20220415
20311226,20220503,20250609,20290423,20160503,20191028,20131106,20291225,20231226,20200601,20160212,20260319,20120406,20250501,20301225,20090815,20261225,20150817,20170605,20191224,20271102,20301225,,20331124,20331124,20290126,20170605,20260825,20291122,20350304,20300425,20170317,,20181224,20200910,20300128,20300131,20290501,20200501,20140101,20251225,20210402,20290312,20230629,20180501,20250403,20170427,20261009,20130212,20260217,20230831,20231031,20351225,20200501,20220502,20170228,20230407,20151012,20200413,20221101,20130101,20251231,20190102,20140102,20231120,20291225,20320906,20360128,20190704,20331124,20361127,20320906,20250320,20200101,20180501,20311103,20310602,20230410,20310126,20251231,20220801,20331208,20270804,20191231,20171220,20261009,20240213,20180101,20311225,20190923,20410101,20370525,20410101,20181012,20190101,20270329,20181001,20360128,20340407,20360411,20121123,20181231,20250127,20171009,,20170417,20250106,20171023,20310602,20300101,20221226,20220418
20320101,20220504,20251225,20290424,20160620,20191225,20131125,20291226,20240101,20200820,20160404,20260321,20120409,20250512,20310101,20090819,20270126,20151012,20170721,20191225,20271115,20310101,,20331226,20331226,20290312,20171225,20261130,20291123,20351202,20300506,20170414,,20181225,20201225,20300306,20300201,20290903,20200521,20140131,20251226,20210528,20290330,20230630,20180510,20250404,20170501,20261225,20130501,20260218,20230927,20231101,20351226,20200629,20220530,20170414,20230410,20151109,20200608,20221208,20130328,20260101,20190419,20140103,20231212,20300101,20321125,20360411,20190902,20331226,20361225,20321125,20250429,20200409,20180508,20311104,20310929,20230501,20310127,20260101,20221226,20331226,20271022,20200101,20171225,20261225,20240214,20180216,20320101,20191224,20410419,20371224,20410419,20181102,20190419,20270506,20181225,20360411,20340410,20360414,20121224,20190101,20250128,20171113,,20170501,20250421,20171225,20311027,20300304,20230106,20220526
20320126,20220709,20251226,20290425,20160815,20191226,20131225,20300101,20240102,20200821,20160502,20260330,20120413,20250701,20310120,20090921,20270310,20151102,20170815,20191226,20271130,20310120,,20340102,20340102,20290330,20171226,20261202,20291225,20351203,20300610,20170417,,20181226,20201231,20300419,20300204,20291231,20200619,20140203,20260101,20210621,20290402,20230830,20180529,20250418,20170616,20261231,20130524,20260320,20231113,20231225,20360101,20200728,20220829,20170425,20230501,20151208,20200925,20221226,20130329,20260102,20190520,20140106,20231225,20300304,20321224,20360414,20191014,20340102,20370101,20321224,20250505,20200410,20180510,20311105,20311225,20230508,20310401,20260120,20230406,20340106,20271227,20200410,20180101,20261231,20240215,20180330,20320114,20191225,20410422,20371225,20410422,20181115,20190422,20270517,20181226,20360414,20340501,20360501,20121231,20190204,20250129,20171225,,20170525,20250501,20171226,20311225,20300305,20230410,20220606
20320308,20220710,20260101,20290426,20161028,20200101,20140101,20300128,20240124,20201023,20160609,20260401,20120416,20250710,20310217,20090928,20270322,20151116,20171101,20200101,20271231,20310217,,20340116,20340116,20290402,20180101,20261203,20300101,20351204,20300726,20170501,,20181231,20210101,20300422,20300205,20300101,20201224,20140418,20260217,20210729,20290403,20240101,20180601,20250501,20170809,20270101,20130808,20260501,20231225,20231226,20360411,20200729,20221226,20170501,20230518,20151225,20201103,20230106,20130409,20260217,20190624,20140107,20240101,20300305,20330117,20360425,20191111,20340116,20370119,20330117,20250506,20200413,20180521,20311110,20311226,20230705,20310402,20260216,20230407,20340410,20280103,20200501,20180215,20270101,20240404,20180501,20320211,20191226,20410501,20371231,20410501,20181120,20190501,20270527,20190101,20360425,20340509,20361225,20130101,20190205,20250130,20171226,,20170605,20250619,20180101,20311226,20300419,20230501,20220801
20320326,20220730,20260403,20290427,20161226,20200102,20140303,20300419,20240501,20201224,20160610,20260403,20120501,20250728,20310411,20090930,20270326,20151208,20171225,20200106,20280228,20310411,,20340220,20340220,20290425,20180329,20270105,20300121,20351218,20300805,20170605,,20190101,20210402,20300520,20300206,20300131,20201225,20140421,20260218,20210730,20290425,20240410,20180613,20250512,20170925,20270208,20130809,20260527,20240101,20240101,20360414,20201008,20221227,20170613,20230529,20160101,20201225,20230410,20130501,20260320,20190701,20140108,20240205,20300419,20330221,20360609,20191128,20340220,20370216,20330221,20250721,20200501,20180815,20311128,20320101,20230706,20310403,20260217,20230410,20340425,20280306,20200521,20180216,20270208,20240405,20180529,20320212,20191231,20411224,20380101,20411224,20181225,20190530,20271101,20190128,20360609,20340529,20361226,20130102,20190206,20250131,20180101,,20170615,20250815,20180102,20320101,20300501,20230608,20221226
20320329,20221008,20260406,20290501,20170106,20200127,20140304,20300422,20240506,20201225,20160915,20260414,20120507,20250812,20310526,20091002,20270414,20151225,20171226,20200410,20280229,20310526,,20340407,20340407,20290528,20180330,20270309,20300419,20360206,20301225,20170807,,20190419,20210405,20300617,20300412,20300201,20210101,20140501,20260219,20210906,20290611,20240411,20180614,20250529,20171225,20270209,20130916,20260616,20240201,20240102,20360505,20201208,20230102,20170615,20230623,20160106,20201228,20230425,20130513,20260402,20190902,20140310,20240318,20300501,20330415,20361225,20191225,20340407,20370403,20330415,20250811,20200521,20181101,20311208,20320126,20230928,20310923,20260403,20230420,20340501,20280313,20200629,20180301,20270209,20240501,20180615,20320322,20200101,20411225,20380423,20411225,20181231,20190606,20271224,20190419,20361225,20340828,20370101,20130103,20190207,20250228,20180219,,20170815,20251111,20180122,20320102,20300620,20230622,20230102
20320426,20221130,20260427,20290830,20170227,20200206,20140324,20300425,20240624,20210101,20160916,20260420,20120604,20251013,20310704,20091013,20270415,20151231,20180101,20200413,20280414,20310704,,20340529,20340529,20290611,20180402,20270310,20300527,20360207,20301226,20171030,,20190422,20210513,20300701,20300429,20300204,20210106,20140506,20260403,20211111,20291025,20240412,20180615,20250606,20171226,20270301,20131015,20260825,20240212,20240208,20360526,20201225,20230407,20170815,20230815,20160324,20210101,20230501,20130612,20260403,20191014,20140501,20240328,20300620,20330530,20361226,20200101,20340529,20370525,20330530,20250915,20200601,20181225,20311225,20320301,20231117,20320113,20260421,20230501,20340602,20280414,20200716,20180501,20270301,20240610,20180809,20320326,20200303,20411226,20380426,20411226,20190101,20190621,20271231,20190422,20361226,20341225,20370403,20130114,20190208,20250403,20180330,,20171026,20251225,20180206,20320206,20301115,20230815,20230407
20320614,20221203,20260514,20291029,20170414,20200410,20140402,20300506,20240815,20210315,20161003,20260501,20120802,20251023,20310901,20091017,20270419,20160101,20180330,20200501,20280421,20310901,,20340704,20340704,20290806,20180427,20270311,20300704,20360212,20310101,20171225,,20190501,20210524,20301111,20300430,20300205,20210402,20140602,20260406,20211227,20291225,20240423,20180618,20250627,20180101,20270303,20131105,20260831,20240328,20240401,20360825,20210101,20230410,20171005,20231101,20160325,20210126,20230602,20130809,20260409,20191111,20140502,20240329,20301115,20330704,20370101,20200120,20340704,20370703,20330704,20250923,20201224,20181226,20320101,20320326,20231225,20320114,20260423,20230518,20340629,20280417,20200918,20180507,20270303,20240916,20180822,20320524,20200417,20411231,20380614,20411231,20190125,20191224,20280106,20190425,20370101,20341226,20370406,20130211,20190228,20250404,20180521,,20171101,20251226,20180330,20320326,20301225,20231101,20230410
20321004,20230101,20260525,20300101,20170417,20200413,20140417,20300814,20241225,20210402,20161004,20260528,20120813,20251205,20311013,20091019,20270517,20160111,20180402,20200508,20280501,20311013,,20340904,20340904,20291001,20180510,20270515,20300902,20360302,20310127,20171226,,20190530,20210909,20301225,20300501,20300206,20210405,20140701,20260407,20211228,20291226,20240501,20180817,20250905,20180321,20270505,20131225,20260916,20240410,20240501,20361225,20210401,20230501,20171101,20231225,20160502,20210308,20230815,20130819,20260501,20191225,20140509,20240501,20301225,20330905,20370126,20200217,20340904,20370907,20330905,20251013,20201225,20190101,20320109,20320329,20231226,20320115,20260501,20230529,20340815,20280605,20201012,20180522,20270505,20240917,20181106,20320809,20200420,20420101,20381224,20420101,20190304,20191225,20280414,20190610,20370126,20350101,20370501,20130320,20190301,20250501,20180702,,20171208,20260101,20180402,20320329,20301231,20231225,20230501
20321227,20230218,20261225,20300204,20170501,20200427,20140418,20301007,20241226,20210405,20161005,20260626,20121023,20251210,20311111,20091102,20270616,20160321,20180501,20200901,20280615,20311111,,20341123,20341123,20291225,20180511,20270516,20301105,20361119,20310411,20171227,,20190610,20211231,20301226,20300902,20300412,20210513,20140909,20260501,20220103,20300101,20240617,20180822,20251225,20180330,20270513,20140101,20261109,20240411,20240502,20361226,20210402,20230529,20171201,20231226,20160516,20210402,20231101,20130820,20260527,20191226,20140612,20240916,20310101,20331124,20370403,20200525,20341123,20371126,20331124,20251103,20210101,20190419,20320209,20320426,20240101,20320321,20260604,20230807,20341101,20280630,20201208,20180606,20270513,20241001,20181225,20321102,20200501,20420404,20381231,20420404,20190305,20191226,20280417,20190805,20370403,20350323,20371225,20130429,20190404,20250530,20180806,,20171225,20260106,20180425,20320426,20310101,20231226,20230518
20321228,20230422,20270101,20300205,20170605,20200601,20140501,20301225,20250101,20210524,20161006,20260815,20121205,20251231,20311127,20091128,20280126,20160324,20180510,20200915,20280907,20311127,,20341225,20341225,20291226,20180521,20270517,20301111,20361120,20310414,20180101,,20190620,20220415,20310101,20310101,20300429,20210625,20141001,20260525,20220415,20300128,20240618,20180911,20251226,20180402,20270914,20140114,20261225,20240501,20240625,20370101,20210629,20230828,20171208,20240101,20160725,20210405,20231208,20130821,20260612,20200101,20140613,20241118,20310224,20331226,20370406,20200907,20341225,20371225,20331226,20251124,20210401,20190422,20320210,20320607,20240329,20320322,20260907,20231225,20341208,20280807,20201225,20180613,20270914,20241002,20190101,20330103,20200506,20420407,20390408,20420407,20190419,20191231,20280501,20191007,20370406,20350326,20380101,20130503,20190405,20251006,20180903,,20171226,20260406,20180604,20320607,20310224,20240101,20230529
20330103,20230423,20270326,20300206,20170815,20201026,20140502,20301226,20250102,20210820,20161007,20260826,20121210,20260101,20311225,20091225,20280223,20160325,20180511,20201117,20281012,20311225,,20350101,20350101,20300101,20180605,20270606,20301128,20361218,20310425,20180319,,20191003,20220418,20310127,20310120,20300430,20211206,20141002,20260619,20220527,20300211,20240619,20181120,20251231,20180427,20270915,20140117,20270101,20240522,20240815,20370403,20210728,20231225,20171225,20240329,20160815,20210426,20231225,20130826,20260821,20200102,20141103,20241212,20310225,20340102,20370608,20201012,20350101,20380101,20340102,20251231,20210402,20190501,20320211,20320927,20240401,20320323,20261012,20231226,20341225,20280808,20201231,20180815,20270915,20241003,20190205,20330131,20200525,20420501,20390411,20420501,20190501,20200101,20280525,20191225,20370608,20350507,20380423,20130506,20190501,20251010,20181008,,20180101,20260501,20181022,20321025,20310225,20240401,20230801
20330126,20230627,20270329,20300415,20171225,20201225,20140620,20310101,20250124,20211101,20170102,20260914,20121231,20260102,20320101,20091228,20280403,20160509,20180521,20201224,20281102,20320101,,20350115,20350115,20300128,20181224,20270814,20301129,20370125,20310505,20180330,,20191224,20220526,20310226,20310121,20300501,20211224,20141225,20260701,20220620,20300311,20240715,20181224,20260101,20180501,20270916,20140131,20270122,20240530,20241031,20370406,20210729,20231226,20180101,20240401,20161012,20210614,20231226,20131015,20260831,20200410,20141104,20241225,20310411,20340116,20371225,20201111,20350115,20380118,20340116,20260101,20210405,20190508,20320326,20321227,20240501,20320923,20261102,20240101,20341226,20280809,20210101,20180924,20270916,20241004,20190206,20330201,20200907,20420526,20390530,20420526,20190620,20200106,20280605,20191226,20371225,20350509,20380426,20130715,20190607,20260101,20181112,,20180402,20260604,20181225,20321227,20310411,20240501,20231225
20330314,20230628,20270427,20300416,20171226,20201228,20140709,20310127,20250421,20211224,20170127,20261002,20130101,20260303,20320119,20100126,20280407,20160530,20180815,20201225,20281115,20320119,,20350219,20350219,20300311,20181225,20271130,20301225,20370126,20310609,20180402,,20191225,20220606,20310411,20310122,20300902,20220106,20141226,20261001,20220728,20300419,20240830,20181225,20260116,20180809,20271231,20140203,20270201,20240531,20241101,20370504,20210830,20240101,20180213,20240501,20161101,20210924,20240101,20131028,20261130,20200518,20150101,20250101,20310421,20340220,20371228,20201126,20350219,20380215,20340220,20260102,20210513,20190530,20321103,20321228,20240508,20321230,20261120,20240328,20350101,20281020,20210402,20180925,20271231,20241007,20190419,20330415,20200922,20421224,20391226,20421224,20190709,20200410,20280615,20200101,20371228,20350528,20390408,20130916,20190913,20260102,20181225,,20180501,20261111,20181226,20321228,20310421,20240530,20231226
20330415,20230629,20270506,20300423,20180101,20210101,20140818,20310411,20250501,20220314,20170130,20261020,20130225,20260406,20320216,20100212,20280414,20160606,20181101,20210101,20281130,20320216,,20350323,20350323,20300419,20181226,20271202,20310101,20370127,20310725,20180507,,20191226,20220801,20310414,20310123,20310101,20220415,20150101,20261019,20220729,20300422,20241029,20190101,20260217,20180924,20280126,20140501,20270208,20240617,20241225,20370525,20211008,20240329,20180330,20240509,20161109,20211102,20240401,20131101,20261208,20200624,20150102,20250203,20310501,20340407,20380101,20201225,20350323,20380423,20340407,20260112,20210517,20190610,20321104,20330103,20240705,20330102,20261225,20240329,20350326,20281225,20210521,20180926,20280126,20250101,20190501,20330502,20201224,20421225,20400330,20421225,20191115,20200413,20281003,20200127,20380101,20350827,20390411,20130923,20191010,20260212,20181226,,20180510,20261225,20190101,20330103,20310501,20240625,20240101
20330418,20230719,20270517,20300501,20180219,20210104,20141013,20310414,20250609,20220315,20170131,20261021,20130408,20260413,20320326,20100227,20280501,20160704,20181225,20210106,20281225,20320326,,20350528,20350528,20300422,20181231,20271225,20310120,20370210,20310804,20180604,,20191231,20220908,20310519,20310124,20310120,20220418,20150219,20261225,20220905,20300423,20250101,20190205,20260318,20181217,20280127,20140513,20270224,20240708,20241226,20370831,20211101,20240401,20180425,20240520,20161206,20211227,20240425,20131224,20261224,20200701,20150105,20250317,20310612,20340529,20380126,20210101,20350528,20380531,20340529,20260211,20210524,20190815,20321105,20330126,20241028,20330103,20261231,20240401,20350425,20281226,20210628,20181003,20280127,20250128,20190520,20330513,20201225,20421226,20400402,20421226,20191120,20200501,20281101,20200410,20380126,20351225,20391226,20131014,20191011,20260213,20190101,,20180521,20270101,20190102,20330104,20310612,20240805,20240102
20330425,20230927,20280414,20300715,20180406,20210201,20141106,20310425,20250815,20220415,20170201,20261026,20130415,20260414,20320531,20100301,20280815,20160720,20181226,20210402,20281229,20320531,,20350704,20350704,20300425,20190101,20280101,20310411,20370301,20311225,20180806,,20200101,20221226,20310616,20310127,20310121,20220526,20150220,20270101,20221111,20300425,20250331,20190403,20260319,20181225,20280128,20140715,20270310,20240916,20250101,20371225,20211208,20240506,20180501,20240815,20161208,20211228,20240501,20131225,20261225,20200907,20150106,20250417,20311225,20340704,20380423,20210118,20350704,20380705,20340704,20260223,20211224,20191101,20321110,20330307,20241224,20330310,20270101,20240425,20350501,20290101,20210716,20181009,20280128,20250129,20190605,20330809,20201228,20421231,20400501,20421231,20191225,20200521,20281225,20200413,20380423,20351226,20400330,20131104,20200101,20260216,20190218,,20180531,20270106,20190121,20330207,20311225,20240815,20240329
20330613,20231130,20280417,20300830,20180409,20210208,20141124,20310505,20251201,20220418,20170202,20261110,20130416,20260415,20320705,20100316,20280823,20160815,20190101,20210405,20290101,20320705,,20350903,20350903,20300527,20190418,20280226,20310526,20371108,20311226,20181029,,20200410,20230102,20310707,20310331,20310122,20220624,20150403,20270208,20221226,20300610,20250401,20190405,20260320,20181226,20280301,20140728,20270311,20240917,20250102,20371228,20220414,20240527,20180531,20241101,20161226,20220103,20240815,20131230,20261230,20201012,20150107,20250418,20320101,20340904,20380426,20210215,20350903,20380906,20340904,20260320,20220414,20191111,20321129,20330415,20241225,20330313,20270120,20240501,20350629,20290305,20210917,20181225,20280301,20250130,20190809,20331223,20201231,20430101,20400521,20430101,20191231,20200619,20281226,20200608,20380426,20360101,20400402,20131223,20200124,20260217,20190419,,20180815,20270329,20190206,20330415,20311231,20241008,20240401
20331003,20231202,20280427,20301029,20180501,20210402,20141208,20310813,20251225,20220606,20170403,20261127,20130501,20260501,20320906,20100324,20280927,20161017,20190419,20210705,20290212,20320906,,20351122,20351122,20300610,20190419,20280227,20310704,20371109,20320101,20181225,,20200413,20230407,20311110,20310401,20310123,20221206,20150406,20270209,20221227,20301024,20250423,20190419,20260323,20190101,20280412,20140729,20270517,20241031,20250421,20380101,20220415,20240826,20180613,20241225,20170106,20220126,20241101,20131231,20261231,20201111,20150108,20250501,20320209,20341123,20380427,20210531,20351122,20381125,20341123,20260429,20220415,20191225,20321208,20330418,20241226,20330314,20270208,20240509,20350815,20290312,20211011,20190101,20280412,20250131,20190812,20331226,20210101,20430327,20401224,20430327,20200101,20201224,20290101,20200803,20380427,20360411,20400501,20131231,20200127,20260218,20190520,,20181026,20270503,20190419,20330418,20320101,20241101,20240501
20331226,20231203,20280525,20310101,20180528,20210405,20141225,20311006,20251226,20221031,20170404,20261225,20130506,20260601,20321011,20100401,20281002,20161107,20190422,20210901,20290213,20321011,,20351225,20351225,20300805,20190422,20280228,20310901,20371110,20320126,20181226,,20200501,20230410,20311225,20310430,20310124,20221226,20150407,20270326,20230102,20301225,20250501,20190501,20260324,20190321,20280501,20140901,20270520,20241225,20250501,20380423,20220629,20241225,20180815,20241226,20170320,20220314,20241225,20140101,20270101,20201225,20150109,20250916,20320210,20341225,20380614,20210705,20351225,20381224,20341225,20260504,20220418,20191226,20330228,20330425,20250101,20330922,20270209,20240520,20351101,20290330,20211101,20190204,20280501,20250203,20191028,20340102,20210303,20430330,20401225,20430330,20200224,20201225,20290330,20201005,20380614,20360414,20401225,20140101,20200128,20260219,20190701,,20181101,20270527,20190422,20330425,20320209,20241225,20240509
20331227,20240101,20280605,20310124,20180815,20210426,20141226,20311225,20260101,20221101,20170501,20270115,20130524,20260701,20321111,20100402,20281019,20161114,20190501,20210915,20290330,20321111,,20360101,20360101,20301007,20190517,20280504,20311111,20371217,20320326,20181227,,20200521,20230501,20311226,20310501,20310127,20230106,20150501,20270329,20230407,20301226,20250519,20190530,20260403,20190419,20280502,20140916,20270607,20250101,20250502,20380426,20220728,20241226,20181005,20250101,20170413,20220415,20241226,20140131,20270310,20201228,20150223,20251117,20320326,20350101,20381227,20210906,20360101,20390117,20350101,20260505,20220517,20200101,20330301,20330606,20250418,20331222,20270326,20240617,20351225,20290402,20211208,20190205,20280502,20250404,20191225,20340220,20210430,20430501,20401226,20430501,20200225,20201231,20290402,20201225,20381227,20360505,20401226,20140102,20200129,20260220,20190805,,20181224,20271101,20190425,20330606,20320210,20241226,20240520
20340102,20240208,20281225,20310402,20181225,20210607,20141231,20311226,20260102,20221226,20170529,20270126,20130701,20260728,20321125,20100414,20281102,20161208,20190530,20211101,20290501,20321125,,20360121,20360121,20301225,20190530,20280506,20311127,20380117,20320329,20190101,,20200601,20230518,20320101,20310502,20310331,20230407,20150525,20270405,20230526,20310101,20250606,20190604,20260417,20190422,20280505,20141006,20270816,20250129,20250625,20380503,20220729,20250101,20181101,20250418,20170414,20220418,20250101,20140409,20270325,20210101,20150309,20251212,20320421,20350115,20381228,20211011,20360121,20390221,20350115,20260506,20220526,20200410,20330302,20330926,20250421,20331225,20270421,20240805,20351226,20290521,20211231,20190206,20280505,20250501,20200101,20340221,20210503,20431224,20401231,20431224,20200410,20210101,20290501,20201228,20381228,20360509,20410101,20140103,20200228,20260227,20190902,,20181225,20271111,20190603,20331024,20320326,20250101,20240801
20340126,20240410,20281226,20310403,20181226,20211025,20150101,20320101,20260413,20230315,20170530,20270306,20130722,20260729,20321224,20100501,20281225,20161230,20190531,20211117,20290531,20321224,,20360218,20360218,20301226,20190531,20280525,20311128,20380118,20320426,20190318,,20200611,20230529,20320126,20310901,20310401,20230410,20150701,20270513,20230619,20310127,20250609,20190605,20260501,20190501,20280606,20141022,20270831,20250130,20250815,20380531,20220830,20250418,20181224,20250421,20170501,20220425,20250106,20140417,20270326,20210104,20150501,20251225,20320527,20350219,20390103,20211111,20360218,20390408,20350219,20260720,20220606,20200413,20330415,20331226,20250501,20331226,20270423,20241224,20360101,20290702,20220415,20190301,20280606,20250502,20200127,20340301,20210506,20431225,20410101,20431225,20200421,20210106,20290510,20210101,20390103,20360526,20410419,20140113,20200402,20260403,20191014,,20181226,20280106,20191028,20331226,20320421,20250106,20241225
20340313,20240411,20290101,20310404,20190101,20211227,20150216,20320126,20260501,20230407,20171002,20270310,20130812,20260812,20330117,20100527,20290126,20170109,20190610,20211224,20290907,20330117,,20360411,20360411,20310101,20190605,20280803,20311225,20380119,20320503,20190419,,20201224,20230801,20320211,20310902,20310430,20230501,20150903,20270609,20230803,20310210,20250715,20190606,20260514,20190617,20280815,20141225,20270916,20250317,20251031,20380830,20221101,20250421,20181225,20250501,20170502,20220613,20250421,20140418,20270409,20210402,20150504,20260101,20320907,20350323,20390126,20211125,20360411,20390530,20350323,20260811,20221226,20200501,20330502,20331227,20250508,20340228,20270527,20241225,20360414,20290806,20220627,20190501,20280815,20250602,20200410,20340407,20210524,20431231,20410419,20431231,20200501,20210402,20290521,20210126,20390126,20360825,20410422,20140211,20200403,20260406,20191111,,20190101,20280417,20191225,20331227,20320527,20250421,20241226
20340407,20240615,20290330,20310423,20190311,20211228,20150217,20320326,20260601,20230410,20171003,20270326,20131023,20261013,20330221,20100819,20290215,20170320,20190815,20220106,20291012,20330221,,20360526,20360526,20310127,20190610,20281130,20320101,20380120,20320614,20190422,,20201225,20230907,20320326,20320101,20310501,20230518,20150928,20270701,20230804,20310310,20251029,20190607,20260527,20190809,20281002,20150101,20271028,20250331,20251225,20381227,20221208,20250505,20190101,20250529,20170515,20220923,20250425,20140501,20270517,20210524,20150511,20260202,20321012,20350528,20390408,20220117,20360526,20390704,20350528,20260921,20230406,20200508,20331103,20340102,20251028,20340301,20270907,20241226,20360425,20290807,20220815,20190506,20281002,20251001,20200501,20340501,20210906,20440101,20410422,20440101,20200611,20210405,20290531,20210402,20390408,20361225,20410501,20140321,20200501,20260501,20191225,,20190422,20280501,20191226,20340102,20320907,20250501,20250101
20340410,20240616,20290402,20310501,20190325,20220103,20150323,20320329,20261130,20230501,20171004,20270401,20131205,20261023,20330415,20100910,20290301,20170413,20191101,20220415,20291102,20330415,,20360704,20360704,20310310,20191224,20281202,20320119,20380121,20320723,20190506,,20201231,20231225,20320329,20320102,20310502,20230623,20151001,20270916,20230904,20310411,20260101,20191225,20260601,20190924,20281003,20150202,20280126,20250401,20251226,20381228,20230406,20250526,20190305,20250609,20170815,20221101,20250501,20140612,20270830,20210624,20150612,20260316,20321102,20350704,20390411,20220221,20360704,20390905,20350704,20260922,20230407,20200521,20331104,20340126,20251117,20340302,20271012,20250101,20360501,20290808,20220919,20190606,20281003,20251002,20200507,20340601,20210922,20440415,20410501,20440415,20200709,20210513,20291003,20210405,20390411,20361226,20411225,20140429,20200625,20260619,20191226,,20190501,20280503,20200101,20340103,20321012,20250619,20250102
20340425,20240617,20290427,20310519,20190426,20220104,20150324,20320426,20261201,20230529,20171005,20270407,20131210,20261207,20330530,20100911,20290330,20170414,20191111,20220418,20291115,20330530,,20360901,20360901,20310411,20191225,20281203,20320326,20380209,20320802,20190603,,20210101,20231226,20320517,20320209,20310901,20231206,20151021,20271001,20231113,20310414,20260320,20191226,20260616,20191216,20281004,20150203,20280127,20250501,20260101,20390103,20230407,20250825,20190419,20250623,20171012,20221226,20250602,20140716,20271101,20210701,20151104,20260402,20321115,20350903,20390425,20220530,20360901,20391124,20350903,20260923,20230410,20200601,20331110,20340306,20251224,20340924,20271102,20250417,20360602,20291022,20221010,20190815,20281004,20251003,20200525,20340809,20211224,20440418,20410610,20440418,20200907,20210625,20291101,20210426,20390425,20370101,20411226,20140505,20200626,20260925,20200101,,20190530,20280615,20200102,20340206,20321102,20250625,20250418
20340612,20240707,20290510,20310715,20190429,20220131,20150402,20320503,20261225,20231023,20171006,20270414,20131230,20261210,20330704,20100930,20290423,20170501,20191225,20220705,20291130,20330704,,20361127,20361127,20310414,20191226,20281214,20320531,20380307,20321227,20190805,,20210402,20240101,20320614,20320210,20310902,20231225,20151225,20271008,20231225,20310415,20260423,20200101,20260817,20191225,20281005,20150219,20280201,20250512,20260102,20390408,20230501,20251225,20190425,20250815,20171101,20221227,20250815,20140729,20271130,20210906,20160101,20260403,20330228,20351122,20390613,20220704,20361127,20391226,20351122,20261012,20230501,20200714,20331128,20340407,20251225,20341211,20271115,20250418,20360815,20291225,20221031,20190912,20281005,20251006,20200731,20341109,20211227,20441226,20411224,20441226,20201012,20211224,20291224,20210614,20390613,20370403,20420101,20140506,20201001,20261009,20200217,,20190610,20280815,20200120,20340407,20321115,20250805,20250421
20341002,20240915,20290521,20311029,20190501,20220207,20150403,20320811,20270101,20231101,20180101,20270501,20131231,20261231,20330905,20101002,20290425,20170529,20191226,20220829,20291225,20330905,,20361225,20361225,20310425,20191231,20290101,20320705,20381031,20321228,20191028,,20210405,20240102,20320705,20320211,20320101,20231226,20160101,20271227,20231226,20310425,20260501,20200325,20260825,20191226,20281009,20150220,20280209,20250530,20260406,20390411,20230629,20251226,20190501,20251225,20171109,20230102,20251208,20140821,20271208,20211011,20160104,20260501,20330301,20351225,20391226,20220905,20361225,20400102,20351225,20261103,20230517,20201111,20331208,20340410,20251226,20341212,20271231,20250421,20361208,20291226,20221101,20190913,20281009,20251007,20200810,20341212,20211228,20450407,20411225,20450407,20201102,20211231,20291225,20210802,20391226,20370406,20420404,20140721,20201002,20270101,20200410,,20190620,20281101,20200206,20340410,20321231,20250815,20250501
20341225,20241130,20291225,20320101,20190617,20220415,20150501,20321004,20270503,20231225,20180215,20270517,20140101,20270101,20331010,20101105,20290426,20170619,20200101,20220901,20291231,20331010,,20370101,20370101,20310602,20200101,20290214,20320906,20381101,20330103,20191225,,20210513,20240329,20321115,20320212,20320102,20240101,20160208,20280126,20240101,20310609,20260519,20200410,20261225,20200101,20281225,20150501,20280214,20250606,20260427,20390502,20230728,20260101,20190610,20251226,20171206,20230126,20251225,20140825,20271224,20211111,20160105,20260916,20330415,20360101,20391227,20221010,20370101,20400116,20360101,20261123,20230518,20201225,20331226,20340425,20260101,20341213,20280120,20250424,20361225,20300101,20221208,20191003,20281225,20251008,20201225,20341225,20211231,20450410,20411226,20450410,20201120,20220106,20291226,20211004,20391227,20370504,20420407,20140915,20201009,20270203,20200518,,20190815,20281225,20200410,20340425,20330228,20251008,20250529
20341226,20241202,20291226,20320114,20190815,20220418,20150525,20321227,20270601,20231226,20180216,20270616,20140214,20270222,20331111,20101117,20290501,20170626,20200410,20220915,20300101,20331111,,20370119,20370119,20310609,20200409,20290215,20321102,20381102,20330126,20191226,,20210524,20240401,20321227,20320213,20320209,20240329,20160209,20280127,20240329,20311023,20260527,20200501,20261231,20200410,20281229,20150504,20280228,20250627,20260501,20390530,20230830,20260403,20190613,20260101,20171208,20230313,20251226,20140919,20271230,20211227,20160106,20261102,20330421,20360121,20400102,20221111,20370119,20400220,20360121,20261231,20230529,20210101,20340102,20340605,20260403,20350215,20280228,20250501,20361226,20300304,20230102,20191009,20281229,20260101,20210101,20350101,20220103,20450501,20411231,20450501,20201225,20220415,20291231,20211227,20400102,20370525,20420501,20140923,20210101,20270204,20200701,,20191101,20281226,20200413,20340605,20330301,20251225,20250609
20350101,20241203,20300101,20320115,20191028,20220425,20150709,20321228,20270621,20240101,20180219,20270904,20140407,20270406,20331124,20101217,20290525,20170703,20200413,20221101,20300304,20331124,,20370216,20370216,20310804,20200410,20290423,20321111,20381219,20330415,20191227,,20210603,20240501,20321228,20320419,20320210,20240401,20160210,20280128,20240531,20311225,20260528,20200507,20270101,20200413,20290101,20150717,20280229,20250901,20260625,20390829,20231101,20260406,20190620,20260403,20171225,20230407,20260101,20141006,20271231,20211228,20160107,20261116,20330616,20360218,20400126,20221124,20370216,20400330,20360218,20270101,20231225,20210402,20340109,20340925,20260406,20350218,20280229,20250529,20370101,20300311,20230407,20191225,20290101,20260102,20210212,20350208,20220303,20450529,20420101,20450529,20201231,20220418,20300101,20211228,20400126,20370831,20421225,20141013,20210211,20270205,20200803,,20191224,20290101,20200427,20341023,20330415,20251226,20250801
20350126,20250101,20300419,20320116,20191225,20220606,20150817,20330103,20271130,20240315,20180220,20270929,20140414,20270413,20331226,20101225,20290815,20170720,20200501,20221117,20300305,20331226,,20370403,20370403,20311006,20200413,20290424,20321125,20390105,20330418,20200101,,20211224,20240509,20330103,20320430,20320211,20240501,20160325,20280404,20240617,20311226,20260529,20200521,20270105,20200427,20290212,20150831,20280501,20250905,20261225,20391226,20231208,20260504,20190815,20260406,20180101,20230410,20260106,20141208,20280126,20220103,20160108,20261225,20330907,20360411,20400330,20221226,20370403,20400528,20360411,20270111,20231226,20210405,20340220,20341225,20260501,20350219,20280414,20250609,20370106,20300419,20230501,20200101,20290212,20260216,20210402,20350209,20220422,20451225,20420404,20451225,20210101,20220526,20300419,20220103,20400330,20371225,20421226,20141103,20210212,20270208,20200907,,20191225,20290402,20200601,20341225,20330421,20260101,20251225
20350312,20250127,20300422,20320322,20191226,20221024,20151012,20330126,20271201,20240329,20180221,20271002,20140415,20270414,20340102,20110126,20290911,20170807,20200521,20221226,20300419,20340102,,20370525,20370525,20311225,20200508,20290425,20321126,20390106,20330425,20200317,,20211231,20240520,20330124,20320503,20320212,20240509,20160328,20280414,20240801,20320101,20260715,20200525,20270309,20200501,20290213,20150916,20280505,20250916,20270101,20391227,20231225,20260525,20191101,20260501,20180329,20230425,20260406,20141224,20280228,20220104,20160222,20270101,20331012,20360526,20400402,20230102,20370525,20400704,20360526,20270211,20240101,20210513,20340221,20341226,20260508,20350923,20280421,20250617,20370406,20300422,20230626,20200124,20290213,20260217,20210513,20350219,20220425,20451226,20420407,20451226,20210125,20220606,20300422,20220126,20400402,20371228,20430101,20141124,20210215,20270209,20201012,,20191226,20290501,20201026,20341226,20330616,20260106,20251226
20350323,20250330,20300530,20320323,20200101,20221226,20151106,20330415,20280124,20240401,20180405,20271015,20140501,20270415,20340116,20110216,20291002,20170821,20200522,20230106,20300501,20340116,,20370703,20370703,20311226,20200521,20290514,20321224,20390208,20330502,20200410,,20220415,20240801,20330302,20320902,20320213,20240621,20160404,20280417,20240802,20320126,20261029,20200526,20270310,20200616,20290214,20150924,20280509,20251020,20270208,20400102,20240101,20260831,20191224,20260514,20180330,20230612,20260501,20141225,20280413,20220415,20160223,20270201,20331102,20360704,20400425,20230116,20370703,20400903,20360704,20270223,20240328,20210524,20340222,20350101,20260706,20351129,20280501,20250804,20370501,20300610,20230815,20200127,20290214,20260218,20210526,20350323,20220502,20460101,20420501,20460101,20210215,20220624,20300501,20220415,20400425,20380101,20430327,20141223,20210216,20270210,20201111,,20200101,20290503,20201225,20350101,20330907,20260406,20260101
20350326,20250331,20300610,20320324,20200106,20221227,20151127,20330418,20280417,20240501,20180406,20271028,20140505,20270503,20340220,20110219,20291016,20171016,20200601,20230407,20300620,20340220,,20370907,20370907,20320101,20200522,20290724,20321231,20390306,20330613,20200413,,20220418,20240905,20330415,20320903,20320419,20241206,20160502,20280501,20240902,20320209,20270101,20200527,20270311,20200810,20290301,20151014,20280526,20251225,20270329,20400330,20240328,20261225,20191225,20260525,20180501,20230929,20260602,20141226,20280414,20220523,20160307,20270315,20331115,20360901,20400611,20230220,20370907,20401122,20360901,20270322,20240329,20210714,20340407,20350126,20260928,20351202,20280615,20251224,20370602,20300701,20230918,20200415,20290301,20260219,20210720,20350501,20220506,20460323,20420526,20460323,20210216,20221226,20300530,20220418,20400611,20380423,20430330,20141231,20210301,20270301,20201225,,20200106,20290531,20201228,20350102,20331012,20260501,20260102
20350425,20250401,20301225,20320325,20200302,20230102,20151207,20330425,20280501,20240520,20180430,20271030,20140513,20270520,20340529,20110302,20291107,20171106,20200721,20230410,20301115,20340529,,20371126,20371126,20320126,20200601,20291202,20330117,20391019,20330722,20200504,,20220526,20241225,20330418,20330103,20320430,20241224,20160609,20280502,20241111,20320308,20270310,20200601,20270312,20200924,20290501,20151110,20280803,20260101,20270427,20400402,20240329,20261228,20200101,20260623,20180502,20231107,20261208,20141230,20280501,20220624,20160308,20270325,20340220,20361127,20401225,20230529,20371126,20401225,20361127,20270429,20240401,20211101,20340501,20350305,20261028,20351203,20280907,20251225,20370629,20300805,20230919,20200430,20290501,20260220,20210809,20350522,20220524,20460326,20421224,20460326,20210402,20230106,20300610,20220425,20401225,20380426,20430501,20150101,20210405,20270405,20201228,,20200413,20290815,20210101,20350206,20331102,20260604,20260403
20350611,20250605,20301226,20320423,20200325,20230103,20151208,20330502,20280601,20240819,20180501,20271101,20140701,20270701,20340704,20110401,20291120,20171113,20201111,20230501,20301225,20340704,,20371225,20371225,20320308,20200605,20291203,20330415,20391020,20330801,20200601,,20220606,20241226,20330516,20330131,20320503,20241225,20160701,20280529,20241225,20320326,20270311,20200731,20270326,20201216,20290507,20151224,20280831,20260202,20270625,20400507,20240501,20270101,20200225,20261225,20180515,20231225,20261225,20141231,20280505,20220701,20160502,20270326,20340221,20361225,20401226,20230704,20371225,20410101,20361225,20270503,20240501,20211111,20341103,20350323,20261117,20360206,20281012,20251226,20371208,20300806,20231009,20200501,20290507,20260406,20211104,20350809,20220906,20460501,20421225,20460501,20210421,20230407,20300620,20220613,20401226,20380503,20431225,20150102,20210406,20270406,20210101,,20200501,20291101,20210104,20350323,20331115,20260622,20260406
20351001,20250607,20310101,20320519,20200417,20230130,20151225,20330810,20280605,20240820,20180618,20271116,20140711,20270719,20340904,20110404,20291225,20171208,20201225,20230508,20301231,20340904,,20380101,20380101,20320326,20201224,20300101,20330530,20391218,20331226,20200803,,20220616,20241231,20330613,20330201,20320902,20241226,20160916,20281002,20241226,20320329,20270312,20200817,20270407,20201225,20290606,20151225,20281017,20260217,20271101,20400528,20240729,20270326,20200410,20270101,20180815,20231226,20270101,20150101,20280508,20220905,20160503,20270916,20340407,20370101,20410101,20230904,20380101,20410121,20370101,20270504,20240509,20220415,20341106,20350326,20261224,20360207,20281102,20260101,20371225,20300807,20231027,20200505,20290606,20260501,20220201,20351030,20220922,20461224,20421226,20461224,20210603,20230410,20301003,20220801,20410101,20380531,20440101,20150112,20210430,20270430,20210215,,20200521,20291225,20210125,20350326,20331230,20260625,20260501
20351225,20250626,20310411,20320715,20200420,20230206,20160101,20331003,20280815,20241023,20180924,20280115,20140811,20270728,20341009,20110412,20300205,20171225,20210101,20230705,20310101,20341009,,20380118,20380118,20320329,20201225,20300204,20330704,20391225,20331227,20201026,,20221003,20250101,20330704,20330202,20320903,20250101,20161010,20281004,20250101,20320330,20270423,20200820,20270506,20210101,20290815,20160101,20281225,20260218,20280208,20400827,20240830,20270329,20200501,20270326,20181012,20240101,20270106,20150102,20280612,20221010,20160509,20271102,20340421,20370119,20410128,20231009,20380118,20410218,20370119,20270505,20240517,20220418,20341110,20350425,20261225,20360210,20281115,20260402,20380101,20301021,20231101,20200930,20290815,20260619,20220202,20351225,20221226,20461225,20421231,20461225,20210709,20230501,20301101,20221003,20410128,20380830,20440415,20150211,20210614,20270609,20210402,,20200601,20291226,20210208,20350425,20340220,20260805,20260514
20351226,20250904,20310414,20320830,20200501,20230407,20160208,20331226,20281130,20241101,20181001,20280126,20140812,20270812,20341123,20110414,20300320,20171229,20210402,20230829,20310224,20341123,,20380215,20380215,20320426,20201231,20300205,20330905,20391226,20340102,20201225,,20221226,20250102,20331114,20330203,20330103,20250106,20161226,20281026,20250418,20320614,20270517,20201029,20270517,20210322,20290921,20160125,20290101,20260320,20280417,20401225,20241008,20270503,20200610,20270329,20181101,20240126,20270329,20150115,20280821,20221111,20160613,20271115,20340501,20370216,20410419,20231123,20380215,20410419,20370216,20270719,20240520,20220526,20341128,20350604,20270101,20360923,20281120,20260403,20380106,20301225,20231208,20201001,20290921,20260925,20220415,20360101,20221227,20461226,20430101,20461226,20210907,20230518,20301224,20221226,20410419,20381227,20440418,20150429,20210920,20270915,20210524,,20200611,20300101,20210402,20350604,20340221,20261008,20260525
20360101,20251130,20310522,20321029,20200608,20230410,20160209,20331227,20281201,20241224,20181002,20280223,20141023,20271013,20341225,20110416,20300412,20180101,20210405,20230901,20310225,20341225,,20380423,20380423,20320531,20210101,20300206,20331111,20391227,20340126,20201228,,20230407,20250418,20331226,20330204,20330131,20250418,20161227,20281225,20250530,20321021,20270518,20201225,20270520,20210402,20290924,20160201,20290130,20260501,20280427,20401226,20241101,20270531,20200611,20270506,20181109,20240311,20270602,20150116,20280828,20221226,20161104,20280207,20340608,20370403,20410422,20231225,20380423,20410527,20370403,20270811,20241224,20220606,20341208,20350924,20270326,20361118,20281225,20260406,20380426,20301226,20231225,20201002,20290924,20261001,20220502,20360128,20221228,20461231,20430327,20461231,20211012,20230606,20301225,20221227,20410422,20381228,20441226,20150504,20210921,20271011,20210701,,20201026,20300422,20210405,20351022,20340407,20261225,20261225
20360128,20251202,20310602,20330103,20201028,20230425,20160324,20340102,20281225,20241225,20181003,20280327,20141205,20271025,20350101,20110422,20300416,20180108,20210513,20230915,20310411,20350101,,20380531,20380531,20320614,20210401,20300413,20331124,20400214,20340407,20201229,,20230410,20250421,20331227,20330411,20330201,20250421,20170102,20281226,20250616,20321227,20270519,20210101,20270601,20210405,20291003,20160208,20290201,20260527,20280501,20410101,20241225,20270830,20201005,20270517,20181206,20240329,20271101,20150219,20281030,20221227,20170102,20280320,20340907,20370525,20410425,20240101,20380531,20410704,20370525,20270920,20241225,20220714,20341225,20351225,20270329,20361119,20281229,20260423,20380602,20310101,20240101,20201009,20291003,20261002,20220516,20360129,20230102,20470101,20430330,20470101,20211102,20230623,20301226,20230102,20410425,20390103,20450407,20150505,20211011,20271231,20210802,,20201208,20300501,20210426,20351225,20340421,20270101,20270101
20360310,20251203,20311225,20330104,20201225,20230605,20160325,20340126,20281226,20241226,20181004,20280401,20141210,20271206,20350115,20110517,20300419,20180319,20210514,20231101,20310421,20350115,,20380705,20380705,20320802,20210402,20300414,20331125,20400304,20340410,20210101,,20230501,20250501,20340102,20330502,20330202,20250501,20170130,20290101,20250731,20321228,20270715,20210212,20270817,20210427,20291009,20160209,20290202,20260601,20280502,20410419,20250101,20271227,20201201,20270623,20181225,20240401,20271208,20150402,20281101,20230102,20170103,20280413,20341012,20370703,20410610,20240115,20380705,20410902,20370703,20270923,20241226,20220815,20350101,20351226,20270705,20361120,20290101,20260501,20380629,20310303,20240329,20201225,20291009,20261005,20220809,20360208,20230303,20470412,20430501,20470412,20211115,20231225,20301231,20230126,20410610,20390408,20450410,20150506,20211231,20280120,20210906,,20201224,20300503,20210607,20351226,20340501,20270106,20270326
20360411,20260101,20311226,20330311,20210101,20231023,20160525,20340407,20290101,20241227,20181005,20280407,20141231,20271210,20350219,20110815,20300501,20180329,20210524,20231117,20310501,20350219,,20380906,20380906,20321004,20210405,20300504,20331226,20401007,20340425,20210317,,20230518,20250529,20340123,20330503,20330203,20250529,20170131,20290213,20250801,20330103,20270830,20210311,20271224,20210616,20291225,20160502,20290213,20260616,20280815,20410422,20250417,20271228,20201208,20271101,20190101,20240425,20280106,20150403,20281130,20230103,20170104,20280414,20341102,20370907,20411225,20240219,20380906,20411128,20370907,20271011,20250101,20221101,20350109,20360101,20270706,20370125,20290212,20260514,20381101,20310310,20240501,20210101,20291225,20261006,20221024,20360411,20230414,20470415,20430518,20470415,20211231,20231226,20310101,20230407,20411225,20390411,20450501,20150720,20220131,20280121,20211011,,20201225,20300620,20211025,20360101,20340608,20270329,20270329
20360414,20260321,20320101,20330314,20210106,20231225,20160620,20340410,20290102,20250101,20181231,20280414,20150101,20271231,20350323,20110819,20300514,20180330,20210721,20231225,20310612,20350323,,20381125,20381125,20321227,20210430,20300713,20340102,20401008,20340501,20210402,,20230529,20250609,20340222,20330902,20330204,20250620,20170404,20290214,20250901,20330126,20271029,20210315,20271231,20210809,20291231,20160622,20290214,20260825,20281031,20410506,20250418,20280103,20201224,20280414,20190107,20240610,20280417,20150409,20281208,20230407,20170105,20280501,20341115,20371126,20411226,20240527,20381125,20411225,20371126,20271103,20250417,20221111,20350205,20360128,20270928,20370126,20290213,20260525,20381208,20310411,20240521,20210211,20291231,20261007,20221226,20360501,20230417,20470501,20431224,20470501,20220125,20240101,20310106,20230410,20411226,20390502,20451225,20150921,20220201,20280124,20211111,,20210101,20300815,20211227,20360102,20340907,20270527,20270506
20360425,20260322,20320326,20330519,20210315,20231226,20160708,20340425,20290124,20250418,20190101,20280427,20150102,20280103,20350528,20110831,20300815,20180501,20211101,20231226,20311225,20350528,,20381224,20381224,20321228,20210513,20301123,20340116,20401009,20340612,20210405,,20230608,20250801,20340407,20340102,20330411,20251224,20170414,20290215,20251111,20330214,20280228,20210402,20280126,20210924,20300101,20160706,20290215,20260831,20281101,20410527,20250501,20280414,20201225,20280417,20190318,20240927,20280425,20150501,20281225,20230522,20170106,20281102,20341225,20371225,20420101,20240704,20381224,20420101,20371225,20271123,20250418,20221226,20350206,20360303,20271028,20370127,20290330,20260617,20390106,20310414,20240716,20210212,20300101,20270101,20230102,20361119,20230501,20471224,20431225,20471224,20220228,20240329,20310411,20230425,20420101,20390509,20451226,20150922,20220202,20280125,20211227,,20210106,20301101,20211228,20360206,20341012,20270622,20270517
20360609,20260526,20320329,20330715,20210325,20240101,20160815,20340501,20290409,20250421,20190204,20280501,20150304,20280210,20350704,20110901,20301002,20180514,20211111,20240101,20311231,20350704,,20390117,20390117,20330103,20210514,20301130,20340407,20401213,20340728,20210503,,20231003,20250911,20340410,20340220,20330502,20251225,20170417,20290330,20251225,20330314,20280229,20210512,20280228,20211216,20300204,20160707,20290216,20260916,20281225,20410826,20250728,20280417,20210101,20280501,20190418,20241105,20280501,20150612,20290101,20230626,20170109,20281120,20350101,20380101,20420127,20240902,20390117,20420120,20380101,20271231,20250421,20230407,20350207,20360411,20271117,20370923,20290423,20260803,20390411,20310602,20240815,20210301,20300204,20270205,20230123,20361225,20230508,20471225,20431231,20471225,20220301,20240401,20310414,20230612,20420127,20390530,20460101,20150923,20220203,20280126,20211228,,20210405,20301111,20220103,20360411,20341102,20270625,20280414
20361006,20260527,20320427,20330830,20210430,20240102,20161010,20340816,20290501,20250501,20190205,20280506,20150406,20280406,20350903,20110930,20301225,20180604,20220415,20240329,20320101,20350903,,20390221,20390221,20330126,20210524,20301202,20340529,20401216,20340807,20210607,,20231225,20251225,20340515,20340221,20330503,20251226,20170501,20290402,20251226,20330415,20280501,20210513,20280229,20211227,20300205,20160831,20290424,20261109,20281226,20411225,20250729,20280501,20210216,20280525,20190419,20241225,20280602,20150717,20290213,20230703,20170223,20281212,20350205,20380118,20420404,20241014,20390221,20420217,20380118,20280103,20250501,20230410,20350323,20360414,20271224,20371105,20290501,20261224,20390425,20310630,20240918,20210505,20300205,20270208,20230124,20370101,20230524,20471226,20440101,20471226,20220415,20240501,20310501,20230807,20420404,20390829,20460323,20151012,20220204,20280127,20220103,,20210513,20301225,20220104,20360414,20341115,20270805,20280417
20361225,20260528,20320506,20331223,20210503,20240129,20161128,20341002,20290528,20250502,20190206,20280804,20150413,20280413,20351008,20111006,20310220,20180611,20220418,20240401,20320209,20351008,,20390408,20390408,20330314,20211224,20301203,20340704,20401217,20341225,20210802,,20231226,20251226,20340619,20340222,20330902,20260101,20170503,20290404,20260101,20330418,20280505,20210514,20280301,20220321,20300301,20160912,20290501,20261225,20290101,20411226,20251008,20280529,20210402,20280605,20190501,20241226,20280815,20150821,20290215,20230904,20170308,20281225,20350206,20380215,20420407,20241111,20390408,20420404,20380215,20280110,20250529,20230501,20350501,20360425,20280414,20371108,20290531,20261225,20390602,20310804,20240919,20210519,20300301,20270209,20230407,20370127,20230906,20471231,20440415,20471231,20220421,20240509,20310522,20231002,20420407,20391226,20460326,20151103,20220228,20280128,20220221,,20210524,20301226,20220124,20360425,20341225,20271008,20280501
20361226,20260616,20320517,20340301,20210621,20240206,20161208,20341225,20290601,20250609,20190207,20280815,20150414,20280414,20351112,20111026,20310401,20180702,20220526,20240501,20320210,20351112,,20390530,20390530,20330415,20211231,20310101,20340904,20401218,20341226,20211025,,20240101,20251231,20340703,20340223,20340102,20260106,20170530,20290501,20260403,20330419,20280508,20210526,20280327,20220415,20300501,20160916,20290515,20270101,20290102,20420101,20251208,20280828,20210603,20280623,20190502,20250101,20281101,20150831,20290329,20231009,20170501,20290101,20350323,20380423,20420425,20241128,20390530,20420526,20380423,20280211,20250609,20230508,20351105,20360602,20280417,20371109,20290907,20270101,20390629,20310805,20240920,20210920,20300501,20270210,20230421,20370216,20230922,20480101,20440418,20480101,20220616,20240606,20310602,20231225,20420425,20391227,20460501,20151123,20220404,20280228,20220415,,20210603,20310101,20220207,20360602,20341229,20271101,20280525
20370101,20260825,20330415,20340302,20211028,20240329,20161209,20341226,20290815,20250820,20190208,20280823,20150415,20280501,20351122,20111027,20310403,20180720,20220527,20240508,20320326,20351122,,20390704,20390704,20330418,20220414,20310125,20341107,20410212,20350101,20211227,,20240329,20260101,20341113,20340224,20340220,20260403,20171002,20290521,20260529,20330425,20280519,20210601,20280414,20220418,20300506,20161003,20290528,20270201,20290208,20420404,20251225,20281225,20210610,20280815,20190515,20250127,20281208,20150925,20290330,20231113,20170502,20290205,20350501,20380531,20420609,20241225,20390704,20420704,20380531,20280223,20251224,20230518,20351128,20360929,20280501,20380114,20291012,20270325,20390815,20310806,20241031,20210921,20300506,20270211,20230501,20370217,20231225,20480403,20440606,20480403,20220907,20240621,20310612,20231226,20420609,20400102,20461225,20151223,20220405,20280403,20220523,,20211026,20310106,20220415,20361027,20350101,20280106,20280605
20370126,20261130,20330418,20340303,20220106,20240401,20170227,20350101,20291130,20251023,20190405,20280918,20150501,20280508,20351225,20111107,20310411,20180807,20220606,20240705,20320421,20351225,,20390905,20390905,20330425,20220415,20310126,20341110,20410303,20350126,20211228,,20240401,20260102,20341225,20340428,20340221,20260406,20171005,20290702,20260615,20330613,20280830,20210719,20280501,20220427,20300509,20161212,20290724,20270208,20290402,20420407,20260101,20281226,20211005,20281101,20190815,20250310,20281225,20151118,20290409,20231225,20170508,20290319,20350524,20380705,20421225,20250101,20390905,20420901,20380705,20280320,20251225,20230529,20351225,20361225,20280508,20380117,20291102,20270326,20391101,20311020,20241101,20210922,20300509,20270405,20230602,20370403,20231226,20480406,20441226,20480406,20221012,20241224,20311003,20240101,20421225,20400330,20461226,20151231,20220502,20280404,20220701,,20211101,20310414,20220418,20361225,20350205,20280417,20280801
20370309,20261202,20330427,20340501,20220307,20240425,20170228,20350126,20291225,20251024,20190501,20280927,20150504,20280706,20360101,20111110,20310414,20180820,20220721,20240829,20320527,20360101,,20391124,20391124,20330530,20220418,20310401,20341123,20410926,20350323,20211229,,20240501,20260403,20341226,20340501,20340222,20260501,20171225,20291001,20260730,20331020,20290101,20210720,20280505,20220502,20300606,20161226,20290831,20270224,20290427,20420505,20260102,20290101,20211101,20281225,20191101,20250418,20281226,20151119,20290424,20231226,20170509,20290329,20350907,20380906,20421226,20250120,20391124,20421127,20380906,20280503,20251226,20230714,20360101,20361226,20280705,20380118,20291115,20270329,20391208,20311225,20241225,20220131,20300606,20270503,20230628,20370501,20231227,20480501,20450407,20480501,20221102,20241225,20311224,20240126,20421226,20400402,20470101,20160101,20220603,20280501,20220801,,20211208,20310501,20220425,20361226,20350206,20280501,20281225
20370403,20261203,20330526,20340519,20220325,20240603,20170324,20350323,20291226,20251224,20190607,20281002,20150505,20280728,20360121,20111206,20310501,20181015,20220815,20241101,20320907,20360121,,20391226,20391226,20330613,20220513,20310402,20341124,20410929,20350326,20220103,,20240509,20260406,20350101,20340502,20340223,20260514,20171226,20291016,20260731,20331226,20290215,20210810,20280509,20220616,20300612,20170102,20290917,20270310,20290501,20420526,20260402,20290330,20211201,20281226,20191206,20250421,20290101,20151130,20290501,20240101,20170612,20290330,20351012,20381125,20430101,20250217,20391226,20421225,20381125,20280504,20260101,20230815,20360109,20370101,20280706,20380923,20291120,20270422,20391226,20311226,20241231,20220201,20300612,20270609,20230809,20370529,20240101,20480525,20450410,20480525,20221115,20241226,20311225,20240329,20430101,20400507,20470412,20160111,20220909,20280529,20220905,,20211224,20310612,20220606,20370101,20350323,20280615,20281226
20370406,20270105,20330606,20340830,20220422,20241028,20170413,20350326,20300101,20251225,20190913,20281003,20150601,20280814,20360218,20120126,20310815,20181105,20221101,20241224,20321012,20360218,,20400102,20400102,20330801,20220526,20310403,20341225,20410930,20350425,20220317,,20240520,20260501,20350122,20340904,20340224,20260619,20180101,20291225,20260907,20331227,20290216,20210817,20280525,20220809,20300815,20170130,20291105,20270311,20290502,20420825,20260403,20290402,20211208,20290101,20191225,20250425,20290402,20151224,20290612,20240102,20171106,20290501,20351102,20381224,20430126,20250526,20400102,20430101,20381224,20280505,20260402,20231101,20360225,20370126,20280928,20381028,20291225,20270506,20400106,20320101,20250101,20220202,20300815,20270915,20231113,20370810,20240304,20481224,20450501,20481224,20221230,20241231,20311226,20240401,20430126,20400509,20470415,20160211,20221010,20281002,20221010,,20220106,20310815,20221024,20370102,20350501,20280622,20290101
20370608,20270309,20331226,20341212,20220425,20241225,20170414,20350425,20300102,20251226,20191001,20281017,20150701,20281013,20360411,20120216,20311002,20181112,20221111,20241225,20321102,20360411,,20400116,20400116,20331003,20220527,20310423,20350101,20411204,20350507,20220415,,20240530,20260514,20350207,20350101,20340428,20261224,20180216,20291226,20261111,20340102,20290423,20211019,20280526,20221216,20300911,20170201,20291225,20270517,20290625,20421225,20260501,20290507,20211224,20290330,20200101,20250609,20290425,20151225,20290821,20240329,20180101,20291102,20351115,20390117,20430327,20250704,20400116,20430119,20390117,20280717,20260403,20231225,20360226,20370302,20281117,20381031,20291231,20270517,20400402,20320301,20250418,20220301,20300911,20271001,20231225,20371106,20240501,20481225,20450529,20481225,20230125,20250101,20311231,20240425,20430327,20400528,20470501,20160321,20230102,20281003,20221111,,20220418,20311111,20221226,20370206,20350524,20280815,20290102
20371005,20270310,20340407,20341213,20220613,20241226,20170501,20350507,20300124,20260101,20191002,20281018,20150730,20281023,20360526,20120220,20311128,20181225,20221226,20241226,20321115,20360526,,20400220,20400220,20331226,20220606,20310702,20350115,20411205,20350611,20220418,,20241003,20260525,20350323,20350205,20340501,20261225,20180219,20300101,20261225,20340126,20290424,20211224,20280601,20221226,20300912,20170209,20300101,20270520,20290815,20421226,20260629,20290528,20220301,20290402,20200106,20250926,20290501,20151230,20290827,20240520,20180102,20291119,20351225,20390221,20430330,20250901,20400220,20430216,20390221,20280811,20260406,20231226,20360227,20370403,20281225,20381101,20300101,20270617,20400425,20320308,20250501,20220309,20300912,20271004,20240101,20371109,20240503,20481231,20451225,20481231,20230220,20250106,20320101,20240610,20430330,20400827,20471225,20160429,20230120,20281009,20221226,,20220526,20311225,20221227,20370403,20350907,20281101,20290330
20371225,20270311,20340410,20341214,20220815,20250101,20170525,20350815,20300429,20260102,20191003,20281101,20150812,20281205,20360704,20120308,20311225,20181231,20230407,20250101,20321130,20360704,,20400330,20400330,20331227,20221226,20311112,20350323,20411218,20350727,20220502,,20241224,20260910,20350326,20350206,20340502,20270101,20180330,20300204,20261228,20340213,20290425,20220201,20280803,20230102,20300913,20170501,20300121,20270531,20291031,20430101,20260728,20290827,20220415,20290501,20200319,20251104,20290815,20151231,20291101,20240624,20180103,20291212,20360101,20390408,20430608,20251013,20400330,20430327,20390408,20280918,20260501,20240101,20360411,20370406,20281226,20390104,20300304,20270802,20400501,20320326,20250521,20220505,20300913,20271005,20240212,20371225,20240506,20490101,20451226,20490101,20230221,20250418,20320106,20240805,20430608,20401225,20471226,20160503,20230123,20281010,20221227,,20220606,20311226,20230102,20370406,20351012,20281225,20290402
20371228,20270515,20340427,20350101,20221028,20250102,20170619,20351001,20300501,20260403,20191004,20281225,20151023,20281211,20360901,20120323,20320115,20190101,20230410,20250106,20321231,20360901,,20400528,20400528,20340102,20230406,20311130,20350528,20420211,20350806,20220606,,20241225,20261225,20350521,20350207,20340904,20270106,20180402,20300205,20270101,20340313,20290426,20220228,20280817,20230321,20301003,20170510,20300122,20270601,20291101,20430327,20260729,20291225,20220425,20290510,20200409,20251225,20291101,20160101,20291130,20240701,20180104,20291225,20360225,20390530,20431225,20251111,20400528,20430525,20390530,20280922,20260514,20240329,20360501,20370427,20290101,20390105,20300305,20271224,20400629,20320329,20250716,20220601,20301003,20271006,20240329,20380101,20240524,20490416,20460101,20490416,20230407,20250421,20320326,20241007,20431225,20401226,20480101,20160504,20230124,20290101,20230102,,20220616,20320101,20230103,20370427,20351102,20281226,20290501
20380101,20270516,20340518,20350219,20221226,20250127,20170620,20351225,20300617,20260406,20191007,20290126,20151207,20290101,20361013,20120402,20320126,20190107,20230501,20250418,20330228,20361013,,20400704,20400704,20340126,20230407,20311202,20350704,20420302,20351225,20220801,,20241226,20261231,20350618,20350208,20350101,20270326,20180405,20300206,20270326,20340407,20290427,20220415,20281214,20230407,20301009,20170612,20300201,20270607,20291225,20430330,20261008,20291226,20220610,20290521,20200410,20251226,20291225,20160208,20291224,20240902,20180105,20300101,20360226,20390704,20431228,20251127,20400704,20430703,20390704,20281009,20260525,20240401,20361103,20370601,20290330,20390106,20300419,20280413,20400815,20320517,20250815,20220606,20301009,20271007,20240410,20380204,20240906,20490419,20460323,20490419,20230421,20250501,20320329,20241225,20431228,20410101,20480403,20160505,20230125,20290208,20230220,,20220815,20320106,20230123,20370601,20351115,20290101,20290510
20380126,20270517,20340529,20350220,20230106,20250206,20170821,20351226,20300815,20260501,20200101,20290215,20151210,20290102,20361111,20120405,20320310,20190325,20230518,20250421,20330301,20361111,,20400903,20400903,20340313,20230410,20311203,20350903,20420915,20351226,20221031,,20241231,20270101,20350702,20350209,20350205,20270329,20180501,20300405,20270528,20340410,20290501,20220502,20281225,20230410,20301225,20170626,20300204,20270816,20291226,20430504,20261208,20300101,20220613,20290815,20200501,20260101,20291226,20160225,20291225,20241014,20180108,20300204,20360411,20390905,20440101,20251225,20400903,20430907,20390905,20281103,20261224,20240501,20361104,20370928,20290402,20390922,20300423,20280414,20401101,20320702,20250918,20220815,20301225,20280103,20240501,20380205,20240923,20491224,20460326,20491224,20230501,20250529,20320506,20241226,20440101,20410419,20480406,20160718,20230227,20290209,20230407,,20221026,20320329,20230206,20371026,20351225,20290402,20290521
20380308,20270606,20341225,20350221,20230227,20250418,20171009,20360101,20301225,20260525,20200124,20290316,20151231,20290227,20361127,20120406,20320322,20190418,20230519,20250501,20330415,20361127,,20401122,20401122,20340407,20230505,20320101,20351112,20420916,20360101,20221226,,20250101,20270326,20351112,20350212,20350206,20270506,20180522,20300419,20270621,20340411,20290830,20220503,20281226,20230427,20301231,20170627,20300205,20270831,20300101,20430525,20261225,20300419,20220616,20291101,20200515,20260126,20300101,20160324,20291231,20241111,20180223,20300318,20360421,20391124,20440126,20260101,20401122,20431126,20391124,20281123,20261225,20240508,20361105,20371225,20290501,20391018,20300501,20280417,20401225,20320802,20250919,20220909,20301231,20280125,20240522,20380423,20241224,20491231,20460501,20491231,20230608,20250606,20320517,20250101,20440126,20410422,20480501,20160811,20230228,20290212,20230522,,20221101,20320503,20230407,20371225,20351231,20290501,20290801
20380423,20270814,20341226,20350423,20230414,20250421,20171106,20360128,20301226,20260820,20200127,20290330,20160101,20290406,20361225,20120414,20320326,20190419,20230529,20250508,20330421,20361225,,20401225,20401225,20340410,20230518,20320114,20351122,20420917,20360128,20221227,,20250418,20270329,20351225,20350416,20350207,20270625,20180618,20300422,20270729,20340425,20291029,20220504,20290101,20230501,20310101,20170831,20300206,20270916,20300102,20430831,20270101,20300422,20220815,20291225,20200611,20260309,20300422,20160325,20300101,20241225,20180308,20300418,20360501,20391226,20440415,20260119,20401225,20431225,20391226,20290101,20270101,20240509,20361110,20371228,20290508,20391019,20300620,20280420,20401226,20320803,20251031,20220912,20310101,20280126,20240617,20380518,20241225,20500408,20460514,20500408,20230907,20250620,20320527,20250127,20440415,20410506,20481225,20160919,20230404,20290213,20230703,,20221208,20320527,20230410,20371228,20360101,20290531,20291225
20380426,20271130,20350101,20350501,20230417,20250425,20171127,20360411,20310101,20260821,20200128,20290402,20160222,20290413,20370101,20120501,20320414,20190501,20230721,20250829,20330616,20370101,,20410101,20410101,20340425,20230519,20320115,20351123,20420918,20360411,20221228,,20250421,20270506,20351226,20350417,20350208,20271206,20180702,20300501,20270730,20340612,20300101,20220505,20290212,20230616,20310122,20170901,20300207,20271028,20300208,20431225,20270325,20300506,20221005,20291226,20201012,20260403,20300425,20160509,20300205,20241226,20180309,20300419,20360612,20400102,20440418,20260216,20410101,20440101,20400102,20290102,20270325,20240520,20361128,20380101,20290705,20391020,20301115,20280501,20410101,20320804,20251208,20221003,20310122,20280127,20240809,20380809,20241226,20500411,20461224,20500411,20231012,20251224,20321101,20250418,20440418,20410509,20490101,20160922,20230405,20290214,20230807,,20221226,20321101,20230425,20380101,20360225,20290622,20291226
20380427,20271202,20350323,20350830,20230501,20250602,20171208,20360414,20310102,20261023,20200129,20290425,20160406,20290416,20370119,20120815,20320419,20190603,20230815,20250901,20330907,20370119,,20410121,20410121,20340529,20230529,20320321,20351225,20421123,20360414,20230102,,20250501,20270517,20360101,20350430,20350209,20271224,20180925,20300509,20270906,20341026,20300204,20220516,20290213,20230809,20310123,20170921,20300501,20280126,20300422,20431228,20270326,20300527,20221101,20300101,20201109,20260406,20300501,20160706,20300409,20250101,20180430,20300501,20361225,20400116,20440425,20260525,20410121,20440118,20400116,20290103,20270326,20240815,20361208,20380126,20290706,20391225,20301120,20280525,20410422,20321022,20251225,20230123,20310123,20280128,20241031,20381027,20241231,20500530,20461225,20500530,20231102,20251225,20321224,20250421,20440425,20410527,20490416,20161010,20230501,20290215,20230904,,20230106,20321111,20230605,20380104,20360226,20290625,20300101
20380614,20271225,20350326,20351029,20230605,20251027,20171225,20360425,20310124,20261224,20200130,20290426,20160413,20290501,20370216,20120818,20320421,20190624,20231101,20250915,20331012,20370216,,20410218,20410218,20340612,20230605,20320322,20360101,20421124,20360425,20230317,,20250529,20270909,20360128,20350501,20350212,20280106,20181001,20300605,20271111,20341225,20300205,20220526,20290214,20230925,20310124,20171018,20300516,20280127,20300501,20440101,20270629,20300826,20221201,20300419,20201208,20260608,20300815,20160829,20300412,20250102,20180501,20300916,20370101,20400220,20440613,20260907,20410218,20440215,20400220,20290108,20270329,20241101,20361225,20380301,20290928,20391226,20301225,20280605,20410425,20321227,20251231,20230124,20310124,20280131,20241225,20381029,20250101,20501226,20461226,20501226,20231115,20251226,20321231,20250425,20440613,20410826,20490419,20161103,20230622,20290216,20231009,,20230410,20330106,20231023,20380208,20360411,20290815,20300102
20381004,20280101,20350427,20351203,20230815,20251225,20180101,20360505,20310414,20261225,20200406,20290501,20160414,20290528,20370525,20120820,20320423,20190701,20231225,20251117,20331102,20370525,,20410419,20410419,20340807,20231225,20320323,20360121,20421125,20360505,20230407,,20250609,20271231,20360227,20350903,20350416,20280414,20181017,20300701,20271227,20341226,20300206,20220601,20290215,20231225,20310501,20171201,20300916,20280201,20300502,20440415,20270728,20301225,20221208,20300422,20201225,20260925,20301101,20160912,20300418,20250418,20180502,20301118,20370216,20400330,20441226,20261012,20410419,20440415,20400330,20290212,20270506,20241111,20370101,20380423,20291224,20391227,20301231,20280807,20410501,20330103,20260101,20230301,20310501,20280403,20250101,20390105,20250303,20510331,20461231,20510331,20231120,20251231,20330106,20250609,20441226,20411225,20500408,20161123,20230623,20290228,20231113,,20230501,20330418,20231225,20380423,20360421,20291008,20300419
20381227,20280226,20350503,20360101,20231225,20251226,20180212,20360813,20310501,20270101,20200501,20290516,20160415,20290725,20370703,20120919,20320908,20190807,20231226,20251224,20331115,20370703,,20410527,20410527,20341002,20231226,20320411,20360411,20421218,20360609,20230410,,20250619,20280414,20360411,20360101,20350417,20280417,20181225,20300913,20271228,20350101,20300415,20220817,20290216,20231226,20310505,20171225,20301225,20280214,20300625,20440418,20270729,20301226,20230221,20300501,20210101,20261103,20301225,20161031,20300419,20250519,20180509,20301212,20370217,20400528,20441227,20261111,20410527,20440530,20400528,20290223,20270517,20241225,20370109,20380426,20291225,20400923,20310101,20281225,20410815,20330307,20260403,20230501,20310505,20280404,20250129,20390124,20250418,20510403,20470101,20510403,20231225,20260101,20330415,20250804,20441227,20411226,20500411,20161223,20230929,20290403,20231225,,20230518,20330503,20231226,20380426,20360501,20291101,20300422
20381228,20280227,20350514,20360208,20231226,20260101,20180213,20361006,20310602,20270315,20200625,20290525,20160502,20290730,20370907,20120929,20321014,20190819,20240101,20251225,20331130,20370907,,20410704,20410704,20341225,20240101,20320620,20360526,20430210,20360725,20230501,,20251003,20280417,20360414,20360128,20350430,20280501,20181226,20301001,20280103,20350126,20300416,20221226,20290330,20240101,20310528,20180101,20310101,20280228,20300815,20440502,20270830,20310101,20230407,20300530,20210106,20261225,20301226,20161101,20300501,20250624,20180611,20301225,20370403,20400704,20450102,20261126,20410704,20440704,20400704,20290320,20271224,20241226,20370216,20380607,20291226,20401004,20310120,20281226,20411101,20330314,20260501,20230505,20310528,20280501,20250130,20390125,20250421,20510501,20470412,20510501,20231229,20260106,20330418,20251006,20450102,20420101,20501226,20170102,20231009,20290404,20231226,,20230529,20330616,20240101,20380607,20360612,20291225,20300501
20390103,20280228,20351225,20360211,20240101,20260102,20180329,20361225,20310815,20270326,20200626,20290725,20160505,20290813,20371012,20121002,20321104,20191014,20240329,20251226,20331230,20371012,,20410902,20410902,20341226,20240328,20321101,20360704,20430301,20360804,20230605,,20251224,20280501,20360519,20360129,20350501,20280525,20190101,20301225,20280414,20350212,20300423,20230322,20290423,20240321,20310606,20180131,20310123,20280229,20301031,20440530,20271008,20310411,20230425,20300610,20210319,20261228,20310101,20161130,20300612,20250701,20180612,20310101,20370421,20400903,20450126,20261225,20410902,20440905,20400903,20290430,20280413,20250101,20370217,20380927,20300101,20401007,20310224,20290101,20411225,20330415,20260521,20230606,20310606,20280529,20250331,20390408,20250501,20511225,20470415,20511225,20240101,20260403,20330526,20251225,20450126,20420404,20510331,20170103,20231010,20290501,20240101,,20230608,20330815,20240102,20381025,20361225,20291226,20300530
20390126,20280504,20351226,20360423,20240318,20260126,20180330,20361226,20311201,20270329,20201001,20290815,20160506,20291015,20371111,20121024,20321117,20191104,20240401,20260101,20340220,20371111,,20411128,20411128,20350101,20240329,20321130,20360901,20430906,20361225,20230807,,20251225,20280525,20360616,20360130,20350903,20280623,20190205,20301226,20280526,20350312,20300501,20230407,20290424,20240329,20310815,20180201,20310124,20280501,20301101,20440829,20271101,20310414,20230501,20300815,20210401,20270101,20310106,20161230,20300821,20250901,20181105,20310203,20370501,20401122,20450407,20270101,20411128,20441124,20401122,20290503,20280414,20250418,20370218,20381227,20300419,20401008,20310225,20290329,20411226,20330418,20260629,20230815,20310815,20281002,20250418,20390502,20250506,20511226,20470501,20511226,20240125,20260406,20330606,20251226,20450407,20420407,20510403,20170109,20240101,20290615,20240219,,20230815,20331101,20240122,20381227,20361231,20300101,20300610
20390314,20280506,20360101,20360501,20240325,20260206,20180402,20370101,20311225,20270517,20201002,20290911,20160520,20291023,20371126,20121026,20330103,20191111,20240501,20260106,20340221,20371126,,20411225,20411225,20350126,20240401,20321202,20361104,20430907,20361226,20231030,,20251226,20280605,20360707,20360131,20351231,20281206,20190206,20310101,20280619,20350323,20300715,20230420,20290501,20240401,20310930,20180216,20310127,20280505,20301225,20441226,20271208,20310505,20230608,20301101,20210402,20270126,20310414,20170413,20300826,20251013,20181231,20310317,20370604,20401225,20450410,20270118,20411225,20441226,20401225,20290504,20280417,20250421,20370403,20381228,20300422,20401213,20310411,20290330,20420101,20330606,20260716,20230928,20310930,20281003,20250501,20390809,20250526,20520101,20470603,20520101,20240212,20260501,20330616,20260101,20450410,20420505,20510501,20170320,20240209,20290921,20240329,,20231026,20331111,20240206,20381228,20370101,20300422,20300801
20390408,20280525,20360411,20360519,20240501,20260403,20180430,20370126,20311226,20270820,20201005,20291002,20160701,20291205,20371225,20121113,20330126,20191225,20240509,20260403,20340407,20371225,,20420101,20420101,20350312,20240426,20330101,20361111,20430908,20370101,20231225,,20251231,20280801,20361110,20360201,20360101,20281225,20190207,20310123,20280803,20350326,20300830,20230421,20290510,20240501,20311001,20180501,20310206,20280509,20301226,20441227,20280413,20310526,20230613,20301225,20210603,20270308,20310425,20170414,20301101,20251111,20190101,20310410,20370907,20410101,20450425,20270215,20420101,20450102,20410101,20290716,20280501,20250501,20370501,20390103,20300501,20401216,20310421,20290402,20420106,20330701,20260918,20230929,20311001,20281004,20250512,20391019,20250908,20520419,20471224,20520419,20240213,20260514,20331003,20260126,20450425,20420509,20511225,20170503,20240212,20291010,20240520,,20231101,20331226,20240329,20390103,20370216,20300501,20301225
20390411,20280803,20360414,20360715,20240503,20260406,20180501,20370403,20320101,20271101,20201006,20291015,20160718,20291210,20380101,20121114,20330316,20191231,20240510,20260406,20340421,20380101,,20420120,20420120,20350323,20240509,20330102,20361127,20431111,20370126,20231226,,20260101,20280907,20361225,20360407,20360128,20281226,20190405,20310124,20280804,20350327,20301029,20230424,20290515,20240617,20311002,20180529,20310403,20280526,20310101,20450102,20280414,20310825,20230815,20301226,20211012,20270326,20310501,20170501,20301224,20251225,20190102,20310411,20371012,20410121,20450612,20270531,20420120,20450116,20410121,20290917,20280517,20250508,20371103,20390126,20300508,20401217,20310423,20290419,20420407,20330801,20261012,20231003,20311002,20281005,20250606,20391115,20250922,20520422,20471225,20520422,20240329,20260619,20331101,20260403,20450612,20420526,20511226,20170504,20240213,20291231,20240701,,20231208,20340106,20240401,20390104,20370217,20300620,20301226
20390425,20281130,20360522,20361029,20240506,20260427,20180525,20370406,20320102,20271224,20201007,20291016,20160719,20291231,20380118,20121128,20330407,20200101,20240520,20260501,20340501,20380118,,20420217,20420217,20350326,20240510,20330103,20361128,20431112,20370403,20231227,,20260403,20281225,20361226,20360430,20360129,20290101,20190419,20310411,20280904,20350425,20310101,20230501,20290528,20240809,20311003,20180615,20310423,20280530,20310102,20450407,20280501,20311225,20231005,20310101,20211101,20270329,20310602,20170612,20301225,20251226,20190103,20310501,20371102,20410218,20451225,20270705,20420217,20450220,20410218,20290924,20280525,20250529,20371104,20390307,20300705,20410923,20310501,20290501,20420425,20330802,20261208,20231009,20311003,20281006,20251020,20391226,20251224,20520501,20471226,20520501,20240501,20261224,20331226,20260406,20451225,20420825,20520101,20170505,20240214,20300101,20240805,,20231225,20340410,20240425,20390207,20370403,20300625,20310101
20390613,20281202,20360602,20361119,20240624,20260601,20180620,20370504,20320503,20280315,20201008,20291022,20160812,20300101,20380215,20121225,20330411,20200106,20240815,20260508,20340608,20380215,,20420404,20420404,20350425,20240520,20330104,20361225,20431217,20370406,20240101,,20260406,20281226,20370101,20360501,20360130,20290330,20190422,20310414,20281113,20350611,20310124,20230518,20290601,20240924,20311009,20180822,20310501,20280531,20310414,20450410,20280629,20311226,20231101,20310411,20211109,20270426,20310815,20170626,20301230,20260101,20190104,20310916,20371225,20410419,20451226,20270906,20420404,20450407,20410419,20291008,20280605,20250609,20371105,20390408,20301028,20410925,20310612,20290510,20420501,20330803,20261225,20231225,20311009,20290101,20251225,20400102,20251225,20521224,20471231,20521224,20240530,20261225,20340106,20260608,20451226,20421225,20520419,20170717,20240228,20300130,20240902,,20231226,20340501,20240603,20390408,20370421,20300805,20310102
20391003,20281203,20361225,20361120,20240815,20261026,20180709,20370812,20320601,20280414,20210101,20291101,20161024,20300218,20380423,20130125,20330412,20200323,20241101,20260901,20340907,20380423,,20420526,20420526,20350528,20240605,20330310,20370101,20440209,20370504,20240318,,20260501,20290101,20370126,20360502,20360131,20290402,20190501,20310501,20281225,20351025,20310402,20230601,20290724,20241216,20311225,20180831,20310506,20280803,20310501,20450501,20280728,20320101,20231201,20310414,20211206,20270614,20311208,20170821,20301231,20260102,20190107,20311117,20380101,20410527,20460101,20271011,20420526,20450529,20410527,20291123,20281225,20250714,20371110,20390411,20301224,20410926,20311120,20290521,20420602,20331021,20261231,20240101,20311225,20290212,20260101,20400213,20251226,20521225,20480101,20521225,20240709,20261231,20340407,20260803,20460101,20421226,20520422,20170811,20240404,20300131,20241014,,20240101,20340503,20241028,20390411,20370501,20300815,20310411
20391226,20281214,20361226,20361121,20241028,20261225,20180820,20371005,20320621,20280417,20210211,20291105,20161205,20300408,20380531,20130126,20330414,20200409,20241111,20260915,20341012,20380531,,20420704,20420704,20350611,20241224,20330312,20370119,20440306,20370608,20240329,,20260514,20290102,20370218,20360901,20360201,20290501,20190513,20310528,20281226,20351225,20310403,20230629,20290817,20241225,20311231,20180910,20310702,20280831,20310502,20450529,20280830,20320326,20231208,20310501,20211208,20270924,20311225,20170828,20310101,20260403,20190108,20311212,20380308,20410704,20460126,20271111,20420704,20450704,20410704,20291231,20281226,20250815,20371208,20390425,20301225,20410929,20311225,20290806,20420815,20331226,20270101,20240209,20311231,20290213,20260217,20400214,20251231,20521226,20480403,20521226,20241115,20270101,20340410,20261005,20460126,20430101,20520501,20170918,20240405,20300201,20241111,,20240401,20340608,20241225,20390425,20370604,20301008,20310414
20391227,20290101,20370101,20370101,20241225,20261228,20181015,20371225,20321130,20280501,20210212,20291106,20161212,20300415,20380705,20130219,20330415,20200410,20241225,20261117,20341102,20380705,,20420901,20420901,20350806,20241225,20330609,20370403,20440824,20370724,20240401,,20260525,20290330,20370403,20360902,20360407,20290510,20190607,20310624,20290101,20351226,20310404,20230719,20291203,20241226,20320101,20180911,20310901,20281017,20310625,20450828,20281101,20320329,20231225,20310522,20220106,20271102,20311226,20170901,20310123,20260518,20190308,20311225,20380309,20410902,20460323,20271125,20420901,20450904,20410902,20300101,20290101,20251111,20371225,20390606,20301226,20411203,20311231,20291224,20421208,20331227,20270326,20240212,20320101,20290214,20260218,20400330,20260101,20521231,20480406,20521231,20241120,20270106,20340501,20261225,20460323,20430327,20521225,20171009,20240501,20300204,20241225,,20240501,20340815,20241226,20390606,20370907,20301101,20310501
20400102,20290214,20370403,20370127,20241226,20270101,20181106,20371228,20321201,20280605,20210215,20291225,20170102,20300416,20380906,20130327,20330815,20200501,20241226,20261224,20341115,20380906,,20421127,20421127,20351001,20241226,20331130,20370525,20440825,20370803,20240506,,20260604,20290402,20370406,20370101,20360430,20290622,20190701,20310701,20290330,20360101,20310423,20230817,20291224,20250101,20320210,20180917,20310916,20281225,20310815,20451225,20281208,20320503,20240101,20310602,20220414,20271227,20320101,20171101,20310124,20260624,20190501,20320101,20380421,20411128,20460326,20280117,20421127,20451123,20411128,20300102,20290329,20251225,20380101,20390926,20310101,20411204,20320101,20291225,20421225,20340102,20270521,20240301,20320210,20290215,20260320,20400501,20260303,20530101,20480501,20530101,20241225,20270326,20340518,20261228,20460326,20430330,20521226,20171103,20240610,20300205,20241226,,20240509,20341101,20250101,20391024,20371012,20301225,20310522
20400126,20290215,20370406,20370128,20250101,20270104,20181119,20380101,20330124,20281023,20210216,20300115,20170213,20300501,20381011,20130329,20331003,20200525,20250101,20261225,20341130,20381011,,20421225,20421225,20351225,20241231,20331203,20370703,20441030,20371225,20240603,,20261224,20290501,20370518,20370102,20360501,20291206,20191001,20311001,20290525,20360128,20310501,20230927,20291225,20250321,20320211,20181106,20311114,20290101,20311031,20451226,20281225,20320531,20240213,20310623,20220415,20271228,20320106,20171130,20310402,20260701,20190502,20320202,20380423,20411225,20460425,20280221,20421225,20451225,20411225,20300103,20290330,20251226,20380308,20391226,20310411,20411205,20320120,20291226,20421226,20340306,20270628,20240410,20320211,20290216,20260403,20400525,20260410,20530404,20480525,20530404,20241231,20270329,20340529,20270101,20460425,20430504,20530101,20171123,20240916,20300206,20250101,,20240520,20341225,20250102,20391226,20371102,20301226,20310602
20400312,20290423,20370427,20370129,20250106,20270201,20181224,20380126,20330425,20281101,20210217,20300205,20170406,20300516,20381111,20130401,20331024,20200615,20250418,20270101,20341225,20381111,,20430101,20430101,20351226,20250101,20331224,20370907,20441031,20371228,20240805,,20261225,20290510,20370615,20370216,20360502,20291224,20191007,20311002,20290618,20360211,20310519,20231225,20291231,20250418,20320212,20181120,20311225,20290201,20311225,20460101,20290101,20320830,20240329,20310815,20220502,20280103,20320329,20171225,20310409,20260907,20190503,20320315,20380624,20420101,20460611,20280529,20430101,20460101,20420101,20300114,20290402,20260101,20380309,20391227,20310414,20420914,20320209,20300101,20430101,20340313,20270716,20240501,20320212,20290404,20260501,20400809,20260413,20530407,20481224,20530407,20250101,20270506,20340608,20270126,20460611,20430525,20530404,20180101,20240917,20300228,20250217,,20240530,20341226,20250120,20391227,20371225,20310101,20310801
20400330,20290424,20370514,20370130,20250303,20270208,20181225,20380423,20330601,20281225,20210405,20300302,20170413,20300701,20381125,20130411,20340126,20200622,20250421,20270106,20341229,20381125,,20430119,20430119,20360101,20250417,20331225,20371111,20441101,20380101,20241028,,20261231,20290521,20370706,20370217,20360901,20291225,20191225,20311024,20290802,20360310,20310715,20231226,20300101,20250421,20320301,20181225,20320101,20290202,20311226,20460323,20290329,20321227,20240425,20311225,20220516,20280126,20320602,20180101,20310410,20261012,20190509,20320325,20380907,20420120,20461225,20280704,20430119,20460115,20420120,20300211,20290501,20260403,20380310,20400102,20310501,20420915,20320210,20300418,20430106,20340407,20270917,20240506,20320301,20290430,20260527,20401008,20260501,20530501,20481225,20530501,20250303,20270625,20341003,20270326,20461225,20430831,20530407,20180102,20241010,20300301,20250418,,20240815,20350101,20250206,20400102,20371231,20310106,20311225
20400402,20290425,20370525,20370423,20250325,20270326,20181231,20380426,20330613,20281226,20210503,20300401,20170414,20300715,20381224,20130419,20340217,20200629,20250501,20270326,20350101,20381224,,20430216,20430216,20360128,20250418,20340101,20371126,20441218,20380126,20241225,,20270101,20290801,20371109,20370218,20360902,20291226,20191226,20311225,20290803,20360411,20311029,20240101,20300204,20250428,20320303,20190101,20320102,20290213,20320101,20460326,20290330,20321228,20240501,20311226,20220616,20280313,20321101,20180102,20310411,20261111,20190510,20320326,20381012,20420217,20461226,20280904,20430216,20460219,20420217,20300320,20290510,20260406,20380423,20400126,20310508,20420916,20320326,20300419,20430330,20340410,20271011,20240515,20320303,20290501,20260601,20401225,20260506,20530526,20481231,20530526,20250304,20271224,20341101,20270329,20461226,20431225,20530501,20180103,20241011,20300404,20250519,,20241101,20350326,20250418,20400103,20380101,20310414,20311226
20400425,20290514,20371225,20370501,20250418,20270329,20190101,20380427,20330815,20290101,20210614,20300403,20170501,20300729,20390117,20130424,20340302,20200720,20250529,20270329,20350205,20390117,,20430327,20430327,20360310,20250421,20340228,20371127,20450214,20380423,20241226,,20270326,20290906,20371225,20370219,20370101,20300101,20200101,20311226,20290903,20360414,20320101,20240208,20300205,20250501,20320414,20190121,20320114,20290214,20320102,20460507,20290501,20330103,20240530,20320101,20220725,20280414,20321208,20180216,20310501,20261225,20190612,20320916,20381102,20420404,20470101,20281009,20430327,20460323,20420404,20300429,20290517,20260501,20381103,20400305,20311028,20420923,20320421,20300422,20430501,20340529,20271101,20240606,20320414,20290618,20260810,20410101,20260525,20531224,20490101,20531224,20250418,20271231,20341225,20270426,20470101,20431228,20531225,20180108,20250101,20300405,20250701,,20241224,20350501,20250421,20400206,20380308,20310501,20320101
20400611,20290724,20380101,20370519,20250421,20270426,20190304,20380503,20331130,20290315,20210920,20300416,20170505,20300812,20390221,20130501,20340328,20200807,20250530,20270705,20350206,20390221,,20430525,20430525,20360411,20250516,20340301,20371225,20450305,20380426,20241227,,20270329,20291225,20371228,20370220,20370102,20300419,20200127,20320101,20291112,20360415,20320114,20240311,20300206,20250616,20320505,20190201,20320115,20290215,20320329,20460528,20290629,20330415,20240610,20320326,20220815,20280417,20330106,20180329,20310512,20261228,20191104,20321102,20381115,20420526,20470128,20281123,20430525,20460528,20420526,20300503,20290521,20260508,20381104,20400330,20311117,20421120,20320423,20300425,20430602,20340630,20271208,20240815,20320505,20290924,20261109,20410201,20260907,20531225,20490416,20531225,20250421,20280106,20341226,20270614,20470128,20440101,20531226,20180212,20250127,20300501,20250804,,20241225,20350503,20250425,20400330,20380309,20310612,20320102
20401001,20291202,20380423,20370715,20250501,20270607,20190305,20380811,20331201,20290316,20210921,20300419,20170510,20301014,20390408,20130525,20340331,20200817,20250609,20270901,20350323,20390408,,20430703,20430703,20360414,20250529,20340302,20380101,20450814,20380427,20250101,,20270506,20291226,20380101,20370424,20370216,20300422,20200128,20320211,20291225,20360425,20320115,20240329,20300207,20250924,20320920,20190205,20320127,20290216,20320427,20460827,20290830,20330418,20240613,20320329,20221012,20280425,20330418,20180330,20310612,20270101,20200101,20321115,20390221,20420704,20470412,20281225,20430703,20460704,20420704,20300506,20291224,20260514,20381105,20400402,20311224,20421123,20320527,20300501,20430629,20340807,20271231,20240916,20320920,20291001,20261225,20410419,20260922,20531226,20490419,20531226,20250501,20280414,20350101,20270802,20470412,20440415,20540101,20180321,20250128,20300605,20250901,,20241226,20350524,20250602,20400402,20380421,20310625,20320326
20401225,20291203,20380426,20371029,20250609,20271025,20190402,20381004,20331226,20290330,20211001,20300501,20170710,20301023,20390530,20130809,20340407,20201012,20250721,20270915,20350501,20390530,,20430907,20430907,20360425,20250530,20340321,20380118,20450815,20380503,20250317,,20270517,20291231,20380125,20370430,20370217,20300501,20200410,20320212,20291226,20360609,20320116,20240409,20300208,20251216,20320921,20190206,20320202,20290424,20320625,20461225,20291008,20330502,20240815,20320506,20221101,20280612,20330425,20180409,20310821,20270104,20200102,20330207,20390222,20420901,20470415,20290101,20430907,20460903,20420901,20300715,20291225,20260525,20381110,20400425,20311225,20421124,20320907,20300530,20431208,20340808,20280414,20240917,20320921,20291002,20270101,20410501,20261224,20531231,20490607,20531231,20250619,20280417,20350323,20271004,20470415,20440418,20540327,20180430,20250129,20300912,20251013,,20250101,20350815,20251027,20400425,20380423,20310805,20320329
20401226,20300101,20380427,20371109,20250815,20271227,20190418,20381227,20340102,20290402,20211004,20300514,20170814,20301205,20390704,20130815,20340414,20201102,20250815,20271101,20350524,20390704,,20431126,20431126,20360602,20250605,20340530,20380423,20450816,20380614,20250418,,20270527,20300101,20380310,20370501,20370218,20300530,20200413,20320213,20300101,20361023,20320322,20240410,20300403,20251225,20321231,20190501,20320211,20290501,20321101,20461226,20291101,20330530,20241101,20320517,20221109,20280929,20330602,20180501,20310825,20270326,20200103,20330321,20390408,20421127,20470425,20290115,20431126,20461122,20421127,20300812,20291226,20260714,20381129,20400604,20311226,20430903,20321012,20300610,20431225,20340809,20280501,20240918,20321231,20291003,20270208,20410514,20261225,20540101,20491224,20540101,20250709,20280501,20350326,20271227,20470425,20440502,20540330,20180503,20250130,20300913,20251111,,20250106,20351101,20251225,20400604,20380624,20310815,20320506
20410101,20300204,20380603,20371110,20251028,20271228,20190419,20381228,20340124,20290430,20211005,20300815,20171023,20301210,20390905,20130909,20340501,20201116,20251111,20271117,20350907,20390905,,20431225,20431225,20360609,20250609,20341010,20380531,20450817,20380723,20250421,,20271224,20300102,20380423,20370902,20370219,20300621,20200430,20320326,20300419,20361225,20320323,20240411,20300419,20251226,20330131,20190520,20320212,20290515,20330208,20470101,20291225,20330829,20241224,20320623,20221206,20281107,20330815,20180612,20311027,20270524,20200106,20330414,20390421,20421225,20470610,20290219,20431225,20461225,20421225,20300916,20300101,20261111,20381208,20400924,20320101,20430906,20321102,20300617,20440101,20341020,20280626,20241003,20330131,20291004,20270310,20410809,20261228,20540327,20491231,20540327,20251120,20280525,20350501,20271228,20470610,20440509,20540501,20180504,20250131,20301010,20251225,,20250421,20351225,20251226,20401022,20380907,20311008,20320517
20410128,20300205,20380614,20380101,20251225,20280103,20190501,20390103,20340410,20290501,20211006,20300927,20171205,20301231,20391010,20131002,20340815,20201208,20251225,20271224,20351012,20391010,,20440101,20440101,20360804,20251224,20341130,20380705,20451022,20380802,20250505,,20271231,20300419,20380426,20380101,20370220,20301206,20200501,20320329,20300531,20361226,20320324,20240412,20300501,20260101,20330201,20190522,20320322,20290528,20330418,20470412,20300101,20331226,20241225,20321101,20221208,20281225,20331101,20180615,20311208,20270624,20200107,20330415,20390609,20430101,20471225,20290528,20440101,20470101,20430101,20300923,20300418,20261225,20390221,20401225,20320326,20430907,20321115,20300805,20440106,20341225,20280815,20241009,20330201,20291005,20270326,20410927,20261231,20540330,20500408,20540330,20251225,20280606,20350503,20280103,20471225,20440530,20541225,20180716,20250228,20301011,20251226,,20250501,20351226,20260101,20401225,20381012,20311225,20330415
20410311,20300206,20390408,20380118,20251226,20280104,20190617,20390126,20340501,20290521,20211007,20301002,20171211,20310101,20391111,20131016,20341002,20201225,20251226,20280106,20351102,20391111,,20440118,20440118,20361006,20251225,20341202,20380906,20451023,20381227,20250602,,20280414,20300422,20380517,20380201,20370424,20301224,20200625,20320405,20300617,20370101,20320325,20240501,20300517,20260403,20330202,20190605,20320412,20290530,20330427,20470415,20300418,20331227,20250101,20330415,20230106,20281226,20331208,20180821,20311224,20270701,20200108,20330916,20390907,20430119,20471226,20290704,20440118,20470121,20430119,20301014,20300419,20270101,20390222,20401226,20320329,20430923,20321231,20301224,20440418,20341226,20280918,20241225,20330202,20291231,20270517,20411023,20270101,20540501,20500411,20540501,20251231,20280623,20350514,20280126,20471226,20440829,20550101,20180917,20250403,20310101,20260101,,20250529,20360101,20260102,20401226,20381102,20311226,20330418
20410419,20300413,20390411,20380119,20260101,20280131,20190620,20390408,20340529,20290820,20220103,20301005,20180101,20310307,20391124,20131104,20341213,20201231,20260101,20280414,20351115,20391124,,20440215,20440215,20361225,20251226,20341203,20381102,20451024,20381228,20250804,,20280417,20300501,20380614,20380202,20370430,20301225,20200701,20320517,20300801,20370126,20320423,20240509,20300530,20260406,20330301,20190606,20320524,20290531,20330502,20470506,20300419,20340102,20250304,20330418,20230320,20290101,20331226,20180827,20311225,20270906,20200309,20331102,20391012,20430216,20480101,20290903,20440215,20470218,20430216,20301104,20300422,20270326,20390223,20410101,20320705,20431111,20330120,20301225,20440425,20350101,20280919,20250101,20330301,20300101,20270520,20411204,20270303,20541224,20500530,20541224,20260101,20281225,20350524,20280414,20480101,20441226,20550416,20180924,20250404,20310120,20260216,,20250609,20360414,20260119,20410101,20381115,20320101,20330526
20410422,20300414,20390427,20380423,20260106,20280207,20190708,20390411,20340601,20291022,20220131,20301011,20180102,20310407,20391226,20131115,20341225,20210101,20260403,20280417,20351130,20391226,,20440415,20440415,20361226,20251231,20341212,20381111,20451025,20390103,20251027,,20280501,20300530,20380705,20380203,20370501,20301226,20201001,20320701,20300802,20370209,20320519,20240523,20301225,20260427,20330505,20190812,20320621,20290724,20330815,20470527,20300501,20340407,20250418,20330526,20230406,20290126,20340106,20181101,20311226,20271011,20200501,20331121,20391102,20430327,20480127,20291008,20440415,20470412,20430327,20301231,20300501,20270329,20390408,20410128,20320706,20431112,20330228,20301226,20440602,20350305,20281009,20250128,20330505,20300204,20270809,20411225,20270430,20541225,20501226,20541225,20260216,20281226,20351003,20280417,20480127,20441227,20550419,20181008,20250501,20310121,20260403,,20250619,20360501,20260206,20410102,20381231,20320106,20330606
20410425,20300504,20390519,20380519,20260223,20280414,20190709,20390425,20340815,20291023,20220201,20301101,20180301,20310414,20400102,20131225,20350126,20210111,20260406,20280501,20351225,20400102,,20440530,20440530,20370101,20260101,20341213,20381125,20451026,20390126,20251225,,20280525,20300610,20381115,20380204,20370902,20310101,20201002,20320920,20300902,20370309,20320715,20240617,20301226,20260501,20330506,20190902,20320831,20290831,20331031,20470826,20300729,20340410,20250425,20330606,20230407,20290312,20340410,20181102,20311230,20271111,20200504,20331212,20391115,20430525,20480403,20291112,20440530,20470527,20430525,20310101,20300517,20270506,20390502,20410304,20320928,20431115,20330301,20310101,20440629,20350312,20281027,20250129,20330506,20300205,20271028,20420101,20270503,20541231,20510331,20541231,20260217,20290101,20351101,20280425,20480403,20450102,20560331,20181123,20250530,20310122,20260518,,20250815,20360612,20260403,20410206,20390221,20320329,20330801
20410610,20300713,20390530,20380715,20260325,20280417,20190819,20390502,20341130,20291101,20220202,20301113,20180406,20310415,20400116,20140114,20350219,20210322,20260501,20280508,20351231,20400116,,20440704,20440704,20370126,20260402,20341214,20381126,20451218,20390408,20251226,,20280605,20300801,20381227,20380205,20380101,20310106,20201026,20321001,20301111,20370403,20320830,20241225,20301231,20260616,20330606,20190909,20320916,20290917,20331101,20471225,20300830,20340501,20250501,20330623,20230501,20290330,20340425,20181130,20311231,20271227,20200505,20340206,20400213,20430703,20480406,20291122,20440704,20470704,20430703,20310102,20300530,20270517,20390701,20410419,20321028,20440823,20330415,20310410,20440815,20350323,20281101,20250130,20330606,20300206,20280126,20420122,20270506,20550101,20510403,20550101,20260403,20290330,20351224,20280612,20480406,20450407,20560403,20181224,20251006,20310123,20260701,,20251208,20360815,20260406,20410419,20390222,20320527,20331226
20411007,20301123,20391226,20380830,20260410,20280425,20191014,20390810,20341201,20291102,20220203,20301225,20180413,20310501,20400220,20140219,20350308,20210401,20260514,20280705,20360101,20400220,,20440905,20440905,20370309,20260403,20350101,20381224,20460213,20390411,20251229,,20280615,20300905,20381228,20380208,20380201,20310411,20201225,20321012,20301225,20370406,20321029,20241226,20310101,20260810,20330815,20190916,20321102,20291105,20331226,20471226,20301008,20340529,20250610,20330815,20230502,20290402,20340501,20181224,20320101,20271228,20200506,20340320,20400214,20430907,20480608,20291225,20440905,20470902,20430907,20310103,20300610,20270714,20391103,20410422,20321117,20440824,20330421,20310411,20441101,20350326,20281208,20250501,20330815,20300207,20280127,20420123,20270524,20550416,20510501,20550416,20260421,20290402,20351225,20280807,20480608,20450410,20560501,20181231,20251010,20310124,20260803,,20251224,20361111,20260427,20410422,20390408,20320622,20340102
20411225,20301130,20400330,20381029,20260413,20280605,20191106,20391003,20341225,20291224,20220204,20310115,20180416,20310604,20400330,20140227,20350321,20210402,20260515,20280829,20360225,20400330,,20441124,20441124,20370403,20260406,20350217,20381231,20460304,20390425,20260101,,20281003,20301225,20390103,20380412,20380202,20310414,20210101,20321227,20301226,20370407,20330103,20250101,20310123,20260924,20330907,20191028,20321220,20291225,20340102,20480101,20301101,20340828,20250613,20331101,20230515,20290425,20340602,20181225,20320102,20280103,20200511,20340406,20400330,20431126,20481225,20300101,20441124,20471128,20431126,20310113,20301224,20271101,20391104,20410425,20321224,20440825,20330616,20310414,20441208,20350514,20281225,20250505,20330907,20300208,20280228,20420404,20270906,20550419,20510522,20550419,20260501,20290501,20351226,20281002,20481225,20450501,20561225,20190101,20260101,20310127,20260907,,20251225,20361225,20260601,20410425,20390421,20320625,20340407
20411226,20301202,20400402,20390105,20260501,20281023,20191118,20391226,20341226,20291225,20220404,20310220,20180501,20310701,20400528,20140317,20350323,20210517,20260525,20280901,20360226,20400528,,20441226,20441226,20370406,20260501,20350218,20390117,20460805,20390502,20260317,,20281225,20301226,20390124,20380413,20380203,20310501,20210212,20330131,20310101,20370608,20330104,20250127,20310124,20261216,20330908,20191225,20330103,20300101,20340208,20480403,20301225,20341225,20250619,20331226,20230815,20290611,20340815,20181231,20320115,20280104,20200612,20340407,20400501,20431225,20481228,20300121,20441226,20471225,20431225,20310211,20301225,20271111,20391110,20410603,20330415,20440922,20330907,20310424,20441226,20350702,20290101,20250506,20330908,20300405,20280414,20420501,20270922,20551224,20511225,20551224,20260604,20290510,20351231,20281225,20481228,20450509,20561226,20190102,20260102,20310228,20261012,,20251226,20361226,20261026,20410603,20390609,20320805,20340410
20420101,20301203,20400427,20390106,20260601,20281225,20191225,20391227,20350101,20291226,20220405,20310324,20180529,20310728,20400704,20140331,20350416,20210607,20260721,20280915,20360411,20400704,,20450102,20450102,20370601,20260514,20350219,20390408,20460806,20390613,20260403,,20281226,20301231,20390223,20380430,20380204,20310522,20210215,20330201,20310411,20371022,20330311,20250129,20310127,20261225,20330909,20200101,20330104,20300121,20340410,20480406,20310101,20341226,20250815,20340407,20231012,20290928,20341101,20190101,20320211,20280414,20201104,20340501,20400531,20440101,20490101,20300218,20450102,20480101,20440101,20310224,20301226,20280414,20391128,20410930,20330418,20441030,20331012,20310501,20450106,20350806,20290330,20250606,20330909,20300501,20280501,20420602,20271224,20551231,20511226,20551231,20260709,20290606,20360101,20281226,20490101,20450529,20570101,20190103,20260216,20310403,20261111,,20260101,20370101,20261225,20411028,20390907,20321008,20340501
20420127,20310101,20400510,20390107,20261028,20281226,20200101,20400102,20350102,20291231,20220502,20310401,20180727,20310804,20400903,20140401,20350420,20210614,20261111,20281101,20360421,20400903,,20450116,20450116,20370608,20260515,20350311,20390530,20460807,20390722,20260406,,20290101,20310101,20390408,20380503,20380205,20310620,20210402,20330202,20310530,20371225,20330314,20250331,20310128,20270101,20331003,20200127,20330131,20300201,20340427,20480504,20310410,20350101,20251201,20340410,20231101,20291106,20341208,20190205,20320322,20280522,20210101,20341102,20400907,20440118,20490126,20300527,20450116,20480120,20440118,20310321,20310101,20280417,20391208,20411225,20330705,20441031,20331102,20310522,20450410,20350807,20290501,20250815,20331003,20300605,20280505,20420916,20271227,20560331,20520101,20560331,20260907,20290622,20360411,20290101,20490126,20450828,20570420,20190114,20260217,20310404,20261225,,20260106,20370106,20261228,20411225,20391012,20321101,20340518
20420310,20310125,20400521,20390519,20261225,20290101,20200224,20400126,20350124,20300101,20220603,20310403,20180730,20310812,20401008,20140408,20350501,20210705,20261225,20281117,20360501,20401008,,20450220,20450220,20370803,20260525,20350520,20390704,20461010,20390801,20260504,,20290330,20310102,20390411,20380902,20380208,20311224,20210405,20330404,20310616,20371228,20330519,20250401,20310324,20270322,20331230,20200501,20330201,20300204,20340501,20480525,20310411,20350323,20251208,20340501,20231109,20291225,20341225,20190409,20320325,20280626,20210104,20341120,20401012,20440215,20490416,20300704,20450220,20480217,20440215,20310429,20310410,20280501,20391226,20411226,20330706,20441101,20331115,20310602,20450425,20350808,20290521,20251003,20331230,20300912,20280509,20421111,20271228,20560403,20520419,20560403,20261012,20291224,20360414,20290126,20490416,20451225,20570423,20190211,20260218,20310501,20261228,,20260406,20370406,20270101,20411226,20391102,20330106,20340529
20420404,20310126,20401225,20390715,20270101,20290102,20200225,20400330,20350430,20300315,20220912,20310405,20180813,20311013,20401112,20140414,20350815,20210720,20270101,20281225,20360612,20401112,,20450407,20450407,20371005,20260605,20350929,20390905,20461011,20391226,20260601,,20290402,20310411,20390516,20380903,20380412,20311225,20210406,20330415,20310731,20380101,20330715,20250402,20310403,20270326,20340220,20200507,20330202,20300205,20340502,20480831,20310501,20350326,20251224,20340518,20231206,20291226,20341226,20190418,20320326,20280703,20210105,20341212,20401102,20440415,20490419,20300902,20450407,20480403,20440415,20310505,20310411,20280508,20400102,20420101,20330928,20450813,20331230,20310617,20450501,20351022,20290702,20251006,20340220,20300913,20280809,20421124,20271231,20560501,20520422,20560501,20261102,20291225,20360501,20290330,20490419,20451226,20570501,20190321,20260219,20310623,20270101,,20260501,20370501,20270104,20420101,20391115,20330418,20340801
20420407,20310401,20401226,20390830,20270106,20290129,20200324,20400402,20350501,20300419,20221003,20310411,20181015,20311023,20401122,20140418,20350905,20210816,20270326,20281226,20361225,20401122,,20450529,20450529,20371225,20261224,20351201,20391111,20461218,20391227,20260803,,20290501,20310414,20390613,20390103,20380413,20311226,20210519,20330418,20310801,20380126,20330830,20250403,20310411,20270329,20340221,20200511,20330401,20300206,20340815,20481225,20310728,20350507,20251225,20340529,20231208,20300101,20350101,20190419,20320409,20280904,20210106,20341225,20401115,20440530,20490426,20301014,20450529,20480525,20440530,20310506,20310414,20280525,20400109,20420127,20331028,20450814,20340120,20310804,20450602,20351225,20290716,20251007,20340221,20301001,20281017,20421225,20280103,20561225,20520501,20561225,20261120,20291226,20360522,20290402,20490426,20460101,20571225,20190429,20260220,20310624,20270215,,20260514,20370604,20270125,20420102,20391230,20330616,20341225
20420425,20310402,20410101,20391019,20270315,20290206,20200402,20400425,20350601,20300422,20221004,20310414,20181023,20311205,20401225,20140424,20351002,20211018,20270329,20290101,20361231,20401225,,20450704,20450704,20371228,20261225,20351202,20391124,20470212,20400102,20261026,,20290510,20310501,20390704,20390124,20380430,20320101,20210614,20330502,20310901,20380208,20331223,20250418,20310423,20270427,20340301,20200525,20330502,20300207,20341031,20481228,20310729,20350528,20260101,20340623,20231225,20300128,20350326,20190501,20320830,20281009,20210107,20350101,20401225,20440704,20490614,20301111,20450704,20480703,20440704,20310721,20310501,20280605,20400213,20420303,20331117,20450815,20340220,20311224,20450629,20351226,20290815,20251008,20340301,20301002,20281225,20430101,20280303,20561226,20520610,20561226,20261225,20291231,20360602,20290425,20490614,20460323,20571226,20190503,20260227,20311001,20270326,,20260525,20371111,20270208,20420206,20400213,20330622,20341226
20420609,20310403,20410419,20391020,20270325,20290330,20200409,20400507,20350618,20300501,20221005,20310424,20181205,20311210,20410101,20140501,20351011,20211101,20270506,20290330,20370101,20410101,,20450904,20450904,20380101,20261231,20351203,20391125,20470303,20400126,20261225,,20290521,20310522,20391114,20390125,20380503,20320106,20210701,20330506,20311111,20380308,20340301,20250501,20310501,20270616,20340501,20200526,20330513,20300501,20341101,20490101,20311008,20350827,20260217,20340815,20240101,20300311,20350425,20190513,20321101,20281113,20210108,20350205,20410101,20440905,20491227,20301128,20450904,20480907,20440905,20310811,20310522,20280714,20400214,20420404,20331226,20450924,20340221,20311225,20450815,20360101,20290917,20251009,20340501,20301003,20290101,20430210,20280414,20570101,20521224,20570101,20261231,20300101,20360612,20290611,20491227,20460326,20580101,20190506,20260403,20311010,20270524,,20260604,20371225,20270326,20420404,20400214,20330805,20350101
20421006,20310423,20410422,20391021,20270430,20290402,20200410,20400815,20350815,20300610,20221006,20310501,20181210,20311231,20410121,20140514,20351101,20211115,20270507,20290402,20370216,20410121,,20451123,20451123,20380126,20270101,20360101,20391226,20470724,20400330,20261228,,20290531,20310602,20391226,20390126,20380902,20320326,20210922,20330601,20311225,20380423,20340302,20250512,20310507,20270809,20340505,20200731,20330610,20300516,20341225,20490416,20311208,20351225,20260403,20341101,20240318,20300419,20350501,20190605,20321130,20281225,20210222,20350319,20410304,20441124,20491228,20301225,20451123,20481126,20441124,20310915,20310602,20280815,20400215,20420407,20340407,20451019,20340407,20311226,20451101,20360303,20290918,20251225,20340505,20301004,20290213,20430211,20280417,20570420,20521225,20570420,20270101,20300419,20361003,20290806,20491228,20460507,20580412,20190715,20260406,20320101,20270701,,20261026,20380101,20270329,20420407,20400330,20330815,20350102
20421225,20310702,20410530,20391226,20270503,20290425,20200501,20401001,20351130,20300819,20221007,20310503,20181231,20320101,20410218,20140729,20351115,20211208,20270517,20290501,20370217,20410218,,20451225,20451225,20380308,20270325,20360206,20400102,20470725,20400402,20261229,,20291003,20310801,20391227,20390127,20380903,20320329,20211001,20330701,20311226,20380426,20340303,20250529,20310522,20270924,20340525,20200820,20330831,20300530,20341226,20490419,20311225,20351226,20260501,20341225,20240328,20300422,20350815,20190612,20321208,20281226,20210223,20350322,20410305,20441226,20500103,20310101,20451225,20481225,20441226,20310923,20311224,20281101,20400330,20420425,20340410,20451022,20340421,20320101,20451208,20360310,20290919,20260101,20340525,20301007,20290214,20430327,20280501,20570423,20521226,20570423,20270125,20300422,20361224,20291001,20500103,20460509,20580415,20190812,20260501,20320102,20270802,,20261208,20380106,20270426,20420425,20400501,20331101,20350323
20421226,20311112,20410610,20391227,20270621,20290604,20200525,20401225,20351225,20300820,20230102,20310703,20190101,20320102,20410419,20140815,20351225,20211231,20270721,20290508,20370403,20410419,,20460101,20460101,20380423,20270326,20360207,20400116,20470929,20400425,20270101,,20291224,20310911,20400102,20390128,20390103,20320506,20211014,20330909,20320101,20380427,20340501,20250606,20310702,20271216,20340531,20200831,20330916,20300531,20350101,20490503,20320101,20360101,20260604,20341226,20240329,20300425,20351101,20190812,20321224,20290101,20210308,20350323,20410419,20450102,20500126,20310120,20460101,20490101,20450102,20311013,20311225,20281225,20400501,20420602,20340501,20451023,20340501,20320325,20451225,20360411,20291015,20260216,20340531,20310101,20290215,20430501,20280508,20570501,20521231,20570501,20270208,20300501,20361225,20291225,20500126,20460528,20580501,20190916,20260619,20320205,20270906,,20261224,20380426,20270607,20420602,20400531,20331226,20350326
20430101,20311130,20411225,20391228,20271028,20291022,20200615,20401226,20351226,20301023,20230123,20310815,20190219,20320225,20410527,20140818,20360208,20220110,20271101,20290705,20370421,20410527,,20460115,20460115,20380426,20270329,20360228,20400330,20470930,20400507,20270317,,20291225,20311225,20400123,20390404,20390124,20320625,20211227,20331226,20320326,20380614,20340519,20250627,20311113,20271227,20340606,20200909,20331209,20300916,20350102,20490531,20320102,20360411,20260610,20350101,20240501,20300610,20351225,20190821,20321230,20290102,20210503,20350501,20410501,20450116,20500408,20310217,20460115,20490118,20450116,20311103,20311226,20281226,20401105,20420929,20340508,20460802,20340608,20320326,20451226,20360414,20291101,20260217,20340606,20310122,20290330,20430810,20280524,20571224,20530101,20571224,20270209,20300530,20361226,20291226,20500408,20460827,20581225,20190923,20260925,20320206,20271011,,20261225,20380503,20271025,20421027,20400907,20340106,20350501
20430126,20311202,20411226,20391229,20280106,20291225,20200709,20410101,20360101,20301101,20230124,20310920,20190408,20320406,20410704,20140829,20360225,20220321,20271111,20290829,20370501,20410704,,20460219,20460219,20380427,20270423,20360508,20400528,20471001,20400611,20270326,,20291226,20311226,20400215,20390502,20390125,20321206,20220201,20331227,20320528,20381021,20340830,20250905,20311225,20280321,20340815,20200916,20331223,20301225,20350208,20490830,20320325,20360414,20261005,20350323,20240502,20300927,20351226,20190826,20321231,20290330,20210504,20351102,20410620,20450220,20500411,20310526,20460219,20490215,20450220,20311124,20320101,20290101,20401128,20421225,20340705,20460805,20340907,20320329,20460101,20360602,20291102,20260218,20340815,20310123,20290424,20431112,20280906,20571225,20530404,20571225,20270326,20300606,20361231,20300101,20500411,20461225,20581226,20191014,20261009,20320209,20271111,,20270101,20380624,20271227,20421225,20401012,20340410,20350503
20430309,20311203,20420101,20400423,20280228,20291226,20200817,20410128,20360102,20301224,20230125,20311002,20190415,20320413,20410902,20141002,20360312,20220414,20280414,20291101,20370604,20410902,,20460323,20460323,20380531,20270506,20360918,20400704,20471218,20400727,20270329,,20291231,20311231,20400330,20390503,20390126,20321224,20220202,20340102,20320621,20381227,20341212,20251225,20311226,20280414,20340926,20201029,20331226,20310101,20350326,20491227,20320326,20360505,20261201,20350326,20240515,20301105,20360101,20191028,20330103,20290521,20210510,20351119,20411115,20450407,20500425,20310704,20460323,20490416,20450407,20311231,20320325,20290330,20401225,20421226,20340706,20460806,20341012,20320422,20460326,20360630,20291225,20260501,20340926,20310124,20290501,20431225,20280922,20571226,20530407,20571226,20270421,20300621,20370101,20300128,20500425,20461226,20590101,20191104,20270101,20320210,20271227,,20270106,20381101,20271228,20421226,20401102,20340501,20350514
20430327,20320101,20420404,20400501,20280414,20300101,20201012,20410419,20360124,20301225,20230126,20311016,20190416,20320414,20411014,20141003,20360409,20220415,20280417,20291224,20370907,20411014,,20460528,20460528,20380614,20270507,20361119,20400903,20480211,20400806,20270503,,20300101,20320101,20400402,20390902,20390127,20330106,20220203,20340220,20320729,20381228,20341213,20251226,20311231,20280417,20340927,20201225,20340102,20310123,20350427,20491228,20320629,20360526,20261208,20350501,20240815,20301225,20360414,20191101,20330131,20290625,20210614,20351212,20411225,20450529,20500613,20310901,20460528,20490531,20450529,20320101,20320326,20290402,20410101,20430101,20340928,20460923,20341102,20320506,20460425,20360804,20291231,20260505,20340927,20310127,20290528,20440101,20281225,20571231,20530501,20571231,20270527,20301224,20370106,20300419,20500613,20470101,20590328,20191231,20270205,20320211,20271228,,20270329,20381111,20280103,20430101,20401115,20340608,20350801
20430330,20320114,20420407,20400830,20280417,20300102,20201106,20410422,20360421,20301226,20230127,20311024,20190501,20320415,20411111,20141006,20360411,20220530,20280501,20291225,20371012,20411111,,20460704,20460704,20380802,20270517,20361120,20401106,20480301,20401225,20270607,,20300419,20320102,20400521,20400102,20390128,20330415,20220405,20340221,20320730,20390103,20341214,20260101,20320101,20280427,20340928,20210101,20340201,20310124,20350501,20500103,20320728,20360825,20261224,20350503,20241101,20301226,20360425,20191224,20330311,20290702,20211104,20351225,20420101,20450704,20501226,20311013,20460704,20490705,20450704,20320102,20320329,20290501,20410109,20430126,20341117,20461009,20341115,20320517,20460501,20360805,20300101,20260603,20340928,20310128,20290809,20440201,20281226,20580101,20530526,20580101,20270709,20301225,20370403,20300422,20501226,20470412,20590331,20200101,20270208,20320212,20280103,,20270506,20390106,20280104,20430102,20401225,20340622,20351225
20430608,20320115,20420515,20401008,20280501,20300128,20201123,20410425,20360501,20301227,20230405,20311030,20190520,20320503,20411128,20141015,20360414,20220620,20280525,20291226,20371102,20411128,,20460903,20460903,20381004,20271224,20361130,20401112,20480712,20401226,20270802,,20300422,20320326,20400618,20400213,20390404,20330418,20220415,20340222,20320906,20390126,20350101,20260116,20320113,20280501,20341003,20210128,20340202,20310127,20350502,20500408,20320729,20361225,20261225,20350514,20241206,20310101,20360501,20191225,20330414,20290903,20211105,20360101,20420217,20450904,20501227,20311111,20460903,20490906,20450904,20320112,20320506,20290508,20410304,20430302,20341225,20461010,20341120,20320617,20460629,20360806,20300419,20260924,20341003,20310407,20291105,20440415,20281227,20580412,20531224,20580412,20270907,20301226,20370406,20300425,20501227,20470415,20590501,20200102,20270209,20320213,20280221,,20270517,20390411,20280124,20430206,20401231,20340815,20351226
20431005,20320321,20420526,20401009,20280605,20300206,20201208,20410506,20360609,20310101,20230501,20311101,20190701,20320524,20411225,20141023,20360501,20220627,20280526,20300101,20371130,20411225,,20461122,20461122,20381227,20271231,20361202,20401122,20480713,20410101,20271025,,20300501,20320329,20400702,20400214,20390502,20330526,20220418,20340405,20321111,20390214,20350219,20260217,20320114,20280616,20341009,20210201,20340220,20310403,20350625,20500411,20320830,20361226,20270101,20350815,20241225,20310127,20360602,20191230,20330415,20291008,20220103,20360204,20420218,20451123,20510102,20311127,20461122,20491125,20451123,20320211,20320517,20290510,20410305,20430327,20341226,20461011,20341225,20320802,20460815,20361020,20300501,20260925,20341009,20310501,20291225,20440502,20290101,20580415,20531225,20580415,20271012,20301231,20370501,20300610,20510102,20470506,20591225,20200103,20270210,20320227,20280414,,20270527,20390503,20280207,20430327,20410101,20341101,20360101
20431225,20320322,20421225,20401029,20280815,20300419,20201225,20410814,20360815,20310411,20230622,20311113,20190716,20320701,20420101,20141024,20360815,20220704,20280605,20300419,20371225,20420101,,20461225,20461225,20381228,20280413,20361203,20401123,20480714,20410128,20271227,,20300530,20320506,20401112,20400215,20390503,20330624,20220502,20340407,20321227,20390314,20350220,20260319,20320115,20280809,20341225,20210212,20340221,20310423,20350815,20500502,20321008,20370101,20270209,20351101,20250101,20310310,20360815,20191231,20330829,20291112,20220104,20360317,20420404,20451225,20510126,20311225,20461225,20491224,20451225,20320223,20321224,20290521,20410306,20430330,20350101,20470723,20341229,20321224,20461101,20361225,20300521,20261009,20341225,20310502,20300101,20440512,20290305,20580501,20531226,20580501,20271102,20310101,20370514,20300805,20510126,20470509,20591226,20200113,20270301,20320405,20280522,,20271026,20390609,20280414,20430330,20410304,20341225,20360102
20431228,20320323,20421226,20401214,20281225,20300422,20210101,20411007,20361201,20310414,20230623,20311115,20190729,20320722,20420120,20141104,20360929,20220720,20280721,20300422,20371231,20420120,,20470101,20470101,20390103,20280414,20370101,20401225,20480920,20410419,20271228,,20300610,20320517,20401225,20400216,20390902,20331206,20220509,20340410,20321228,20390408,20350221,20260320,20320116,20280925,20341229,20210429,20340301,20310501,20351031,20500530,20321101,20370403,20270326,20351225,20250106,20310411,20361208,20200101,20331101,20291225,20220105,20360410,20420421,20460101,20510331,20320101,20470101,20500117,20460101,20320429,20330414,20290815,20410419,20430427,20350323,20470724,20350101,20330414,20461225,20361226,20300716,20261225,20341229,20310623,20300204,20440809,20290406,20581224,20531231,20581224,20271115,20310106,20370525,20301007,20510331,20470527,20600101,20200211,20270405,20320406,20280703,,20271101,20390815,20280417,20430427,20410305,20341226,20360411
20440101,20320411,20430101,20401217,20281226,20300425,20210215,20411225,20361225,20310501,20230929,20311202,20190812,20320728,20420217,20141106,20361002,20220815,20280815,20300501,20380101,20420217,,20470121,20470121,20390126,20280417,20370125,20410101,20480921,20410422,20271229,,20300620,20320909,20401226,20400217,20400102,20331226,20220603,20340501,20330103,20390411,20350423,20260323,20320211,20281225,20350101,20210513,20340322,20310506,20351101,20500829,20321208,20370406,20270527,20351226,20250417,20310414,20361225,20200409,20331130,20291226,20220106,20360411,20420501,20460115,20510403,20320119,20470121,20500221,20460115,20320503,20330415,20291101,20410501,20430601,20350326,20470725,20350205,20330415,20461226,20370101,20300815,20270101,20350101,20310624,20300205,20440824,20290409,20581225,20540101,20581225,20271231,20310411,20370604,20301225,20510403,20470826,20600416,20200224,20270406,20320430,20280807,,20271208,20391101,20280425,20430601,20410419,20350101,20360414
20440126,20320620,20430327,20410101,20290101,20300603,20210216,20411226,20361226,20310502,20231002,20311225,20191014,20320812,20420526,20141225,20361020,20221017,20281101,20300508,20380308,20420526,,20470218,20470218,20390314,20280512,20370126,20410121,20480922,20410425,20280103,,20301003,20321231,20410101,20400420,20400213,20340106,20220701,20340525,20330415,20390412,20350501,20260403,20320322,20281226,20350207,20210514,20340501,20310530,20351225,20501226,20330414,20370504,20270610,20360101,20250418,20310425,20361226,20200410,20331208,20300101,20220107,20360501,20420605,20460219,20510425,20320216,20470218,20500408,20460219,20320504,20330418,20291225,20411104,20430928,20350501,20470923,20350206,20330418,20470101,20370302,20300918,20270208,20350207,20311001,20300206,20441020,20290501,20581226,20540327,20581226,20280125,20310414,20371224,20301226,20510425,20471225,20600419,20200320,20270430,20320611,20280904,,20271224,20391111,20280605,20431026,20410501,20350326,20360501
20440314,20321101,20430330,20410423,20290219,20301028,20210324,20420101,20370101,20310602,20231003,20320115,20191023,20321013,20420704,20150126,20361103,20221107,20281225,20300705,20380309,20420704,,20470412,20470412,20390408,20280525,20370127,20410419,20480923,20410506,20280317,,20301224,20330415,20410128,20400430,20400214,20340407,20221004,20340620,20330527,20390425,20350830,20260417,20320326,20290101,20350208,20210526,20340503,20310702,20351226,20501227,20330415,20370525,20271005,20360411,20250501,20310609,20370101,20200501,20331223,20300102,20220110,20360916,20421225,20460323,20510612,20320531,20470412,20500530,20460323,20320505,20330517,20291226,20411105,20431225,20350508,20470929,20350323,20330421,20470415,20370309,20300919,20270209,20350208,20311002,20300419,20441031,20290507,20581231,20540330,20581231,20280228,20310501,20371225,20310101,20510612,20471226,20610408,20200429,20270609,20320920,20281009,,20280106,20391226,20281023,20431225,20410620,20350501,20360522
20440415,20321130,20430427,20410501,20290406,20301225,20210401,20420127,20370102,20310820,20231004,20320126,20191205,20321025,20420901,20150217,20361120,20221114,20281226,20300829,20380421,20420901,,20470527,20470527,20390411,20280526,20370216,20410527,20480924,20410610,20280414,,20301225,20330418,20410306,20400501,20400215,20340410,20221226,20340928,20330620,20390613,20351029,20260501,20320412,20290321,20350209,20210720,20340530,20310901,20360101,20510102,20330629,20370831,20271101,20360414,20250502,20310926,20370106,20200525,20331230,20300419,20220223,20361117,20430101,20460528,20511225,20320705,20470527,20500704,20460528,20320719,20330526,20300101,20411111,20431228,20350705,20470930,20350423,20330526,20470425,20370403,20300920,20270301,20350209,20311003,20300501,20441226,20290524,20590101,20540501,20590101,20280229,20310522,20371231,20310127,20511225,20480101,20610411,20200504,20270915,20321011,20281113,,20280417,20400106,20281225,20431228,20411115,20350524,20360602
20440418,20321202,20430507,20410715,20290409,20301226,20210402,20420404,20370406,20311023,20231005,20320310,20191210,20321206,20421013,20150219,20361225,20221208,20290101,20301101,20380423,20421013,,20470704,20470704,20390425,20280605,20370428,20410704,20481217,20410726,20280417,,20301226,20330526,20410419,20400903,20400216,20340501,20221227,20341002,20330728,20391020,20351203,20260514,20320506,20290330,20350301,20210810,20340831,20310916,20360102,20510331,20330728,20371225,20271201,20360501,20250515,20311104,20370406,20200612,20340301,20300520,20220307,20361201,20430209,20460704,20511226,20320906,20470704,20500905,20460704,20320811,20330606,20300419,20411128,20440101,20350706,20471001,20350501,20330606,20470501,20370406,20301031,20270303,20350301,20311006,20300516,20450102,20290906,20590328,20540518,20590328,20280414,20310606,20380101,20310411,20511226,20480403,20611226,20200505,20271011,20321231,20281225,,20280501,20400402,20281226,20440101,20411225,20350622,20360801
20440425,20330101,20430518,20410830,20290501,20310101,20210525,20420407,20370501,20311024,20231006,20320322,20191231,20321210,20421111,20150306,20370126,20221230,20290330,20301224,20380624,20421111,,20470902,20470902,20390530,20281225,20370907,20410902,20490209,20410805,20280501,,20301231,20330606,20410422,20410101,20400217,20340518,20230102,20341020,20330729,20391226,20360101,20260527,20320525,20290402,20350501,20210831,20341109,20311114,20360208,20510403,20330729,20371228,20271208,20360522,20250619,20311225,20370501,20200731,20340406,20300624,20220308,20361212,20430210,20460903,20520101,20321011,20470902,20501124,20460903,20320920,20331226,20300422,20411209,20440126,20350928,20480709,20350524,20330617,20470815,20370525,20301101,20270505,20350501,20311007,20300809,20450217,20290924,20590331,20541224,20590331,20280421,20310620,20380106,20310414,20520101,20480406,20620324,20200506,20271231,20330127,20281226,,20280525,20400501,20290101,20440104,20411231,20350625,20361225
20440613,20330102,20431225,20410927,20290528,20310102,20210621,20420425,20370525,20311224,20240101,20320326,20200101,20321231,20421127,20150321,20370127,20230109,20290402,20301225,20380907,20421127,,20471128,20471128,20390613,20281226,20371108,20411111,20490307,20411225,20280605,,20310101,20330801,20410520,20410130,20400420,20340623,20230123,20341225,20330905,20391227,20360208,20260601,20320601,20290427,20350507,20210909,20341128,20311225,20360414,20510501,20330830,20380101,20271224,20360602,20250725,20311226,20370602,20200821,20340407,20300701,20220502,20361225,20430327,20461122,20520126,20321111,20471128,20501226,20461122,20320921,20340406,20300501,20411225,20440307,20351224,20480712,20350907,20330801,20471101,20370629,20301225,20270513,20350507,20311008,20301225,20450407,20291224,20590501,20541225,20590501,20280501,20311224,20380423,20310425,20520126,20480504,20620327,20200720,20280124,20330128,20290101,,20280605,20400503,20290102,20440208,20420101,20350815,20361226
20441003,20330103,20440101,20411029,20290815,20310127,20210709,20420505,20370601,20311225,20240209,20320401,20200210,20330103,20421225,20150328,20370213,20230320,20290501,20301226,20381012,20421225,,20471225,20471225,20390801,20290101,20371109,20411128,20490701,20411226,20280807,,20310411,20330908,20410617,20410131,20400430,20341206,20230124,20341226,20331111,20400102,20360211,20260616,20320817,20290501,20350515,20210916,20341212,20320101,20360501,20510529,20331101,20380423,20280229,20360623,20250815,20320101,20371208,20200831,20340501,20300902,20220503,20370101,20430421,20461225,20520419,20321125,20471225,20510102,20461225,20320922,20340407,20300508,20420101,20440415,20351225,20480713,20351012,20331226,20471225,20370803,20301231,20270914,20350515,20320101,20310101,20450501,20291225,20591224,20541231,20591224,20280615,20311225,20380426,20310609,20520419,20480525,20620501,20200811,20280125,20330131,20290219,,20280615,20400531,20290122,20440415,20420217,20351008,20370101
20441226,20330104,20440415,20411204,20291225,20310206,20210816,20420813,20371130,20311226,20240212,20320414,20200406,20330214,20430101,20150401,20370226,20230406,20290510,20310101,20381102,20430101,,20480101,20480101,20391003,20290329,20371110,20411129,20490704,20420101,20281030,,20310414,20331226,20410701,20410201,20400501,20341225,20230125,20350101,20331226,20400126,20360423,20260817,20321101,20290809,20350606,20211019,20341213,20320102,20360502,20510828,20331208,20380426,20280414,20360815,20251110,20320126,20371225,20201130,20340508,20301014,20220509,20370202,20430501,20470101,20520422,20330117,20480101,20510116,20470101,20321011,20340410,20300530,20420109,20440418,20351226,20480917,20351102,20340406,20471226,20370804,20310101,20270915,20350606,20320102,20310123,20450531,20291226,20591225,20550101,20591225,20280907,20311226,20380603,20310804,20520422,20480831,20621225,20200921,20280126,20330201,20290330,,20280815,20400815,20290206,20440418,20420218,20351101,20370102
20441227,20330310,20440418,20411205,20291226,20310411,20211011,20421006,20371201,20320101,20240213,20320421,20200413,20330406,20430119,20150402,20370302,20230407,20290511,20310106,20381115,20430119,,20480120,20480120,20391226,20290330,20371130,20411225,20490705,20420127,20281225,,20310501,20340102,20411111,20410204,20400903,20341226,20230405,20350208,20331227,20400213,20360501,20260825,20321224,20290924,20350815,20211104,20341225,20320114,20360625,20511225,20340406,20380503,20280425,20361225,20251208,20320308,20380101,20201208,20340612,20301111,20220613,20370316,20430528,20470121,20520425,20330221,20480120,20510220,20470121,20321103,20340501,20300610,20420217,20440425,20360101,20480920,20351115,20340407,20480101,20370805,20310411,20270916,20350815,20320210,20310124,20450809,20291231,20591226,20550416,20591226,20281012,20311231,20380614,20311006,20520425,20481225,20621226,20200922,20280127,20330202,20290521,,20281026,20401101,20290330,20440425,20420404,20351225,20370403
20450102,20330312,20440427,20411206,20300101,20310414,20211208,20421225,20371225,20320102,20240214,20320423,20200414,20330413,20430216,20150403,20370325,20230501,20290521,20310411,20381130,20430216,,20480217,20480217,20391227,20290402,20371202,20420101,20490908,20420404,20281226,,20310522,20340407,20411225,20410205,20401231,20350101,20230407,20350209,20340102,20400312,20360519,20261225,20321231,20291217,20350917,20220118,20350101,20320115,20360815,20511226,20340407,20380531,20280501,20361226,20251225,20320326,20380106,20201224,20340821,20301225,20221104,20370402,20430907,20470218,20520610,20330530,20480217,20510331,20470218,20321123,20340517,20300815,20420218,20440606,20360411,20480921,20351120,20340410,20480106,20371019,20310501,20280126,20350917,20320211,20310403,20450814,20300101,20591231,20550419,20591231,20281102,20320101,20380624,20311225,20520610,20481228,20630101,20201012,20280128,20330203,20290702,,20281101,20401225,20290402,20440606,20420421,20351226,20370406
20450126,20330609,20440526,20420101,20300311,20310425,20211224,20421226,20380101,20320315,20240215,20320501,20200415,20330414,20430327,20150414,20370403,20230522,20290815,20310414,20381231,20430327,,20480403,20480403,20400102,20290427,20371203,20420120,20490909,20420407,20281227,,20310602,20340410,20411226,20410410,20410101,20350323,20230410,20350323,20340407,20400330,20360715,20270101,20330103,20291225,20350918,20220201,20350124,20320202,20361031,20520101,20340501,20380830,20280613,20370101,20260101,20320329,20380426,20201225,20340828,20301226,20230102,20370403,20431012,20470412,20521225,20330704,20480403,20510529,20470412,20321231,20340518,20301101,20420219,20440926,20360414,20480923,20351225,20340420,20480406,20371225,20310521,20280127,20350918,20320212,20310411,20451108,20300304,20600101,20550607,20600101,20281115,20320106,20381101,20311226,20521225,20490101,20630413,20201103,20280228,20330204,20290806,,20281208,20401226,20290425,20441024,20420501,20360101,20370501
20450313,20331130,20440606,20420423,20300325,20310602,20211231,20430101,20380426,20320326,20240404,20320512,20200501,20330415,20430525,20150501,20370414,20230612,20291101,20310501,20390221,20430525,,20480525,20480525,20400126,20290510,20380116,20420404,20491219,20420425,20290101,,20310612,20340501,20420101,20410429,20410130,20350326,20230501,20350326,20340526,20400402,20361029,20270105,20330104,20291226,20351003,20220202,20350201,20320211,20361225,20520419,20340629,20381227,20280615,20370403,20260106,20320426,20380602,20201230,20341030,20310101,20230103,20370501,20431102,20470527,20521226,20330905,20480525,20510704,20470527,20330103,20340529,20301111,20420404,20441226,20360501,20490630,20351231,20340501,20480501,20371228,20310716,20280128,20351003,20320213,20310501,20451225,20300426,20600416,20551224,20600416,20281120,20320326,20381224,20320101,20521226,20490416,20630416,20201123,20280403,20330228,20290903,,20281225,20410101,20290604,20441226,20420605,20360414,20370514
20450407,20331203,20441226,20420501,20300426,20311027,20220228,20430126,20380601,20320329,20240405,20320621,20200506,20330502,20430703,20150504,20370501,20230619,20291225,20310508,20390222,20430703,,20480703,20480703,20400312,20290511,20380117,20420526,20500208,20420505,20290319,,20311003,20340518,20420127,20410430,20410131,20350501,20230526,20350405,20340619,20400403,20361119,20270309,20330105,20300101,20351009,20220203,20350208,20320212,20361226,20520422,20340728,20381228,20280815,20370406,20260319,20320614,20381101,20201231,20341101,20310102,20230104,20370916,20431225,20470704,20530101,20331010,20480703,20510904,20470704,20330110,20341225,20301225,20420501,20441227,20360508,20490701,20360101,20340518,20480602,20380101,20310815,20280301,20351009,20320216,20310506,20460101,20300429,20600419,20551231,20600419,20281225,20320329,20381231,20320126,20530101,20490419,20630501,20201231,20280404,20330404,20291008,,20281226,20410422,20291022,20441227,20421225,20360501,20370525
20450410,20331224,20450407,20420519,20300429,20311225,20220301,20430327,20380614,20320517,20240501,20320908,20200701,20330513,20430907,20150718,20371002,20230703,20291226,20310829,20390408,20430907,,20480907,20480907,20400330,20290521,20380417,20420704,20500306,20420609,20290330,,20311224,20340529,20420219,20410501,20410201,20350503,20230622,20350501,20340803,20400425,20361120,20270310,20330106,20300321,20351225,20220419,20350209,20320322,20370101,20520506,20340830,20390103,20281005,20370501,20260402,20320924,20381208,20210101,20341130,20310411,20230105,20371102,20440101,20470902,20530127,20331111,20480907,20511123,20470902,20330211,20341226,20301226,20421103,20450102,20361028,20490704,20360225,20340529,20480629,20380301,20310918,20280412,20351225,20320405,20311114,20460206,20300501,20601224,20560331,20601224,20281229,20320506,20390106,20320326,20530127,20490503,20631225,20210101,20280501,20330405,20291112,,20290101,20410501,20291225,20450102,20421231,20360612,20371225
20450425,20331225,20450410,20420715,20300501,20311226,20220324,20430330,20381130,20320820,20240610,20321002,20200706,20330701,20431012,20150815,20371109,20230720,20300101,20310901,20390421,20431012,,20481126,20481126,20400402,20290605,20380828,20420901,20500620,20420725,20290402,,20311225,20340801,20420404,20410902,20410204,20350622,20231002,20350515,20340804,20400611,20361121,20270311,20330107,20300419,20351231,20220502,20350219,20320412,20370102,20520527,20341101,20390408,20281101,20370514,20260403,20321102,20390106,20210212,20341208,20310519,20230106,20371116,20440229,20471128,20530404,20331124,20481126,20511225,20471128,20330223,20350101,20310101,20421104,20450126,20361117,20490907,20360226,20340807,20481208,20380308,20310919,20280501,20351231,20320503,20311225,20460207,20300506,20601231,20560403,20601231,20290101,20320625,20390408,20320329,20530404,20490531,20631226,20210111,20280529,20330502,20291225,,20290402,20410503,20291226,20450103,20430101,20360625,20380101
20450612,20340101,20450427,20420916,20300617,20320101,20220414,20430504,20381201,20321101,20240916,20321004,20200728,20330711,20431111,20150818,20371225,20230807,20300419,20310915,20390609,20431111,,20481225,20481225,20400425,20291224,20381030,20421104,20500621,20420804,20290507,,20311226,20340907,20420407,20420101,20410205,20351206,20231023,20350611,20340904,20401025,20370101,20270312,20330131,20300422,20360101,20220503,20350312,20320524,20370406,20520826,20341208,20390411,20281201,20370525,20260501,20321227,20390411,20210401,20341213,20310624,20230223,20371225,20440301,20471225,20530407,20331226,20481225,20520101,20471225,20330321,20350322,20310411,20421105,20450306,20361224,20490908,20360411,20341225,20481225,20380423,20311031,20280502,20360101,20320614,20320101,20460323,20300524,20610408,20560501,20610408,20290125,20321224,20390411,20320426,20530407,20490830,20640101,20210211,20281002,20330601,20291226,,20290501,20410620,20300101,20450206,20430209,20360805,20380423
20451002,20340228,20450505,20420917,20300815,20320102,20220415,20430812,20390124,20321224,20240917,20321013,20200812,20330728,20431126,20150917,20380126,20230821,20300422,20311117,20390907,20431126,,20490101,20490101,20400528,20291225,20381031,20421111,20500622,20421225,20290604,,20311231,20341225,20420519,20420120,20410410,20351224,20231225,20350702,20341113,20401225,20370127,20270326,20330331,20300501,20360128,20220504,20350501,20320531,20370427,20521225,20341225,20390502,20281208,20370623,20260515,20321228,20390425,20210402,20341225,20310701,20230224,20380101,20440415,20480101,20530425,20340102,20490101,20520115,20480101,20330429,20350323,20310414,20421110,20450407,20361225,20490909,20360421,20341226,20490101,20380426,20311208,20280505,20360128,20320920,20320114,20460501,20300906,20610411,20560522,20610411,20290212,20321231,20390519,20320614,20530425,20491227,20640404,20210223,20281003,20330908,20300101,,20290510,20410815,20300102,20450407,20430210,20360815,20380426
20451225,20340301,20450518,20420918,20301028,20320126,20220525,20431005,20390418,20330314,20241001,20321014,20201013,20330812,20431225,20150925,20380215,20231016,20300501,20311224,20391012,20431225,,20490118,20490118,20400611,20291226,20381130,20421127,20500623,20421226,20290806,,20320101,20341226,20420616,20420121,20410429,20351225,20231226,20350917,20341225,20401226,20370128,20270407,20330401,20300617,20360129,20220516,20350521,20320601,20370501,20521226,20350101,20390530,20281225,20371225,20260604,20330103,20390602,20210409,20350101,20310901,20230308,20380201,20440421,20480120,20530609,20340116,20490118,20520219,20480120,20330503,20350326,20310501,20421128,20450410,20361226,20490923,20360423,20350101,20490106,20380614,20311225,20280606,20360129,20321001,20320211,20460521,20300923,20610530,20561225,20610530,20290213,20330106,20390530,20320802,20530609,20491228,20640407,20210429,20281009,20330909,20300218,,20290521,20411101,20300121,20450410,20430327,20361008,20380603
20451226,20340302,20450529,20421029,20301225,20320206,20220620,20431225,20390601,20330315,20241002,20321018,20201023,20331013,20440101,20151002,20380304,20231106,20300530,20311225,20391102,20440101,,20490215,20490215,20400806,20291231,20381202,20421128,20500828,20430101,20291029,,20320326,20350101,20420707,20420122,20410430,20351226,20240101,20351001,20341226,20410101,20370129,20270506,20330415,20300809,20360130,20220831,20350522,20320621,20370625,20530101,20350322,20390829,20290101,20380101,20261012,20330126,20390815,20210514,20350208,20311013,20230501,20380315,20440616,20480217,20531225,20340220,20490215,20520419,20480217,20330504,20350501,20310508,20421208,20450425,20370101,20500619,20360501,20350322,20490419,20380702,20311231,20280815,20360130,20321004,20320212,20460809,20301224,20611226,20561226,20611226,20290330,20330415,20390609,20321004,20531225,20500103,20640501,20210503,20281010,20331010,20300419,,20290531,20411111,20300206,20450425,20430421,20361225,20380614
20460101,20340321,20451225,20421124,20301226,20320326,20220815,20431228,20390606,20330415,20241003,20321101,20201207,20331024,20440118,20151022,20380413,20231113,20300531,20311226,20391115,20440118,,20490416,20490416,20401001,20300101,20390101,20421225,20500829,20430126,20291225,,20320329,20350102,20421110,20420123,20410501,20360101,20240212,20351009,20350101,20410128,20370130,20270517,20330526,20300924,20360409,20220916,20350831,20320831,20371225,20530404,20350323,20391226,20290213,20380423,20261109,20330314,20391101,20210720,20350219,20311111,20230508,20380422,20440907,20480403,20531226,20340529,20490416,20520527,20480403,20330505,20350503,20310522,20421225,20450605,20370403,20500620,20360612,20350323,20490602,20380802,20320101,20281002,20360409,20321005,20320322,20461010,20301225,20620324,20570101,20620324,20290501,20330418,20391003,20321227,20531226,20500408,20641225,20210504,20290101,20340102,20300520,,20290815,20411225,20300419,20450605,20430501,20361226,20390408
20460126,20340530,20451226,20421125,20310101,20320329,20221010,20440101,20390815,20330418,20241004,20321102,20201210,20331205,20440215,20151111,20380414,20231208,20300610,20320101,20391130,20440215,,20490531,20490531,20401225,20300418,20390104,20430101,20500830,20430327,20291226,,20320506,20350323,20421225,20420124,20410902,20360411,20240213,20351225,20350323,20410211,20370423,20270520,20330601,20301216,20360501,20221024,20350917,20320916,20380101,20530407,20350501,20391227,20290330,20380426,20261208,20330415,20391208,20210830,20350322,20311225,20230509,20380423,20441012,20480525,20540101,20340704,20490531,20520704,20480525,20330718,20350514,20310602,20430101,20450925,20370406,20500621,20361120,20350326,20490629,20380803,20320326,20281003,20360501,20321006,20320326,20461029,20301226,20620327,20570420,20620327,20290531,20330526,20391101,20321228,20540101,20500411,20641226,20210505,20290212,20340215,20300701,,20291026,20411226,20300422,20451023,20430528,20370101,20390411
20460312,20341010,20460101,20421126,20310106,20320426,20221208,20440126,20391130,20330606,20241007,20321104,20201231,20331212,20440415,20151112,20380423,20231225,20300815,20320106,20391230,20440415,,20490705,20490705,20401226,20300419,20390105,20430119,20501218,20430330,20291227,,20320517,20350326,20421226,20420428,20420101,20360414,20240329,20351226,20350525,20410311,20370501,20270601,20330610,20301225,20360505,20221226,20351030,20321102,20380208,20530505,20350629,20400102,20290425,20380603,20261225,20330418,20391226,20211101,20350323,20311226,20230612,20380916,20441102,20480703,20540126,20340904,20490705,20520902,20480703,20330811,20350517,20310714,20430109,20451225,20370501,20500825,20361225,20350419,20491101,20380804,20320521,20281004,20360505,20321007,20320524,20461225,20301231,20620501,20570423,20620501,20290709,20330606,20391226,20330103,20540126,20500502,20650101,20210719,20290213,20340216,20300805,,20291101,20420101,20300425,20451225,20430907,20370106,20390519
20460323,20341130,20460323,20430101,20310224,20320607,20230220,20440415,20391201,20331031,20250101,20321120,20210101,20340102,20440530,20151125,20380902,20231229,20301101,20320326,20400213,20440530,,20490906,20490906,20410101,20300422,20390106,20430327,20510214,20430504,20300101,,20320527,20350501,20430101,20420429,20420120,20360501,20240401,20360101,20350618,20410419,20370519,20270817,20330817,20301226,20360606,20230102,20351203,20321220,20380426,20530526,20350830,20400330,20290501,20380614,20270101,20330425,20400106,20211130,20350409,20320101,20231106,20381102,20441115,20480907,20540327,20341009,20490906,20521128,20480907,20330919,20351224,20310815,20430209,20451226,20370508,20500828,20361231,20350501,20491208,20381022,20320628,20281005,20360606,20330103,20320809,20470101,20310101,20621225,20570501,20621225,20290907,20330624,20400106,20330126,20540327,20500509,20650327,20210811,20290214,20340217,20300902,,20291224,20420106,20300603,20451226,20431012,20370406,20390530
20460326,20341202,20460326,20430423,20310325,20321025,20230221,20440418,20391226,20331101,20250128,20330103,20210226,20340306,20440704,20151224,20381007,20240101,20301111,20320329,20400214,20440704,,20491125,20491125,20410128,20300517,20390126,20430525,20510305,20430608,20300318,,20321224,20350503,20430126,20420430,20420121,20360522,20240404,20360128,20350802,20410422,20370715,20271224,20331021,20310101,20360815,20230123,20351225,20330103,20380427,20530825,20351008,20400402,20290531,20380623,20270106,20330613,20400402,20211208,20350501,20320102,20240101,20381115,20450220,20481126,20540330,20341123,20491125,20521225,20481126,20330923,20351225,20311111,20430210,20460101,20370706,20500829,20370101,20350503,20500106,20381227,20320716,20281009,20360815,20330131,20321102,20470128,20310303,20621226,20570611,20621226,20291012,20331226,20400330,20330415,20540330,20500530,20650330,20210920,20290215,20340220,20301014,,20291225,20420407,20301028,20460101,20431102,20370501,20390801
20460425,20341203,20460427,20430501,20310411,20321227,20230324,20440425,20400102,20331226,20250129,20330114,20210406,20340406,20440905,20151225,20381029,20240108,20301225,20320705,20400330,20440905,,20491224,20491224,20410311,20300530,20390406,20430703,20510611,20430724,20300419,,20321231,20350514,20430211,20420501,20420122,20360620,20240501,20360129,20350803,20410423,20371029,20280126,20331221,20310321,20361003,20230124,20360101,20330104,20380625,20531225,20351101,20400507,20290613,20381101,20270319,20330923,20400425,20211224,20350612,20320326,20240102,20390207,20450221,20481225,20540608,20341225,20491224,20530101,20481225,20331010,20351226,20311225,20430211,20460126,20370928,20500922,20370120,20350514,20500411,20390103,20320917,20281225,20361003,20330201,20330103,20470412,20310411,20630101,20571224,20630101,20291102,20340106,20400402,20330418,20540608,20500829,20650501,20210923,20290216,20340221,20301111,,20291226,20420501,20301225,20460102,20431225,20370604,20391226
20460611,20341212,20460503,20430519,20310414,20321228,20230406,20440502,20400124,20340315,20250130,20330126,20210413,20340413,20441010,20160126,20381111,20240325,20301226,20320901,20400501,20441010,,20500117,20500117,20410419,20300531,20390817,20430907,20510612,20430803,20300422,,20330415,20350801,20430327,20420502,20420123,20361224,20240515,20360130,20350903,20410425,20371109,20280228,20331222,20310411,20361006,20230201,20360128,20330131,20381101,20531226,20351225,20400528,20290815,20390408,20270325,20331101,20400501,20211230,20350821,20320524,20240103,20390321,20450407,20490101,20541225,20350101,20500117,20530120,20490101,20331103,20360101,20311226,20430327,20460305,20371028,20510608,20370216,20350806,20500425,20390307,20321011,20290101,20361006,20330202,20330131,20470501,20310414,20630413,20571225,20630413,20291115,20340407,20400501,20330425,20541225,20501226,20651225,20211011,20290228,20340222,20301225,,20300101,20420605,20301226,20460206,20431231,20370622,20400102
20461001,20341213,20460514,20430715,20310501,20330103,20230407,20440810,20400501,20340407,20250131,20330331,20210414,20340414,20441111,20160219,20390106,20240328,20310101,20320915,20400531,20441111,,20500221,20500221,20410422,20300605,20391019,20431111,20510613,20431225,20300506,,20330418,20350906,20430330,20420901,20420124,20361225,20240610,20360404,20351112,20410610,20371110,20280229,20331223,20310414,20361009,20230206,20360129,20330201,20390208,20540101,20360101,20400827,20291005,20390411,20270326,20331226,20400815,20211231,20350827,20320624,20240104,20390407,20450421,20490118,20541228,20350115,20500221,20530217,20490118,20331123,20360410,20320101,20430501,20460323,20371117,20510611,20370217,20351224,20500602,20390314,20321101,20290212,20361009,20330203,20330201,20470509,20310501,20630416,20571226,20630416,20291120,20340410,20400510,20330613,20541228,20501227,20660101,20211103,20290403,20340227,20301226,,20300422,20420815,20310101,20460323,20440101,20370625,20400330
20461225,20341214,20461225,20430907,20310602,20330104,20230501,20441003,20400507,20340410,20250203,20330401,20210415,20340501,20441124,20160307,20390126,20240329,20310411,20321101,20400907,20441124,,20500408,20500408,20410425,20300610,20391020,20431126,20510816,20431228,20300603,,20330526,20351225,20430518,20420902,20420428,20361226,20240701,20360411,20351225,20411024,20380101,20280301,20331226,20310428,20361225,20230421,20360201,20330202,20390411,20540327,20360410,20401225,20291101,20390519,20270527,20331227,20401101,20220201,20351101,20320701,20240105,20390408,20450501,20490215,20550101,20350219,20500408,20530404,20490215,20340102,20360411,20320326,20431103,20460326,20371224,20510612,20370403,20351225,20500629,20390408,20321208,20290213,20361225,20330204,20330415,20470724,20310506,20630501,20571231,20630501,20291225,20340501,20400521,20330801,20550101,20510102,20660409,20211123,20290404,20340228,20310101,,20300501,20421111,20310102,20460326,20440229,20370805,20400402
20461226,20350101,20461226,20431029,20310815,20330131,20230525,20441226,20400601,20340501,20250404,20330411,20210503,20340601,20441226,20160324,20390204,20240501,20310414,20321117,20401012,20441226,,20500530,20500530,20410527,20301224,20391130,20431127,20510817,20440101,20300805,,20330606,20351226,20430615,20430101,20420429,20370101,20240918,20360414,20351226,20411225,20380118,20280327,20331227,20310501,20361231,20230501,20360208,20330401,20390427,20540330,20360411,20401226,20291224,20390530,20271012,20340102,20401225,20220414,20351130,20320906,20240108,20390916,20450608,20490416,20550126,20350528,20500530,20530526,20490416,20340103,20360414,20320329,20431104,20460425,20371225,20510816,20370421,20351226,20500815,20390411,20321231,20290214,20361231,20330404,20330502,20470809,20310526,20631224,20580101,20631224,20291231,20340518,20400531,20331003,20550126,20510331,20660412,20211231,20290501,20340404,20310217,,20300530,20421225,20310120,20460425,20440301,20371008,20400501
20470101,20350217,20470101,20431112,20311028,20330207,20230620,20441227,20400625,20340529,20250501,20330412,20210526,20340728,20450102,20160325,20390221,20240513,20310501,20321224,20401102,20450102,,20500704,20500704,20410610,20301225,20391203,20431225,20511218,20440126,20301028,,20330616,20351231,20430706,20430102,20420430,20370106,20241001,20360501,20360101,20411226,20380119,20280414,20340301,20310616,20370101,20230504,20360211,20330502,20390502,20540504,20360501,20410101,20291225,20390623,20271101,20340126,20401226,20220415,20351203,20321011,20240223,20391102,20450907,20490531,20550416,20350704,20500704,20530704,20490531,20340109,20360501,20320506,20431105,20460604,20380101,20510817,20370423,20360101,20501101,20390530,20330415,20290301,20370101,20330502,20330513,20470930,20310908,20631225,20580412,20631225,20300101,20340606,20401003,20331226,20550416,20510403,20670401,20220103,20290615,20340405,20310411,,20300610,20421226,20310206,20460604,20440415,20371225,20400510
20470128,20350218,20470412,20431113,20311225,20330415,20230821,20450102,20400815,20341023,20250502,20330414,20210701,20340731,20450116,20160401,20390311,20240603,20310522,20330106,20401115,20450116,,20500905,20500905,20410805,20301226,20391225,20440101,20520213,20440415,20301225,,20331003,20360101,20431109,20430209,20420501,20370403,20241011,20360530,20360411,20420101,20380423,20280501,20340322,20310924,20370216,20230628,20360229,20330513,20390815,20540525,20360728,20410419,20300101,20390815,20271109,20340313,20410101,20220503,20351224,20321111,20240308,20391121,20451012,20490705,20550419,20350903,20500905,20530901,20490705,20340223,20360522,20320517,20431110,20460924,20380423,20510820,20370501,20360410,20501208,20390701,20330627,20290501,20370216,20330601,20330809,20471018,20310922,20631226,20580415,20631226,20300125,20340623,20401101,20331227,20550419,20510501,20670404,20220110,20290921,20340501,20310519,,20300620,20430101,20310411,20461022,20440421,20380101,20400521
20470311,20350219,20470415,20440101,20311226,20330418,20231016,20450126,20401130,20341101,20250602,20330415,20210726,20340814,20450220,20160408,20390407,20240610,20310523,20330415,20401130,20450220,,20501124,20501124,20411007,20301231,20391226,20440118,20520303,20440418,20301226,,20331226,20360102,20431225,20430210,20420502,20370406,20241225,20360701,20360530,20420127,20380519,20280505,20340407,20311216,20370217,20230719,20360501,20330530,20391031,20540831,20360729,20410422,20300305,20391101,20271206,20340407,20410422,20220509,20351225,20321227,20240501,20391212,20451102,20490906,20550426,20351008,20501124,20531127,20490906,20340320,20360602,20320714,20431208,20461225,20380426,20510924,20370604,20360411,20501226,20390801,20330815,20290507,20370217,20330908,20331223,20471225,20311224,20631231,20580501,20631231,20300304,20341225,20401224,20340102,20550426,20510509,20671226,20220211,20291010,20340619,20310701,,20300815,20430106,20310414,20461225,20440616,20380106,20400801
20470412,20350311,20470523,20440519,20320101,20330425,20231106,20450407,20401225,20341225,20251001,20330610,20210728,20341013,20450529,20160414,20390408,20240701,20310602,20330418,20401225,20450529,,20501226,20501226,20411225,20310101,20391227,20440415,20520529,20440425,20301227,,20340407,20360411,20431228,20430211,20420901,20370501,20241226,20361001,20360616,20420210,20380715,20280509,20340419,20311225,20370304,20230831,20360509,20330531,20391101,20541225,20361008,20410506,20300419,20391226,20271208,20340410,20410425,20220708,20351231,20321228,20240508,20400206,20451115,20491125,20550614,20351112,20501226,20531225,20491125,20340503,20361224,20321101,20431225,20461226,20380705,20520528,20370907,20360414,20510106,20390802,20330919,20290606,20370304,20330909,20331226,20480101,20311225,20640101,20580603,20640101,20300305,20341226,20401225,20340126,20550614,20510529,20680420,20220223,20291231,20340620,20310804,,20301101,20430330,20310425,20461226,20440907,20380426,20401225
20470415,20350520,20470603,20440715,20320106,20330606,20231120,20450410,20401226,20341226,20251002,20330815,20210812,20341023,20450704,20160415,20390414,20240807,20310721,20330705,20401231,20450704,,20510102,20510102,20411226,20310410,20400101,20440530,20520530,20440502,20310101,,20340410,20360414,20440101,20430212,20420902,20370514,20250101,20361027,20360731,20420310,20380830,20280525,20340501,20311226,20370501,20230927,20360901,20330610,20391226,20541228,20361208,20410527,20300425,20400330,20280106,20340425,20410501,20220829,20360101,20330103,20240509,20400319,20451225,20491224,20551227,20351122,20510102,20540101,20491224,20340504,20361225,20321111,20440101,20470101,20380706,20520529,20371012,20360424,20510403,20390803,20331010,20290815,20370501,20331003,20340102,20480214,20311226,20640404,20581224,20640404,20300419,20350101,20401226,20340407,20551227,20510828,20680423,20220321,20300101,20340927,20310901,,20301224,20430501,20310602,20470101,20441012,20380622,20401226
20470425,20350929,20471225,20440824,20320315,20331024,20231208,20450425,20410101,20350101,20251003,20330923,20211013,20341205,20450904,20160419,20390815,20240819,20310815,20330829,20410101,20450904,,20510116,20510116,20420101,20310411,20400115,20440704,20520804,20440613,20310317,,20340501,20360501,20440125,20430213,20430101,20370619,20250129,20361225,20360801,20420404,20381029,20280526,20340518,20320101,20370505,20231113,20360916,20330831,20400102,20550101,20361225,20410826,20300501,20400402,20280413,20340612,20410815,20221031,20360128,20330104,20240510,20400329,20460101,20500117,20551228,20351225,20510116,20540119,20500117,20340505,20361226,20330415,20440229,20470128,20380928,20520530,20371102,20360501,20510425,20391021,20331031,20290921,20370505,20331004,20340220,20480403,20311231,20640407,20581225,20640407,20300501,20350323,20401231,20340410,20551228,20511225,20680501,20220429,20300201,20341009,20311013,,20301225,20430528,20311027,20470102,20441102,20380624,20410101
20470610,20351201,20471226,20440825,20320325,20331226,20231225,20450501,20410102,20350315,20251006,20331003,20211025,20341211,20451009,20160521,20390823,20241014,20311111,20330901,20410304,20451009,,20510220,20510220,20420127,20310414,20400325,20440905,20520805,20440722,20310411,,20340518,20360522,20440302,20430420,20430102,20371224,20250130,20361226,20360901,20420407,20390105,20280601,20340530,20320322,20370522,20231225,20361106,20330916,20400208,20550416,20370101,20411225,20300610,20400501,20280414,20340929,20411101,20221101,20360207,20330415,20240612,20400330,20460205,20500221,20560103,20360101,20510220,20540216,20500221,20340717,20370101,20330418,20440301,20470304,20381028,20520804,20371120,20360522,20510501,20391226,20331101,20290924,20370522,20331005,20340221,20480501,20320101,20640501,20581226,20640501,20300620,20350326,20410101,20340425,20560103,20511226,20681225,20220503,20300204,20341010,20311111,,20301226,20431111,20311225,20470206,20441115,20380625,20410102
20471007,20351202,20480101,20440826,20320430,20331227,20240101,20450816,20410124,20350316,20251007,20331024,20211206,20350101,20451123,20160706,20391020,20241104,20311225,20330915,20410305,20451123,,20510331,20510331,20420310,20310509,20400805,20441108,20520806,20440801,20310414,,20340529,20360602,20440415,20430430,20430209,20371225,20250131,20370101,20361111,20420408,20390106,20280803,20340601,20320326,20370923,20240101,20361119,20331209,20400402,20550419,20370102,20411226,20300613,20400510,20280501,20341107,20411225,20221130,20360409,20330523,20241104,20400501,20460206,20500408,20560126,20360121,20510331,20540327,20500408,20340811,20370402,20330526,20440302,20470412,20381117,20520805,20371225,20360602,20510602,20391227,20331208,20291003,20370923,20331006,20340301,20480527,20320303,20640526,20581231,20640526,20300709,20350501,20410419,20340612,20560126,20520101,20681226,20220504,20300205,20350101,20311225,,20310101,20431225,20311226,20470412,20441230,20380805,20410419
20471225,20351203,20480403,20440830,20320503,20340102,20240212,20451002,20410422,20350323,20251008,20331101,20211210,20350102,20451225,20160815,20391026,20241111,20311226,20331101,20410419,20451225,,20510529,20510529,20420404,20310522,20401007,20441111,20521218,20441226,20310505,,20340608,20360801,20440418,20430501,20430210,20380101,20250404,20370216,20361225,20420425,20390107,20280817,20340602,20320329,20370924,20240126,20361120,20331223,20400427,20550503,20370402,20420101,20300620,20400521,20280502,20341225,20411226,20221208,20360410,20330624,20250101,20401102,20460323,20500530,20560331,20360218,20510529,20540525,20500530,20340918,20370403,20330606,20440415,20470415,20381224,20520806,20371231,20360617,20510629,20400102,20340102,20291009,20370924,20331007,20340407,20480713,20320430,20641224,20590101,20641224,20301115,20350503,20410422,20340807,20560331,20520419,,20220505,20300206,20350205,20311226,,20310106,20440101,20320101,20470415,20450220,20381008,20410422
20471226,20360101,20480406,20441031,20320621,20340103,20240213,20451225,20410501,20350326,20260101,20331109,20211231,20350222,20460101,20160817,20391117,20241225,20320101,20331117,20410501,20460101,,20510704,20510704,20420407,20310523,20401008,20441124,20530211,20441227,20310602,,20341003,20360911,20440516,20430902,20430211,20380106,20250418,20370217,20361226,20420609,20390519,20281214,20340817,20320427,20370925,20240201,20361225,20331226,20400501,20550531,20370403,20420404,20300815,20400815,20280515,20341226,20420101,20221230,20360411,20330701,20250102,20401119,20460501,20500704,20560403,20360526,20510704,20540703,20500704,20341009,20370406,20330714,20440502,20470425,20390408,20520923,20380101,20360804,20510815,20400305,20340407,20291225,20370925,20340102,20340501,20480810,20320503,20641225,20590328,20641225,20301120,20350606,20410501,20341002,20560403,20520422,,20220718,20300228,20350206,20320101,,20310414,20440106,20320102,20470425,20450221,20381101,20410501
20480101,20360206,20480427,20441101,20321028,20340130,20240328,20451226,20410610,20350430,20260102,20340126,20220103,20350406,20460115,20160905,20391130,20241231,20320326,20331226,20410620,20460115,,20510904,20510904,20420425,20310602,20401009,20441125,20530302,20450102,20310804,,20341225,20361225,20440613,20440101,20430212,20380423,20250421,20370218,20370101,20421023,20390715,20281225,20341010,20320616,20371009,20240212,20370101,20340102,20400502,20550830,20370501,20420407,20301101,20401101,20280815,20350101,20420106,20230406,20360501,20330905,20250103,20401212,20460524,20500905,20560425,20360704,20510904,20540907,20500905,20341103,20370501,20330815,20440701,20470603,20390411,20530518,20380120,20361224,20511101,20400312,20340501,20300101,20371009,20340220,20340601,20481105,20320506,20641226,20590331,20641226,20301225,20350622,20410530,20341225,20560425,20520506,,20220811,20300301,20350207,20320216,,20310501,20440418,20320119,20470603,20450407,20390106,20410530
20480127,20360207,20480514,20441102,20330106,20340206,20240329,20460101,20410815,20350501,20260216,20340217,20220216,20350413,20460219,20160913,20391226,20250101,20320329,20340106,20411115,20460219,,20511123,20511123,20420602,20310605,20401202,20441226,20530519,20450126,20311027,,20341226,20361226,20440704,20440128,20430213,20380426,20250501,20370403,20370403,20421225,20390830,20281226,20341211,20320809,20371225,20240328,20370127,20340201,20400625,20551227,20370629,20420505,20301224,20401225,20281012,20350126,20420407,20230407,20360612,20331010,20250106,20401225,20460907,20501124,20560612,20360901,20511123,20541126,20501124,20341123,20370514,20331101,20441103,20470930,20390705,20530519,20380308,20361225,20511208,20400330,20340626,20300204,20371225,20340221,20340809,20481225,20320524,20641231,20590501,20641231,20301231,20351224,20410610,20341226,20560612,20520509,,20220919,20300404,20350208,20320326,,20310522,20440503,20320206,20471028,20450421,20390411,20410610
20480309,20360228,20480525,20441103,20330307,20340407,20240402,20460126,20411225,20350514,20260217,20340302,20220406,20350416,20460323,20161011,20400125,20250106,20320506,20340407,20411225,20460323,,20511225,20511225,20420609,20311224,20401203,20450102,20530520,20450407,20311225,,20350101,20361231,20441114,20440129,20430420,20380603,20250505,20370406,20370529,20421226,20391019,20290101,20341212,20320924,20371231,20240410,20370202,20340220,20400815,20551228,20370728,20420526,20301225,20401226,20281101,20350312,20420425,20230421,20360821,20331111,20250107,20410101,20461012,20501226,20561225,20361013,20511225,20541225,20501226,20350101,20370525,20331111,20441104,20471225,20390706,20530520,20380309,20361226,20511225,20400402,20340815,20300205,20371231,20340222,20341109,20490101,20320906,20650101,20590519,20650101,20310101,20351225,20410620,20350101,20561225,20520527,,20220923,20300405,20350209,20320524,,20310602,20440616,20320326,20471225,20450501,20390609,20410801
20480403,20360508,20481225,20450501,20330325,20340410,20240501,20460323,20411226,20350820,20260218,20340321,20220413,20350501,20460528,20161012,20400126,20250324,20320507,20340410,20411231,20460528,,20520101,20520101,20420804,20311225,20401213,20450116,20530521,20450410,20311226,,20350323,20370101,20441226,20440201,20430430,20380625,20250701,20370501,20370615,20430101,20391020,20290213,20341213,20321216,20380101,20240411,20370216,20340221,20401031,20560103,20370729,20420825,20310101,20410101,20281109,20350323,20420501,20230501,20360825,20331226,20250108,20410204,20461102,20510102,20561226,20361111,20520101,20550101,20510102,20350102,20371224,20331226,20441110,20471226,20390928,20530724,20380421,20370101,20511226,20400521,20340918,20300301,20380101,20340223,20341212,20490202,20320922,20650327,20591224,20650327,20310224,20351226,20411003,20350126,20561226,20520826,,20221010,20300501,20350212,20320701,,20310612,20440815,20320329,20471226,20450608,20390622,20411225
20480406,20360918,20490101,20450519,20330422,20340425,20240617,20460326,20420101,20351022,20260219,20340331,20220414,20350521,20460704,20161031,20400329,20250417,20320517,20340501,20420101,20460704,,20520115,20520115,20421006,20311226,20401215,20450407,20530522,20450425,20311229,,20350326,20370102,20441227,20440202,20430501,20381206,20251001,20370522,20370730,20430126,20391021,20290214,20341214,20321227,20380203,20240501,20370217,20340301,20401101,20560331,20371008,20421225,20310225,20410419,20281206,20350326,20420602,20230612,20361120,20331227,20250310,20410318,20461115,20510116,20570101,20361127,20520115,20550118,20510116,20350103,20371225,20340407,20441128,20480101,20391028,20530727,20380423,20370402,20520101,20400702,20340919,20300501,20380203,20340224,20341225,20490203,20321224,20650330,20591225,20650330,20310225,20351231,20411101,20350323,20570101,20521225,,20221103,20300605,20350228,20320802,,20310815,20441101,20320426,20480101,20450907,20390805,20411226
20480608,20361119,20490416,20450814,20330425,20340605,20240620,20460425,20420102,20351023,20260220,20340401,20220415,20350720,20460903,20161114,20400330,20250418,20320721,20340508,20420217,20460903,,20520219,20520219,20421225,20311231,20410101,20450529,20530727,20450501,20320101,,20350501,20370403,20450102,20440203,20430902,20381224,20251007,20370618,20370731,20430209,20391226,20290215,20341215,20330321,20380204,20240522,20370218,20340322,20401225,20560403,20371208,20421226,20310411,20410422,20281208,20350425,20420815,20230628,20361208,20340102,20250501,20410418,20461225,20510220,20570126,20361225,20520219,20550215,20510220,20350108,20380101,20340410,20441208,20480127,20391117,20530728,20380624,20370403,20520422,20400806,20341009,20300506,20380204,20340405,20350101,20490416,20321227,20650501,20591226,20650501,20310411,20360101,20411224,20350326,20570126,20521226,,20221123,20300912,20350404,20320906,,20311208,20441111,20320607,20480102,20451012,20390815,20420101
20481005,20361120,20490419,20450815,20330613,20341023,20240709,20460507,20420124,20351101,20260406,20340403,20220502,20350730,20461008,20161212,20400420,20250501,20321101,20340705,20420218,20461008,,20520419,20520419,20421226,20320101,20410725,20450704,20530728,20450612,20320317,,20350503,20370406,20450123,20440407,20440101,20390106,20251029,20370701,20370907,20430309,20391227,20290216,20341225,20330415,20380205,20240617,20370428,20340501,20401226,20560501,20371225,20430101,20310425,20410501,20281225,20350611,20421208,20230821,20361224,20340103,20250502,20410419,20470101,20510331,20570420,20370101,20520419,20550416,20510331,20350212,20380422,20340501,20441226,20480302,20391226,20530923,20380907,20370406,20520425,20400807,20341027,20300509,20380205,20340501,20350208,20490517,20321228,20651224,20591231,20651224,20310421,20360411,20411225,20350425,20570420,20530101,,20230102,20300913,20350405,20321011,,20311224,20441226,20321025,20480206,20451102,20391101,20420102
20481225,20361130,20490427,20450816,20330815,20341225,20240819,20460815,20420414,20351102,20260501,20340407,20220516,20350813,20461112,20170126,20400425,20250602,20321111,20340829,20420404,20461112,,20520527,20520527,20430101,20320325,20410926,20450904,20530729,20450728,20320326,,20350514,20370501,20450222,20440408,20440128,20390408,20251225,20370925,20371111,20430327,20391228,20290330,20341226,20330418,20380301,20240708,20370501,20340503,20410101,20560529,20380101,20430327,20310501,20410530,20290101,20350928,20421225,20230828,20361225,20340407,20250509,20410501,20470225,20510529,20570423,20370119,20520527,20550531,20510529,20350223,20380423,20340508,20450102,20480403,20400330,20540507,20381012,20370423,20520501,20400808,20341101,20300606,20380301,20340619,20350209,20490701,20321231,20651225,20600101,20651225,20310501,20360414,20411226,20350611,20570423,20530404,,20230103,20301010,20350406,20321111,,20311225,20450106,20321227,20480403,20451115,20391226,20420404
20481228,20361202,20490527,20450830,20331028,20341226,20241014,20461001,20420501,20351224,20260619,20340414,20220701,20351015,20461122,20170224,20400501,20250623,20330415,20340901,20420421,20461122,,20520704,20520704,20430126,20320326,20410928,20451110,20530730,20450807,20320329,,20350524,20370514,20450407,20440502,20440129,20390411,20251226,20371001,20371225,20430330,20391229,20290423,20350101,20330427,20380505,20240916,20370529,20340530,20410102,20560828,20380422,20430330,20310610,20410610,20290329,20351106,20421226,20231101,20361226,20340522,20250612,20410916,20470226,20510704,20570425,20370216,20520704,20550705,20510704,20350321,20380426,20340518,20450109,20480406,20400402,20540510,20381102,20370501,20520815,20401022,20341208,20300612,20380505,20340620,20350219,20490809,20330103,20651231,20600416,20651231,20310612,20360501,20411231,20350806,20570425,20530407,,20230109,20301011,20350501,20321227,,20311226,20450410,20321228,20480406,20451225,20400106,20420407
20490101,20361203,20490607,20451020,20331226,20350101,20241106,20461225,20420602,20351225,20260925,20340421,20220713,20351023,20461225,20170313,20400815,20250630,20330418,20340915,20420501,20461225,,20520902,20520902,20430309,20320329,20411130,20451123,20530731,20451225,20320503,,20351003,20370525,20450410,20440503,20440201,20390519,20260101,20371225,20371228,20430331,20400423,20290424,20350208,20330502,20380511,20240917,20370831,20340531,20410208,20561225,20380423,20430504,20310612,20410815,20290330,20351225,20430101,20231130,20361230,20340626,20250613,20411118,20470412,20510904,20570611,20370525,20520902,20550906,20510904,20350430,20380517,20340529,20450220,20480427,20400501,20540511,20381115,20370514,20521101,20401225,20341225,20300815,20380511,20340927,20350323,20490908,20330303,20660101,20600419,20660101,20310709,20360522,20420101,20351001,20570611,20530505,,20230223,20310101,20350611,20321228,,20320101,20450501,20330103,20480427,20451229,20400402,20420501
20490126,20370101,20500408,20451023,20340106,20350102,20241118,20461226,20420815,20351226,20261001,20340501,20220728,20351205,20470101,20170328,20400910,20250807,20330526,20341101,20420605,20470101,,20521128,20521128,20430327,20320423,20411202,20451124,20531218,20451226,20320607,,20351224,20370910,20450515,20440902,20440202,20390624,20260217,20380101,20380101,20430608,20400501,20290501,20350219,20330616,20380602,20241031,20370916,20340601,20410422,20561226,20380629,20430525,20310613,20411101,20290501,20351226,20430106,20231208,20361231,20340703,20251103,20411212,20470501,20511123,20571225,20370907,20521128,20551125,20511123,20350503,20380603,20340714,20450221,20480601,20400508,20540714,20381231,20370525,20521225,20401226,20350101,20300911,20380602,20341002,20350501,20491025,20330422,20660409,20600607,20660409,20311120,20360606,20420106,20351225,20571225,20530509,,20230321,20310122,20350917,20330103,,20320106,20450503,20330104,20480601,20460101,20400501,20420515
20490308,20370125,20500411,20460101,20340220,20350129,20241225,20470101,20421201,20351231,20261002,20340531,20220812,20351210,20470121,20170401,20401002,20250818,20330527,20341117,20421225,20470121,,20521225,20521225,20430330,20320506,20411203,20451225,20540210,20460101,20320802,,20351225,20371225,20450619,20450102,20440203,20391206,20260218,20380204,20380423,20431022,20400830,20290510,20350323,20330809,20380913,20241225,20371026,20340831,20410501,20570101,20380728,20430831,20310815,20411225,20290502,20360101,20430330,20231225,20370101,20340904,20251104,20411225,20470613,20511225,20571226,20371012,20521225,20551224,20511225,20350504,20380614,20340815,20450222,20480928,20400705,20540715,20390120,20370617,20521226,20410101,20350323,20300912,20380913,20341003,20350522,20500124,20330425,20660412,20601224,20660412,20311225,20360620,20420404,20351226,20571226,20530526,,20230503,20310123,20351010,20330221,,20320329,20450608,20330124,20481026,20460205,20400531,20420526
20490416,20370126,20500427,20460423,20340407,20350206,20250101,20470128,20421225,20360101,20261005,20340815,20221013,20351231,20470218,20170404,20401008,20251013,20330606,20341225,20421231,20470218,,20530101,20530101,20430601,20320507,20411204,20460101,20540301,20460126,20321025,,20351226,20371231,20450703,20450215,20440407,20391226,20260219,20380205,20380528,20431225,20401008,20290515,20350409,20331216,20380914,20250101,20371106,20341109,20410502,20570420,20380729,20431225,20311201,20411226,20290515,20360128,20430501,20240101,20370102,20341009,20260101,20420101,20471115,20520101,20580101,20371111,20530101,20560117,20520101,20350716,20381224,20341101,20450407,20481225,20400706,20540716,20390221,20370803,20530101,20410304,20350501,20300913,20380914,20341004,20350809,20500125,20330502,20660531,20601231,20660531,20311231,20361224,20420407,20360101,20580101,20530825,,20230504,20310124,20351231,20330415,,20320506,20450815,20330207,20481225,20460206,20400622,20420801
20490419,20370127,20500505,20460501,20340410,20350323,20250303,20470412,20421226,20360411,20261006,20340916,20221024,20360101,20470412,20170414,20401015,20251103,20330721,20341226,20430101,20470412,,20530120,20530120,20430608,20320517,20411205,20460115,20540510,20460323,20321227,,20351231,20380101,20451113,20450216,20440408,20400106,20260403,20380405,20380621,20431228,20401009,20290528,20350501,20331226,20380915,20250129,20371109,20341128,20410625,20570423,20380830,20431228,20311208,20420101,20290815,20360310,20430602,20240328,20370126,20341113,20260102,20420203,20471225,20520115,20580128,20371126,20530120,20560221,20520115,20350917,20390407,20341225,20450501,20481228,20400928,20540923,20390222,20371224,20530106,20410311,20350521,20301003,20380915,20341005,20351030,20500408,20330506,20661224,20610408,20661224,20320101,20361225,20420501,20360128,20580128,20531225,,20230505,20310127,20360101,20330523,,20320517,20451101,20330415,20481228,20460323,20400625,20421225
20490426,20370216,20500519,20460803,20340501,20350326,20250304,20470415,20430101,20360414,20261007,20341002,20221205,20360212,20470527,20170501,20401105,20251117,20330815,20350101,20430209,20470527,,20530217,20530217,20430803,20321224,20411224,20460323,20540511,20460326,20321228,,20360101,20380423,20451225,20450217,20440502,20400330,20260406,20380423,20380729,20440101,20401029,20290601,20350503,20340102,20381231,20250130,20371110,20341212,20410815,20570507,20381008,20440101,20311224,20420404,20291012,20360411,20431208,20240329,20370402,20341225,20260105,20420317,20480101,20520219,20580412,20371225,20530217,20560331,20520219,20350924,20390408,20341226,20451103,20490101,20401224,20550427,20390408,20371225,20530407,20410419,20350702,20301009,20381231,20341006,20351225,20500502,20330524,20661231,20610411,20661231,20320209,20361226,20420515,20360411,20580412,20531226,,20230717,20310228,20360124,20330701,,20320527,20451225,20330418,20490101,20460501,20400815,20421226
20490614,20370428,20500530,20460830,20340529,20350425,20250324,20470425,20430102,20360501,20270101,20341012,20221212,20360407,20470704,20170510,20401225,20251208,20331101,20350323,20430210,20470704,,20530404,20530404,20431005,20321231,20420101,20460528,20540512,20460425,20321229,,20360411,20380426,20451226,20450220,20440503,20400402,20260407,20380426,20380730,20440126,20401214,20290724,20350522,20340321,20390124,20250211,20371225,20341213,20411031,20570528,20381101,20440415,20311225,20420407,20291101,20360414,20431225,20240409,20370403,20341226,20260106,20420403,20480217,20520419,20580415,20380101,20530404,20560529,20520419,20351008,20390411,20350101,20451106,20490126,20401225,20550428,20390421,20380101,20530425,20410422,20350716,20301225,20390124,20350101,20360101,20500505,20330906,20670401,20610530,20670401,20320210,20361231,20420526,20360414,20580415,20540101,,20230811,20310403,20360125,20330801,,20321026,20451226,20330425,20490104,20460524,20401008,20430101
20491004,20370907,20501226,20461010,20340815,20350604,20250402,20470506,20430501,20360502,20270205,20341027,20230102,20360414,20470902,20170626,20410114,20251225,20331111,20350326,20430327,20470902,,20530526,20530526,20431225,20330414,20420304,20460704,20540715,20460507,20330103,,20360414,20380603,20460101,20450221,20440902,20400501,20260501,20380511,20380906,20440208,20401217,20290817,20350601,20340407,20390125,20250317,20380101,20341225,20411101,20570827,20381208,20440418,20320101,20420501,20291109,20360425,20440101,20240411,20370409,20350101,20260107,20420404,20480218,20520527,20580425,20380118,20530526,20560704,20520527,20351123,20390517,20350323,20451110,20490301,20401226,20550429,20390609,20380422,20530501,20410610,20350815,20310101,20390125,20350207,20360128,20500621,20330922,20670404,20611226,20670404,20320326,20370101,20420605,20360425,20580425,20540327,,20230918,20310404,20360128,20330905,,20321101,20460101,20330606,20490208,20460907,20401101,20430102
20491227,20371108,20510331,20461011,20341225,20351022,20250417,20470814,20430504,20360602,20270208,20341101,20230306,20360415,20471014,20170815,20410301,20251231,20331226,20350501,20430421,20471014,,20530704,20530704,20431228,20330415,20420715,20460903,20540716,20460611,20330317,,20360501,20380614,20460122,20450426,20450102,20400510,20260525,20380607,20381111,20440314,20410101,20291203,20350817,20340410,20390126,20250331,20380121,20350101,20411225,20571225,20390407,20440502,20320210,20420515,20291206,20360609,20440106,20240501,20370501,20350102,20260108,20420501,20480403,20520704,20580610,20380215,20530704,20560904,20520704,20351231,20390519,20350326,20451128,20490416,20410101,20550704,20390907,20380423,20530602,20410701,20350917,20310122,20390126,20350208,20360129,20500809,20331226,20671226,20620324,20671226,20320421,20370106,20421003,20360609,20580610,20540330,,20231009,20310501,20360129,20331010,,20321208,20460326,20331024,20490416,20461012,20401225,20430327
20491228,20371109,20510403,20461012,20341226,20351225,20250418,20471007,20430601,20360820,20270209,20341109,20230406,20360501,20471111,20170817,20410318,20260101,20340407,20350508,20430501,20471111,,20530901,20530901,20440101,20330418,20420915,20461106,20541217,20460727,20330415,,20360522,20380909,20460207,20450501,20450215,20400622,20260619,20380701,20381227,20440415,20410423,20291224,20351130,20340427,20390301,20250401,20380201,20350201,20411226,20571226,20390408,20440530,20320326,20420526,20291225,20360926,20440418,20240612,20370511,20350323,20260109,20420916,20480421,20520902,20581225,20380531,20530901,20561123,20520902,20360101,20390530,20350501,20451208,20490419,20410419,20550705,20391012,20380426,20530815,20410805,20350918,20310123,20390301,20350209,20360208,20500829,20331227,20680420,20620327,20680420,20320527,20370403,20421224,20360804,20581225,20540504,,20231103,20310623,20360130,20331111,,20321224,20460501,20331226,20490419,20461102,20401226,20430330
20500103,20371110,20510427,20461029,20350101,20351226,20250501,20471225,20430622,20361023,20270210,20341128,20230413,20360512,20471128,20170825,20410409,20260112,20340410,20350705,20430528,20471128,,20531127,20531127,20440126,20330513,20420916,20461112,20550209,20460806,20330418,,20360602,20381231,20460323,20450502,20450216,20401206,20260701,20380914,20381228,20440418,20410501,20291225,20351203,20340501,20390505,20250501,20380204,20350208,20420101,20580101,20390629,20440829,20320527,20420623,20300101,20361104,20440425,20240617,20370612,20350521,20260223,20421117,20480501,20521128,20581226,20380705,20531127,20561225,20521128,20360102,20391226,20350503,20451225,20490426,20410422,20550706,20391102,20380603,20531208,20410806,20350919,20310124,20390505,20350212,20360411,20501114,20331228,20680423,20620501,20680423,20320709,20370406,20421225,20361006,20581226,20540525,,20231123,20310624,20360131,20331226,,20330106,20460503,20331227,20490426,20461115,20410101,20430501
20500126,20371130,20510511,20470101,20350312,20360101,20250616,20471226,20431130,20361024,20270211,20341213,20230414,20360701,20471225,20170902,20410419,20260323,20340501,20350829,20430907,20471225,,20531225,20531225,20440314,20330526,20420917,20461122,20550307,20461225,20330502,,20360612,20390408,20460326,20450904,20450217,20401224,20261001,20381001,20390103,20440419,20410715,20300101,20351204,20340616,20390606,20250512,20380205,20350209,20420102,20580412,20390728,20441226,20320610,20420815,20300107,20361225,20440602,20240821,20370821,20350625,20260309,20421201,20480604,20521225,20590101,20380906,20531225,20570101,20521225,20360103,20400329,20350508,20460101,20490607,20410501,20550923,20391115,20380614,20531225,20410807,20351015,20310501,20390606,20350213,20360501,20501226,20340102,20680501,20620515,20680501,20320907,20370501,20421226,20361225,20590101,20540831,,20240101,20311001,20360201,20331227,,20330418,20460524,20340102,20490607,20461225,20410422,20430507
20500314,20371202,20510522,20470423,20350427,20360102,20250620,20480101,20431201,20361224,20270405,20341225,20230501,20360708,20480101,20170930,20410501,20260402,20340518,20351101,20431012,20480101,,20540101,20540101,20440415,20330527,20421122,20461123,20550428,20461226,20330606,,20361003,20390411,20460521,20460101,20450220,20401225,20261019,20381007,20390408,20440425,20410830,20300204,20351224,20340809,20390815,20250606,20380518,20350219,20420407,20580415,20390729,20441227,20321005,20421225,20300318,20361226,20440815,20240826,20370831,20350702,20260501,20421212,20480907,20530101,20590127,20381011,20540101,20570115,20530101,20360114,20400330,20350514,20460109,20490927,20410508,20560413,20391230,20380617,20531226,20411021,20351101,20310505,20390815,20350405,20361119,20510102,20340303,20681224,20621225,20681224,20321012,20370514,20421231,20361226,20590127,20541225,,20240102,20311010,20360228,20340102,,20330526,20460815,20340103,20491025,20461231,20410501,20430518
20500408,20371203,20511225,20470501,20350430,20360128,20250709,20480127,20431225,20361225,20270503,20350115,20230605,20360728,20480120,20171002,20410815,20260403,20340519,20351224,20431102,20480120,,20540119,20540119,20440418,20330606,20421123,20461225,20550429,20470101,20330801,,20361224,20390519,20460618,20460205,20450221,20401226,20261225,20381227,20390527,20440613,20410927,20300205,20351225,20340925,20391003,20250627,20380831,20350312,20420501,20580506,20390830,20450102,20321101,20421226,20300418,20370101,20441101,20241101,20371026,20350903,20260504,20421225,20481012,20530120,20590328,20381111,20540119,20570219,20530120,20360211,20400402,20350815,20460205,20491227,20410705,20560416,20400120,20380802,20540101,20411225,20351102,20310528,20391003,20350406,20361225,20510213,20340407,20681225,20621226,20681225,20321102,20370619,20430101,20370101,20590328,20541228,,20240103,20320101,20360229,20340220,,20330606,20461101,20340123,20491227,20470101,20410620,20431225
20500411,20380116,20511226,20470715,20350501,20360206,20250818,20480403,20440101,20361226,20270609,20350126,20230728,20360812,20480217,20171019,20410830,20260501,20340529,20351225,20431130,20480217,,20540216,20540216,20440425,20331226,20421124,20470101,20550704,20470128,20331031,,20361225,20390530,20460702,20460206,20450426,20410101,20270101,20390124,20390620,20441020,20411029,20300206,20351231,20341225,20391004,20250901,20380916,20350501,20420502,20580527,20391101,20450407,20321201,20430101,20300419,20370126,20441208,20241224,20371109,20351008,20260511,20430101,20481102,20530217,20590331,20381125,20540216,20570420,20530217,20360320,20400501,20351101,20460206,20491228,20411028,20560417,20400213,20381224,20540106,20411226,20351225,20310606,20391004,20350430,20370101,20510331,20340410,20681226,20630101,20681226,20321115,20371224,20430106,20370126,20590331,20550101,,20240108,20320102,20360403,20340407,,20330616,20461225,20340206,20491228,20470225,20410625,20440101
20500425,20380117,20520101,20470724,20350618,20360411,20251013,20480406,20440425,20370101,20270915,20350219,20230801,20361013,20480525,20171020,20410927,20260518,20340721,20351226,20431225,20480525,,20540327,20540327,20440530,20340406,20421130,20470121,20550705,20470412,20331226,,20361226,20390801,20461112,20460207,20450501,20410419,20270208,20390125,20390728,20441226,20411204,20300207,20360101,20341226,20391005,20250905,20381027,20350521,20420625,20580826,20391208,20450410,20321208,20430327,20300501,20370309,20441226,20241225,20371130,20351112,20260612,20430202,20481225,20530404,20590425,20390117,20540327,20570528,20530404,20360429,20400510,20351225,20460207,20500103,20411224,20560622,20400214,20390407,20540330,20420101,20351231,20310815,20391005,20350501,20370127,20510501,20340501,20681231,20630413,20681231,20321231,20371225,20430327,20370403,20590425,20550416,,20240212,20320209,20360404,20340522,,20330815,20461226,20340407,20500103,20470226,20410805,20440415
20500613,20380417,20520419,20470725,20350815,20360414,20251106,20480504,20440601,20370102,20271001,20350308,20230814,20361023,20480703,20171104,20411002,20260608,20340815,20360101,20431231,20480703,,20540525,20540525,20440613,20340407,20421202,20470412,20550706,20470415,20331227,,20361231,20390908,20461225,20460208,20450502,20410422,20270209,20390126,20390729,20441227,20411205,20300403,20360128,20350101,20391230,20250916,20381029,20350522,20420815,20581225,20400329,20450501,20321224,20430330,20300502,20370403,20450106,20241230,20371208,20351225,20261104,20430316,20490101,20530526,20590609,20390221,20540525,20570704,20530526,20360505,20400517,20351226,20460323,20500126,20411225,20560625,20400330,20390408,20540501,20420303,20360101,20310930,20391230,20350611,20370216,20510524,20340508,,20630416,,20330125,20371231,20430330,20370406,20590609,20550419,,20240223,20320210,20360501,20340703,,20331026,20470101,20340410,20500104,20470412,20410815,20440418
20501003,20380828,20520422,20470726,20351225,20360425,20251124,20480812,20440613,20370403,20271004,20350321,20231013,20361205,20480907,20171201,20411108,20260615,20341101,20360411,20440101,20480907,,20540703,20540703,20440801,20340410,20421203,20470527,20551219,20470425,20331228,,20370101,20391226,20461226,20460209,20450904,20410501,20270326,20390405,20390905,20450102,20411206,20300419,20360208,20350321,20400213,20251020,20390105,20350530,20421031,20581226,20400330,20450529,20330301,20430501,20300515,20370406,20450410,20241231,20371224,20351226,20270101,20430326,20490301,20530704,20591225,20390530,20540703,20570903,20530704,20360506,20400521,20360101,20460501,20500307,20411226,20560626,20400423,20390411,20540602,20420310,20360411,20311001,20400213,20350917,20370217,20510809,20340524,,20630501,,20330228,20380101,20430501,20370608,20591225,20550503,,20240320,20320211,20360530,20340807,,20331101,20470415,20340425,20500207,20470501,20411008,20440526
20501226,20381030,20520530,20470830,20351226,20360602,20251208,20481005,20440815,20370406,20271005,20350323,20231023,20361210,20481012,20171225,20411205,20260629,20341225,20360414,20440229,20481012,,20540907,20540907,20441003,20340505,20421214,20470704,20560208,20470506,20340102,,20370403,20400102,20470101,20460416,20460101,20410530,20270329,20390408,20391111,20450126,20420101,20300501,20360228,20350323,20400214,20251225,20390124,20350531,20421225,20590101,20400501,20450828,20330415,20430507,20300815,20370608,20450425,20250101,20371225,20360101,20270104,20430327,20490302,20530901,20591226,20390704,20540907,20571122,20530901,20360721,20401224,20360411,20461105,20500408,20420101,20560924,20400501,20390421,20540629,20420404,20360501,20311002,20400214,20351001,20370403,20510817,20340906,,20630604,,20330301,20380106,20430507,20370803,20591226,20550531,,20240429,20320212,20361003,20340904,,20331208,20470501,20340605,20500408,20470613,20411101,20440606
20501227,20381031,20520610,20470930,20360101,20361027,20251225,20481225,20441130,20370501,20271006,20350402,20231205,20361231,20481111,20180126,20411225,20260720,20341226,20360501,20440301,20481111,,20541126,20541126,20441226,20340518,20430101,20470902,20560305,20470610,20340317,,20370406,20400330,20470128,20460430,20460205,20410621,20270405,20390411,20391226,20450213,20420423,20300517,20360328,20350326,20400301,20260101,20390125,20350831,20421226,20590328,20400629,20451225,20330425,20430518,20301101,20370925,20450501,20250129,20371230,20360102,20270105,20430501,20490416,20531127,20600101,20390905,20541126,20571225,20531127,20360811,20401225,20360414,20461128,20500411,20420404,20570404,20400531,20390519,20541208,20420407,20360521,20311003,20400301,20351002,20370501,20511102,20340922,,20631224,,20330415,20380423,20430518,20371005,20600101,20550830,,20240503,20320213,20361010,20341009,,20331226,20470503,20341023,20500411,20471115,20411225,20440801
20510102,20381130,20521225,20471001,20360303,20361225,20251226,20481228,20441201,20370525,20271007,20350409,20231211,20370101,20481126,20180213,20420103,20260807,20350101,20360508,20440415,20481126,,20541225,20541225,20441227,20340519,20430222,20471111,20560416,20470726,20340407,,20370501,20400402,20470227,20460501,20460206,20411206,20270513,20390502,20391227,20450313,20420501,20300530,20360411,20350427,20400411,20260202,20390126,20350917,20430101,20590331,20400830,20451226,20330610,20430623,20301206,20371103,20450602,20250331,20371231,20360411,20270106,20430916,20490421,20531225,20600126,20391010,20541225,20580101,20531225,20360915,20401226,20360501,20461225,20500425,20420407,20570405,20400907,20390530,20541225,20420526,20360716,20311009,20400411,20351003,20370529,20511225,20341225,,20631225,,20330421,20380426,20430528,20371225,20600126,20551227,,20240506,20320227,20370101,20341113,,20340106,20470613,20341225,20500425,20471225,20411226,20441226
20510126,20381202,20521226,20471002,20360325,20361226,20260101,20490101,20441226,20370820,20280103,20350420,20240101,20370102,20481225,20180219,20420218,20260817,20350323,20360829,20440421,20481225,,20550101,20550101,20450102,20340529,20430704,20471128,20560417,20470805,20340410,,20370514,20400501,20470412,20460903,20460207,20411224,20270609,20390527,20400102,20450407,20420519,20301225,20360501,20350501,20400501,20260203,20390201,20351030,20430102,20590505,20401008,20460101,20330613,20431225,20301225,20371225,20450815,20250409,20380101,20360519,20270107,20431102,20490617,20540101,20600416,20391111,20550101,20580121,20540101,20360922,20410101,20360508,20470101,20500606,20420501,20570408,20401012,20390617,20550101,20420630,20360815,20311225,20400501,20351004,20370810,20520101,20341226,,20631226,,20330616,20380603,20431224,20371228,20600416,20551228,,20240715,20320405,20370102,20341225,,20340410,20470815,20341226,20500606,20471231,20420101,20450102
20510313,20390101,20530101,20471003,20360418,20370101,20260216,20490126,20450102,20370821,20280125,20350501,20240102,20370302,20490101,20180302,20420307,20261012,20350326,20360901,20440616,20490101,,20550118,20550118,20450126,20340605,20430905,20471129,20560418,20471225,20340501,,20370525,20400510,20470415,20470101,20460208,20411225,20270701,20390701,20400330,20450410,20420715,20301226,20360509,20350809,20400507,20260217,20390208,20351203,20430330,20590526,20401101,20460323,20330616,20440101,20310101,20371228,20451101,20250417,20380115,20360624,20270108,20431116,20490907,20540119,20600419,20391124,20550118,20580218,20540119,20361013,20410418,20360522,20470109,20500926,20420508,20570611,20401102,20390801,20550106,20420804,20360918,20320101,20400507,20351005,20371106,20520201,20341227,,20631231,,20330907,20380625,20431225,20380101,20600419,20560103,,20240812,20320406,20370211,20341226,,20340501,20471101,20350101,20501024,20480101,20420106,20450407
20510331,20390104,20530404,20471029,20360421,20370102,20260217,20490416,20450124,20371023,20280126,20350510,20240226,20370406,20490118,20180329,20420403,20261102,20350501,20360915,20440907,20490118,,20550215,20550215,20450313,20341225,20430906,20471225,20560622,20471226,20340605,,20370604,20400521,20470520,20470124,20460209,20411226,20270916,20391003,20400525,20450411,20420916,20310101,20360522,20350924,20400518,20260218,20390406,20351225,20430427,20590825,20401225,20460326,20330815,20440415,20310106,20380101,20451208,20250418,20380204,20360701,20270222,20431225,20491012,20540216,20600426,20391226,20550215,20580412,20540216,20361103,20410419,20360602,20470225,20501226,20421028,20570612,20401115,20391226,20550419,20420805,20360919,20320210,20400518,20351231,20371109,20520202,20350101,,20640101,,20331012,20381224,20431231,20380126,20600426,20560331,,20240916,20320430,20370212,20350101,,20340518,20471111,20350102,20501226,20480217,20420407,20450410
20510403,20390105,20530407,20480101,20360501,20370126,20260324,20490419,20450410,20371224,20280127,20350521,20240408,20370413,20490215,20180330,20420404,20261116,20350503,20361117,20441012,20490215,,20550416,20550416,20450407,20341226,20431111,20480101,20560625,20480101,20340807,,20371224,20400801,20470617,20470125,20460416,20420101,20271001,20391026,20400618,20450425,20420917,20310123,20360918,20351217,20400606,20260320,20390502,20360101,20430501,20591225,20410101,20460507,20331005,20440418,20310410,20380126,20451225,20250501,20380409,20360901,20270223,20440101,20491102,20540327,20600614,20400102,20550416,20580527,20540327,20361124,20410422,20360714,20470226,20501227,20421117,20570613,20401120,20400329,20550602,20420806,20361031,20320211,20400606,20360101,20371225,20520419,20350305,,20640404,,20331102,20381231,20440101,20380423,20600614,20560403,,20240923,20320611,20370213,20350219,,20340529,20471225,20350122,20501227,20480218,20420501,20450501
20510425,20390106,20530515,20480423,20360609,20370206,20260402,20490426,20450501,20371225,20280128,20350815,20240415,20370414,20490416,20180402,20420414,20261208,20350504,20361224,20441102,20490416,,20550531,20550531,20450410,20350101,20431112,20480120,20560626,20480127,20341030,,20371225,20400906,20470701,20470128,20460430,20420106,20271008,20391226,20400802,20450612,20420918,20310124,20361118,20351225,20400815,20260501,20390831,20360128,20430625,20591226,20410418,20460528,20331101,20440526,20310411,20380308,20451226,20250512,20380422,20361013,20270308,20440201,20491115,20540525,20601227,20400116,20550531,20580704,20540525,20361231,20410501,20360815,20470227,20510102,20421224,20570923,20401225,20400330,20550629,20421020,20361208,20320212,20400815,20360128,20380101,20520501,20350427,,20640407,,20331115,20390106,20440106,20380426,20601227,20560501,,20241014,20320920,20370216,20350323,,20340608,20471226,20350206,20510102,20480403,20420605,20450518
20510612,20390126,20530526,20480501,20360815,20370403,20260403,20490503,20450529,20380101,20280131,20350905,20240416,20370415,20490531,20180430,20420501,20261225,20350514,20361225,20441115,20490531,,20550705,20550705,20450425,20350322,20431130,20480403,20560627,20480403,20341225,,20371231,20401225,20471111,20470129,20460501,20420404,20271227,20391227,20400803,20451026,20421029,20310127,20361119,20351226,20400920,20260527,20390916,20360129,20431225,20600101,20410419,20460827,20331201,20440606,20310501,20380423,20460101,20250606,20380423,20361111,20270503,20440321,20500221,20540703,20601228,20400220,20550705,20580902,20540703,20370101,20410517,20361111,20470412,20510126,20421225,20580324,20401231,20400402,20551101,20421225,20361225,20320301,20400920,20360129,20380204,20520513,20350430,,20640501,,20331230,20390408,20440415,20380427,20601228,20560509,,20241104,20321011,20370217,20350521,,20340815,20480101,20350323,20510103,20480421,20420625,20450529
20511002,20390406,20531225,20480519,20361028,20370406,20260501,20490811,20450601,20380315,20280403,20351001,20240501,20370501,20490705,20180501,20420815,20261231,20350815,20361226,20441130,20490705,,20550906,20550906,20450529,20350323,20431202,20480525,20561218,20480406,20341226,,20380101,20401226,20471225,20470130,20460903,20420407,20280126,20400102,20400903,20451225,20421124,20310128,20361120,20360101,20400921,20260616,20391005,20360201,20440101,20600416,20410501,20461225,20331208,20440623,20310502,20380426,20460326,20250612,20380830,20361225,20270504,20440414,20500222,20540907,20610103,20400528,20550906,20581128,20540907,20370102,20410530,20361225,20470501,20510306,20421226,20580325,20410101,20400419,20551208,20421226,20361231,20320303,20400921,20360130,20380205,20520530,20350501,,20640526,,20340125,20390411,20440418,20380614,20610103,20560529,,20241231,20321231,20370218,20350702,,20341026,20480106,20350326,20510206,20480501,20420805,20450801
20511225,20390817,20531226,20480713,20361225,20370427,20260525,20491004,20450815,20380423,20280404,20351002,20240522,20370529,20490906,20180616,20420916,20270101,20351101,20370101,20441230,20490906,,20551125,20551125,20450612,20350326,20431203,20480703,20570213,20480504,20341227,,20380423,20401231,20471226,20470404,20461231,20420501,20280127,20400213,20401112,20451226,20421125,20310324,20361121,20360321,20401003,20260825,20391019,20360208,20440208,20600419,20410729,20461226,20340221,20440815,20310515,20380427,20460425,20250821,20381029,20361226,20270510,20440415,20500408,20541126,20610126,20400704,20551125,20581225,20541126,20370112,20410610,20361226,20471104,20510331,20430101,20580326,20410304,20400501,20560106,20430101,20370101,20320414,20401003,20360131,20380423,20520805,20350507,,20641224,,20340220,20390519,20440526,20380802,20610126,20560828,,20250101,20330131,20370227,20350806,,20341101,20480406,20350425,20510331,20480604,20420815,20451225
20511226,20391019,20540101,20480714,20361226,20370601,20260615,20491227,20451130,20380426,20280501,20351011,20240701,20370701,20491011,20180815,20420918,20270111,20351225,20370106,20450220,20491011,,20551224,20551224,20450807,20350420,20440211,20480907,20570304,20480608,20350101,,20380426,20410101,20480101,20470405,20470101,20420515,20280128,20400214,20401225,20460101,20421126,20310403,20361225,20360411,20401009,20260831,20391020,20360229,20440418,20600503,20410830,20470101,20340407,20441101,20310725,20380614,20460501,20250825,20381101,20370101,20270614,20440916,20500421,20541225,20610408,20400903,20551224,20590101,20541225,20370211,20411224,20370101,20471105,20510403,20430327,20580530,20410305,20400510,20560403,20430302,20370403,20320505,20401009,20360201,20380518,20520809,20350524,,20641225,,20340221,20390606,20440606,20381004,20610408,20561225,,20250102,20330201,20370402,20350903,,20341208,20480501,20350604,20510403,20480907,20421008,20451226
20520101,20391020,20540327,20480715,20370101,20371026,20260709,20491228,20451201,20380614,20280529,20351017,20240722,20370727,20491111,20180817,20421002,20270322,20351226,20370403,20450221,20491111,,20560117,20560117,20451002,20350503,20440623,20481103,20570405,20480724,20350319,,20380603,20410102,20480127,20470429,20470124,20420620,20280404,20400215,20401226,20460126,20430101,20310411,20361226,20360414,20401225,20260916,20391115,20360501,20440427,20600531,20411008,20470412,20340425,20441226,20310815,20380924,20460815,20251027,20381130,20370102,20271104,20441102,20500609,20550101,20610411,20401008,20560117,20590120,20550101,20370223,20411225,20370403,20471111,20510425,20430330,20580602,20410419,20400521,20560425,20430309,20370501,20320920,20401225,20360404,20380809,20521021,20350906,,20641226,,20340407,20390624,20440616,20381227,20610411,20561226,,20250103,20330202,20370403,20351008,,20341225,20480604,20351022,20510425,20481012,20421225,20460101
20520126,20391130,20540330,20480918,20370106,20371225,20260817,20500103,20451225,20380820,20281002,20351030,20240729,20370728,20491125,20180822,20421024,20270325,20360101,20370406,20450407,20491125,,20560221,20560221,20451225,20350504,20440824,20481111,20570408,20480803,20350323,,20380614,20410419,20480219,20470430,20470125,20421224,20280414,20400330,20410101,20460212,20430423,20310423,20361231,20360428,20401231,20261109,20391226,20360509,20440502,20600830,20411101,20470415,20340501,20450407,20311110,20381102,20461101,20251208,20381208,20370403,20271105,20441121,20500907,20550118,20610425,20401112,20560221,20590217,20550118,20370320,20411226,20370406,20471128,20510605,20430501,20580603,20410423,20400806,20560501,20430327,20370521,20320921,20401231,20360501,20381027,20521225,20350924,,20641231,,20340421,20391226,20441003,20381228,20610425,20570101,,20250113,20330203,20370501,20351112,,20341226,20481111,20351225,20510605,20481102,20421226,20460102
20520311,20391203,20540427,20480921,20370216,20371228,20261012,20500126,20451226,20381101,20281003,20351031,20240812,20370812,20491224,20180913,20421113,20270326,20360411,20370501,20450421,20491224,,20560331,20560331,20451226,20350514,20440825,20481126,20570409,20481225,20350326,,20380624,20410422,20480403,20470501,20470128,20421225,20280417,20400402,20410419,20460312,20430501,20310501,20370101,20360501,20410101,20261225,20391227,20360530,20440815,20601227,20411225,20470506,20340608,20450410,20311208,20381227,20461225,20251224,20381224,20370518,20280103,20441212,20501012,20550215,20610613,20401122,20560331,20590328,20550215,20370429,20420101,20370501,20471209,20510925,20430508,20580923,20410501,20401224,20560602,20430330,20370629,20330131,20410101,20360502,20381029,20530101,20351224,,20650101,,20340501,20400106,20441101,20390103,20610613,20570420,,20250211,20330204,20370618,20351225,,20350101,20481225,20351226,20511023,20481225,20430101,20460323
20520419,20391225,20540507,20481029,20370325,20380101,20261106,20500408,20460101,20381224,20281004,20351101,20241014,20371013,20500117,20180920,20421124,20270510,20360414,20370508,20450501,20500117,,20560529,20560529,20460101,20350605,20441030,20481127,20570611,20481228,20350507,,20381224,20410501,20480406,20470902,20470129,20421226,20280501,20400404,20410531,20460323,20430519,20310507,20370126,20360616,20410131,20270101,20400102,20360901,20441031,20601228,20420101,20470527,20340613,20450501,20311225,20381228,20461226,20251225,20381230,20370624,20280104,20450206,20501102,20550416,20611226,20401225,20560529,20590526,20550416,20370504,20420403,20370508,20471225,20511225,20430706,20590313,20410620,20401225,20560629,20430518,20370716,20330201,20410131,20360530,20390105,20530219,20351225,,20650327,,20340608,20400330,20441226,20390126,20611226,20570423,,20250224,20330228,20370619,20351226,,20350326,20490101,20360101,20511225,20481231,20430106,20460326
20520422,20391226,20540518,20490101,20370403,20380104,20261123,20500411,20460102,20390314,20281005,20351225,20241023,20371023,20500221,20181002,20421127,20270531,20360501,20370901,20450608,20500221,,20560704,20560704,20460126,20351224,20441031,20481225,20570612,20490101,20350604,,20381231,20410530,20480518,20480101,20470130,20430101,20280502,20400501,20410617,20460326,20430715,20310522,20370127,20360924,20410201,20270122,20400116,20360916,20441101,20610103,20420403,20470826,20340815,20450518,20320101,20390103,20470101,20251226,20381231,20370701,20280105,20450320,20501115,20550531,20611227,20410101,20560704,20590704,20550531,20370505,20420404,20370514,20480101,20511226,20430928,20590316,20411115,20401226,20560815,20430629,20370918,20330202,20410201,20361001,20390124,20530220,20351226,,20650330,,20340907,20400402,20450106,20390408,20611227,20570507,,20250320,20330404,20370924,20360101,,20350501,20490106,20360102,20511226,20490101,20430330,20460501
20520425,20391227,20541225,20490423,20370406,20380201,20261208,20500425,20460124,20390315,20281006,20360115,20241205,20371207,20500408,20181018,20421224,20270607,20360522,20370915,20450907,20500408,,20560904,20560904,20460312,20351225,20441101,20490101,20570613,20490126,20350806,,20390408,20410610,20480615,20480212,20470404,20430106,20280529,20400518,20410801,20460327,20430907,20310702,20370216,20361216,20410301,20270201,20400130,20361106,20441226,20610408,20420404,20471225,20341005,20450529,20320106,20390126,20470415,20251230,20390105,20370907,20280106,20450406,20510213,20550705,20620102,20410121,20560904,20590901,20550705,20370506,20420407,20370525,20480109,20520101,20431028,20590317,20411120,20410101,20561101,20430803,20371012,20330301,20410301,20361002,20390125,20530404,20351231,,20650501,,20341012,20400501,20450407,20390411,20620102,20570509,,20250429,20330405,20370925,20360218,,20350503,20490419,20360121,20520101,20490301,20430501,20460503
20520610,20400101,20550101,20490519,20370501,20380208,20261225,20500502,20460430,20390408,20290101,20360208,20241210,20371210,20500530,20181107,20421225,20270705,20360523,20371117,20451012,20500530,,20561123,20561123,20460323,20351226,20441121,20490118,20570614,20490416,20351029,,20390411,20410801,20480706,20480213,20470405,20430327,20281002,20400614,20410802,20460425,20431029,20311113,20370317,20361225,20410501,20270208,20400201,20361119,20450102,20610411,20420501,20471226,20341101,20450623,20320319,20390314,20470425,20251231,20390124,20371012,20280107,20450407,20510214,20550906,20620126,20410218,20561123,20591127,20550906,20370720,20420501,20370714,20480217,20520126,20431117,20590521,20411225,20410418,20561208,20430804,20371208,20330505,20410501,20361003,20390408,20530501,20360101,,20650518,,20341102,20400510,20450410,20390425,20620126,20570528,,20250505,20330502,20371009,20360411,,20350514,20490503,20360206,20520102,20490302,20430528,20460514
20521007,20400115,20550416,20490701,20370525,20380423,20270101,20500810,20460501,20390411,20290212,20360225,20241231,20371231,20500704,20181108,20430126,20270720,20360602,20371224,20451102,20500704,,20561225,20561225,20460326,20351231,20441130,20490416,20571218,20490419,20351225,,20390519,20410905,20481109,20480214,20470429,20430330,20281004,20400702,20410902,20460611,20431112,20311225,20370403,20361226,20410506,20270224,20400213,20361120,20450208,20610502,20420728,20480101,20341201,20450815,20320325,20390408,20470501,20260101,20390407,20371111,20280110,20450501,20510331,20551125,20620324,20410527,20561225,20591225,20551125,20370811,20420515,20371111,20480218,20520304,20431224,20590522,20411231,20410419,20561225,20430805,20371225,20330506,20410506,20361006,20390502,20530519,20360303,,20651224,,20341115,20400606,20450501,20390613,20620324,20570827,,20250506,20330601,20380101,20360519,,20350524,20490617,20360411,20520206,20490416,20430622,20460801
20521225,20400325,20550419,20490702,20371028,20380426,20270208,20501003,20460601,20390530,20290213,20360328,20250101,20380101,20500905,20181121,20430309,20270816,20360721,20371225,20451115,20500905,,20570101,20570101,20460425,20360101,20441203,20490531,20580212,20490426,20351226,,20390530,20411225,20481225,20480217,20470430,20430501,20281026,20400921,20411111,20461025,20431113,20311226,20370428,20370101,20410507,20270310,20400214,20361225,20450410,20610530,20420729,20480403,20341208,20451101,20320326,20390411,20470815,20260102,20390408,20371225,20280223,20451102,20510421,20551224,20620327,20410704,20570101,20600101,20551224,20370921,20420526,20371225,20480219,20520419,20431225,20590525,20420101,20410422,20561226,20431019,20371231,20330606,20410507,20361007,20390809,20530602,20360418,,20651225,,20341120,20400622,20450518,20390801,20620327,20571225,,20250721,20330908,20380201,20360701,,20350815,20491101,20360414,20520419,20490421,20430625,20461225
20521226,20400805,20550427,20490715,20371225,20380607,20270209,20501226,20460618,20391031,20290214,20360401,20250212,20380219,20501010,20181123,20430326,20271018,20360815,20380101,20451130,20501010,,20570115,20570115,20460528,20360410,20450101,20490705,20580303,20490503,20351227,,20390609,20411226,20481228,20480218,20470501,20430507,20281225,20401001,20411225,20461225,20440101,20320101,20370501,20370403,20410606,20270311,20400326,20370101,20450427,20610829,20421008,20480406,20341225,20451225,20320527,20390425,20471101,20260217,20390829,20371228,20280308,20451120,20510501,20560117,20620425,20410902,20570115,20600119,20560117,20370922,20421224,20380101,20480403,20520422,20440101,20590923,20420120,20410425,20570101,20431225,20380101,20330815,20410606,20361008,20391019,20531110,20360421,,20651231,,20341225,20401224,20450529,20391003,20620425,20571226,,20250811,20330909,20380202,20360804,,20351026,20491111,20360425,20520422,20490617,20430805,20461226
20530101,20401007,20550505,20490830,20380101,20381025,20270324,20501227,20460815,20391101,20290215,20360408,20250407,20380406,20501111,20181225,20430327,20271101,20361111,20380106,20451225,20501111,,20570219,20570219,20460611,20360411,20450130,20490906,20580325,20490614,20360101,,20391003,20411231,20490101,20480422,20470902,20430619,20281226,20401015,20411226,20461226,20440519,20320113,20370514,20370406,20410815,20270517,20400501,20370127,20450501,20611226,20421208,20480504,20350101,20451226,20321012,20390613,20471225,20260320,20391020,20380101,20280501,20451212,20510601,20560221,20620612,20411014,20570219,20600216,20560221,20370923,20421225,20380423,20480501,20520425,20440415,20600303,20420217,20410501,20570423,20431228,20380423,20330907,20410815,20370101,20391115,20531225,20360501,,20660101,,20341229,20401225,20450608,20391226,20620612,20580101,,20250915,20331010,20380203,20360901,,20351101,20500106,20360602,20520425,20490907,20431008,20470101
20530127,20401008,20550527,20490908,20380106,20381227,20270325,20510102,20461130,20391226,20290216,20360411,20250414,20380413,20501124,20190219,20430414,20271115,20361225,20380423,20451229,20501124,,20570420,20570420,20460806,20360414,20450613,20491111,20580326,20490723,20360317,,20391226,20420101,20490125,20480430,20480101,20431224,20290101,20401225,20420101,20470101,20440715,20320114,20370529,20370427,20410909,20270520,20400525,20370202,20450502,20611227,20421225,20480525,20350206,20460101,20321101,20390923,20471226,20260402,20391101,20380104,20280508,20451225,20510907,20560331,20621225,20411111,20570420,20600416,20560331,20371012,20421226,20380426,20481103,20520603,20440418,20600304,20420218,20410530,20570425,20440101,20380521,20330908,20410909,20370102,20391226,20540101,20360506,,20660409,,20350101,20401226,20451003,20391227,20621225,20580412,,20250923,20340102,20380204,20361013,,20351224,20500411,20361027,20520603,20491012,20431225,20470102
20530310,20401009,20550607,20490909,20380308,20381228,20270326,20510126,20461225,20400315,20290404,20360414,20250415,20380414,20501226,20190304,20430417,20271208,20361226,20380426,20460101,20501226,,20570528,20570528,20461001,20360509,20450814,20491125,20580327,20490802,20360411,,20400330,20420102,20490303,20480501,20480212,20431225,20290213,20401226,20420404,20470128,20440824,20320115,20370601,20370501,20410910,20270607,20400831,20370216,20450815,20620102,20430101,20480831,20350323,20460323,20321109,20391101,20480101,20260403,20391130,20380423,20280509,20460101,20511012,20560529,20621226,20411128,20570528,20600531,20560529,20371103,20430101,20380603,20481104,20520930,20440705,20600307,20420404,20410610,20570501,20440307,20380628,20330909,20410910,20370216,20400102,20540209,20360526,,20660412,,20350125,20401231,20451101,20400102,20621226,20580415,,20251013,20340217,20380205,20361111,,20351225,20500503,20361225,20521028,20491102,20440101,20470412
20530404,20401202,20560331,20490910,20380325,20390103,20270402,20510331,20461226,20400316,20290430,20360429,20250501,20380415,20510102,20190321,20430421,20271231,20370101,20380705,20460205,20510102,,20570704,20570704,20461225,20360522,20450815,20491126,20580328,20491227,20360414,,20400402,20420404,20490416,20480902,20480213,20440101,20290214,20410101,20420530,20470211,20440825,20320116,20370817,20370616,20410911,20270816,20400917,20370217,20451031,20620324,20430102,20481225,20350425,20460326,20321206,20391226,20480106,20260409,20391208,20380524,20280612,20460205,20511102,20560704,20630101,20411225,20570704,20600705,20560704,20371123,20430326,20380614,20481105,20521225,20440706,20600509,20420421,20410617,20570629,20440314,20380716,20331003,20410911,20370217,20400213,20540210,20360908,,20660531,,20350205,20410101,20451225,20400126,20630101,20580506,,20251103,20340220,20380208,20361225,,20351226,20500609,20361226,20521225,20491115,20440106,20470415
20530407,20401203,20560403,20491029,20380423,20390104,20270525,20510403,20470101,20400330,20290501,20360501,20250512,20380503,20510116,20190401,20430501,20280110,20370403,20380901,20460206,20510116,,20570903,20570903,20461226,20360523,20450816,20491224,20580602,20491228,20360505,,20400501,20420407,20490419,20490101,20480214,20440106,20290215,20410201,20420616,20470311,20440826,20320211,20370908,20370810,20411003,20270831,20400924,20370218,20451101,20620327,20430326,20481228,20350501,20460501,20321208,20391227,20480406,20260501,20391226,20380624,20281106,20460319,20511115,20560904,20630126,20420101,20570903,20600906,20560904,20371231,20430327,20380714,20481110,20521226,20440928,20600510,20420423,20410805,20570815,20440415,20380917,20340220,20411003,20370218,20400214,20540327,20360922,,20661224,,20350206,20410419,20451226,20400330,20630126,20580509,,20251124,20340221,20380301,20361226,,20360101,20500815,20370101,20521226,20491231,20440418,20470501
20530425,20401213,20560427,20500519,20380426,20390131,20270621,20510425,20470102,20400402,20290618,20360509,20250701,20380518,20510220,20190406,20430907,20280320,20370406,20380915,20460323,20510220,,20571122,20571122,20470101,20360602,20451021,20491231,20580603,20500103,20360602,,20400510,20420501,20490517,20490201,20480217,20440415,20290330,20410204,20420731,20470412,20440830,20320322,20371109,20370924,20411009,20270916,20401008,20370428,20451225,20620501,20430327,20490101,20350524,20460503,20330106,20400102,20480501,20260527,20391230,20380701,20290101,20460322,20511225,20561123,20630413,20420120,20571122,20601125,20561123,20380101,20430330,20381101,20481208,20530101,20441028,20600511,20420501,20411224,20571101,20440418,20381011,20340221,20411009,20370219,20400330,20540501,20361224,,20661231,,20350323,20410422,20460101,20400402,20630413,20580527,,20251231,20340222,20380405,20370101,,20360414,20501101,20370102,20530101,20500221,20440616,20470523
20530609,20401215,20560511,20500620,20380614,20390207,20270709,20510501,20470124,20400430,20290924,20360815,20250710,20380701,20510331,20190417,20431002,20280413,20370501,20381101,20460501,20510331,,20571225,20571225,20470128,20360605,20451022,20500117,20580604,20500126,20360804,,20400521,20420515,20490614,20490202,20480218,20440418,20290402,20410404,20420801,20470415,20441031,20320326,20371110,20371216,20411225,20271028,20401009,20370501,20451226,20620529,20430501,20490416,20350613,20460514,20330414,20400126,20480602,20260612,20400329,20380906,20290102,20460323,20520101,20561225,20630416,20420217,20571225,20601224,20561225,20380111,20430501,20381111,20481225,20530127,20441117,20600923,20420605,20411225,20571225,20440606,20381101,20340301,20411225,20370220,20400501,20540522,20361225,,20670401,,20350501,20410501,20460323,20400425,20630416,20580826,,20260101,20340227,20380406,20370216,,20360501,20501111,20370119,20530102,20500222,20440622,20470603
20531006,20410101,20560522,20500621,20381028,20390408,20270816,20510816,20470422,20400501,20291001,20360919,20250728,20380716,20510529,20190419,20431013,20280414,20370514,20381117,20460524,20510529,,20580101,20580101,20470311,20361224,20451130,20500408,20580605,20500408,20361027,,20400531,20420526,20490705,20490203,20480422,20440526,20290404,20410419,20420901,20470416,20441101,20320412,20371111,20371225,20411231,20280126,20401225,20370529,20460101,20620828,20430629,20490419,20350815,20460815,20330415,20400312,20481208,20260821,20400330,20381011,20290103,20460501,20520304,20570101,20630425,20420526,20580101,20610117,20570101,20380211,20430507,20390408,20490101,20530303,20441226,20610220,20421120,20411226,20571226,20440701,20381208,20340501,20411231,20370406,20400525,20540716,20361226,,20670404,,20350524,20410530,20460326,20400611,20630425,20581225,,20260102,20340228,20380430,20370403,,20360522,20501226,20370206,20530206,20500408,20440805,20470801
20531225,20410725,20561225,20500622,20390106,20390411,20271011,20511002,20470501,20400521,20291002,20360929,20250812,20380728,20510704,20190501,20431102,20280501,20370515,20381224,20460907,20510704,,20580121,20580121,20470412,20361225,20451202,20500530,20580606,20500411,20361225,,20401003,20420801,20491115,20490204,20480430,20440624,20290501,20410422,20421111,20470425,20441102,20320506,20371112,20380101,20420101,20280127,20410101,20370601,20460102,20621225,20430728,20490503,20351005,20461101,20330502,20400330,20481225,20260831,20400409,20381111,20290104,20461102,20520305,20570115,20630611,20420704,20580121,20610221,20570115,20380223,20430518,20390411,20490301,20530404,20450407,20610221,20421225,20420101,20580101,20440801,20381231,20340505,20420101,20370501,20400809,20540810,20361231,,20670523,,20350709,20410606,20460501,20400806,20630611,20581226,,20260112,20340404,20380607,20370518,,20360602,20510106,20370403,20530404,20500421,20440815,20471225
20531226,20410926,20561226,20500715,20390228,20390425,20271208,20511225,20470610,20400820,20291003,20361002,20251013,20380812,20510904,20190518,20431113,20280529,20370525,20390106,20461012,20510904,,20580218,20580218,20470415,20361226,20451203,20500704,20581218,20500425,20361226,,20401224,20420911,20491227,20490205,20480501,20441206,20290521,20410501,20421225,20470610,20441103,20320525,20371113,20380322,20420121,20280201,20410104,20370831,20460208,20621226,20430729,20490531,20351101,20461225,20330516,20400402,20490101,20261130,20400501,20381227,20290105,20461119,20520419,20570219,20631225,20420901,20580218,20610408,20570219,20380429,20431224,20390519,20490302,20530407,20450410,20610222,20421231,20420403,20580415,20440802,20390408,20340525,20420121,20370618,20401008,20541030,20370101,,20671226,,20350907,20410621,20460503,20401001,20631225,20590101,,20260211,20340405,20380913,20370701,,20360612,20510403,20370406,20530407,20500609,20441101,20471226
20540101,20410928,20570101,20500829,20390325,20390606,20271224,20511226,20470815,20401022,20291004,20361018,20251023,20381013,20511009,20190605,20431116,20280619,20370721,20390408,20461102,20511009,,20580412,20580412,20470425,20361231,20460101,20500905,20590211,20500502,20361229,,20401225,20421225,20491228,20490412,20480902,20441226,20290702,20410507,20421226,20471024,20450501,20320601,20371225,20380423,20420122,20280209,20410118,20370916,20460326,20630101,20431008,20490830,20351224,20461226,20330616,20400425,20490106,20261208,20400514,20381228,20290108,20461212,20520501,20570420,20631226,20421013,20580412,20610530,20570420,20380503,20431225,20390530,20490303,20530425,20450501,20610428,20430101,20420404,20580425,20440803,20390627,20340531,20420122,20370619,20401225,20541225,20370303,,20680420,,20351012,20411224,20460514,20401225,20631226,20590328,,20260223,20340501,20381011,20370803,,20360815,20510501,20370427,20530425,20500907,20441226,20480101
20540126,20411130,20570420,20500830,20390415,20391024,20271231,20520101,20471225,20401023,20291005,20361020,20251205,20381025,20511123,20190812,20431225,20280626,20371111,20390411,20461115,20511123,,20580527,20580527,20470527,20370101,20460602,20501108,20590302,20500613,20370101,,20401226,20421226,20500103,20490430,20490101,20450106,20291001,20410603,20430101,20471225,20450519,20320817,20371231,20380426,20420123,20280214,20410201,20371026,20460427,20630413,20431208,20491227,20351225,20470101,20330725,20400611,20490419,20261224,20400612,20390103,20290223,20461225,20520620,20570528,20640101,20421111,20580527,20610704,20570528,20380504,20440101,20390714,20490416,20530602,20450508,20610501,20430120,20420407,20580501,20441021,20390815,20340606,20420123,20370924,20410101,20550101,20370403,,20680423,,20351102,20411225,20460524,20401226,20640101,20590331,,20260320,20340619,20381231,20370907,,20361208,20510503,20370601,20530602,20501012,20450106,20480102
20540309,20411202,20570423,20500831,20390418,20391226,20280228,20520126,20471226,20401101,20291231,20361101,20251210,20381206,20511225,20190815,20440126,20280703,20371225,20390705,20461130,20511225,,20580704,20580704,20470610,20370402,20460804,20501111,20590316,20500722,20370317,,20401231,20421231,20500124,20490503,20490201,20450407,20291016,20410701,20430327,20471226,20450814,20321101,20380101,20380427,20420305,20280228,20410315,20371106,20460501,20630416,20431225,20491228,20360101,20470412,20330815,20400928,20490602,20261225,20400821,20390104,20290308,20470101,20521115,20570704,20640128,20421127,20580704,20610905,20570704,20380505,20440414,20390815,20490701,20530929,20450705,20610502,20430209,20420424,20580815,20441226,20390919,20340815,20420305,20371001,20410201,20550128,20370406,,20680501,,20351115,20411226,20461003,20410101,20640128,20590505,,20260429,20340620,20390120,20371012,,20361224,20510601,20371026,20531027,20501102,20450410,20480403
20540327,20411203,20570427,20510501,20390606,20391227,20280229,20520419,20480101,20401102,20300101,20361106,20251231,20381210,20520101,20190817,20440314,20280720,20380101,20390829,20461225,20520101,,20580902,20580902,20470805,20370403,20460805,20501124,20590317,20500801,20370403,,20410101,20430101,20500223,20490902,20490202,20450410,20291225,20410911,20430529,20480101,20450815,20321224,20380204,20380616,20420501,20280229,20410501,20371109,20460502,20630507,20440101,20500103,20360226,20470415,20331012,20401106,20491101,20261230,20400827,20390408,20290309,20470204,20521225,20570903,20640404,20421225,20580902,20611124,20570903,20380719,20440415,20391101,20491103,20531225,20450706,20610922,20430210,20420501,20581101,20441227,20391010,20340926,20420501,20371002,20410419,20550129,20370501,,20680611,,20351120,20411231,20461101,20410128,20640404,20590509,,20260504,20340927,20390121,20371111,,20361225,20510815,20371225,20531225,20501115,20450501,20480406
20540330,20411204,20570531,20510519,20390815,20400102,20280324,20520422,20480102,20401224,20300204,20361120,20260101,20381231,20520115,20190902,20440406,20280807,20380423,20390901,20461231,20520115,,20581128,20581128,20471007,20370406,20461009,20501125,20590318,20501226,20370406,,20410419,20430102,20500408,20490903,20490203,20450501,20291226,20411001,20430615,20480127,20450816,20330103,20380205,20380809,20420505,20280501,20410514,20371110,20460625,20630528,20440414,20500408,20360411,20470501,20331101,20401225,20491208,20261231,20401008,20390523,20290430,20470318,20530101,20571122,20640407,20430101,20581128,20611226,20571122,20380811,20440418,20391111,20491104,20531226,20450928,20620209,20430327,20420515,20581225,20450102,20391031,20340927,20420505,20371005,20410501,20550416,20370506,,20681224,,20351225,20420101,20461224,20410419,20640407,20590526,,20260505,20341009,20390124,20371225,,20361226,20511101,20371228,20531226,20501230,20450608,20480501
20540608,20411205,20570611,20510612,20391028,20400103,20280413,20520425,20480124,20401225,20300205,20361225,20260102,20390103,20520219,20190910,20440414,20280821,20380426,20390915,20470101,20520219,,20581225,20581225,20471225,20370501,20461010,20501226,20590521,20501227,20370504,,20410422,20430327,20500411,20500103,20490204,20450518,20300101,20411003,20430730,20480210,20450830,20330104,20380405,20380924,20420526,20280505,20410913,20371225,20460815,20630827,20440415,20500411,20360425,20470523,20331109,20401226,20500106,20270101,20401029,20390624,20290501,20470411,20530217,20571225,20640425,20430119,20581225,20620102,20571225,20380920,20440517,20391226,20491105,20540101,20451117,20620212,20430421,20420526,20581226,20450306,20391101,20340928,20420526,20371006,20410514,20550428,20370525,,20681225,,20351231,20420106,20461225,20410422,20640425,20590825,,20260506,20341010,20390125,20371228,,20370101,20511225,20380101,20540101,20510213,20450622,20480514
20541005,20411224,20571225,20510817,20391226,20400130,20280414,20520506,20480406,20401226,20300206,20370114,20260303,20390208,20520419,20191002,20440415,20281016,20380603,20391101,20470225,20520419,,20590101,20590101,20471226,20370514,20461011,20510102,20590522,20510102,20370601,,20410501,20430330,20500516,20500124,20490205,20450623,20300204,20411225,20430731,20480309,20451020,20330105,20380423,20381216,20420604,20280509,20410916,20380101,20461031,20631225,20440629,20500502,20360501,20470603,20331206,20410101,20500411,20270310,20401101,20390701,20290509,20470412,20530218,20580101,20640609,20430216,20590101,20620116,20580101,20380923,20440526,20400330,20491110,20540126,20451225,20620213,20430423,20420617,20590101,20450313,20391208,20341003,20420604,20371007,20410809,20550511,20370907,,20681226,,20360101,20420404,20461226,20410425,20640609,20591225,,20260720,20350101,20390126,20380101,,20370106,20511226,20380104,20540102,20510214,20450815,20480525
20541225,20420101,20571226,20510818,20400106,20400206,20280501,20520814,20480501,20401231,20300207,20370126,20260406,20390406,20520527,20191007,20440815,20281106,20380604,20391117,20470226,20520527,,20590120,20590120,20480101,20370515,20461031,20510116,20591218,20510126,20370803,,20410530,20430501,20500613,20500125,20490412,20451206,20300205,20411226,20430907,20480403,20451023,20330106,20380519,20381227,20420606,20280526,20410927,20380201,20461101,20631226,20440728,20500530,20360610,20470815,20331208,20410128,20500425,20270325,20401130,20390905,20290611,20470501,20530404,20580121,20641225,20430525,20590120,20620220,20580121,20381011,20440606,20400402,20491129,20540302,20451226,20620419,20430501,20420804,20590106,20450407,20400102,20341009,20420606,20380101,20410927,20550705,20370922,,20681231,,20360125,20420407,20461231,20410610,20641225,20591226,,20260811,20350207,20390127,20380215,,20370406,20520101,20380125,20540206,20510331,20451101,20481225
20541228,20420304,20580101,20510830,20400319,20400330,20280525,20521007,20480525,20410101,20300208,20370127,20260413,20390413,20520704,20191029,20440825,20281113,20380614,20391226,20470412,20520704,,20590217,20590217,20480127,20370525,20461202,20510331,20600210,20510331,20371026,,20410610,20430507,20500704,20500126,20490430,20451225,20300206,20420101,20431111,20480406,20460101,20330131,20380601,20390321,20420815,20280803,20411023,20380204,20461225,20640101,20440729,20500829,20360612,20471101,20340106,20410311,20500602,20270326,20401214,20391010,20290612,20470916,20530421,20580218,20641226,20430907,20590217,20620324,20580218,20381103,20441226,20400501,20491208,20540327,20460101,20620420,20430528,20421224,20590331,20450410,20400330,20341225,20420815,20380203,20411023,20550809,20371224,,,,20360225,20420501,20470101,20410805,20641226,20600101,,20260921,20350208,20390128,20380423,,20370501,20520422,20380208,20540327,20510421,20451225,20490101
20550101,20420715,20580412,20520101,20400501,20400402,20280620,20521225,20480601,20410315,20300405,20370213,20260414,20390414,20520902,20191112,20440826,20281208,20380721,20400106,20470501,20520902,,20590328,20590328,20480309,20370605,20461203,20510529,20600304,20510403,20371225,,20410620,20430518,20501114,20500127,20490503,20451226,20300405,20420122,20431225,20480407,20460423,20330331,20380603,20390408,20420929,20280831,20411204,20380205,20461226,20640404,20440830,20501226,20360613,20471225,20340320,20410419,20500815,20270409,20401224,20391111,20291105,20471118,20530501,20580412,20650101,20431012,20590328,20620529,20580412,20381123,20450406,20400508,20500221,20540330,20460323,20620423,20430907,20421225,20590425,20450529,20400501,20350101,20420929,20380204,20411204,20551019,20371225,,,,20360226,20420515,20470412,20411007,20650101,20600416,,20260922,20350209,20390228,20380524,,20370514,20520501,20380423,20540330,20510501,20451226,20490416
20550126,20420915,20580415,20520423,20400504,20400425,20280821,20521226,20481130,20410419,20300501,20370226,20260415,20390415,20521014,20191225,20441021,20281225,20381101,20400330,20470613,20521014,,20590526,20590526,20480403,20371224,20470101,20510704,20600307,20510425,20371228,,20411003,20430910,20501226,20500128,20490902,20460101,20300419,20420123,20431228,20480608,20460501,20330401,20380817,20390411,20420930,20281017,20411225,20380518,20470101,20640407,20441101,20501227,20360815,20471226,20340406,20410422,20501101,20270517,20401225,20391226,20300101,20471212,20530605,20580527,20650126,20431111,20590526,20620704,20580527,20381231,20450407,20400510,20500222,20540427,20460326,20620924,20431012,20421226,20590501,20450630,20400521,20350207,20420930,20380205,20411225,20560215,20371228,,,,20360411,20420606,20470415,20411225,20650126,20600419,,20260923,20350212,20390404,20380701,,20370525,20520503,20380426,20540427,20510601,20460101,20490419
20550308,20420916,20580523,20520501,20400507,20400604,20281016,20530101,20481201,20410422,20300605,20370317,20260501,20390502,20521111,20200219,20441101,20281229,20381111,20400402,20471115,20521111,,20590704,20590704,20480406,20371225,20470108,20510904,20600308,20510501,20371229,,20411224,20431225,20501227,20500401,20490903,20460323,20300422,20420124,20440101,20481022,20460803,20330415,20381027,20390427,20421003,20281225,20411226,20380531,20470102,20640505,20441208,20510102,20361201,20480101,20340407,20410425,20501208,20270830,20401231,20391227,20300102,20471225,20531225,20580704,20650327,20431126,20590704,20620904,20580704,20390103,20450410,20400521,20500223,20540601,20460501,20630130,20431102,20430101,20590602,20450807,20400702,20350208,20421003,20380208,20420101,20560216,20371231,,,,20360421,20420620,20470501,20411226,20650327,20600503,,20261012,20350228,20390405,20380802,,20370604,20520620,20380607,20540601,20510907,20460326,20490527
20550416,20420917,20580603,20520529,20400625,20401022,20281106,20530127,20481225,20410501,20300912,20370401,20260601,20390509,20521128,20200221,20441201,20290101,20390408,20400501,20471225,20521128,,20590901,20590901,20480601,20371231,20470522,20511110,20600509,20510612,20380101,,20411225,20431231,20510102,20500502,20500103,20460326,20300501,20420403,20440415,20481225,20460830,20330526,20381028,20390502,20421009,20290101,20420101,20380601,20470208,20640526,20450406,20510331,20361208,20480403,20340501,20410610,20501226,20271101,20410101,20400102,20300103,20480101,20540101,20580902,20650330,20431225,20590901,20621123,20580902,20390110,20450501,20400815,20500408,20540928,20460508,20630131,20431120,20430326,20590815,20450808,20400716,20350209,20421009,20380209,20420122,20560331,20380101,,,,20360501,20421224,20470523,20420101,20650330,20600531,,20261103,20350404,20390502,20380906,,20371026,20520815,20381025,20541026,20511012,20460501,20490607
20550419,20421122,20581225,20520530,20400815,20401225,20281120,20530404,20490101,20410610,20300913,20370403,20260701,20390701,20521225,20200310,20450126,20290108,20390411,20400508,20471231,20521225,,20591127,20591127,20480608,20380101,20470724,20511123,20600510,20510728,20380317,,20411226,20440101,20510123,20500503,20500124,20460501,20300509,20420404,20440527,20481228,20461010,20330601,20381029,20390616,20421225,20290130,20420122,20380831,20470415,20640825,20450407,20510403,20361224,20480406,20340502,20410927,20510106,20271130,20410201,20400103,20300104,20480203,20540209,20581128,20650608,20440101,20591127,20621225,20581128,20390211,20450517,20401101,20500502,20541225,20460705,20630201,20431225,20430327,20591208,20450809,20400815,20350301,20421225,20380405,20420123,20560417,20380303,,,,20360612,20421225,20470603,20420127,20650608,20600830,,20261123,20350405,20390527,20381011,,20371208,20521101,20381227,20541225,20511102,20460524,20500408
20550426,20421123,20581226,20520531,20401225,20401226,20281208,20530407,20490426,20410819,20301001,20370414,20260728,20390705,20530101,20200325,20450215,20290319,20390519,20400705,20480101,20530101,,20591225,20591225,20480803,20380422,20470725,20511124,20600511,20510807,20380423,,20411231,20440415,20510215,20500902,20500125,20460503,20300605,20420407,20440620,20490101,20461011,20330610,20381101,20390809,20421231,20290201,20420123,20380916,20470501,20641225,20450501,20510501,20361225,20480501,20340515,20411105,20510403,20271208,20410409,20400330,20300107,20480316,20540210,20581225,20651225,20440118,20591225,20630101,20581225,20390223,20450518,20401225,20501103,20541228,20460706,20630408,20431231,20430330,20591225,20451020,20400917,20350501,20421231,20380503,20420404,20560501,20380423,,,,20360709,20421226,20470613,20420404,20651225,20601227,,20261231,20350406,20391003,20381111,,20371224,20521111,20381228,20541228,20511115,20460622,20500411
20550614,20421124,20590101,20520715,20401226,20410101,20281225,20530425,20490601,20410820,20301002,20370418,20260729,20390728,20530120,20200401,20450303,20290329,20390520,20400829,20480217,20530120,,20600101,20600101,20481005,20380423,20470929,20511225,20601219,20511225,20380426,,20420101,20440418,20510331,20510102,20500126,20460622,20300701,20420501,20440728,20490126,20461012,20330817,20381102,20391216,20430101,20290202,20420204,20381027,20470502,20641226,20450629,20510529,20370101,20480514,20340815,20411225,20510425,20271224,20410418,20400521,20300108,20480402,20540327,20590101,20651228,20440215,20600101,20630115,20590101,20390321,20450529,20401226,20501104,20550101,20460928,20630409,20440101,20430423,20591226,20451225,20400918,20350507,20430101,20380607,20420501,20560529,20380426,,,,20361120,20421231,20471003,20420407,20651228,20601228,,20270101,20350501,20391010,20381227,,20371225,20521225,20390103,20550101,20511225,20460625,20500519
20551004,20421130,20590328,20520805,20410101,20410102,20290101,20530505,20490614,20411023,20301003,20370429,20260812,20390812,20530217,20200402,20450327,20290330,20390530,20401101,20480218,20530217,,20600119,20600119,20481225,20380426,20470930,20520101,20610208,20511226,20380503,,20420404,20440526,20510403,20510209,20500127,20461206,20300913,20420526,20440729,20490208,20461029,20331021,20381224,20391226,20430209,20290213,20420305,20381029,20470625,20650101,20450728,20510828,20370217,20480525,20341012,20411226,20510501,20271230,20410419,20400625,20300308,20480403,20540421,20590120,20660101,20440530,20600119,20630219,20590120,20390429,20451225,20410101,20501110,20550126,20461224,20630410,20440120,20430501,20600101,20451226,20400919,20350515,20430209,20380913,20420602,20560809,20380503,,,,20361225,20430101,20471101,20420425,20660101,20610103,,20270111,20350611,20400102,20381228,,20380101,20521226,20390104,20550104,20511229,20460815,20500530
20551227,20421202,20590331,20520806,20410304,20410128,20290212,20530813,20491130,20411101,20301004,20370501,20261013,20391013,20530526,20200406,20450331,20290501,20390721,20401224,20480403,20530526,,20600216,20600216,20481228,20380521,20471001,20520115,20610221,20520101,20380607,,20420407,20440606,20510515,20510210,20500128,20461224,20301001,20420623,20440905,20490308,20470101,20331222,20381231,20400102,20430210,20290214,20420501,20390105,20470815,20650327,20450830,20511225,20370403,20480623,20341101,20420101,20510602,20271231,20410501,20400702,20300501,20480501,20540501,20590217,20660126,20440704,20600216,20630413,20590217,20390503,20451226,20410419,20501128,20550301,20461225,20630923,20440229,20430507,20600106,20460101,20401015,20350606,20430210,20381001,20420916,20561106,20380506,,,,20361231,20430106,20471224,20420609,20660126,20610408,,20270211,20350917,20400208,20390103,,20380106,20530101,20390124,20550208,20520101,20461008,20500801
20551228,20421203,20590508,20520807,20410325,20410206,20290213,20531006,20491201,20411224,20301007,20370815,20261023,20391024,20530704,20200410,20450407,20290514,20390815,20401225,20480421,20530704,,20600416,20600416,20490101,20380603,20471020,20520419,20610222,20520126,20380802,,20420501,20440801,20510619,20510213,20500401,20461225,20301225,20420701,20441111,20490416,20470423,20331223,20390105,20400321,20430211,20290215,20420505,20390124,20471031,20650330,20451101,20511226,20370501,20481225,20341109,20420127,20510815,20280126,20410612,20400903,20300502,20480916,20540528,20590328,20660409,20440905,20600416,20630528,20590328,20390504,20460101,20410422,20501208,20550416,20461226,20640117,20440301,20430518,20600419,20460305,20401101,20350815,20430211,20381004,20421111,20561225,20380524,,,,20370101,20430327,20471225,20420804,20660409,20610411,,20270223,20351010,20400209,20390221,,20380426,20530106,20390207,20550416,20520304,20461101,20501226
20560103,20421214,20590519,20520808,20410419,20410419,20290329,20531225,20500124,20411225,20310101,20371002,20261207,20391205,20530901,20200414,20450414,20290604,20391101,20401226,20480501,20530901,,20600531,20600531,20490126,20380604,20471130,20520527,20610223,20520419,20381025,,20420515,20440908,20510703,20510214,20500502,20461226,20301226,20420929,20441226,20490419,20470501,20331226,20390124,20400330,20430501,20290216,20420901,20390125,20471101,20650504,20451208,20520101,20370604,20490101,20341206,20420310,20511101,20280228,20410821,20401008,20300503,20481102,20540907,20590526,20660412,20441010,20600531,20630704,20590526,20390505,20460322,20410501,20501226,20550419,20470101,20640120,20440415,20430617,20600602,20460312,20401102,20350917,20430501,20381005,20421124,20570101,20380906,,,,20370216,20430330,20471226,20421006,20660412,20610502,,20270322,20351231,20400210,20390408,,20380603,20530407,20390408,20550419,20520305,20461225,20510102
20560126,20430101,20591225,20520830,20410422,20410422,20290330,20531226,20500418,20411226,20310122,20371008,20261210,20391212,20531013,20200501,20450501,20290611,20391111,20410101,20480604,20531013,,20600705,20600705,20490308,20380614,20471202,20520704,20610224,20520422,20381227,,20420526,20441226,20511113,20510215,20500503,20470101,20310101,20421001,20441227,20490420,20470715,20340301,20390126,20400402,20430505,20290424,20420902,20390126,20471225,20650525,20451225,20520419,20370610,20490416,20341208,20420404,20511208,20280413,20410826,20401112,20300509,20481116,20541012,20590704,20660426,20441111,20600705,20630903,20590704,20390718,20460323,20410508,20510102,20550426,20470412,20640121,20440421,20430803,20600629,20460323,20401225,20350918,20430505,20381006,20421225,20570205,20380922,,,,20370217,20430501,20471231,20421225,20660426,20610509,,20270429,20360101,20400213,20390523,,20380614,20530501,20390411,20550426,20520419,20461226,20510331
20560313,20430222,20591226,20521029,20410501,20410425,20290402,20540101,20500601,20411227,20310123,20371017,20261231,20400102,20531111,20200507,20450815,20290702,20391226,20410419,20480907,20531111,,20600906,20600906,20490416,20381224,20471203,20520902,20610306,20520425,20381228,,20420605,20450102,20511225,20510420,20500902,20470412,20310123,20421022,20450102,20490614,20470724,20340322,20390325,20400427,20430916,20290501,20420916,20390201,20471226,20650831,20460101,20520422,20371005,20490419,20341225,20420407,20511225,20280414,20410927,20401225,20300510,20481201,20541102,20590901,20660614,20441124,20600906,20631122,20590901,20390811,20460326,20410530,20510109,20550607,20470415,20640327,20440616,20431224,20601101,20460326,20401231,20351003,20430916,20381007,20430101,20570206,20381224,,,,20370403,20430507,20480101,20421226,20660614,20610530,,20270503,20360128,20400214,20390701,,20380624,20530605,20390425,20550607,20520501,20470101,20510403
20560331,20430704,20600101,20530101,20410610,20410603,20290501,20540126,20500606,20420101,20310124,20371106,20270101,20400227,20531127,20200525,20450914,20290720,20400330,20410422,20481012,20531127,,20601125,20601125,20490419,20381231,20471229,20521105,20610501,20520506,20381229,,20421003,20450407,20511226,20510421,20510102,20470415,20310124,20421225,20450407,20491021,20470725,20340407,20390406,20400501,20430917,20290515,20420917,20390406,20480101,20651225,20460322,20520506,20371201,20490527,20350101,20420425,20511226,20280501,20411101,20401226,20300612,20481225,20541225,20591127,20661227,20441226,20601125,20631225,20591127,20390919,20460501,20410610,20510213,20550927,20470501,20640330,20440907,20431225,20601208,20460514,20410101,20351009,20430917,20390103,20430210,20570405,20381227,,,,20370421,20430619,20480106,20430101,20661227,20610829,,20270504,20360129,20400215,20390801,,20381026,20530815,20390606,20551025,20520620,20470415,20510501
20560403,20430905,20600416,20530423,20410815,20411028,20290525,20540327,20500815,20420404,20310127,20371109,20270222,20400406,20531225,20200801,20451002,20290807,20400402,20410501,20481102,20531225,,20601224,20601224,20490426,20390407,20480101,20521111,20610502,20520610,20390103,,20421224,20450410,20520101,20510501,20510209,20470501,20310411,20421226,20450526,20491227,20470726,20340419,20390408,20400809,20430918,20290528,20420918,20390502,20480102,20651228,20460323,20520527,20371208,20490607,20350322,20420609,20520101,20280505,20411204,20410101,20301104,20490101,20550101,20591225,20661228,20450102,20601224,20640101,20591225,20390923,20460503,20410815,20510214,20551227,20470508,20640331,20441012,20440101,20610106,20460702,20410419,20351225,20430918,20390124,20430211,20570420,20381228,,,,20370501,20431224,20480403,20430126,20661228,20611226,,20270505,20360130,20400227,20390905,,20381101,20531111,20391024,20551227,20521115,20470501,20510511
20560425,20430906,20600419,20530501,20411028,20411225,20290620,20540330,20501130,20420407,20310128,20371125,20270406,20400413,20540101,20200815,20451020,20290820,20400501,20410508,20481130,20540101,,20610117,20610117,20490531,20390408,20480510,20521128,20610503,20520726,20390317,,20421225,20450501,20520122,20510502,20510210,20470523,20310414,20430101,20450619,20491228,20470830,20340501,20390519,20400924,20431009,20290724,20421111,20390530,20480406,20660101,20460501,20520826,20371224,20490623,20350323,20420926,20520422,20280508,20411224,20410102,20310101,20490201,20550301,20600101,20670103,20450116,20610117,20640121,20600101,20391010,20460514,20411101,20510215,20551228,20470705,20640923,20441102,20440414,20610411,20460806,20410501,20360101,20431009,20390125,20430327,20570501,20381231,,,,20370604,20431225,20480406,20430327,20670103,20611227,,20270719,20360131,20400228,20391010,,20381208,20531225,20391226,20551228,20521225,20470613,20510522
20560612,20431111,20600427,20530519,20411225,20411226,20290709,20540504,20501201,20420501,20310407,20371225,20270413,20400416,20540119,20201002,20451109,20291015,20400510,20410705,20481225,20540119,,20610221,20610221,20490614,20390411,20480712,20521129,20610504,20520805,20390408,,20421226,20450518,20520306,20510904,20510213,20470621,20310501,20430210,20450803,20500103,20470930,20340518,20390601,20401217,20431225,20290831,20421124,20390531,20480427,20660409,20460629,20521225,20371225,20491101,20350501,20421104,20520425,20280612,20411225,20410419,20310102,20490315,20550302,20600119,20670126,20450220,20610221,20640218,20600119,20391103,20460517,20411111,20510331,20560103,20471028,20650107,20441115,20440415,20610425,20460807,20410521,20360128,20431225,20390126,20430501,20570518,20390103,,,,20370709,20431231,20480501,20430330,20670126,20620102,,20270811,20360201,20400403,20391111,,20381224,20531226,20391227,20560103,20521231,20470625,20510801
20561002,20431112,20600505,20530520,20411226,20420101,20290820,20540812,20501226,20420502,20310501,20380115,20270414,20400501,20540216,20201030,20451120,20291105,20400511,20410829,20481231,20540216,,20610408,20610408,20490802,20390506,20480713,20521225,20610505,20521225,20390411,,20421231,20450529,20520419,20520101,20510214,20471206,20310528,20430211,20450804,20500126,20471001,20340530,20390817,20401225,20431231,20290917,20421215,20390831,20480501,20660412,20460830,20521226,20380101,20500408,20350502,20421225,20520501,20280821,20411230,20410520,20310103,20490415,20550416,20600216,20670401,20450529,20610408,20640404,20600216,20391123,20461224,20411225,20510501,20560126,20471224,20650108,20441230,20440418,20610602,20460808,20410716,20360129,20431231,20390127,20430810,20570613,20390303,,,,20370907,20440101,20480514,20430608,20670401,20620324,,20270920,20360228,20400404,20391226,,20390106,20540101,20400102,20560104,20530101,20470805,20511225
20561225,20431130,20600527,20530521,20420101,20420102,20291015,20541005,20510102,20420526,20310502,20380116,20270415,20400525,20540327,20201116,20451124,20291112,20400521,20411101,20490101,20540327,,20610530,20610530,20491004,20390519,20480714,20530101,20611218,20521226,20390502,,20430101,20450801,20520422,20520129,20510215,20471224,20310624,20430212,20450904,20500214,20471002,20340601,20390818,20401226,20440101,20291105,20421225,20390916,20480625,20660503,20461008,20530101,20380309,20500411,20350515,20421226,20520815,20280828,20411231,20410624,20310106,20490416,20550421,20600416,20670404,20450704,20610530,20640526,20600416,20400102,20461225,20411226,20511103,20560306,20471225,20650111,20450120,20440421,20610629,20461022,20410815,20360130,20440101,20390128,20431112,20570809,20390415,,,,20371012,20440106,20480525,20430803,20670404,20620327,,20270923,20360229,20400501,20391227,,20390411,20540106,20400103,20560207,20530217,20470815,20511226
20561226,20431202,20600607,20530715,20420106,20420127,20291106,20541225,20510124,20420820,20310623,20380126,20270503,20400723,20540525,20201130,20451225,20291225,20400815,20411224,20490301,20540525,,20610704,20610704,20491227,20390520,20480919,20530120,20620212,20530101,20390606,,20430327,20450907,20520520,20520130,20510420,20471225,20310701,20430327,20451113,20500314,20471003,20340602,20391018,20410101,20440129,20291225,20430101,20391005,20481225,20660531,20461101,20530404,20380423,20500519,20350815,20430101,20521101,20281030,20420101,20410701,20310107,20490916,20550617,20600531,20670425,20450904,20610704,20640704,20600531,20400103,20461226,20420101,20511106,20560331,20471226,20650316,20450220,20440526,20610815,20461225,20410918,20360409,20440129,20390404,20431225,20571225,20390418,,,,20371102,20440415,20480604,20431005,20670425,20620501,,20271011,20360403,20400614,20400102,,20390519,20540330,20400123,20560331,20530218,20471008,20520101
20570101,20431203,20610408,20530728,20420224,20420206,20291119,20541228,20510501,20421023,20310624,20380215,20270520,20400730,20540703,20201225,20460126,20291231,20401101,20411225,20490302,20540703,,20610905,20610905,20491228,20390530,20480920,20530404,20620213,20530127,20390801,,20430330,20451225,20520617,20520131,20510421,20471226,20311001,20430330,20451225,20500408,20471029,20340817,20391019,20410321,20440201,20300101,20430126,20391019,20490101,20660830,20461225,20530407,20380610,20500530,20351012,20430126,20521225,20281101,20420122,20410902,20310108,20491102,20550907,20600705,20670613,20451009,20610905,20640901,20600705,20400109,20470101,20420404,20511110,20560403,20480101,20650317,20450221,20440606,20611101,20461226,20410919,20360501,20440201,20390405,20440101,20580101,20390502,,,,20371120,20440418,20481224,20431225,20670613,20620509,,20271103,20360404,20400615,20400220,,20390530,20540501,20400206,20560403,20530404,20471101,20520102
20570126,20440211,20610411,20530729,20420325,20420404,20291225,20550101,20510508,20421024,20311001,20380303,20270701,20400813,20540907,20210126,20460305,20300101,20401225,20411226,20490416,20540907,,20611124,20611124,20500103,20391226,20481130,20530526,20620214,20530404,20391031,,20430501,20451226,20520701,20520201,20510501,20480101,20311002,20430406,20451226,20500411,20480101,20341010,20391020,20410419,20440301,20300121,20430202,20391020,20490208,20661227,20470101,20530505,20380624,20500623,20351101,20430309,20521226,20281130,20420403,20411014,20310310,20491115,20551012,20600906,20671226,20451123,20611124,20641127,20600906,20400223,20470411,20420407,20511128,20560425,20480403,20650318,20450407,20440617,20611208,20470101,20410920,20360505,20440301,20390502,20440201,20580124,20390506,,,,20371225,20440526,20481225,20431228,20671226,20620529,,20271123,20360501,20400920,20400330,,20390609,20540528,20400330,20560425,20530421,20471225,20520419
20570312,20440623,20610427,20531029,20420411,20420407,20300101,20550126,20510601,20421224,20311002,20380401,20270719,20401015,20541012,20210219,20460322,20300107,20401226,20420101,20490421,20541012,,20611226,20611226,20500126,20400329,20481202,20530704,20620305,20530407,20391226,,20430507,20460101,20521111,20520202,20510502,20480106,20311024,20430501,20460101,20500412,20480423,20341211,20391021,20410422,20440413,20300122,20430210,20391115,20490419,20661228,20470411,20530526,20381005,20500815,20351109,20430327,20530101,20281208,20420404,20411111,20310501,20500207,20551102,20601125,20671227,20451225,20611226,20641225,20601125,20400320,20470412,20420501,20511208,20560605,20480406,20650923,20450421,20440801,20611226,20470304,20411031,20360606,20440413,20390527,20440415,20580125,20390524,,,,20371231,20440606,20481231,20440101,20671227,20620828,,20271231,20360530,20400921,20400521,,20390815,20541111,20400402,20560605,20530501,20471226,20520422
20570420,20440824,20610519,20540101,20420414,20420425,20300304,20550416,20510626,20421225,20311003,20380405,20270728,20401023,20541111,20210311,20460323,20300325,20410101,20420106,20490617,20541111,,20620102,20620102,20500314,20400330,20481203,20530901,20620419,20530425,20391227,,20430518,20460102,20521225,20520205,20510904,20480403,20311225,20430611,20460323,20500425,20480501,20341212,20391226,20410501,20440505,20300201,20430211,20391226,20490427,20670103,20470412,20530825,20381101,20501101,20351206,20430330,20530106,20281225,20420409,20411225,20310502,20500321,20551115,20601224,20680102,20460101,20620102,20650101,20601224,20400430,20470415,20420508,20511225,20560925,20480501,20651227,20450501,20441226,20620106,20470311,20411101,20360815,20440505,20391003,20440502,20580326,20390906,,,,20380101,20440624,20490101,20440126,20680102,20621225,,20280103,20361003,20401010,20400702,,20391026,20541225,20400425,20561023,20530605,20480101,20520501
20570423,20440825,20610530,20540423,20420501,20420602,20300305,20550419,20510815,20421226,20311006,20380414,20270812,20401205,20541126,20210329,20460419,20300418,20410419,20420404,20490907,20541126,,20620116,20620116,20500408,20400402,20490429,20531111,20620420,20530505,20391228,,20430528,20460323,20521226,20520408,20520101,20480406,20311226,20430701,20460525,20500613,20480519,20341213,20400314,20410617,20440506,20300204,20430223,20391227,20490625,20670401,20470501,20531225,20381201,20501226,20351225,20430608,20530407,20290101,20420501,20411226,20310509,20500407,20560214,20610117,20680126,20460115,20620116,20650119,20610117,20400503,20470501,20420515,20520101,20561225,20480508,20651228,20450608,20450406,20620327,20470412,20411225,20361003,20440506,20391004,20440512,20580412,20390922,,,,20380125,20441226,20490106,20440415,20680126,20621226,,20280110,20361010,20401231,20400806,,20391101,20550101,20400604,20561225,20531225,20480106,20520530
20570425,20441030,20611226,20540501,20420602,20421027,20300402,20550426,20511130,20430101,20311007,20380417,20271013,20401210,20541225,20210401,20460501,20300419,20410422,20420407,20491012,20541225,,20620220,20620220,20500411,20400427,20490701,20531127,20621218,20530609,20400102,,20431224,20460326,20530101,20520409,20520129,20480501,20320101,20430918,20460618,20501020,20480713,20341214,20400330,20410809,20440606,20300205,20430501,20400102,20491101,20670404,20470729,20531226,20381208,20510331,20360101,20430925,20530425,20290213,20420612,20420101,20310612,20500408,20560215,20610221,20680420,20460219,20620220,20650216,20610221,20400504,20470517,20420526,20520109,20561226,20480706,20651229,20450907,20450407,20620425,20470415,20411231,20361006,20440606,20391005,20440809,20580501,20391226,,,,20380308,20450106,20490416,20440418,20680420,20630101,,20280211,20370101,20410101,20400903,,20391208,20550106,20401022,20561226,20531231,20480406,20520610
20570611,20441031,20620324,20540511,20420815,20421225,20300418,20550503,20511201,20430102,20311008,20380423,20271025,20401231,20550101,20210402,20460815,20300501,20410501,20420501,20491102,20550101,,20620324,20620324,20500425,20400510,20490703,20531128,20630131,20530725,20400319,,20431225,20460501,20530127,20520429,20520130,20480514,20320211,20431001,20460802,20501226,20480714,20341215,20400501,20410924,20440815,20300206,20430831,20400116,20500208,20670502,20470830,20540101,20381224,20510403,20360107,20431103,20530501,20290215,20420821,20420102,20310613,20500916,20560331,20610408,20680423,20460528,20620324,20650327,20610408,20400716,20470523,20420714,20520304,20570101,20480928,20660304,20451012,20450410,20620501,20470603,20420101,20361009,20440815,20391006,20440824,20580507,20391227,,,,20380309,20450407,20490419,20440425,20680423,20630413,,20280223,20370102,20410129,20401008,,20391226,20550419,20401225,20570101,20540101,20480501,20520801
20571001,20441101,20620327,20540519,20421028,20421226,20300419,20550811,20511225,20430327,20320101,20380501,20271206,20410101,20550118,20210413,20460903,20300603,20410530,20420508,20491115,20550118,,20620529,20620529,20500530,20400511,20490907,20531225,20630201,20530804,20400330,,20431231,20460503,20530219,20520430,20520131,20480619,20320212,20431012,20460803,20501227,20480715,20341225,20400510,20411216,20441003,20300207,20430907,20400201,20500411,20670530,20471008,20540327,20390222,20510501,20360410,20431225,20530602,20290329,20420825,20420404,20311103,20501102,20560421,20610530,20680425,20460704,20620529,20650525,20610530,20400917,20470603,20420815,20520305,20570126,20481028,20660307,20451102,20450420,20620602,20470701,20420404,20361225,20441003,20391007,20441020,20580603,20391228,,,,20380421,20450410,20490527,20440613,20680425,20630416,,20280320,20370213,20410130,20401112,,20400106,20550503,20401226,20570102,20540209,20480604,20521225
20571225,20441121,20620427,20540715,20421225,20430101,20300501,20551004,20511226,20430330,20320102,20380507,20271210,20410215,20550215,20210414,20461002,20300624,20410531,20420829,20491130,20550215,,20620704,20620704,20500613,20400521,20490908,20540101,20630213,20531225,20400402,,20440101,20460514,20530404,20520501,20520201,20481224,20320213,20431225,20460903,20510102,20480918,20341226,20400601,20411225,20441004,20300501,20430916,20400213,20500427,20670829,20471101,20540330,20390408,20510511,20360411,20431228,20530815,20290330,20420916,20420519,20311104,20501121,20560501,20610704,20680611,20460903,20620704,20650703,20610704,20401008,20471224,20421111,20520306,20570305,20481117,20660308,20451115,20450501,20620629,20470805,20420501,20370101,20441004,20400102,20441031,20580809,20400102,,,,20380423,20450501,20490607,20440801,20680611,20630507,,20280503,20370216,20410131,20401225,,20400402,20550617,20410101,20570206,20540210,20480622,20521226
20571226,20441130,20620504,20540716,20421226,20430102,20300617,20551227,20520101,20430501,20320210,20380902,20271231,20410408,20550416,20210421,20461008,20300701,20410610,20420901,20491231,20550416,,20620904,20620904,20500801,20400605,20490909,20540119,20630304,20531226,20400507,,20440415,20460801,20530407,20520902,20520202,20481225,20320326,20440101,20461112,20510126,20480921,20350101,20400806,20411226,20441005,20300516,20431112,20400214,20500502,20671226,20471225,20540504,20390425,20510522,20360501,20440101,20531208,20290409,20421124,20420624,20320101,20501212,20560601,20610905,20681225,20461008,20620904,20650907,20610905,20401123,20471225,20421225,20520419,20570420,20481224,20660923,20451120,20450518,20620815,20470806,20420521,20370216,20441005,20400213,20441226,20581115,20400305,,,,20380624,20450518,20490617,20441003,20681225,20630509,,20280504,20370217,20410201,20401226,,20400501,20551101,20410102,20570420,20540327,20480625,20530101
20580101,20441203,20620515,20540717,20430101,20430126,20300620,20551228,20520102,20430518,20320211,20380928,20280103,20410415,20550531,20210501,20461011,20300807,20410815,20420915,20500221,20550531,,20621123,20621123,20501003,20401224,20490928,20540327,20630408,20540101,20400604,,20440418,20460906,20530519,20530101,20520205,20490101,20320329,20440201,20461225,20510213,20481029,20350208,20400817,20420101,20441006,20300916,20431203,20400326,20500815,20671227,20480101,20540525,20390609,20510623,20360502,20440126,20531225,20290424,20421208,20420701,20320102,20510206,20560907,20611124,20681226,20461112,20621123,20651126,20611124,20401231,20471226,20421226,20520501,20570423,20481225,20661216,20451225,20450529,20621101,20470807,20420716,20370217,20441006,20400214,20450102,20581225,20400501,,,,20380709,20450606,20491101,20441226,20681226,20630528,,20280505,20370218,20410204,20410101,,20400510,20551111,20410121,20570423,20540421,20480805,20530102
20580128,20450101,20621225,20541029,20430106,20430206,20300709,20560103,20520124,20430820,20320212,20381002,20280210,20410416,20550705,20210514,20461030,20300819,20411101,20421117,20500222,20550705,,20621225,20621225,20501226,20401225,20491130,20540525,20630409,20540126,20400806,,20440526,20461225,20530616,20530217,20520408,20490106,20320405,20440202,20461226,20510313,20490101,20350219,20401008,20420321,20441230,20301225,20431225,20400501,20501031,20680102,20480402,20540831,20390610,20510815,20360515,20440314,20531226,20290501,20421224,20420901,20320105,20510320,20561012,20611226,,20461122,20621225,20651225,20611226,20410101,20480101,20430101,20521104,20570425,20490101,20661219,20451229,20450807,20621208,20471021,20420815,20370304,20441230,20400215,20450217,20590101,20400504,,,,20380907,20450623,20491224,20441227,,20630827,,20280717,20370227,20410205,20410218,,20400521,20560106,20410206,20570425,20540501,20481008,20530404
20580311,20450130,20621226,20550101,20430316,20430327,20300819,20560126,20520422,20430821,20320213,20381006,20280406,20410501,20550906,20210526,20461109,20301014,20411111,20421224,20500408,20550906,,20630101,20630101,20501227,20401226,20491202,20540703,20630410,20540327,20401029,,20440606,20461226,20530707,20530218,20520409,20490416,20320517,20440404,20470101,20510331,20490423,20350323,20401009,20420404,20450216,20310101,20440101,20400525,20501101,20680420,20480403,20541225,20390613,20511101,20360725,20440415,20540101,20290612,20421225,20421013,20320106,20510330,20561102,20620102,,20461225,20630101,20660101,20620102,20410102,20480402,20430327,20521105,20570604,20490416,20661220,20460101,20451225,20621225,20471225,20420918,20370501,20450216,20400216,20450407,20590212,20400507,,,,20381012,20451225,20491231,20450102,,20631225,,20280811,20370402,20410228,20410419,,20400531,20560403,20410419,20570604,20540528,20481225,20530407
20580412,20450613,20630101,20550423,20430325,20430330,20301014,20560331,20520501,20431023,20320216,20381007,20280413,20410514,20551011,20210721,20461113,20301104,20411225,20421225,20500421,20551011,,20630115,20630115,20510102,20401231,20491207,20540907,20631218,20540330,20401225,,20440616,20461231,20531110,20530219,20520429,20490419,20320701,20440415,20470412,20510403,20490519,20350409,20401010,20420407,20450217,20310123,20440201,20400530,20501226,20680423,20480501,20541228,20390815,20511225,20360815,20440418,20540106,20290821,20421226,20421111,20320107,20510331,20561115,20620116,,20470101,20630115,20660118,20620116,20410103,20480403,20430330,20521111,20570924,20490419,20670223,20460205,20451226,20621226,20471226,20420919,20370505,20450217,20400217,20450501,20590213,20400524,,,,20381102,20451226,20500106,20450126,,20631226,,20280918,20370403,20410301,20410520,,20400815,20560501,20410422,20571022,20540907,20490101,20530501
20580415,20450814,20630413,20550428,20430501,20430427,20301106,20560403,20520610,20431224,20320405,20381013,20280414,20410701,20551111,20210816,20461225,20301111,20411226,20421226,20500609,20551111,,20630219,20630219,20510126,20410101,20500101,20541103,20640120,20540504,20401226,,20441003,20470101,20531225,20530220,20520430,20490527,20320920,20440418,20470531,20510404,20490701,20350501,20401224,20420428,20450301,20310124,20440202,20400531,20510102,20680507,20480629,20550101,20391005,20511226,20361110,20440425,20540330,20290827,20421230,20421225,20320108,20510501,20561225,20620220,,20470121,20630219,20660215,20620220,20410114,20480406,20430501,20521128,20571225,20490705,20670224,20460206,20460101,20630101,20480101,20421031,20370522,20450301,20400404,20450531,20590328,20400906,,,,20381115,20460101,20500408,20450407,,20640101,,20280922,20370501,20410404,20410701,,20401026,20560503,20410425,20571225,20541012,20490106,20530515
20580425,20450815,20630416,20550429,20430504,20430601,20301118,20560425,20520815,20431225,20320503,20381027,20280501,20410715,20551125,20210819,20470222,20301225,20420101,20430101,20500907,20551125,,20630413,20630413,20510313,20410418,20500419,20541111,20640121,20540608,20401227,,20441226,20470102,20531226,20530221,20520501,20490625,20321001,20440502,20470617,20510425,20490702,20350503,20401225,20420501,20450501,20310127,20440211,20400831,20510208,20680528,20480728,20550416,20391101,20520101,20361208,20440613,20540501,20291101,20421231,20421226,20320109,20511102,20570101,20620324,,20470218,20630413,20660409,20620324,20410211,20480501,20430507,20521209,20571226,20490706,20670227,20460323,20460322,20630416,20480302,20421208,20370923,20450501,20400430,20450809,20590501,20400924,,,,20381231,20460323,20500411,20450410,,20640404,,20281009,20370618,20410405,20410805,,20401101,20560601,20410603,20571226,20541102,20490419,20530526
20580610,20450816,20630427,20550430,20430622,20431026,20301225,20560501,20521225,20440101,20320614,20381028,20280508,20410729,20551224,20210910,20470312,20301231,20420404,20430106,20501012,20551224,,20630528,20630528,20510331,20410419,20500620,20541126,20640122,20540724,20410101,,20450407,20470412,20540101,20530428,20520902,20491206,20321012,20440505,20470801,20510612,20490715,20350522,20401231,20420616,20450505,20310206,20440212,20400917,20510403,20680827,20480729,20550419,20391201,20520419,20361225,20440923,20540602,20291130,20430101,20430101,20320223,20511120,20570305,20620529,,20470527,20630528,20660531,20620529,20410320,20480514,20430508,20521225,20580101,20490928,20670922,20460423,20460323,20630425,20480309,20421225,20370924,20450505,20400501,20450814,20590522,20401224,,,,20390125,20460326,20500519,20450425,,20640407,,20281103,20370619,20410501,20410902,,20401224,20560815,20411028,20580101,20541225,20490617,20530801
20581007,20451021,20630524,20550519,20431028,20431225,20310101,20560816,20521226,20440314,20320920,20381030,20280706,20410812,20560117,20211002,20470404,20310101,20420407,20430327,20501102,20560117,,20630704,20630704,20510403,20410422,20500621,20541127,20640212,20540803,20410318,,20450410,20470415,20540126,20530429,20530101,20491224,20321227,20440531,20470802,20511026,20490830,20350601,20410101,20420924,20450524,20310403,20440502,20400924,20510427,20681225,20481008,20550503,20391208,20520422,20370101,20441101,20541208,20291224,20430102,20430102,20320308,20511212,20570306,20620704,,20470704,20630704,20660705,20620704,20410429,20480525,20430518,20530101,20580128,20491028,20671207,20460501,20460326,20630501,20480403,20421231,20370925,20450524,20400614,20451108,20590526,20401225,,,,20390221,20460501,20500530,20450612,,20640505,,20281123,20370924,20410603,20411014,,20401225,20561101,20411225,20580102,20541231,20490622,20531225
20581225,20451022,20630604,20550705,20431225,20431228,20310224,20561002,20530101,20440315,20321001,20381101,20280728,20411014,20560221,20211015,20470408,20310106,20420501,20430330,20501115,20560221,,20630903,20630903,20510425,20410517,20500622,20541225,20640302,20541225,20410419,,20450501,20470501,20540211,20530430,20530217,20500106,20330131,20440701,20470902,20511225,20490908,20350817,20410104,20421216,20450606,20310423,20440512,20401008,20510501,20681226,20481208,20550531,20400214,20520501,20370106,20441226,20541225,20291225,20430210,20430327,20320503,20511225,20570420,20620904,,20470902,20630903,20660906,20620904,20410503,20481224,20430714,20530109,20580304,20491117,20671208,20460524,20460419,20630629,20480406,20430101,20371009,20450606,20400615,20451225,20591104,20401226,,,,20390222,20460503,20500609,20450807,,20640509,,20290101,20370925,20410909,20411111,,20401226,20561225,20411226,20580206,20550101,20490625,20531226
20581226,20451130,20631225,20550706,20440101,20440101,20310225,20561225,20530102,20440415,20321004,20381115,20280814,20411023,20560331,20211019,20470412,20310324,20420515,20430501,20501130,20560331,,20631122,20631122,20510529,20410530,20500827,20550101,20640327,20541228,20410422,,20450518,20470523,20540327,20530501,20530218,20500408,20330201,20441006,20471111,20511226,20490909,20351130,20410201,20421225,20450815,20310501,20440811,20401009,20510502,,20481225,20550830,20400330,20520530,20370319,20441227,20550101,20291231,20430326,20430518,20320504,20520101,20570501,20621123,,20471014,20631122,20661125,20621123,20410506,20481225,20431111,20530217,20580412,20491224,20671211,20460907,20460501,20630815,20480525,20430327,20371225,20450815,20400920,20460101,20591225,20401231,,,,20390408,20460606,20501003,20451002,,20640526,,20290102,20371009,20410910,20411225,,20410101,20561226,20420101,20580412,20550301,20490805,20540101
20590101,20451202,20631226,20550707,20440106,20440104,20310324,20561226,20530124,20440418,20321005,20390106,20281013,20411205,20560529,20211104,20470501,20310410,20420516,20430508,20501230,20560529,,20631225,20631225,20510612,20410531,20500828,20550118,20640330,20550101,20410506,,20450529,20470603,20540330,20530502,20530219,20500411,20330202,20441226,20471225,20520101,20490910,20351203,20410315,20421226,20450925,20310506,20440824,20401225,20510815,,20490101,20551227,20400425,20520610,20370402,20450102,20550106,20300101,20430327,20430624,20320510,20520205,20570621,20621225,,20471111,20631225,20661224,20621225,20410715,20490101,20431225,20530218,20580415,20500408,20680212,20461012,20460503,20631101,20480629,20430501,20380101,20450925,20400921,20460206,20600101,20410101,,,,20390421,20460622,20501101,20451225,,20640825,,20290103,20380101,20411010,20411226,,20410422,20570101,20420102,20580415,20550302,20491008,20540102
20590127,20451203,20640101,20550708,20440307,20440201,20310402,20570101,20530414,20440606,20321006,20390115,20281023,20411210,20560704,20211105,20470725,20310411,20420526,20430901,20510213,20560704,,20640101,20640101,20510807,20410605,20500829,20550416,20640331,20550126,20410603,,20450608,20470801,20540518,20530901,20530220,20500519,20330404,20441227,20471226,20520126,20491029,20351204,20410402,20430101,20450926,20310702,20440825,20410101,20511031,,20490415,20551228,20400501,20520815,20370403,20450126,20550419,20300205,20430409,20430701,20320614,20520318,20570907,20630101,,20471128,20640101,20670117,20630101,20410812,20490415,20440101,20530219,20580425,20500411,20680213,20461102,20460514,20631225,20480803,20430521,20380203,20450926,20401001,20460207,20600202,20410304,,,,20390609,20461224,20501226,20451226,,20641225,,20290108,20380203,20411011,20420101,,20410501,20570423,20420120,20580425,20550416,20491101,20540327
20590310,20460101,20640404,20550715,20440325,20440208,20310410,20570126,20530501,20441031,20321007,20390126,20281205,20411231,20560904,20211119,20470815,20310501,20420721,20430915,20510214,20560904,,20640121,20640121,20511002,20410610,20500917,20550531,20640401,20550416,20410805,,20451003,20470905,20540615,20530902,20530221,20500624,20330415,20450102,20480101,20520212,20500519,20351224,20410419,20430327,20450927,20310901,20440831,20410104,20511101,,20490416,20560103,20400531,20521101,20370501,20450313,20550602,20300409,20430501,20430907,20321104,20520418,20571012,20630115,,20471225,20640121,20670221,20630115,20410916,20490416,20440415,20530404,20580603,20500705,20680214,20461115,20460806,20631226,20480804,20430629,20380204,20450927,20401002,20460323,20600203,20410419,,,,20390907,20461225,20510106,20460101,,20641226,,20290212,20380204,20420101,20420217,,20410530,20570501,20420206,20580603,20550421,20500106,20540330
20590328,20460602,20640407,20550830,20440422,20440415,20310411,20570420,20530602,20441101,20330103,20390204,20281211,20420101,20561009,20220126,20471001,20310526,20420815,20431117,20510331,20561009,,20640218,20640218,20511225,20411224,20501127,20550705,20641218,20550419,20411028,,20451225,20471225,20540706,20540101,20530428,20501206,20330418,20450217,20480403,20520311,20500620,20351225,20410501,20430330,20451003,20310916,20440916,20410201,20511225,,20490629,20560331,20400613,20521225,20370515,20450407,20551101,20300412,20430511,20431012,20321105,20520419,20571102,20630219,,20480101,20640218,20670401,20630219,20410923,20490419,20440418,20530501,20580930,20500706,20680923,20461120,20461224,20640101,20480805,20430716,20380205,20451003,20401003,20460501,20600304,20410422,,,,20391012,20461226,20510331,20460126,,20650101,,20290223,20380205,20420116,20420404,,20410610,20570503,20420404,20581028,20550617,20500411,20540501
20590331,20460804,20640515,20551029,20440425,20440418,20310501,20570423,20530815,20441226,20330131,20390221,20290101,20420306,20561123,20220219,20471002,20310616,20421111,20431224,20510421,20561123,,20640404,20640404,20511226,20411225,20501130,20550906,20650108,20550426,20411225,,20451226,20471226,20541109,20540102,20530429,20501226,20330502,20450220,20480529,20520419,20500621,20360101,20410516,20430427,20451009,20311114,20441020,20410315,20511226,,20490728,20560403,20400815,20521226,20370604,20450410,20551208,20300418,20430612,20431111,20330103,20520501,20571115,20630413,,20480120,20640404,20670530,20630413,20411014,20490517,20440526,20531103,20581225,20500928,20681125,20461225,20461225,20640407,20481019,20430918,20380301,20451009,20401004,20460521,20600416,20410501,,,,20391102,20461231,20510403,20460323,,20650327,,20290320,20380208,20420117,20420519,,20410620,20570621,20420407,20581225,20550907,20500609,20540507
20590425,20460805,20640526,20560417,20440613,20440425,20310616,20570425,20531201,20450315,20330201,20390325,20290102,20420407,20561225,20220301,20471030,20310623,20421225,20431225,20510501,20561225,,20640526,20640526,20520101,20411226,20501203,20551111,20650111,20550503,20411226,,20460101,20471231,20541225,20540209,20530430,20510106,20330506,20450404,20480615,20520422,20500622,20360128,20410530,20430501,20451225,20311225,20441031,20410501,20520101,,20490729,20560501,20401005,20530101,20371012,20450425,20560106,20300419,20430821,20431225,20330104,20520916,20571225,20630528,,20480217,20640526,20670704,20630528,20411104,20490527,20440606,20531104,20581226,20501028,20681126,20461231,20461226,20640425,20481225,20431012,20380505,20451225,20401005,20460809,20600511,20410506,,,,20391115,20470101,20510501,20460326,,20650330,,20290430,20380301,20420120,20420701,,20410815,20570815,20420425,20581226,20551012,20500622,20540518
20590609,20461009,20641225,20560418,20440815,20440606,20310620,20570507,20531225,20450407,20330202,20390401,20290227,20420414,20570101,20220318,20471225,20310630,20421226,20440101,20510601,20570101,,20640704,20640704,20520126,20411231,20510101,20551125,20650112,20550614,20411227,,20460323,20480101,20541228,20540210,20530501,20510331,20330601,20450407,20480730,20520423,20500715,20360208,20410726,20430616,20451229,20320101,20441121,20410514,20520102,,20490830,20560529,20401101,20530404,20371109,20450612,20560403,20300501,20430831,20431228,20330105,20521118,20580101,20630704,,20480525,20640704,20670905,20630704,20411231,20490607,20440714,20531105,20590101,20501117,20681127,20470101,20470101,20640501,20481228,20431208,20380511,20451229,20401231,20461010,20600514,20410524,,,,20391230,20470412,20510511,20460425,,20650504,,20290503,20380405,20420121,20420804,,20411101,20571101,20420602,20590101,20551102,20500805,20541225
20591006,20461010,20641226,20560501,20441028,20441024,20310709,20570815,20531226,20450410,20330203,20390407,20290406,20420415,20570115,20220401,20480212,20310807,20430101,20440106,20510907,20570115,,20640901,20640901,20520311,20420101,20510409,20551126,20650210,20550723,20420101,,20460326,20480102,20550101,20540211,20530502,20510403,20330701,20450410,20480731,20520425,20500829,20360228,20410925,20430810,20460101,20320102,20441226,20410530,20520208,,20491008,20560828,20401224,20530407,20371208,20450929,20560425,20300612,20430904,20440101,20330106,20521212,20580225,20630903,,20480907,20640901,20671124,20630903,20420101,20491224,20440815,20531110,20590127,20501226,,20470225,20470411,20640602,20490101,20431225,20380602,20460101,20410101,20461029,20600809,20410906,,,,20400125,20470415,20510522,20460611,,20650525,,20290504,20380406,20420122,20420901,,20411224,20571225,20421027,20590102,20551115,20500815,20550101
20591225,20461011,20650101,20560519,20441226,20441226,20310818,20571001,20540101,20450501,20330204,20390408,20290413,20420501,20570219,20220402,20480403,20310818,20430327,20440415,20511012,20570219,,20641127,20641127,20520419,20420403,20510610,20551224,20650301,20550802,20420317,,20460501,20480403,20550125,20540212,20530901,20510501,20330909,20450501,20480907,20520610,20500830,20360328,20410926,20430924,20460205,20320114,20450102,20410531,20520422,,20491101,20561225,20401225,20530501,20371225,20451107,20560501,20300821,20431026,20440104,20330107,20521225,20580226,20631122,,20481012,20641127,20671226,20631122,20420102,20500407,20441101,20531128,20590303,20510331,,20470226,20470412,20640815,20490301,20431231,20380913,20460205,20410131,20461225,20610121,20410923,,,,20400213,20470501,20510601,20460806,,20650831,,20290716,20380430,20420123,20421013,,20411225,20571226,20421225,20590206,20551231,20501101,20550416
20591226,20461031,20650327,20560623,20450106,20441227,20311013,20571225,20540102,20450529,20330404,20390414,20290416,20420603,20570420,20220414,20480414,20311013,20430330,20440418,20511102,20570420,,20641225,20641225,20520422,20420404,20510611,20551231,20650316,20551227,20420404,,20460503,20480406,20550303,20540213,20530902,20510511,20331226,20450524,20481111,20521024,20500831,20360411,20410927,20431216,20460206,20320115,20450131,20410913,20520501,,20491208,20561226,20410101,20530515,20380101,20451225,20560602,20300826,20431112,20440415,20330110,20530101,20580412,20631225,,20481111,20641225,20680102,20631225,20420103,20500408,20441111,20531208,20590328,20510403,,20470412,20470415,20641208,20490308,20440101,20380914,20460206,20410201,20470101,20610222,20411224,,,,20400214,20470523,20511003,20461001,,20651225,,20290917,20380607,20420124,20421111,,20411226,20580101,20421226,20590328,20560214,20501226,20550419
20600101,20461202,20650330,20560626,20450220,20450102,20311106,20571226,20540501,20451023,20330502,20390426,20290501,20420701,20570528,20220415,20480422,20311103,20430501,20440705,20511115,20570528,,20650101,20650101,20520425,20420407,20510612,20560117,20650317,20551228,20420407,,20460514,20480501,20550416,20540417,20540101,20510623,20331227,20450619,20481225,20521225,20510501,20360501,20410930,20431225,20460207,20320127,20450201,20410916,20520502,,20500407,20570101,20410305,20530526,20380106,20451226,20560815,20301101,20431130,20440523,20330223,20530203,20580501,20640101,,20481126,20650101,20680116,20640101,20420113,20500411,20441226,20531225,20590331,20510501,,20470423,20470425,20641225,20490416,20440415,20380915,20460207,20410204,20470128,20610408,20411225,,,,20400330,20470606,20511101,20461225,,20651228,,20290924,20380913,20420228,20421225,,20420101,20580415,20430101,20590331,20560215,20510106,20550527
20600126,20461203,20650427,20560830,20450407,20450103,20311124,20580101,20540504,20451101,20330601,20390815,20290528,20420728,20570704,20220503,20480501,20311117,20430507,20440829,20511130,20570704,,20650119,20650119,20520527,20420502,20510816,20560331,20650318,20560103,20420505,,20460524,20480514,20550419,20540430,20540102,20511206,20340102,20450926,20481228,20521226,20510519,20360509,20411001,20440101,20460301,20320202,20450202,20410927,20520625,,20500408,20570420,20410419,20530623,20380319,20460101,20561101,20301224,20431208,20440624,20330307,20530317,20580613,20640121,,20481225,20650119,20680220,20640121,20420211,20500517,20450407,20540101,20590425,20510508,,20470501,20470501,20641226,20490419,20440627,20390124,20460301,20410205,20470412,20610502,20411226,,,,20400501,20470621,20511225,20461226,,20660101,,20291008,20381011,20420403,20421226,,20420106,20580501,20430102,20590425,20560331,20510403,20550607
20600308,20470101,20650505,20570101,20450410,20450130,20311208,20580128,20540601,20451225,20330908,20390823,20290725,20420801,20570903,20220516,20480713,20311208,20430508,20440901,20511225,20570903,,20650216,20650216,20520610,20420515,20510817,20560529,20650319,20560126,20420602,,20461003,20480525,20550517,20540501,20540209,20511225,20340220,20451002,20490101,20530101,20510612,20360522,20411204,20440321,20460501,20320211,20450217,20411023,20520815,,20500629,20570423,20410425,20530815,20380422,20460126,20561208,20301225,20431224,20440701,20330308,20530403,20581115,20640218,,20490101,20650216,20680420,20640218,20420224,20500519,20450410,20540109,20590602,20510705,,20470613,20470523,20650101,20490607,20440815,20390125,20460501,20410206,20470501,20610504,20411231,,,,20400531,20471224,20511226,20470101,,20660409,,20291123,20381231,20420404,20430101,,20420407,20580503,20430119,20590602,20560421,20510501,20560331
20600416,20470108,20650507,20570405,20450501,20450206,20311225,20580412,20540622,20451226,20330909,20391020,20290730,20420812,20571008,20220809,20480911,20311225,20430518,20440915,20511229,20571008,,20650327,20650327,20520805,20420516,20510906,20560704,20651217,20560331,20420804,,20461224,20480910,20550614,20540902,20540210,20511226,20340221,20451018,20490416,20530127,20510817,20360918,20411225,20440415,20460507,20320212,20450501,20411204,20521031,,20500728,20570507,20410501,20531225,20380423,20460312,20561225,20301230,20431225,20440905,20330502,20530404,20581225,20640404,,20490118,20650327,20680528,20640404,20420320,20500530,20450501,20540209,20590929,20510706,,20471115,20470603,20650106,20490702,20440919,20390126,20460507,20410404,20470509,20610809,20420101,,,,20400709,20471225,20520101,20470128,,20660412,,20291231,20390124,20420501,20430216,,20420501,20580613,20430206,20591027,20560501,20510601,20560403
20600419,20470522,20650518,20570406,20450529,20450407,20311226,20580415,20541130,20460101,20331003,20391025,20290813,20421013,20571112,20220815,20481002,20311231,20430721,20441101,20520101,20571112,,20650525,20650525,20521007,20420526,20511116,20560904,20651228,20560403,20421027,,20461225,20481225,20550705,20550101,20540211,20520101,20340222,20451225,20490528,20530210,20510818,20361118,20411226,20440418,20460606,20320322,20450502,20411225,20521101,,20500729,20570528,20410610,20531226,20380624,20460323,20561226,20301231,20431230,20441010,20330503,20530501,20590101,20640526,,20490215,20650525,20680704,20640526,20420429,20501226,20450508,20540210,20591225,20510928,,20471120,20470617,20650330,20490802,20441010,20390301,20460606,20410405,20470724,20611111,20420303,,,,20400907,20471226,20520419,20470412,,20660503,,20300101,20390125,20420623,20430327,,20420515,20580815,20430327,20591225,20560601,20510622,20560501
20600426,20470724,20651225,20570423,20450815,20450410,20320101,20580425,20541201,20460315,20331004,20391026,20291015,20421023,20571122,20220816,20481016,20320101,20431111,20441117,20520304,20571122,,20650703,20650703,20521225,20420605,20511130,20561107,20651229,20560425,20421225,,20461226,20481231,20551115,20550125,20540212,20520419,20340405,20451226,20490621,20530310,20510830,20361119,20411231,20440427,20460613,20320412,20450801,20411226,20521225,,20500830,20570827,20410613,20540101,20381012,20460326,20570101,20310101,20431231,20441111,20330509,20530916,20590210,20640704,,20490531,20650703,20680903,20640704,20420505,20510330,20450518,20540211,20591226,20511117,,20471225,20470805,20650501,20490803,20441031,20390505,20460613,20410501,20470809,20611226,20420411,,,,20401012,20471231,20520422,20470415,,20660531,,20300102,20390126,20420929,20430518,,20420526,20581101,20430330,20591226,20560907,20510815,20560511
20600614,20470725,20660101,20570501,20451225,20450425,20320209,20580506,20541225,20460316,20331005,20391031,20291023,20421205,20571225,20220831,20481019,20320112,20431225,20441226,20520305,20571225,,20650907,20650907,20521226,20421224,20511202,20561110,20651230,20560501,20421226,,20461231,20490101,20551227,20550126,20540213,20520422,20340407,20460101,20490729,20530404,20520101,20361120,20420101,20440502,20460815,20320524,20450814,20420101,20521226,,20501101,20571225,20410620,20540327,20381101,20460425,20570423,20310123,20440101,20441226,20330613,20531117,20590211,20640901,,20490705,20650907,20681122,20640901,20420506,20510331,20450529,20540327,20600101,20511225,,20471231,20471224,20650602,20490804,20441101,20390606,20460815,20410603,20470930,20620102,20420414,,,,20401102,20480101,20520501,20470425,,20660830,,20300103,20390127,20421010,20430701,,20420605,20581111,20430427,20600101,20561012,20511101,20560522
20601004,20470929,20660409,20570613,20451226,20450605,20320210,20580814,20550101,20460323,20331006,20391101,20291205,20421210,20580101,20221004,20481120,20320322,20440101,20450106,20520419,20580101,,20651126,20651126,20530101,20421225,20511203,20561123,20651231,20560612,20421229,,20470101,20490416,20551228,20550127,20540417,20520501,20340410,20460206,20490730,20530407,20520423,20361121,20420122,20440616,20460914,20320621,20450815,20420122,20530101,,20501208,20571226,20410815,20540330,20381109,20460611,20570425,20310124,20440414,20441227,20331104,20531212,20590328,20641127,,20490906,20651126,20681225,20641127,20420721,20510403,20450714,20540501,20600126,20511226,,20480101,20471225,20650629,20491022,20441208,20390815,20460914,20410909,20471018,20620209,20420501,,,,20401115,20480106,20520530,20470610,,20661227,,20300114,20390128,20430101,20430803,,20420815,20581225,20430601,20600102,20561102,20511225,20560801
20601227,20470930,20660412,20570614,20460101,20451023,20320324,20581007,20550419,20460326,20331007,20391115,20291210,20421231,20580121,20221024,20481225,20320325,20440415,20450407,20520501,20580121,,20651225,20651225,20530127,20421226,20520101,20561124,20660209,20560728,20430101,,20470412,20490419,20560103,20550128,20540430,20520530,20340501,20460207,20490906,20530408,20520501,20361225,20420304,20440809,20460917,20320831,20450831,20420123,20530102,,20510330,20580101,20411101,20540501,20381206,20460928,20570501,20310402,20440415,20450102,20340102,20531225,20590421,20641225,,20491011,20651225,,20641225,20420811,20510501,20450815,20540701,20600301,20520101,,20480120,20471226,20651208,20491227,20450102,20391003,20460917,20410910,20471225,20620210,20420506,,,,20401120,20480403,20520610,20470805,,20661228,,20300211,20390228,20430102,20430907,,20421208,20581226,20431026,20600206,20561115,20511226,20561225
20601228,20471001,20660427,20570615,20460312,20451225,20320325,20581225,20550601,20460430,20340102,20391117,20291231,20430101,20580218,20221026,20490126,20320326,20440418,20450410,20520620,20580218,,20660101,20660101,20530310,20421231,20520328,20561225,20660307,20560807,20430317,,20470415,20490527,20560124,20550129,20540501,20520621,20340525,20460208,20491111,20530425,20520529,20361226,20420404,20441216,20461003,20320916,20451108,20420305,20530407,,20510331,20580412,20411224,20540507,20381208,20461106,20570815,20310409,20440825,20450103,20340103,20540101,20590501,20650101,,20491111,20660101,,20650101,20420915,20510511,20451101,20541103,20600416,20520419,,20480217,20480101,20651225,20500103,20450407,20391004,20461003,20411001,20480101,20620324,20420526,,,,20401225,20480406,20520620,20471007,,20670103,,20300320,20390404,20430205,20431012,,20421224,20590101,20431225,20600416,20561225,20520101,20561226
20610103,20471020,20660520,20570830,20460427,20451226,20320326,20581226,20550607,20460501,20340220,20391203,20300101,20430102,20580412,20221108,20490302,20320510,20440526,20450501,20521115,20580412,,20660118,20660118,20530404,20430101,20520529,20570101,20660308,20561225,20430327,,20470501,20490607,20560216,20550201,20540902,20521206,20340620,20460323,20491227,20530609,20520530,20370101,20420501,20441226,20461009,20321102,20451110,20420501,20530501,,20510501,20580415,20411225,20540518,20390106,20461225,20571101,20310410,20440829,20450407,20340104,20540202,20590529,20650119,,20491125,20660118,,20650119,20420923,20510517,20451225,20541104,20600419,20520422,,20480218,20480402,20660101,20500307,20450501,20391005,20461009,20411002,20480214,20620420,20420908,,,,20401231,20480501,20521003,20471225,,20670401,,20300429,20390405,20430206,20431111,,20421225,20590106,20431228,20600419,20561229,20520422,20570101
20610126,20471130,20660531,20571029,20460430,20460101,20320402,20590101,20551130,20460514,20340221,20391227,20300218,20430224,20580527,20230126,20490414,20320531,20440527,20450508,20521225,20580527,,20660215,20660215,20530407,20430326,20520530,20570115,20660309,20561226,20430330,,20470523,20490909,20560331,20550405,20550101,20521224,20340928,20460326,20491228,20531023,20520531,20370126,20420515,20450102,20461225,20321220,20451225,20420505,20530502,,20510629,20580506,20420101,20540623,20390407,20461226,20571225,20310411,20441031,20450522,20340105,20540316,20591225,20650216,,20500117,20660215,,20650216,20421013,20510522,20451226,20541105,20600426,20520501,,20480403,20480403,20660106,20500314,20450626,20400213,20461225,20411003,20480403,20620501,20420922,,,,20410101,20480514,20521101,20471226,,20670404,,20300503,20390502,20430209,20431225,,20421226,20590331,20440101,20600426,20570101,20520501,20570102
20610314,20471202,20670401,20580101,20460501,20460102,20320525,20590127,20551201,20460820,20340222,20400125,20300408,20430406,20580704,20230218,20490416,20320607,20440606,20450705,20521231,20580704,,20660409,20660409,20530425,20430327,20520804,20570420,20660310,20570101,20430504,,20470603,20491231,20560403,20550406,20550125,20521225,20341002,20460404,20500103,20531225,20520715,20370127,20420604,20450321,20461231,20330103,20460101,20420530,20530625,,20510728,20580527,20420218,20541225,20390408,20470101,20571226,20310501,20441101,20450626,20340106,20540326,20600101,20650327,,20500221,20660409,,20650327,20421103,20511225,20460101,20541110,20600607,20520508,,20480421,20480406,20660412,20500408,20450815,20400214,20461231,20411004,20480501,20620523,20421224,,,,20410125,20480619,20521224,20480101,,20670502,,20300506,20390527,20430210,20431228,,20430101,20590501,20440104,20600607,20570305,20520620,20570420
20610408,20471203,20670404,20580325,20460618,20460129,20320621,20590328,20560124,20461022,20340223,20400126,20300415,20430413,20580902,20230308,20490702,20320705,20440721,20450829,20530101,20580902,,20660531,20660531,20530602,20430330,20520805,20570528,20660311,20570126,20430601,,20470613,20500408,20560515,20550430,20550126,20521226,20341020,20460501,20500408,20531226,20520805,20370216,20420715,20450407,20470101,20330104,20460122,20420901,20530815,,20510830,20580826,20420404,20550101,20390502,20470128,20580101,20310512,20441130,20450703,20340223,20540327,20600301,20650525,,20500530,20660531,,20650525,20421124,20511226,20460323,20541208,20600927,20520705,,20480423,20480423,20660602,20500411,20450918,20400301,20470101,20411007,20480527,20620809,20421225,,,,20410304,20481224,20521225,20480127,,20670509,,20300715,20391003,20430211,20440101,,20430106,20590529,20440125,20601025,20570306,20520625,20570423
20610411,20471229,20670427,20580326,20460815,20460206,20320709,20590331,20560410,20461023,20340224,20400326,20300416,20430414,20581014,20230322,20490901,20320720,20440815,20450901,20530217,20581014,,20660705,20660705,20530609,20430424,20520806,20570704,20661219,20570420,20430803,,20471003,20500411,20560619,20550503,20550127,20530101,20341225,20460514,20500527,20540101,20520806,20370317,20420915,20450410,20470125,20330131,20460201,20420902,20531031,,20511101,20581225,20420425,20550416,20390516,20470311,20580415,20310612,20441208,20450904,20340224,20540501,20600302,20650703,,20500704,20660705,,20650703,20421231,20520101,20460326,20541225,20601227,20521028,,20480501,20480501,20660629,20500530,20450919,20400411,20470125,20420101,20480713,20621031,20421226,,,,20410305,20481225,20521226,20480403,,20670530,,20300812,20391010,20430212,20440215,,20430330,20590815,20440208,20601227,20570420,20520805,20570501
20610425,20480101,20670512,20580327,20461225,20460323,20320816,20590425,20560501,20461101,20340405,20400330,20300501,20430415,20581111,20230330,20490908,20320816,20441101,20450915,20530218,20581111,,20660906,20660906,20530804,20430507,20520826,20570903,20661220,20570423,20431026,,20471224,20500519,20560703,20550902,20550128,20530106,20341226,20460608,20500620,20540126,20520807,20370403,20420916,20450427,20470128,20330201,20460206,20420916,20531225,,20511208,20581226,20420501,20550419,20390609,20470412,20580425,20310821,20441230,20451009,20340308,20540916,20600416,20650907,,20500905,20660906,,20650907,20430101,20520418,20460501,20550101,20601228,20521224,,20480604,20480514,20661101,20500701,20451009,20400501,20470128,20420121,20480810,20621225,20421231,,,,20410419,20481231,20521231,20480406,,20670829,,20300916,20400102,20430213,20440415,,20430501,20591111,20440415,20601228,20570501,20520815,20570531
20610613,20480510,20670523,20580423,20461226,20460326,20321011,20590505,20560529,20461102,20340501,20400402,20300516,20430501,20581128,20230401,20491006,20321018,20441111,20451101,20530404,20581128,,20661125,20661125,20531006,20430508,20521104,20571112,20661221,20570425,20431225,,20471225,20500530,20561113,20550903,20550129,20530404,20350101,20460702,20500728,20540209,20520808,20370428,20420917,20450501,20470301,20330202,20460207,20420917,20531226,,20511225,20590101,20420605,20550527,20390725,20470415,20580501,20310825,20450217,20451113,20340501,20541102,20600421,20651126,,20501010,20661125,,20651126,20430102,20520419,20460503,20550301,20610103,20521225,,20480907,20480525,20661208,20500801,20451027,20400507,20470301,20420122,20481105,20630101,20430101,,,,20410501,20490101,20530101,20480608,,20671226,,20300923,20400210,20430227,20440523,,20430507,20591225,20440418,20610103,20570621,20521008,20570611
20611003,20480712,20671226,20580501,20470101,20460425,20321208,20590813,20560601,20461224,20340619,20400412,20300701,20430525,20581225,20230403,20491008,20321101,20441226,20451117,20530421,20581225,,20661224,20661224,20531225,20430518,20521130,20571122,20670208,20570507,20431228,,20471226,20500801,20561225,20560103,20550201,20530407,20350208,20461001,20500729,20540309,20520830,20370501,20420918,20450616,20470306,20330401,20460501,20420918,20540101,,20520101,20590328,20420610,20550607,20390815,20470425,20580815,20311027,20450406,20451225,20340508,20541116,20600617,20651225,,20501111,20661224,,20651225,20430112,20520422,20460508,20550302,20610126,20521226,,20481012,20480617,20670106,20500802,20451101,20400518,20470306,20420123,20481225,20630129,20430303,,,,20410620,20490106,20530106,20480803,,20671227,,20301014,20400213,20430403,20440701,,20430518,20591226,20440425,20610104,20570907,20521101,20570801
20611226,20480713,20680420,20580603,20470304,20460604,20321224,20591006,20560815,20461225,20340620,20400425,20300715,20430701,20590101,20230407,20491027,20321115,20450407,20451225,20530501,20590101,,20670117,20670117,20531226,20430605,20521202,20571123,20670223,20570611,20431229,,20471231,20500908,20561226,20560214,20550405,20530501,20350209,20461008,20500905,20540327,20521029,20370514,20420919,20450809,20470501,20330502,20460521,20421111,20540102,,20520418,20590331,20420613,20550623,20391012,20470610,20581101,20311208,20450407,20451226,20340509,20541201,20600907,20660101,,20501124,,,20660101,20430211,20520501,20460514,20550303,20610307,20530101,,20481102,20480803,20670404,20500803,20451208,20400606,20470501,20420124,20490101,20630130,20430501,,,,20410709,20490416,20530404,20481005,,20680102,,20301104,20400214,20430406,20440801,,20430528,20600101,20440606,20610207,20571012,20521225,20571225
20611227,20480714,20680423,20580604,20470325,20461022,20321231,20591225,20561130,20461226,20340927,20400501,20300729,20430721,20590120,20230414,20491109,20321208,20450410,20451226,20530605,20590120,,20670221,20670221,20540101,20431224,20521203,20571225,20670224,20570727,20440101,,20480101,20501226,20570101,20560215,20550406,20530515,20350323,20461225,20501111,20540330,20530101,20370529,20421225,20450925,20470502,20330513,20460806,20421124,20540330,,20520419,20590505,20420815,20551101,20391101,20470927,20581225,20311224,20450501,20460101,20340612,20541225,20601012,20660118,,20501226,,,20660118,20430223,20520517,20460815,20550416,20610408,20530404,,20481120,20481224,20670425,20501021,20451225,20400815,20470502,20420127,20490202,20630131,20430504,,,,20411115,20490419,20530407,20481225,,20680420,,20301231,20400215,20430501,20440905,,20431026,20600106,20441024,20610408,20571102,20521226,20571226
20620102,20480919,20680427,20580605,20470419,20461225,20330228,20591226,20561201,20461231,20341002,20400514,20300812,20430728,20590217,20230501,20500126,20321231,20450501,20460101,20531225,20590217,,20670401,20670401,20540126,20431225,20530101,20580101,20670306,20570806,20440317,,20480403,20510102,20570122,20560216,20550430,20530620,20350326,20461226,20501226,20540331,20530423,20370601,20421226,20451225,20470506,20330610,20460831,20421215,20540427,,20520501,20590526,20421201,20560331,20391109,20471105,20581226,20311225,20450612,20460102,20341106,20550101,20601102,20660215,,20510102,,,20660215,20430429,20520530,20461101,20551103,20610411,20530407,,20481225,20481225,20670602,20501226,20460101,20400920,20470506,20420404,20490203,20630409,20430506,,,,20411120,20490527,20530501,20481228,,20680423,,20310101,20400227,20430611,20441010,,20431208,20600419,20441226,20610411,20571115,20530101,20580101
20620126,20480920,20680531,20580715,20470422,20461226,20330301,20600101,20561225,20470101,20341003,20400815,20301014,20430812,20590328,20230505,20500309,20330110,20450518,20460323,20531231,20590328,,20670530,20670530,20540309,20431231,20530318,20580121,20671208,20571225,20440415,,20480406,20510331,20570307,20560217,20550503,20531224,20350405,20470101,20501227,20540608,20530501,20370817,20421231,20451226,20470606,20330831,20460917,20421225,20540501,,20520729,20590825,20421208,20560403,20391206,20471225,20590101,20311226,20450815,20460323,20350101,20550201,20601115,20660409,,20510116,,,20660409,20430504,20520610,20461225,20551104,20610425,20530501,,20481231,20490101,20670629,20501227,20460323,20400921,20470606,20420501,20490416,20630413,20430525,,,,20411225,20490625,20530515,20490101,,20680507,,20310102,20400228,20430612,20441111,,20431224,20600503,20441227,20610425,20571225,20530106,20580102
20620313,20481130,20680611,20580830,20470501,20470101,20330324,20600126,20561226,20470315,20341004,20400910,20301023,20431013,20590526,20230629,20500331,20330321,20450519,20460326,20540101,20590526,,20670704,20670704,20540327,20440101,20530519,20580412,20671211,20571226,20440418,,20480501,20510403,20570420,20560218,20550902,20531225,20350501,20470128,20510102,20541022,20530519,20370908,20430101,20460101,20470815,20330916,20461010,20430101,20540625,,20520830,20591225,20421224,20560501,20391208,20471226,20590106,20311230,20450821,20460521,20350102,20550315,20610221,20660531,,20510220,,,20660531,20430505,20521224,20461226,20551105,20610606,20530508,,20490101,20490415,20670815,20510102,20460501,20401003,20470815,20420502,20490517,20630501,20430907,,,,20411231,20491224,20530526,20490126,,20680509,,20310103,20400403,20430917,20441226,,20431225,20600617,20450102,20610606,20571231,20530407,20580412
20620324,20481202,20681225,20581029,20470610,20470102,20330414,20600416,20570101,20470412,20341005,20401002,20301205,20431023,20590704,20230729,20500404,20330414,20450529,20460501,20540209,20590704,,20670905,20670905,20540330,20440414,20530520,20580527,20671212,20580101,20440502,,20480514,20510501,20570423,20560424,20550903,20531226,20350515,20470129,20510331,20541225,20530520,20371109,20430210,20460321,20471003,20331209,20461029,20430202,20541225,,20521008,20591226,20421225,20560511,20400106,20480101,20590331,20311231,20450828,20460625,20350103,20550415,20610222,20660705,,20510529,,,20660705,20430506,20521225,20470101,20551110,20610926,20531028,,20490120,20490416,20671101,20510306,20460521,20401009,20471003,20420623,20490701,20630809,20430922,,,,20420101,20491231,20530605,20490416,,20680528,,20310113,20400404,20430918,20441227,,20440101,20601101,20450103,20611024,20580101,20530501,20580415
20620327,20481203,20681226,20590101,20470815,20470128,20330415,20600419,20570102,20470415,20341006,20401005,20301210,20431207,20590901,20230815,20500408,20330415,20450721,20460508,20540210,20590901,,20671124,20671124,20540601,20440415,20530521,20580704,20671218,20580128,20440606,,20480525,20510511,20570521,20560501,20560103,20540101,20350611,20470405,20510526,20541228,20530521,20371110,20430327,20460323,20471004,20331223,20461031,20430210,20550101,,20521101,20600101,20430101,20560522,20400319,20480127,20590425,20320101,20451020,20460702,20350104,20550416,20610408,20660906,,20510704,,,20660906,20430720,20521226,20470412,20551129,20611226,20531117,,20490301,20490419,20671208,20510313,20460702,20401225,20471004,20421001,20490809,20631022,20431224,,,,20420217,20500106,20531003,20490419,,20680827,,20310211,20400501,20431009,20450102,,20440106,20601111,20450123,20611226,20580225,20530605,20580501
20620425,20490429,,20590317,20471028,20470206,20330525,20600426,20570124,20470501,20350101,20401008,20301231,20431210,20591013,20230816,20500414,20330530,20450815,20460705,20540327,20591013,,20671226,20671226,20540608,20440418,20530726,20580902,20680212,20580412,20440801,,20480604,20510522,20570618,20560502,20560214,20540106,20350702,20470412,20510619,20550101,20530715,20371111,20430410,20460326,20471009,20331226,20461225,20430211,20550208,,20521225,20600416,20430210,20560623,20400329,20480309,20590501,20320102,20451101,20460903,20350105,20550916,20610421,20661125,,20510904,,,20661125,20430811,20530101,20470415,20551208,20611227,20531224,,20490302,20490422,20671226,20510331,20460716,20410101,20471009,20421002,20490908,20631225,20431225,,,,20420218,20500408,20531224,20490426,,20681225,,20310224,20400614,20440101,20450220,,20440418,20610106,20450206,20611227,20580226,20530625,20580523
20620612,20490701,,20590423,20471225,20470412,20330620,20600503,20570430,20470603,20350207,20401015,20310101,20431231,20591111,20230918,20500621,20330620,20451101,20460829,20540421,20591111,,20680102,20680102,20540803,20440513,20530727,20581105,20680213,20580415,20441031,,20481224,20510801,20570702,20560904,20560215,20540327,20350917,20470415,20510803,20550126,20530728,20371112,20430501,20460427,20471225,20340102,20470101,20430223,20550419,,20530101,20600419,20430327,20560815,20400330,20480403,20590602,20320115,20451130,20461008,20350108,20551102,20610609,20661224,,20511009,,,20661224,20430921,20530403,20470501,20560214,20620102,20531225,,20490416,20490527,20680106,20510403,20460815,20410131,20471225,20421003,20491025,20640101,20431228,,,,20420404,20500411,20531225,20490614,,20681226,,20310321,20400615,20440127,20450407,,20440526,20610411,20450407,20620102,20580412,20530805,20580603
20621002,20490703,,20590501,20471226,20470415,20330815,20600811,20570501,20470819,20350208,20401020,20310307,20440101,20591127,20230928,20500815,20330627,20451225,20461101,20540501,20591127,,20680116,20680116,20541005,20440526,20531130,20581111,20680214,20580425,20441226,,20481225,20510907,20571112,20570101,20560216,20540330,20351001,20470501,20510804,20550208,20530729,20371225,20430507,20460501,20471231,20340201,20470109,20430501,20550427,,20530403,20600503,20430501,20561101,20400501,20480406,20590815,20320211,20451208,20461112,20350223,20551115,20610907,20670117,,20511123,,,20670117,20430922,20530404,20470508,20560215,20620126,20531226,,20490421,20490607,20680423,20510522,20460917,20410201,20471231,20421006,20500124,20640121,20431231,,,,20420421,20500519,20531226,20490802,,,,20310429,20400920,20440128,20450522,,20440606,20610503,20450410,20620103,20580501,20530815,20580801
20621225,20490907,,20590519,20480101,20470425,20331010,20601004,20570601,20470820,20350209,20401101,20310407,20440215,20591225,20231002,20500920,20330704,20451226,20461224,20540528,20591225,,20680220,20680220,20541225,20440527,20531202,20581128,20680304,20580506,20441227,,20481231,20511225,20571225,20570205,20560217,20540501,20351009,20470502,20510904,20550308,20531029,20380101,20430601,20460809,20480101,20340202,20470128,20430601,20550625,,20530404,20600531,20430528,20561225,20400502,20480608,20591208,20320322,20451225,20461225,20350308,20560207,20611012,20670221,,20511225,,,20670221,20430923,20530407,20470523,20560216,20620306,20540101,,20490423,20490617,20680425,20510630,20460918,20410301,20480101,20421007,20500125,20640218,20440101,,,,20420501,20500606,20531231,20491004,,,,20310505,20400921,20440129,20450703,,20440616,20610609,20450425,20620206,20580613,20531008,20581225
20621226,20490908,,20590522,20480106,20470603,20331208,20601227,20570618,20471023,20350212,20401103,20310414,20440406,20600101,20231023,20500927,20330720,20460101,20461225,20540907,20600101,,20680420,20680420,20541228,20440606,20531203,20581129,20681126,20580610,20441228,,20490101,20511226,20571226,20570206,20560218,20540507,20351225,20470529,20511113,20550416,20540101,20380204,20430817,20460924,20480213,20340220,20470201,20430831,20551101,,20530501,20600830,20430610,20561226,20400515,20480925,20591225,20320325,20460101,20461226,20350309,20560320,20611102,20670401,,20520101,,,20670401,20431012,20530501,20470603,20560331,20620324,20540327,,20490617,20490802,20680501,20510807,20460919,20410501,20480213,20430101,20500408,20640219,20440303,,,,20420605,20500624,20540101,20491227,,,,20310506,20401010,20440201,20450807,,20440815,20610815,20450605,20620324,20581115,20531225,20581226
20630101,20490909,,20590523,20480217,20471028,20340220,20601228,20570815,20471101,20350213,20401105,20310415,20440413,20600119,20231114,20501025,20330815,20460323,20461226,20541012,20600119,,20680528,20680528,20550101,20441226,20540101,20581225,20681127,20580726,20450102,,20490416,20520101,20580101,20570207,20560424,20540619,20351226,20470701,20511225,20550419,20540423,20380205,20430904,20461217,20480214,20340221,20470501,20430907,20560208,,20530728,20601227,20431005,20570101,20400815,20481103,20591226,20320326,20460206,20470101,20350430,20560330,20611115,20670530,,20520115,,,20670530,20431103,20530515,20470815,20560501,20620327,20540330,,20490907,20491224,20680629,20510808,20461015,20410506,20480214,20430102,20500502,20640328,20440422,,,,20420709,20501226,20540106,20491228,,,,20310721,20401231,20440202,20450904,,20441026,20611101,20451023,20620327,20581225,20531226,20590101
20630126,20490928,,20590715,20480325,20471225,20340221,20610103,20571130,20471224,20350405,20401121,20310501,20440414,20600216,20231127,20501114,20331017,20460326,20470101,20541102,20600216,,20680704,20680704,20550126,20450406,20540307,20590101,20681128,20580805,20450317,,20490419,20520102,20580128,20570208,20560501,20541224,20360101,20471001,20511226,20550420,20540501,20380405,20430907,20461225,20480415,20340301,20470509,20430916,20560403,,20530729,20601228,20431201,20570420,20401012,20481225,20600101,20320409,20460322,20470102,20350501,20560331,20620206,20670704,,20520219,,,20670704,20431123,20530526,20471101,20561103,20620425,20540501,,20491012,20500407,20680815,20510809,20461101,20410507,20480415,20430209,20500505,20640404,20440425,,,,20421120,20510106,20540327,20500103,,,,20310811,20410101,20440203,20451009,,20441101,20611111,20451225,20620425,20581231,20540101,20590102
20630312,20491130,,20591029,20480403,20471226,20340324,20610126,20571225,20471225,20350406,20401215,20310604,20440415,20600416,20231225,20501115,20331107,20460501,20470412,20541130,20600416,,20680903,20680903,20550308,20450407,20540509,20590120,20681129,20581225,20450407,,20490527,20520419,20580227,20570209,20560502,20541225,20360128,20471028,20520101,20550614,20540511,20380423,20430908,20461226,20480501,20340322,20470711,20431112,20560427,,20531008,20610103,20431208,20570423,20401101,20481228,20600106,20320830,20460323,20470412,20350509,20560501,20620207,20670905,,20520527,,,20670905,20431231,20531224,20471111,20561106,20620605,20540508,,20491102,20500408,20681101,20511020,20461102,20410606,20480501,20430210,20500621,20640501,20440502,,,,20421225,20510331,20540330,20500126,,,,20310915,20410131,20440229,20451113,,20441208,20611226,20451226,20620605,20590101,20540106,20590328
20630413,20491202,,20600101,20480406,20480101,20340406,20610408,20571226,20471226,20350430,20401225,20310701,20440502,20600531,20240126,20501128,20331114,20460503,20470415,20541225,20600531,,20681122,20681122,20550416,20450410,20540510,20590328,20681218,20581226,20450410,,20490607,20520422,20580412,20570413,20560904,20550101,20360129,20471225,20520419,20551021,20540519,20380519,20431112,20470101,20480505,20340501,20470724,20431203,20560501,,20531208,20610408,20431224,20570501,20401109,20490101,20600419,20321101,20460409,20470520,20350611,20561102,20620324,20671124,,20520704,,,20671124,20440101,20531225,20471225,20561110,20620925,20540706,,20491115,20500411,20681225,20511225,20461225,20410815,20480505,20430211,20500809,20640530,20440506,,,,20421231,20510403,20540501,20500408,,,,20310923,20410201,20440404,20451225,,20441226,20620106,20460101,20621023,20590210,20540330,20590331
20630416,20491207,,20600304,20480501,20480102,20340407,20610411,20580101,20471227,20350501,20410114,20310728,20440511,20600705,20240219,20510126,20331208,20460504,20470501,20541231,20600705,,20681225,20681225,20550419,20450505,20540511,20590526,,20590101,20450501,,20490617,20520501,20580415,20570430,20570101,20550106,20360130,20471226,20520531,20551227,20540715,20380601,20431203,20470321,20480520,20340503,20470725,20431225,20560502,,20531225,20610411,20431225,20570531,20401206,20490126,20600602,20321130,20460501,20470624,20350612,20561120,20620421,20671226,,20520902,,,20671226,20440111,20531226,20471226,20561128,20621225,20540928,,20491231,20500421,20681226,20511226,20461231,20410909,20480520,20430212,20500829,20641225,20440524,,,,20430101,20510501,20540507,20500411,,,,20311013,20410204,20440405,20451226,,20450106,20620327,20460102,20621225,20590211,20540501,20590501
20630425,20500101,,20600305,20480525,20480127,20340501,20610425,20580102,20480101,20350611,20410301,20310804,20440701,20600906,20240308,20510327,20331230,20460514,20470508,20550101,20600906,,,,20550426,20450518,20540714,20590704,,20590127,20450605,,20491224,20520530,20580520,20570501,20570205,20550416,20360404,20480101,20520617,20551228,20540716,20380603,20431225,20470412,20480921,20340530,20470916,20440101,20560815,,20540101,20610502,20440101,20570611,20401225,20490308,20601101,20321208,20460514,20470701,20351105,20561212,20620501,20680102,,20521014,,,20680102,20440211,20540101,20480101,20561208,20621226,20541028,,20500120,20500519,,20520101,20470101,20410910,20480921,20430213,20501114,20650101,20440906,,,,20430209,20510511,20540518,20500425,,,,20311103,20410205,20440502,20460101,,20450410,20620501,20460122,20621226,20590328,20540528,20590508
20630611,20500419,,20600423,20481028,20480206,20340525,20610502,20580124,20480403,20350917,20410315,20310812,20440711,20601011,20240325,20510331,20340109,20460815,20470705,20550301,20601011,,,,20550531,20450519,20540715,20590901,,20590328,20450807,,20491231,20520610,20580617,20570903,20570206,20550419,20360411,20480214,20520801,20560103,20540717,20380817,20431231,20470415,20480922,20340831,20470930,20440201,20561031,,20540102,20610530,20440301,20570815,20410101,20490416,20601208,20321224,20460612,20470902,20360101,20561225,20620525,20680116,,20521111,,,20680116,20440223,20540326,20480403,20561225,20630101,20541117,,20500221,20500530,,20520304,20470412,20410911,20480922,20430406,20501226,20650108,20440922,,,,20430210,20510606,20540528,20500613,,,,20311124,20410228,20440530,20460219,,20450501,20620503,20460206,20630101,20590421,20540622,20590519
20631001,20500620,,20600510,20481225,20480403,20340620,20610810,20580415,20480406,20351001,20410401,20311013,20440728,20601111,20240329,20510414,20340320,20461101,20470829,20550302,20601111,,,,20550614,20450529,20540716,20591111,,20590331,20451030,,20500408,20520801,20580701,20580101,20570207,20550527,20360414,20480217,20520802,20560126,20541029,20381028,20440101,20470501,20480923,20341109,20471018,20440202,20561101,,20540326,20610829,20440415,20571101,20410107,20490419,20610106,20321230,20460803,20471014,20360102,20570101,20620907,20680220,,20521128,,,20680220,20440321,20540327,20480406,20570101,20630126,20541224,,20500222,20500617,,20520311,20470501,20411003,20480923,20430501,20510102,20650205,20441226,,,,20430327,20510623,20541224,20500801,,,,20311231,20410301,20440531,20460323,,20450518,20620525,20460323,20630102,20590501,20540625,20590801
20631225,20500621,,20600511,20490101,20480406,20340821,20611003,20580501,20480501,20351002,20410402,20311023,20440812,20601125,20240401,20510419,20340406,20461225,20471101,20550416,20601125,,,,20550802,20450605,20540805,20591127,,20590425,20451225,,20500411,20520905,20581111,20580121,20570208,20550625,20360501,20480403,20520902,20560214,20550101,20381029,20440211,20470617,20481009,20341128,20471021,20440211,20561225,,20540327,20611226,20440425,20571225,20410318,20490426,20610411,20321231,20460821,20471111,20360103,20570205,20621012,20680420,,20521225,,,20680420,20440429,20540330,20480501,20570109,20630305,20541225,,20500408,20500801,,20520419,20470521,20411009,20481009,20430611,20510213,20650206,20441227,,,,20430421,20511225,20541225,20501003,,,,20320101,20410404,20441005,20460521,,20450529,20620815,20460326,20630206,20590529,20540805,20591225
20631226,20500622,,20600512,20490106,20480427,20341016,20611226,20580603,20480525,20351003,20410419,20311205,20441013,20601224,20240409,20510501,20340407,20461226,20471224,20550421,20601224,,,,20551004,20451225,20541013,20591128,,20590505,20451226,,20500519,20521225,20581225,20580122,20570209,20551206,20360530,20480406,20521111,20560313,20550423,20381101,20440329,20470809,20481225,20341212,20471225,20440502,20561226,,20540501,20611227,20440610,20571226,20410418,20490614,20610425,20330103,20460827,20471225,20360104,20570319,20621102,20680528,,20530101,,,20680528,20440503,20540501,20480508,20570305,20630413,20550101,,20500421,20501226,,20520422,20470716,20411225,20481225,20430612,20510331,20650317,20441228,,,,20430501,20511226,20541231,20501226,,,,20320102,20410405,20441010,20460702,,20450608,20621101,20460425,20630413,20591225,20541008,20591226
20640101,20500827,,20600513,20490308,20480601,20341106,20611227,20580815,20480820,20351004,20410501,20311210,20441024,20610117,20240411,20510815,20340501,20470101,20471225,20550617,20610117,,,,20551227,20451226,20541130,20591225,,20590609,20451227,,20500530,20521226,20581226,20580123,20570413,20551224,20360701,20480501,20521225,20560331,20550428,20381224,20440415,20470924,20481231,20341213,20471230,20440512,20570101,,20540629,20620102,20440613,20580101,20410419,20490924,20610602,20330131,20461010,20471226,20360107,20570419,20621115,20680704,,20530120,,,20680704,20440504,20540507,20480514,20570306,20630416,20550416,,20500609,20510330,,20520610,20470815,20420101,20481231,20430917,20510501,20650327,20450102,,,,20430528,20520101,20550101,20501227,,,,20320112,20410501,20450102,20460806,,20450815,20621225,20460604,20630416,20591231,20541225,20600101
20640128,20500828,,20600519,20490325,20481026,20341120,20620102,20581225,20480821,20351005,20410503,20311231,20441205,20610221,20240417,20510818,20340522,20470412,20471226,20550907,20610221,,,,20551228,20460101,20541202,20600101,,20590725,20460101,,20500609,20521231,20590101,20580124,20570430,20560106,20361001,20480520,20521226,20560403,20550429,20390105,20440512,20471216,20490101,20341225,20480101,20440530,20570102,,20540728,20620324,20440616,20580412,20410501,20491102,20610815,20330311,20461029,20480101,20360108,20570420,20621225,20680903,,20530217,,,20680903,20440505,20540518,20480525,20570307,20630425,20550419,,20500907,20510331,,20520701,20470918,20420121,20490101,20430918,20510524,20650501,20450303,,,,20430709,20520419,20550106,20510102,,,,20320211,20410603,20450214,20460903,,20451026,20621226,20461022,20630425,20600101,20550101,20600102
20640310,20500829,,20600715,20490423,20481225,20341208,20620126,20581226,20481023,20351231,20410815,20320101,20441212,20610408,20240501,20511002,20340612,20470415,20480101,20551012,20610408,,,,20560103,20460322,20541203,20600119,,20590804,20460319,,20501003,20530101,20590127,20580125,20570501,20560331,20361027,20480615,20530101,20560404,20550430,20390124,20440526,20471225,20490201,20350101,20480130,20440531,20570208,,20540729,20620327,20440815,20580415,20410502,20491227,20611101,20330414,20461101,20480102,20360310,20570501,20630101,20681122,,20530526,,,20681122,20440718,20541224,20480714,20570420,20630604,20550705,,20501012,20510403,,20520805,20470919,20420122,20490201,20431001,20510809,20650519,20450407,,,,20430907,20520422,20550416,20510126,,,,20320223,20410909,20450215,20461008,,20451101,20630101,20461225,20630604,20600301,20550106,20600416
20640404,20500917,,20600830,20490426,20481228,20341225,20620324,20590101,20481224,20360101,20410830,20320102,20450102,20610530,20240523,20511225,20340619,20470501,20480106,20551102,20610530,,,,20560126,20460323,20550224,20600416,,20591225,20460323,,20501226,20530102,20590212,20580128,20570903,20560403,20361225,20480701,20530404,20560425,20550519,20390126,20440601,20471226,20490202,20350124,20480214,20440811,20570423,,20541008,20620501,20441005,20580501,20410515,20491228,20611208,20330415,20461130,20480403,20360501,20571102,20630226,20681225,,20530704,,,20681225,20440811,20541225,20481111,20570501,20630924,20550706,,20501102,20510420,,20520806,20470920,20420123,20490202,20431002,20510817,20650810,20450410,,,,20431012,20520501,20550419,20510331,,,,20320429,20410910,20450216,20461112,,20451208,20630416,20461226,20631022,20600302,20550419,20600419
20640407,20501127,,20601029,20490614,20490101,20350101,20620327,20590102,20481225,20360128,20410925,20320225,20450302,20610704,20240617,20520126,20340703,20470523,20480403,20551115,20610704,,,,20560313,20460326,20550428,20600531,,20591226,20460326,,20510331,20530404,20590328,20580401,20571231,20560501,20361226,20480923,20530530,20560612,20550705,20390325,20440624,20480101,20490203,20350201,20480501,20440824,20570427,,20541208,20620529,20441101,20580523,20410815,20500103,20611226,20330829,20461224,20480518,20360502,20571119,20630227,,,20530901,,,,20440919,20550101,20481225,20571105,20631225,20550928,,20501115,20510501,,20520807,20471031,20420305,20490203,20431005,20511102,20651028,20450501,,,,20431102,20520530,20550527,20510403,,,,20320503,20411010,20450217,20461225,,20451225,20630501,20470101,20631225,20600416,20550617,20600527
20640425,20501130,,20610221,20491028,20490104,20350205,20620425,20590124,20490101,20360129,20410927,20320406,20450406,20610905,20240717,20520228,20340720,20470524,20480406,20551130,20610905,,,,20560331,20460420,20550429,20600705,,20600101,20460507,,20510403,20530407,20590331,20580402,20580101,20560511,20370101,20481001,20530616,20561026,20550706,20390406,20440817,20480403,20490301,20350208,20480527,20440825,20570501,,20541225,20620828,20441201,20580603,20411101,20500126,20620106,20331101,20461225,20480624,20360509,20571212,20630413,,,20531013,,,,20440922,20550415,20490101,20571128,20631226,20551028,,20501230,20510511,,20521021,20471101,20420501,20490301,20431006,20511225,20651225,20450508,,,,20431120,20520606,20550607,20510425,,,,20320504,20411011,20450220,20461226,,20451226,20630503,20470102,20631226,20600421,20550622,20600607
20640609,20501203,,20610222,20500106,20490201,20350206,20620501,20590501,20490315,20360130,20411002,20320413,20450413,20611010,20240815,20520315,20340807,20470603,20480501,20551231,20611010,,,,20560403,20460503,20550704,20600906,,20600126,20460604,,20510501,20530501,20590519,20580429,20580121,20560623,20370216,20481016,20530731,20561225,20550707,20390408,20440823,20480406,20490505,20350209,20480629,20440831,20570502,,20550101,20621225,20441208,20580815,20411206,20500314,20620327,20331130,20461231,20480701,20360612,20571225,20630501,,,20531111,,,,20441010,20550416,20490416,20571225,20640101,20551117,,20510120,20510522,,20521225,20471225,20420505,20490505,20431007,20520101,20651229,20450524,,,,20431225,20520621,20550617,20510612,,,,20320505,20420101,20450221,20470101,,20460101,20630614,20470121,20640101,20600617,20550625,20610408
20641006,20510101,,20610223,20500228,20490208,20350322,20620816,20590505,20490416,20360131,20411004,20320414,20450414,20611111,20240907,20520411,20340821,20470815,20480508,20560214,20611111,,,,20560425,20460504,20550705,20601102,,20600416,20460806,,20510511,20530515,20590616,20580430,20580122,20561206,20370217,20481225,20530801,20561226,20550708,20390519,20440824,20480427,20490910,20350219,20480713,20440916,20570625,,20550415,20621226,20450221,20581101,20411225,20500408,20620425,20331208,20470101,20480907,20360613,20580101,20630614,,,20531127,,,,20441103,20550419,20490419,20580101,20640128,20551224,,20510213,20510807,,20521226,20471231,20420526,20490910,20440101,20520201,20660101,20450906,,,,20431231,20521224,20551101,20510807,,,,20320719,20420120,20450227,20470218,,20460326,20630815,20470206,20640102,20600907,20550805,20610411
20641225,20510409,,20610502,20500325,20490416,20350323,20621002,20590623,20490419,20360201,20411005,20320415,20450501,20611124,20240916,20520419,20341016,20471101,20480901,20560215,20611124,,,,20560529,20460514,20550706,20601111,,20600419,20461029,,20510522,20530526,20590707,20580501,20580123,20561225,20370218,20490101,20530901,20570101,20550715,20390601,20440825,20480501,20490913,20350312,20480714,20441020,20570815,,20550416,20630101,20450407,20581225,20420101,20500411,20620501,20331223,20470409,20481012,20361103,20580204,20630907,,,20531225,,,,20441123,20550517,20490527,20580109,20640303,20560331,,20510214,20511225,,20530101,20480101,20420604,20490913,20440129,20520202,20660126,20450922,,,,20440101,20521225,20551224,20511002,,,,20320811,20420121,20450228,20470412,,20460501,20631101,20470412,20640206,20601012,20551008,20610519
20641226,20510610,,20610503,20500415,20490419,20350402,20621225,20590815,20490607,20360404,20411009,20320503,20450530,20611226,20241002,20520501,20341106,20471111,20480915,20560331,20611226,,,,20560612,20460605,20550725,20601125,,20600426,20461225,,20510601,20530801,20591110,20580902,20580124,20561226,20370403,20490202,20531111,20570126,20550830,20390817,20440826,20480616,20491231,20350501,20480831,20441031,20571031,,20550629,20630413,20450425,20581226,20420106,20500425,20620602,20331230,20470411,20481111,20361104,20580318,20631012,,,20540101,,,,20450102,20550527,20490607,20580225,20640404,20560403,,20510331,20511226,,20530303,20480403,20420606,20491231,20440201,20520419,20660127,20451225,,,,20440125,20521226,20551231,20511225,,,,20320920,20420122,20450403,20470520,,20460503,20631225,20470415,20640404,20601102,20551101,20610530
20650101,20510611,,20610519,20500418,20490426,20350501,20621226,20591201,20490820,20360501,20411023,20320524,20450728,20620102,20241101,20520530,20341113,20471225,20481117,20560421,20620102,,,,20560807,20461224,20551003,20601126,,20600503,20461226,,20511003,20530911,20591225,20590101,20580125,20570101,20370406,20490203,20531225,20570212,20551029,20390818,20441031,20480810,20500124,20350521,20480916,20441121,20571101,,20550728,20630416,20450501,20590101,20420403,20500613,20620815,20340301,20470412,20481225,20370101,20580411,20631102,,,20540119,,,,20450103,20550607,20490714,20580226,20640407,20560501,,20510421,20520101,,20530310,20480501,20420815,20500124,20440202,20520501,20660308,20451226,,,,20440229,20521231,20560106,20511226,,,,20320921,20420123,20450404,20470701,,20460514,20631226,20470425,20640407,20601115,20560106,20610801
20650126,20510612,,20610715,20500606,20490607,20350525,20630101,20591225,20491101,20360502,20411025,20320701,20450814,20620116,20241102,20520806,20341208,20471226,20481224,20560501,20620116,,,,20561002,20461225,20551130,20601224,,20600614,20461227,,20511225,20531225,20591226,20590210,20580128,20570420,20370501,20490204,20531226,20570312,20560417,20391018,20441121,20480924,20500125,20350522,20481009,20441226,20571225,,20550729,20630507,20450608,20590328,20420404,20500923,20621101,20340406,20470501,20481228,20370102,20580412,20631115,,,20540216,,,,20450109,20551224,20491101,20580227,20640425,20560508,,20510501,20520418,,20530404,20480521,20420929,20500125,20440203,20520513,20660409,20451227,,,,20440301,20530101,20560331,20520101,,,,20320922,20420124,20450501,20470805,,20460524,20640101,20470603,20640425,20601231,20560403,20611226
20650309,20510816,,20610830,20500815,20491025,20350620,20630126,20591226,20491224,20360530,20411101,20320722,20451013,20620220,20241115,20520815,20341225,20480101,20481225,20560601,20620220,,,,20561225,20461226,20551202,20601231,,20600723,20470101,,20511226,20531226,20600101,20590211,20580401,20570423,20370522,20490405,20540101,20570420,20560418,20391019,20441226,20481216,20500301,20350831,20481105,20450102,20571226,,20550830,20630528,20450613,20590331,20420501,20501101,20621208,20340407,20470612,20490101,20370105,20580501,20631225,,,20540525,,,,20450223,20560330,20491111,20580412,20640602,20560705,,20510601,20520419,,20530407,20480629,20420930,20500301,20440204,20520530,20660809,20460101,,,,20440415,20530106,20560403,20520126,,,,20321011,20420228,20450619,20470902,,20460815,20640407,20471028,20640602,20610221,20560501,20620102
20650327,20510817,,20620213,20501028,20491227,20350709,20630413,20600101,20500314,20361001,20411111,20320728,20451023,20620324,20241225,20520828,20341229,20480403,20490101,20560907,20620324,,,,20561226,20461231,20560101,20610117,,20600802,20470318,,20520101,20531231,20600126,20590212,20580402,20570501,20370618,20490416,20540327,20570423,20560501,20391020,20450130,20481225,20500505,20350917,20481218,20450131,20580101,,20551008,20630827,20450815,20590501,20420502,20501226,20621225,20340501,20470725,20490104,20370106,20580916,20640101,,,20540907,,,,20450320,20560331,20500408,20580501,20640929,20560706,,20510907,20520422,,20530526,20480716,20421003,20500505,20440404,20520805,20661018,20460305,,,,20440421,20530404,20560501,20520419,,,,20321103,20420403,20450925,20471014,,20461026,20640501,20471225,20641027,20610222,20560601,20620324
20650330,20510906,,20620420,20501226,20491228,20350820,20630416,20600102,20500315,20361002,20411205,20320812,20451205,20620529,20250219,20520904,20350101,20480406,20490106,20561012,20620529,,,,20570101,20470101,20560213,20610408,,20601227,20470412,,20520419,20540101,20600303,20590213,20580429,20570531,20370701,20490419,20540529,20570424,20560519,20391021,20450217,20490101,20500601,20351030,20481225,20450201,20580102,,20551101,20631225,20451005,20590508,20420515,20501227,20621226,20340508,20470821,20490416,20370107,20581118,20640218,,,20541012,,,,20450503,20560403,20500411,20581104,20641225,20560928,,20511012,20520425,,20530630,20480918,20421009,20500601,20440502,20520809,20670214,20460427,,,,20440616,20530407,20560511,20520422,,,,20321123,20420404,20451009,20471111,,20461101,20640605,20471226,20641225,20610408,20560622,20620327
20650608,20511116,,20620421,20510106,20500103,20351015,20630425,20600426,20500408,20361003,20411225,20321013,20451211,20620704,20250226,20521002,20350108,20480501,20490416,20561102,20620704,,,,20570126,20470411,20560416,20610530,,20601228,20470415,,20520422,20540102,20600416,20590214,20580430,20570622,20370925,20490510,20540615,20570425,20560623,20391226,20450320,20490322,20500606,20351203,20490101,20450217,20580208,,20551208,20631226,20451101,20590519,20420725,20510102,20630101,20340612,20470826,20490524,20370108,20581212,20640219,,,20541111,,,,20450504,20560501,20500519,20581105,20641226,20561117,,20511102,20520501,,20530804,20481012,20421225,20500606,20440530,20521021,20670215,20460430,,,,20440907,20530501,20560522,20520425,,,,20321231,20420501,20451010,20471225,,20461224,20640815,20480101,20641226,20610421,20560815,20620501
20651005,20511130,,20620501,20510320,20500104,20351106,20630507,20600601,20500411,20361006,20420103,20321025,20460101,20620904,20250314,20521003,20350319,20480514,20490419,20561115,20620904,,,,20570312,20470412,20560417,20610704,,20610103,20470506,,20520501,20540327,20600419,20590421,20580501,20571206,20371001,20490604,20540730,20570611,20560626,20400314,20450407,20490416,20500815,20351225,20490119,20450501,20580415,,20560330,20640101,20451201,20590623,20420815,20510126,20630416,20340821,20470930,20490624,20370109,20581225,20640404,,,20541126,,,,20450505,20560511,20500530,20581111,20650101,20561225,,20511115,20520530,,20530805,20481208,20430101,20500815,20440531,20521225,20670224,20460501,,,,20441012,20530515,20560601,20520610,,,,20330103,20420623,20460101,20471226,,20461225,20641111,20480102,20650101,20610609,20561101,20620504
20651225,20511202,,20620519,20510501,20500131,20351119,20630815,20600614,20500530,20361007,20420115,20321206,20460102,20621009,20250331,20521023,20350322,20480515,20490705,20561130,20621009,,,,20570420,20470415,20560418,20610905,,20610126,20470603,,20520530,20540330,20600517,20590430,20580902,20571224,20371225,20490701,20540731,20571025,20560830,20400330,20450501,20490419,20500929,20360101,20490201,20450502,20580501,,20560331,20640404,20451208,20590815,20421110,20510313,20630425,20340828,20471101,20490701,20370223,20590101,20640421,,,20541225,,,,20450717,20560517,20500714,20581128,20650126,20561226,,20511120,20520610,,20530806,20481225,20430209,20500929,20441003,20530101,20670401,20460507,,,,20441102,20530606,20561003,20520805,,,,20330110,20420929,20460201,20480101,,20461226,20641225,20480120,20650102,20610907,20561225,20620515
20651228,20511203,,20620830,20510505,20500207,20351225,20631001,20601130,20501031,20361008,20420218,20321210,20460220,20621123,20250401,20521106,20350323,20480525,20490901,20561225,20621123,,,,20570423,20470510,20560622,20611111,,20610408,20470805,,20520610,20540501,20600614,20590501,20590101,20571225,20380101,20491001,20540907,20571225,20570101,20400501,20450518,20490427,20500930,20360128,20490202,20450530,20580502,,20560501,20640407,20451225,20591225,20421208,20510331,20630501,20341030,20471224,20490906,20370309,20590203,20640501,,,20550101,,,,20450811,20560522,20500815,20581209,20650302,20570101,,20511225,20520617,,20531020,20481231,20430210,20500930,20441004,20530219,20670502,20460524,,,,20441115,20530620,20561101,20521007,,,,20330211,20421010,20460202,20480217,,20470101,20641226,20480206,20650206,20611012,20561226,20620801
20660101,20520101,,20630101,20510508,20500408,20360101,20631225,20601201,20501101,20370101,20420305,20321231,20460406,20621225,20250410,20521225,20350501,20480721,20490915,20561229,20621225,,,,20570425,20470523,20560624,20611124,,20610411,20471028,,20520620,20540507,20600705,20590502,20590210,20571226,20380204,20491005,20541111,20571226,20570405,20400510,20450531,20490616,20501003,20360129,20490203,20450531,20580625,,20560629,20640505,20460101,20591226,20421225,20510403,20630815,20341101,20471225,20491011,20370501,20590317,20640605,,,20550118,,,,20450918,20561225,20501101,20581225,20650327,20570420,,20511229,20520805,,20531225,20490101,20430211,20501003,20441005,20530220,20670527,20460906,,,,20441230,20531224,20561225,20521225,,,,20330223,20430101,20460205,20480403,,20470415,20650101,20480403,20650327,20611102,20570101,20621225
20660126,20520328,,20630131,20510626,20500411,20360225,20631226,20610124,20501226,20370102,20420401,20330103,20460413,20630101,20250414,20530305,20350507,20481111,20491101,20570101,20630101,,,,20570528,20470524,20561130,20611125,,20610425,20471225,,20521003,20540518,20601115,20590901,20590211,20580101,20380205,20491227,20541225,20580101,20570406,20400601,20450601,20490809,20501230,20360201,20490517,20450801,20580815,,20560728,20640526,20460206,20600101,20430101,20510425,20631101,20341130,20471230,20491111,20370504,20590327,20641225,,,20550215,,,,20450922,20561226,20501111,20590101,20650330,20570423,,20520101,20521224,,20531226,20490416,20430501,20501230,20441006,20530404,20670809,20460924,,,,20450125,20531225,20561226,20521226,,,,20330321,20430102,20460206,20480518,,20470501,20650106,20480406,20650330,20611115,20570423,20621226
20660308,20520529,,20630201,20510815,20500425,20360226,20640101,20610411,20510315,20370216,20420403,20330214,20460416,20630115,20250418,20530328,20350528,20481225,20491117,20570305,20630115,,,,20570611,20470603,20561202,20611226,,20610502,20471226,,20521224,20540910,20601227,20590902,20590212,20580412,20380405,20500124,20541228,20580128,20570423,20400806,20450613,20490924,20510210,20360208,20490618,20450814,20581031,,20560830,20640825,20460323,20600416,20430106,20510612,20631225,20341208,20471231,20491227,20370511,20590328,20650101,,,20550531,,,,20451009,20570101,20501226,20590109,20650427,20570501,,20520304,20521225,,20540101,20490521,20430505,20510210,20441007,20530501,20671107,20461224,,,,20450220,20531226,20570101,20530101,,,,20330429,20430209,20460207,20480701,,20470523,20650330,20480427,20650427,20611230,20570501,20630101
20660409,20520530,,20630202,20511225,20500606,20360324,20640128,20610530,20510331,20370217,20420404,20330406,20460501,20630219,20250501,20530401,20350604,20490101,20491224,20570306,20630219,,,,20570806,20470605,20561203,20620102,,20610613,20471227,,20521225,20541225,20601228,20600101,20590213,20580415,20380423,20500125,20550101,20580211,20570501,20400817,20450814,20491216,20510213,20360211,20490702,20450815,20581101,,20561101,20641225,20460425,20600419,20430319,20510929,20631226,20341213,20480101,20491228,20370612,20590501,20650209,,,20550705,,,,20451103,20570419,20510331,20590210,20650601,20570508,,20520305,20521226,,20540302,20490628,20430916,20510213,20450102,20530519,20671208,20461225,,,,20450221,20531231,20570420,20530127,,,,20330503,20430210,20460208,20480803,,20470603,20650501,20480601,20650601,20620206,20570621,20630102
20660412,20520804,,20630409,20511226,20501024,20360402,20640404,20610601,20510403,20370218,20420414,20330413,20460521,20630413,20250512,20530404,20350702,20490416,20500106,20570420,20630413,,,,20571001,20471224,20570101,20620116,,20610722,20480101,,20521226,20541231,20610103,20600102,20590214,20580501,20380426,20500126,20550416,20580311,20570613,20401008,20450815,20491227,20510301,20360229,20490831,20450831,20581225,,20561208,20641226,20460501,20600527,20430326,20511107,20640101,20341225,20480214,20500103,20371104,20590916,20650210,,,20550906,,,,20451123,20570420,20510403,20590211,20650928,20570705,,20520419,20530101,,20540309,20490716,20430917,20510301,20450216,20530602,20671226,20461226,,,,20450407,20540101,20570423,20530404,,,,20330504,20430211,20460209,20480907,,20470613,20650528,20481026,20651026,20620207,20570622,20630413
20660426,20520805,,20630410,20520101,20501226,20360410,20640407,20610815,20510501,20370219,20420422,20330414,20460717,20630528,20250607,20530414,20350720,20490419,20500408,20570501,20630528,,,,20571225,20471225,20570201,20620324,,20610801,20480317,,20521231,20550101,20610124,20600202,20590421,20580523,20380511,20500404,20550528,20580412,20570614,20401009,20450816,20500321,20510501,20360501,20490908,20451108,20581226,,20561225,20650101,20460524,20600607,20430327,20511225,20640407,20350101,20480402,20500104,20380101,20591117,20650327,,,20551011,,,,20460101,20570423,20510501,20590212,20651225,20570706,,20520423,20530403,,20540327,20490917,20430918,20510501,20450217,20531110,20680102,20461231,,,,20450421,20540106,20570501,20530407,,,,20330505,20430212,20460228,20481012,,20470815,20651111,20481225,20651225,20620324,20570625,20630416
20660614,20520806,,20630411,20520304,20501227,20360411,20640425,20611130,20510522,20370220,20420501,20330415,20460730,20630704,20250815,20530501,20350807,20490527,20500411,20570621,20630704,,,,20571226,20471226,20570405,20620529,,20611226,20480403,,20530101,20550416,20610223,20600203,20590430,20580621,20380607,20500408,20550621,20580415,20570615,20401010,20450817,20500408,20510505,20360509,20490916,20451110,20590101,,20570101,20650327,20460613,20600623,20430501,20511226,20640425,20350208,20480403,20500408,20380104,20591212,20650421,,,20551111,,,,20460102,20570501,20510508,20590328,20651228,20570928,,20520501,20530404,,20540330,20491011,20431009,20510505,20450220,20531225,20680203,20470101,,,,20450501,20540327,20570531,20530425,,,,20330718,20430213,20460403,20481111,,20471101,20651225,20481228,20651228,20620421,20570815,20630501
20661004,20520826,,20630412,20520325,20510102,20360501,20640505,20611201,20511023,20370406,20420815,20330502,20460813,20630903,20250827,20530520,20350820,20490528,20500705,20570907,20630903,,,,20580101,20471231,20570407,20620704,,20611227,20480406,,20530404,20550419,20610408,20600204,20590501,20581206,20380701,20500411,20550729,20580416,20570830,20401224,20450818,20500411,20510517,20360901,20490928,20451225,20590102,,20570419,20650330,20460815,20601101,20430515,20520101,20640501,20350219,20480409,20500523,20380105,20591225,20650501,,,20551125,,,,20460103,20570517,20510511,20590501,20660101,20571224,,20520620,20530407,,20540518,20491101,20431225,20510517,20450221,20540101,20680214,20470304,,,,20450608,20540330,20570611,20530609,,,,20330811,20430227,20460404,20481225,,20471224,20660101,20490101,20660101,20620501,20571008,20630524
20661227,20521104,,20630423,20520419,20510103,20360616,20640813,20611226,20511101,20370501,20420916,20330513,20461015,20631008,20250905,20530815,20351015,20490607,20500829,20571012,20631008,,,,20580128,20480101,20570611,20620904,,20620102,20480504,,20530407,20550527,20610411,20600205,20590502,20581224,20380914,20500502,20550730,20580425,20571029,20401225,20451110,20500427,20510606,20360916,20491025,20460101,20590331,,20570420,20650504,20461005,20610408,20430528,20520126,20640602,20350322,20480501,20500624,20380106,20600101,20650528,,,20560117,,,,20460108,20570531,20510522,20590701,20660126,20571225,,20521115,20530424,,20540629,20491208,20440101,20510606,20450222,20540209,20680420,20470419,,,,20450907,20540501,20570621,20530804,,,,20330919,20430403,20460501,20481228,,20471225,20660106,20490104,20660104,20620525,20571101,20630604
20661228,20521130,,20630501,20520422,20510130,20360620,20641006,20620102,20511225,20370618,20420918,20330701,20461023,20631112,20251002,20530825,20351105,20490721,20500901,20571102,20631112,,,,20580311,20480402,20570612,20621107,,20620126,20480601,,20530501,20550607,20610516,20600206,20590901,20581225,20381001,20500623,20550906,20580610,20580101,20410101,20451225,20500502,20510815,20361106,20491208,20460201,20590501,,20570501,20650525,20461101,20610411,20431012,20520311,20640815,20350323,20480612,20500701,20380107,20600202,20650907,,,20560221,,,,20460212,20570611,20510714,20591103,20660301,20571226,,20521120,20530501,,20540803,20491231,20440129,20510815,20450403,20540210,20680501,20470422,,,,20451012,20540507,20571003,20531006,,,,20330923,20430406,20460608,20490101,,20471226,20660412,20490125,20660208,20620907,20571225,20630801
20670103,20521202,,20630830,20520501,20510206,20360709,20641225,20620124,20511226,20370619,20421002,20330711,20461205,20631122,20251021,20530915,20351112,20491101,20500915,20571115,20631122,,,,20580412,20480403,20570613,20621110,,20620324,20480803,,20530515,20550909,20610613,20600412,20590902,20581226,20381007,20500701,20551111,20581024,20580325,20410104,20451226,20500616,20510918,20361119,20500124,20460206,20590502,,20570629,20650831,20461224,20610519,20431109,20520419,20641208,20350409,20480713,20500905,20380108,20600315,20651012,,,20560529,,,,20460223,20571224,20510815,20591104,20660409,20580101,,20521225,20530515,,20540804,20500408,20440201,20510918,20450404,20540327,20680516,20470501,,,,20451102,20540619,20571101,20531225,,,,20331010,20430501,20460914,20490215,,20480101,20660503,20490208,20660409,20621012,20571226,20631225
20670126,20521203,,20631029,20520610,20510331,20360818,20641226,20620501,20520101,20370924,20421013,20330728,20461210,20631225,20251022,20531002,20351225,20491111,20501101,20571130,20631225,,,,20580415,20480406,20570703,20621123,,20620327,20481026,,20530526,20551231,20610704,20600430,20600101,20590101,20381227,20501024,20551227,20581225,20580326,20410201,20460101,20500809,20510919,20361120,20500125,20460207,20590625,,20570830,20651225,20461225,20610530,20431208,20520422,20641225,20350501,20480821,20501010,20380222,20600415,20651102,,,20560704,,,,20460320,20571225,20511101,20591105,20660412,20580412,,20521231,20530526,,20540805,20500627,20440301,20510919,20450501,20540501,20680809,20470506,,,,20451115,20541224,20571224,20531226,,,,20331103,20430611,20461010,20490416,,20480106,20660610,20490416,20660412,20621102,20580101,20631226
20670314,20530101,,20640101,20520815,20510403,20361013,20650101,20620601,20520315,20371001,20421023,20330812,20461231,20640101,20251105,20531021,20351231,20500408,20501117,20571225,20640101,,,,20580425,20480501,20570911,20621124,,20620425,20481225,,20530605,20560331,20611114,20600503,20600102,20590106,20390124,20501226,20551228,20581226,20580327,20410315,20460119,20501216,20510920,20361225,20500201,20460501,20590815,,20571008,20651228,20470101,20610623,20431225,20520425,20641226,20350612,20480831,20501111,20380223,20600416,20651225,,,20560904,,,,20460430,20571226,20511225,20591110,20660426,20580415,,20530101,20530617,,20541019,20500815,20440413,20510920,20450619,20540522,20681025,20470524,,,,20451120,20541225,20571225,20540101,,,,20331123,20430612,20461231,20490524,,20480406,20661101,20490419,20660426,20621115,20580415,20640101
20670401,20530318,,20640121,20521028,20510425,20361106,20650126,20620619,20520419,20371002,20421024,20331013,20470101,20640121,20251225,20531110,20360101,20500411,20501226,20571231,20640121,,,,20580527,20480514,20571202,20621225,,20620501,20481228,,20531003,20560403,20611226,20600902,20600202,20590328,20390125,20501227,20560103,20590101,20580423,20410402,20460206,20501226,20511003,20370101,20500207,20460521,20591031,,20571101,20660101,20470226,20610815,20440101,20520610,20650101,20350821,20480918,20501226,20380308,20600916,20660101,,,20561009,,,,20460503,20580101,20511226,20591128,20660607,20580501,,20530120,20530804,,20541225,20500919,20440505,20511003,20450925,20540716,20681126,20470906,,,,20451225,20541231,20571226,20540126,,,,20340102,20430917,20470101,20490701,,20480501,20661111,20490426,20660607,20621225,20580501,20640102
20670404,20530519,,20640122,20521225,20510605,20361124,20650327,20620815,20520422,20371005,20421028,20331024,20470211,20640218,20260126,20531111,20360107,20500519,20510106,20580101,20640218,,,,20580610,20480515,20571203,20630101,,20620612,20481229,,20531224,20560501,20611227,20600903,20600203,20590331,20390126,20510102,20560331,20590127,20580501,20410419,20460323,20510102,20511009,20370127,20500502,20460530,20591225,,20571225,20660409,20470412,20611101,20440106,20520927,20650106,20350827,20481130,20501227,20380503,20601102,20660222,,,20561123,,,,20460504,20580411,20520101,20591208,20660927,20580508,,20530217,20531224,,20541228,20501010,20440506,20511009,20451002,20540810,20681225,20470923,,,,20451229,20550101,20571231,20540327,,,,20340103,20430918,20470123,20490802,,20480514,20670106,20490607,20661025,20621229,20580613,20640404
20670425,20530520,,20640328,20521226,20511023,20361208,20650330,20621130,20520501,20371006,20421101,20331205,20470408,20640526,20260219,20531125,20360324,20500520,20510331,20580225,20640526,,,,20580805,20480525,20580101,20630115,,20620728,20490101,,20531225,20560511,20620102,20610103,20600204,20590501,20390405,20510213,20560526,20590210,20580603,20410501,20460501,20510321,20511225,20370202,20500505,20460531,20591226,,20580101,20660412,20470425,20611226,20440414,20521105,20650330,20351101,20481208,20510102,20380504,20601115,20660223,,,20561225,,,,20460716,20580412,20520419,20591225,20661227,20580705,,20530218,20531225,,20550101,20501031,20440606,20511225,20451003,20541030,,20471224,,,,20460101,20550106,20580101,20540330,,,,20340109,20431009,20470124,20490906,,20480525,20670404,20491025,20661227,20630101,20580625,20640407
20670613,20530521,,20640331,20530101,20511225,20361225,20650504,20621201,20520610,20371007,20421111,20331212,20470415,20640704,20260304,20531225,20360410,20500530,20510403,20580226,20640704,,,,20581007,20480605,20580122,20630413,,20620807,20490317,,20531226,20560522,20620123,20610119,20600205,20590508,20390408,20510214,20560619,20590310,20580604,20410516,20460503,20510331,20511229,20370216,20500607,20460806,20600101,,20580411,20660503,20470501,20620324,20440415,20521225,20650501,20351130,20481224,20510103,20380510,20601201,20660409,,,20570101,,,,20460917,20580415,20520422,20600101,20661228,20581028,,20530404,20531226,,20550301,20501101,20440815,20511229,20451004,20541225,,20471225,,,,20460125,20550416,20580412,20540608,,,,20340223,20440101,20470125,20491011,,20480604,20670503,20491227,20661228,20630226,20580805,20640501
20671003,20530726,,20640423,20530106,20511226,20361226,20650812,20621225,20520819,20380101,20421113,20340102,20470416,20640901,20260319,20540126,20360411,20500721,20510501,20580412,20640901,,,,20581225,20481224,20580325,20630528,,20621225,20490416,,20531231,20560801,20620208,20610120,20600206,20590620,20390411,20510331,20560803,20590328,20580605,20410530,20460601,20510403,20520101,20370217,20500621,20460831,20600102,,20580412,20660531,20470610,20620327,20440502,20521226,20650602,20351203,20481225,20510331,20380614,20610207,20660421,,,20570115,,,,20460924,20580501,20520501,20600109,20670103,20581224,,20530421,20540101,,20550308,20501208,20441003,20520101,20451005,20550101,,20471226,,,,20460205,20550419,20580415,20540803,,,,20340320,20440129,20470128,20491111,,20481026,20670602,20491228,20670103,20630227,20580815,20640515
20671226,20530727,,20640501,20530224,20520101,20370101,20651005,20621226,20520820,20380203,20421124,20340306,20470501,20641013,20260321,20540324,20360501,20500815,20510508,20580501,20641013,,,,20581226,20481225,20580326,20630704,,20621226,20490419,,20540101,20560907,20620324,20610121,20600412,20591224,20390502,20510403,20560804,20590331,20580715,20410726,20460803,20510427,20520131,20370218,20500622,20460917,20600419,,20580501,20660830,20470613,20620501,20440516,20530101,20651208,20351224,20481230,20510522,20381104,20610321,20660610,,,20570219,,,,20461008,20580517,20520508,20600301,20670126,20581225,,20530423,20540326,,20550416,20510102,20441004,20520131,20451006,20550128,,20471231,,,,20460206,20550527,20580501,20541005,,,,20340503,20440201,20470129,20491227,,20481208,20670815,20500103,20670104,20630413,20581008,20640526
20671227,20531130,,20640519,20530325,20520102,20370216,20651225,20630101,20521023,20380204,20421129,20340406,20470508,20641111,20260326,20540327,20360526,20501101,20510705,20580613,20641111,,,,20590101,20481231,20580327,20630903,,20630101,20490503,,20540327,20561225,20620327,20610124,20600430,20591225,20390527,20510405,20560904,20590401,20580830,20410926,20460806,20510501,20520201,20370428,20500829,20461010,20600427,,20580729,20661227,20470815,20620504,20440616,20530127,20651225,20351225,20481231,20510626,20381105,20610407,20660907,,,20570528,,,,20461123,20580523,20520530,20600302,20670307,20581226,,20530501,20540327,,20550419,20510331,20441005,20520201,20460101,20550129,,20480101,,,,20460323,20550625,20580523,20541225,,,,20340504,20440202,20470130,20491228,,20481224,20671101,20500104,20670207,20630501,20581101,20640801
20680102,20531202,,20640715,20530411,20520129,20370217,20651228,20630102,20521101,20380205,20421225,20340413,20470701,20641127,20260331,20540414,20360616,20501111,20510829,20581115,20641127,,,,20590127,20490101,20580601,20631112,,20630126,20490607,,20540330,20561226,20620515,20610125,20600503,20591226,20390701,20510501,20561113,20590425,20581029,20410927,20460807,20510616,20520202,20370501,20500831,20461029,20600625,,20580830,20661228,20471101,20620515,20440725,20530310,20660101,20351231,20490101,20510703,20390103,20610408,20661012,,,20570704,,,,20461231,20580603,20520610,20600303,20670401,20590101,,20530605,20540330,,20550607,20510501,20441006,20520202,20460205,20550416,,20480303,,,,20460501,20551224,20580603,20541228,,,,20340505,20440203,20470228,20500103,,20481225,20671111,20500124,20670401,20630614,20581225,20641225
20680126,20531203,,20641029,20530414,20520206,20370324,20660101,20630124,20521224,20380208,20430115,20340414,20470708,20641225,20260401,20540416,20360623,20501226,20510901,20581225,20641225,,,,20590310,20490415,20580602,20631122,,20630413,20490802,,20540501,20570101,20620619,20610331,20600902,20600101,20391003,20510517,20561225,20590609,20590101,20410930,20460817,20510809,20520301,20370529,20500916,20461031,20601101,,20581008,20670103,20471224,20620623,20440815,20530404,20660106,20360101,20490202,20510904,20390104,20610916,20661102,,,20570903,,,,20470101,20581224,20520815,20600416,20670404,20590328,,20531120,20540423,,20550702,20510626,20450216,20520301,20460206,20550428,,20480403,,,,20460524,20551231,20580613,20550101,,,,20340717,20440229,20470301,20500221,,20490101,20671226,20500207,20670404,20630907,20581226,20641226
20680312,20540101,,20650101,20530501,20520419,20370402,20660126,20630423,20521225,20380209,20430126,20340501,20470729,20650101,20260403,20540420,20360630,20510331,20510915,20581231,20650101,,,,20590328,20490416,20580622,20631123,,20630416,20491025,,20540507,20570102,20620703,20610401,20600903,20600106,20391026,20510613,20561226,20591023,20590317,20411204,20461010,20510925,20520306,20370831,20500919,20461225,20610208,,20581101,20670401,20471225,20620815,20441012,20530407,20660412,20360128,20490409,20511009,20390105,20611102,20661115,,,20571008,,,,20470102,20581225,20521101,20601103,20670425,20590331,,20531225,20540501,,20550802,20510815,20450217,20520306,20460207,20550511,,20480406,,,,20460709,20560106,20581003,20550126,,,,20340811,20440404,20470404,20500408,,20490106,20680106,20500408,20670425,20631012,20590101,20650101
20680420,20540307,,20650108,20530602,20520422,20370403,20660409,20630501,20521226,20380405,20430223,20340601,20470812,20650119,20260414,20540501,20360807,20510403,20511101,20590101,20650119,,,,20590331,20490419,20580831,20631225,,20630425,20491227,,20540518,20570420,20621113,20610502,20610103,20600416,20391226,20510920,20570101,20591225,20590423,20411225,20461031,20511225,20520410,20370916,20501114,20470101,20610411,,20581225,20670404,20480101,20621101,20441101,20530425,20660602,20360207,20490415,20511113,20390106,20611121,20670214,,,20571112,,,,20470103,20581226,20521111,20601104,20670606,20590501,,20531231,20540507,,20550803,20510918,20450301,20520410,20460208,20550705,,20480501,,,,20460907,20560331,20581101,20550416,,,,20340918,20440405,20470405,20500523,,20490419,20680423,20500411,20670606,20631102,20590106,20650102
20680423,20540509,,20650109,20530815,20520425,20370501,20660412,20630601,20521227,20380503,20430309,20340728,20471014,20650216,20260501,20540716,20360818,20510501,20511117,20590210,20650216,,,,20590425,20490514,20581130,20640101,,20630507,20491228,,20540528,20570423,20621225,20610503,20610119,20600419,20391227,20511002,20570420,20591226,20590501,20411226,20461224,20511226,20520501,20371026,20501128,20470109,20610427,,20590101,20670502,20480218,20621225,20441109,20530609,20661101,20360409,20490416,20511225,20390107,20611212,20670215,,,20571122,,,,20470114,20590101,20521225,20601105,20670926,20590508,,20540101,20540518,,20550804,20510919,20450501,20520501,20460209,20550809,,20480506,,,,20461012,20560403,20581224,20550419,,,,20341009,20440502,20470501,20500701,,20490527,20680501,20500425,20671024,20631115,20590331,20650327
20680425,20540510,,20650317,20531028,20520603,20370525,20660426,20630611,20530101,20380607,20430327,20340731,20471023,20650327,20260528,20541002,20361013,20510511,20511225,20590211,20650327,,,,20590602,20490527,20581202,20640121,,20630611,20491229,,20541224,20570501,20621226,20610902,20610120,20600527,20400102,20511013,20570525,20600101,20590519,20420101,20461225,20520101,20520506,20371106,20501226,20470128,20610502,,20590327,20670530,20480403,20621226,20441206,20530926,20661208,20360410,20490510,20511226,20390110,20620206,20670401,,,20571225,,,,20470211,20590327,20521226,20601110,20671226,20591028,,20540120,20540617,,20551022,20511009,20450505,20520506,20460404,20551019,,20480525,,,,20461102,20560501,20581225,20550426,,,,20341103,20440530,20470529,20500801,,20490607,20680503,20500606,20671226,20631225,20590501,20650330
20680611,20540511,,20650318,20531225,20521028,20370615,20660503,20630815,20530404,20380913,20430401,20340814,20471205,20650525,20260626,20541225,20361103,20510512,20511226,20590328,20650525,,,,20590609,20490528,20581203,20640404,,20630727,20500103,,20541225,20570531,20630101,20620102,20610121,20600625,20400213,20511225,20570618,20600126,20590522,20420122,20461231,20520321,20520507,20371109,20510102,20470201,20610815,,20590328,20670829,20480501,20630101,20441208,20531104,20670106,20360411,20490702,20520101,20390223,20620320,20670421,,,20580101,,,,20470321,20590328,20530101,20601129,20671227,20591117,,20540209,20540803,,20551227,20511027,20450524,20520507,20460430,20560215,,20480907,,,,20461115,20560511,20581226,20550614,,,,20341123,20440531,20471004,20500905,,20490617,20680621,20501024,20671227,20631231,20590529,20650501
20681001,20540714,,20650319,20531226,20521225,20370709,20660811,20631130,20530407,20381001,20430410,20341013,20471210,20650703,20260815,20550126,20361117,20510522,20520101,20590421,20650703,,,,20590804,20490607,20590101,20640526,,20630806,20500317,,20541231,20570611,20630122,20620206,20610124,20601206,20400214,20511226,20570802,20600209,20590523,20420304,20470101,20520419,20520606,20371110,20510127,20470501,20611031,,20590501,20671226,20480604,20630413,20450106,20531225,20670404,20360501,20490830,20520102,20390307,20620323,20670602,,,20580121,,,,20470429,20590331,20530404,20601208,20680102,20591224,,20540210,20541224,,20560103,20511101,20450606,20520606,20460501,20560216,,20480922,,,,20461120,20560606,20581231,20550802,,,,20350101,20441005,20471010,20501010,,20491026,20680815,20501226,20680102,20640101,20590625,20650507
20681225,20540715,,20650320,20540101,20521226,20370817,20661004,20631225,20530501,20381004,20430414,20341023,20471231,20650907,20260826,20550224,20361208,20510721,20520419,20590501,20650907,,,,20591006,20491224,20590112,20640704,,20631225,20500408,,20550101,20570801,20630228,20620207,20610125,20601224,20400215,20520101,20570803,20600308,20590715,20420404,20470109,20520422,20520815,20371225,20510201,20470509,20611101,,20590728,20671227,20480610,20630416,20450320,20531226,20670425,20360612,20490908,20520419,20390308,20620324,20670907,,,20580218,,,,20470503,20590501,20530407,20610221,20680126,20591225,,20540327,20541225,,20560306,20511208,20450815,20520815,20460608,20560331,,20481224,,,,20461225,20560623,20590101,20551004,,,,20350102,20441010,20471011,20501111,,20491101,20681101,20501227,20680103,20640218,20590805,20650518
20681226,20540716,,20650423,20540106,20530101,20371012,20661227,20631226,20530502,20381005,20430422,20341205,20480101,20651012,20260914,20550406,20361225,20510815,20520422,20590529,20651012,,,,20591225,20491231,20590315,20640901,,20631226,20500411,,20550416,20570906,20630413,20620208,20610331,20610106,20400330,20520201,20570903,20600416,20591029,20420501,20470327,20520501,20520906,20380101,20510213,20470530,20611226,,20590729,20680102,20481005,20630501,20450406,20540101,20670602,20360821,20491025,20520520,20390502,20620501,20671012,,,20580527,,,,20470506,20590508,20530501,20610222,20680305,20591226,,20540421,20550101,,20560313,20511225,20450925,20520906,20460917,20560417,,20481225,,,,20461231,20561225,20590106,20551227,,,,20350103,20450102,20480101,20501226,,20491208,20681225,20510102,20680206,20640219,20590815,20651225
,20540805,,20650501,20540316,20530102,20371106,20661228,20640101,20530526,20381006,20430501,20341211,20480228,20651111,20261002,20550414,20361231,20511101,20520501,20591225,20651111,,,,20591226,20500407,20590316,20641104,,20640101,20500502,,20550419,20571225,20630416,20620209,20610401,20610408,20400402,20520202,20571112,20600419,20600101,20420515,20470412,20520617,20520909,20380121,20510501,20470531,20620102,,20591008,20680420,20481201,20630524,20450407,20540126,20670815,20360825,20491101,20520624,20390503,20621102,20671102,,,20580704,,,,20470715,20590519,20530508,20610223,20680420,20600101,,20540423,20550415,,20560331,20520101,20450926,20520909,20461001,20560501,,20481228,,,,20470101,20561226,20590328,20551228,,,,20350108,20450216,20480211,20501227,,20491224,20681226,20510103,20680420,20640404,20591008,20660101
,20541013,,20650519,20540325,20530127,20371123,20670103,20640102,20530820,20381007,20430511,20350101,20480406,20651126,20261020,20550416,20370101,20511225,20520508,20591231,20651126,,,,20600101,20500408,20590317,20641111,,20640128,20500606,,20550527,20571226,20630521,20620210,20610502,20610411,20400404,20520404,20571225,20600420,20600304,20420604,20470501,20520809,20521003,20380201,20510524,20470711,20620208,,20591208,20680423,20481208,20630604,20450501,20540309,20671101,20361120,20491130,20520701,20390509,20621120,20671115,,,20580902,,,,20470812,20591224,20530515,20610408,20680423,20600416,,20540501,20550416,,20560403,20520419,20450927,20521003,20461002,20560529,,20481231,,,,20470125,20570101,20590331,20560103,,,,20350212,20450217,20480212,20510102,,20500106,,20510123,20680423,20640421,20591225,20660409
,20541130,,20650715,20540501,20530206,20371208,20670126,20640124,20531023,20390103,20430815,20350102,20480413,20651225,20261110,20550429,20370112,20511226,20520705,20600101,20651225,,,,20600126,20500411,20590521,20641127,,20640404,20500801,,20550607,20571231,20630618,20620213,20610503,20610519,20400501,20520419,20571226,20600614,20600305,20420715,20470510,20520924,20521009,20380204,20510529,20470724,20620327,,20591225,20680507,20481224,20630815,20450502,20540327,20671208,20361208,20491208,20520902,20390613,20621212,20680305,,,20581014,,,,20470916,20591225,20530526,20610502,20680425,20600419,,20540528,20550419,,20560522,20520501,20451003,20521009,20461003,20560809,,20490101,,,,20470225,20570420,20590501,20560126,,,,20350223,20450220,20480213,20510220,,20500411,,20510206,20680425,20640501,20591226,20660412
,20541202,,20651029,20540504,20530404,20371225,20670401,20640414,20531024,20390124,20430907,20350222,20480414,20660101,20261124,20550706,20370323,20520101,20520829,20600301,20660101,,,,20600308,20500506,20590522,20641128,,20640407,20501031,,20550617,20580101,20630702,20620419,20610902,20610624,20400518,20520422,20580101,20601021,20600423,20420915,20470523,20521216,20521225,20380205,20510612,20470725,20620427,,20600101,20680528,20481225,20631101,20450515,20540330,20671226,20361224,20491224,20521014,20391104,20621225,20680306,,,20581111,,,,20470923,20591226,20530714,20611103,20680604,20600705,,20540907,20550422,,20560630,20520521,20451009,20521225,20461004,20561106,,20490303,,,,20470226,20570423,20590508,20560331,,,,20350321,20450221,20480214,20510331,,20500519,,20510331,20680604,20640605,20600101,20660520
,20541203,,20651228,20540622,20530407,20380101,20670404,20640501,20531224,20390125,20431002,20350406,20480415,20660118,20261225,20550804,20370402,20520419,20521101,20600302,20660118,,,,20600416,20500519,20590611,20641225,,20640425,20501226,,20551224,20580102,20631112,20620501,20620102,20611206,20400614,20520501,20580412,20601227,20600510,20420916,20470723,20521225,20521231,20380518,20510817,20470916,20620501,,20600102,20680827,20490101,20631225,20450815,20540608,20680106,20361225,20491230,20521111,20400102,20630101,20680420,,,20581128,,,,20471014,20600101,20530815,20611104,20680924,20600706,,20541012,20550527,,20560807,20520716,20451225,20521231,20461005,20561225,,20490423,,,,20470412,20570501,20590519,20560403,,,,20350430,20450227,20480217,20510522,,20500530,,20510403,20681022,20641225,20600106,20660531
,20550224,,20651229,20541028,20530425,20380308,20670425,20640602,20531225,20390126,20431012,20350413,20480501,20660215,20270126,20550825,20370403,20520422,20521224,20600416,20660215,,,,20600419,20500520,20590820,20650101,,20640505,20501227,,20551231,20580412,20631225,20620502,20620206,20611226,20400702,20520506,20580531,20601228,20600511,20420917,20470724,20521226,20530101,20380831,20510831,20470930,20620502,,20600415,20681225,20490302,20631226,20451012,20540925,20680423,20361226,20491231,20521225,20400103,20630205,20680501,,,20581225,,,,20471104,20600415,20531111,20611110,20681225,20600928,,20541102,20550607,,20560808,20520815,20460101,20530101,20461231,20570101,,20490426,,,,20470501,20570531,20590529,20560425,,,,20350503,20450228,20480218,20510703,,20500609,,20510425,20681225,20641231,20600419,20670401
,20550428,,20651230,20541225,20530602,20380309,20670502,20640815,20531226,20390127,20431013,20350416,20480527,20660409,20270219,20550929,20370501,20520501,20521225,20600421,20660409,,,,20600426,20500530,20591130,20650119,,20640609,20501228,,20560331,20580415,20631226,20620904,20620207,20620106,20400921,20520701,20580617,20610103,20600512,20420918,20470725,20530101,20530218,20380916,20510907,20471018,20620815,,20600416,20681226,20490416,20640101,20451101,20541103,20680425,20361230,20500407,20521226,20400104,20630319,20680621,,,20590101,,,,20471231,20600416,20531225,20611128,20681226,20601028,,20541120,20550617,,20560809,20520918,20460205,20530218,20470101,20570205,,20490503,,,,20470613,20570606,20591003,20560612,,,,20350504,20450403,20480228,20510807,,20500815,,20510605,20681226,20650101,20600617,20670404
,20550429,,20660101,20550101,20531027,20380324,20670810,20641201,20540101,20390128,20431031,20350501,20480701,20660531,20270306,20551021,20370518,20520530,20521226,20600617,20660531,,,,20600531,20501226,20591202,20650327,,20640725,20510102,,20560403,20580501,20640101,20630101,20620208,20620324,20401001,20521001,20580801,20610126,20600513,20420919,20470726,20530321,20530219,20381027,20511102,20471021,20621031,,20600629,,20490610,20640404,20451109,20541225,20680501,20361231,20500408,20530101,20400105,20630412,20680907,,,20590120,,,,20480101,20600419,20531226,20611208,,20601117,,20541225,20550802,,20561020,20520919,20460206,20530219,20470125,20570206,,20490506,,,,20470709,20570622,20591224,20560807,,,,20350716,20450404,20480402,20510904,,20501026,,20511023,,20650209,20600622,20670512
,20550704,,20660308,20550106,20531225,20380402,20671003,20641225,20540102,20390404,20431102,20350521,20480727,20660705,20270310,20551104,20370608,20520531,20530101,20600907,20660705,,,,20600614,20510330,20591203,20650525,,20640804,20510317,,20560501,20580523,20640128,20630129,20620209,20620327,20401015,20521030,20580802,20610214,20600519,20421225,20470930,20530404,20530220,20381029,20511116,20471225,20621101,,20600728,,20490617,20640407,20451206,20541228,20680815,20370101,20500621,20530102,20400106,20630413,20681012,,,20590217,,,,20480102,20600517,20540101,20611226,,20601224,,20541231,20551224,,20561225,20520920,20460207,20530220,20470128,20570405,,20490524,,,,20471115,20571224,20591225,20561002,,,,20350917,20450501,20480403,20511009,,20501101,,20511225,,20650210,20600625,20670523
,20550705,,20660309,20550301,20531226,20380422,20671226,20641226,20540327,20390405,20431113,20350720,20480728,20660906,20270322,20560126,20370615,20520610,20530106,20601012,20660906,,,,20600802,20510331,20600101,20650703,,20641225,20510331,,20560511,20580603,20640220,20630130,20620210,20620501,20401225,20521225,20580902,20610314,20600715,20421226,20471225,20530407,20530501,20390105,20511225,20471230,20621225,,20600729,,20491005,20640501,20451208,20550101,20681101,20370102,20500829,20530404,20400223,20630501,20681102,,,20590526,,,,20480103,20600527,20540327,20620102,,20610408,,20550101,20560330,,20561226,20521031,20460301,20530501,20470129,20570420,,20490906,,,,20471120,20571225,20591226,20561225,,,,20350924,20450619,20480501,20511113,,20501208,,20511226,,20650327,20600805,20670801
,20550706,,20660423,20550325,20540101,20380423,20671227,20650101,20540330,20390502,20431119,20350730,20480812,20661011,20270326,20560302,20370629,20520815,20530404,20601102,20661011,,,,20601004,20510403,20600304,20650907,,20641226,20510403,,20560522,20580801,20640404,20630131,20620213,20620504,20401226,20521226,20581111,20610408,20600830,20430101,20471226,20530428,20530505,20390124,20520101,20480101,20621226,,20600830,,20491101,20640515,20451225,20550126,20681225,20370126,20501101,20530519,20400224,20631102,20681115,,,20590704,,,,20480113,20600607,20540330,20620109,,20610411,,20550120,20560331,,20570101,20521101,20460501,20530505,20470130,20570501,,20490922,,,,20471225,20571226,20591231,20561226,,,,20351008,20450925,20480615,20511225,,20501226,,20520101,,20650421,20601008,20671226
,20550725,,20660519,20550416,20540102,20380525,20680102,20650102,20540501,20390527,20431225,20350813,20481013,20661111,20270401,20560329,20370720,20521101,20530407,20601115,20661111,,,,20601227,20510428,20600306,20651111,,20650101,20510501,,20560601,20580905,20640407,20630201,20620419,20620623,20410101,20530101,20581225,20610411,20601029,20430210,20471231,20530501,20530606,20390125,20520201,20480214,20630101,,20601008,,20491201,20640526,20460101,20550308,20681226,20370402,20501130,20530624,20400308,20631119,20681225,,,20590901,,,,20480211,20601224,20540501,20620206,,20610705,,20550301,20560403,,20570305,20521225,20460507,20530606,20470131,20570518,,20491224,,,,20471231,20571231,20600101,20570101,,,,20351123,20451009,20480921,20511226,,20510106,,20520102,,20650501,20601101,20680102
,20551003,,20660715,20550419,20540126,20380621,20680126,20650427,20540518,20391003,20440115,20351015,20481023,20661125,20270407,20560331,20370807,20521111,20530501,20601130,20661125,,,,20601228,20510511,20600509,20651126,,20650126,20510605,,20561003,20581225,20640519,20630202,20620501,20621206,20410201,20530219,20581226,20610412,20610221,20430327,20480101,20530616,20530815,20390126,20520202,20480501,20630102,,20601101,,20491208,20640623,20460322,20550416,,20370403,20501208,20530701,20400309,20631212,,,,20591013,,,,20480224,20610407,20540507,20620207,,20610706,,20550302,20560420,,20570312,20521231,20460606,20530815,20470405,20570613,,20491227,,,,20480101,20580101,20600106,20570126,,,,20351231,20451010,20480922,20520101,,20510403,,20520122,,20650528,20610106,20680420
,20551130,,20660830,20550607,20540206,20380709,20680420,20650501,20540820,20391004,20440126,20351023,20481207,20661224,20270414,20560414,20370817,20521225,20530508,20601231,20661224,,,,20610103,20510512,20600510,20651127,,20650327,20510807,,20561225,20581226,20640616,20630409,20620502,20621225,20410204,20530220,20590101,20610425,20610222,20430410,20480214,20530924,20530925,20390201,20520213,20480527,20630208,,20601208,,20491224,20640815,20460323,20550419,,20370409,20501230,20530901,20400430,20631225,,,,20591111,,,,20480320,20610408,20540508,20620208,,20610928,,20550416,20560501,,20570420,20530101,20460613,20530925,20470501,20570809,,20491228,,,,20480217,20580412,20600416,20570420,,,,20360101,20460101,20481009,20520219,,20510501,,20520206,,20650907,20610411,20680423
,20551202,,20661029,20551028,20540327,20380816,20680423,20650601,20540821,20391005,20440212,20351205,20481210,20670117,20270415,20560417,20371012,20521226,20530829,20610221,20670117,,,,20610126,20510522,20600511,20651225,,20650330,20511030,,20561226,20581231,20640707,20630430,20620904,20621226,20410404,20530221,20590328,20610613,20610223,20430501,20480316,20531216,20530926,20390208,20520501,20480601,20630416,,20610407,,20500222,20641225,20460501,20550426,,20370501,20510330,20531013,20400501,20640101,,,,20591127,,,,20480429,20610411,20540518,20620324,,20611028,,20550421,20560511,,20570423,20530404,20460815,20530926,20470529,20571225,,20491231,,,,20480218,20580415,20600419,20570423,,,,20360102,20460205,20490101,20520419,,20510511,,20520419,,20651012,20610609,20680501
,20560101,,20661220,20560106,20540330,20381011,20680425,20650615,20541023,20391006,20440226,20351210,20481231,20670221,20270419,20560501,20371102,20530101,20530901,20610222,20670221,,,,20610314,20510605,20600531,20660101,,20650504,20511225,,20570101,20590101,20641110,20630501,20630101,20630101,20410419,20530403,20590530,20611020,20610502,20430507,20480403,20531225,20531003,20390406,20520513,20480629,20630427,,20610408,,20500408,20641226,20460502,20550614,,20370511,20510331,20531111,20400509,20640204,,,,20591225,,,,20480504,20610517,20540714,20620501,,20611117,,20550423,20560522,,20570611,20530501,20460914,20531003,20471001,20580101,,20500103,,,,20480403,20580501,20600527,20570425,,,,20360103,20460206,20490128,20520520,,20510522,,20520422,,20651102,20610622,20680531
,20560213,,20670224,20560221,20540427,20381208,20680507,20651130,20541224,20391007,20440330,20351231,20490101,20670530,20270501,20560724,20371116,20530404,20530915,20610408,20670530,,,,20610408,20511225,20600808,20660118,,20650608,20511226,,20570420,20590102,20641225,20630903,20630129,20630413,20410422,20530404,20590616,20611226,20610503,20430601,20480501,20531226,20531009,20390502,20520516,20480713,20630501,,20610629,,20500425,20650101,20460515,20550924,,20370612,20510501,20531225,20400611,20640317,,,,20600101,,,,20480505,20610519,20541111,20621103,,20611226,,20550617,20560807,,20570702,20530521,20460917,20531009,20471002,20580124,,20500303,,,,20480421,20580523,20600607,20570611,,,,20360114,20460207,20490129,20520701,,20510601,,20520425,,20651225,20610805,20680611
,20560416,,20670225,20560407,20540601,20381224,20680815,20651201,20541225,20400102,20440401,20360101,20490217,20670704,20270517,20560815,20371208,20530407,20531117,20610421,20670704,,,,20610411,20511226,20601130,20660409,,20650724,20511227,,20570423,20590328,20641226,20640101,20630130,20630416,20410501,20530407,20590731,20611227,20610519,20430817,20480511,20540101,20531225,20390831,20520530,20480714,20630502,,20610728,,20500609,20650327,20460815,20551102,,20370821,20510612,20531226,20400612,20640403,,,,20600119,,,,20480506,20610530,20541225,20621106,,20620324,,20550907,20561225,,20570806,20530716,20461003,20531225,20471003,20580125,,20500415,,,,20480501,20580606,20600617,20570806,,,,20360211,20460208,20490201,20520805,,20510815,,20520603,,20651231,20610815,20680801
,20560417,,20670519,20560410,20541026,20381231,20681001,20651225,20550101,20400213,20440414,20360212,20490406,20670905,20270520,20560913,20371225,20530501,20531224,20610609,20670905,,,,20610425,20520101,20601202,20660531,,20650803,20520101,,20570501,20590331,20650101,20640218,20630131,20630501,20410507,20530501,20590801,20620102,20610715,20430904,20480514,20540327,20531231,20390916,20520531,20480831,20630625,,20610729,,20500610,20650330,20461012,20551227,,20370831,20510817,20540101,20401105,20640404,,,,20600216,,,,20480720,20611226,20550101,20621110,,20620327,,20551012,20561226,,20570807,20530815,20461009,20531231,20471004,20580326,,20500418,,,,20480604,20580621,20601101,20571001,,,,20360320,20460209,20490202,20520902,,20511026,,20521028,,20660101,20611101,20681225
,20560418,,20670715,20560501,20541225,20390221,20681225,20660101,20550315,20400214,20440415,20360407,20490413,20671010,20270616,20561002,20371231,20530515,20531225,20610907,20671010,,,,20610530,20520418,20601220,20660705,,20651225,20520318,,20570531,20590501,20650126,20640219,20630201,20630524,20410603,20530526,20590901,20620126,20610830,20430907,20480528,20540330,20540101,20391005,20520805,20480916,20630815,,20610830,,20500613,20650501,20461101,20551228,,20371026,20510821,20540102,20410101,20640501,,,,20600531,,,,20480811,20620323,20550416,20621128,,20620501,,20551102,20570101,,20570808,20530918,20461225,20540101,20471007,20580412,,20500502,,,,20480709,20581224,20601224,20571225,,,,20360429,20460228,20490203,20521014,,20511101,,20521225,,20660222,20611226,20681226
,20560622,,20670830,20560529,20541228,20390222,20681226,20660419,20550416,20400215,20440430,20360414,20490414,20671111,20270904,20561017,20380101,20530516,20531226,20611012,20671111,,,,20610613,20520419,20610101,20660906,,20651228,20520419,,20570611,20590508,20650211,20640220,20630202,20630622,20410701,20530620,20591111,20620213,20620213,20430908,20480601,20540427,20540209,20391019,20520826,20481009,20631031,,20611101,,20500815,20650507,20461109,20560103,,20371109,20510828,20540327,20410102,20640916,,,,20600705,,,,20480921,20620324,20550419,20621208,,20620508,,20551115,20570419,,20571022,20530919,20470101,20540209,20471008,20580501,,20500506,,,,20480907,20581225,20601231,20571226,,,,20360505,20460403,20490204,20521111,,20511208,,20521226,,20660223,20620106,
,20560624,,20671208,20560815,20550101,20390324,,20660601,20550419,20400216,20440815,20360415,20490415,20671124,20271002,20561108,20380111,20530526,20540101,20611102,20671124,,,,20610801,20520422,20610221,20661102,,20660101,20520422,,20570621,20590519,20650327,20640221,20630409,20631206,20410911,20530701,20591225,20620313,20620420,20431112,20480713,20540501,20540210,20391020,20520916,20481105,20631101,,20611208,,20501005,20650518,20461206,20560126,,20371130,20511101,20540518,20410103,20641117,,,,20600906,,,,20480922,20620327,20550527,20621225,,20620705,,20551231,20570420,,20571225,20531031,20470125,20540210,20480101,20580507,,20500524,,,,20481012,20581226,20610106,20580101,,,,20360506,20460404,20490205,20521225,,20511225,,20530101,,20660409,20620327,
,20561130,,20671209,20561225,20550104,20390407,,20660607,20550607,20400217,20440825,20360501,20490503,20671226,20271029,20561122,20380322,20530721,20540106,20611115,20671226,,,,20611003,20520517,20610222,20661111,,20660126,20520506,,20571003,20590801,20650330,20640222,20630430,20631224,20411001,20531001,20591226,20620324,20620421,20431203,20480714,20540616,20540501,20391115,20521021,20481218,20631225,,20620323,,20501101,20650623,20461225,20560313,,20371208,20511130,20540624,20410104,20641212,,,,20601011,,,,20481012,20620501,20550607,20630101,,20620706,,20560120,20570423,,20571226,20531208,20470128,20540501,20480213,20580603,,20500906,,,,20481102,20581231,20610408,20580128,,,,20360721,20460501,20490301,20521226,,20511226,,20530102,,20660421,20620501,
,20561202,,20680214,20561226,20550201,20390408,,20661130,20550820,20400404,20440826,20360512,20490517,20680102,20271030,20561225,20380422,20530815,20540327,20611130,20680102,,,,20611226,20520530,20610223,20661125,,20660409,20520603,,20571224,20590911,20650518,20640428,20630501,20631225,20411003,20531020,20600101,20620327,20620501,20431225,20480715,20540810,20540505,20391226,20521104,20481225,20631226,,20620324,,20501201,20651225,20470101,20560331,,20371224,20511208,20540701,20410107,20641225,,,,20601111,,,,20481103,20620504,20550714,20630109,,20620928,,20560214,20570501,,20580101,20531225,20470301,20540505,20480214,20580809,,20500922,,,,20481120,20590101,20610411,20580412,,,,20360811,20460608,20490405,20530101,,20520101,,20530120,,20660610,20620525,
,20561203,,20680215,20570101,20550208,20390525,,20661201,20551101,20400430,20440921,20360701,20490701,20680116,20280126,20570126,20380423,20531111,20540330,20611230,20680116,,,,20611227,20520531,20610430,20661126,,20660412,20520805,,20571225,20591225,20650615,20640429,20630903,20631226,20411225,20531225,20600416,20620328,20620519,20440101,20480817,20540924,20540515,20391227,20521225,20490101,20640101,,20620501,,20501208,20660101,20470107,20560403,,20371225,20511225,20540907,20410108,20650101,,,,20601125,,,,20481123,20620515,20551101,20630226,,20621117,,20560215,20570531,,20580304,20531231,20470306,20540515,20480217,20581115,,20501226,,,,20481225,20590106,20610519,20580415,,,,20360915,20460914,20490406,20530217,,20520422,,20530206,,20660907,20620622,
,20570101,,20680216,20570312,20550416,20390620,,20670124,20551224,20400501,20440930,20360708,20490714,20680220,20280219,20570321,20380607,20531225,20540501,20620206,20680220,,,,20620102,20520605,20610501,20661224,,20660426,20521028,,20571226,20591226,20650706,20640430,20631231,20640101,20411226,20531226,20600528,20620425,20620830,20440211,20481009,20541216,20540603,20400102,20530101,20490201,20640102,,20620629,,20510214,20660409,20470318,20560425,,20371230,20520101,20541012,20410308,20650202,,,,20610117,,,,20481231,20620517,20551111,20630227,,20621225,,20560331,20570611,,20580311,20540101,20470501,20540603,20480218,20581225,,20501227,,,,20481231,20590328,20610530,20580425,,,,20360922,20461010,20490430,20530404,,20520501,,20530404,,20661012,20620815,
,20570201,,20680217,20570427,20550419,20390815,,20670411,20560315,20400614,20441001,20360728,20490728,20680420,20280223,20570406,20380628,20531226,20540508,20620207,20680420,,,,20620126,20520610,20611130,20661231,,20660503,20521225,,20571231,20591231,20651109,20640501,20640101,20640404,20420101,20540101,20600621,20620612,20630101,20440329,20481218,20541225,20540915,20400116,20530203,20490202,20640208,,20620728,,20510331,20660412,20470411,20560612,,20371231,20520201,20541111,20410501,20650316,,,,20610221,,,,20490101,20621225,20560331,20630228,,20621226,,20560421,20570806,,20580412,20540327,20470502,20540915,20480219,20590101,,20501228,,,,20490101,20590331,20610609,20580610,,,,20361013,20461231,20490604,20530519,,20520530,,20530407,,20661102,20621101,
,20570405,,20680423,20570430,20550426,20391010,,20670530,20560331,20400615,20441006,20360812,20490812,20680528,20280327,20570413,20380705,20540101,20540901,20620324,20680528,,,,20620313,20521224,20611203,20670117,,20660614,20521226,,20580101,20600101,20651225,20640502,20640218,20640407,20420122,20540209,20600729,20621026,20630131,20440415,20481225,20550101,20540916,20400130,20530219,20490203,20640407,,20620830,,20510425,20660520,20470412,20560929,,20380101,20520409,20541225,20410502,20650326,,,,20610530,,,,20490111,20621226,20560403,20630413,,20630101,,20560501,20571224,,20580415,20540501,20470506,20540916,20480406,20590212,,20510102,,,,20490125,20590501,20611003,20580805,,,,20361103,20470101,20490910,20530701,,20520610,,20530425,,20661115,20621225,
,20570407,,20680501,20570501,20550607,20391208,,20670601,20560403,20400920,20441020,20361013,20491013,20680704,20280401,20570417,20380720,20540327,20540915,20620421,20680704,,,,20620324,20521225,20620101,20670401,,20660723,20521227,,20580412,20600102,20651228,20640901,20640219,20640501,20420123,20540210,20600730,20621225,20630201,20440512,20481231,20550322,20540917,20400201,20530220,20490517,20640501,,20621101,,20510501,20660531,20470501,20561107,,20380115,20520418,20541228,20410503,20650327,,,,20610704,,,,20490211,20630101,20560501,20630501,,20630413,,20560601,20571225,,20580603,20540521,20470606,20540917,20480501,20590213,,20510303,,,,20490301,20590508,20611101,20581007,,,,20361124,20470125,20491011,20530804,,20520620,,20530602,,20661231,20621226,
,20570611,,20680830,20570618,20551025,20400213,,20670815,20560501,20400921,20441021,20361023,20491025,20680903,20280403,20570420,20380816,20540330,20541117,20620501,20680903,,,,20620327,20521226,20620211,20670530,,20660802,20530101,,20580415,20600416,20660101,20640902,20640220,20640515,20420124,20540211,20600906,20621226,20630202,20440526,20490101,20550416,20541009,20400213,20530501,20490531,20640502,,20621208,,20510601,20660623,20470502,20561225,,20380204,20520419,20550101,20410509,20650501,,,,20610905,,,,20490223,20630412,20560508,20631105,,20630416,,20560907,20571226,,20580701,20540629,20470815,20541009,20480615,20590328,,20510501,,,,20490302,20590606,20611226,20581225,,,,20361231,20470128,20491231,20530901,,20520815,,20531027,,20670214,20630101,
,20570612,,20681029,20570815,20551227,20400214,,20671130,20560522,20401001,20441101,20361205,20491206,20681008,20280407,20570501,20381018,20540501,20541224,20620525,20681008,,,,20620425,20521231,20620212,20670704,,20661227,20530317,,20580501,20600419,20660125,20650101,20640221,20640620,20420403,20540327,20601111,20630101,20630409,20440601,20490202,20550419,20541225,20400214,20530506,20490601,20640625,,20621225,,20510613,20661101,20470515,20561226,,20380409,20520501,20550104,20410510,20650916,,,,20611010,,,,20490429,20630413,20560511,20631128,,20630501,,20561012,20580101,,20580805,20540716,20471003,20541225,20480921,20590501,,20510505,,,,20490416,20590620,20620106,20581226,,,,20370101,20470129,20500119,20531013,,20521101,,20531225,,20670215,20630416,
,20570613,,20681126,20571225,20551228,20400329,,20671201,20561023,20401002,20441108,20361210,20491210,20681112,20280414,20570613,20381101,20540507,20541225,20620907,20681112,,,,20620529,20530101,20620419,20670905,,20661228,20530404,,20580523,20600527,20660224,20650102,20640222,20641224,20420404,20540330,20601227,20630126,20630410,20440624,20490416,20550427,20541231,20400326,20530519,20490618,20640815,,20630101,,20510815,20670401,20470815,20570101,,20380422,20520513,20550416,20410612,20651102,,,,20611111,,,,20490503,20630416,20560522,20631225,,20630508,,20561102,20580411,,20580806,20540918,20471004,20541231,20480922,20590522,,20510508,,,,20490421,20591224,20620324,20590101,,,,20370102,20470130,20500120,20531111,,20521224,,20531226,,20670401,20630501,
,20570703,,20681127,20571226,20560103,20400330,,20671226,20561101,20401003,20441201,20361231,20491231,20681122,20280501,20570713,20381115,20540508,20550101,20621012,20681122,,,,20620612,20530403,20620420,20671111,,20670103,20530407,,20580603,20600607,20660409,20650202,20640428,20641225,20420407,20540501,20601228,20630212,20630411,20440817,20490430,20550616,20550101,20400501,20530520,20490702,20641031,,20630412,,20511005,20670404,20471101,20570126,,20380423,20520530,20550524,20411104,20651116,,,,20611124,,,,20490504,20630501,20560714,20640101,,20630705,,20561115,20580412,,20580807,20541012,20471009,20550101,20481001,20590526,,20510524,,,,20490617,20591225,20620327,20590127,,,,20370112,20470228,20500121,20531225,,20521225,,20540101,,20670421,20630614,
,20570911,,20681128,20580101,20560104,20400402,,20680102,20561225,20401004,20450126,20370101,20500103,20681225,20280506,20570815,20381208,20540518,20550106,20621102,20681225,,,,20620807,20530404,20620510,20671124,,20670126,20530505,,20580613,20600909,20660412,20650203,20640429,20641226,20420501,20540515,20610103,20630312,20630412,20440823,20490517,20550809,20550127,20400525,20530815,20490831,20641225,,20630413,,20511101,20670512,20471206,20570312,,20380830,20520612,20550624,20420101,20651225,,,,20611226,,,,20490505,20630517,20560815,20640109,,20630706,,20561120,20580415,,20581021,20541208,20471225,20550127,20481002,20591104,,20510906,,,,20490709,20591226,20620501,20590328,,,,20370211,20470301,20500124,20531226,,20521226,,20540102,,20670602,20630622,
,20571202,,,20580225,20560131,20400501,,20680124,20561226,20401005,20450131,20370102,20500307,,20280508,20571002,20381231,20540721,20550416,20621115,,,,,20621002,20530407,20620719,20671125,,20670401,20530602,,20581003,20601231,20660517,20650204,20640430,20650101,20420526,20540610,20610408,20630413,20630423,20440824,20490527,20550924,20550128,20400831,20530901,20490908,20641226,,20630501,,20511201,20670523,20471225,20570420,,20381029,20520805,20550701,20420102,20660101,,,,20620102,,,,20490719,20630524,20561101,20640218,,20630928,,20561225,20580425,,20581225,20541225,20480101,20550128,20481005,20591225,,20510922,,,,20490907,20591231,20620504,20590331,,,,20370223,20470404,20500125,20540101,,20530101,,20540119,,20670907,20630625,
,20571203,,,20580325,20560207,20400525,,20680430,20570101,20401231,20450214,20370302,20500406,,20280804,20571029,20390110,20541111,20550419,20621130,,,,,20621225,20530502,20621129,20671226,,20670404,20530804,,20581224,20610408,20660614,20650205,20640501,20650106,20420623,20540701,20610527,20630416,20630501,20440825,20490601,20551216,20550129,20400917,20530916,20490916,20650101,,20630629,,20511208,20670623,20480101,20570423,,20381101,20520821,20550906,20420103,20660201,,,,20620116,,,,20490811,20630604,20561225,20640219,,20631224,,20561229,20580501,,20581226,20541231,20480213,20550129,20481006,20600101,,20511225,,,,20491012,20600101,20620515,20590425,,,,20370320,20470405,20500126,20540216,,20530106,,20540206,,20671012,20630815,
,20580101,,,20580412,20560331,20400620,,20680501,20570315,20410101,20450330,20370406,20500413,,20280814,20571225,20390321,20541225,20550705,20621225,,,,,20621226,20530515,20621130,20680102,,20670425,20531027,,20581225,20610411,20660705,20650206,20640502,20650327,20420701,20540917,20610620,20630417,20630830,20440826,20490628,20551227,20550301,20400924,20531024,20490928,20650102,,20630830,,20511225,20670815,20480106,20570425,,20381130,20520826,20551011,20420106,20660315,,,,20620220,,,,20490920,20631224,20561226,20640220,,20631225,,20570101,20580523,,20590101,20550101,20480214,20550301,20481007,20600202,,20511226,,,,20491102,20600106,20620525,20590609,,,,20370429,20470501,20500228,20540327,,20530407,,20540327,,20671102,20631008,
,20580122,,,20580415,20560403,20400709,,20680601,20570316,20410131,20450401,20370413,20500414,,20280815,20580221,20390407,20550101,20550901,20621229,,,,,20630101,20530516,20621202,20680116,,20670502,20531225,,20581226,20610519,20661115,20650209,20640901,20650330,20420929,20541001,20610728,20630425,20631029,20441031,20490629,20560321,20550504,20401008,20531110,20491025,20650330,,20631008,,20520101,20671101,20480319,20570611,,20381208,20521028,20551111,20420107,20660408,,,,20620529,,,,20490921,20631225,20570101,20640404,,20631226,,20570305,20580603,,20590303,20550416,20480415,20550504,20490101,20600203,,20511227,,,,20491115,20600416,20621003,20590804,,,,20370504,20470529,20500404,20540518,,20530501,,20540330,,20671115,20631101,
,20580325,,,20580501,20560425,20400820,,20680618,20570420,20410201,20450407,20370414,20500415,,20280823,20580326,20390408,20550416,20550915,20630101,,,,,20630126,20530526,20621203,20680420,,20670613,20531226,,20581231,20610530,20661227,20650415,20640902,20650501,20421001,20541009,20610729,20630611,20640101,20441121,20490630,20560331,20550505,20401009,20531225,20491208,20650427,,20631101,,20520305,20671226,20480402,20570928,,20381224,20521101,20551227,20420108,20660409,,,,20620704,,,,20490922,20631226,20570420,20640501,,20640101,,20570306,20580617,,20590310,20550521,20480501,20550505,20490201,20600304,,20520101,,,,20491231,20600419,20621101,20591006,,,,20370505,20471004,20500405,20540701,,20530515,,20540427,,20671230,20631225,
,20580326,,,20580603,20560605,20401015,,20680815,20570423,20410204,20450414,20370415,20500502,,20280927,20580402,20390523,20550419,20551101,20630226,,,,,20630312,20530605,20630101,20680528,,20670722,20531229,,20590101,20610801,20661228,20650430,20650101,20650507,20421022,20541225,20610905,20631025,20640121,20441226,20490701,20560403,20551004,20401225,20540101,20500124,20650501,,20631225,,20520419,20680420,20480403,20571106,,20381230,20521224,20551228,20420310,20660916,,,,20620904,,,,20491011,20640101,20570423,20640701,,20640404,,20570420,20580805,,20590328,20550628,20480505,20551004,20490202,20600416,,20520304,,,,20500125,20600527,20621225,20591225,,,,20370506,20471010,20500502,20540803,,20530526,,20540601,,20680305,20631226,
,20580327,,,20580815,20561023,20401106,,20681130,20570430,20410205,20450420,20370501,20500606,,20281002,20580412,20390613,20550527,20551117,20630227,,,,,20630413,20531224,20630131,20680704,,20670801,20540101,,20590328,20610908,20670103,20650501,20650102,20650619,20421225,20550101,20611111,20631225,20640122,20450130,20490702,20560427,20551005,20410101,20540202,20500125,20650625,,20640101,,20520425,20680423,20480501,20571225,,20381231,20521225,20560103,20420501,20661102,,,,20621009,,,,20491103,20640403,20570501,20641103,,20640407,,20570423,20581224,,20590331,20550716,20480520,20551005,20490203,20600511,,20520419,,,,20500221,20600625,20621226,20591226,,,,20370720,20471011,20500623,20540907,,20530605,,20541026,,20680306,20640101,
,20580601,,,20581028,20561225,20401119,,20681225,20570501,20410206,20450501,20370529,20500701,,20281017,20580501,20390620,20550528,20551224,20630413,,,,,20630416,20531225,20630201,20680903,,20671226,20540317,,20590331,20611226,20670124,20650902,20650202,20651224,20421226,20550128,20611226,20631226,20640328,20450217,20490817,20560501,20551006,20410104,20540209,20500201,20651225,,20640403,,20520501,20680501,20480515,20571226,,20390105,20521230,20560104,20420502,20661115,,,,20621123,,,,20491123,20640404,20570508,20641104,,20640501,,20570501,20581225,,20590519,20550917,20480921,20551006,20490204,20600514,,20520422,,,,20500222,20601224,20630101,20600101,,,,20370811,20480101,20500624,20541012,,20530815,,20541225,,20680420,20640407,
,20580602,,,20581225,20561226,20401225,,20681226,20570611,20410404,20450815,20370701,20500728,,20281019,20580702,20390704,20550607,20560106,20630501,,,,,20630425,20531226,20630408,20681106,,20671227,20540327,,20590501,20620102,20670216,20660101,20650203,20651225,20430101,20550129,20611227,20640101,20640331,20450320,20490908,20560616,20551231,20410118,20540210,20500502,20660101,,20640404,,20520610,20680531,20480604,20580101,,20390124,20521231,20560331,20420509,20661201,,,,20621225,,,,20491231,20640407,20570531,20641105,,20640508,,20570621,20581226,,20590630,20551011,20480922,20551231,20490205,20600809,,20520501,,,,20500408,20601231,20630413,20600126,,,,20370921,20480213,20500930,20541111,,20531208,,20541228,,20680501,20640501,
,20580622,,,20581226,20570101,20410101,,,20570820,20410405,20450914,20370727,20500802,,20281102,20580815,20390720,20550721,20560331,20630614,,,,,20630528,20531231,20630409,20681112,,20680102,20540330,,20590508,20620324,20670401,20660125,20650204,20660101,20430210,20550405,20620102,20640128,20640423,20450407,20490928,20560809,20560214,20410201,20540501,20500505,20660208,,20640501,,20520613,20680611,20481012,20580128,,20390407,20530101,20560522,20420612,20670207,,,,20630101,,,,20500103,20640501,20570611,20641110,,20641028,,20570907,20590101,,20590804,20551101,20480923,20560214,20490405,20610121,,20520506,,,,20500421,20610106,20630416,20600416,,,,20370922,20480214,20501010,20541225,,20531224,,20550101,,20680621,20640605,
,20580831,,,20590101,20570102,20410304,,,20571022,20410501,20451002,20370728,20500812,,20281225,20580823,20390815,20551101,20560403,20630907,,,,,20630611,20540101,20630410,20681122,,20680126,20540504,,20590519,20620327,20670404,20660126,20650205,20660106,20430211,20550416,20620324,20640211,20640501,20450501,20491207,20560925,20560215,20410315,20540511,20500530,20660412,,20640728,,20520620,20680815,20481109,20580311,,20390408,20530219,20560626,20420613,20670321,,,,20630115,,,,20500110,20640515,20570815,20641128,,20641117,,20571012,20590327,,20590805,20551208,20481009,20560215,20490503,20610222,,20520524,,,,20500609,20610408,20630501,20600419,,,,20370923,20480217,20510102,20541228,,20531225,,20550104,,20680907,20640625,
,20581130,,,20590106,20570129,20410305,,,20571023,20410603,20451010,20370812,20501013,,20290126,20581002,20391017,20551111,20560501,20631012,,,,,20630806,20540326,20630430,20681123,,20680420,20540601,,20590529,20620501,20670516,20660127,20650206,20660409,20430212,20550419,20620526,20640310,20640519,20450518,20491224,20561225,20560216,20410501,20540522,20500531,20660427,,20640729,,20520815,20681101,20481208,20580412,,20390829,20530403,20560703,20421103,20670331,,,,20630219,,,,20500211,20640526,20571101,20641208,,20641224,,20571102,20590328,,20590806,20551231,20481225,20560216,20490604,20610408,,20520906,,,,20500907,20610411,20630524,20600426,,,,20371012,20480218,20510208,20550101,,20531226,,20550125,,20681012,20640805,
,20581202,,,20590317,20570206,20410402,,,20571101,20410909,20451019,20371013,20501024,,20290215,20581225,20391107,20560331,20560508,20631102,,,,,20631001,20540327,20630708,20681225,,20680423,20540803,,20591003,20620504,20670613,20660128,20650209,20660412,20430327,20550504,20620619,20640404,20640715,20450531,20491231,20561226,20560301,20410514,20540716,20500607,20660625,,20641008,,20521101,20681225,20481225,20580415,,20391020,20530404,20560904,20421104,20670401,,,,20630528,,,,20500223,20641224,20571225,20641225,,20641225,,20571115,20590331,,20591020,20560331,20490101,20560301,20490913,20610502,,20520923,,,,20501012,20610519,20630604,20600614,,,,20371103,20480228,20510209,20550215,,20540101,,20550208,,20681102,20640815,
,20581203,,,20590325,20570420,20410418,,,20571102,20410910,20451020,20371023,20501205,,20290219,20590312,20391114,20560403,20560705,20631115,,,,,20631225,20540330,20631118,,,20680425,20541026,,20591224,20620515,20670704,20660129,20650415,20660520,20430330,20550531,20620803,20640407,20641029,20450601,20500324,20570101,20560412,20410913,20540805,20500621,20661101,,20641208,,20521224,20681226,20490101,20580425,,20391101,20530409,20561009,20430101,20670916,,,,20630704,,,,20500321,20641225,20571226,20650101,,20641226,,20571120,20590424,,20591225,20560501,20490201,20560412,20491001,20610504,,20521224,,,,20501102,20610606,20630614,20600802,,,,20371123,20480402,20510210,20550416,,20540106,,20550416,,20681115,20641008,
,20590101,,,20590501,20570423,20410419,,,20571224,20411001,20451021,20371207,20501212,,20290301,20590328,20391208,20560501,20560829,20631130,,,,,20631226,20540424,20631202,,,20680507,20541225,,20591225,20620801,20671114,20660405,20650430,20660625,20430406,20550701,20620804,20640408,20650101,20450613,20500408,20570321,20560501,20410916,20540831,20500622,20670208,,20641225,,20521225,,20490106,20580610,,20391130,20530501,20561113,20430102,20671102,,,,20630903,,,,20500429,20641226,20580101,20650109,,20650101,,20571225,20590501,,20591226,20560626,20490202,20560501,20491004,20610809,,20521225,,,,20501115,20610624,20631003,20601004,,,,20371231,20480403,20510213,20550524,,20540330,,20550419,,20681225,20641225,
,20590112,,,20590502,20570425,20410501,,,20571225,20411002,20451025,20371210,20510102,,20290316,20590414,20391230,20560511,20560901,20631225,,,,,20640101,20540507,20631203,,,20680611,20541228,,20591226,20620907,20671226,20660430,20650501,20661206,20430501,20551001,20620904,20640425,20650108,20450814,20500419,20570420,20560505,20410927,20540916,20500829,20670404,,20650101,,20530101,,20490319,20580927,,20391208,20530520,20561225,20430105,20671121,,,,20631008,,,,20500503,20650101,20580412,20650209,,20650327,,20571231,20590508,,20600101,20560815,20490203,20560505,20491005,20611111,,20521226,,,,20501230,20611226,20631101,20601227,,,,20380101,20480501,20510214,20550701,,20540501,,20550426,,20681231,20641226,
,20590315,,,20590505,20570604,20410617,,,20571226,20411003,20451101,20371231,20510227,,20290330,20590421,20400109,20560512,20560915,20631231,,,,,20640128,20540508,20640101,,,20680727,20541229,,20591231,20621225,20671227,20660503,20650902,20661224,20430611,20551006,20621113,20640609,20650109,20450815,20500519,20570423,20560522,20411023,20541014,20500831,20670427,,20650102,,20530218,,20490415,20581105,,20391226,20530612,20561226,20430106,20671212,,,,20631112,,,,20500504,20650326,20580415,20650210,,20650330,,20580101,20590519,,20600301,20560918,20490301,20560522,20491006,20611226,,20521231,,,,20510125,20620106,20631224,20601228,,,,20380111,20480615,20510215,20550802,,20540507,,20550607,,,20650101,
,20590316,,,20590623,20571022,20410620,,,20571231,20411004,20451108,20380101,20510406,,20290402,20590425,20400319,20560522,20561101,20640101,,,,,20640310,20540518,20640120,,,20680806,20550101,,20600101,20621226,20680102,20660902,20660101,20670106,20430701,20551028,20621225,20641023,20650317,20450816,20500601,20570427,20560606,20411204,20541030,20500916,20670502,,20650326,,20530404,,20490416,20581225,,20391230,20530725,20570101,20430107,20680206,,,,20631122,,,,20500505,20650327,20580501,20650211,,20650501,,20580225,20590617,,20600308,20560919,20490505,20560606,20491007,20620102,,20530101,,,,20510213,20620324,20631225,20610103,,,,20380211,20480921,20510227,20550906,,20540518,,20551025,,,20650106,
,20590317,,,20590815,20571225,20410709,,,20580101,20411007,20451109,20380219,20510413,,20290423,20590501,20400329,20560721,20561117,20640218,,,,,20640404,20540605,20640121,,,20681225,20550317,,20600416,20630101,20680123,20660903,20660125,20670401,20430918,20551227,20621226,20641225,20650318,20450817,20500620,20570501,20560815,20411225,20541225,20500919,20670815,,20650327,,20530425,,20490617,20581226,,20400329,20530821,20570102,20430108,20680319,,,,20631225,,,,20500718,20650330,20580508,20650327,,20650508,,20580226,20590804,,20600416,20561009,20490910,20560815,20500103,20620209,,20530303,,,,20510214,20620327,20631226,20610126,,,,20380223,20480922,20510228,20551011,,20540528,,20551227,,,20650330,
,20590521,,,20591028,20571226,20410819,,,20580315,20420101,20451120,20380406,20510414,,20290425,20590523,20400330,20560815,20561225,20640219,,,,,20640407,20541224,20640122,,,20681226,20550416,,20600419,20630102,20680307,20670103,20660126,20670404,20431001,20560215,20630101,20641226,20650319,20451110,20500621,20570809,20560925,20411226,20550101,20501114,20671031,,20650501,,20530501,,20491012,20590101,,20400330,20530825,20570420,20430109,20680419,,,,20640101,,,,20500811,20650501,20580523,20650501,,20650706,,20580412,20591224,,20600419,20561027,20490913,20560925,20500124,20620210,,20530411,,,,20510331,20620501,20631231,20610408,,,,20380429,20481009,20510404,20551111,,20541026,,20551228,,,20650501,
,20590522,,,20591225,20580101,20411014,,,20580412,20420121,20451127,20380413,20510501,,20290426,20590815,20400501,20561101,20561226,20640404,,,,,20640425,20541225,20640327,,,,20550419,,20600527,20630413,20680420,20670214,20660127,20670512,20431012,20560216,20630413,20650101,20650320,20451225,20500622,20570924,20560926,20420101,20550128,20501128,20671101,,20650629,,20530605,,20491101,20590127,,20400409,20531208,20570521,20430223,20680420,,,,20640121,,,,20500919,20650507,20580603,20651103,,20650928,,20580423,20591225,,20600607,20561101,20500124,20560926,20500125,20620324,,20530414,,,,20510421,20620504,20640101,20610411,,,,20380503,20490101,20510405,20551227,,20541208,,20560103,,,20650528,
,20590611,,,20591226,20580102,20411106,,,20580415,20420122,20451225,20380414,20510524,,20290501,20590911,20400514,20561225,20570101,20640421,,,,,20640602,20541231,20640329,,,,20550503,,20600607,20630416,20680423,20670215,20660128,20670624,20431225,20560217,20630525,20650126,20650423,20451226,20500623,20571217,20561003,20420122,20550129,20501226,20671226,,20650728,,20530610,,20491109,20590310,,20400501,20531224,20570625,20430309,20680501,,,,20640218,,,,20500923,20650518,20580815,20651104,,20651028,,20580501,20591226,,20600702,20561208,20500125,20561003,20500126,20620420,,20530501,,,,20510501,20620606,20640404,20610425,,,,20380504,20490201,20510501,20551228,,20541224,,20560104,,,20650622,
,20590820,,,20600101,20580128,20411118,,,20580501,20420123,20460115,20380415,20510724,,20290525,20591002,20400604,20561226,20570420,20640501,,,,,20640609,20550101,20641130,,,,20550607,,20600617,20630501,20680521,20670216,20660129,20671206,20440101,20560331,20630618,20650209,20650501,20460101,20500624,20571225,20561009,20420123,20550201,20510102,20680102,,20650729,,20530613,,20491206,20590328,,20400514,20531225,20570702,20430501,20681102,,,,20640526,,,,20501010,20651224,20581101,20651105,,20651117,,20580613,20600101,,20600802,20561225,20500301,20561009,20500127,20620501,,20530506,,,,20510601,20620623,20640407,20610613,,,,20380505,20490202,20510612,20560103,,20541225,,20560124,,,20650625,
,20591130,,,20600106,20580206,20411225,,,20580603,20420124,20460120,20380503,20510728,,20290725,20591016,20400611,20570101,20570423,20640605,,,,,20640804,20550415,20641202,,,,20550802,,20601224,20630524,20680618,20670217,20660405,20671226,20440201,20560403,20630802,20650309,20650519,20460119,20500817,20571226,20561225,20420204,20550210,20510201,20680208,,20651008,,20530815,,20491208,20590331,,20400612,20531226,20570903,20430504,20681119,,,,20640704,,,,20501103,20651225,20581111,20651110,,20651224,,20581115,20600415,,20600803,20570101,20500505,20561225,20500128,20620523,,20530526,,,,20510907,20621225,20640501,20610801,,,,20380719,20490203,20510613,20560221,,20550101,,20560207,,,20650805,
,20591202,,,20600308,20580412,20420101,,,20580819,20420127,20460126,20380518,20510814,,20290814,20591106,20400702,20570420,20570501,20641225,,,,,20641006,20550416,20641203,,,,20551025,,20601231,20630604,20680702,20670218,20660430,20680106,20440202,20560404,20630803,20650327,20650715,20460206,20501226,20580101,20561229,20420305,20550415,20510213,20680423,,20651208,,20531201,,20500106,20590425,,20400821,20531230,20571008,20430511,20681212,,,,20640901,,,,20501123,20660101,20581225,20651208,,20651225,,20581120,20600416,,20600804,20570420,20500601,20561229,20500404,20620809,,20530908,,,,20511012,20621226,20640515,20611003,,,,20380811,20490204,20510918,20560331,,20550106,,20560331,,,20651008,
,20591203,,,20600325,20580415,20420217,,,20580820,20420404,20460305,20380701,20511013,,20290815,20591119,20400720,20570423,20570508,20641231,,,,,20641225,20550419,20650101,,,,20551227,,20610408,20630801,20681112,20670425,20660503,20680420,20440404,20560501,20630903,20650330,20651029,20460323,20510331,20580321,20570101,20420501,20550428,20510501,20680427,,20651225,,20531208,,20500407,20590609,,20400827,20531231,20571112,20430612,20681225,,,,20641013,,,,20510102,20660408,20581226,20651225,,20660101,,20581225,20600419,,20601022,20570501,20500606,20570101,20500502,20621031,,20530922,,,,20511102,20630101,20640526,20611226,,,,20380920,20490205,20510919,20560522,,20550419,,20560403,,,20651225,
,20600101,,,20600423,20580425,20420218,,,20581023,20420501,20460323,20380716,20511023,,20290911,20591225,20400807,20570501,20570705,20650101,,,,,20641226,20550514,20650108,,,,20551228,,20610411,20630906,20681225,20670502,20660902,20680423,20440415,20560522,20631112,20650331,20651228,20460501,20510412,20580412,20570205,20420505,20550429,20510524,20680501,,20660101,,20531224,,20500408,20590926,,20401008,20540101,20571225,20431104,,,,,20641111,,,,20510103,20660409,20590101,20660101,,20660409,,20581231,20600422,,20601227,20570521,20500815,20570205,20500623,20621225,,20531224,,,,20511115,20630413,20640605,20611227,,,,20380923,20490301,20511009,20560703,,20550527,,20560425,,,20660101,
,20600304,,,20600426,20580603,20420324,,,20581101,20420502,20460402,20380728,20511205,,20291002,20600126,20400820,20570531,20570829,20650209,,,,,20650101,20550527,20650110,,,,20551229,,20610519,20631225,20681226,20670503,20660903,20680501,20440418,20560925,20631225,20650608,20651229,20460503,20510501,20580415,20570206,20420901,20550511,20510529,20680502,,20660408,,20531225,,20500502,20591104,,20401029,20540102,20571226,20440101,,,,,20641127,,,,20510109,20660412,20590328,20660222,,20660412,,20590101,20600527,,20610103,20570702,20500929,20570206,20500624,20630101,,20531225,,,,20511120,20630416,20641003,20620102,,,,20381011,20490405,20511010,20560807,,20550607,,20560605,,,20660106,
,20600306,,,20600614,20581028,20420402,,,20581224,20420623,20460407,20380812,20511211,,20291016,20600301,20401015,20570601,20571101,20650210,,,,,20650126,20550528,20650316,,,,20560103,,20610530,20631226,,20670902,20670103,20680531,20440502,20561002,20631226,20651022,20651230,20460601,20510511,20580501,20570301,20420902,20550705,20510530,20680625,,20660409,,20540101,,20500516,20591225,,20401101,20540326,20580101,20440104,,,,,20641225,,,,20510223,20660517,20590331,20660223,,20660705,,20590120,20600607,,20610307,20570716,20500930,20570301,20500930,20630129,,20531226,,,,20511225,20630501,20641224,20620126,,,,20381103,20490406,20520101,20560904,,20550617,,20561023,,,20660412,
,20600509,,,20601028,20581225,20420403,,,20581225,20421001,20460418,20381013,20520101,,20291105,20600304,20401105,20570611,20571224,20650327,,,,,20650309,20550607,20650317,,,,20560317,,20610609,20631231,,20680102,20670214,20680622,20440505,20561017,20640101,20651225,20660101,20460803,20510526,20580617,20570307,20420916,20550726,20510531,20680815,,20660629,,20540210,,20500609,20591226,,20401130,20540327,20580102,20440105,,,,,20650101,,,,20510321,20660520,20590501,20660224,,20660706,,20590210,20600617,,20610314,20570815,20501003,20570307,20501003,20630130,,20531231,,,,20511229,20630524,20641225,20620324,,,,20381123,20490430,20520129,20561009,,20551026,,20561225,,,20660610,
,20600510,,,20610106,20581226,20420404,,,20581226,20421002,20460501,20381025,20520102,,20291107,20600317,20401112,20570815,20571225,20650421,,,,,20650327,20551224,20650318,,,,20560331,,20611003,20640101,,20680201,20670215,20681206,20440531,20561225,20640404,20651228,20660308,20460806,20510601,20580809,20570501,20420917,20550831,20510612,20681031,,20660728,,20540327,,20500725,20600101,,20401214,20540409,20580412,20440106,,,,,20650119,,,,20510503,20660531,20590508,20660409,,20660928,,20590211,20600802,,20610408,20570917,20510210,20570501,20501004,20630131,,20540101,,,,20520101,20630606,20641226,20620327,,,,20381231,20490604,20520130,20561113,,20551101,,20561226,,,20660622,
,20600511,,,20610221,20590101,20420501,,,20581227,20421003,20460509,20381206,20520214,,20291120,20600409,20401225,20571101,20571226,20650501,,,,,20650330,20551231,20650407,,,,20560403,,20611226,20640102,,20680202,20670216,20681224,20440701,20561226,20640530,20660101,20660309,20460807,20510609,20580924,20570507,20420918,20550916,20510817,20681101,,20660729,,20540501,,20500815,20600126,,20401224,20540501,20580520,20440107,,,,,20650216,,,,20510504,20661224,20590519,20661103,,20661028,,20590328,20601224,,20610411,20570918,20510213,20570507,20501005,20630409,,20540303,,,,20520125,20630622,20641231,20620425,,,,20390103,20490910,20520131,20561225,,20551208,,20570101,,,20660625,
,20600531,,,20610325,20590102,20420616,,,20590101,20421006,20460804,20381210,20520408,,20291225,20600413,20401231,20571225,20580101,20650528,,,,,20650601,20560330,20650616,,,,20560501,,20620324,20640404,,20680203,20670217,20681225,20441006,20570101,20640616,20660126,20660423,20460817,20510612,20581216,20570511,20421111,20551004,20510831,20681225,,20660830,,20540528,,20501012,20600308,,20401225,20540511,20580624,20440108,,,,,20650525,,,,20510505,20670331,20590714,20661104,,20661117,,20590421,20610407,,20610530,20570919,20510301,20570511,20501006,20630413,,20540501,,,,20520304,20631224,20650101,20620612,,,,20390110,20491011,20520201,20561226,,20551224,,20570102,,,20660805,
,20600808,,,20610408,20590127,20420620,,,20590328,20421007,20460815,20381231,20520415,,20300205,20600414,20410101,20571226,20580412,20650907,,,,,20650608,20560331,20651027,,,,20560605,,20620327,20640407,,20680206,20670218,20681226,20441226,20570205,20640731,20660208,20660519,20461010,20510613,20581225,20570606,20421124,20551019,20510907,20681226,,20661008,,20540610,,20501101,20600416,,20401231,20540612,20580701,20440222,,,,,20650907,,,,20510717,20670401,20590815,20661105,,20661224,,20590423,20610408,,20610701,20571015,20510501,20570606,20501007,20630501,,20540504,,,,20520305,20631225,20650106,20620807,,,,20390211,20491231,20520202,20570101,,20560106,,20570122,,,20661008,
,20601130,,,20610411,20590206,20420709,,,20590331,20430101,20460903,20390103,20520416,,20300219,20600416,20410107,20580101,20580415,20651012,,,,,20650803,20560403,20651130,,,,20560807,,20620501,20640501,,20680207,20670425,,20441227,20570206,20640801,20660308,20660715,20461031,20510817,20581226,20570815,20421215,20560201,20511102,,,20661101,,20541005,,20501109,20600419,,20410101,20540715,20580902,20440223,,,,,20651012,,,,20510811,20670404,20591111,20661110,,20670401,,20590501,20610411,,20610801,20571101,20510505,20570815,20510102,20630809,,20540506,,,,20520419,20631226,20650327,20621002,,,,20390223,20500121,20520205,20570219,,20560403,,20570206,,,20661101,
,20601202,,,20610530,20590328,20420818,,,20590501,20430102,20460929,20390208,20520501,,20300302,20600511,20410325,20580412,20580501,20651102,,,,,20651005,20560428,20651202,,,,20561030,,20620504,20640515,,20680411,20670502,,20450102,20570207,20640901,20660409,20660830,20461224,20510907,20590101,20570912,20421225,20560202,20511116,,,20661208,,20541201,,20501206,20600426,,20410201,20540821,20581014,20440307,,,,,20651111,,,,20510918,20670512,20591225,20661129,,20670404,,20590529,20610421,,20610802,20571102,20510517,20570912,20510210,20631022,,20540525,,,,20520501,20631231,20650330,20621225,,,,20390321,20500124,20520228,20570420,,20560501,,20570420,,,20670106,
,20601220,,,20610815,20590331,20421013,,,20590502,20430209,20461002,20390406,20520513,,20300320,20600610,20410418,20580415,20580508,20651130,,,,,20651225,20560511,20651203,,,,20561225,,20620515,20640526,,20680430,20670503,,20450217,20570404,20641111,20660412,20661029,20461225,20511116,20590321,20570913,20430101,20560215,20511225,,,20670331,,20541208,,20501208,20600614,,20410409,20540831,20581111,20440308,,,,,20651126,,,,20511009,20670517,20591226,20661208,,20670705,,20591120,20610519,,20610803,20571225,20510606,20570913,20510213,20631225,,20540907,,,,20520620,20640101,20650501,20621226,,,,20390429,20500125,20520404,20570521,,20560511,,20570423,,,20670404,
,20610101,,,20611028,20590425,20421106,,,20590519,20430210,20461008,20390413,20520701,,20300401,20601004,20410419,20580501,20580705,20651225,,,,,20651228,20560512,20651228,,,,20561226,,20620525,20640801,,20680501,20670902,,20450220,20570420,20641225,20660413,20661220,20470101,20511225,20590328,20570914,20430126,20560216,20520101,,,20670401,,20541224,,20510106,20600924,,20410418,20541130,20581225,20440502,,,,,20651225,,,,20511103,20670523,20600101,20670214,,20670706,,20591225,20610530,,20611021,20571231,20510815,20570914,20510214,20640101,,20540922,,,,20520709,20640404,20650507,20630101,,,,20390503,20500126,20520405,20570702,,20560522,,20570425,,,20670602,
,20610221,,,20611226,20590602,20421124,,,20590820,20430211,20461009,20390414,20520711,,20300403,20601025,20410501,20580523,20580829,20651231,,,,,20660101,20560522,20651229,,,,20561227,,20621003,20640911,,20680903,20680102,,20450404,20570423,20641226,20660614,20670224,20470109,20511226,20590331,20571003,20430202,20560403,20520201,,,20670629,,20541225,,20510320,20601102,,20410419,20541208,20581226,20440503,,,,,20660101,,,,20511123,20671226,20600416,20670215,,20670928,,20591231,20610617,,20611226,20580101,20510918,20571003,20510215,20640121,,20541224,,,,20521115,20640407,20650518,20630126,,,,20390504,20500228,20520501,20570806,,20560601,,20570604,,,20670622,
,20610222,,,20620106,20591027,20421208,,,20591023,20430212,20461011,20390415,20520729,,20300412,20601108,20410603,20580524,20581101,20660101,,,,,20660126,20560605,20651230,,,,20570101,,20621225,20641225,,,20680201,,20450407,20570501,20650101,20661021,20670225,20470327,20520101,20590428,20571009,20430210,20560417,20520202,,,20670728,,20550101,,20510330,20601227,,20410501,20541224,20590101,20440509,,,,,20660118,,,,20520101,20680419,20600419,20670216,,20671028,,20600101,20610801,,20611227,20580412,20510919,20571009,20510216,20640218,,20541225,,,,20521120,20640501,20650528,20630413,,,,20390505,20500404,20520531,20570903,,20560815,,20571022,,,20670805,
,20610223,,,20620313,20591225,20421225,,,20591024,20430213,20461030,20390502,20520812,,20300416,20610126,20410624,20580603,20581224,20660222,,,,,20660308,20561225,20660306,,,,20570319,,20621226,20641226,,,20680202,,20450410,20570511,20650327,20661227,20670519,20470412,20520201,20590501,20571225,20430211,20560418,20520501,,,20670729,,20550302,,20510331,20601228,,20410612,20541225,20590102,20440613,,,,,20660215,,,,20520102,20680420,20600527,20670401,,20671117,,20600120,20611226,,20620102,20580501,20510920,20571225,20510405,20640219,,20541228,,,,20521225,20640515,20651224,20630416,,,,20390718,20500405,20520906,20571008,,20561026,,20571225,,,20670815,
,20610430,,,20620428,20591226,20421226,,,20591224,20430406,20461101,20390509,20521014,,20300419,20610218,20410701,20580815,20581225,20660223,,,,,20660409,20561226,20660307,,,,20570420,,20630101,20641231,,,20680203,,20450501,20570606,20650529,20661228,20670715,20470501,20520329,20590616,20571231,20430223,20560501,20520513,,,20670830,,20550416,,20510501,20610103,,20410821,20541230,20590328,20441104,,,,,20660531,,,,20520103,20680423,20600607,20670502,,20671226,,20600301,20620323,,20620306,20580521,20511003,20571231,20510501,20640328,,20541231,,,,20521231,20640606,20651225,20630425,,,,20390811,20500502,20521010,20571112,,20561101,,20571226,,,20671101,
,20610501,,,20620501,20600101,20430101,,,20591225,20430501,20461109,20390701,20521023,,20300501,20610222,20410807,20581101,20581226,20660409,,,,,20660412,20570101,20660327,,,,20570423,,20630413,20650101,,,20680206,,20450524,20570702,20650615,20670103,20670830,20470510,20520401,20590924,20580101,20430501,20560529,20520516,,,20671101,,20550610,,20510502,20610126,,20410826,20541231,20590519,20450102,,,,,20660705,,,,20520108,20680501,20600714,20671103,,20680420,,20600302,20620324,,20620313,20580716,20511009,20580101,20510612,20640404,,20550101,,,,20530101,20640620,20651231,20630611,,,,20390919,20500623,20521011,20571225,,20561208,,20580101,,,20671226,
,20611130,,,20620619,20600102,20430209,,,20591226,20430611,20461116,20390705,20521205,,20300514,20610329,20410819,20581111,20590101,20660421,,,,,20660426,20570419,20660605,,,,20570507,,20630416,20650102,,,20680207,,20450619,20570914,20650730,20670126,20671208,20470523,20520419,20591216,20580123,20430831,20560714,20520530,,,20671208,,20550617,,20510515,20610314,,20410927,20550101,20590624,20450103,,,,,20660906,,,,20520212,20680517,20601101,20671104,,20680423,,20600416,20620327,,20620324,20580815,20511225,20580123,20510613,20640501,,20550303,,,,20530217,20641224,20660101,20630806,,,,20390923,20500624,20530101,20571226,,20561225,,20580102,,,20680106,
,20611203,,,20620815,20600126,20430210,,,20600101,20430612,20461225,20390728,20521210,,20300517,20610408,20411014,20581225,20590106,20660610,,,,,20660531,20570420,20661017,,,,20570604,,20630501,20650327,,,20680411,,20450926,20571001,20650731,20670214,20671209,20470723,20520501,20591225,20580124,20430907,20560831,20520531,,,20680419,,20551005,,20510815,20610408,,20411101,20550128,20590701,20450104,,,,,20661011,,,,20520223,20680531,20601111,20671110,,20680501,,20600421,20620420,,20620327,20580918,20520101,20580124,20510918,20640530,,20550416,,,,20530218,20641225,20660106,20631001,,,,20391010,20500930,20530213,20580101,,20561226,,20580121,,,20680423,
,20620101,,,20621225,20600206,20430324,,,20600102,20430917,20470109,20390812,20521231,,20300814,20610414,20411104,20581226,20590328,20660907,,,,,20660614,20570423,20661130,,,,20570806,,20630524,20650330,,,20680430,,20451002,20571225,20650907,20670314,20680214,20470724,20520514,20591226,20580125,20430916,20560922,20520603,,,20680420,,20551101,,20511012,20610411,,20411204,20550409,20590901,20450105,,,,,20661111,,,,20520320,20680611,20610408,20671128,,20680508,,20600423,20620501,,20620515,20580919,20520131,20580125,20510919,20641225,,20550419,,,,20530404,20641226,20660409,20631225,,,,20391103,20501010,20530214,20580218,,20570101,,20580206,,,20680501,
,20620211,,,20621226,20600416,20430326,,,20600315,20430918,20470115,20391013,20530101,,20300815,20610530,20411111,20590101,20590331,20661012,,,,,20660802,20570518,20661202,,,,20571029,,20630604,20650501,,,20680501,,20451018,20571226,20651111,20670401,20680215,20470725,20520527,20600101,20580301,20431112,20561106,20520805,,,20680501,,20551201,,20511101,20610425,,20411224,20550415,20591013,20450106,,,,,20661125,,,,20520429,20681224,20610411,20671208,,20680705,,20600617,20620504,,20620630,20580920,20520201,20580301,20511002,20650101,,20550503,,,,20530421,20641231,20660412,20631226,,,,20391123,20510102,20530217,20580412,,20570423,,20580412,,,20680621,
,20620212,,,20630101,20600419,20430327,,,20600416,20431001,20470222,20391024,20530304,,20301002,20610815,20411225,20590328,20590501,20661102,,,,,20661004,20570531,20661218,,,,20571225,,20630614,20650507,,,20680903,,20451225,20580101,20651225,20670404,20680216,20470726,20520528,20600322,20580430,20431203,20561225,20520826,,,20680629,,20551208,,20511109,20610613,,20411225,20550416,20591111,20450223,,,,,20670117,,,,20520503,20681225,20610519,20671226,,20680706,,20600907,20620515,,20620807,20581031,20520202,20580430,20511003,20650108,,20550506,,,,20530501,20650101,20660520,20640101,,,,20400102,20510210,20530218,20580520,,20570501,,20580415,,,20680622,
,20620419,,,20630305,20600426,20430402,,,20600419,20431002,20470327,20391205,20530407,,20301225,20620126,20411231,20590331,20590508,20661115,,,,,20661227,20570601,20661219,,,,20571226,,20631003,20650518,,,20681231,,20451226,20580124,20651228,20670405,20680217,20470930,20520529,20600416,20580501,20431225,20570101,20520916,,,20680830,,20551224,,20511206,20610923,,20411230,20550429,20591225,20450224,,,,,20670221,,,,20520506,20681226,20610530,20680102,,20680928,,20601012,20620807,,20620808,20581101,20520301,20580501,20511004,20650205,,20550524,,,,20530605,20650106,20660531,20640128,,,,20400103,20510213,20530219,20580701,,20570531,,20580425,,,20680625,
,20620420,,,20630420,20600607,20430501,,,20600607,20431005,20470401,20391212,20530414,,20310219,20620309,20420101,20590501,20590829,20661130,,,,,20661228,20570605,20661220,,,,20571227,,20631224,20650910,,,,,20460101,20580125,20660101,20670425,20680423,20471225,20520530,20600419,20580506,20440101,20570122,20521021,,,20681008,,20560215,,20511208,20611101,,20411231,20550510,20591226,20450308,,,,,20670530,,,,20520715,,20610714,20680109,,20681224,,20601102,20621225,,20620809,20581225,20520306,20580506,20511005,20650206,,20550906,,,,20530709,20650327,20660610,20640404,,,,20400109,20510214,20530220,20580805,,20570611,,20580603,,,20680815,
,20620510,,,20630423,20601025,20430525,,,20600820,20431006,20470408,20400102,20530415,,20310220,20620324,20420106,20590508,20590901,20661231,,,,,20670103,20570611,20670101,,,,20580101,,20631225,20651225,,,,,20460206,20580404,20660409,20670613,20680501,20471226,20520531,20600427,20580606,20440201,20570201,20521104,,,20681101,,20560331,,20511225,20611226,,20420101,20550705,20600101,20450501,,,,,20670704,,,,20520812,,20610815,20680305,,20681225,,20601115,20621226,,20621020,20581231,20520410,20580606,20511006,20650317,,20550922,,,,20531120,20650330,20661101,20640407,,,,20400223,20510215,20530221,20580902,,20570621,,20581028,,,20681008,
,20620719,,,20630501,20601227,20430615,,,20601101,20431007,20470412,20400227,20530501,,20310324,20620414,20420324,20590509,20590915,20670214,,,,,20670126,20571224,20670223,,,,20580318,,20631226,20651231,,,,,20460207,20580412,20660528,20671020,20680830,20480101,20520805,20600616,20580612,20440202,20570205,20521225,,,20681225,,20560425,,20520101,20611227,,20420122,20550830,20600102,20450508,,,,,20670905,,,,20520916,,20611101,20680306,,20681226,,20601231,20630101,,20621225,20590101,20520501,20580612,20520101,20650327,,20551224,,,,20531225,20650501,20661224,20640425,,,,20400320,20510227,20530228,20581014,,20570815,,20581225,,,20681101,
,20621129,,,20630611,20601228,20430709,,,20601224,20440101,20470501,20400406,20530602,,20310401,20620417,20420403,20590519,20591117,20670215,,,,,20670314,20571225,20670224,,,,20580412,,20631231,20660101,,,,,20460208,20580415,20660621,20671226,20681029,20480214,20520826,20600809,20580815,20440211,20570206,20530101,,,,,20560501,,20520318,20620102,,20420403,20551025,20600416,20450509,,,,,20671010,,,,20520923,,20611111,20680307,,,,20610120,20630412,,20621226,20590328,20520506,20580815,20520131,20650501,,20551227,,,,20531231,20650507,20661231,20640609,,,,20400430,20510228,20530403,20581111,,20571026,,20581226,,,20681225,
,20621130,,,20630815,20610103,20430817,,,20610314,20440129,20470725,20400413,20530701,,20310402,20620421,20420404,20590721,20591224,20670401,,,,,20670401,20571226,20670316,,,,20580415,,20640101,20660409,,,,,20460323,20580430,20660729,20671227,20681126,20480316,20521104,20600924,20581001,20440212,20570323,20530219,,,,,20560601,,20520418,20620126,,20420404,20551101,20600524,20450612,,,,,20671111,,,,20521014,,20611226,20680420,,,,20610221,20630413,,20630101,20590501,20520507,20581001,20520201,20650519,,20551228,,,,20540101,20650619,20670106,20640804,,,,20400503,20510404,20530404,20581225,,20571101,,20590101,,,20681226,
,20621202,,,20631225,20610104,20431012,,,20610315,20440201,20470815,20400416,20530728,,20310403,20620501,20420501,20590815,20591225,20670421,,,,,20670404,20571231,20670525,,,,20580506,,20640404,20660412,,,,,20460326,20580501,20660730,20680102,20681127,20480403,20521225,20601216,20581002,20440502,20570405,20530220,,,,,20560613,,20520419,20620313,,20420409,20551130,20600624,20451106,,,,,20671124,,,,20521104,,20620324,20680501,,,,20610222,20630416,,20630305,20590521,20520606,20581002,20520202,20650810,,20551231,,,,20540209,20651224,20670401,20641006,,,,20400504,20510405,20530501,20581226,,20571224,,20590102,,,,
,20621203,,,20631226,20610131,20431106,,,20610408,20440202,20470919,20400501,20530730,,20310405,20620815,20420519,20591111,20591226,20670602,,,,,20670425,20580101,20671006,,,,20580603,,20640407,20660520,,,,,20460404,20580625,20660906,20680126,20681128,20480501,20521226,20601227,20581003,20440512,20570406,20530501,,,,,20560815,,20520501,20620324,,20420501,20551208,20600701,20460101,,,,,20671226,,,,20521231,,20620327,20681105,,,,20610408,20630419,,20630312,20590716,20520815,20581003,20520205,20651028,,20560103,,,,20540210,20651225,20670404,20641225,,,,20400716,20510501,20530620,20590101,,20571225,,20590120,,,,
,20630101,,,20640101,20610207,20431123,,,20610411,20440203,20470927,20400525,20530812,,20310411,20620906,20420609,20591225,20600101,20670907,,,,,20670530,20580411,20671130,,,,20580805,,20640501,20660531,,,,,20460501,20580701,20661111,20680213,,20480511,20521231,20610321,20581004,20440811,20570501,20530506,,,,,20561005,,20520502,20620327,,20420612,20551224,20600906,20460102,,,,,20680102,,,,20530101,,20620501,20681128,,,,20610421,20630501,,20630413,20590815,20520906,20581004,20520206,20651225,,20560303,,,,20540327,20651231,20670512,20641226,,,,20400917,20510612,20530926,20590217,,20571226,,20590206,,,,
,20630131,,,20640225,20610408,20431208,,,20610530,20440204,20471001,20400723,20531013,,20310414,20621002,20420616,20591226,20600106,20671012,,,,,20670613,20580412,20671203,,,,20581028,,20640515,20660909,,,,,20460514,20581001,20661227,20680312,,20480514,20530101,20610408,20581009,20440824,20570518,20530519,,,,,20561101,,20520515,20620425,,20420821,20551230,20601011,20460103,,,,,20680116,,,,20530102,,20620504,20681225,,,,20610609,20630524,,20630416,20590918,20520909,20581009,20520404,20651229,,20560407,,,,20540421,20660101,20670523,20650101,,,,20401008,20510613,20531010,20590328,,20580101,,20590328,,,,
,20630201,,,20640325,20610411,20431225,,,20611031,20440404,20471002,20400730,20531023,,20310501,20621012,20420630,20600101,20600416,20671102,,,,,20670801,20580415,20671208,,,,20581225,,20640526,20661231,,,,,20460608,20581003,20661228,20680420,,20480528,20530219,20610411,20581225,20440825,20570613,20530520,,,,,20561201,,20520815,20620612,,20420825,20551231,20601111,20460104,,,,,20680220,,,,20530103,,20620508,,,,,20610907,20630604,,20630604,20590919,20521003,20581225,20520405,20660101,,20560410,,,,20540501,20660106,20670602,20650126,,,,20401123,20510918,20540101,20590519,,20580415,,20590331,,,,
,20630408,,,20640411,20610425,20440101,,,20611101,20440502,20471003,20400813,20531205,,20310503,20621102,20420807,20600416,20600419,20671115,,,,,20671003,20580510,20671210,,,,20581226,,20640605,20670401,,,,,20460702,20581025,20670103,20680423,,20480601,20530318,20610427,20581231,20440831,20570703,20530530,,,,,20561208,,20521101,20620929,,20420916,20560215,20601227,20460105,,,,,20680528,,,,20530113,,20620515,,,,,20611012,20630806,,20630702,20591031,20521009,20581231,20520501,20660126,,20560501,,,,20540528,20660409,20671003,20650327,,,,20401231,20510919,20540102,20590701,,20580501,,20590425,,,,
,20630409,,,20640414,20610606,20440229,,,20611226,20440530,20471018,20401015,20531210,,20310507,20621116,20420818,20600419,20600705,20671130,,,,,20671226,20580523,20680101,,,,20581227,,20641003,20670404,,,,,20461001,20581225,20670401,20680424,,20480713,20530320,20610502,20590101,20440916,20570831,20530815,,,,,20561225,,20521206,20621107,,20421124,20560330,20601228,20460108,,,,,20680704,,,,20530211,,20620714,,,,,20611102,20631224,,20630806,20591208,20521225,20590101,20520603,20660127,,20560508,,,,20540709,20660412,20671101,20650330,,,,20410101,20511009,20540204,20590804,,20580523,,20590602,,,,
,20630410,,,20640501,20611024,20440301,,,20620315,20440531,20471019,20401023,20531231,,20310703,20621225,20421013,20600527,20600901,20671230,,,,,20671227,20580524,20680212,,,,20590101,,20641224,20670512,,,,,20461008,20581226,20670527,20680425,,20480714,20530404,20610616,20590211,20441020,20570911,20530901,,,,,20570101,,20521225,20621225,,20421208,20560331,20610103,20460223,,,,,20680903,,,,20530224,,20620815,,,,,20611115,20631225,,20630807,20591225,20530101,20590211,20520909,20660308,,20560524,,,,20540907,20660520,20671226,20650608,,,,20410102,20511010,20540205,20590901,,20580603,,20591027,,,,
,20630430,,,20640602,20611226,20440324,,,20620324,20441003,20471030,20401205,20540101,,20310814,20630126,20421103,20600528,20600915,20680305,,,,,20680102,20580603,20680213,,,,20590317,,20641225,20670523,,,,,20461225,20590101,20670620,20680611,,20480715,20530501,20610809,20590212,20441031,20570917,20530916,,,,,20570306,,20530101,20621226,,20421224,20560417,20610104,20460308,,,,,20681008,,,,20530320,,20621101,,,,,20611230,20631226,,20630808,20591231,20530218,20590212,20521001,20660409,,20560906,,,,20541012,20660625,20680106,20650803,,,,20410103,20520101,20540206,20591013,,20580613,,20591225,,,,
,20630708,,,20640815,20611227,20440414,,,20620327,20441004,20471101,20401210,20540102,,20310815,20630201,20421117,20600607,20601101,20680306,,,,,20680126,20580605,20680214,,,,20590328,,20641226,20670801,,,,,20461226,20590212,20670728,20681025,,20480817,20530515,20611216,20590213,20441121,20571225,20531024,,,,,20570420,,20530106,20630101,,20421225,20560501,20610408,20460309,,,,,20681112,,,,20530429,,20621225,,,,,20620120,20640101,,20631022,20600101,20530219,20590213,20521002,20660809,,20560922,,,,20541102,20661224,20680420,20651005,,,,20410114,20520131,20540209,20591111,,20580815,,20591226,,,,
,20631118,,,20641028,20620102,20440415,,,20620501,20441005,20471105,20401231,20540223,,20310920,20630226,20421208,20600721,20601117,20680420,,,,,20680312,20581224,20680305,,,,20590331,,20641231,20670908,,,,,20470101,20590213,20670729,20681225,,20481009,20530519,20611226,20590501,20441226,20580101,20531110,,,,,20570425,,20530403,20630126,,20421226,20560612,20610523,20460430,,,,,20681122,,,,20530505,,20621226,,,,,20620206,20640403,,20631225,20600416,20530220,20590501,20521003,20661018,,20561225,,,,20541120,20661231,20680423,20651225,,,,20410211,20520201,20540210,20591225,,20581101,,20600101,,,,
,20631202,,,20641225,20620103,20440525,,,20620515,20441006,20471225,20410101,20540406,,20311002,20630315,20421225,20601101,20601224,20680501,,,,,20680420,20581225,20680514,,,,20590505,,20650101,20671226,,,,,20470128,20590214,20670905,20681226,,20481218,20530520,20620102,20590505,20450102,20580124,20531225,,,,,20570501,,20530404,20630312,,20421230,20560623,20610624,20460501,,,,,20681225,,,,20530506,,20630101,,,,,20620207,20640404,,20631226,20600521,20530501,20590505,20521004,20670214,,20561226,,,,20541225,20670106,20680501,20651228,,,,20410320,20520202,20540211,20591226,,20581224,,20600102,,,,
,20631203,,,20641226,20620130,20440620,,,20621023,20441007,20480115,20410215,20540413,,20311114,20630410,20421231,20601111,20610106,20680621,,,,,20680423,20581226,20680924,,,,20590602,,20650327,20680102,,,,,20470129,20590328,20671111,,,20481225,20530521,20620321,20590519,20450131,20580125,20540101,,,,,20570613,,20530501,20630413,,20421231,20560821,20610701,20460509,,,,,,,,,20530721,,20630413,,,,,20620324,20640407,,20640101,20600628,20530505,20590519,20521007,20670215,,20561227,,,,20541231,20670401,20680531,20660101,,,,20410429,20520205,20540227,20600101,,20581225,,20600119,,,,
,20640101,,,20650101,20620206,20440815,,,20621101,20450102,20480212,20410408,20540414,,20311115,20630411,20430101,20610408,20610408,20680907,,,,,20680425,20581231,20681126,,,,20590804,,20650330,20680420,,,,,20470405,20590331,20671226,,,20490101,20530522,20620324,20590606,20450201,20580201,20540202,,,,,20570621,,20530502,20630416,,20430101,20560828,20610905,20460611,,,,,,,,,20530811,,20630416,,,,,20620421,20640424,,20640303,20600716,20530606,20590606,20530101,20670224,,20570101,,,,20550101,20670404,20680611,20660126,,,,20410503,20520228,20540402,20600216,,20581226,,20600206,,,,
,20640120,,,20650106,20620324,20441010,,,20621225,20450216,20480401,20410415,20540415,,20311128,20630413,20430112,20610411,20610411,20681012,,,,,20680528,20590101,20681127,,,,20591027,,20650501,20680423,,,,,20470412,20590501,20671227,,,20490202,20530523,20620327,20590815,20450202,20580207,20540209,,,,,20570815,,20530515,20630425,,20430102,20561101,20611010,20460612,,,,,,,,,20530915,,20630501,,,,,20620501,20640501,,20640310,20600917,20530815,20590815,20530218,20670401,,20570305,,,,20550125,20670512,20680621,20660409,,,,20410506,20520404,20540403,20600416,,20590101,,20600416,,,,
,20640121,,,20650309,20620327,20441208,,,20621226,20450217,20480403,20410416,20540501,,20311225,20630501,20430323,20610519,20610705,20681102,,,,,20680611,20590327,20681128,,,,20591225,,20650507,20680501,,,,,20470415,20590519,20680102,,,20490416,20530815,20620427,20590922,20450217,20580312,20540210,,,,,20571005,,20530725,20630611,,20430210,20561130,20611111,20461105,,,,,,,,,20530922,,20630508,,,,,20620525,20640515,,20640404,20601011,20530925,20590922,20530219,20670502,,20570427,,,,20550301,20670606,20681003,20660412,,,,20410715,20520405,20540501,20600524,,20590106,,20600419,,,,
,20640122,,,20650325,20620425,20450220,,,20630101,20450220,20480414,20410501,20540521,,20320115,20630509,20430326,20610520,20610829,20681115,,,,,20680806,20590328,20681202,,,,20591226,,20650518,20680531,,,,,20470501,20590701,20680420,,,20490430,20531024,20620501,20590923,20450501,20580326,20540501,,,,,20571101,,20530815,20630928,,20430326,20561208,20611226,20470101,,,,,,,,,20531013,,20630524,,,,,20620907,20640526,,20640407,20601101,20530926,20590923,20530220,20670527,,20570430,,,,20550302,20670624,20681101,20660426,,,,20410812,20520501,20540610,20600701,,20590331,,20600426,,,,
,20640327,,,20650424,20620605,20450221,,,20630315,20450221,20480501,20410514,20540701,,20320126,20630815,20430327,20610530,20610901,20681130,,,,,20681001,20590331,20681203,,,,20591229,,20650528,20680611,,,,,20470502,20590922,20680525,,,20490517,20531225,20620616,20591003,20450502,20580327,20540511,,,,,20571224,,20531110,20631106,,20430327,20561225,20611227,20470102,,,,,,,,,20531103,,20630604,,,,,20621012,20640617,,20640526,20601208,20531003,20591003,20530221,20670809,,20570501,,,,20550416,20671226,20681224,20660614,,,,20410916,20520531,20540916,20600802,,20590501,,20600607,,,,
,20640329,,,20650427,20621023,20450324,,,20630316,20450222,20480516,20410701,20540720,,20320219,20630827,20430501,20610721,20610915,20681225,,,,,20681225,20590425,,,,,20600101,,20651224,20680801,,,,,20470529,20591001,20680618,,,20490527,20531226,20620809,20591009,20450801,20580501,20540522,,,,,20571225,,20531208,20631225,,20430409,20570101,20620102,20470103,,,,,,,,,20531124,,20630815,,,,,20621102,20640804,,20640630,20601231,20531009,20591009,20530224,20671107,,20570507,,,,20550421,20680106,20681225,20660802,,,,20410923,20520906,20541009,20600906,,20590508,,20601025,,,,
,20641130,,,20650501,20621225,20450406,,,20630413,20450403,20480713,20410715,20540728,,20320310,20631001,20430511,20610815,20611101,20681231,,,,,20681226,20590508,,,,,20600317,,20651225,20680906,,,,,20470701,20591014,20680802,,,20490601,20531231,20620925,20591225,20450814,20580507,20540601,,,,,20580101,,20531225,20631226,,20430501,20570406,20620103,20470104,,,,,,,,,20531231,,20631101,,,,,20621115,20641224,,20640804,20610408,20531225,20591225,20530404,20671208,,20570524,,,,20550617,20680420,20681226,20661004,,,,20411014,20521010,20550101,20601011,,20590519,,20601227,,,,
,20641202,,,20650615,20621226,20450407,,,20630416,20450404,20480815,20410729,20540812,,20320322,20631002,20430601,20611101,20611117,,,,,,,20590509,,,,,20600416,,20651231,20681225,,,,,20471001,20591225,20680803,,,20490630,20540101,20621225,20591231,20450815,20580603,20540716,,,,,20580226,,20540101,20640101,,20430511,20570409,20620324,20470107,,,,,,,,,20540101,,20631225,,,,,20621120,20641225,,20640805,20610627,20540101,20591231,20530501,20671226,,20570906,,,,20550709,20680423,20681231,20661227,,,,20411104,20521011,20550125,20601111,,20590529,,20601228,,,,
,20641203,,,20651028,20630101,20450501,,,20630430,20450501,20480911,20410812,20541013,,20320326,20631022,20430608,20611111,20611226,,,,,,,20590519,,,,,20600419,,20660101,20681226,,,,,20471028,20591226,20680903,,,20490701,20540327,20621226,20600101,20450831,20580916,20540805,,,,,20580412,,20540106,20640128,,20430612,20570419,20620522,20470108,,,,,,,,,20540102,,20631226,,,,,20621225,20641226,,20640806,20610815,20540209,20600101,20530502,20680102,,20570924,,,,20550907,20680501,,20661228,,,,20411231,20530101,20550126,20601227,,20590815,,20610103,,,,
,20650101,,,20651225,20630102,20450525,,,20630501,20450619,20480919,20411014,20541023,,20320401,20631106,20430629,20611226,20620106,,,,,,,20590605,,,,,20600503,,20660409,20681231,,,,,20471225,20600101,20681112,,,20490702,20540408,20630101,20600202,20451108,20581115,20540831,,,,,20580425,,20540319,20640310,,20430821,20570420,20620626,20470308,,,,,,,,,20540112,,20640101,,,,,20621229,20650101,,20641020,20610919,20540210,20600202,20530620,20680203,,20571224,,,,20551012,20680531,,20670103,,,,20420101,20530217,20550127,20601228,,20591208,,20610104,,,,
,20650108,,,20660101,20630129,20450620,,,20630604,20450925,20481002,20411023,20541207,,20320414,20631225,20430720,20620324,20620324,,,,,,,20591224,,,,,20600607,,20660412,,,,,,20471226,20600202,20681225,,,20490817,20540501,20630321,20600203,20451110,20581225,20540916,,,,,20580501,,20540326,20640404,,20430831,20570501,20620703,20470501,,,,,,,,,20540211,,20640404,,,,,20630101,20650326,,20641225,20611010,20540501,20600203,20530926,20680214,,20571225,,,,20551102,20680606,,20670126,,,,20420102,20530218,20550128,20610103,,20591224,,20610124,,,,
,20650110,,,20660106,20630206,20450821,,,20630820,20451002,20481007,20411205,20541210,,20320419,20640121,20430807,20620327,20620327,,,,,,,20591225,,,,,20600802,,20660520,,,,,,20480101,20600203,20681226,,,20490908,20540507,20630413,20600204,20451225,20590101,20541014,,,,,20580610,,20540327,20640407,,20430904,20570612,20620904,20470502,,,,,,,,,20540223,,20640407,,,,,20630226,20650327,,20641226,20611031,20540505,20600204,20531001,20680420,,20571226,,,,20551115,20680622,,20670401,,,,20420103,20530219,20550129,20610221,,20591225,,20610207,,,,
,20650316,,,20660301,20630413,20451016,,,20631022,20451003,20481015,20411210,20541231,,20320421,20640215,20430817,20620501,20620501,,,,,,,20591226,,,,,20601025,,20660531,,,,,,20480214,20600204,,,,20490928,20540508,20630416,20600301,20460101,20590128,20541030,,,,,20580613,,20540501,20640425,,20431026,20570821,20621009,20470503,,,,,,,,,20540320,,20640501,,,,,20630227,20650330,,20650101,20611101,20540515,20600301,20531002,20680501,,20571231,,,,20551231,20681224,,20670404,,,,20420113,20530220,20550201,20610408,,20591226,,20610408,,,,
,20650317,,,20660325,20630416,20451106,,,20631023,20451004,20481016,20411231,20550101,,20320423,20640303,20431012,20620504,20620508,,,,,,,20591231,,,,,20601227,,20660610,,,,,,20480217,20600405,,,,20491207,20540511,20630427,20600414,20460122,20590212,20541225,,,,,20580815,,20540515,20640609,,20431112,20570827,20621113,20470509,,,,,,,,,20540429,,20640508,,,,,20630413,20650423,,20650302,20611208,20540603,20600414,20531003,20680516,,20580101,,,,20560125,20681225,,20670425,,,,20420211,20530221,20550301,20610523,,20600101,,20610411,,,,
,20650318,,,20660416,20630425,20451120,,,20631101,20451005,20481019,20420101,20550211,,20320501,20640327,20431102,20620505,20620705,,,,,,,20600101,,,,,20601228,,20661224,,,,,,20480403,20600416,,,,20491224,20540512,20630501,20600505,20460201,20590213,20550101,,,,,20581101,,20540528,20640926,,20431130,20571101,20621225,20470510,,,,,,,,,20540504,,20640515,,,,,20630423,20650501,,20650309,20620102,20540915,20600505,20531006,20680809,,20580304,,,,20560214,20681226,,20670613,,,,20420224,20530228,20550405,20610701,,20600106,,20610425,,,,
,20650407,,,20660419,20630604,20451208,,,20631102,20451006,20481021,20420306,20550406,,20320525,20640331,20431116,20620515,20620829,,,,,,,20600415,,,,,20601229,,20661231,,,,,,20480406,20600419,,,,20500324,20540521,20630809,20600507,20460206,20590303,20550128,,,,,20581224,,20541012,20641104,,20431208,20571130,20621226,20470612,,,,,,,,,20540505,,20640526,,,,,20630501,20650507,,20650327,20620324,20540916,20600507,20531007,20681025,,20580412,,,,20560215,20681231,,20670801,,,,20420320,20530403,20550406,20610801,,20600419,,20610606,,,,
,20650616,,,20660607,20631022,20451225,,,20631224,20460101,20481105,20420407,20550413,,20320621,20640404,20431208,20620721,20620901,,,,,,,20600416,,,,,20610103,,20670401,,,,,,20480501,20600507,,,,20500408,20540601,20630924,20600908,20460207,20590317,20550129,,,,,20581225,,20541109,20641225,,20431224,20571224,20630101,20471104,,,,,,,,,20540506,,20640714,,,,,20630614,20650518,,20650330,20620501,20540917,20600908,20540101,20681126,,20580415,,,,20560331,,,20671003,,,,20420429,20530404,20550430,20610905,,20600527,,20611024,,,,
,20651027,,,20661028,20631225,20460101,,,20631225,20460205,20481106,20420414,20550414,,20320813,20640414,20431225,20620815,20620915,,,,,,,20600419,,,,,20610317,,20670404,,,,,,20480520,20600603,,,,20500419,20540716,20631217,20600909,20460501,20590501,20550201,,,,,20590101,,20541208,20641226,,20431225,20571225,20630102,20480101,,,,,,,,,20540720,,20640815,,,,,20630907,20650617,,20650518,20620626,20541009,20600909,20540102,20681225,,20580501,,,,20560421,,,20671226,,,,20420505,20530501,20550531,20611010,,20600607,,20611226,,,,
,20651130,,,20670106,20631226,20460205,,,20631226,20460206,20481123,20420415,20550415,,20320908,20640428,20431231,20621101,20621101,,,,,,,20600514,,,,,20610408,,20670512,,,,,,20480615,20600701,,,,20500519,20540805,20631225,20600910,20460521,20590522,20550415,,,,,20590211,,20541225,20650101,,20431230,20571231,20630413,20480102,,,,,,,,,20540811,,20641111,,,,,20631012,20650803,,20650629,20620815,20541225,20600910,20540209,,,20580506,,,,20560501,,,20671227,,,,20420506,20530620,20551004,20611111,,20600617,,20611227,,,,
,20651202,,,20670221,20640101,20460206,,,20631231,20460207,20481218,20420501,20550503,,20321002,20640501,20440101,20621225,20621117,,,,,,,20600527,,,,,20610411,,20670523,,,,,,20480701,20600910,,,,20500601,20540817,20631226,20601231,20460806,20590526,20550428,,,,,20590328,,20550101,20650126,,20431231,20580101,20630521,20480103,,,,,,,,,20540921,,20641225,,,,,20631102,20651224,,20650803,20620918,20550101,20601231,20540210,,,20580524,,,,20560601,,,20680102,,,,20420721,20530926,20551005,20611226,,20601026,,20620102,,,,
,20651203,,,20670325,20640102,20460322,,,20640101,20460208,20481225,20420603,20550510,,20321014,20640815,20440111,20621226,20621225,,,,,,,20600528,,,,,20610502,,20670602,,,,,,20480923,20601001,,,,20500620,20541014,20640101,20610121,20460831,20590612,20550429,,,,,20590425,,20550106,20650309,,20440101,20580124,20630625,20480106,,,,,,,,,20540922,,20641226,,,,,20631115,20651225,,20650804,20620919,20550127,20610121,20540211,,,20580906,,,,20560907,,,20680126,,,,20420811,20531010,20551011,20611227,,20601101,,20620103,,,,
,20651228,,,20670408,20640128,20460323,,,20640404,20460209,20490114,20420701,20550701,,20321102,20641002,20440321,20630101,20621226,,,,,,,20600607,,,,,20610606,,20671003,,,,,,20481001,20601227,,,,20500621,20541225,20640321,20610124,20460917,20590820,20550511,,,,,20590501,,20550319,20650327,,20440414,20580326,20630702,20480107,,,,,,,,,20540923,,20650101,,,,,20631120,20660101,,20650805,20621009,20550128,20610124,20540212,,,20580923,,,,20561012,,,20680420,,,,20420915,20540101,20551231,20620102,,20601208,,20620123,,,,
,20651229,,,20670411,20640206,20460402,,,20640407,20460404,20490126,20420728,20550708,,20321104,20641225,20440414,20630413,20630101,,,,,,,20601224,,,,,20610801,,20671226,,,,,,20481016,20610121,,,,20500622,20541231,20640404,20610301,20461010,20590901,20550531,,,,,20590529,,20550415,20650330,,20440415,20580409,20630903,20480108,,,,,,,,,20541012,,20650327,,,,,20631225,20660408,,20651019,20621027,20550129,20610301,20540213,,,20581224,,,,20561102,,,20680423,,,,20420923,20540102,20560210,20620220,,20601224,,20620206,,,,
,20651230,,,20670530,20640404,20460501,,,20640501,20460430,20490302,20420801,20550728,,20321117,20650109,20440415,20630416,20630413,,,,,,,20601231,,,,,20611031,,20680420,,,,,,20481225,20610124,,,,20500623,20550101,20640407,20610505,20461029,20590916,20550601,,,,,20590610,,20550416,20650608,,20440825,20580411,20631008,20480309,,,,,,,,,20541103,,20650330,,,,,20631231,20660409,,20651225,20621101,20550301,20610505,20540406,,,20581225,,,,20561115,,,20680425,,,,20421013,20540206,20560211,20620324,,20610106,,20620324,,,,
,20660306,,,20670815,20640407,20460525,,,20640502,20460501,20490401,20420812,20550812,,20330103,20650126,20440530,20630501,20630416,,,,,,,20610407,,,,,20611226,,20680423,,,,,,20490101,20610404,,,,20500624,20550128,20640428,20610526,20461031,20591104,20550705,,,,,20590613,,20550617,20650925,,20440829,20580412,20631112,20480501,,,,,,,,,20541123,,20650501,,,,,20640101,20660412,,20651228,20621208,20550504,20610526,20540501,,,20581226,,,,20561120,,,20680611,,,,20421103,20540209,20560214,20620522,,20610411,,20620327,,,,
,20660307,,,20671028,20640425,20460620,,,20640526,20460608,20490403,20421013,20551013,,20330126,20650305,20440620,20630524,20630501,,,,,,,20610408,,,,,20611227,,20680501,,,,,,20490202,20610408,,,,20500817,20550224,20640501,20610606,20461225,20591225,20550726,,,,,20590815,,20551012,20651103,,20441031,20580501,20631225,20480504,,,,,,,,,20541231,,20650507,,,,,20640218,20660422,,20660101,20621225,20550505,20610606,20540610,,,20581231,,,,20561225,,,20680806,,,,20421124,20540210,20560215,20620703,,20610519,,20620425,,,,
,20660327,,,20671226,20640602,20460709,,,20640820,20460917,20490414,20421023,20551025,,20330219,20650318,20440627,20630525,20630508,,,,,,,20610411,,,,,20611228,,20680531,,,,,,20490203,20610411,,,,20501226,20550329,20640616,20610815,20470101,20600101,20550831,,,,,20591201,,20551101,20651225,,20441101,20580513,20631226,20480505,,,,,,,,,20550101,,20650508,,,,,20640219,20660520,,20660301,20630101,20551004,20610815,20540916,,,20590101,,,,20561229,,,20681001,,,,20421231,20540211,20560216,20620807,,20610530,,20620605,,,,
,20660605,,,20680106,20641027,20460820,,,20641023,20461001,20490416,20421205,20551206,,20330316,20650327,20440704,20630604,20630705,,,,,,,20610506,,,,,20620102,,20680611,,,,,,20490204,20610502,,,,20510331,20550416,20640924,20610927,20470109,20600119,20550916,,,,,20591208,,20551109,20651228,,20441130,20580531,20640101,20480506,,,,,,,,,20550111,,20650518,,,,,20640404,20660531,,20660308,20630413,20551005,20610927,20541001,,,20590303,,,,20570101,,,20681225,,,,20430101,20540227,20560217,20620904,,20610609,,20621023,,,,
,20661017,,,20680312,20641225,20461015,,,20641024,20461002,20490501,20421210,20551210,,20330331,20650414,20440720,20630815,20630829,,,,,,,20610519,,,,,20620317,,20680621,,,,,,20490405,20610526,,,,20510412,20550427,20641216,20610928,20470128,20600202,20551004,,,,,20591224,,20551206,20660101,,20441208,20580612,20640102,20480511,,,,,,,,,20550211,,20650714,,,,,20640421,20660617,,20660409,20630501,20551006,20610928,20541002,,,20590501,,,,20570125,,,20681226,,,,20430102,20540402,20560218,20621009,,20610815,,20621225,,,,
,20661130,,,20680427,20641226,20461106,,,20641224,20461003,20490505,20421231,20551231,,20330401,20650415,20440815,20631101,20631101,,,,,,,20610520,,,,,20620324,,20681003,,,,,,20490416,20610622,,,,20510501,20550428,20641225,20610929,20470201,20600203,20551019,,,,,20591225,,20551208,20660126,,20441230,20580821,20640404,20480612,,,,,,,,,20550223,,20651111,,,,,20640423,20660802,,20660412,20630521,20560214,20610929,20541005,,,20590502,,,,20570305,,,,,,,20430112,20540403,20560228,20621113,,20611026,,20621226,,,,
,20661202,,,20680430,20650101,20461119,,,20641225,20461004,20490702,20430101,20560103,,20330407,20650417,20441017,20631225,20631224,,,,,,,20610530,,,,,20620327,,20681224,,,,,,20490419,20610701,,,,20510511,20550429,20641226,20611003,20470501,20600204,20560201,,,,,20600101,,20560106,20660308,,20450217,20580826,20640519,20481104,,,,,,,,,20550322,,20651225,,,,,20640501,20661224,,20660531,20630702,20560215,20611003,20541006,,,20590505,,,,20570306,,,,,,,20430211,20540501,20560403,20621225,,20611101,,20630101,,,,
,20661218,,,20680501,20650102,20461225,,,20641226,20461005,20490901,20430102,20560229,,20330411,20650501,20441107,20631226,20631225,,,,,,,20611226,,,,,20620501,,20681225,,,,,,20490510,20610929,,,,20510526,20550430,20650101,20611230,20470509,20600219,20560215,,,,,20600302,,20560330,20660409,,20450406,20581028,20640624,20490101,,,,,,,,,20550429,,20660101,,,,,20640605,20670331,,20660702,20630716,20560216,20611230,20541007,,,20590506,,,,20570420,,,,,,,20430223,20540610,20560404,20621226,,20611208,,20630102,,,,
,20661219,,,20680618,20650126,20470101,,,20650101,20461231,20490909,20430224,20560406,,20330412,20650904,20441114,20640101,20631226,,,,,,,20620323,,,,,20620605,,20681226,,,,,,20490604,20611021,,,,20510601,20550511,20650327,20620208,20470711,20600304,20560216,,,,,20600416,,20560331,20660412,,20450407,20581101,20640701,20490104,,,,,,,,,20550503,,20660409,,,,,20641120,20670401,,20660802,20630815,20560301,20620208,20550101,,,20590526,,,,20570501,,,,,,,20430429,20540916,20560501,20630101,,20611226,,20630122,,,,
,20661220,,,20680815,20650206,20470225,,,20650102,20470101,20491002,20430406,20560413,,20330414,20651002,20441208,20640404,20640101,,,,,,,20620324,,,,,20620807,,20681231,,,,,,20490701,20611226,,,,20510609,20550527,20650330,20620209,20470724,20600305,20560403,,,,,20600610,,20560501,20660426,,20450501,20581224,20640901,20490105,,,,,,,,,20550504,,20660412,,,,,20641225,20670404,,20660803,20630917,20560412,20620209,20550127,,,20590908,,,,20570621,,,,,,,20430504,20541009,20560616,20630219,,20620106,,20630206,,,,
,20670101,,,20681225,20650327,20470226,,,20650327,20470125,20491005,20430413,20560414,,20330415,20651008,20441230,20640407,20640404,,,,,,,20620327,,,,,20621030,,,,,,,,20491001,20611227,,,,20510612,20550601,20650427,20620210,20470725,20600511,20560417,,,,,20600617,,20560502,20660614,,20450612,20581225,20641013,20490106,,,,,,,,,20550505,,20660520,,,,,20641231,20670421,,20660804,20630918,20560501,20620210,20550128,,,20590922,,,,20570709,,,,,,,20430505,20550101,20560925,20630413,,20620327,,20630413,,,,
,20670223,,,20681226,20650330,20470402,,,20650330,20470128,20491006,20430414,20560501,,20330610,20651030,20450109,20640501,20640407,,,,,,,20620421,,,,,20621225,,,,,,,,20491005,20620102,,,,20510613,20550705,20650501,20620301,20470916,20600514,20560418,,,,,20601005,,20560515,20660924,,20450815,20581230,20641111,20490107,,,,,,,,,20550719,,20660531,,,,,20650101,20670512,,20661022,20630919,20560505,20620301,20550129,,,20591224,,,,20570907,,,,,,,20430506,20550127,20561009,20630521,,20620501,,20630416,,,,
,20670224,,,,20650427,20470411,,,20650501,20470129,20491008,20430415,20560529,,20330815,20651112,20450320,20640515,20640501,,,,,,,20620504,,,,,20621226,,,,,,,,20491227,20620209,,,,20510817,20550726,20650616,20620308,20470930,20600531,20560501,,,,,20601101,,20560815,20661102,,20450821,20581231,20641225,20490108,,,,,,,,,20550811,,20660714,,,,,20650120,20670523,,20661227,20631015,20560522,20620308,20550201,,,20591225,,,,20571012,,,,,,,20430720,20550128,20561010,20630702,,20620504,,20630425,,,,
,20670316,,,,20650601,20470412,,,20650518,20470130,20491011,20430501,20560727,,20331003,20651225,20450406,20640516,20640508,,,,,,,20620505,,,,,20621227,,,,,,,,20500124,20620210,,,,20510907,20550817,20650810,20620501,20471018,20600809,20560529,,,,,20601201,,20561012,20661227,,20450828,20590101,20641226,20490222,,,,,,,,,20550920,,20661101,,,,,20650209,20670617,,20670103,20631101,20560606,20620501,20550202,,,20591226,,,,20571102,,,,,,,20430811,20550129,20570101,20630806,,20620515,,20630604,,,,
,20670525,,,,20651026,20470501,,,20650820,20470131,20491025,20430525,20560728,,20331024,20660126,20450407,20640526,20640829,,,,,,,20620515,,,,,20630101,,,,,,,,20500125,20620324,,,,20511116,20551224,20650924,20620505,20471021,20600831,20560530,,,,,20601208,,20561101,20661228,,20451020,20590212,20650101,20490223,,,,,,,,,20550923,,20661111,,,,,20650210,20670801,,20670307,20631102,20560815,20620505,20550405,,,20591231,,,,20571115,,,,,,,20430921,20550201,20570131,20630903,,20620525,,20631022,,,,
,20671006,,,,20651225,20470617,,,20650821,20470405,20491027,20430701,20560814,,20340126,20660222,20450501,20640721,20640901,,,,,,,20620605,,,,,20630319,,,,,,,,20500126,20620327,,,,20511225,20551231,20651216,20620516,20471225,20600916,20560531,,,,,20601224,,20561109,20670103,,20451101,20590317,20650102,20490308,,,,,,,,,20551011,,20670401,,,,,20650327,20671226,,20670314,20631225,20560925,20620516,20550503,,,20600101,,,,20571120,,,,,,,20430922,20550301,20570201,20631008,,20620815,,20631225,,,,
,20671130,,,,20651228,20470620,,,20651023,20470501,20491101,20430721,20561013,,20340217,20660312,20450522,20640815,20640915,,,,,,,20621225,,,,,20630413,,,,,,,,20500404,20620404,,,,20511226,20560215,20651225,20620531,20471230,20610121,20560714,,,,,20610222,,20561206,20670126,,20451130,20590327,20650327,20490503,,,,,,,,,20551103,,20670404,,,,,20650421,20680419,,20670401,20631231,20560926,20620531,20550531,,,20600303,,,,20571225,,,,,,,20430923,20550405,20570202,20631112,,20621026,,20631226,,,,
,20671203,,,,20660101,20470709,,,20651224,20470529,20491112,20430728,20561023,,20340302,20660406,20450612,20641111,20641117,,,,,,,20621226,,,,,20630416,,,,,,,,20500408,20620501,,,,20520101,20560317,20660101,20620606,20480101,20610201,20560831,,,,,20610408,,20561208,20670314,,20451208,20590328,20650518,20490504,,,,,,,,,20551123,,20670512,,,,,20650423,20680420,,20670404,20640101,20561003,20620606,20551001,,,20600423,,,,20571231,,,,,,,20431012,20550406,20570205,20631225,,20621101,,20640101,,,,
,20671208,,,,20660104,20470819,,,20651225,20471001,20491208,20430812,20561205,,20340321,20660408,20450619,20641225,20641224,,,,,,,20630101,,,,,20630507,,,,,,,,20500411,20620516,,,,20520201,20560331,20660322,20620815,20480130,20610204,20560922,,,,,20610425,,20561225,20670401,,20451225,20590409,20650624,20490510,,,,,,,,,20551231,,20670523,,,,,20650501,20680423,,20670523,20640404,20561009,20620815,20551004,,,20600426,,,,20580101,,,,,,,20431103,20550430,20570206,20631226,,20621208,,20640102,,,,
,20671210,,,,20660201,20471014,,,20660101,20471002,20500115,20431013,20561211,,20340328,20660409,20450703,20641226,20641225,,,,,,,20630412,,,,,20630604,,,,,,,,20500502,20620612,,,,20520329,20560417,20660409,20620918,20480214,20610208,20561106,,,,,20610609,,20570101,20670404,,20460101,20590501,20650701,20490614,,,,,,,,,20560103,,20670714,,,,,20650528,20680501,,20670701,20640501,20561225,20620918,20551005,,,20600503,,,,20580125,,,,,,,20431123,20550531,20570207,20640101,,20621225,,20640121,,,,
,20680101,,,,20660208,20471106,,,20660315,20471003,20500126,20431023,20570101,,20340331,20660414,20450720,20650101,20641226,,,,,,,20630413,,,,,20630806,,,,,,,,20500623,20620918,,,,20520401,20560418,20660412,20620919,20480501,20610221,20561225,,,,,20610610,,20570419,20670425,,20460206,20590522,20650907,20491104,,,,,,,,,20560110,,20670815,,,,,20650907,20680531,,20670801,20640521,20570101,20620919,20551006,,,20600506,,,,20580225,,,,,,,20431231,20551004,20570228,20640218,,20621226,,20640206,,,,
,20680212,,,,20660409,20471118,,,20660409,20471004,20500323,20431207,20570102,,20340401,20660824,20450807,20650327,20650101,,,,,,,20630416,,,,,20631029,,,,,,,,20500701,20621002,,,,20520419,20560419,20660427,20621003,20480527,20610222,20570101,,,,,20610613,,20570420,20670613,,20460322,20590612,20651012,20491105,,,,,,,,,20560211,,20671101,,,,,20651012,20680611,,20670802,20640716,20570205,20621003,20551007,,,20600524,,,,20580226,,,,,,,20440101,20551005,20570403,20640404,,20630101,,20640404,,,,
,20680213,,,,20660412,20471225,,,20660412,20471007,20500401,20431210,20570219,,20340403,20660928,20450821,20650330,20650106,,,,,,,20630511,,,,,20631225,,,,,,,,20501024,20621011,,,,20520501,20560501,20660616,20621009,20480629,20610502,20570201,,,,,20610815,,20570501,20670923,,20460323,20590821,20651111,20500103,,,,,,,,,20560223,,20671111,,,,,20651102,20680806,,20670803,20640815,20570206,20621009,20551008,,,20600906,,,,20580412,,,,,,,20440111,20551011,20570404,20640519,,20630416,,20640407,,,,
,20680214,,,,20660426,20480101,,,20660531,20471008,20500405,20431231,20570406,,20340407,20661020,20451016,20650501,20650327,,,,,,,20630524,,,,,20631226,,,,,,,,20501226,20621225,,,,20520514,20560511,20660809,20621225,20480713,20610504,20570205,,,,,20611005,,20570502,20671101,,20460409,20590825,20651225,20500104,,,,,,,,,20560320,,20671226,,,,,20651120,20681224,,20671021,20640918,20570301,20621225,20560103,,,20600922,,,,20580501,,,,,,,20440211,20551231,20570501,20640701,,20630501,,20640425,,,,
,20680305,,,,20660607,20480217,,,20660820,20480101,20500408,20440101,20570413,,20340414,20661102,20451106,20650507,20650330,,,,,,,20630525,,,,,20631227,,,,,,,,20501227,20621226,,,,20520529,20560529,20660924,20621229,20480714,20610729,20570206,,,,,20611101,,20570515,20671226,,20460501,20591208,20651228,20500105,,,,,,,,,20560503,,20680420,,,,,20651225,20681225,,20671226,20640919,20570307,20621229,20560214,,,20601224,,,,20580613,,,,,,,20440223,20560214,20570606,20640804,,20630524,,20640602,,,,
,20680514,,,,20661025,20480218,,,20661101,20480213,20500414,20440215,20570416,,20340501,20670126,20451113,20650508,20650501,,,,,,,20630604,,,,,20640101,,,,,,,,20510102,20630101,,,,20520530,20560601,20661216,20630101,20480831,20610831,20570323,,,,,20611201,,20570815,20671227,,20460514,20591224,20660101,20500106,,,,,,,,,20560504,,20680423,,,,,20651231,20681226,,20671227,20641031,20570501,20630101,20560215,,,20601227,,,,20580709,,,,,,,20440321,20560215,20570913,20640901,,20630604,,20641027,,,,
,20680924,,,,20661227,20480324,,,20661224,20480214,20500621,20440406,20570501,,20340503,20670225,20451208,20650518,20650508,,,,,,,20630605,,,,,20640317,,,,,,,,20510213,20630129,,,,20520531,20560714,20661227,20630129,20480916,20610916,20570405,,,,,20611208,,20571012,20680102,,20460612,20591225,20660104,20500107,,,,,,,,,20560505,,20680501,,,,,20660101,,,20680102,20641208,20570507,20630129,20560216,,,20601228,,,,20581115,,,,,,,20440429,20560216,20570914,20641013,,20630614,,20641225,,,,
,20681126,,,,20661228,20480402,,,20670314,20480217,20500815,20440413,20570518,,20340531,20670301,20451225,20650721,20650901,,,,,,,20631224,,,,,20640404,,,,,,,,20510214,20630130,,,,20520805,20560817,20670321,20630130,20481009,20611111,20570406,,,,,20620207,,20571101,20680126,,20460803,20591226,20660409,20500110,,,,,,,,,20560717,,20680508,,,,,20660120,,,20680305,20641225,20570511,20630130,20560217,,,20601231,,,,20581120,,,,,,,20440503,20560217,20571010,20641111,,20630815,,20641226,,,,
,20681127,,,,20670103,20480403,,,20670315,20480218,20500829,20440414,20570716,,20340815,20670401,20451229,20651111,20650915,,,,,,,20631225,,,,,20640407,,,,,,,,20510331,20630131,,,,20520826,20560922,20670401,20630131,20481105,20611226,20570501,,,,,20620324,,20571109,20680312,,20460821,20591230,20660524,20500223,,,,,,,,,20560811,,20680531,,,,,20660222,,,20680312,20641231,20570606,20630131,20560218,,,20610103,,,,20581225,,,,,,,20440504,20560218,20571231,20641225,,20631026,,20650101,,,,
,20681128,,,,20670104,20480501,,,20670401,20480219,20500920,20440415,20570730,,20340916,20670414,20460101,20651225,20651117,,,,,,,20631226,,,,,20640505,,,,,,,,20510403,20630405,,,,20521104,20561225,20670404,20630301,20481218,20620102,20570518,,,,,20620425,,20571206,20680420,,20460827,20591231,20660624,20500307,,,,,,,,,20560918,,20680611,,,,,20660223,,,20680420,20650101,20570815,20630301,20560403,,,20610303,,,,20581231,,,,,,,20440505,20560228,20580101,20641226,,20631101,,20650102,,,,
,20681202,,,,20670131,20480525,,,20670404,20480406,20500927,20440502,20570813,,20341002,20670427,20460108,20660101,20651224,,,,,,,20631231,,,,,20640602,,,,,,,,20510405,20630413,,,,20521225,20561226,20670427,20630501,20481225,20620125,20570530,,,,,20620501,,20571225,20680423,,20461010,20600101,20660701,20500308,,,,,,,,,20560922,,20680815,,,,,20660409,,,20680423,20650327,20570912,20630501,20560404,,,20610408,,,,20590101,,,,,,,20440718,20560403,20580121,20650101,,20631224,,20650119,,,,
,20681203,,,,20670207,20480615,,,20670523,20480501,20501015,20440511,20571015,,20341110,20670815,20460319,20660409,20651225,,,,,,,20640101,,,,,20640804,,,,,,,,20510501,20630416,,,,20521226,20570101,20670502,20630507,20490101,20620201,20570531,,,,,20620525,,20580101,20680425,,20461029,20600102,20660906,20500502,,,,,,,,,20561009,,20681101,,,,,20660421,,,20680611,20650501,20570913,20630507,20560501,,,20610411,,,,20590210,,,,,,,20440811,20560404,20580122,20650216,,20631225,,20650206,,,,
,,,,,20670401,20480709,,,20671031,20480615,20501024,20440701,20571023,,20341213,20670912,20460322,20660412,20660101,,,,,,,20640403,,,,,20641027,,,,,,,,20510517,20630501,,,,20530101,20570202,20670616,20630606,20490119,20620209,20570613,,,,,20620613,,20580107,20680611,,20461101,20600202,20661011,20500503,,,,,,,,,20561103,,20681225,,,,,20660423,,,20680702,20650521,20570914,20630606,20560619,,,20610502,,,,20590211,,,,,,,20440919,20560501,20580123,20650327,,20631226,,20650327,,,,
,,,,,20670404,20480817,,,20671101,20480921,20501025,20440711,20571205,,20341225,20671017,20460323,20660520,20660106,,,,,,,20640404,,,,,20641225,,,,,,,,20510613,20630601,,,,20530219,20570402,20670809,20630815,20490201,20620210,20570703,,,,,20620815,,20580318,20680928,,20461130,20600305,20661111,20500509,,,,,,,,,20561123,,20681226,,,,,20660610,,,20680806,20650629,20571003,20630815,20560925,,,20610506,,,,20590328,,,,,,,20440922,20560616,20580124,20650518,,20640101,,20650330,,,,
,,,,,20670425,20481012,,,20671226,20480922,20501101,20440728,20571210,,20350126,20671107,20460501,20660521,20660409,,,,,,,20640407,,,,,20641226,,,,,,,,20510920,20630702,,,,20530318,20570403,20671216,20631003,20490202,20620213,20570831,,,,,20621005,,20580411,20681106,,20461224,20600409,20661227,20500613,,,,,,,,,20570101,,,,,,,20660907,,,20680807,20650716,20571009,20631003,20561002,,,20610524,,,,20590421,,,,,,,20441010,20560925,20580125,20650701,,20640407,,20650427,,,,
,,,,,20670606,20481106,,,20680315,20481001,20501115,20440812,20571231,,20350219,20671208,20460507,20660531,20660412,,,,,,,20640502,,,,,20641229,,,,,,,,20511002,20631001,,,,20530320,20570404,20671226,20631005,20490203,20620420,20570911,,,,,20621101,,20580412,20681225,,20461225,20600415,20661228,20501104,,,,,,,,,20570102,,,,,,,20661012,,,20680808,20650918,20571225,20631005,20561003,,,20610906,,,,20590501,,,,,,,20441103,20561009,20580128,20650803,,20640501,,20650601,,,,
,,,,,20671024,20481123,,,20680316,20481002,20501128,20441013,20580101,,20350308,20680126,20460528,20660721,20660705,,,,,,,20640515,,,,,20650101,,,,,,,,20511013,20631030,,,,20530404,20570405,20680102,20631008,20490517,20620501,20570917,,,,,20621201,,20580501,20681226,,20461231,20600416,20670103,20510102,,,,,,,,,20570103,,,,,,,20661102,,,20681022,20651012,20580101,20631008,20561004,,,20610922,,,,20590529,,,,,,,20441123,20561010,20580228,20650907,,20640515,,20651026,,,,
,,,,,20671226,20481208,,,20680420,20481005,20501201,20441024,20580208,,20350321,20680214,20460604,20661101,20660901,,,,,,,20640516,,,,,20650317,,,,,,,,20511225,20631225,,,,20530501,20570406,20680321,20631009,20490618,20620510,20571225,,,,,20621208,,20580502,,,20470101,20600510,20670104,20510103,,,,,,,,,20570108,,,,,,,20661115,,,20681225,20651208,20580123,20631009,20561005,,,20611226,,,,20590709,,,,,,,20450102,20570101,20580301,20651012,,20640526,,20651225,,,,
,,,,,20671227,20481225,,,20680423,20481006,20510126,20441205,20580408,,20350323,20680302,20460702,20661111,20660915,,,,,,,20640526,,,,,20650327,,,,,,,,20511226,20631226,,,,20530515,20570420,20680420,20631225,20490702,20620523,20580101,,,,,20621225,,20580515,,,20470409,20600830,20670401,20510104,,,,,,,,,20570212,,,,,,,20661231,,,20681226,20651225,20580124,20631225,20561006,,,20611227,,,,20591120,,,,,,,20450103,20570202,20580404,20651111,,20640605,,20651228,,,,
,,,,,20680102,20490101,,,20680430,20481007,20510331,20441212,20580415,,20350402,20680315,20460720,20670401,20661101,,,,,,,20640605,,,,,20650330,,,,,,,,20520101,20640101,,,,20530519,20570501,20680423,20631231,20490831,20620719,20580124,,,,,20630101,,20580815,,,20470411,20601101,20670523,20510105,,,,,,,,,20570223,,,,,,,20670120,,,,20651231,20580125,20631231,20570101,,,20611228,,,,20591225,,,,,,,20450109,20570205,20580405,20651225,,20640815,,20660101,,,,
,,,,,20680103,20490301,,,20680501,20490101,20510401,20450102,20580416,,20350409,20680319,20460807,20670404,20661117,,,,,,,20641224,,,,,20650504,,,,,,,,20520201,20640218,,,,20530520,20570531,20680427,20640101,20490908,20620831,20580125,,,,,20630227,,20581101,,,20470412,20601130,20670624,20510106,,,,,,,,,20570320,,,,,,,20670214,,,,20660101,20580301,20640101,20570205,,,20620102,,,,20591231,,,,,,,20450223,20570206,20580501,20651228,,20641208,,20660104,,,,
,,,,,20680130,20490302,,,20680611,20490201,20510411,20450302,20580501,,20350416,20680410,20460820,20670512,20661224,,,,,,,20641225,,,,,20650601,,,,,,,,20520202,20640219,,,,20530521,20570601,20680501,20640218,20490916,20621031,20580201,,,,,20630413,,20581206,,,20470501,20601208,20670701,20510223,,,,,,,,,20570430,,,,,,,20670215,,,,20660409,20580430,20640218,20570206,,,20620303,,,,20600101,,,,,,,20450320,20570207,20580624,20660101,,20641224,,20660125,,,,
,,,,,20680206,20490324,,,20680820,20490202,20510414,20450406,20580507,,20350420,20680420,20461015,20670513,20670106,,,,,,,20641226,,,,,20650803,,,,,,,,20520404,20640220,,,,20530522,20570613,20680809,20640219,20490928,20621225,20580312,,,,,20630425,,20581225,,,20470612,20601224,20670905,20510224,,,,,,,,,20570503,,,,,,,20670401,,,,20660521,20580501,20640219,20570207,,,20620428,,,,20600301,,,,,,,20450503,20570228,20580625,20660215,,20641225,,20660208,,,,
,,,,,20680420,20490402,,,20681022,20490203,20510501,20450413,20580701,,20350501,20680501,20461105,20670523,20670401,,,,,,,20641231,,,,,20651026,,,,,,,,20520419,20640403,,,,20530815,20570703,20680924,20640409,20491025,20630101,20580326,,,,,20630501,,20590101,,,20470725,20601230,20671010,20510308,,,,,,,,,20570504,,,,,,,20670421,,,,20660628,20580506,20640409,20570208,,,20620501,,,,20600302,,,,,,,20450504,20570403,20581002,20660409,,20641226,,20660409,,,,
,,,,,20680423,20490415,,,20681023,20490204,20510815,20450414,20580705,,20350521,20680815,20461112,20670721,20670404,,,,,,,20650101,,,,,20651225,,,,,,,,20520422,20640404,,,,20531024,20570817,20681217,20640501,20491208,20630117,20580327,,,,,20630613,,20590106,,,20470821,20601231,20671111,20510501,,,,,,,,,20570716,,,,,,,20670602,,,,20660716,20580606,20640501,20570209,,,20620508,,,,20600416,,,,,,,20450505,20570404,20581010,20660524,,20650101,,20660412,,,,
,,,,,20680425,20490416,,,20681101,20490205,20510818,20450501,20580729,,20350522,20680831,20461225,20670815,20670705,,,,,,,20650326,,,,,20651228,,,,,,,,20520501,20640407,,,,20531225,20570911,20681225,20640505,20500124,20630129,20580501,,,,,20630614,,20590327,,,20470826,20610121,20671226,20510508,,,,,,,,,20570917,,,,,,,20670907,,,,20660917,20580612,20640505,20570404,,,20620524,,,,20600421,,,,,,,20450717,20570501,20581011,20660701,,20650106,,20660426,,,,
,,,,,20680604,20490525,,,20681102,20490405,20510916,20450530,20580812,,20350813,20681002,20461231,20671101,20670829,,,,,,,20650327,,,,,20651229,,,,,,,,20520506,20640501,,,,20531226,20571224,20681226,20640523,20500125,20630130,20580507,,,,,20630815,,20590328,,,20470930,20610222,20671227,20510509,,,,,,,,,20571008,,,,,,,20671012,,,,20661011,20580815,20640523,20570430,,,20620906,,,,20600617,,,,,,,20450811,20570606,20590101,20660802,,20650330,,20660607,,,,
,,,,,20681022,20490621,,,20681224,20490503,20511002,20450728,20581014,,20350815,20681109,20470101,20671111,20670901,,,,,,,20650330,,,,,20660101,,,,,,,,20520701,20640523,,,,20540101,20571225,,20640606,20500201,20630131,20580530,,,,,20631005,,20590501,,,20471101,20610407,20680102,20510612,,,,,,,,,20571123,,,,,,,20671102,,,,20661101,20581001,20640606,20570501,,,20620922,,,,20600709,,,,,,,20450918,20570913,20590206,20660906,,20650501,,20661025,,,,
,,,,,20681225,20490709,,,20681225,20490604,20511004,20450814,20581023,,20350905,20681127,20470107,20671226,20670915,,,,,,,20650424,,,,,20660317,,,,,,,,20521001,20640619,,,,20540327,20571231,,20640815,20500207,20630201,20580531,,,,,20631101,,20590502,,,20471224,20610408,20680103,20511106,,,,,,,,,20571231,,,,,,,20671115,,,,20661208,20581002,20640815,20570606,,,20621225,,,,20600907,,,,,,,20450922,20570914,20590207,20661011,,20650507,,20661227,,,,
,,,,,20681226,20490816,,,20681226,20490913,20511019,20451013,20581205,,20351002,20681225,20470325,20680420,20671101,,,,,,,20650507,,,,,20660409,,,,,,,,20521030,20640701,,,,20540408,20580101,,20640924,20500502,20630202,20580603,,,,,20631224,,20590515,,,20471225,20610429,20680420,20520101,,,,,,,,,20580101,,,,,,,20671230,,,,20661231,20581003,20640924,20570913,,,20621226,,,,20601012,,,,,,,20451009,20571010,20590210,20661111,,20650518,,20661228,,,,
,,,,,,20491011,,,20681231,20491001,20511101,20451023,20581210,,20351011,,20470411,20680423,20671117,,,,,,,20650508,,,,,20660412,,,,,,,,20521225,20640926,,,,20540501,20580122,,20640925,20500505,20630212,20580916,,,,,20631225,,20590725,,,20471230,20610509,20680521,20520102,,,,,,,,,20580102,,,,,,,20680120,,,,20670401,20581004,20640925,20570914,,,20621227,,,,20601102,,,,,,,20451103,20571231,20590211,20661227,,20650528,,20670103,,,,
,,,,,,20491208,,,,20491004,20511102,20451205,20581231,,20351030,,20470412,20680501,20671226,,,,,,,20650518,,,,,20660503,,,,,,,,20521226,20641001,,,,20540507,20580124,,20640926,20500607,20630409,20581115,,,,,20640101,,20590815,,,20471231,20610829,20680625,20520103,,,,,,,,,20580103,,,,,,,20680305,,,,20670627,20581009,20640926,20571001,,,20630101,,,,20601115,,,,,,,20451123,20580101,20590212,20661228,,20651026,,20670104,,,,
,,,,,,20491224,,,,20491005,20511104,20451211,20590101,,20351101,,20470501,20680531,20680106,,,,,,,20650605,,,,,20660607,,,,,,,,20530101,20641225,,,,20540508,20580325,,20641003,20500621,20630430,20581225,,,,,20640219,,20591110,,,20480101,20611031,20680702,20520104,,,,,,,,,20580114,,,,,,,20680306,,,,20670815,20581225,20641003,20571002,,,20630305,,,,20601231,,,,,,,20460101,20580123,20590213,20670103,,20651208,,20670124,,,,
,,,,,,20491231,,,,20491006,20511117,20460101,20590226,,20351115,,20470527,20680601,20680420,,,,,,,20651224,,,,,20660802,,,,,,,,20530219,20641226,,,,20540511,20580326,,20641009,20500622,20630501,20590101,,,,,20640404,,20591208,,,20480214,20611101,20680903,20520105,,,,,,,,,20580211,,,,,,,20680420,,,,20670919,20590101,20641009,20571003,,,20630420,,,,20610125,,,,,,,20460102,20580124,20590214,20670221,,20651224,,20670207,,,,
,,,,,,20500221,,,,20491007,20511120,20460102,20590407,,20351225,,20470617,20680611,20680423,,,,,,,20651225,,,,,20661025,,,,,,,,20530220,20650101,,,,20540512,20580327,,20641225,20500829,20630709,20590212,,,,,20640425,,20591225,,,20480402,20611130,20681008,20520108,,,,,,,,,20580320,,,,,,,20680423,,,,20671010,20590211,20641225,20571004,,,20630423,,,,20610221,,,,,,,20460103,20580125,20590228,20670401,,20651225,,20670401,,,,
,,,,,,20500222,,,,20500103,20511225,20460220,20590414,,20360208,,20470624,20680815,20680501,,,,,,,20651231,,,,,20661227,,,,,,,,20530221,20650205,,,,20540521,20580328,,20641231,20500831,20630831,20590213,,,,,20640501,,20600101,,,20480403,20611208,20681112,20520223,,,,,,,,,20580429,,,,,,,20680501,,,,20671031,20590212,20641231,20571005,,,20630501,,,,20610222,,,,,,,20460108,20580128,20590403,20670523,,20660101,,20670404,,,,
,,,,,,20500324,,,,20500124,20520115,20460406,20590415,,20360219,,20470701,20681101,20680508,,,,,,,20660101,,,,,20661228,,,,,,,,20530403,20650206,,,,20540601,20580329,,20650101,20500916,20630917,20590303,,,,,20640605,,20600106,,,20480409,20611230,20681225,20520308,,,,,,,,,20580503,,,,,,,20680621,,,,20671101,20590213,20650101,20571231,,,20630507,,,,20610408,,,,,,,20460212,20580228,20590404,20670701,,20660106,,20670425,,,,
,,,,,,20500407,,,,20500125,20520126,20460413,20590501,,20360225,,20470807,20681225,20680705,,,,,,,20660408,,,,,20661229,,,,,,,,20530404,20650327,,,,20540716,20580412,,20650204,20500919,20631022,20590317,,,,,20640610,,20600319,,,20480501,20620209,20681226,20520501,,,,,,,,,20580506,,,,,,,20680907,,,,20671208,20590501,20650204,20580101,,,20630524,,,,20610421,,,,,,,20460223,20580301,20590501,20670801,,20660412,,20670606,,,,
,,,,,,20500408,,,,20500126,20520228,20460416,20590526,,20360312,,20470819,20681226,20680829,,,,,,,20660409,,,,,20670103,,,,,,,,20530407,20650330,,,,20540805,20580424,,20650205,20501114,20631225,20590501,,,,,20640613,,20600415,,,20480612,20620210,,20520508,,,,,,,,,20580715,,,,,,,20681012,,,,20680102,20590505,20650205,20580123,,,20630906,,,,20610609,,,,,,,20460320,20580404,20590613,20670905,,20660520,,20671024,,,,
,,,,,,20500525,,,,20500127,20520401,20460501,20590701,,20360328,,20471014,,20681101,,,,,,,20660412,,,,,20670317,,,,,,,,20530501,20650501,,,,20540817,20580501,,20650206,20501128,20640101,20590522,,,,,20640815,,20600416,,,20480713,20620323,,20520509,,,,,,,,,20580812,,,,,,,20681102,,,,20680420,20590519,20650206,20580124,,,20630924,,,,20610907,,,,,,,20460430,20580405,20590922,20671010,,20660531,,20671226,,,,
,,,,,,20500620,,,,20500128,20520411,20460521,20590724,,20360401,,20471104,,20681224,,,,,,,20660507,,,,,20670401,,,,,,,,20530526,20650512,,,,20541014,20580508,,20650501,20501226,20640107,20590526,,,,,20641201,,20600617,,,20480821,20620324,,20520510,,,,,,,,,20580916,,,,,,,20681115,,,,20680501,20590606,20650501,20580125,,,20631224,,,,20611012,,,,,,,20460503,20580501,20591010,20671111,,20660610,,20671227,,,,
,,,,,,20500815,,,,20500404,20520419,20460717,20590728,,20360405,,20471111,,20681225,,,,,,,20660520,,,,,20670404,,,,,,,,20530620,20650608,,,,20541225,20580523,,20650505,20510102,20640121,20590530,,,,,20641208,,20601012,,,20480831,20620420,,20520612,,,,,,,,,20580923,,,,,,,20681120,,,,20680521,20590815,20650505,20580128,,,20631225,,,,20611102,,,,,,,20460504,20580624,20600101,20671226,,20661026,,20680102,,,,
,,,,,,20501010,,,,20500502,20520501,20460730,20590812,,20360409,,20471225,,20681226,,,,,,,20660521,,,,,20670502,,,,,,,,20530701,20650701,,,,20550101,20581225,,20650512,20510127,20640122,20590612,,,,,20641224,,20601101,,,20480918,20620501,,20521104,,,,,,,,,20581014,,,,,,,20681225,,,,20680702,20590922,20650512,20580129,,,20631226,,,,20611115,,,,,,,20460716,20580625,20600102,20671227,,20661101,,20680103,,,,
,,,,,,20501208,,,,20500623,20520530,20460813,20591013,,20360411,,20471231,,,,,,,,,20660531,,,,,20670606,,,,,,,,20531001,20650916,,,,20550128,20581226,,20650914,20510201,20640201,20590820,,,,,20641225,,20601109,,,20481130,20620612,,20530101,,,,,,,,,20581104,,,,,,,20681231,,,,20680716,20590923,20650914,20580404,,,20631231,,,,20611230,,,,,,,20460917,20581002,20600129,20680102,,20661208,,20680123,,,,
,,,,,,20510213,,,,20500624,20520806,20461015,20591023,,20360414,,20480101,,,,,,,,,20661224,,,,,20670801,,,,,,,,20531020,20651001,,,,20550224,20581231,,20650915,20510213,20640218,20590901,,,,,20650101,,20601206,,,20481208,20620821,,20530102,,,,,,,,,20581231,,,,,,,,,,,20680815,20591003,20650915,20580405,,,20640101,,,,20620125,,,,,,,20460924,20581010,20600130,20680220,,20661224,,20680206,,,,
,,,,,,20510214,,,,20500930,20520815,20461023,20591205,,20360501,,20480106,,,,,,,,,20661231,,,,,20671031,,,,,,,,20531225,20651008,,,,20550329,20590101,,20650916,20510501,20640219,20590916,,,,,20650210,,20601208,,,20481224,20620828,,20530103,,,,,,,,,20590101,,,,,,,,,,,20680917,20591009,20650916,20580501,,,20640303,,,,20620206,,,,,,,20461008,20581011,20600202,20680420,,20670106,,20680420,,,,
,,,,,,20510324,,,,20501003,20520828,20461205,20591210,,20360509,,20480323,,,,,,,,,20670331,,,,,20671226,,,,,,,,20531226,20651225,,,,20550416,20590212,,20651009,20510524,20640328,20591104,,,,,20650327,,20610106,,,20481225,20621101,,20530106,,,,,,,,,20590102,,,,,,,,,,,20680918,20591225,20651009,20580624,,,20640411,,,,20620207,,,,,,,20461123,20590101,20600203,20680521,,20670404,,20680423,,,,
,,,,,,20510330,,,,20501004,20520904,20461210,20591231,,20360812,,20480402,,,,,,,,,20670401,,,,,20671227,,,,,,,,20540101,20660101,,,,20550427,20590314,,20651225,20510529,20640418,20591225,,,,,20650501,,20610407,,,20481230,20621130,,20530107,,,,,,,,,20590103,,,,,,,,,,,20680919,20600101,20651225,20580625,,,20640414,,,,20620324,,,,,,,20461231,20590210,20600204,20680702,,20670512,,20680425,,,,
,,,,,,20510331,,,,20501005,20521002,20461231,20600101,,20360815,,20480403,,,,,,,,,20670404,,,,,20671228,,,,,,,,20540209,20660126,,,,20550428,20590317,,20651231,20510612,20640501,20600101,,,,,20650528,,20610408,,,20481231,20621208,,20530108,,,,,,,,,20590113,,,,,,,,,,,20681015,20600202,20651231,20581001,,,20640501,,,,20620421,,,,,,,20470101,20590211,20600205,20680806,,20670523,,20680604,,,,
,,,,,,20510501,,,,20501006,20521003,20470101,20600102,,20360929,,20480501,,,,,,,,,20670429,,,,,20680102,,,,,,,,20540210,20660127,,,,20550429,20590318,,20660101,20510817,20640502,20600202,,,,,20650610,,20610502,,,20490101,20621225,,20530310,,,,,,,,,20590211,,,,,,,,,,,20681101,20600203,20660101,20581002,,,20640506,,,,20620501,,,,,,,20470102,20590212,20600206,20680903,,20670602,,20681022,,,,
,,,,,,20510525,,,,20501007,20521008,20470211,20600216,,20361002,,20480518,,,,,,,,,20670512,,,,,20680319,,,,,,,,20540211,20660128,,,,20550430,20590328,,20660125,20510831,20640627,20600203,,,,,20651005,,20610516,,,20490202,20630101,,20530501,,,,,,,,,20590224,,,,,,,,,,,20681102,20600204,20660125,20581003,,,20640526,,,,20620525,,,,,,,20470103,20590213,20600227,20681008,,20670815,,20681225,,,,
,,,,,,20510620,,,,20510102,20521021,20470408,20600406,,20361018,,20480608,,,,,,,,,20670513,,,,,20680420,,,,,,,,20540327,20660405,,,,20550511,20590414,,20660126,20510907,20640901,20600204,,,,,20651201,,20610609,,,20490409,20630129,,20530502,,,,,,,,,20590320,,,,,,,,,,,20681225,20600301,20660126,20581004,,,20640908,,,,20620907,,,,,,,20470114,20590214,20600405,20681112,,20671026,,20681226,,,,
,,,,,,20510821,,,,20510210,20521023,20470415,20600413,,20361020,,20480615,,,,,,,,,20670523,,,,,20680423,,,,,,,,20540330,20660409,,,,20550527,20590501,,20660127,20511102,20640916,20600219,,,,,20651208,,20610725,,,20490415,20630131,,20530509,,,,,,,,,20590429,,,,,,,,,,,20681231,20600414,20660127,20581007,,,20640922,,,,20621012,,,,,,,20470211,20590228,20600406,20681225,,20671101,,,,,,
,,,,,,20511016,,,,20510213,20521101,20470416,20600414,,20361103,,20480629,,,,,,,,,20671226,,,,,20680507,,,,,,,,20540501,20660412,,,,20550601,20590508,,20660301,20511116,20641225,20600304,,,,,20651224,,20610815,,,20490416,20630409,,20530612,,,,,,,,,20590505,,,,,,,,,,,,20600505,20660301,20581008,,,20641224,,,,20621102,,,,,,,20470321,20590403,20600430,20681226,,20671208,,,,,,
,,,,,,20511106,,,,20510214,20521105,20470501,20600415,,20361120,,20480720,,,,,,,,,20680419,,,,,20680604,,,,,,,,20540515,20660503,,,,20550705,20590522,,20660505,20511225,20641226,20600305,,,,,20651225,,20611012,,,20490510,20630412,,20530613,,,,,,,,,20590506,,,,,,,,,,,,20600507,20660505,20590101,,,20641225,,,,20621115,,,,,,,20470429,20590404,20600603,,,20671226,,,,,,
,,,,,,20511120,,,,20510215,20521225,20470508,20600503,,20361225,,20480807,,,,,,,,,20680420,,,,,20680806,,,,,,,,20540610,20660528,,,,20550726,20590527,,20660602,20520101,20650101,20600511,,,,,20660101,,20611101,,,20490702,20630413,,20531103,,,,,,,,,20590721,,,,,,,,,,,,20600908,20660602,20590211,,,20641226,,,,20621120,,,,,,,20470503,20590501,20600604,,,20680106,,,,,,
,,,,,,20511208,,,,20510216,20530115,20470701,20600514,,20370126,,20480817,,,,,,,,,20680423,,,,,20681029,,,,,,,,20540701,20660701,,,,20550817,20590612,,20661004,20520201,20650108,20600514,,,,,20660223,,20611109,,,20490830,20630501,,20531104,,,,,,,,,20590811,,,,,,,,,,,,20600909,20661004,20590212,,,20641231,,,,20621225,,,,,,,20470506,20590613,20600909,,,20680423,,,,,,
,,,,,,20511225,,,,20510405,20530321,20470708,20600701,,20370127,,20481012,,,,,,,,,20680518,,,,,20681225,,,,,,,,20540917,20661001,,,,20551224,20590821,,20661005,20520202,20650109,20600531,,,,,20660409,,20611206,,,20490908,20630612,,20540101,,,,,,,,,20590915,,,,,,,,,,,,20600910,20661005,20590213,,,20650101,,,,20621229,,,,,,,20470715,20590922,20600910,,,20680501,,,,,,
,,,,,,20520101,,,,20510501,20530401,20470729,20600712,,20370213,,20481102,,,,,,,,,20680531,,,,,20681226,,,,,,,,20541001,20661004,,,,20560215,20591225,,20661231,20520213,20650122,20600601,,,,,20660610,,20611208,,,20491025,20630821,,20540102,,,,,,,,,20590923,,,,,,,,,,,,20610121,20661231,20590214,,,20650303,,,,20630101,,,,,,,20470812,20591010,20601011,,,20680531,,,,,,
,,,,,,20520304,,,,20510612,20530402,20470812,20600728,,20370219,,20481116,,,,,,,,,20680601,,,,,20681227,,,,,,,,20541009,20661027,,,,20560317,20591226,,20670214,20520501,20650202,20600602,,,,,20661005,,20620106,,,20491101,20630827,,20540105,,,,,,,,,20591013,,,,,,,,,,,,20610124,20670214,20590217,,,20650424,,,,20630125,,,,,,,20470916,20600101,20601231,,,20680611,,,,,,
,,,,,,20520305,,,,20510613,20530404,20471014,20600812,,20370226,,20481208,,,,,,,,,20680605,,,,,,,,,,,,,20541225,20661227,,,,20560331,20591231,,20670215,20520513,20650205,20600809,,,,,20661101,,20620320,,,20491130,20631101,,20540106,,,,,,,,,20591103,,,,,,,,,,,,20610301,20670215,20590407,,,20650427,,,,20630226,,,,,,,20470923,20600102,20610118,,,20680621,,,,,,
,,,,,,20520402,,,,20510918,20530414,20471023,20601013,,20370302,,20481225,,,,,,,,,20680611,,,,,,,,,,,,,20550101,20670214,,,,20560417,20600101,,20670216,20520516,20650206,20600831,,,,,20661201,,20620323,,,20491208,20631130,,20540107,,,,,,,,,20591124,,,,,,,,,,,,20610505,20670216,20590501,,,20650501,,,,20630227,,,,,,,20471014,20600202,20610119,,,20680815,,,,,,
,,,,,,20520418,,,,20510919,20530421,20471205,20601025,,20370317,,20481231,,,,,,,,,20681224,,,,,,,,,,,,,20550128,20670215,,,,20560418,20600202,,20670301,20520530,20650317,20600916,,,,,20661208,,20620324,,,20491224,20631224,,20540108,,,,,,,,,20591231,,,,,,,,,,,,20610526,20670301,20590502,,,20650506,,,,20630413,,,,,,,20471104,20600203,20610120,,,20681026,,,,,,
,,,,,,20520419,,,,20511002,20530501,20471210,20601206,,20370325,,20490101,,,,,,,,,20681225,,,,,,,,,,,,,20550129,20670216,,,,20560419,20600301,,20670309,20520531,20650407,20610121,,,,,20661224,,20620501,,,20491230,20631225,,20540109,,,,,,,,,20600101,,,,,,,,,,,,20610606,20670309,20590616,,,20650525,,,,20630501,,,,,,,20471231,20600204,20610121,,,20681101,,,,,,
,,,,,,20520501,,,,20511003,20530520,20471231,20601210,,20370401,,20490111,,,,,,,,,20681226,,,,,,,,,,,,,20550405,20670401,,,,20560501,20600302,,20670505,20520805,20650501,20610201,,,,,20670215,,20620502,,,20491231,20631231,,20540223,,,,,,,,,20600102,,,,,,,,,,,,20610815,20670505,20590922,,,20650907,,,,20630614,,,,,,,20480101,20600205,20610124,,,20681224,,,,,,
,,,,,,20520617,,,,20511004,20530815,20480101,20601231,,20370403,,20490322,,,,,,,,,20681231,,,,,,,,,,,,,20550416,20670404,,,,20560511,20600303,,20670520,20520826,20650519,20610208,,,,,20670401,,20620515,,,20500407,20640101,,20540309,,,,,,,,,20600112,,,,,,,,,,,,20610927,20670520,20591001,,,20650922,,,,20630709,,,,,,,20480102,20600206,20610125,,,20681225,,,,,,
,,,,,,20520620,,,,20511005,20530825,20480228,20610103,,20370414,,20490415,,,,,,,,,,,,,,,,,,,,,,20550419,20670405,,,,20560529,20600304,,20670606,20520916,20650616,20610221,,,,,20670425,,20620815,,,20500408,20640121,,20540501,,,,,,,,,20600211,,,,,,,,,,,,20610928,20670606,20591002,,,20651224,,,,20630907,,,,,,,20480103,20600227,20610228,,,20681226,,,,,,
,,,,,,20520709,,,,20511006,20530915,20480406,20610307,,20370429,,20490416,,,,,,,,,,,,,,,,,,,,,,20550504,20670502,,,,20560601,20600305,,20670815,20521021,20650831,20610222,,,,,20670602,,20621012,,,20500621,20640328,,20540504,,,,,,,,,20600223,,,,,,,,,,,,20610929,20670815,20591003,,,20651225,,,,20631012,,,,,,,20480113,20600405,20610404,,,,,,,,,
,,,,,,20520819,,,,20520101,20531002,20480413,20610406,,20370501,,20490531,,,,,,,,,,,,,,,,,,,,,,20550531,20670520,,,,20560714,20600401,,20670922,20521104,20650916,20610502,,,,,20670610,,20621101,,,20500829,20640403,,20540511,,,,,,,,,20600429,,,,,,,,,,,,20611003,20670922,20591006,,,20651228,,,,20631102,,,,,,,20480211,20600406,20610405,,,,,,,,,
,,,,,,20521014,,,,20520131,20531021,20480414,20610413,,20370812,,20490621,,,,,,,,,,,,,,,,,,,,,,20550701,20670616,,,,20560817,20600416,,20670923,20521225,20651028,20610504,,,,,20670613,,20621109,,,20501101,20640404,,20540612,,,,,,,,,20600503,,,,,,,,,,,,20620208,20670923,20591007,,,20651231,,,,20631115,,,,,,,20480224,20600430,20610502,,,,,,,,,
,,,,,,20521106,,,,20520201,20531022,20480415,20610414,,20370815,,20490628,,,,,,,,,,,,,,,,,,,,,,20551001,20670701,,,,20560922,20600510,,20671003,20530101,20651215,20610530,,,,,20670815,,20621206,,,20501130,20640409,,20541104,,,,,,,,,20600504,,,,,,,,,,,,20620209,20671003,20600101,,,20660101,,,,20631120,,,,,,,20480320,20600603,20610622,,,,,,,,,
,,,,,,20521118,,,,20520202,20531027,20480501,20610415,,20371002,,20490705,,,,,,,,,,,,,,,,,,,,,,20551006,20671017,,,,20561225,20600511,,20671230,20530203,20651225,20610531,,,,,20671005,,20621208,,,20501208,20640501,,20550101,,,,,,,,,20600505,,,,,,,,,,,,20620210,20671230,20600102,,,20660303,,,,20631225,,,,,,,20480429,20600604,20610928,,,,,,,,,
,,,,,,20521225,,,,20520205,20531101,20480527,20610502,,20371107,,20490720,,,,,,,,,,,,,,,,,,,,,,20551028,20671226,,,,20561226,20600527,,20680202,20530219,20651229,20610729,,,,,20671101,,20621225,,,20501230,20640512,,20550104,,,,,,,,,20600719,,,,,,,,,,,,20620301,20680202,20600202,,,20660416,,,,20631231,,,,,,,20480504,20600909,20611010,,,,,,,,,
,,,,,,20530101,,,,20520206,20531111,20480701,20610602,,20371109,,20490816,,,,,,,,,,,,,,,,,,,,,,20551227,20671227,,,,20570101,20600531,,20680203,20530220,20651230,20610831,,,,,20671201,,20630101,,,20510330,20640612,,20550105,,,,,,,,,20600811,,,,,,,,,,,,20620308,20680203,20600203,,,20660419,,,,20640101,,,,,,,20480505,20600910,20620102,,,,,,,,,
,,,,,,20530217,,,,20520404,20531128,20480727,20610701,,20371225,,20491018,,,,,,,,,,,,,,,,,,,,,,20560215,20680102,,,,20570202,20600601,,20680301,20530501,20660101,20610916,,,,,20671208,,20630412,,,20510331,20640821,,20550106,,,,,,,,,20600920,,,,,,,,,,,,20620501,20680301,20600204,,,20660503,,,,20640125,,,,,,,20480506,20601011,20620206,,,,,,,,,
,,,,,,20530218,,,,20520405,20531225,20480728,20610728,,20380126,,20491101,,,,,,,,,,,,,,,,,,,,,,20560216,20680203,,,,20570404,20600809,,20680411,20530506,20660126,20611111,,,,,20680306,,20630413,,,20510501,20640825,,20550107,,,,,,,,,20600921,,,,,,,,,,,,20620505,20680411,20600205,,,20660506,,,,20640218,,,,,,,20480720,20601231,20620207,,,,,,,,,
,,,,,,20530324,,,,20520501,20540115,20480812,20610801,,20380215,,20491115,,,,,,,,,,,,,,,,,,,,,,20560217,20680206,,,,20570405,20600817,,20680501,20530519,20660127,20611226,,,,,20680420,,20630501,,,20510612,20641027,,20550108,,,,,,,,,20600922,,,,,,,,,,,,20620516,20680501,20600206,,,20660524,,,,20640219,,,,,,,20480811,20610120,20620208,,,,,,,,,
,,,,,,20530402,,,,20520603,20540126,20481013,20610812,,20380219,,20491208,,,,,,,,,,,,,,,,,,,,,,20560331,20680404,,,,20570406,20601220,,20680507,20530520,20660201,20620102,,,,,20680425,,20630502,,,20510817,20641208,,20550222,,,,,,,,,20601011,,,,,,,,,,,,20620531,20680507,20600405,,,20660906,,,,20640404,,,,,,,20480921,20610121,20620209,,,,,,,,,
,,,,,,20530403,,,,20520909,20540307,20481023,20611013,,20380304,,20491231,,,,,,,,,,,,,,,,,,,,,,20560403,20680420,,,,20570420,20601224,,20680509,20530815,20660209,20620201,,,,,20680501,,20630515,,,20510821,20641224,,20550223,,,,,,,,,20601103,,,,,,,,,,,,20620606,20680509,20600503,,,20660922,,,,20640421,,,,,,,20480922,20610124,20620210,,,,,,,,,
,,,,,,20530404,,,,20521001,20540327,20481207,20611024,,20380401,,20500110,,,,,,,,,,,,,,,,,,,,,,20560404,20680423,,,,20570501,20601231,,20680606,20530901,20660308,20620209,,,,,20680613,,20630815,,,20510828,20641225,,20550308,,,,,,,,,20601123,,,,,,,,,,,,20620815,20680606,20600603,,,20661224,,,,20640501,,,,,,,20481012,20610125,20620213,,,,,,,,,
,,,,,,20530501,,,,20521002,20540401,20481210,20611205,,20380405,,20500321,,,,,,,,,,,,,,,,,,,,,,20560501,20680501,,,,20570531,20610121,,20680815,20530916,20660607,20620210,,,,,20680621,,20631012,,,20511101,20641226,,20550503,,,,,,,,,20601231,,,,,,,,,,,,20620918,20680815,20600604,,,20661227,,,,20640605,,,,,,,20481103,20610228,20620227,,,,,,,,,
,,,,,,20530616,,,,20521003,20540409,20481231,20611212,,20380413,,20500407,,,,,,,,,,,,,,,,,,,,,,20560522,20680509,,,,20570601,20610221,,20680910,20531024,20660831,20620213,,,,,20680815,,20631101,,,20511130,20641230,,20550504,,,,,,,,,20610103,,,,,,,,,,,,20620919,20680910,20600909,,,20661228,,,,20640709,,,,,,,20481123,20610404,20620228,,,,,,,,,
,,,,,,20530620,,,,20521004,20540414,20490101,20620102,,20380414,,20500408,,,,,,,,,,,,,,,,,,,,,,20560925,20680604,,,,20570613,20610222,,20680911,20531110,20660916,20620420,,,,,20681005,,20631109,,,20511208,20641231,,20550510,,,,,,,,,20610110,,,,,,,,,,,,20621003,20680911,20600910,,,20661231,,,,20641120,,,,,,,20481231,20610405,20620403,,,,,,,,,
,,,,,,20530709,,,,20521007,20540420,20490217,20620224,,20380417,,20500523,,,,,,,,,,,,,,,,,,,,,,20561002,20680702,,,,20570703,20610223,,20680912,20531225,20661018,20620501,,,,,20681101,,20631206,,,20511225,20650101,,20550614,,,,,,,,,20610211,,,,,,,,,,,,20621009,20680912,20601001,,,20670103,,,,20641225,,,,,,,20490101,20610502,20620404,,,,,,,,,
,,,,,,20530818,,,,20530101,20540501,20490406,20620406,,20380423,,20500613,,,,,,,,,,,,,,,,,,,,,,20561017,20680912,,,,20570817,20610224,,20681003,20540101,20661206,20620510,,,,,20681224,,20631225,,,20520101,20650102,,20551104,,,,,,,,,20610223,,,,,,,,,,,,20621225,20681003,20601004,,,20670303,,,,20641231,,,,,,,20490111,20610622,20620501,,,,,,,,,
,,,,,,20531013,,,,20530218,20540716,20490413,20620413,,20380501,,20500620,,,,,,,,,,,,,,,,,,,,,,20561225,20681001,,,,20570911,20610225,,20681009,20540202,20661220,20620523,,,,,20681225,,20640101,,,20520201,20650109,,20551105,,,,,,,,,20610321,,,,,,,,,,,,20630101,20681009,20601005,,,20670408,,,,20650101,,,,,,,20490211,20610928,20620612,,,,,,,,,
,,,,,,20531106,,,,20530219,20540815,20490414,20620414,,20380518,,20500704,,,,,,,,,,,,,,,,,,,,,,20561226,20681004,,,,20571224,20610408,,20681225,20540209,20670131,20620530,,,,,,,20640107,,,20520409,20650205,,20560103,,,,,,,,,20610429,,,,,,,,,,,,20630129,20681225,20601006,,,20670411,,,,20650209,,,,,,,20490223,20611010,20620918,,,,,,,,,
,,,,,,20531124,,,,20530220,20540905,20490415,20620501,,20380812,,20500720,,,,,,,,,,,,,,,,,,,,,,20570101,20681225,,,,20571225,20610420,,20681231,20540210,20670201,20620531,,,,,,,20640403,,,20520418,20650317,,20560104,,,,,,,,,20610503,,,,,,,,,,,,20630130,20681231,20601007,,,20670502,,,,20650210,,,,,,,20490429,20620102,20621009,,,,,,,,,
,,,,,,20531208,,,,20530221,20541001,20490503,20620523,,20380902,,20500815,,,,,,,,,,,,,,,,,,,,,,20570205,20681226,,,,20580101,20610504,,,20540501,20670214,20620719,,,,,,,20640404,,,20520419,20650326,,20560105,,,,,,,,,20610504,,,,,,,,,,,,20630131,,20610103,,,20670506,,,,20650327,,,,,,,20490503,20620208,20621010,,,,,,,,,
,,,,,,20531225,,,,20530224,20541002,20490517,20620721,,20381002,,20501017,,,,,,,,,,,,,,,,,,,,,,20570206,,,,,20580122,20610519,,,20540511,20670215,20620831,,,,,,,20640501,,,20520501,20650327,,20560106,,,,,,,,,20610505,,,,,,,,,,,,20630301,,20610120,,,20670524,,,,20650421,,,,,,,20490504,20620209,20630101,,,,,,,,,
,,,,,,20531226,,,,20530404,20541014,20490701,20620728,,20381007,,20501107,,,,,,,,,,,,,,,,,,,,,,20570207,,,,,20580124,20610601,,,20540522,20670224,20621031,,,,,,,20640502,,,20520513,20650409,,20560107,,,,,,,,,20610718,,,,,,,,,,,,20630501,,20610121,,,20670906,,,,20650501,,,,,,,20490505,20620210,20630125,,,,,,,,,
,,,,,,20540101,,,,20530501,20541016,20490714,20620814,,20381027,,20501114,,,,,,,,,,,,,,,,,,,,,,20570404,,,,,20580325,20610729,,,20540716,20670317,20621225,,,,,,,20640515,,,20520530,20650501,,20560110,,,,,,,,,20610811,,,,,,,,,,,,20630507,,20610124,,,20670922,,,,20650528,,,,,,,20490719,20620213,20630126,,,,,,,,,
,,,,,,20540209,,,,20530502,20541030,20490728,20621013,,20381029,,20501208,,,,,,,,,,,,,,,,,,,,,,20570420,,,,,20580326,20610817,,,20540805,20670502,20630101,,,,,,,20640725,,,20520612,20650612,,20560223,,,,,,,,,20610919,,,,,,,,,,,,20630606,,20610125,,,20671226,,,,20650709,,,,,,,20490811,20620227,20630129,,,,,,,,,
,,,,,,20540210,,,,20530620,20541031,20490812,20621023,,20381030,,20501230,,,,,,,,,,,,,,,,,,,,,,20570423,,,,,20580327,20611226,,,20540831,20670526,20630117,,,,,,,20640815,,,20520805,20650821,,20560308,,,,,,,,,20610922,,,,,,,,,,,,20630815,,20610126,,,20671227,,,,20650907,,,,,,,20490920,20620228,20630130,,,,,,,,,
,,,,,,20540324,,,,20530926,20541118,20491013,20621205,,20381111,,20510109,,,,,,,,,,,,,,,,,,,,,,20570501,,,,,20580328,20620209,,,20540916,20670527,20630129,,,,,,,20641110,,,20520821,20650831,,20560501,,,,,,,,,20611010,,,,,,,,,,,,20631003,,20610404,,,20671228,,,,20651012,,,,,,,20490921,20620403,20630131,,,,,,,,,
,,,,,,20540326,,,,20531001,20541225,20491025,20621211,,20390106,,20510320,,,,,,,,,,,,,,,,,,,,,,20570511,,,,,20580412,20620210,,,20541014,20670831,20630130,,,,,,,20641208,,,20520826,20651130,,20560508,,,,,,,,,20611103,,,,,,,,,,,,20631005,,20610502,,,20680102,,,,20651102,,,,,,,20490922,20620404,20630201,,,,,,,,,
,,,,,,20540327,,,,20531002,20550115,20491206,20630101,,20390126,,20510330,,,,,,,,,,,,,,,,,,,,,,20570606,,,,,20580424,20620213,,,20541030,20670916,20630131,,,,,,,20641225,,,20521028,20651208,,20560509,,,,,,,,,20611123,,,,,,,,,,,,20631008,,20610622,,,20680305,,,,20651120,,,,,,,20491011,20620501,20630202,,,,,,,,,
,,,,,,20540402,,,,20531003,20550126,20491210,20630102,,20390204,,20510331,,,,,,,,,,,,,,,,,,,,,,20570702,,,,,20580501,20620214,,,20541225,20671107,20630201,,,,,,,20650101,,,20521101,20651224,,20560612,,,,,,,,,20620102,,,,,,,,,,,,20631009,,20610928,,,20680427,,,,20651225,,,,,,,20491103,20620612,20630228,,,,,,,,,
,,,,,,20540501,,,,20531006,20550224,20491231,20630213,,20390219,,20510501,,,,,,,,,,,,,,,,,,,,,,20570914,,,,,20580508,20620324,,,20550101,20671124,20630202,,,,,,,20650106,,,20521224,20651225,,20561106,,,,,,,,,20620103,,,,,,,,,,,,20631225,,20611003,,,20680430,,,,20651231,,,,,,,20491123,20620918,20630404,,,,,,,,,
,,,,,,20540525,,,,20531007,20550329,20500103,20630406,,20390221,,20510515,,,,,,,,,,,,,,,,,,,,,,20571001,,,,,20580523,20620410,,,20550128,20671208,20630409,,,,,,,20650319,,,20521225,20651229,,20570101,,,,,,,,,20620109,,,,,,,,,,,,20640101,,20611004,,,20680501,,,,20660101,,,,,,,20491231,20621009,20630405,,,,,,,,,
,,,,,,20540615,,,,20540101,20550401,20500307,20630413,,20390311,,20510605,,,,,,,,,,,,,,,,,,,,,,20571225,,,,,20581225,20620420,,,20550129,20671209,20630430,,,,,,,20650326,,,20521230,20651230,,20570102,,,,,,,,,20620223,,,,,,,,,,,,20640218,,20611005,,,20680507,,,,20660125,,,,,,,20500103,20621010,20630406,,,,,,,,,
,,,,,,20540709,,,,20540102,20550409,20500406,20630416,,20390325,,20510612,,,,,,,,,,,,,,,,,,,,,,20571226,,,,,20581226,20620501,,,20550201,20671226,20630501,,,,,,,20650327,,,20521231,20651231,,20570103,,,,,,,,,20620320,,,,,,,,,,,,20640219,,20611006,,,20680524,,,,20660222,,,,,,,20500110,20630101,20630501,,,,,,,,,
,,,,,,20540817,,,,20540209,20550414,20500413,20630501,,20390401,,20510703,,,,,,,,,,,,,,,,,,,,,,20580101,,,,,20590101,20620504,,,20550210,20680102,20630530,,,,,,,20650501,,,20530101,20660101,,20570104,,,,,,,,,20620503,,,,,,,,,,,,20640409,,20611007,,,20680906,,,,20660223,,,,,,,20500211,20630129,20630601,,,,,,,,,
,,,,,,20541012,,,,20540210,20550416,20500414,20630514,,20390407,,20510720,,,,,,,,,,,,,,,,,,,,,,20580124,,,,,20590212,20620511,,,20550415,20680120,20630531,,,,,,,20650515,,,20530219,20660126,,20570105,,,,,,,,,20620504,,,,,,,,,,,,20640501,,20620102,,,20680924,,,,20660409,,,,,,,20500223,20630130,20631005,,,,,,,,,
,,,,,,20541106,,,,20540211,20550429,20500415,20630710,,20390408,,20510807,,,,,,,,,,,,,,,,,,,,,,20580125,,,,,20590314,20620523,,,20550428,20680201,20630709,,,,,,,20650528,,,20530403,20660305,,20570108,,,,,,,,,20620505,,,,,,,,,,,,20640505,,20620208,,,20681224,,,,20660421,,,,,,,20500321,20630131,20631010,,,,,,,,,
,,,,,,20541123,,,,20540212,20550430,20500502,20630730,,20390414,,20510821,,,,,,,,,,,,,,,,,,,,,,20580404,,,,,20590317,20620601,,,20550429,20680203,20630831,,,,,,,20651012,,,20530404,20660407,,20570223,,,,,,,,,20620717,,,,,,,,,,,,20640523,,20620209,,,20681225,,,,20660610,,,,,,,20500429,20630201,20631231,,,,,,,,,
,,,,,,20541208,,,,20540213,20550501,20500606,20630813,,20390812,,20511016,,,,,,,,,,,,,,,,,,,,,,20580412,,,,,20590318,20620719,,,20550511,20680214,20630917,,,,,,,20651109,,,20530409,20660408,,20570308,,,,,,,,,20620811,,,,,,,,,,,,20640606,,20620210,,,20681226,,,,20660709,,,,,,,20500503,20630202,20640101,,,,,,,,,
,,,,,,20541225,,,,20540406,20550706,20500701,20631015,,20390815,,20511106,,,,,,,,,,,,,,,,,,,,,,20580415,,,,,20590328,20620817,,,20550705,20680305,20631022,,,,,,,20651208,,,20530501,20660409,,20570309,,,,,,,,,20620918,,,,,,,,,,,,20640815,,20620213,,,20681231,,,,20660907,,,,,,,20500504,20630228,20640213,,,,,,,,,
,,,,,,20550101,,,,20540501,20550804,20500728,20631023,,20390823,,20511113,,,,,,,,,,,,,,,,,,,,,,20580430,,,,,20590414,20621129,,,20550726,20680501,20631225,,,,,,,20651225,,,20530520,20660830,,20570430,,,,,,,,,20621009,,,,,,,,,,,,20640924,,20620214,,,,,,,20661012,,,,,,,20500505,20630404,20640214,,,,,,,,,
,,,,,,20550301,,,,20540610,20550825,20500802,20631205,,20391020,,20511208,,,,,,,,,,,,,,,,,,,,,,20580501,,,,,20590501,20621225,,,20550831,20680514,20640101,,,,,,,20660101,,,20530612,20661101,,20570501,,,,,,,,,20621103,,,,,,,,,,,,20640925,,20620403,,,,,,,20661102,,,,,,,20500718,20630405,20640215,,,,,,,,,
,,,,,,20550302,,,,20540916,20550920,20500812,20631210,,20391026,,20511225,,,,,,,,,,,,,,,,,,,,,,20580625,,,,,20590508,20621226,,,20550916,20680516,20640107,,,,,,,20660106,,,20530725,20661130,,20570509,,,,,,,,,20621123,,,,,,,,,,,,20640926,,20620404,,,,,,,20661115,,,,,,,20500811,20630406,20640218,,,,,,,,,
,,,,,,20550324,,,,20541001,20550929,20501013,20631231,,20391115,,20511229,,,,,,,,,,,,,,,,,,,,,,20580701,,,,,20590522,20630101,,,20551004,20680831,20640121,,,,,,,20660319,,,20530821,20661208,,20570611,,,,,,,,,20630101,,,,,,,,,,,,20641003,,20620501,,,,,,,20661231,,,,,,,20500919,20630501,20640219,,,,,,,,,
,,,,,,20550402,,,,20541002,20550930,20501024,20640101,,20391117,,20520101,,,,,,,,,,,,,,,,,,,,,,20581001,,,,,20590527,20630129,,,20551019,20680917,20640122,,,,,,,20660408,,,20530825,20661220,,20570612,,,,,,,,,20630102,,,,,,,,,,,,20641009,,20620612,,,,,,,20670125,,,,,,,20500923,20630601,20640220,,,,,,,,,
,,,,,,20550415,,,,20541005,20551002,20501205,20640303,,20391130,,20520108,,,,,,,,,,,,,,,,,,,,,,20581003,,,,,20590612,20630130,,,20560201,20681025,20640201,,,,,,,20660409,,,20531208,20661224,,20571105,,,,,,,,,20630103,,,,,,,,,,,,20641225,,20620918,,,,,,,20670214,,,,,,,20501010,20631005,20640228,,,,,,,,,
,,,,,,20550416,,,,20541006,20551004,20501212,20640407,,20391226,,20520325,,,,,,,,,,,,,,,,,,,,,,20581025,,,,,20590821,20630131,,,20560202,20681113,20640218,,,,,,,20660610,,,20531224,20661230,,20580101,,,,,,,,,20630108,,,,,,,,,,,,20650101,,20621002,,,,,,,20670215,,,,,,,20501103,20631010,20640229,,,,,,,,,
,,,,,,20550525,,,,20541007,20551005,20510102,20640414,,20400125,,20520418,,,,,,,,,,,,,,,,,,,,,,20581225,,,,,20591225,20630201,,,20560215,20681126,20640219,,,,,,,20661012,,,20531225,20661231,,20580102,,,,,,,,,20630212,,,,,,,,,,,,20650204,,20621003,,,,,,,20670401,,,,,,,20501123,20631231,20640403,,,,,,,,,
,,,,,,20550621,,,,20550101,20551019,20510227,20640415,,20400126,,20520419,,,,,,,,,,,,,,,,,,,,,,20581226,,,,,20591226,20630202,,,20560216,20681127,20640328,,,,,,,20661101,,,20531226,20670214,,20580103,,,,,,,,,20630223,,,,,,,,,,,,20650205,,20621004,,,,,,,20670421,,,,,,,20510102,20640101,20640404,,,,,,,,,
,,,,,,20550709,,,,20550127,20551021,20510406,20640501,,20400326,,20520501,,,,,,,,,,,,,,,,,,,,,,20590101,,,,,20600101,20630330,,,20560403,20681225,20640418,,,,,,,20661109,,,20531230,20670224,,20580104,,,,,,,,,20630320,,,,,,,,,,,,20650206,,20621005,,,,,,,20670602,,,,,,,20510103,20640215,20640501,,,,,,,,,
,,,,,,20550816,,,,20550128,20551101,20510413,20640530,,20400329,,20520603,,,,,,,,,,,,,,,,,,,,,,20590212,,,,,20600202,20630409,,,20560417,,20640501,,,,,,,20661206,,,20531231,20670331,,20580107,,,,,,,,,20630430,,,,,,,,,,,,20650501,,20621006,,,,,,,20670907,,,,,,,20510109,20640218,20640619,,,,,,,,,
,,,,,,20551011,,,,20550129,20560115,20510414,20640701,,20400330,,20520624,,,,,,,,,,,,,,,,,,,,,,20590213,,,,,20600303,20630413,,,20560418,,20640502,,,,,,,20661208,,,20540101,20670401,,20580108,,,,,,,,,20630503,,,,,,,,,,,,20650505,,20630101,,,,,,,20671012,,,,,,,20510223,20640219,20640620,,,,,,,,,
,,,,,,20551208,,,,20550201,20560126,20510501,20640728,,20400402,,20520701,,,,,,,,,,,,,,,,,,,,,,20590214,,,,,20600304,20630430,,,20560501,,20640530,,,,,,,20670106,,,20540102,20670509,,20580308,,,,,,,,,20630504,,,,,,,,,,,,20650512,,20630129,,,,,,,20671102,,,,,,,20510321,20640220,20640925,,,,,,,,,
,,,,,,20551224,,,,20550202,20560317,20510524,20640812,,20400412,,20520807,,,,,,,,,,,,,,,,,,,,,,20590328,,,,,20600305,20630501,,,20560529,,20640627,,,,,,,20670331,,,20540326,20670829,,20580501,,,,,,,,,20630716,,,,,,,,,,,,20650914,,20630130,,,,,,,20671115,,,,,,,20510503,20640228,20640926,,,,,,,,,
,,,,,,20551231,,,,20550405,20560329,20510724,20641013,,20400420,,20520819,,,,,,,,,,,,,,,,,,,,,,20590331,,,,,20600401,20630524,,,20560714,,20640901,,,,,,,20670401,,,20540327,20671031,,20580502,,,,,,,,,20630917,,,,,,,,,,,,20650915,,20630131,,,,,,,20671230,,,,,,,20510504,20640229,20641010,,,,,,,,,
,,,,,,20560214,,,,20550503,20560331,20510728,20641023,,20400425,,20521014,,,,,,,,,,,,,,,,,,,,,,20590501,,,,,20600416,20630601,,,20560831,,20640916,,,,,,,20670502,,,20540409,20671101,,20580503,,,,,,,,,20630924,,,,,,,,,,,,20650916,,20630201,,,,,,,20680125,,,,,,,20510505,20640403,20650101,,,,,,,,,
,,,,,,20560215,,,,20550531,20560401,20510814,20641205,,20400501,,20521104,,,,,,,,,,,,,,,,,,,,,,20590519,,,,,20600510,20630709,,,20560922,,20641225,,,,,,,20670516,,,20540501,20671130,,20580509,,,,,,,,,20631008,,,,,,,,,,,,20651009,,20630202,,,,,,,20680305,,,,,,,20510717,20640404,20650102,,,,,,,,,
,,,,,,20560324,,,,20551001,20560414,20511013,20641210,,20400815,,20521111,,,,,,,,,,,,,,,,,,,,,,20590701,,,,,20600511,20630817,,,20561106,,20641226,,,,,,,20670602,,,20540511,20671208,,20580510,,,,,,,,,20631123,,,,,,,,,,,,20651225,,20630405,,,,,,,20680306,,,,,,,20510811,20640501,20650202,,,,,,,,,
,,,,,,20560330,,,,20551004,20560417,20511023,20641231,,20400910,,20521225,,,,,,,,,,,,,,,,,,,,,,20590922,,,,,20600527,20631224,,,20561225,,20650101,,,,,,,20670725,,,20540612,20671209,,20580612,,,,,,,,,20631231,,,,,,,,,,,,20660101,,20630406,,,,,,,20680420,,,,,,,20510918,20640619,20650203,,,,,,,,,
,,,,,,20560331,,,,20551005,20560501,20511205,20650101,,20401002,,20521231,,,,,,,,,,,,,,,,,,,,,,20591001,,,,,20600531,20631225,,,20570101,,20650108,,,,,,,20670815,,,20540715,20671230,,20581104,,,,,,,,,20640101,,,,,,,,,,,,20660125,,20630430,,,,,,,20680501,,,,,,,20511009,20640620,20650204,,,,,,,,,
,,,,,,20560501,,,,20551006,20560517,20511211,20650102,,20401008,,20530101,,,,,,,,,,,,,,,,,,,,,,20591014,,,,,20600601,20631231,,,20570122,,20650109,,,,,,,20671012,,,20540821,20680203,,20590101,,,,,,,,,20640102,,,,,,,,,,,,20660126,,20630501,,,,,,,20680621,,,,,,,20511103,20640925,20650205,,,,,,,,,
,,,,,,20560525,,,,20551007,20560724,20520101,20650220,,20401015,,20530106,,,,,,,,,,,,,,,,,,,,,,20591225,,,,,20600809,20640101,,,20570201,,20650202,,,,,,,20671101,,,20540831,20680213,,20590102,,,,,,,,,20640103,,,,,,,,,,,,20660127,,20630601,,,,,,,20680709,,,,,,,20511123,20640926,20650206,,,,,,,,,
,,,,,,20560620,,,,20551008,20560815,20520102,20650406,,20401105,,20530324,,,,,,,,,,,,,,,,,,,,,,20591226,,,,,20600817,20640121,,,20570205,,20650205,,,,,,,20671109,,,20541130,20680409,,20590103,,,,,,,,,20640114,,,,,,,,,,,,20660301,,20631001,,,,,,,20680907,,,,,,,20520101,20641010,20650209,,,,,,,,,
,,,,,,20560821,,,,20560103,20560913,20520214,20650413,,20401215,,20530403,,,,,,,,,,,,,,,,,,,,,,20600101,,,,,20601220,20640122,,,20570206,,20650206,,,,,,,20671206,,,20541208,20680419,,20590106,,,,,,,,,20640211,,,,,,,,,,,,20660505,,20631002,,,,,,,20681012,,,,,,,20520102,20650101,20650227,,,,,,,,,
,,,,,,20561016,,,,20560214,20561002,20520408,20650414,,20401225,,20530404,,,,,,,,,,,,,,,,,,,,,,20600202,,,,,20601224,20640123,,,20570323,,20650317,,,,,,,20671208,,,20541224,20680420,,20590107,,,,,,,,,20640320,,,,,,,,,,,,20660602,,20631003,,,,,,,20681102,,,,,,,20520103,20650102,20650402,,,,,,,,,
,,,,,,20561106,,,,20560215,20561017,20520415,20650415,,20410114,,20530501,,,,,,,,,,,,,,,,,,,,,,20600203,,,,,20610121,20640328,,,20570405,,20650407,,,,,,,20680106,,,20541225,20680501,,20590108,,,,,,,,,20640429,,,,,,,,,,,,20661004,,20631004,,,,,,,20681115,,,,,,,20520108,20650204,20650403,,,,,,,,,
,,,,,,20561120,,,,20560216,20561023,20520416,20650501,,20410219,,20530519,,,,,,,,,,,,,,,,,,,,,,20600204,,,,,20610221,20640404,,,20570406,,20650501,,,,,,,20680319,,,20541230,20680612,,20590310,,,,,,,,,20640505,,,,,,,,,,,,20661005,,20631005,,,,,,,20681120,,,,,,,20520212,20650205,20650501,,,,,,,,,
,,,,,,20561208,,,,20560217,20561101,20520501,20650519,,20410301,,20530609,,,,,,,,,,,,,,,,,,,,,,20600405,,,,,20610222,20640417,,,20570501,,20650519,,,,,,,20680419,,,20541231,20680821,,20590501,,,,,,,,,20640506,,,,,,,,,,,,20670214,,20631008,,,,,,,20681225,,,,,,,20520223,20650206,20650608,,,,,,,,,
,,,,,,20561225,,,,20560218,20561106,20520513,20650701,,20410315,,20530616,,,,,,,,,,,,,,,,,,,,,,20600416,,,,,20610223,20640418,,,20570518,,20650601,,,,,,,20680420,,,20550101,20680827,,20590502,,,,,,,,,20640721,,,,,,,,,,,,20670215,,20631231,,,,,,,20681231,,,,,,,20520320,20650209,20650914,,,,,,,,,
,,,,,,20570101,,,,20560403,20561108,20520701,20650717,,20410318,,20530630,,,,,,,,,,,,,,,,,,,,,,20600419,,,,,20610224,20640501,,,20570613,,20650616,,,,,,,20680501,,,20550128,20681101,,20590509,,,,,,,,,20640811,,,,,,,,,,,,20670216,,20640101,,,,,,,,,,,,,,20520429,20650227,20650915,,,,,,,,,
,,,,,,20570305,,,,20560404,20561225,20520711,20650728,,20410401,,20530807,,,,,,,,,,,,,,,,,,,,,,20600507,,,,,20610408,20640515,,,20570703,,20650831,,,,,,,20680502,,,20550409,20681127,,20590612,,,,,,,,,20640915,,,,,,,,,,,,20670301,,20640218,,,,,,,,,,,,,,20520503,20650402,20651009,,,,,,,,,
,,,,,,20570306,,,,20560501,20570115,20520729,20650812,,20410402,,20530818,,,,,,,,,,,,,,,,,,,,,,20600603,,,,,20610420,20640530,,,20570831,,20650916,,,,,,,20680515,,,20550415,20681130,,20590613,,,,,,,,,20640922,,,,,,,,,,,,20670309,,20640219,,,,,,,,,,,,,,20520506,20650403,20660101,,,,,,,,,
,,,,,,20570402,,,,20560619,20570126,20520812,20651013,,20410409,,20531013,,,,,,,,,,,,,,,,,,,,,,20600701,,,,,20610504,20640627,,,20570911,,20651028,,,,,,,20680815,,,20550416,20681224,,20591103,,,,,,,,,20641013,,,,,,,,,,,,20670505,,20640220,,,,,,,,,,,,,,20520715,20650501,20660121,,,,,,,,,
,,,,,,20570419,,,,20560925,20570303,20521014,20651023,,20410419,,20531103,,,,,,,,,,,,,,,,,,,,,,20600910,,,,,20610519,20641107,,,20570917,,20651215,,,,,,,20681012,,,20550429,20681225,,20591104,,,,,,,,,20641103,,,,,,,,,,,,20670520,,20640221,,,,,,,,,,,,,,20520812,20650608,20660122,,,,,,,,,
,,,,,,20570420,,,,20561002,20570402,20521023,20651207,,20410501,,20531117,,,,,,,,,,,,,,,,,,,,,,20601001,,,,,20610601,20641225,,,20571225,,20651225,,,,,,,20681101,,,20550510,20681231,,20600101,,,,,,,,,20641124,,,,,,,,,,,,20670606,,20640222,,,,,,,,,,,,,,20520916,20650914,20660125,,,,,,,,,
,,,,,,20570501,,,,20561003,20570404,20521205,20651210,,20410516,,20531208,,,,,,,,,,,,,,,,,,,,,,20601227,,,,,20610729,20641226,,,20580101,,20651229,,,,,,,20681109,,,20550705,,,20600102,,,,,,,,,20641231,,,,,,,,,,,,20670815,,20640404,,,,,,,,,,,,,,20520923,20650915,20660126,,,,,,,,,
,,,,,,20570525,,,,20561004,20570406,20521210,20651231,,20410815,,20531225,,,,,,,,,,,,,,,,,,,,,,20610121,,,,,20610817,20641231,,,20580124,,20651230,,,,,,,20681206,,,20550830,,,20600105,,,,,,,,,20650101,,,,,,,,,,,,20670922,,20640501,,,,,,,,,,,,,,20521014,20651009,20660127,,,,,,,,,
,,,,,,20570620,,,,20561005,20570417,20521231,20660101,,20410830,,20531231,,,,,,,,,,,,,,,,,,,,,,20610124,,,,,20611226,20650101,,,20580125,,20660101,,,,,,,20681225,,,20551025,,,20600106,,,,,,,,,20650102,,,,,,,,,,,,20670923,,20640502,,,,,,,,,,,,,,20521104,20660101,20660128,,,,,,,,,
,,,,,,20570709,,,,20561006,20570420,20530101,20660209,,20410927,,20540101,,,,,,,,,,,,,,,,,,,,,,20610404,,,,,20620209,20650105,,,20580201,,20660126,,,,,,,,,,20551101,,,20600107,,,,,,,,,20650112,,,,,,,,,,,,20671003,,20640619,,,,,,,,,,,,,,20521231,20660125,20660129,,,,,,,,,
,,,,,,20570820,,,,20570101,20570501,20530304,20660406,,20411002,,20540112,,,,,,,,,,,,,,,,,,,,,,20610408,,,,,20620210,20650106,,,20580207,,20660127,,,,,,,,,,20551130,,,20600108,,,,,,,,,20650211,,,,,,,,,,,,20680202,,20640620,,,,,,,,,,,,,,20530101,20660126,20660301,,,,,,,,,
,,,,,,20571015,,,,20570205,20570613,20530407,20660413,,20411005,,20540323,,,,,,,,,,,,,,,,,,,,,,20610411,,,,,20620213,20650107,,,20580312,,20660201,,,,,,,,,,20551208,,,20600109,,,,,,,,,20650223,,,,,,,,,,,,20680203,,20640925,,,,,,,,,,,,,,20530102,20660127,20660405,,,,,,,,,
,,,,,,20571106,,,,20570206,20570713,20530414,20660414,,20411024,,20540326,,,,,,,,,,,,,,,,,,,,,,20610502,,,,,20620214,20650108,,,20580326,,20660308,,,,,,,,,,20551224,,,20600223,,,,,,,,,20650320,,,,,,,,,,,,20680301,,20641001,,,,,,,,,,,,,,20530103,20660128,20660406,,,,,,,,,
,,,,,,20571119,,,,20570207,20570815,20530415,20660415,,20411108,,20540327,,,,,,,,,,,,,,,,,,,,,,20610526,,,,,20620324,20650109,,,20580327,,20660531,,,,,,,,,,20551230,,,20600308,,,,,,,,,20650429,,,,,,,,,,,,20680411,,20641002,,,,,,,,,,,,,,20530113,20660129,20660430,,,,,,,,,
,,,,,,20571225,,,,20570208,20570912,20530501,20660503,,20411205,,20540501,,,,,,,,,,,,,,,,,,,,,,20610622,,,,,20620410,20650205,,,20580501,,20660601,,,,,,,,,,20551231,,,20600503,,,,,,,,,20650504,,,,,,,,,,,,20680501,,20641003,,,,,,,,,,,,,,20530211,20660301,20660528,,,,,,,,,
,,,,,,20580101,,,,20570209,20570928,20530602,20660510,,20411225,,20540511,,,,,,,,,,,,,,,,,,,,,,20610701,,,,,20620420,20650316,,,20580507,,20660607,,,,,,,,,,20560215,,,20600504,,,,,,,,,20650505,,,,,,,,,,,,20680507,,20641006,,,,,,,,,,,,,,20530224,20660405,20661004,,,,,,,,,
,,,,,,20580225,,,,20570404,20571002,20530701,20660701,,20420103,,20540601,,,,,,,,,,,,,,,,,,,,,,20610929,,,,,20620501,20650317,,,20580603,,20660831,,,,,,,,,,20560330,,,20600510,,,,,,,,,20650506,,,,,,,,,,,,20680509,,20641007,,,,,,,,,,,,,,20530320,20660406,20661011,,,,,,,,,
,,,,,,20580226,,,,20570430,20571006,20530728,20660706,,20420218,,20540608,,,,,,,,,,,,,,,,,,,,,,20611021,,,,,20620504,20650327,,,20580916,,20660916,,,,,,,,,,20560331,,,20600614,,,,,,,,,20650720,,,,,,,,,,,,20680606,,20650101,,,,,,,,,,,,,,20530429,20660430,20661231,,,,,,,,,
,,,,,,20580402,,,,20570501,20571012,20530730,20660728,,20420219,,20540629,,,,,,,,,,,,,,,,,,,,,,20611226,,,,,20620511,20650406,,,20581115,,20661018,,,,,,,,,,20560417,,,20601104,,,,,,,,,20650811,,,,,,,,,,,,20680815,,20650102,,,,,,,,,,,,,,20530505,20660528,20670210,,,,,,,,,
,,,,,,20580411,,,,20570606,20571101,20530812,20660812,,20420305,,20540720,,,,,,,,,,,,,,,,,,,,,,20611227,,,,,20620523,20650407,,,20581225,,20661206,,,,,,,,,,20560501,,,20601105,,,,,,,,,20650921,,,,,,,,,,,,20680910,,20650204,,,,,,,,,,,,,,20530506,20661004,20670211,,,,,,,,,
,,,,,,20580412,,,,20570913,20571114,20531013,20661013,,20420307,,20540807,,,,,,,,,,,,,,,,,,,,,,20620102,,,,,20620601,20650501,,,20590101,,20661220,,,,,,,,,,20560612,,,20610103,,,,,,,,,20650922,,,,,,,,,,,,20680911,,20650205,,,,,,,,,,,,,,20530721,20661011,20670214,,,,,,,,,
,,,,,,20580501,,,,20570914,20571225,20531023,20661025,,20420329,,20540817,,,,,,,,,,,,,,,,,,,,,,20620209,,,,,20620719,20650507,,,20590128,,20670201,,,,,,,,,,20560623,,,20610104,,,,,,,,,20651012,,,,,,,,,,,,20680912,,20650206,,,,,,,,,,,,,,20530811,20661231,20670215,,,,,,,,,
,,,,,,20580617,,,,20571001,20580115,20531205,20661206,,20420401,,20541012,,,,,,,,,,,,,,,,,,,,,,20620210,,,,,20620817,20650520,,,20590212,,20670214,,,,,,,,,,20560821,,,20610105,,,,,,,,,20651103,,,,,,,,,,,,20681003,,20650209,,,,,,,,,,,,,,20530915,20670214,20670216,,,,,,,,,
,,,,,,20580620,,,,20571002,20580221,20531210,20661210,,20420403,,20541102,,,,,,,,,,,,,,,,,,,,,,20620324,,,,,20621129,20650601,,,20590213,,20670215,,,,,,,,,,20560828,,,20610106,,,,,,,,,20651123,,,,,,,,,,,,20681009,,20650210,,,,,,,,,,,,,,20530922,20670215,20670217,,,,,,,,,
,,,,,,20580709,,,,20571003,20580325,20531231,20661231,,20420404,,20541116,,,,,,,,,,,,,,,,,,,,,,20620327,,,,,20621225,20650617,,,20590303,,20670224,,,,,,,,,,20561101,,,20610107,,,,,,,,,20651231,,,,,,,,,,,,20681225,,20650406,,,,,,,,,,,,,,20531013,20670216,20670218,,,,,,,,,
,,,,,,20580819,,,,20571004,20580326,20540101,20670103,,20420414,,20541208,,,,,,,,,,,,,,,,,,,,,,20620404,,,,,20621226,20650817,,,20590317,,20670317,,,,,,,,,,20561130,,,20610110,,,,,,,,,20660101,,,,,,,,,,,,,,20650501,,,,,,,,,,,,,,20531103,20670217,20670228,,,,,,,,,
,,,,,,20581014,,,,20571005,20580401,20540102,20670228,,20420501,,20541225,,,,,,,,,,,,,,,,,,,,,,20620501,,,,,20630101,20651027,,,20590501,,20670502,,,,,,,,,,20561208,,,20610223,,,,,,,,,20660111,,,,,,,,,,,,,,20650608,,,,,,,,,,,,,,20531124,20670218,20670404,,,,,,,,,
,,,,,,20581106,,,,20571231,20580406,20540223,20670406,,20420505,,20541231,,,,,,,,,,,,,,,,,,,,,,20620516,,,,,20630129,20651225,,,20590522,,20670526,,,,,,,,,,20561225,,,20610307,,,,,,,,,20660211,,,,,,,,,,,,,,20650914,,,,,,,,,,,,,,20531231,20670228,20670405,,,,,,,,,
,,,,,,20581118,,,,20580101,20580412,20540406,20670413,,20420811,,20550101,,,,,,,,,,,,,,,,,,,,,,20620612,,,,,20630130,20651228,,,20590526,,20670527,,,,,,,,,,20570101,,,20610308,,,,,,,,,20660223,,,,,,,,,,,,,,20650915,,,,,,,,,,,,,,20540101,20670404,20670502,,,,,,,,,
,,,,,,20581225,,,,20580123,20580425,20540413,20670414,,20420815,,20550111,,,,,,,,,,,,,,,,,,,,,,20620918,,,,,20630131,20651229,,,20590612,,20670530,,,,,,,,,,20570406,,,20610502,,,,,,,,,20660429,,,,,,,,,,,,,,20651001,,,,,,,,,,,,,,20540102,20670405,20670616,,,,,,,,,
,,,,,,20590101,,,,20580124,20580501,20540414,20670415,,20420916,,20550322,,,,,,,,,,,,,,,,,,,,,,20621002,,,,,20630201,20651230,,,20590820,,20670531,,,,,,,,,,20570409,,,20610503,,,,,,,,,20660503,,,,,,,,,,,,,,20651002,,,,,,,,,,,,,,20540112,20670502,20670617,,,,,,,,,
,,,,,,20590210,,,,20580125,20580702,20540415,20670502,,20420918,,20550415,,,,,,,,,,,,,,,,,,,,,,20621011,,,,,20630202,20651231,,,20590901,,20670831,,,,,,,,,,20570419,,,20610509,,,,,,,,,20660504,,,,,,,,,,,,,,20651005,,,,,,,,,,,,,,20540211,20670616,20670923,,,,,,,,,
,,,,,,20590211,,,,20580128,20580815,20540501,20670527,,20421002,,20550416,,,,,,,,,,,,,,,,,,,,,,20621225,,,,,20630330,20660101,,,20590916,,20670916,,,,,,,,,,20570420,,,20610613,,,,,,,,,20660505,,,,,,,,,,,,,,20651006,,,,,,,,,,,,,,20540223,20670617,20671010,,,,,,,,,
,,,,,,20590324,,,,20580129,20580823,20540521,20670701,,20421024,,20550531,,,,,,,,,,,,,,,,,,,,,,20621226,,,,,20630409,20660126,,,20591104,,20671107,,,,,,,,,,20570501,,,20611104,,,,,,,,,20660719,,,,,,,,,,,,,,20651007,,,,,,,,,,,,,,20540320,20670923,20680102,,,,,,,,,
,,,,,,20590327,,,,20580404,20580917,20540701,20670726,,20421112,,20550621,,,,,,,,,,,,,,,,,,,,,,20630101,,,,,20630413,20660409,,,20591225,,20671124,,,,,,,,,,20570612,,,20620102,,,,,,,,,20660811,,,,,,,,,,,,,,20660101,,,,,,,,,,,,,,20540429,20671010,20680131,,,,,,,,,
,,,,,,20590328,,,,20580405,20581002,20540720,20670728,,20421113,,20550628,,,,,,,,,,,,,,,,,,,,,,20630129,,,,,20630430,20660426,,,20600101,,20671208,,,,,,,,,,20570821,,,20620103,,,,,,,,,20660920,,,,,,,,,,,,,,20660125,,,,,,,,,,,,,,20540504,20680102,20680201,,,,,,,,,
,,,,,,20590402,,,,20580501,20581031,20540728,20670812,,20421124,,20550705,,,,,,,,,,,,,,,,,,,,,,20630130,,,,,20630501,20660510,,,20600119,,20671209,,,,,,,,,,20570827,,,20620104,,,,,,,,,20660923,,,,,,,,,,,,,,20660126,,,,,,,,,,,,,,20540505,20680202,20680202,,,,,,,,,
,,,,,,20590501,,,,20580624,20581101,20540812,20671013,,20421127,,20550720,,,,,,,,,,,,,,,,,,,,,,20630131,,,,,20630524,20660520,,,20600202,,20671226,,,,,,,,,,20571101,,,20620105,,,,,,,,,20661011,,,,,,,,,,,,,,20660127,,,,,,,,,,,,,,20540506,20680203,20680203,,,,,,,,,
,,,,,,20590616,,,,20580625,20581115,20541013,20671024,,20421225,,20550816,,,,,,,,,,,,,,,,,,,,,,20630405,,,,,20630601,20660601,,,20600203,,20680102,,,,,,,,,,20571130,,,20620106,,,,,,,,,20661103,,,,,,,,,,,,,,20660128,,,,,,,,,,,,,,20540720,20680206,20680206,,,,,,,,,
,,,,,,20590620,,,,20581001,20581116,20541023,20671205,,20430126,,20551018,,,,,,,,,,,,,,,,,,,,,,20630413,,,,,20630709,20660817,,,20600204,,20680201,,,,,,,,,,20571224,,,20620223,,,,,,,,,20661123,,,,,,,,,,,,,,20660129,,,,,,,,,,,,,,20540811,20680207,20680207,,,,,,,,,
,,,,,,20590709,,,,20581002,20581203,20541207,20671212,,20430219,,20551101,,,,,,,,,,,,,,,,,,,,,,20630416,,,,,20630817,20661217,,,20600219,,20680203,,,,,,,,,,20571225,,,20620224,,,,,,,,,20661231,,,,,,,,,,,,,,20660405,,,,,,,,,,,,,,20540921,20680227,20680227,,,,,,,,,
,,,,,,20590818,,,,20581003,20581225,20541210,20680102,,20430223,,20551115,,,,,,,,,,,,,,,,,,,,,,20630501,,,,,20631224,20661220,,,20600304,,20680214,,,,,,,,,,20571231,,,20620308,,,,,,,,,20670103,,,,,,,,,,,,,,20660503,,,,,,,,,,,,,,20540922,20680228,20680228,,,,,,,,,
,,,,,,20591013,,,,20581004,20590115,20541231,20680220,,20430309,,20551208,,,,,,,,,,,,,,,,,,,,,,20630601,,,,,20631225,20661221,,,20600305,,20680305,,,,,,,,,,20580101,,,20620501,,,,,,,,,20670110,,,,,,,,,,,,,,20660528,,,,,,,,,,,,,,20540923,20680403,20680403,,,,,,,,,
,,,,,,20591106,,,,20581007,20590312,20550101,20680406,,20430326,,20551231,,,,,,,,,,,,,,,,,,,,,,20630702,,,,,20640101,20661224,,,20600511,,20680501,,,,,,,,,,20580124,,,20620508,,,,,,,,,20670211,,,,,,,,,,,,,,20661001,,,,,,,,,,,,,,20541012,20680404,20680404,,,,,,,,,
,,,,,,20591124,,,,20581008,20590328,20550211,20680413,,20430327,,20560110,,,,,,,,,,,,,,,,,,,,,,20631001,,,,,20640121,20661231,,,20600514,,20680514,,,,,,,,,,20580326,,,20620509,,,,,,,,,20670223,,,,,,,,,,,,,,20661004,,,,,,,,,,,,,,20541103,20680501,20680501,,,,,,,,,
,,,,,,20591208,,,,20590101,20590401,20550406,20680416,,20430401,,20560320,,,,,,,,,,,,,,,,,,,,,,20631030,,,,,20640122,20670214,,,20600531,,20680516,,,,,,,,,,20580409,,,20620612,,,,,,,,,20670321,,,,,,,,,,,,,,20661005,,,,,,,,,,,,,,20541123,20680604,20680604,,,,,,,,,
,,,,,,20591225,,,,20590211,20590414,20550413,20680501,,20430410,,20560330,,,,,,,,,,,,,,,,,,,,,,20631225,,,,,20640123,20670224,,,20600809,,20680530,,,,,,,,,,20580411,,,20621106,,,,,,,,,20670429,,,,,,,,,,,,,,20661006,,,,,,,,,,,,,,20541231,20680910,20680910,,,,,,,,,
,,,,,,20591226,,,,20590212,20590425,20550414,20680516,,20430414,,20560331,,,,,,,,,,,,,,,,,,,,,,20631226,,,,,20640328,20670317,,,20600831,,20680531,,,,,,,,,,20580412,,,20630101,,,,,,,,,20670503,,,,,,,,,,,,,,20661007,,,,,,,,,,,,,,20550101,20680911,20680911,,,,,,,,,
,,,,,,20600101,,,,20590213,20590501,20550415,20680716,,20430417,,20560501,,,,,,,,,,,,,,,,,,,,,,20640101,,,,,20640404,20670401,,,20600916,,20680831,,,,,,,,,,20580501,,,20630102,,,,,,,,,20670504,,,,,,,,,,,,,,20661008,,,,,,,,,,,,,,20550111,20681010,20681010,,,,,,,,,
,,,,,,20600301,,,,20590214,20590514,20550503,20680730,,20430421,,20560515,,,,,,,,,,,,,,,,,,,,,,20640218,,,,,20640417,20670415,,,20610121,,20680917,,,,,,,,,,20580513,,,20630103,,,,,,,,,20670505,,,,,,,,,,,,,,20670103,,,,,,,,,,,,,,20550211,20681231,20681231,,,,,,,,,
,,,,,,20600302,,,,20590217,20590523,20550510,20680813,,20430501,,20560605,,,,,,,,,,,,,,,,,,,,,,20640219,,,,,20640418,20670512,,,20610201,,20681025,,,,,,,,,,20580531,,,20630104,,,,,,,,,20670718,,,,,,,,,,,,,,20670214,,,,,,,,,,,,,,20550223,,,,,,,,,,,
,,,,,,20600324,,,,20590407,20590621,20550701,20681015,,20430811,,20560612,,,,,,,,,,,,,,,,,,,,,,20640220,,,,,20640501,20670526,,,20610204,,20681113,,,,,,,,,,20580612,,,20630105,,,,,,,,,20670811,,,,,,,,,,,,,,20670215,,,,,,,,,,,,,,20550322,,,,,,,,,,,
,,,,,,20600402,,,,20590501,20590815,20550708,20681023,,20430815,,20560703,,,,,,,,,,,,,,,,,,,,,,20640403,,,,,20640515,20670601,,,20610208,,20681126,,,,,,,,,,20580821,,,20630108,,,,,,,,,20670919,,,,,,,,,,,,,,20670216,,,,,,,,,,,,,,20550429,,,,,,,,,,,
,,,,,,20600415,,,,20590502,20590821,20550728,20681205,,20430905,,20560720,,,,,,,,,,,,,,,,,,,,,,20640404,,,,,20640530,20670817,,,20610221,,20681127,,,,,,,,,,20580826,,,20630223,,,,,,,,,20670923,,,,,,,,,,,,,,20670217,,,,,,,,,,,,,,20550503,,,,,,,,,,,
,,,,,,20600416,,,,20590616,20590911,20550812,20681210,,20430907,,20560807,,,,,,,,,,,,,,,,,,,,,,20640407,,,,,20640627,20671006,,,20610222,,20681225,,,,,,,,,,20581028,,,20630308,,,,,,,,,20671010,,,,,,,,,,,,,,20670218,,,,,,,,,,,,,,20550504,,,,,,,,,,,
,,,,,,20600525,,,,20590922,20591002,20551013,20681231,,20431002,,20560821,,,,,,,,,,,,,,,,,,,,,,20640501,,,,,20641107,20671205,,,20610502,,,,,,,,,,,,20581101,,,20630309,,,,,,,,,20671103,,,,,,,,,,,,,,20670404,,,,,,,,,,,,,,20550505,,,,,,,,,,,
,,,,,,20600621,,,,20591001,20591006,20551025,,,20431013,,20561016,,,,,,,,,,,,,,,,,,,,,,20640523,,,,,20641225,20671206,,,20610504,,,,,,,,,,,,20581224,,,20630430,,,,,,,,,20671123,,,,,,,,,,,,,,20670405,,,,,,,,,,,,,,20550719,,,,,,,,,,,
,,,,,,20600709,,,,20591002,20591015,20551206,,,20431102,,20561106,,,,,,,,,,,,,,,,,,,,,,20640619,,,,,20641226,20671207,,,20610729,,,,,,,,,,,,20581225,,,20630501,,,,,,,,,20680102,,,,,,,,,,,,,,20670502,,,,,,,,,,,,,,20550811,,,,,,,,,,,
,,,,,,20600816,,,,20591003,20591016,20551210,,,20431113,,20561113,,,,,,,,,,,,,,,,,,,,,,20640701,,,,,20650101,20671208,,,20610831,,,,,,,,,,,,20581230,,,20630509,,,,,,,,,20680103,,,,,,,,,,,,,,20670616,,,,,,,,,,,,,,20550920,,,,,,,,,,,
,,,,,,20601011,,,,20591006,20591021,20551231,,,20431116,,20561208,,,,,,,,,,,,,,,,,,,,,,20640926,,,,,20650107,20671209,,,20610916,,,,,,,,,,,,20581231,,,20630611,,,,,,,,,20680109,,,,,,,,,,,,,,20670617,,,,,,,,,,,,,,20550923,,,,,,,,,,,
,,,,,,20601208,,,,20591007,20591101,20560103,,,20431225,,20561225,,,,,,,,,,,,,,,,,,,,,,20641001,,,,,20650108,20671226,,,20611111,,,,,,,,,,,,20590101,,,20630612,,,,,,,,,20680223,,,,,,,,,,,,,,20670923,,,,,,,,,,,,,,20551011,,,,,,,,,,,
,,,,,,20601224,,,,20600101,20591104,20560229,,,20440126,,20561229,,,,,,,,,,,,,,,,,,,,,,20641225,,,,,20650109,20680203,,,20611226,,,,,,,,,,,,20590212,,,20631105,,,,,,,,,20680320,,,,,,,,,,,,,,20671003,,,,,,,,,,,,,,20551103,,,,,,,,,,,
,,,,,,20601231,,,,20600102,20591106,20560406,,,20440212,,20570101,,,,,,,,,,,,,,,,,,,,,,20641226,,,,,20650205,20680213,,,20620102,,,,,,,,,,,,20590317,,,20640101,,,,,,,,,20680430,,,,,,,,,,,,,,20671004,,,,,,,,,,,,,,20551123,,,,,,,,,,,
,,,,,,20610221,,,,20600202,20591225,20560413,,,20440219,,20570108,,,,,,,,,,,,,,,,,,,,,,20650101,,,,,20650316,20680214,,,20620125,,,,,,,,,,,,20590327,,,20640102,,,,,,,,,20680503,,,,,,,,,,,,,,20671005,,,,,,,,,,,,,,20551231,,,,,,,,,,,
,,,,,,20610222,,,,20600203,20600115,20560414,,,20440314,,20570319,,,,,,,,,,,,,,,,,,,,,,20650205,,,,,20650317,20680305,,,20620201,,,,,,,,,,,,20590328,,,20640103,,,,,,,,,20680504,,,,,,,,,,,,,,20671006,,,,,,,,,,,,,,20560103,,,,,,,,,,,
,,,,,,20610324,,,,20600204,20600126,20560501,,,20440330,,20570419,,,,,,,,,,,,,,,,,,,,,,20650206,,,,,20650327,20680403,,,20620209,,,,,,,,,,,,20590409,,,20640104,,,,,,,,,20680716,,,,,,,,,,,,,,20671007,,,,,,,,,,,,,,20560110,,,,,,,,,,,
,,,,,,20610407,,,,20600205,20600301,20560529,,,20440401,,20570420,,,,,,,,,,,,,,,,,,,,,,20650327,,,,,20650406,20680420,,,20620210,,,,,,,,,,,,20590501,,,20640107,,,,,,,,,20680917,,,,,,,,,,,,,,20680102,,,,,,,,,,,,,,20560211,,,,,,,,,,,
,,,,,,20610408,,,,20600206,20600304,20560727,,,20440406,,20570501,,,,,,,,,,,,,,,,,,,,,,20650330,,,,,20650407,20680501,,,20620213,,,,,,,,,,,,20590522,,,20640108,,,,,,,,,20681008,,,,,,,,,,,,,,20680202,,,,,,,,,,,,,,20560223,,,,,,,,,,,
,,,,,,20610525,,,,20600405,20600401,20560728,,,20440414,,20570604,,,,,,,,,,,,,,,,,,,,,,20650501,,,,,20650501,20680514,,,20620420,,,,,,,,,,,,20590612,,,20640310,,,,,,,,,20681123,,,,,,,,,,,,,,20680203,,,,,,,,,,,,,,20560320,,,,,,,,,,,
,,,,,,20610620,,,,20600503,20600402,20560814,,,20440415,,20570625,,,,,,,,,,,,,,,,,,,,,,20650512,,,,,20650507,20680517,,,20620501,,,,,,,,,,,,20590821,,,20640501,,,,,,,,,20681231,,,,,,,,,,,,,,20680206,,,,,,,,,,,,,,20560503,,,,,,,,,,,
,,,,,,20610815,,,,20600603,20600413,20561013,,,20440511,,20570702,,,,,,,,,,,,,,,,,,,,,,20650608,,,,,20650520,20680531,,,20620510,,,,,,,,,,,,20590825,,,20640502,,,,,,,,,,,,,,,,,,,,,,,20680207,,,,,,,,,,,,,,20560504,,,,,,,,,,,
,,,,,,20611010,,,,20600604,20600414,20561023,,,20440810,,20570720,,,,,,,,,,,,,,,,,,,,,,20650701,,,,,20650601,20680601,,,20620523,,,,,,,,,,,,20591208,,,20640509,,,,,,,,,,,,,,,,,,,,,,,20680208,,,,,,,,,,,,,,20560505,,,,,,,,,,,
,,,,,,20611208,,,,20600909,20600416,20561205,,,20440815,,20570807,,,,,,,,,,,,,,,,,,,,,,20650916,,,,,20650617,20680817,,,20620719,,,,,,,,,,,,20591224,,,20640612,,,,,,,,,,,,,,,,,,,,,,,20680404,,,,,,,,,,,,,,20560717,,,,,,,,,,,
,,,,,,20620206,,,,20600910,20600501,20561211,,,20440825,,20570820,,,,,,,,,,,,,,,,,,,,,,20651001,,,,,20650817,20680924,,,20620831,,,,,,,,,,,,20591225,,,20640613,,,,,,,,,,,,,,,,,,,,,,,20680430,,,,,,,,,,,,,,20560811,,,,,,,,,,,
,,,,,,20620207,,,,20601001,20600503,20570101,,,20440826,,20571015,,,,,,,,,,,,,,,,,,,,,,20651008,,,,,20651027,20681126,,,20621031,,,,,,,,,,,,20591226,,,20641103,,,,,,,,,,,,,,,,,,,,,,,20680501,,,,,,,,,,,,,,20560918,,,,,,,,,,,
,,,,,,20620323,,,,20601004,20600511,20570102,,,20441001,,20571105,,,,,,,,,,,,,,,,,,,,,,20651225,,,,,20651225,20681127,,,20621225,,,,,,,,,,,,20591230,,,20641104,,,,,,,,,,,,,,,,,,,,,,,20680604,,,,,,,,,,,,,,20560922,,,,,,,,,,,
,,,,,,20620324,,,,20601005,20600610,20570219,,,20441020,,20571112,,,,,,,,,,,,,,,,,,,,,,20660101,,,,,20651228,20681128,,,20630101,,,,,,,,,,,,20591231,,,20650101,,,,,,,,,,,,,,,,,,,,,,,20680910,,,,,,,,,,,,,,20561009,,,,,,,,,,,
,,,,,,20620501,,,,20601006,20600809,20570406,,,20441021,,20571225,,,,,,,,,,,,,,,,,,,,,,20660126,,,,,20651229,20681129,,,20630117,,,,,,,,,,,,20600101,,,20650102,,,,,,,,,,,,,,,,,,,,,,,20680911,,,,,,,,,,,,,,20561103,,,,,,,,,,,
,,,,,,20620525,,,,20601007,20600924,20570413,,,20441101,,20571231,,,,,,,,,,,,,,,,,,,,,,20660127,,,,,20651230,20681130,,,20630129,,,,,,,,,,,,20600102,,,20650105,,,,,,,,,,,,,,,,,,,,,,,20681001,,,,,,,,,,,,,,20561123,,,,,,,,,,,
,,,,,,20620620,,,,20610103,20601002,20570416,,,20441105,,20580101,,,,,,,,,,,,,,,,,,,,,,20660128,,,,,20651231,20681224,,,20630130,,,,,,,,,,,,20600202,,,20650106,,,,,,,,,,,,,,,,,,,,,,,20681002,,,,,,,,,,,,,,20570101,,,,,,,,,,,
,,,,,,20620821,,,,20610120,20601004,20570501,,,20441201,,20580107,,,,,,,,,,,,,,,,,,,,,,20660405,,,,,20660101,20681225,,,20630131,,,,,,,,,,,,20600305,,,20650107,,,,,,,,,,,,,,,,,,,,,,,20681003,,,,,,,,,,,,,,20570102,,,,,,,,,,,
,,,,,,20621016,,,,20610121,20601005,20570518,,,20450126,,20580325,,,,,,,,,,,,,,,,,,,,,,20660409,,,,,20660126,20681231,,,20630201,,,,,,,,,,,,20600409,,,20650108,,,,,,,,,,,,,,,,,,,,,,,20681004,,,,,,,,,,,,,,20570103,,,,,,,,,,,
,,,,,,20621106,,,,20610124,20601025,20570716,,,20450131,,20580411,,,,,,,,,,,,,,,,,,,,,,20660412,,,,,20660409,,,,20630202,,,,,,,,,,,,20600415,,,20650109,,,,,,,,,,,,,,,,,,,,,,,20681005,,,,,,,,,,,,,,20570108,,,,,,,,,,,
,,,,,,20621120,,,,20610125,20601101,20570730,,,20450215,,20580412,,,,,,,,,,,,,,,,,,,,,,20660503,,,,,20660426,,,,20630212,,,,,,,,,,,,20600416,,,20650223,,,,,,,,,,,,,,,,,,,,,,,20681231,,,,,,,,,,,,,,20570212,,,,,,,,,,,
,,,,,,20621208,,,,20610126,20601110,20570813,,,20450303,,20580501,,,,,,,,,,,,,,,,,,,,,,20660528,,,,,20660510,,,,20630409,,,,,,,,,,,,20600510,,,20650309,,,,,,,,,,,,,,,,,,,,,,,,,,,,,,,,,,,,,20570223,,,,,,,,,,,
,,,,,,20621225,,,,20610404,20610115,20571015,,,20450327,,20580527,,,,,,,,,,,,,,,,,,,,,,20660701,,,,,20660520,,,,20630430,,,,,,,,,,,,20600830,,,20650501,,,,,,,,,,,,,,,,,,,,,,,,,,,,,,,,,,,,,20570320,,,,,,,,,,,
,,,,,,20630101,,,,20610502,20610126,20571023,,,20450331,,20580617,,,,,,,,,,,,,,,,,,,,,,20661001,,,,,20660601,,,,20630501,,,,,,,,,,,,20601101,,,20650504,,,,,,,,,,,,,,,,,,,,,,,,,,,,,,,,,,,,,20570430,,,,,,,,,,,
,,,,,,20630226,,,,20610622,20610218,20571205,,,20450401,,20580624,,,,,,,,,,,,,,,,,,,,,,20661004,,,,,20660817,,,,20630709,,,,,,,,,,,,20601130,,,20650511,,,,,,,,,,,,,,,,,,,,,,,,,,,,,,,,,,,,,20570503,,,,,,,,,,,
,,,,,,20630227,,,,20610928,20610222,20571210,,,20450407,,20580701,,,,,,,,,,,,,,,,,,,,,,20661027,,,,,20661217,,,,20630831,,,,,,,,,,,,20601208,,,20650612,,,,,,,,,,,,,,,,,,,,,,,,,,,,,,,,,,,,,20570504,,,,,,,,,,,
,,,,,,20630402,,,,20611003,20610322,20571231,,,20450414,,20580807,,,,,,,,,,,,,,,,,,,,,,20661227,,,,,20661220,,,,20630917,,,,,,,,,,,,20601224,,,20651104,,,,,,,,,,,,,,,,,,,,,,,,,,,,,,,,,,,,,20570716,,,,,,,,,,,
,,,,,,20630412,,,,20611004,20610401,20580101,,,20450501,,20580819,,,,,,,,,,,,,,,,,,,,,,20670214,,,,,20661221,,,,20631022,,,,,,,,,,,,20601230,,,20660101,,,,,,,,,,,,,,,,,,,,,,,,,,,,,,,,,,,,,20570917,,,,,,,,,,,
,,,,,,20630413,,,,20611005,20610402,20580208,,,20450810,,20581014,,,,,,,,,,,,,,,,,,,,,,20670215,,,,,20661224,,,,20631225,,,,,,,,,,,,20601231,,,20660104,,,,,,,,,,,,,,,,,,,,,,,,,,,,,,,,,,,,,20571008,,,,,,,,,,,
,,,,,,20630501,,,,20611006,20610408,20580408,,,20450815,,20581104,,,,,,,,,,,,,,,,,,,,,,20670216,,,,,20670214,,,,20640101,,,,,,,,,,,,20610121,,,20660105,,,,,,,,,,,,,,,,,,,,,,,,,,,,,,,,,,,,,20571123,,,,,,,,,,,
,,,,,,20630525,,,,20611007,20610414,20580415,,,20450914,,20581111,,,,,,,,,,,,,,,,,,,,,,20670401,,,,,20670224,,,,20640107,,,,,,,,,,,,20610222,,,20660106,,,,,,,,,,,,,,,,,,,,,,,,,,,,,,,,,,,,,20571231,,,,,,,,,,,
,,,,,,20630620,,,,20620102,20610422,20580416,,,20451002,,20581225,,,,,,,,,,,,,,,,,,,,,,20670404,,,,,20670317,,,,20640121,,,,,,,,,,,,20610407,,,20660107,,,,,,,,,,,,,,,,,,,,,,,,,,,,,,,,,,,,,20580101,,,,,,,,,,,
,,,,,,20630709,,,,20620208,20610530,20580501,,,20451020,,20581231,,,,,,,,,,,,,,,,,,,,,,20670405,,,,,20670401,,,,20640122,,,,,,,,,,,,20610408,,,20660108,,,,,,,,,,,,,,,,,,,,,,,,,,,,,,,,,,,,,20580102,,,,,,,,,,,
,,,,,,20630820,,,,20620209,20610730,20580507,,,20451021,,20590101,,,,,,,,,,,,,,,,,,,,,,20670502,,,,,20670415,,,,20640201,,,,,,,,,,,,20610429,,,20660222,,,,,,,,,,,,,,,,,,,,,,,,,,,,,,,,,,,,,20580103,,,,,,,,,,,
,,,,,,20631015,,,,20620210,20610815,20580701,,,20451108,,20590106,,,,,,,,,,,,,,,,,,,,,,20670520,,,,,20670512,,,,20640218,,,,,,,,,,,,20610509,,,20660223,,,,,,,,,,,,,,,,,,,,,,,,,,,,,,,,,,,,,20580114,,,,,,,,,,,
,,,,,,20631106,,,,20620213,20610917,20580705,,,20451109,,20590324,,,,,,,,,,,,,,,,,,,,,,20670616,,,,,20670526,,,,20640219,,,,,,,,,,,,20610829,,,20660308,,,,,,,,,,,,,,,,,,,,,,,,,,,,,,,,,,,,,20580211,,,,,,,,,,,
,,,,,,20631119,,,,20620214,20611013,20580729,,,20451120,,20590327,,,,,,,,,,,,,,,,,,,,,,20670701,,,,,20670601,,,,20640328,,,,,,,,,,,,20611031,,,20660503,,,,,,,,,,,,,,,,,,,,,,,,,,,,,,,,,,,,,20580320,,,,,,,,,,,
,,,,,,20631225,,,,20620403,20611028,20580812,,,20451124,,20590328,,,,,,,,,,,,,,,,,,,,,,20671017,,,,,20670817,,,,20640418,,,,,,,,,,,,20611101,,,20660504,,,,,,,,,,,,,,,,,,,,,,,,,,,,,,,,,,,,,20580429,,,,,,,,,,,
,,,,,,20640101,,,,20620404,20611101,20581014,,,20451225,,20590501,,,,,,,,,,,,,,,,,,,,,,20671226,,,,,20671006,,,,20640501,,,,,,,,,,,,20611130,,,20660510,,,,,,,,,,,,,,,,,,,,,,,,,,,,,,,,,,,,,20580503,,,,,,,,,,,
,,,,,,20640218,,,,20620501,20611111,20581023,,,20460120,,20590512,,,,,,,,,,,,,,,,,,,,,,20671227,,,,,20671207,,,,20640502,,,,,,,,,,,,20611208,,,20660614,,,,,,,,,,,,,,,,,,,,,,,,,,,,,,,,,,,,,20580506,,,,,,,,,,,
,,,,,,20640219,,,,20620612,20611129,20581205,,,20460126,,20590602,,,,,,,,,,,,,,,,,,,,,,20680102,,,,,20671208,,,,20640627,,,,,,,,,,,,20611230,,,20661104,,,,,,,,,,,,,,,,,,,,,,,,,,,,,,,,,,,,,20580715,,,,,,,,,,,
,,,,,,20640324,,,,20620918,20620126,20581210,,,20460219,,20590609,,,,,,,,,,,,,,,,,,,,,,20680203,,,,,20671209,,,,20640901,,,,,,,,,,,,20620209,,,20661105,,,,,,,,,,,,,,,,,,,,,,,,,,,,,,,,,,,,,20580812,,,,,,,,,,,
,,,,,,20640402,,,,20621002,20620309,20581231,,,20460305,,20590630,,,,,,,,,,,,,,,,,,,,,,20680206,,,,,20671226,,,,20640916,,,,,,,,,,,,20620210,,,20670103,,,,,,,,,,,,,,,,,,,,,,,,,,,,,,,,,,,,,20580916,,,,,,,,,,,
,,,,,,20640403,,,,20621003,20620324,20590101,,,20460322,,20590807,,,,,,,,,,,,,,,,,,,,,,20680404,,,,,20680203,,,,20641225,,,,,,,,,,,,20620323,,,20670104,,,,,,,,,,,,,,,,,,,,,,,,,,,,,,,,,,,,,20580923,,,,,,,,,,,
,,,,,,20640404,,,,20621004,20620401,20590226,,,20460323,,20590818,,,,,,,,,,,,,,,,,,,,,,20680420,,,,,20680213,,,,20641226,,,,,,,,,,,,20620324,,,20670105,,,,,,,,,,,,,,,,,,,,,,,,,,,,,,,,,,,,,20581014,,,,,,,,,,,
,,,,,,20640501,,,,20621005,20620410,20590407,,,20460402,,20591013,,,,,,,,,,,,,,,,,,,,,,20680423,,,,,20680214,,,,20650101,,,,,,,,,,,,20620420,,,20670106,,,,,,,,,,,,,,,,,,,,,,,,,,,,,,,,,,,,,20581104,,,,,,,,,,,
,,,,,,20640616,,,,20621006,20620414,20590414,,,20460407,,20591103,,,,,,,,,,,,,,,,,,,,,,20680501,,,,,20680305,,,,20650108,,,,,,,,,,,,20620501,,,20670107,,,,,,,,,,,,,,,,,,,,,,,,,,,,,,,,,,,,,20581231,,,,,,,,,,,
,,,,,,20640620,,,,20630101,20620421,20590415,,,20460419,,20591117,,,,,,,,,,,,,,,,,,,,,,20680509,,,,,20680403,,,,20650109,,,,,,,,,,,,20620612,,,20670110,,,,,,,,,,,,,,,,,,,,,,,,,,,,,,,,,,,,,20590101,,,,,,,,,,,
,,,,,,20640709,,,,20630129,20620501,20590501,,,20460501,,20591208,,,,,,,,,,,,,,,,,,,,,,20680604,,,,,20680420,,,,20650122,,,,,,,,,,,,20620821,,,20670223,,,,,,,,,,,,,,,,,,,,,,,,,,,,,,,,,,,,,20590102,,,,,,,,,,,
,,,,,,20640818,,,,20630130,20620511,20590526,,,20460804,,20591225,,,,,,,,,,,,,,,,,,,,,,20680702,,,,,20680501,,,,20650202,,,,,,,,,,,,20620828,,,20670307,,,,,,,,,,,,,,,,,,,,,,,,,,,,,,,,,,,,,20590103,,,,,,,,,,,
,,,,,,20641013,,,,20630131,20620520,20590701,,,20460810,,20591231,,,,,,,,,,,,,,,,,,,,,,20680912,,,,,20680514,,,,20650205,,,,,,,,,,,,20621101,,,20670308,,,,,,,,,,,,,,,,,,,,,,,,,,,,,,,,,,,,,20590113,,,,,,,,,,,
,,,,,,20641106,,,,20630201,20620719,20590724,,,20460815,,20600101,,,,,,,,,,,,,,,,,,,,,,20681001,,,,,20680517,,,,20650206,,,,,,,,,,,,20621130,,,20670502,,,,,,,,,,,,,,,,,,,,,,,,,,,,,,,,,,,,,20590211,,,,,,,,,,,
,,,,,,20641124,,,,20630202,20620815,20590728,,,20460903,,20600112,,,,,,,,,,,,,,,,,,,,,,20681004,,,,,20680531,,,,20650317,,,,,,,,,,,,20621208,,,20670503,,,,,,,,,,,,,,,,,,,,,,,,,,,,,,,,,,,,,20590224,,,,,,,,,,,
,,,,,,20641208,,,,20630405,20620906,20590812,,,20461002,,20600322,,,,,,,,,,,,,,,,,,,,,,20681225,,,,,20680601,,,,20650407,,,,,,,,,,,,20621225,,,20670509,,,,,,,,,,,,,,,,,,,,,,,,,,,,,,,,,,,,,20590320,,,,,,,,,,,
,,,,,,20641225,,,,20630406,20621002,20591013,,,20461008,,20600415,,,,,,,,,,,,,,,,,,,,,,20681226,,,,,20680817,,,,20650501,,,,,,,,,,,,20630101,,,20670613,,,,,,,,,,,,,,,,,,,,,,,,,,,,,,,,,,,,,20590429,,,,,,,,,,,
,,,,,,20641226,,,,20630430,20621012,20591023,,,20461011,,20600416,,,,,,,,,,,,,,,,,,,,,,,,,,,20680924,,,,20650519,,,,,,,,,,,,20630129,,,20671104,,,,,,,,,,,,,,,,,,,,,,,,,,,,,,,,,,,,,20590505,,,,,,,,,,,
,,,,,,20650101,,,,20630501,20621018,20591205,,,20461029,,20600531,,,,,,,,,,,,,,,,,,,,,,,,,,,20681126,,,,20650616,,,,,,,,,,,,20630131,,,20680102,,,,,,,,,,,,,,,,,,,,,,,,,,,,,,,,,,,,,20590506,,,,,,,,,,,
,,,,,,20650209,,,,20630601,20621031,20591210,,,20461030,,20600621,,,,,,,,,,,,,,,,,,,,,,,,,,,20681127,,,,20650831,,,,,,,,,,,,20630409,,,20680103,,,,,,,,,,,,,,,,,,,,,,,,,,,,,,,,,,,,,20590721,,,,,,,,,,,
,,,,,,20650210,,,,20631001,20621101,20591231,,,20461109,,20600628,,,,,,,,,,,,,,,,,,,,,,,,,,,20681128,,,,20650916,,,,,,,,,,,,20630412,,,20680104,,,,,,,,,,,,,,,,,,,,,,,,,,,,,,,,,,,,,20590811,,,,,,,,,,,
,,,,,,20650324,,,,20631002,20621102,20600101,,,20461113,,20600705,,,,,,,,,,,,,,,,,,,,,,,,,,,20681129,,,,20651028,,,,,,,,,,,,20630413,,,20680105,,,,,,,,,,,,,,,,,,,,,,,,,,,,,,,,,,,,,20590915,,,,,,,,,,,
,,,,,,20650326,,,,20631003,20621225,20600102,,,20461225,,20600720,,,,,,,,,,,,,,,,,,,,,,,,,,,20681224,,,,20651215,,,,,,,,,,,,20630501,,,20680106,,,,,,,,,,,,,,,,,,,,,,,,,,,,,,,,,,,,,20590923,,,,,,,,,,,
,,,,,,20650327,,,,20631004,20630115,20600216,,,20470109,,20600816,,,,,,,,,,,,,,,,,,,,,,,,,,,20681225,,,,20651225,,,,,,,,,,,,20630612,,,20680223,,,,,,,,,,,,,,,,,,,,,,,,,,,,,,,,,,,,,20591013,,,,,,,,,,,
,,,,,,20650402,,,,20631005,20630126,20600406,,,20470219,,20601018,,,,,,,,,,,,,,,,,,,,,,,,,,,,,,,20651229,,,,,,,,,,,,20630821,,,20680224,,,,,,,,,,,,,,,,,,,,,,,,,,,,,,,,,,,,,20591103,,,,,,,,,,,
,,,,,,20650501,,,,20631008,20630201,20600413,,,20470222,,20601101,,,,,,,,,,,,,,,,,,,,,,,,,,,,,,,20651230,,,,,,,,,,,,20630827,,,20680308,,,,,,,,,,,,,,,,,,,,,,,,,,,,,,,,,,,,,20591124,,,,,,,,,,,
,,,,,,20650525,,,,20631231,20630226,20600414,,,20470312,,20601115,,,,,,,,,,,,,,,,,,,,,,,,,,,,,,,20660101,,,,,,,,,,,,20631101,,,20680309,,,,,,,,,,,,,,,,,,,,,,,,,,,,,,,,,,,,,20591231,,,,,,,,,,,
,,,,,,20650615,,,,20640101,20630330,20600415,,,20470327,,20601208,,,,,,,,,,,,,,,,,,,,,,,,,,,,,,,20660126,,,,,,,,,,,,20631130,,,20680430,,,,,,,,,,,,,,,,,,,,,,,,,,,,,,,,,,,,,20600101,,,,,,,,,,,
,,,,,,20650709,,,,20640218,20630402,20600503,,,20470401,,20601231,,,,,,,,,,,,,,,,,,,,,,,,,,,,,,,20660127,,,,,,,,,,,,20631224,,,20680501,,,,,,,,,,,,,,,,,,,,,,,,,,,,,,,,,,,,,20600102,,,,,,,,,,,
,,,,,,20650817,,,,20640219,20630410,20600514,,,20470404,,20610110,,,,,,,,,,,,,,,,,,,,,,,,,,,,,,,20660201,,,,,,,,,,,,20631225,,,20680509,,,,,,,,,,,,,,,,,,,,,,,,,,,,,,,,,,,,,20600112,,,,,,,,,,,
,,,,,,20651012,,,,20640220,20630411,20600701,,,20470408,,20610321,,,,,,,,,,,,,,,,,,,,,,,,,,,,,,,20660209,,,,,,,,,,,,20631231,,,20680611,,,,,,,,,,,,,,,,,,,,,,,,,,,,,,,,,,,,,20600211,,,,,,,,,,,
,,,,,,20651106,,,,20640221,20630413,20600712,,,20470412,,20610407,,,,,,,,,,,,,,,,,,,,,,,,,,,,,,,20660308,,,,,,,,,,,,20640101,,,20680612,,,,,,,,,,,,,,,,,,,,,,,,,,,,,,,,,,,,,20600223,,,,,,,,,,,
,,,,,,20651123,,,,20640222,20630501,20600728,,,20470501,,20610408,,,,,,,,,,,,,,,,,,,,,,,,,,,,,,,20660607,,,,,,,,,,,,20640121,,,20681105,,,,,,,,,,,,,,,,,,,,,,,,,,,,,,,,,,,,,20600429,,,,,,,,,,,
,,,,,,20651208,,,,20640404,20630510,20600812,,,20470509,,20610523,,,,,,,,,,,,,,,,,,,,,,,,,,,,,,,20660831,,,,,,,,,,,,20640328,,,,,,,,,,,,,,,,,,,,,,,,,,,,,,,,,,,,,,,,20600503,,,,,,,,,,,
,,,,,,20651225,,,,20640501,20630709,20601013,,,20470725,,20610613,,,,,,,,,,,,,,,,,,,,,,,,,,,,,,,20660916,,,,,,,,,,,,20640403,,,,,,,,,,,,,,,,,,,,,,,,,,,,,,,,,,,,,,,,20600504,,,,,,,,,,,
,,,,,,20660101,,,,20640502,20630815,20601025,,,20470815,,20610620,,,,,,,,,,,,,,,,,,,,,,,,,,,,,,,20661018,,,,,,,,,,,,20640404,,,,,,,,,,,,,,,,,,,,,,,,,,,,,,,,,,,,,,,,20600505,,,,,,,,,,,
,,,,,,20660222,,,,20640619,20630827,20601206,,,20471001,,20610704,,,,,,,,,,,,,,,,,,,,,,,,,,,,,,,20661206,,,,,,,,,,,,20640409,,,,,,,,,,,,,,,,,,,,,,,,,,,,,,,,,,,,,,,,20600719,,,,,,,,,,,
,,,,,,20660223,,,,20640620,20631001,20601210,,,20471002,,20610720,,,,,,,,,,,,,,,,,,,,,,,,,,,,,,,20661220,,,,,,,,,,,,20640501,,,,,,,,,,,,,,,,,,,,,,,,,,,,,,,,,,,,,,,,20600811,,,,,,,,,,,
,,,,,,20660324,,,,20640925,20631002,20601231,,,20471018,,20610815,,,,,,,,,,,,,,,,,,,,,,,,,,,,,,,20670131,,,,,,,,,,,,20640512,,,,,,,,,,,,,,,,,,,,,,,,,,,,,,,,,,,,,,,,20600920,,,,,,,,,,,
,,,,,,20660402,,,,20641001,20631022,20610103,,,20471030,,20611017,,,,,,,,,,,,,,,,,,,,,,,,,,,,,,,20670201,,,,,,,,,,,,20640612,,,,,,,,,,,,,,,,,,,,,,,,,,,,,,,,,,,,,,,,20600921,,,,,,,,,,,
,,,,,,20660408,,,,20641002,20631101,20610307,,,20471102,,20611107,,,,,,,,,,,,,,,,,,,,,,,,,,,,,,,20670214,,,,,,,,,,,,20640821,,,,,,,,,,,,,,,,,,,,,,,,,,,,,,,,,,,,,,,,20600922,,,,,,,,,,,
,,,,,,20660409,,,,20641003,20631109,20610406,,,20471225,,20611114,,,,,,,,,,,,,,,,,,,,,,,,,,,,,,,20670215,,,,,,,,,,,,20640825,,,,,,,,,,,,,,,,,,,,,,,,,,,,,,,,,,,,,,,,20601011,,,,,,,,,,,
,,,,,,20660525,,,,20641006,20631225,20610413,,,20480212,,20611208,,,,,,,,,,,,,,,,,,,,,,,,,,,,,,,20670224,,,,,,,,,,,,20641027,,,,,,,,,,,,,,,,,,,,,,,,,,,,,,,,,,,,,,,,20601103,,,,,,,,,,,
,,,,,,20660621,,,,20641007,20640115,20610414,,,20480219,,20611230,,,,,,,,,,,,,,,,,,,,,,,,,,,,,,,20670317,,,,,,,,,,,,20641208,,,,,,,,,,,,,,,,,,,,,,,,,,,,,,,,,,,,,,,,20601123,,,,,,,,,,,
,,,,,,20660709,,,,20650101,20640215,20610415,,,20480401,,20620109,,,,,,,,,,,,,,,,,,,,,,,,,,,,,,,20670502,,,,,,,,,,,,20641224,,,,,,,,,,,,,,,,,,,,,,,,,,,,,,,,,,,,,,,,20601231,,,,,,,,,,,
,,,,,,20660816,,,,20650102,20640319,20610502,,,20480403,,20620320,,,,,,,,,,,,,,,,,,,,,,,,,,,,,,,20670526,,,,,,,,,,,,20641225,,,,,,,,,,,,,,,,,,,,,,,,,,,,,,,,,,,,,,,,20610103,,,,,,,,,,,
,,,,,,20661011,,,,20650204,20640329,20610602,,,20480414,,20620323,,,,,,,,,,,,,,,,,,,,,,,,,,,,,,,20670527,,,,,,,,,,,,20641226,,,,,,,,,,,,,,,,,,,,,,,,,,,,,,,,,,,,,,,,20610110,,,,,,,,,,,
,,,,,,20661208,,,,20650205,20640401,20610701,,,20480422,,20620324,,,,,,,,,,,,,,,,,,,,,,,,,,,,,,,20670831,,,,,,,,,,,,20641230,,,,,,,,,,,,,,,,,,,,,,,,,,,,,,,,,,,,,,,,20610211,,,,,,,,,,,
,,,,,,20661224,,,,20650206,20640404,20610728,,,20480501,,20620501,,,,,,,,,,,,,,,,,,,,,,,,,,,,,,,20670916,,,,,,,,,,,,20641231,,,,,,,,,,,,,,,,,,,,,,,,,,,,,,,,,,,,,,,,20610223,,,,,,,,,,,
,,,,,,20661231,,,,20650209,20640414,20610801,,,20480527,,20620508,,,,,,,,,,,,,,,,,,,,,,,,,,,,,,,20671107,,,,,,,,,,,,20650101,,,,,,,,,,,,,,,,,,,,,,,,,,,,,,,,,,,,,,,,20610321,,,,,,,,,,,
,,,,,,20670214,,,,20650210,20640419,20610812,,,20480713,,20620529,,,,,,,,,,,,,,,,,,,,,,,,,,,,,,,20671124,,,,,,,,,,,,20650102,,,,,,,,,,,,,,,,,,,,,,,,,,,,,,,,,,,,,,,,20610429,,,,,,,,,,,
,,,,,,20670215,,,,20650406,20640428,20611013,,,20480815,,20620605,,,,,,,,,,,,,,,,,,,,,,,,,,,,,,,20671208,,,,,,,,,,,,20650109,,,,,,,,,,,,,,,,,,,,,,,,,,,,,,,,,,,,,,,,20610503,,,,,,,,,,,
,,,,,,20670324,,,,20650501,20640501,20611024,,,20480911,,20620703,,,,,,,,,,,,,,,,,,,,,,,,,,,,,,,20671209,,,,,,,,,,,,20650205,,,,,,,,,,,,,,,,,,,,,,,,,,,,,,,,,,,,,,,,20610504,,,,,,,,,,,
,,,,,,20670331,,,,20650608,20640815,20611205,,,20480919,,20620720,,,,,,,,,,,,,,,,,,,,,,,,,,,,,,,20671226,,,,,,,,,,,,20650317,,,,,,,,,,,,,,,,,,,,,,,,,,,,,,,,,,,,,,,,20610505,,,,,,,,,,,
,,,,,,20670401,,,,20650914,20641002,20611212,,,20481002,,20620807,,,,,,,,,,,,,,,,,,,,,,,,,,,,,,,20680102,,,,,,,,,,,,20650326,,,,,,,,,,,,,,,,,,,,,,,,,,,,,,,,,,,,,,,,20610718,,,,,,,,,,,
,,,,,,20670525,,,,20650915,20641010,20620102,,,20481016,,20620821,,,,,,,,,,,,,,,,,,,,,,,,,,,,,,,20680120,,,,,,,,,,,,20650327,,,,,,,,,,,,,,,,,,,,,,,,,,,,,,,,,,,,,,,,20610811,,,,,,,,,,,
,,,,,,20670620,,,,20651001,20641018,20620224,,,20481019,,20621016,,,,,,,,,,,,,,,,,,,,,,,,,,,,,,,20680201,,,,,,,,,,,,20650409,,,,,,,,,,,,,,,,,,,,,,,,,,,,,,,,,,,,,,,,20610919,,,,,,,,,,,
,,,,,,20670815,,,,20651002,20641101,20620406,,,20481105,,20621106,,,,,,,,,,,,,,,,,,,,,,,,,,,,,,,20680203,,,,,,,,,,,,20650501,,,,,,,,,,,,,,,,,,,,,,,,,,,,,,,,,,,,,,,,20610922,,,,,,,,,,,
,,,,,,20671010,,,,20651005,20641127,20620413,,,20481107,,20621113,,,,,,,,,,,,,,,,,,,,,,,,,,,,,,,20680214,,,,,,,,,,,,20650612,,,,,,,,,,,,,,,,,,,,,,,,,,,,,,,,,,,,,,,,20611010,,,,,,,,,,,
,,,,,,20671208,,,,20651006,20641225,20620414,,,20481120,,20621208,,,,,,,,,,,,,,,,,,,,,,,,,,,,,,,20680305,,,,,,,,,,,,20650821,,,,,,,,,,,,,,,,,,,,,,,,,,,,,,,,,,,,,,,,20611103,,,,,,,,,,,
,,,,,,20680305,,,,20651007,20650109,20620501,,,20481218,,20621225,,,,,,,,,,,,,,,,,,,,,,,,,,,,,,,20680501,,,,,,,,,,,,20650831,,,,,,,,,,,,,,,,,,,,,,,,,,,,,,,,,,,,,,,,20611123,,,,,,,,,,,
,,,,,,20680306,,,,20660101,20650115,20620523,,,20481225,,20621229,,,,,,,,,,,,,,,,,,,,,,,,,,,,,,,20680514,,,,,,,,,,,,20651130,,,,,,,,,,,,,,,,,,,,,,,,,,,,,,,,,,,,,,,,20620102,,,,,,,,,,,
,,,,,,20680402,,,,20660125,20650126,20620721,,,20490126,,20630101,,,,,,,,,,,,,,,,,,,,,,,,,,,,,,,20680516,,,,,,,,,,,,20651208,,,,,,,,,,,,,,,,,,,,,,,,,,,,,,,,,,,,,,,,20620103,,,,,,,,,,,
,,,,,,20680419,,,,20660126,20650305,20620728,,,20490219,,20630108,,,,,,,,,,,,,,,,,,,,,,,,,,,,,,,20680831,,,,,,,,,,,,20651224,,,,,,,,,,,,,,,,,,,,,,,,,,,,,,,,,,,,,,,,20620109,,,,,,,,,,,
,,,,,,20680420,,,,20660127,20650318,20620814,,,20490302,,20630319,,,,,,,,,,,,,,,,,,,,,,,,,,,,,,,20680917,,,,,,,,,,,,20651225,,,,,,,,,,,,,,,,,,,,,,,,,,,,,,,,,,,,,,,,20620223,,,,,,,,,,,
,,,,,,20680501,,,,20660128,20650327,20621013,,,20490320,,20630412,,,,,,,,,,,,,,,,,,,,,,,,,,,,,,,20681025,,,,,,,,,,,,20651229,,,,,,,,,,,,,,,,,,,,,,,,,,,,,,,,,,,,,,,,20620320,,,,,,,,,,,
,,,,,,20680525,,,,20660129,20650401,20621023,,,20490401,,20630413,,,,,,,,,,,,,,,,,,,,,,,,,,,,,,,20681113,,,,,,,,,,,,20651230,,,,,,,,,,,,,,,,,,,,,,,,,,,,,,,,,,,,,,,,20620503,,,,,,,,,,,
,,,,,,20680620,,,,20660405,20650406,20621205,,,20490403,,20630501,,,,,,,,,,,,,,,,,,,,,,,,,,,,,,,20681126,,,,,,,,,,,,20651231,,,,,,,,,,,,,,,,,,,,,,,,,,,,,,,,,,,,,,,,20620504,,,,,,,,,,,
,,,,,,20680709,,,,20660503,20650414,20621211,,,20490414,,20630528,,,,,,,,,,,,,,,,,,,,,,,,,,,,,,,20681127,,,,,,,,,,,,20660101,,,,,,,,,,,,,,,,,,,,,,,,,,,,,,,,,,,,,,,,20620505,,,,,,,,,,,
,,,,,,20680820,,,,20660528,20650417,20630101,,,20490416,,20630618,,,,,,,,,,,,,,,,,,,,,,,,,,,,,,,20681225,,,,,,,,,,,,20660126,,,,,,,,,,,,,,,,,,,,,,,,,,,,,,,,,,,,,,,,20620717,,,,,,,,,,,
,,,,,,20681015,,,,20661001,20650418,20630102,,,20490501,,20630625,,,,,,,,,,,,,,,,,,,,,,,,,,,,,,,,,,,,,,,,,,,20660305,,,,,,,,,,,,,,,,,,,,,,,,,,,,,,,,,,,,,,,,20620811,,,,,,,,,,,
,,,,,,20681106,,,,20661004,20650501,20630213,,,20490517,,20630702,,,,,,,,,,,,,,,,,,,,,,,,,,,,,,,,,,,,,,,,,,,20660407,,,,,,,,,,,,,,,,,,,,,,,,,,,,,,,,,,,,,,,,20620918,,,,,,,,,,,
,,,,,,20681119,,,,20661005,20650508,20630406,,,20490702,,20630720,,,,,,,,,,,,,,,,,,,,,,,,,,,,,,,,,,,,,,,,,,,20660408,,,,,,,,,,,,,,,,,,,,,,,,,,,,,,,,,,,,,,,,20621009,,,,,,,,,,,
,,,,,,20681225,,,,20661006,20650617,20630413,,,20490809,,20630807,,,,,,,,,,,,,,,,,,,,,,,,,,,,,,,,,,,,,,,,,,,20660409,,,,,,,,,,,,,,,,,,,,,,,,,,,,,,,,,,,,,,,,20621103,,,,,,,,,,,
,,,,,,,,,,20661007,20650815,20630416,,,20490901,,20630820,,,,,,,,,,,,,,,,,,,,,,,,,,,,,,,,,,,,,,,,,,,20660830,,,,,,,,,,,,,,,,,,,,,,,,,,,,,,,,,,,,,,,,20621123,,,,,,,,,,,
,,,,,,,,,,20661008,20650904,20630501,,,20490908,,20631015,,,,,,,,,,,,,,,,,,,,,,,,,,,,,,,,,,,,,,,,,,,20661101,,,,,,,,,,,,,,,,,,,,,,,,,,,,,,,,,,,,,,,,20630101,,,,,,,,,,,
,,,,,,,,,,20670103,20650929,20630514,,,20491002,,20631105,,,,,,,,,,,,,,,,,,,,,,,,,,,,,,,,,,,,,,,,,,,20661130,,,,,,,,,,,,,,,,,,,,,,,,,,,,,,,,,,,,,,,,20630102,,,,,,,,,,,
,,,,,,,,,,20670214,20651002,20630710,,,20491006,,20631112,,,,,,,,,,,,,,,,,,,,,,,,,,,,,,,,,,,,,,,,,,,20661208,,,,,,,,,,,,,,,,,,,,,,,,,,,,,,,,,,,,,,,,20630103,,,,,,,,,,,
,,,,,,,,,,20670215,20651008,20630730,,,20491008,,20631225,,,,,,,,,,,,,,,,,,,,,,,,,,,,,,,,,,,,,,,,,,,20661220,,,,,,,,,,,,,,,,,,,,,,,,,,,,,,,,,,,,,,,,20630108,,,,,,,,,,,
,,,,,,,,,,20670216,20651014,20630813,,,20491026,,20631231,,,,,,,,,,,,,,,,,,,,,,,,,,,,,,,,,,,,,,,,,,,20661224,,,,,,,,,,,,,,,,,,,,,,,,,,,,,,,,,,,,,,,,20630212,,,,,,,,,,,
,,,,,,,,,,20670217,20651028,20631015,,,20491027,,20640101,,,,,,,,,,,,,,,,,,,,,,,,,,,,,,,,,,,,,,,,,,,20661230,,,,,,,,,,,,,,,,,,,,,,,,,,,,,,,,,,,,,,,,20630223,,,,,,,,,,,
,,,,,,,,,,20670218,20651030,20631023,,,20491109,,20640107,,,,,,,,,,,,,,,,,,,,,,,,,,,,,,,,,,,,,,,,,,,20661231,,,,,,,,,,,,,,,,,,,,,,,,,,,,,,,,,,,,,,,,20630320,,,,,,,,,,,
,,,,,,,,,,20670404,20651116,20631205,,,20491208,,20640324,,,,,,,,,,,,,,,,,,,,,,,,,,,,,,,,,,,,,,,,,,,20670214,,,,,,,,,,,,,,,,,,,,,,,,,,,,,,,,,,,,,,,,20630430,,,,,,,,,,,
,,,,,,,,,,20670405,20651225,20631210,,,20500126,,20640403,,,,,,,,,,,,,,,,,,,,,,,,,,,,,,,,,,,,,,,,,,,20670224,,,,,,,,,,,,,,,,,,,,,,,,,,,,,,,,,,,,,,,,20630503,,,,,,,,,,,
,,,,,,,,,,20670502,20660115,20631231,,,20500219,,20640404,,,,,,,,,,,,,,,,,,,,,,,,,,,,,,,,,,,,,,,,,,,20670331,,,,,,,,,,,,,,,,,,,,,,,,,,,,,,,,,,,,,,,,20630504,,,,,,,,,,,
,,,,,,,,,,20670616,20660126,20640101,,,20500309,,20640501,,,,,,,,,,,,,,,,,,,,,,,,,,,,,,,,,,,,,,,,,,,20670401,,,,,,,,,,,,,,,,,,,,,,,,,,,,,,,,,,,,,,,,20630716,,,,,,,,,,,
,,,,,,,,,,20670617,20660222,20640303,,,20500323,,20640519,,,,,,,,,,,,,,,,,,,,,,,,,,,,,,,,,,,,,,,,,,,20670509,,,,,,,,,,,,,,,,,,,,,,,,,,,,,,,,,,,,,,,,20630917,,,,,,,,,,,
,,,,,,,,,,20670923,20660326,20640407,,,20500331,,20640609,,,,,,,,,,,,,,,,,,,,,,,,,,,,,,,,,,,,,,,,,,,20670829,,,,,,,,,,,,,,,,,,,,,,,,,,,,,,,,,,,,,,,,20630924,,,,,,,,,,,
,,,,,,,,,,20671003,20660401,20640414,,,20500401,,20640616,,,,,,,,,,,,,,,,,,,,,,,,,,,,,,,,,,,,,,,,,,,20671031,,,,,,,,,,,,,,,,,,,,,,,,,,,,,,,,,,,,,,,,20631008,,,,,,,,,,,
,,,,,,,,,,20671004,20660406,20640415,,,20500404,,20640630,,,,,,,,,,,,,,,,,,,,,,,,,,,,,,,,,,,,,,,,,,,20671101,,,,,,,,,,,,,,,,,,,,,,,,,,,,,,,,,,,,,,,,20631123,,,,,,,,,,,
,,,,,,,,,,20671005,20660408,20640501,,,20500408,,20640807,,,,,,,,,,,,,,,,,,,,,,,,,,,,,,,,,,,,,,,,,,,20671130,,,,,,,,,,,,,,,,,,,,,,,,,,,,,,,,,,,,,,,,20631231,,,,,,,,,,,
,,,,,,,,,,20671006,20660409,20640530,,,20500414,,20640818,,,,,,,,,,,,,,,,,,,,,,,,,,,,,,,,,,,,,,,,,,,20671208,,,,,,,,,,,,,,,,,,,,,,,,,,,,,,,,,,,,,,,,20640101,,,,,,,,,,,
,,,,,,,,,,20671007,20660414,20640701,,,20500506,,20641013,,,,,,,,,,,,,,,,,,,,,,,,,,,,,,,,,,,,,,,,,,,20671209,,,,,,,,,,,,,,,,,,,,,,,,,,,,,,,,,,,,,,,,20640102,,,,,,,,,,,
,,,,,,,,,,20680102,20660427,20640728,,,20500621,,20641103,,,,,,,,,,,,,,,,,,,,,,,,,,,,,,,,,,,,,,,,,,,20671230,,,,,,,,,,,,,,,,,,,,,,,,,,,,,,,,,,,,,,,,20640103,,,,,,,,,,,
,,,,,,,,,,20680202,20660501,20640812,,,20500809,,20641117,,,,,,,,,,,,,,,,,,,,,,,,,,,,,,,,,,,,,,,,,,,20680203,,,,,,,,,,,,,,,,,,,,,,,,,,,,,,,,,,,,,,,,20640114,,,,,,,,,,,
,,,,,,,,,,20680203,20660824,20641013,,,20500815,,20641208,,,,,,,,,,,,,,,,,,,,,,,,,,,,,,,,,,,,,,,,,,,20680213,,,,,,,,,,,,,,,,,,,,,,,,,,,,,,,,,,,,,,,,20640211,,,,,,,,,,,
,,,,,,,,,,20680206,20660928,20641023,,,20500920,,20641225,,,,,,,,,,,,,,,,,,,,,,,,,,,,,,,,,,,,,,,,,,,20680409,,,,,,,,,,,,,,,,,,,,,,,,,,,,,,,,,,,,,,,,20640320,,,,,,,,,,,
,,,,,,,,,,20680207,20661002,20641205,,,20500927,,20641231,,,,,,,,,,,,,,,,,,,,,,,,,,,,,,,,,,,,,,,,,,,20680419,,,,,,,,,,,,,,,,,,,,,,,,,,,,,,,,,,,,,,,,20640429,,,,,,,,,,,
,,,,,,,,,,20680208,20661018,20641210,,,20501025,,20650101,,,,,,,,,,,,,,,,,,,,,,,,,,,,,,,,,,,,,,,,,,,20680420,,,,,,,,,,,,,,,,,,,,,,,,,,,,,,,,,,,,,,,,20640505,,,,,,,,,,,
,,,,,,,,,,20680404,20661019,20641231,,,20501115,,20650112,,,,,,,,,,,,,,,,,,,,,,,,,,,,,,,,,,,,,,,,,,,20680501,,,,,,,,,,,,,,,,,,,,,,,,,,,,,,,,,,,,,,,,20640506,,,,,,,,,,,
,,,,,,,,,,20680430,20661101,20650101,,,20501128,,20650323,,,,,,,,,,,,,,,,,,,,,,,,,,,,,,,,,,,,,,,,,,,20680612,,,,,,,,,,,,,,,,,,,,,,,,,,,,,,,,,,,,,,,,20640721,,,,,,,,,,,
,,,,,,,,,,20680501,20661105,20650102,,,20510126,,20650326,,,,,,,,,,,,,,,,,,,,,,,,,,,,,,,,,,,,,,,,,,,20680821,,,,,,,,,,,,,,,,,,,,,,,,,,,,,,,,,,,,,,,,20640811,,,,,,,,,,,
,,,,,,,,,,20680604,20670115,20650220,,,20510327,,20650327,,,,,,,,,,,,,,,,,,,,,,,,,,,,,,,,,,,,,,,,,,,20680827,,,,,,,,,,,,,,,,,,,,,,,,,,,,,,,,,,,,,,,,20640915,,,,,,,,,,,
,,,,,,,,,,20680910,20670126,20650406,,,20510331,,20650501,,,,,,,,,,,,,,,,,,,,,,,,,,,,,,,,,,,,,,,,,,,20681101,,,,,,,,,,,,,,,,,,,,,,,,,,,,,,,,,,,,,,,,20640922,,,,,,,,,,,
,,,,,,,,,,20680911,20670225,20650413,,,20510401,,20650511,,,,,,,,,,,,,,,,,,,,,,,,,,,,,,,,,,,,,,,,,,,20681127,,,,,,,,,,,,,,,,,,,,,,,,,,,,,,,,,,,,,,,,20641013,,,,,,,,,,,
,,,,,,,,,,20681001,20670316,20650414,,,20510411,,20650601,,,,,,,,,,,,,,,,,,,,,,,,,,,,,,,,,,,,,,,,,,,20681130,,,,,,,,,,,,,,,,,,,,,,,,,,,,,,,,,,,,,,,,20641103,,,,,,,,,,,
,,,,,,,,,,20681002,20670401,20650415,,,20510414,,20650608,,,,,,,,,,,,,,,,,,,,,,,,,,,,,,,,,,,,,,,,,,,20681224,,,,,,,,,,,,,,,,,,,,,,,,,,,,,,,,,,,,,,,,20641124,,,,,,,,,,,
,,,,,,,,,,20681003,20670402,20650501,,,20510419,,20650629,,,,,,,,,,,,,,,,,,,,,,,,,,,,,,,,,,,,,,,,,,,20681225,,,,,,,,,,,,,,,,,,,,,,,,,,,,,,,,,,,,,,,,20641231,,,,,,,,,,,
,,,,,,,,,,20681004,20670414,20650519,,,20510501,,20650720,,,,,,,,,,,,,,,,,,,,,,,,,,,,,,,,,,,,,,,,,,,20681231,,,,,,,,,,,,,,,,,,,,,,,,,,,,,,,,,,,,,,,,20650101,,,,,,,,,,,
,,,,,,,,,,20681005,20670427,20650701,,,20510525,,20650807,,,,,,,,,,,,,,,,,,,,,,,,,,,,,,,,,,,,,,,,,,,,,,,,,,,,,,,,,,,,,,,,,,,,,,,,,,,,,,,,,,,20650102,,,,,,,,,,,
,,,,,,,,,,20681231,20670516,20650717,,,20510809,,20650817,,,,,,,,,,,,,,,,,,,,,,,,,,,,,,,,,,,,,,,,,,,,,,,,,,,,,,,,,,,,,,,,,,,,,,,,,,,,,,,,,,,20650112,,,,,,,,,,,
,,,,,,,,,,,20670526,20650728,,,20510815,,20651012,,,,,,,,,,,,,,,,,,,,,,,,,,,,,,,,,,,,,,,,,,,,,,,,,,,,,,,,,,,,,,,,,,,,,,,,,,,,,,,,,,,20650211,,,,,,,,,,,
,,,,,,,,,,,20670815,20650812,,,20510818,,20651102,,,,,,,,,,,,,,,,,,,,,,,,,,,,,,,,,,,,,,,,,,,,,,,,,,,,,,,,,,,,,,,,,,,,,,,,,,,,,,,,,,,20650223,,,,,,,,,,,
,,,,,,,,,,,20670912,20651013,,,20510916,,20651116,,,,,,,,,,,,,,,,,,,,,,,,,,,,,,,,,,,,,,,,,,,,,,,,,,,,,,,,,,,,,,,,,,,,,,,,,,,,,,,,,,,20650320,,,,,,,,,,,
,,,,,,,,,,,20671017,20651023,,,20511002,,20651208,,,,,,,,,,,,,,,,,,,,,,,,,,,,,,,,,,,,,,,,,,,,,,,,,,,,,,,,,,,,,,,,,,,,,,,,,,,,,,,,,,,20650429,,,,,,,,,,,
,,,,,,,,,,,20671101,20651207,,,20511103,,20651225,,,,,,,,,,,,,,,,,,,,,,,,,,,,,,,,,,,,,,,,,,,,,,,,,,,,,,,,,,,,,,,,,,,,,,,,,,,,,,,,,,,20650504,,,,,,,,,,,
,,,,,,,,,,,20671105,20651210,,,20511104,,20651231,,,,,,,,,,,,,,,,,,,,,,,,,,,,,,,,,,,,,,,,,,,,,,,,,,,,,,,,,,,,,,,,,,,,,,,,,,,,,,,,,,,20650505,,,,,,,,,,,
,,,,,,,,,,,20671107,20651231,,,20511117,,20660101,,,,,,,,,,,,,,,,,,,,,,,,,,,,,,,,,,,,,,,,,,,,,,,,,,,,,,,,,,,,,,,,,,,,,,,,,,,,,,,,,,,20650506,,,,,,,,,,,
,,,,,,,,,,,20671123,20660101,,,20511118,,20660111,,,,,,,,,,,,,,,,,,,,,,,,,,,,,,,,,,,,,,,,,,,,,,,,,,,,,,,,,,,,,,,,,,,,,,,,,,,,,,,,,,,20650720,,,,,,,,,,,
,,,,,,,,,,,20671208,20660209,,,20511225,,20660322,,,,,,,,,,,,,,,,,,,,,,,,,,,,,,,,,,,,,,,,,,,,,,,,,,,,,,,,,,,,,,,,,,,,,,,,,,,,,,,,,,,20650811,,,,,,,,,,,
,,,,,,,,,,,20680126,20660406,,,20520126,,20660408,,,,,,,,,,,,,,,,,,,,,,,,,,,,,,,,,,,,,,,,,,,,,,,,,,,,,,,,,,,,,,,,,,,,,,,,,,,,,,,,,,,20650921,,,,,,,,,,,
,,,,,,,,,,,20680214,20660413,,,20520219,,20660409,,,,,,,,,,,,,,,,,,,,,,,,,,,,,,,,,,,,,,,,,,,,,,,,,,,,,,,,,,,,,,,,,,,,,,,,,,,,,,,,,,,20650922,,,,,,,,,,,
,,,,,,,,,,,20680302,20660414,,,20520228,,20660524,,,,,,,,,,,,,,,,,,,,,,,,,,,,,,,,,,,,,,,,,,,,,,,,,,,,,,,,,,,,,,,,,,,,,,,,,,,,,,,,,,,20651012,,,,,,,,,,,
,,,,,,,,,,,20680315,20660415,,,20520315,,20660614,,,,,,,,,,,,,,,,,,,,,,,,,,,,,,,,,,,,,,,,,,,,,,,,,,,,,,,,,,,,,,,,,,,,,,,,,,,,,,,,,,,20651103,,,,,,,,,,,
,,,,,,,,,,,20680402,20660503,,,20520401,,20660621,,,,,,,,,,,,,,,,,,,,,,,,,,,,,,,,,,,,,,,,,,,,,,,,,,,,,,,,,,,,,,,,,,,,,,,,,,,,,,,,,,,20651123,,,,,,,,,,,
,,,,,,,,,,,20680403,20660510,,,20520411,,20660705,,,,,,,,,,,,,,,,,,,,,,,,,,,,,,,,,,,,,,,,,,,,,,,,,,,,,,,,,,,,,,,,,,,,,,,,,,,,,,,,,,,20651231,,,,,,,,,,,
,,,,,,,,,,,20680420,20660701,,,20520419,,20660720,,,,,,,,,,,,,,,,,,,,,,,,,,,,,,,,,,,,,,,,,,,,,,,,,,,,,,,,,,,,,,,,,,,,,,,,,,,,,,,,,,,20660101,,,,,,,,,,,
,,,,,,,,,,,20680501,20660706,,,20520501,,20660816,,,,,,,,,,,,,,,,,,,,,,,,,,,,,,,,,,,,,,,,,,,,,,,,,,,,,,,,,,,,,,,,,,,,,,,,,,,,,,,,,,,20660111,,,,,,,,,,,
,,,,,,,,,,,20680504,20660728,,,20520513,,20661018,,,,,,,,,,,,,,,,,,,,,,,,,,,,,,,,,,,,,,,,,,,,,,,,,,,,,,,,,,,,,,,,,,,,,,,,,,,,,,,,,,,20660211,,,,,,,,,,,
,,,,,,,,,,,20680515,20660812,,,20520530,,20661101,,,,,,,,,,,,,,,,,,,,,,,,,,,,,,,,,,,,,,,,,,,,,,,,,,,,,,,,,,,,,,,,,,,,,,,,,,,,,,,,,,,20660223,,,,,,,,,,,
,,,,,,,,,,,20680815,20661013,,,20520806,,20661115,,,,,,,,,,,,,,,,,,,,,,,,,,,,,,,,,,,,,,,,,,,,,,,,,,,,,,,,,,,,,,,,,,,,,,,,,,,,,,,,,,,20660429,,,,,,,,,,,
,,,,,,,,,,,20680831,20661025,,,20520808,,20661208,,,,,,,,,,,,,,,,,,,,,,,,,,,,,,,,,,,,,,,,,,,,,,,,,,,,,,,,,,,,,,,,,,,,,,,,,,,,,,,,,,,20660503,,,,,,,,,,,
,,,,,,,,,,,20680926,20661206,,,20520815,,20661231,,,,,,,,,,,,,,,,,,,,,,,,,,,,,,,,,,,,,,,,,,,,,,,,,,,,,,,,,,,,,,,,,,,,,,,,,,,,,,,,,,,20660504,,,,,,,,,,,
,,,,,,,,,,,20681002,20661210,,,20520828,,20670110,,,,,,,,,,,,,,,,,,,,,,,,,,,,,,,,,,,,,,,,,,,,,,,,,,,,,,,,,,,,,,,,,,,,,,,,,,,,,,,,,,,20660505,,,,,,,,,,,
,,,,,,,,,,,20681005,20661231,,,20520904,,20670321,,,,,,,,,,,,,,,,,,,,,,,,,,,,,,,,,,,,,,,,,,,,,,,,,,,,,,,,,,,,,,,,,,,,,,,,,,,,,,,,,,,20660719,,,,,,,,,,,
,,,,,,,,,,,20681006,20670103,,,20521002,,20670331,,,,,,,,,,,,,,,,,,,,,,,,,,,,,,,,,,,,,,,,,,,,,,,,,,,,,,,,,,,,,,,,,,,,,,,,,,,,,,,,,,,20660811,,,,,,,,,,,
,,,,,,,,,,,20681011,20670228,,,20521003,,20670401,,,,,,,,,,,,,,,,,,,,,,,,,,,,,,,,,,,,,,,,,,,,,,,,,,,,,,,,,,,,,,,,,,,,,,,,,,,,,,,,,,,20660920,,,,,,,,,,,
,,,,,,,,,,,20681025,20670406,,,20521022,,20670516,,,,,,,,,,,,,,,,,,,,,,,,,,,,,,,,,,,,,,,,,,,,,,,,,,,,,,,,,,,,,,,,,,,,,,,,,,,,,,,,,,,20660923,,,,,,,,,,,
,,,,,,,,,,,20681101,20670413,,,20521023,,20670606,,,,,,,,,,,,,,,,,,,,,,,,,,,,,,,,,,,,,,,,,,,,,,,,,,,,,,,,,,,,,,,,,,,,,,,,,,,,,,,,,,,20661011,,,,,,,,,,,
,,,,,,,,,,,20681112,20670414,,,20521105,,20670613,,,,,,,,,,,,,,,,,,,,,,,,,,,,,,,,,,,,,,,,,,,,,,,,,,,,,,,,,,,,,,,,,,,,,,,,,,,,,,,,,,,20661103,,,,,,,,,,,
,,,,,,,,,,,20681127,20670415,,,20521106,,20670704,,,,,,,,,,,,,,,,,,,,,,,,,,,,,,,,,,,,,,,,,,,,,,,,,,,,,,,,,,,,,,,,,,,,,,,,,,,,,,,,,,,20661123,,,,,,,,,,,
,,,,,,,,,,,20681225,20670502,,,20521225,,20670720,,,,,,,,,,,,,,,,,,,,,,,,,,,,,,,,,,,,,,,,,,,,,,,,,,,,,,,,,,,,,,,,,,,,,,,,,,,,,,,,,,,20661231,,,,,,,,,,,
,,,,,,,,,,,,20670527,,,20530219,,20670815,,,,,,,,,,,,,,,,,,,,,,,,,,,,,,,,,,,,,,,,,,,,,,,,,,,,,,,,,,,,,,,,,,,,,,,,,,,,,,,,,,,20670103,,,,,,,,,,,
,,,,,,,,,,,,20670701,,,20530305,,20671017,,,,,,,,,,,,,,,,,,,,,,,,,,,,,,,,,,,,,,,,,,,,,,,,,,,,,,,,,,,,,,,,,,,,,,,,,,,,,,,,,,,20670110,,,,,,,,,,,
,,,,,,,,,,,,20670726,,,20530321,,20671107,,,,,,,,,,,,,,,,,,,,,,,,,,,,,,,,,,,,,,,,,,,,,,,,,,,,,,,,,,,,,,,,,,,,,,,,,,,,,,,,,,,20670211,,,,,,,,,,,
,,,,,,,,,,,,20670728,,,20530328,,20671114,,,,,,,,,,,,,,,,,,,,,,,,,,,,,,,,,,,,,,,,,,,,,,,,,,,,,,,,,,,,,,,,,,,,,,,,,,,,,,,,,,,20670223,,,,,,,,,,,
,,,,,,,,,,,,20670812,,,20530401,,20671208,,,,,,,,,,,,,,,,,,,,,,,,,,,,,,,,,,,,,,,,,,,,,,,,,,,,,,,,,,,,,,,,,,,,,,,,,,,,,,,,,,,20670321,,,,,,,,,,,
,,,,,,,,,,,,20671013,,,20530402,,20671230,,,,,,,,,,,,,,,,,,,,,,,,,,,,,,,,,,,,,,,,,,,,,,,,,,,,,,,,,,,,,,,,,,,,,,,,,,,,,,,,,,,20670429,,,,,,,,,,,
,,,,,,,,,,,,20671024,,,20530404,,20680109,,,,,,,,,,,,,,,,,,,,,,,,,,,,,,,,,,,,,,,,,,,,,,,,,,,,,,,,,,,,,,,,,,,,,,,,,,,,,,,,,,,20670503,,,,,,,,,,,
,,,,,,,,,,,,20671205,,,20530414,,20680319,,,,,,,,,,,,,,,,,,,,,,,,,,,,,,,,,,,,,,,,,,,,,,,,,,,,,,,,,,,,,,,,,,,,,,,,,,,,,,,,,,,20670504,,,,,,,,,,,
,,,,,,,,,,,,20671212,,,20530501,,20680419,,,,,,,,,,,,,,,,,,,,,,,,,,,,,,,,,,,,,,,,,,,,,,,,,,,,,,,,,,,,,,,,,,,,,,,,,,,,,,,,,,,20670505,,,,,,,,,,,
,,,,,,,,,,,,20680102,,,20530502,,20680420,,,,,,,,,,,,,,,,,,,,,,,,,,,,,,,,,,,,,,,,,,,,,,,,,,,,,,,,,,,,,,,,,,,,,,,,,,,,,,,,,,,20670718,,,,,,,,,,,
,,,,,,,,,,,,20680220,,,20530520,,20680501,,,,,,,,,,,,,,,,,,,,,,,,,,,,,,,,,,,,,,,,,,,,,,,,,,,,,,,,,,,,,,,,,,,,,,,,,,,,,,,,,,,20670811,,,,,,,,,,,
,,,,,,,,,,,,20680406,,,20530808,,20680604,,,,,,,,,,,,,,,,,,,,,,,,,,,,,,,,,,,,,,,,,,,,,,,,,,,,,,,,,,,,,,,,,,,,,,,,,,,,,,,,,,,20670919,,,,,,,,,,,
,,,,,,,,,,,,20680413,,,20530815,,20680625,,,,,,,,,,,,,,,,,,,,,,,,,,,,,,,,,,,,,,,,,,,,,,,,,,,,,,,,,,,,,,,,,,,,,,,,,,,,,,,,,,,20670923,,,,,,,,,,,
,,,,,,,,,,,,20680416,,,20530825,,20680702,,,,,,,,,,,,,,,,,,,,,,,,,,,,,,,,,,,,,,,,,,,,,,,,,,,,,,,,,,,,,,,,,,,,,,,,,,,,,,,,,,,20671010,,,,,,,,,,,
,,,,,,,,,,,,20680501,,,20530915,,20680720,,,,,,,,,,,,,,,,,,,,,,,,,,,,,,,,,,,,,,,,,,,,,,,,,,,,,,,,,,,,,,,,,,,,,,,,,,,,,,,,,,,20671103,,,,,,,,,,,
,,,,,,,,,,,,20680516,,,20531002,,20680807,,,,,,,,,,,,,,,,,,,,,,,,,,,,,,,,,,,,,,,,,,,,,,,,,,,,,,,,,,,,,,,,,,,,,,,,,,,,,,,,,,,20671123,,,,,,,,,,,
,,,,,,,,,,,,20680716,,,20531021,,20680820,,,,,,,,,,,,,,,,,,,,,,,,,,,,,,,,,,,,,,,,,,,,,,,,,,,,,,,,,,,,,,,,,,,,,,,,,,,,,,,,,,,20680102,,,,,,,,,,,
,,,,,,,,,,,,20680730,,,20531111,,20681015,,,,,,,,,,,,,,,,,,,,,,,,,,,,,,,,,,,,,,,,,,,,,,,,,,,,,,,,,,,,,,,,,,,,,,,,,,,,,,,,,,,20680103,,,,,,,,,,,
,,,,,,,,,,,,20680813,,,20531125,,20681105,,,,,,,,,,,,,,,,,,,,,,,,,,,,,,,,,,,,,,,,,,,,,,,,,,,,,,,,,,,,,,,,,,,,,,,,,,,,,,,,,,,20680109,,,,,,,,,,,
,,,,,,,,,,,,20681015,,,20531225,,20681112,,,,,,,,,,,,,,,,,,,,,,,,,,,,,,,,,,,,,,,,,,,,,,,,,,,,,,,,,,,,,,,,,,,,,,,,,,,,,,,,,,,20680223,,,,,,,,,,,
,,,,,,,,,,,,20681023,,,20540126,,20681225,,,,,,,,,,,,,,,,,,,,,,,,,,,,,,,,,,,,,,,,,,,,,,,,,,,,,,,,,,,,,,,,,,,,,,,,,,,,,,,,,,,20680320,,,,,,,,,,,
,,,,,,,,,,,,20681205,,,20540219,,20681231,,,,,,,,,,,,,,,,,,,,,,,,,,,,,,,,,,,,,,,,,,,,,,,,,,,,,,,,,,,,,,,,,,,,,,,,,,,,,,,,,,,20680430,,,,,,,,,,,
,,,,,,,,,,,,20681210,,,20540307,,,,,,,,,,,,,,,,,,,,,,,,,,,,,,,,,,,,,,,,,,,,,,,,,,,,,,,,,,,,,,,,,,,,,,,,,,,,,,,,,,,,,20680503,,,,,,,,,,,
,,,,,,,,,,,,20681231,,,20540324,,,,,,,,,,,,,,,,,,,,,,,,,,,,,,,,,,,,,,,,,,,,,,,,,,,,,,,,,,,,,,,,,,,,,,,,,,,,,,,,,,,,,20680504,,,,,,,,,,,
,,,,,,,,,,,,,,,20540327,,,,,,,,,,,,,,,,,,,,,,,,,,,,,,,,,,,,,,,,,,,,,,,,,,,,,,,,,,,,,,,,,,,,,,,,,,,,,,,,,,,,,20680716,,,,,,,,,,,
,,,,,,,,,,,,,,,20540401,,,,,,,,,,,,,,,,,,,,,,,,,,,,,,,,,,,,,,,,,,,,,,,,,,,,,,,,,,,,,,,,,,,,,,,,,,,,,,,,,,,,,20680917,,,,,,,,,,,
,,,,,,,,,,,,,,,20540409,,,,,,,,,,,,,,,,,,,,,,,,,,,,,,,,,,,,,,,,,,,,,,,,,,,,,,,,,,,,,,,,,,,,,,,,,,,,,,,,,,,,,20681008,,,,,,,,,,,
,,,,,,,,,,,,,,,20540414,,,,,,,,,,,,,,,,,,,,,,,,,,,,,,,,,,,,,,,,,,,,,,,,,,,,,,,,,,,,,,,,,,,,,,,,,,,,,,,,,,,,,20681123,,,,,,,,,,,
,,,,,,,,,,,,,,,20540416,,,,,,,,,,,,,,,,,,,,,,,,,,,,,,,,,,,,,,,,,,,,,,,,,,,,,,,,,,,,,,,,,,,,,,,,,,,,,,,,,,,,,20681231,,,,,,,,,,,
,,,,,,,,,,,,,,,20540420,,,,,,,,,,,,,,,,,,,,,,,,,,,,,,,,,,,,,,,,,,,,,,,,,,,,,,,,,,,,,,,,,,,,,,,,,,,,,,,,,,,,,,,,,,,,,,,,
,,,,,,,,,,,,,,,20540501,,,,,,,,,,,,,,,,,,,,,,,,,,,,,,,,,,,,,,,,,,,,,,,,,,,,,,,,,,,,,,,,,,,,,,,,,,,,,,,,,,,,,,,,,,,,,,,,
,,,,,,,,,,,,,,,20540521,,,,,,,,,,,,,,,,,,,,,,,,,,,,,,,,,,,,,,,,,,,,,,,,,,,,,,,,,,,,,,,,,,,,,,,,,,,,,,,,,,,,,,,,,,,,,,,,
,,,,,,,,,,,,,,,20540716,,,,,,,,,,,,,,,,,,,,,,,,,,,,,,,,,,,,,,,,,,,,,,,,,,,,,,,,,,,,,,,,,,,,,,,,,,,,,,,,,,,,,,,,,,,,,,,,
,,,,,,,,,,,,,,,20540815,,,,,,,,,,,,,,,,,,,,,,,,,,,,,,,,,,,,,,,,,,,,,,,,,,,,,,,,,,,,,,,,,,,,,,,,,,,,,,,,,,,,,,,,,,,,,,,,
,,,,,,,,,,,,,,,20540905,,,,,,,,,,,,,,,,,,,,,,,,,,,,,,,,,,,,,,,,,,,,,,,,,,,,,,,,,,,,,,,,,,,,,,,,,,,,,,,,,,,,,,,,,,,,,,,,
,,,,,,,,,,,,,,,20541002,,,,,,,,,,,,,,,,,,,,,,,,,,,,,,,,,,,,,,,,,,,,,,,,,,,,,,,,,,,,,,,,,,,,,,,,,,,,,,,,,,,,,,,,,,,,,,,,
,,,,,,,,,,,,,,,20541014,,,,,,,,,,,,,,,,,,,,,,,,,,,,,,,,,,,,,,,,,,,,,,,,,,,,,,,,,,,,,,,,,,,,,,,,,,,,,,,,,,,,,,,,,,,,,,,,
,,,,,,,,,,,,,,,20541030,,,,,,,,,,,,,,,,,,,,,,,,,,,,,,,,,,,,,,,,,,,,,,,,,,,,,,,,,,,,,,,,,,,,,,,,,,,,,,,,,,,,,,,,,,,,,,,,
,,,,,,,,,,,,,,,20541031,,,,,,,,,,,,,,,,,,,,,,,,,,,,,,,,,,,,,,,,,,,,,,,,,,,,,,,,,,,,,,,,,,,,,,,,,,,,,,,,,,,,,,,,,,,,,,,,
,,,,,,,,,,,,,,,20541225,,,,,,,,,,,,,,,,,,,,,,,,,,,,,,,,,,,,,,,,,,,,,,,,,,,,,,,,,,,,,,,,,,,,,,,,,,,,,,,,,,,,,,,,,,,,,,,,
,,,,,,,,,,,,,,,20550126,,,,,,,,,,,,,,,,,,,,,,,,,,,,,,,,,,,,,,,,,,,,,,,,,,,,,,,,,,,,,,,,,,,,,,,,,,,,,,,,,,,,,,,,,,,,,,,,
,,,,,,,,,,,,,,,20550219,,,,,,,,,,,,,,,,,,,,,,,,,,,,,,,,,,,,,,,,,,,,,,,,,,,,,,,,,,,,,,,,,,,,,,,,,,,,,,,,,,,,,,,,,,,,,,,,
,,,,,,,,,,,,,,,20550224,,,,,,,,,,,,,,,,,,,,,,,,,,,,,,,,,,,,,,,,,,,,,,,,,,,,,,,,,,,,,,,,,,,,,,,,,,,,,,,,,,,,,,,,,,,,,,,,
,,,,,,,,,,,,,,,20550329,,,,,,,,,,,,,,,,,,,,,,,,,,,,,,,,,,,,,,,,,,,,,,,,,,,,,,,,,,,,,,,,,,,,,,,,,,,,,,,,,,,,,,,,,,,,,,,,
,,,,,,,,,,,,,,,20550401,,,,,,,,,,,,,,,,,,,,,,,,,,,,,,,,,,,,,,,,,,,,,,,,,,,,,,,,,,,,,,,,,,,,,,,,,,,,,,,,,,,,,,,,,,,,,,,,
,,,,,,,,,,,,,,,20550406,,,,,,,,,,,,,,,,,,,,,,,,,,,,,,,,,,,,,,,,,,,,,,,,,,,,,,,,,,,,,,,,,,,,,,,,,,,,,,,,,,,,,,,,,,,,,,,,
,,,,,,,,,,,,,,,20550414,,,,,,,,,,,,,,,,,,,,,,,,,,,,,,,,,,,,,,,,,,,,,,,,,,,,,,,,,,,,,,,,,,,,,,,,,,,,,,,,,,,,,,,,,,,,,,,,
,,,,,,,,,,,,,,,20550416,,,,,,,,,,,,,,,,,,,,,,,,,,,,,,,,,,,,,,,,,,,,,,,,,,,,,,,,,,,,,,,,,,,,,,,,,,,,,,,,,,,,,,,,,,,,,,,,
,,,,,,,,,,,,,,,20550429,,,,,,,,,,,,,,,,,,,,,,,,,,,,,,,,,,,,,,,,,,,,,,,,,,,,,,,,,,,,,,,,,,,,,,,,,,,,,,,,,,,,,,,,,,,,,,,,
,,,,,,,,,,,,,,,20550501,,,,,,,,,,,,,,,,,,,,,,,,,,,,,,,,,,,,,,,,,,,,,,,,,,,,,,,,,,,,,,,,,,,,,,,,,,,,,,,,,,,,,,,,,,,,,,,,
,,,,,,,,,,,,,,,20550511,,,,,,,,,,,,,,,,,,,,,,,,,,,,,,,,,,,,,,,,,,,,,,,,,,,,,,,,,,,,,,,,,,,,,,,,,,,,,,,,,,,,,,,,,,,,,,,,
,,,,,,,,,,,,,,,20550706,,,,,,,,,,,,,,,,,,,,,,,,,,,,,,,,,,,,,,,,,,,,,,,,,,,,,,,,,,,,,,,,,,,,,,,,,,,,,,,,,,,,,,,,,,,,,,,,
,,,,,,,,,,,,,,,20550804,,,,,,,,,,,,,,,,,,,,,,,,,,,,,,,,,,,,,,,,,,,,,,,,,,,,,,,,,,,,,,,,,,,,,,,,,,,,,,,,,,,,,,,,,,,,,,,,
,,,,,,,,,,,,,,,20550825,,,,,,,,,,,,,,,,,,,,,,,,,,,,,,,,,,,,,,,,,,,,,,,,,,,,,,,,,,,,,,,,,,,,,,,,,,,,,,,,,,,,,,,,,,,,,,,,
,,,,,,,,,,,,,,,20550929,,,,,,,,,,,,,,,,,,,,,,,,,,,,,,,,,,,,,,,,,,,,,,,,,,,,,,,,,,,,,,,,,,,,,,,,,,,,,,,,,,,,,,,,,,,,,,,,
,,,,,,,,,,,,,,,20551002,,,,,,,,,,,,,,,,,,,,,,,,,,,,,,,,,,,,,,,,,,,,,,,,,,,,,,,,,,,,,,,,,,,,,,,,,,,,,,,,,,,,,,,,,,,,,,,,
,,,,,,,,,,,,,,,20551004,,,,,,,,,,,,,,,,,,,,,,,,,,,,,,,,,,,,,,,,,,,,,,,,,,,,,,,,,,,,,,,,,,,,,,,,,,,,,,,,,,,,,,,,,,,,,,,,
,,,,,,,,,,,,,,,20551020,,,,,,,,,,,,,,,,,,,,,,,,,,,,,,,,,,,,,,,,,,,,,,,,,,,,,,,,,,,,,,,,,,,,,,,,,,,,,,,,,,,,,,,,,,,,,,,,
,,,,,,,,,,,,,,,20551021,,,,,,,,,,,,,,,,,,,,,,,,,,,,,,,,,,,,,,,,,,,,,,,,,,,,,,,,,,,,,,,,,,,,,,,,,,,,,,,,,,,,,,,,,,,,,,,,
,,,,,,,,,,,,,,,20551104,,,,,,,,,,,,,,,,,,,,,,,,,,,,,,,,,,,,,,,,,,,,,,,,,,,,,,,,,,,,,,,,,,,,,,,,,,,,,,,,,,,,,,,,,,,,,,,,
,,,,,,,,,,,,,,,20560126,,,,,,,,,,,,,,,,,,,,,,,,,,,,,,,,,,,,,,,,,,,,,,,,,,,,,,,,,,,,,,,,,,,,,,,,,,,,,,,,,,,,,,,,,,,,,,,,
,,,,,,,,,,,,,,,20560219,,,,,,,,,,,,,,,,,,,,,,,,,,,,,,,,,,,,,,,,,,,,,,,,,,,,,,,,,,,,,,,,,,,,,,,,,,,,,,,,,,,,,,,,,,,,,,,,
,,,,,,,,,,,,,,,20560302,,,,,,,,,,,,,,,,,,,,,,,,,,,,,,,,,,,,,,,,,,,,,,,,,,,,,,,,,,,,,,,,,,,,,,,,,,,,,,,,,,,,,,,,,,,,,,,,
,,,,,,,,,,,,,,,20560317,,,,,,,,,,,,,,,,,,,,,,,,,,,,,,,,,,,,,,,,,,,,,,,,,,,,,,,,,,,,,,,,,,,,,,,,,,,,,,,,,,,,,,,,,,,,,,,,
,,,,,,,,,,,,,,,20560329,,,,,,,,,,,,,,,,,,,,,,,,,,,,,,,,,,,,,,,,,,,,,,,,,,,,,,,,,,,,,,,,,,,,,,,,,,,,,,,,,,,,,,,,,,,,,,,,
,,,,,,,,,,,,,,,20560331,,,,,,,,,,,,,,,,,,,,,,,,,,,,,,,,,,,,,,,,,,,,,,,,,,,,,,,,,,,,,,,,,,,,,,,,,,,,,,,,,,,,,,,,,,,,,,,,
,,,,,,,,,,,,,,,20560401,,,,,,,,,,,,,,,,,,,,,,,,,,,,,,,,,,,,,,,,,,,,,,,,,,,,,,,,,,,,,,,,,,,,,,,,,,,,,,,,,,,,,,,,,,,,,,,,
,,,,,,,,,,,,,,,20560414,,,,,,,,,,,,,,,,,,,,,,,,,,,,,,,,,,,,,,,,,,,,,,,,,,,,,,,,,,,,,,,,,,,,,,,,,,,,,,,,,,,,,,,,,,,,,,,,
,,,,,,,,,,,,,,,20560417,,,,,,,,,,,,,,,,,,,,,,,,,,,,,,,,,,,,,,,,,,,,,,,,,,,,,,,,,,,,,,,,,,,,,,,,,,,,,,,,,,,,,,,,,,,,,,,,
,,,,,,,,,,,,,,,20560501,,,,,,,,,,,,,,,,,,,,,,,,,,,,,,,,,,,,,,,,,,,,,,,,,,,,,,,,,,,,,,,,,,,,,,,,,,,,,,,,,,,,,,,,,,,,,,,,
,,,,,,,,,,,,,,,20560529,,,,,,,,,,,,,,,,,,,,,,,,,,,,,,,,,,,,,,,,,,,,,,,,,,,,,,,,,,,,,,,,,,,,,,,,,,,,,,,,,,,,,,,,,,,,,,,,
,,,,,,,,,,,,,,,20560724,,,,,,,,,,,,,,,,,,,,,,,,,,,,,,,,,,,,,,,,,,,,,,,,,,,,,,,,,,,,,,,,,,,,,,,,,,,,,,,,,,,,,,,,,,,,,,,,
,,,,,,,,,,,,,,,20560807,,,,,,,,,,,,,,,,,,,,,,,,,,,,,,,,,,,,,,,,,,,,,,,,,,,,,,,,,,,,,,,,,,,,,,,,,,,,,,,,,,,,,,,,,,,,,,,,
,,,,,,,,,,,,,,,20560815,,,,,,,,,,,,,,,,,,,,,,,,,,,,,,,,,,,,,,,,,,,,,,,,,,,,,,,,,,,,,,,,,,,,,,,,,,,,,,,,,,,,,,,,,,,,,,,,
,,,,,,,,,,,,,,,20560913,,,,,,,,,,,,,,,,,,,,,,,,,,,,,,,,,,,,,,,,,,,,,,,,,,,,,,,,,,,,,,,,,,,,,,,,,,,,,,,,,,,,,,,,,,,,,,,,
,,,,,,,,,,,,,,,20561002,,,,,,,,,,,,,,,,,,,,,,,,,,,,,,,,,,,,,,,,,,,,,,,,,,,,,,,,,,,,,,,,,,,,,,,,,,,,,,,,,,,,,,,,,,,,,,,,
,,,,,,,,,,,,,,,20561017,,,,,,,,,,,,,,,,,,,,,,,,,,,,,,,,,,,,,,,,,,,,,,,,,,,,,,,,,,,,,,,,,,,,,,,,,,,,,,,,,,,,,,,,,,,,,,,,
,,,,,,,,,,,,,,,20561107,,,,,,,,,,,,,,,,,,,,,,,,,,,,,,,,,,,,,,,,,,,,,,,,,,,,,,,,,,,,,,,,,,,,,,,,,,,,,,,,,,,,,,,,,,,,,,,,
,,,,,,,,,,,,,,,20561108,,,,,,,,,,,,,,,,,,,,,,,,,,,,,,,,,,,,,,,,,,,,,,,,,,,,,,,,,,,,,,,,,,,,,,,,,,,,,,,,,,,,,,,,,,,,,,,,
,,,,,,,,,,,,,,,20561122,,,,,,,,,,,,,,,,,,,,,,,,,,,,,,,,,,,,,,,,,,,,,,,,,,,,,,,,,,,,,,,,,,,,,,,,,,,,,,,,,,,,,,,,,,,,,,,,
,,,,,,,,,,,,,,,20561225,,,,,,,,,,,,,,,,,,,,,,,,,,,,,,,,,,,,,,,,,,,,,,,,,,,,,,,,,,,,,,,,,,,,,,,,,,,,,,,,,,,,,,,,,,,,,,,,
,,,,,,,,,,,,,,,20570126,,,,,,,,,,,,,,,,,,,,,,,,,,,,,,,,,,,,,,,,,,,,,,,,,,,,,,,,,,,,,,,,,,,,,,,,,,,,,,,,,,,,,,,,,,,,,,,,
,,,,,,,,,,,,,,,20570219,,,,,,,,,,,,,,,,,,,,,,,,,,,,,,,,,,,,,,,,,,,,,,,,,,,,,,,,,,,,,,,,,,,,,,,,,,,,,,,,,,,,,,,,,,,,,,,,
,,,,,,,,,,,,,,,20570303,,,,,,,,,,,,,,,,,,,,,,,,,,,,,,,,,,,,,,,,,,,,,,,,,,,,,,,,,,,,,,,,,,,,,,,,,,,,,,,,,,,,,,,,,,,,,,,,
,,,,,,,,,,,,,,,20570321,,,,,,,,,,,,,,,,,,,,,,,,,,,,,,,,,,,,,,,,,,,,,,,,,,,,,,,,,,,,,,,,,,,,,,,,,,,,,,,,,,,,,,,,,,,,,,,,
,,,,,,,,,,,,,,,20570402,,,,,,,,,,,,,,,,,,,,,,,,,,,,,,,,,,,,,,,,,,,,,,,,,,,,,,,,,,,,,,,,,,,,,,,,,,,,,,,,,,,,,,,,,,,,,,,,
,,,,,,,,,,,,,,,20570405,,,,,,,,,,,,,,,,,,,,,,,,,,,,,,,,,,,,,,,,,,,,,,,,,,,,,,,,,,,,,,,,,,,,,,,,,,,,,,,,,,,,,,,,,,,,,,,,
,,,,,,,,,,,,,,,20570406,,,,,,,,,,,,,,,,,,,,,,,,,,,,,,,,,,,,,,,,,,,,,,,,,,,,,,,,,,,,,,,,,,,,,,,,,,,,,,,,,,,,,,,,,,,,,,,,
,,,,,,,,,,,,,,,20570413,,,,,,,,,,,,,,,,,,,,,,,,,,,,,,,,,,,,,,,,,,,,,,,,,,,,,,,,,,,,,,,,,,,,,,,,,,,,,,,,,,,,,,,,,,,,,,,,
,,,,,,,,,,,,,,,20570417,,,,,,,,,,,,,,,,,,,,,,,,,,,,,,,,,,,,,,,,,,,,,,,,,,,,,,,,,,,,,,,,,,,,,,,,,,,,,,,,,,,,,,,,,,,,,,,,
,,,,,,,,,,,,,,,20570420,,,,,,,,,,,,,,,,,,,,,,,,,,,,,,,,,,,,,,,,,,,,,,,,,,,,,,,,,,,,,,,,,,,,,,,,,,,,,,,,,,,,,,,,,,,,,,,,
,,,,,,,,,,,,,,,20570501,,,,,,,,,,,,,,,,,,,,,,,,,,,,,,,,,,,,,,,,,,,,,,,,,,,,,,,,,,,,,,,,,,,,,,,,,,,,,,,,,,,,,,,,,,,,,,,,
,,,,,,,,,,,,,,,20570518,,,,,,,,,,,,,,,,,,,,,,,,,,,,,,,,,,,,,,,,,,,,,,,,,,,,,,,,,,,,,,,,,,,,,,,,,,,,,,,,,,,,,,,,,,,,,,,,
,,,,,,,,,,,,,,,20570613,,,,,,,,,,,,,,,,,,,,,,,,,,,,,,,,,,,,,,,,,,,,,,,,,,,,,,,,,,,,,,,,,,,,,,,,,,,,,,,,,,,,,,,,,,,,,,,,
,,,,,,,,,,,,,,,20570713,,,,,,,,,,,,,,,,,,,,,,,,,,,,,,,,,,,,,,,,,,,,,,,,,,,,,,,,,,,,,,,,,,,,,,,,,,,,,,,,,,,,,,,,,,,,,,,,
,,,,,,,,,,,,,,,20570807,,,,,,,,,,,,,,,,,,,,,,,,,,,,,,,,,,,,,,,,,,,,,,,,,,,,,,,,,,,,,,,,,,,,,,,,,,,,,,,,,,,,,,,,,,,,,,,,
,,,,,,,,,,,,,,,20570815,,,,,,,,,,,,,,,,,,,,,,,,,,,,,,,,,,,,,,,,,,,,,,,,,,,,,,,,,,,,,,,,,,,,,,,,,,,,,,,,,,,,,,,,,,,,,,,,
,,,,,,,,,,,,,,,20570912,,,,,,,,,,,,,,,,,,,,,,,,,,,,,,,,,,,,,,,,,,,,,,,,,,,,,,,,,,,,,,,,,,,,,,,,,,,,,,,,,,,,,,,,,,,,,,,,
,,,,,,,,,,,,,,,20571002,,,,,,,,,,,,,,,,,,,,,,,,,,,,,,,,,,,,,,,,,,,,,,,,,,,,,,,,,,,,,,,,,,,,,,,,,,,,,,,,,,,,,,,,,,,,,,,,
,,,,,,,,,,,,,,,20571029,,,,,,,,,,,,,,,,,,,,,,,,,,,,,,,,,,,,,,,,,,,,,,,,,,,,,,,,,,,,,,,,,,,,,,,,,,,,,,,,,,,,,,,,,,,,,,,,
,,,,,,,,,,,,,,,20571225,,,,,,,,,,,,,,,,,,,,,,,,,,,,,,,,,,,,,,,,,,,,,,,,,,,,,,,,,,,,,,,,,,,,,,,,,,,,,,,,,,,,,,,,,,,,,,,,
,,,,,,,,,,,,,,,20580219,,,,,,,,,,,,,,,,,,,,,,,,,,,,,,,,,,,,,,,,,,,,,,,,,,,,,,,,,,,,,,,,,,,,,,,,,,,,,,,,,,,,,,,,,,,,,,,,
,,,,,,,,,,,,,,,20580221,,,,,,,,,,,,,,,,,,,,,,,,,,,,,,,,,,,,,,,,,,,,,,,,,,,,,,,,,,,,,,,,,,,,,,,,,,,,,,,,,,,,,,,,,,,,,,,,
,,,,,,,,,,,,,,,20580325,,,,,,,,,,,,,,,,,,,,,,,,,,,,,,,,,,,,,,,,,,,,,,,,,,,,,,,,,,,,,,,,,,,,,,,,,,,,,,,,,,,,,,,,,,,,,,,,
,,,,,,,,,,,,,,,20580326,,,,,,,,,,,,,,,,,,,,,,,,,,,,,,,,,,,,,,,,,,,,,,,,,,,,,,,,,,,,,,,,,,,,,,,,,,,,,,,,,,,,,,,,,,,,,,,,
,,,,,,,,,,,,,,,20580401,,,,,,,,,,,,,,,,,,,,,,,,,,,,,,,,,,,,,,,,,,,,,,,,,,,,,,,,,,,,,,,,,,,,,,,,,,,,,,,,,,,,,,,,,,,,,,,,
,,,,,,,,,,,,,,,20580402,,,,,,,,,,,,,,,,,,,,,,,,,,,,,,,,,,,,,,,,,,,,,,,,,,,,,,,,,,,,,,,,,,,,,,,,,,,,,,,,,,,,,,,,,,,,,,,,
,,,,,,,,,,,,,,,20580406,,,,,,,,,,,,,,,,,,,,,,,,,,,,,,,,,,,,,,,,,,,,,,,,,,,,,,,,,,,,,,,,,,,,,,,,,,,,,,,,,,,,,,,,,,,,,,,,
,,,,,,,,,,,,,,,20580412,,,,,,,,,,,,,,,,,,,,,,,,,,,,,,,,,,,,,,,,,,,,,,,,,,,,,,,,,,,,,,,,,,,,,,,,,,,,,,,,,,,,,,,,,,,,,,,,
,,,,,,,,,,,,,,,20580501,,,,,,,,,,,,,,,,,,,,,,,,,,,,,,,,,,,,,,,,,,,,,,,,,,,,,,,,,,,,,,,,,,,,,,,,,,,,,,,,,,,,,,,,,,,,,,,,
,,,,,,,,,,,,,,,20580508,,,,,,,,,,,,,,,,,,,,,,,,,,,,,,,,,,,,,,,,,,,,,,,,,,,,,,,,,,,,,,,,,,,,,,,,,,,,,,,,,,,,,,,,,,,,,,,,
,,,,,,,,,,,,,,,20580702,,,,,,,,,,,,,,,,,,,,,,,,,,,,,,,,,,,,,,,,,,,,,,,,,,,,,,,,,,,,,,,,,,,,,,,,,,,,,,,,,,,,,,,,,,,,,,,,
,,,,,,,,,,,,,,,20580807,,,,,,,,,,,,,,,,,,,,,,,,,,,,,,,,,,,,,,,,,,,,,,,,,,,,,,,,,,,,,,,,,,,,,,,,,,,,,,,,,,,,,,,,,,,,,,,,
,,,,,,,,,,,,,,,20580815,,,,,,,,,,,,,,,,,,,,,,,,,,,,,,,,,,,,,,,,,,,,,,,,,,,,,,,,,,,,,,,,,,,,,,,,,,,,,,,,,,,,,,,,,,,,,,,,
,,,,,,,,,,,,,,,20580823,,,,,,,,,,,,,,,,,,,,,,,,,,,,,,,,,,,,,,,,,,,,,,,,,,,,,,,,,,,,,,,,,,,,,,,,,,,,,,,,,,,,,,,,,,,,,,,,
,,,,,,,,,,,,,,,20581002,,,,,,,,,,,,,,,,,,,,,,,,,,,,,,,,,,,,,,,,,,,,,,,,,,,,,,,,,,,,,,,,,,,,,,,,,,,,,,,,,,,,,,,,,,,,,,,,
,,,,,,,,,,,,,,,20581115,,,,,,,,,,,,,,,,,,,,,,,,,,,,,,,,,,,,,,,,,,,,,,,,,,,,,,,,,,,,,,,,,,,,,,,,,,,,,,,,,,,,,,,,,,,,,,,,
,,,,,,,,,,,,,,,20581130,,,,,,,,,,,,,,,,,,,,,,,,,,,,,,,,,,,,,,,,,,,,,,,,,,,,,,,,,,,,,,,,,,,,,,,,,,,,,,,,,,,,,,,,,,,,,,,,
,,,,,,,,,,,,,,,20581225,,,,,,,,,,,,,,,,,,,,,,,,,,,,,,,,,,,,,,,,,,,,,,,,,,,,,,,,,,,,,,,,,,,,,,,,,,,,,,,,,,,,,,,,,,,,,,,,
,,,,,,,,,,,,,,,20590219,,,,,,,,,,,,,,,,,,,,,,,,,,,,,,,,,,,,,,,,,,,,,,,,,,,,,,,,,,,,,,,,,,,,,,,,,,,,,,,,,,,,,,,,,,,,,,,,
,,,,,,,,,,,,,,,20590312,,,,,,,,,,,,,,,,,,,,,,,,,,,,,,,,,,,,,,,,,,,,,,,,,,,,,,,,,,,,,,,,,,,,,,,,,,,,,,,,,,,,,,,,,,,,,,,,
,,,,,,,,,,,,,,,20590328,,,,,,,,,,,,,,,,,,,,,,,,,,,,,,,,,,,,,,,,,,,,,,,,,,,,,,,,,,,,,,,,,,,,,,,,,,,,,,,,,,,,,,,,,,,,,,,,
,,,,,,,,,,,,,,,20590329,,,,,,,,,,,,,,,,,,,,,,,,,,,,,,,,,,,,,,,,,,,,,,,,,,,,,,,,,,,,,,,,,,,,,,,,,,,,,,,,,,,,,,,,,,,,,,,,
,,,,,,,,,,,,,,,20590401,,,,,,,,,,,,,,,,,,,,,,,,,,,,,,,,,,,,,,,,,,,,,,,,,,,,,,,,,,,,,,,,,,,,,,,,,,,,,,,,,,,,,,,,,,,,,,,,
,,,,,,,,,,,,,,,20590414,,,,,,,,,,,,,,,,,,,,,,,,,,,,,,,,,,,,,,,,,,,,,,,,,,,,,,,,,,,,,,,,,,,,,,,,,,,,,,,,,,,,,,,,,,,,,,,,
,,,,,,,,,,,,,,,20590421,,,,,,,,,,,,,,,,,,,,,,,,,,,,,,,,,,,,,,,,,,,,,,,,,,,,,,,,,,,,,,,,,,,,,,,,,,,,,,,,,,,,,,,,,,,,,,,,
,,,,,,,,,,,,,,,20590425,,,,,,,,,,,,,,,,,,,,,,,,,,,,,,,,,,,,,,,,,,,,,,,,,,,,,,,,,,,,,,,,,,,,,,,,,,,,,,,,,,,,,,,,,,,,,,,,
,,,,,,,,,,,,,,,20590501,,,,,,,,,,,,,,,,,,,,,,,,,,,,,,,,,,,,,,,,,,,,,,,,,,,,,,,,,,,,,,,,,,,,,,,,,,,,,,,,,,,,,,,,,,,,,,,,
,,,,,,,,,,,,,,,20590523,,,,,,,,,,,,,,,,,,,,,,,,,,,,,,,,,,,,,,,,,,,,,,,,,,,,,,,,,,,,,,,,,,,,,,,,,,,,,,,,,,,,,,,,,,,,,,,,
,,,,,,,,,,,,,,,20590527,,,,,,,,,,,,,,,,,,,,,,,,,,,,,,,,,,,,,,,,,,,,,,,,,,,,,,,,,,,,,,,,,,,,,,,,,,,,,,,,,,,,,,,,,,,,,,,,
,,,,,,,,,,,,,,,20590621,,,,,,,,,,,,,,,,,,,,,,,,,,,,,,,,,,,,,,,,,,,,,,,,,,,,,,,,,,,,,,,,,,,,,,,,,,,,,,,,,,,,,,,,,,,,,,,,
,,,,,,,,,,,,,,,20590807,,,,,,,,,,,,,,,,,,,,,,,,,,,,,,,,,,,,,,,,,,,,,,,,,,,,,,,,,,,,,,,,,,,,,,,,,,,,,,,,,,,,,,,,,,,,,,,,
,,,,,,,,,,,,,,,20590815,,,,,,,,,,,,,,,,,,,,,,,,,,,,,,,,,,,,,,,,,,,,,,,,,,,,,,,,,,,,,,,,,,,,,,,,,,,,,,,,,,,,,,,,,,,,,,,,
,,,,,,,,,,,,,,,20590821,,,,,,,,,,,,,,,,,,,,,,,,,,,,,,,,,,,,,,,,,,,,,,,,,,,,,,,,,,,,,,,,,,,,,,,,,,,,,,,,,,,,,,,,,,,,,,,,
,,,,,,,,,,,,,,,20590911,,,,,,,,,,,,,,,,,,,,,,,,,,,,,,,,,,,,,,,,,,,,,,,,,,,,,,,,,,,,,,,,,,,,,,,,,,,,,,,,,,,,,,,,,,,,,,,,
,,,,,,,,,,,,,,,20591002,,,,,,,,,,,,,,,,,,,,,,,,,,,,,,,,,,,,,,,,,,,,,,,,,,,,,,,,,,,,,,,,,,,,,,,,,,,,,,,,,,,,,,,,,,,,,,,,
,,,,,,,,,,,,,,,20591016,,,,,,,,,,,,,,,,,,,,,,,,,,,,,,,,,,,,,,,,,,,,,,,,,,,,,,,,,,,,,,,,,,,,,,,,,,,,,,,,,,,,,,,,,,,,,,,,
,,,,,,,,,,,,,,,20591104,,,,,,,,,,,,,,,,,,,,,,,,,,,,,,,,,,,,,,,,,,,,,,,,,,,,,,,,,,,,,,,,,,,,,,,,,,,,,,,,,,,,,,,,,,,,,,,,
,,,,,,,,,,,,,,,20591106,,,,,,,,,,,,,,,,,,,,,,,,,,,,,,,,,,,,,,,,,,,,,,,,,,,,,,,,,,,,,,,,,,,,,,,,,,,,,,,,,,,,,,,,,,,,,,,,
,,,,,,,,,,,,,,,20591119,,,,,,,,,,,,,,,,,,,,,,,,,,,,,,,,,,,,,,,,,,,,,,,,,,,,,,,,,,,,,,,,,,,,,,,,,,,,,,,,,,,,,,,,,,,,,,,,
,,,,,,,,,,,,,,,20591225,,,,,,,,,,,,,,,,,,,,,,,,,,,,,,,,,,,,,,,,,,,,,,,,,,,,,,,,,,,,,,,,,,,,,,,,,,,,,,,,,,,,,,,,,,,,,,,,
,,,,,,,,,,,,,,,20600126,,,,,,,,,,,,,,,,,,,,,,,,,,,,,,,,,,,,,,,,,,,,,,,,,,,,,,,,,,,,,,,,,,,,,,,,,,,,,,,,,,,,,,,,,,,,,,,,
,,,,,,,,,,,,,,,20600219,,,,,,,,,,,,,,,,,,,,,,,,,,,,,,,,,,,,,,,,,,,,,,,,,,,,,,,,,,,,,,,,,,,,,,,,,,,,,,,,,,,,,,,,,,,,,,,,
,,,,,,,,,,,,,,,20600301,,,,,,,,,,,,,,,,,,,,,,,,,,,,,,,,,,,,,,,,,,,,,,,,,,,,,,,,,,,,,,,,,,,,,,,,,,,,,,,,,,,,,,,,,,,,,,,,
,,,,,,,,,,,,,,,20600304,,,,,,,,,,,,,,,,,,,,,,,,,,,,,,,,,,,,,,,,,,,,,,,,,,,,,,,,,,,,,,,,,,,,,,,,,,,,,,,,,,,,,,,,,,,,,,,,
,,,,,,,,,,,,,,,20600317,,,,,,,,,,,,,,,,,,,,,,,,,,,,,,,,,,,,,,,,,,,,,,,,,,,,,,,,,,,,,,,,,,,,,,,,,,,,,,,,,,,,,,,,,,,,,,,,
,,,,,,,,,,,,,,,20600401,,,,,,,,,,,,,,,,,,,,,,,,,,,,,,,,,,,,,,,,,,,,,,,,,,,,,,,,,,,,,,,,,,,,,,,,,,,,,,,,,,,,,,,,,,,,,,,,
,,,,,,,,,,,,,,,20600402,,,,,,,,,,,,,,,,,,,,,,,,,,,,,,,,,,,,,,,,,,,,,,,,,,,,,,,,,,,,,,,,,,,,,,,,,,,,,,,,,,,,,,,,,,,,,,,,
,,,,,,,,,,,,,,,20600409,,,,,,,,,,,,,,,,,,,,,,,,,,,,,,,,,,,,,,,,,,,,,,,,,,,,,,,,,,,,,,,,,,,,,,,,,,,,,,,,,,,,,,,,,,,,,,,,
,,,,,,,,,,,,,,,20600413,,,,,,,,,,,,,,,,,,,,,,,,,,,,,,,,,,,,,,,,,,,,,,,,,,,,,,,,,,,,,,,,,,,,,,,,,,,,,,,,,,,,,,,,,,,,,,,,
,,,,,,,,,,,,,,,20600414,,,,,,,,,,,,,,,,,,,,,,,,,,,,,,,,,,,,,,,,,,,,,,,,,,,,,,,,,,,,,,,,,,,,,,,,,,,,,,,,,,,,,,,,,,,,,,,,
,,,,,,,,,,,,,,,20600416,,,,,,,,,,,,,,,,,,,,,,,,,,,,,,,,,,,,,,,,,,,,,,,,,,,,,,,,,,,,,,,,,,,,,,,,,,,,,,,,,,,,,,,,,,,,,,,,
,,,,,,,,,,,,,,,20600501,,,,,,,,,,,,,,,,,,,,,,,,,,,,,,,,,,,,,,,,,,,,,,,,,,,,,,,,,,,,,,,,,,,,,,,,,,,,,,,,,,,,,,,,,,,,,,,,
,,,,,,,,,,,,,,,20600511,,,,,,,,,,,,,,,,,,,,,,,,,,,,,,,,,,,,,,,,,,,,,,,,,,,,,,,,,,,,,,,,,,,,,,,,,,,,,,,,,,,,,,,,,,,,,,,,
,,,,,,,,,,,,,,,20600515,,,,,,,,,,,,,,,,,,,,,,,,,,,,,,,,,,,,,,,,,,,,,,,,,,,,,,,,,,,,,,,,,,,,,,,,,,,,,,,,,,,,,,,,,,,,,,,,
,,,,,,,,,,,,,,,20600610,,,,,,,,,,,,,,,,,,,,,,,,,,,,,,,,,,,,,,,,,,,,,,,,,,,,,,,,,,,,,,,,,,,,,,,,,,,,,,,,,,,,,,,,,,,,,,,,
,,,,,,,,,,,,,,,20600806,,,,,,,,,,,,,,,,,,,,,,,,,,,,,,,,,,,,,,,,,,,,,,,,,,,,,,,,,,,,,,,,,,,,,,,,,,,,,,,,,,,,,,,,,,,,,,,,
,,,,,,,,,,,,,,,20600809,,,,,,,,,,,,,,,,,,,,,,,,,,,,,,,,,,,,,,,,,,,,,,,,,,,,,,,,,,,,,,,,,,,,,,,,,,,,,,,,,,,,,,,,,,,,,,,,
,,,,,,,,,,,,,,,20601002,,,,,,,,,,,,,,,,,,,,,,,,,,,,,,,,,,,,,,,,,,,,,,,,,,,,,,,,,,,,,,,,,,,,,,,,,,,,,,,,,,,,,,,,,,,,,,,,
,,,,,,,,,,,,,,,20601004,,,,,,,,,,,,,,,,,,,,,,,,,,,,,,,,,,,,,,,,,,,,,,,,,,,,,,,,,,,,,,,,,,,,,,,,,,,,,,,,,,,,,,,,,,,,,,,,
,,,,,,,,,,,,,,,20601025,,,,,,,,,,,,,,,,,,,,,,,,,,,,,,,,,,,,,,,,,,,,,,,,,,,,,,,,,,,,,,,,,,,,,,,,,,,,,,,,,,,,,,,,,,,,,,,,
,,,,,,,,,,,,,,,20601108,,,,,,,,,,,,,,,,,,,,,,,,,,,,,,,,,,,,,,,,,,,,,,,,,,,,,,,,,,,,,,,,,,,,,,,,,,,,,,,,,,,,,,,,,,,,,,,,
,,,,,,,,,,,,,,,20610126,,,,,,,,,,,,,,,,,,,,,,,,,,,,,,,,,,,,,,,,,,,,,,,,,,,,,,,,,,,,,,,,,,,,,,,,,,,,,,,,,,,,,,,,,,,,,,,,
,,,,,,,,,,,,,,,20610218,,,,,,,,,,,,,,,,,,,,,,,,,,,,,,,,,,,,,,,,,,,,,,,,,,,,,,,,,,,,,,,,,,,,,,,,,,,,,,,,,,,,,,,,,,,,,,,,
,,,,,,,,,,,,,,,20610219,,,,,,,,,,,,,,,,,,,,,,,,,,,,,,,,,,,,,,,,,,,,,,,,,,,,,,,,,,,,,,,,,,,,,,,,,,,,,,,,,,,,,,,,,,,,,,,,
,,,,,,,,,,,,,,,20610222,,,,,,,,,,,,,,,,,,,,,,,,,,,,,,,,,,,,,,,,,,,,,,,,,,,,,,,,,,,,,,,,,,,,,,,,,,,,,,,,,,,,,,,,,,,,,,,,
,,,,,,,,,,,,,,,20610322,,,,,,,,,,,,,,,,,,,,,,,,,,,,,,,,,,,,,,,,,,,,,,,,,,,,,,,,,,,,,,,,,,,,,,,,,,,,,,,,,,,,,,,,,,,,,,,,
,,,,,,,,,,,,,,,20610329,,,,,,,,,,,,,,,,,,,,,,,,,,,,,,,,,,,,,,,,,,,,,,,,,,,,,,,,,,,,,,,,,,,,,,,,,,,,,,,,,,,,,,,,,,,,,,,,
,,,,,,,,,,,,,,,20610401,,,,,,,,,,,,,,,,,,,,,,,,,,,,,,,,,,,,,,,,,,,,,,,,,,,,,,,,,,,,,,,,,,,,,,,,,,,,,,,,,,,,,,,,,,,,,,,,
,,,,,,,,,,,,,,,20610402,,,,,,,,,,,,,,,,,,,,,,,,,,,,,,,,,,,,,,,,,,,,,,,,,,,,,,,,,,,,,,,,,,,,,,,,,,,,,,,,,,,,,,,,,,,,,,,,
,,,,,,,,,,,,,,,20610408,,,,,,,,,,,,,,,,,,,,,,,,,,,,,,,,,,,,,,,,,,,,,,,,,,,,,,,,,,,,,,,,,,,,,,,,,,,,,,,,,,,,,,,,,,,,,,,,
,,,,,,,,,,,,,,,20610414,,,,,,,,,,,,,,,,,,,,,,,,,,,,,,,,,,,,,,,,,,,,,,,,,,,,,,,,,,,,,,,,,,,,,,,,,,,,,,,,,,,,,,,,,,,,,,,,
,,,,,,,,,,,,,,,20610504,,,,,,,,,,,,,,,,,,,,,,,,,,,,,,,,,,,,,,,,,,,,,,,,,,,,,,,,,,,,,,,,,,,,,,,,,,,,,,,,,,,,,,,,,,,,,,,,
,,,,,,,,,,,,,,,20610530,,,,,,,,,,,,,,,,,,,,,,,,,,,,,,,,,,,,,,,,,,,,,,,,,,,,,,,,,,,,,,,,,,,,,,,,,,,,,,,,,,,,,,,,,,,,,,,,
,,,,,,,,,,,,,,,20610730,,,,,,,,,,,,,,,,,,,,,,,,,,,,,,,,,,,,,,,,,,,,,,,,,,,,,,,,,,,,,,,,,,,,,,,,,,,,,,,,,,,,,,,,,,,,,,,,
,,,,,,,,,,,,,,,20610806,,,,,,,,,,,,,,,,,,,,,,,,,,,,,,,,,,,,,,,,,,,,,,,,,,,,,,,,,,,,,,,,,,,,,,,,,,,,,,,,,,,,,,,,,,,,,,,,
,,,,,,,,,,,,,,,20610815,,,,,,,,,,,,,,,,,,,,,,,,,,,,,,,,,,,,,,,,,,,,,,,,,,,,,,,,,,,,,,,,,,,,,,,,,,,,,,,,,,,,,,,,,,,,,,,,
,,,,,,,,,,,,,,,20610917,,,,,,,,,,,,,,,,,,,,,,,,,,,,,,,,,,,,,,,,,,,,,,,,,,,,,,,,,,,,,,,,,,,,,,,,,,,,,,,,,,,,,,,,,,,,,,,,
,,,,,,,,,,,,,,,20611111,,,,,,,,,,,,,,,,,,,,,,,,,,,,,,,,,,,,,,,,,,,,,,,,,,,,,,,,,,,,,,,,,,,,,,,,,,,,,,,,,,,,,,,,,,,,,,,,
,,,,,,,,,,,,,,,20620126,,,,,,,,,,,,,,,,,,,,,,,,,,,,,,,,,,,,,,,,,,,,,,,,,,,,,,,,,,,,,,,,,,,,,,,,,,,,,,,,,,,,,,,,,,,,,,,,
,,,,,,,,,,,,,,,20620309,,,,,,,,,,,,,,,,,,,,,,,,,,,,,,,,,,,,,,,,,,,,,,,,,,,,,,,,,,,,,,,,,,,,,,,,,,,,,,,,,,,,,,,,,,,,,,,,
,,,,,,,,,,,,,,,20620324,,,,,,,,,,,,,,,,,,,,,,,,,,,,,,,,,,,,,,,,,,,,,,,,,,,,,,,,,,,,,,,,,,,,,,,,,,,,,,,,,,,,,,,,,,,,,,,,
,,,,,,,,,,,,,,,20620401,,,,,,,,,,,,,,,,,,,,,,,,,,,,,,,,,,,,,,,,,,,,,,,,,,,,,,,,,,,,,,,,,,,,,,,,,,,,,,,,,,,,,,,,,,,,,,,,
,,,,,,,,,,,,,,,20620410,,,,,,,,,,,,,,,,,,,,,,,,,,,,,,,,,,,,,,,,,,,,,,,,,,,,,,,,,,,,,,,,,,,,,,,,,,,,,,,,,,,,,,,,,,,,,,,,
,,,,,,,,,,,,,,,20620414,,,,,,,,,,,,,,,,,,,,,,,,,,,,,,,,,,,,,,,,,,,,,,,,,,,,,,,,,,,,,,,,,,,,,,,,,,,,,,,,,,,,,,,,,,,,,,,,
,,,,,,,,,,,,,,,20620417,,,,,,,,,,,,,,,,,,,,,,,,,,,,,,,,,,,,,,,,,,,,,,,,,,,,,,,,,,,,,,,,,,,,,,,,,,,,,,,,,,,,,,,,,,,,,,,,
,,,,,,,,,,,,,,,20620421,,,,,,,,,,,,,,,,,,,,,,,,,,,,,,,,,,,,,,,,,,,,,,,,,,,,,,,,,,,,,,,,,,,,,,,,,,,,,,,,,,,,,,,,,,,,,,,,
,,,,,,,,,,,,,,,20620501,,,,,,,,,,,,,,,,,,,,,,,,,,,,,,,,,,,,,,,,,,,,,,,,,,,,,,,,,,,,,,,,,,,,,,,,,,,,,,,,,,,,,,,,,,,,,,,,
,,,,,,,,,,,,,,,20620520,,,,,,,,,,,,,,,,,,,,,,,,,,,,,,,,,,,,,,,,,,,,,,,,,,,,,,,,,,,,,,,,,,,,,,,,,,,,,,,,,,,,,,,,,,,,,,,,
,,,,,,,,,,,,,,,20620523,,,,,,,,,,,,,,,,,,,,,,,,,,,,,,,,,,,,,,,,,,,,,,,,,,,,,,,,,,,,,,,,,,,,,,,,,,,,,,,,,,,,,,,,,,,,,,,,
,,,,,,,,,,,,,,,20620719,,,,,,,,,,,,,,,,,,,,,,,,,,,,,,,,,,,,,,,,,,,,,,,,,,,,,,,,,,,,,,,,,,,,,,,,,,,,,,,,,,,,,,,,,,,,,,,,
,,,,,,,,,,,,,,,20620815,,,,,,,,,,,,,,,,,,,,,,,,,,,,,,,,,,,,,,,,,,,,,,,,,,,,,,,,,,,,,,,,,,,,,,,,,,,,,,,,,,,,,,,,,,,,,,,,
,,,,,,,,,,,,,,,20620906,,,,,,,,,,,,,,,,,,,,,,,,,,,,,,,,,,,,,,,,,,,,,,,,,,,,,,,,,,,,,,,,,,,,,,,,,,,,,,,,,,,,,,,,,,,,,,,,
,,,,,,,,,,,,,,,20621002,,,,,,,,,,,,,,,,,,,,,,,,,,,,,,,,,,,,,,,,,,,,,,,,,,,,,,,,,,,,,,,,,,,,,,,,,,,,,,,,,,,,,,,,,,,,,,,,
,,,,,,,,,,,,,,,20621012,,,,,,,,,,,,,,,,,,,,,,,,,,,,,,,,,,,,,,,,,,,,,,,,,,,,,,,,,,,,,,,,,,,,,,,,,,,,,,,,,,,,,,,,,,,,,,,,
,,,,,,,,,,,,,,,20621031,,,,,,,,,,,,,,,,,,,,,,,,,,,,,,,,,,,,,,,,,,,,,,,,,,,,,,,,,,,,,,,,,,,,,,,,,,,,,,,,,,,,,,,,,,,,,,,,
,,,,,,,,,,,,,,,20621102,,,,,,,,,,,,,,,,,,,,,,,,,,,,,,,,,,,,,,,,,,,,,,,,,,,,,,,,,,,,,,,,,,,,,,,,,,,,,,,,,,,,,,,,,,,,,,,,
,,,,,,,,,,,,,,,20621116,,,,,,,,,,,,,,,,,,,,,,,,,,,,,,,,,,,,,,,,,,,,,,,,,,,,,,,,,,,,,,,,,,,,,,,,,,,,,,,,,,,,,,,,,,,,,,,,
,,,,,,,,,,,,,,,20621225,,,,,,,,,,,,,,,,,,,,,,,,,,,,,,,,,,,,,,,,,,,,,,,,,,,,,,,,,,,,,,,,,,,,,,,,,,,,,,,,,,,,,,,,,,,,,,,,
,,,,,,,,,,,,,,,20630126,,,,,,,,,,,,,,,,,,,,,,,,,,,,,,,,,,,,,,,,,,,,,,,,,,,,,,,,,,,,,,,,,,,,,,,,,,,,,,,,,,,,,,,,,,,,,,,,
,,,,,,,,,,,,,,,20630201,,,,,,,,,,,,,,,,,,,,,,,,,,,,,,,,,,,,,,,,,,,,,,,,,,,,,,,,,,,,,,,,,,,,,,,,,,,,,,,,,,,,,,,,,,,,,,,,
,,,,,,,,,,,,,,,20630219,,,,,,,,,,,,,,,,,,,,,,,,,,,,,,,,,,,,,,,,,,,,,,,,,,,,,,,,,,,,,,,,,,,,,,,,,,,,,,,,,,,,,,,,,,,,,,,,
,,,,,,,,,,,,,,,20630226,,,,,,,,,,,,,,,,,,,,,,,,,,,,,,,,,,,,,,,,,,,,,,,,,,,,,,,,,,,,,,,,,,,,,,,,,,,,,,,,,,,,,,,,,,,,,,,,
,,,,,,,,,,,,,,,20630315,,,,,,,,,,,,,,,,,,,,,,,,,,,,,,,,,,,,,,,,,,,,,,,,,,,,,,,,,,,,,,,,,,,,,,,,,,,,,,,,,,,,,,,,,,,,,,,,
,,,,,,,,,,,,,,,20630331,,,,,,,,,,,,,,,,,,,,,,,,,,,,,,,,,,,,,,,,,,,,,,,,,,,,,,,,,,,,,,,,,,,,,,,,,,,,,,,,,,,,,,,,,,,,,,,,
,,,,,,,,,,,,,,,20630402,,,,,,,,,,,,,,,,,,,,,,,,,,,,,,,,,,,,,,,,,,,,,,,,,,,,,,,,,,,,,,,,,,,,,,,,,,,,,,,,,,,,,,,,,,,,,,,,
,,,,,,,,,,,,,,,20630407,,,,,,,,,,,,,,,,,,,,,,,,,,,,,,,,,,,,,,,,,,,,,,,,,,,,,,,,,,,,,,,,,,,,,,,,,,,,,,,,,,,,,,,,,,,,,,,,
,,,,,,,,,,,,,,,20630410,,,,,,,,,,,,,,,,,,,,,,,,,,,,,,,,,,,,,,,,,,,,,,,,,,,,,,,,,,,,,,,,,,,,,,,,,,,,,,,,,,,,,,,,,,,,,,,,
,,,,,,,,,,,,,,,20630411,,,,,,,,,,,,,,,,,,,,,,,,,,,,,,,,,,,,,,,,,,,,,,,,,,,,,,,,,,,,,,,,,,,,,,,,,,,,,,,,,,,,,,,,,,,,,,,,
,,,,,,,,,,,,,,,20630413,,,,,,,,,,,,,,,,,,,,,,,,,,,,,,,,,,,,,,,,,,,,,,,,,,,,,,,,,,,,,,,,,,,,,,,,,,,,,,,,,,,,,,,,,,,,,,,,
,,,,,,,,,,,,,,,20630501,,,,,,,,,,,,,,,,,,,,,,,,,,,,,,,,,,,,,,,,,,,,,,,,,,,,,,,,,,,,,,,,,,,,,,,,,,,,,,,,,,,,,,,,,,,,,,,,
,,,,,,,,,,,,,,,20630509,,,,,,,,,,,,,,,,,,,,,,,,,,,,,,,,,,,,,,,,,,,,,,,,,,,,,,,,,,,,,,,,,,,,,,,,,,,,,,,,,,,,,,,,,,,,,,,,
,,,,,,,,,,,,,,,20630709,,,,,,,,,,,,,,,,,,,,,,,,,,,,,,,,,,,,,,,,,,,,,,,,,,,,,,,,,,,,,,,,,,,,,,,,,,,,,,,,,,,,,,,,,,,,,,,,
,,,,,,,,,,,,,,,20630806,,,,,,,,,,,,,,,,,,,,,,,,,,,,,,,,,,,,,,,,,,,,,,,,,,,,,,,,,,,,,,,,,,,,,,,,,,,,,,,,,,,,,,,,,,,,,,,,
,,,,,,,,,,,,,,,20630815,,,,,,,,,,,,,,,,,,,,,,,,,,,,,,,,,,,,,,,,,,,,,,,,,,,,,,,,,,,,,,,,,,,,,,,,,,,,,,,,,,,,,,,,,,,,,,,,
,,,,,,,,,,,,,,,20630827,,,,,,,,,,,,,,,,,,,,,,,,,,,,,,,,,,,,,,,,,,,,,,,,,,,,,,,,,,,,,,,,,,,,,,,,,,,,,,,,,,,,,,,,,,,,,,,,
,,,,,,,,,,,,,,,20631001,,,,,,,,,,,,,,,,,,,,,,,,,,,,,,,,,,,,,,,,,,,,,,,,,,,,,,,,,,,,,,,,,,,,,,,,,,,,,,,,,,,,,,,,,,,,,,,,
,,,,,,,,,,,,,,,20631002,,,,,,,,,,,,,,,,,,,,,,,,,,,,,,,,,,,,,,,,,,,,,,,,,,,,,,,,,,,,,,,,,,,,,,,,,,,,,,,,,,,,,,,,,,,,,,,,
,,,,,,,,,,,,,,,20631022,,,,,,,,,,,,,,,,,,,,,,,,,,,,,,,,,,,,,,,,,,,,,,,,,,,,,,,,,,,,,,,,,,,,,,,,,,,,,,,,,,,,,,,,,,,,,,,,
,,,,,,,,,,,,,,,20631106,,,,,,,,,,,,,,,,,,,,,,,,,,,,,,,,,,,,,,,,,,,,,,,,,,,,,,,,,,,,,,,,,,,,,,,,,,,,,,,,,,,,,,,,,,,,,,,,
,,,,,,,,,,,,,,,20631225,,,,,,,,,,,,,,,,,,,,,,,,,,,,,,,,,,,,,,,,,,,,,,,,,,,,,,,,,,,,,,,,,,,,,,,,,,,,,,,,,,,,,,,,,,,,,,,,
,,,,,,,,,,,,,,,20640121,,,,,,,,,,,,,,,,,,,,,,,,,,,,,,,,,,,,,,,,,,,,,,,,,,,,,,,,,,,,,,,,,,,,,,,,,,,,,,,,,,,,,,,,,,,,,,,,
,,,,,,,,,,,,,,,20640215,,,,,,,,,,,,,,,,,,,,,,,,,,,,,,,,,,,,,,,,,,,,,,,,,,,,,,,,,,,,,,,,,,,,,,,,,,,,,,,,,,,,,,,,,,,,,,,,
,,,,,,,,,,,,,,,20640219,,,,,,,,,,,,,,,,,,,,,,,,,,,,,,,,,,,,,,,,,,,,,,,,,,,,,,,,,,,,,,,,,,,,,,,,,,,,,,,,,,,,,,,,,,,,,,,,
,,,,,,,,,,,,,,,20640303,,,,,,,,,,,,,,,,,,,,,,,,,,,,,,,,,,,,,,,,,,,,,,,,,,,,,,,,,,,,,,,,,,,,,,,,,,,,,,,,,,,,,,,,,,,,,,,,
,,,,,,,,,,,,,,,20640319,,,,,,,,,,,,,,,,,,,,,,,,,,,,,,,,,,,,,,,,,,,,,,,,,,,,,,,,,,,,,,,,,,,,,,,,,,,,,,,,,,,,,,,,,,,,,,,,
,,,,,,,,,,,,,,,20640327,,,,,,,,,,,,,,,,,,,,,,,,,,,,,,,,,,,,,,,,,,,,,,,,,,,,,,,,,,,,,,,,,,,,,,,,,,,,,,,,,,,,,,,,,,,,,,,,
,,,,,,,,,,,,,,,20640329,,,,,,,,,,,,,,,,,,,,,,,,,,,,,,,,,,,,,,,,,,,,,,,,,,,,,,,,,,,,,,,,,,,,,,,,,,,,,,,,,,,,,,,,,,,,,,,,
,,,,,,,,,,,,,,,20640331,,,,,,,,,,,,,,,,,,,,,,,,,,,,,,,,,,,,,,,,,,,,,,,,,,,,,,,,,,,,,,,,,,,,,,,,,,,,,,,,,,,,,,,,,,,,,,,,
,,,,,,,,,,,,,,,20640401,,,,,,,,,,,,,,,,,,,,,,,,,,,,,,,,,,,,,,,,,,,,,,,,,,,,,,,,,,,,,,,,,,,,,,,,,,,,,,,,,,,,,,,,,,,,,,,,
,,,,,,,,,,,,,,,20640404,,,,,,,,,,,,,,,,,,,,,,,,,,,,,,,,,,,,,,,,,,,,,,,,,,,,,,,,,,,,,,,,,,,,,,,,,,,,,,,,,,,,,,,,,,,,,,,,
,,,,,,,,,,,,,,,20640414,,,,,,,,,,,,,,,,,,,,,,,,,,,,,,,,,,,,,,,,,,,,,,,,,,,,,,,,,,,,,,,,,,,,,,,,,,,,,,,,,,,,,,,,,,,,,,,,
,,,,,,,,,,,,,,,20640428,,,,,,,,,,,,,,,,,,,,,,,,,,,,,,,,,,,,,,,,,,,,,,,,,,,,,,,,,,,,,,,,,,,,,,,,,,,,,,,,,,,,,,,,,,,,,,,,
,,,,,,,,,,,,,,,20640501,,,,,,,,,,,,,,,,,,,,,,,,,,,,,,,,,,,,,,,,,,,,,,,,,,,,,,,,,,,,,,,,,,,,,,,,,,,,,,,,,,,,,,,,,,,,,,,,
,,,,,,,,,,,,,,,20640805,,,,,,,,,,,,,,,,,,,,,,,,,,,,,,,,,,,,,,,,,,,,,,,,,,,,,,,,,,,,,,,,,,,,,,,,,,,,,,,,,,,,,,,,,,,,,,,,
,,,,,,,,,,,,,,,20640815,,,,,,,,,,,,,,,,,,,,,,,,,,,,,,,,,,,,,,,,,,,,,,,,,,,,,,,,,,,,,,,,,,,,,,,,,,,,,,,,,,,,,,,,,,,,,,,,
,,,,,,,,,,,,,,,20641002,,,,,,,,,,,,,,,,,,,,,,,,,,,,,,,,,,,,,,,,,,,,,,,,,,,,,,,,,,,,,,,,,,,,,,,,,,,,,,,,,,,,,,,,,,,,,,,,
,,,,,,,,,,,,,,,20641225,,,,,,,,,,,,,,,,,,,,,,,,,,,,,,,,,,,,,,,,,,,,,,,,,,,,,,,,,,,,,,,,,,,,,,,,,,,,,,,,,,,,,,,,,,,,,,,,
,,,,,,,,,,,,,,,20650109,,,,,,,,,,,,,,,,,,,,,,,,,,,,,,,,,,,,,,,,,,,,,,,,,,,,,,,,,,,,,,,,,,,,,,,,,,,,,,,,,,,,,,,,,,,,,,,,
,,,,,,,,,,,,,,,20650126,,,,,,,,,,,,,,,,,,,,,,,,,,,,,,,,,,,,,,,,,,,,,,,,,,,,,,,,,,,,,,,,,,,,,,,,,,,,,,,,,,,,,,,,,,,,,,,,
,,,,,,,,,,,,,,,20650219,,,,,,,,,,,,,,,,,,,,,,,,,,,,,,,,,,,,,,,,,,,,,,,,,,,,,,,,,,,,,,,,,,,,,,,,,,,,,,,,,,,,,,,,,,,,,,,,
,,,,,,,,,,,,,,,20650305,,,,,,,,,,,,,,,,,,,,,,,,,,,,,,,,,,,,,,,,,,,,,,,,,,,,,,,,,,,,,,,,,,,,,,,,,,,,,,,,,,,,,,,,,,,,,,,,
,,,,,,,,,,,,,,,20650318,,,,,,,,,,,,,,,,,,,,,,,,,,,,,,,,,,,,,,,,,,,,,,,,,,,,,,,,,,,,,,,,,,,,,,,,,,,,,,,,,,,,,,,,,,,,,,,,
,,,,,,,,,,,,,,,20650327,,,,,,,,,,,,,,,,,,,,,,,,,,,,,,,,,,,,,,,,,,,,,,,,,,,,,,,,,,,,,,,,,,,,,,,,,,,,,,,,,,,,,,,,,,,,,,,,
,,,,,,,,,,,,,,,20650401,,,,,,,,,,,,,,,,,,,,,,,,,,,,,,,,,,,,,,,,,,,,,,,,,,,,,,,,,,,,,,,,,,,,,,,,,,,,,,,,,,,,,,,,,,,,,,,,
,,,,,,,,,,,,,,,20650406,,,,,,,,,,,,,,,,,,,,,,,,,,,,,,,,,,,,,,,,,,,,,,,,,,,,,,,,,,,,,,,,,,,,,,,,,,,,,,,,,,,,,,,,,,,,,,,,
,,,,,,,,,,,,,,,20650414,,,,,,,,,,,,,,,,,,,,,,,,,,,,,,,,,,,,,,,,,,,,,,,,,,,,,,,,,,,,,,,,,,,,,,,,,,,,,,,,,,,,,,,,,,,,,,,,
,,,,,,,,,,,,,,,20650415,,,,,,,,,,,,,,,,,,,,,,,,,,,,,,,,,,,,,,,,,,,,,,,,,,,,,,,,,,,,,,,,,,,,,,,,,,,,,,,,,,,,,,,,,,,,,,,,
,,,,,,,,,,,,,,,20650417,,,,,,,,,,,,,,,,,,,,,,,,,,,,,,,,,,,,,,,,,,,,,,,,,,,,,,,,,,,,,,,,,,,,,,,,,,,,,,,,,,,,,,,,,,,,,,,,
,,,,,,,,,,,,,,,20650501,,,,,,,,,,,,,,,,,,,,,,,,,,,,,,,,,,,,,,,,,,,,,,,,,,,,,,,,,,,,,,,,,,,,,,,,,,,,,,,,,,,,,,,,,,,,,,,,
,,,,,,,,,,,,,,,20650520,,,,,,,,,,,,,,,,,,,,,,,,,,,,,,,,,,,,,,,,,,,,,,,,,,,,,,,,,,,,,,,,,,,,,,,,,,,,,,,,,,,,,,,,,,,,,,,,
,,,,,,,,,,,,,,,20650617,,,,,,,,,,,,,,,,,,,,,,,,,,,,,,,,,,,,,,,,,,,,,,,,,,,,,,,,,,,,,,,,,,,,,,,,,,,,,,,,,,,,,,,,,,,,,,,,
,,,,,,,,,,,,,,,20650805,,,,,,,,,,,,,,,,,,,,,,,,,,,,,,,,,,,,,,,,,,,,,,,,,,,,,,,,,,,,,,,,,,,,,,,,,,,,,,,,,,,,,,,,,,,,,,,,
,,,,,,,,,,,,,,,20650815,,,,,,,,,,,,,,,,,,,,,,,,,,,,,,,,,,,,,,,,,,,,,,,,,,,,,,,,,,,,,,,,,,,,,,,,,,,,,,,,,,,,,,,,,,,,,,,,
,,,,,,,,,,,,,,,20650904,,,,,,,,,,,,,,,,,,,,,,,,,,,,,,,,,,,,,,,,,,,,,,,,,,,,,,,,,,,,,,,,,,,,,,,,,,,,,,,,,,,,,,,,,,,,,,,,
,,,,,,,,,,,,,,,20651002,,,,,,,,,,,,,,,,,,,,,,,,,,,,,,,,,,,,,,,,,,,,,,,,,,,,,,,,,,,,,,,,,,,,,,,,,,,,,,,,,,,,,,,,,,,,,,,,
,,,,,,,,,,,,,,,20651008,,,,,,,,,,,,,,,,,,,,,,,,,,,,,,,,,,,,,,,,,,,,,,,,,,,,,,,,,,,,,,,,,,,,,,,,,,,,,,,,,,,,,,,,,,,,,,,,
,,,,,,,,,,,,,,,20651029,,,,,,,,,,,,,,,,,,,,,,,,,,,,,,,,,,,,,,,,,,,,,,,,,,,,,,,,,,,,,,,,,,,,,,,,,,,,,,,,,,,,,,,,,,,,,,,,
,,,,,,,,,,,,,,,20651030,,,,,,,,,,,,,,,,,,,,,,,,,,,,,,,,,,,,,,,,,,,,,,,,,,,,,,,,,,,,,,,,,,,,,,,,,,,,,,,,,,,,,,,,,,,,,,,,
,,,,,,,,,,,,,,,20651112,,,,,,,,,,,,,,,,,,,,,,,,,,,,,,,,,,,,,,,,,,,,,,,,,,,,,,,,,,,,,,,,,,,,,,,,,,,,,,,,,,,,,,,,,,,,,,,,
,,,,,,,,,,,,,,,20651225,,,,,,,,,,,,,,,,,,,,,,,,,,,,,,,,,,,,,,,,,,,,,,,,,,,,,,,,,,,,,,,,,,,,,,,,,,,,,,,,,,,,,,,,,,,,,,,,
,,,,,,,,,,,,,,,20660126,,,,,,,,,,,,,,,,,,,,,,,,,,,,,,,,,,,,,,,,,,,,,,,,,,,,,,,,,,,,,,,,,,,,,,,,,,,,,,,,,,,,,,,,,,,,,,,,
,,,,,,,,,,,,,,,20660219,,,,,,,,,,,,,,,,,,,,,,,,,,,,,,,,,,,,,,,,,,,,,,,,,,,,,,,,,,,,,,,,,,,,,,,,,,,,,,,,,,,,,,,,,,,,,,,,
,,,,,,,,,,,,,,,20660222,,,,,,,,,,,,,,,,,,,,,,,,,,,,,,,,,,,,,,,,,,,,,,,,,,,,,,,,,,,,,,,,,,,,,,,,,,,,,,,,,,,,,,,,,,,,,,,,
,,,,,,,,,,,,,,,20660312,,,,,,,,,,,,,,,,,,,,,,,,,,,,,,,,,,,,,,,,,,,,,,,,,,,,,,,,,,,,,,,,,,,,,,,,,,,,,,,,,,,,,,,,,,,,,,,,
,,,,,,,,,,,,,,,20660326,,,,,,,,,,,,,,,,,,,,,,,,,,,,,,,,,,,,,,,,,,,,,,,,,,,,,,,,,,,,,,,,,,,,,,,,,,,,,,,,,,,,,,,,,,,,,,,,
,,,,,,,,,,,,,,,20660401,,,,,,,,,,,,,,,,,,,,,,,,,,,,,,,,,,,,,,,,,,,,,,,,,,,,,,,,,,,,,,,,,,,,,,,,,,,,,,,,,,,,,,,,,,,,,,,,
,,,,,,,,,,,,,,,20660406,,,,,,,,,,,,,,,,,,,,,,,,,,,,,,,,,,,,,,,,,,,,,,,,,,,,,,,,,,,,,,,,,,,,,,,,,,,,,,,,,,,,,,,,,,,,,,,,
,,,,,,,,,,,,,,,20660408,,,,,,,,,,,,,,,,,,,,,,,,,,,,,,,,,,,,,,,,,,,,,,,,,,,,,,,,,,,,,,,,,,,,,,,,,,,,,,,,,,,,,,,,,,,,,,,,
,,,,,,,,,,,,,,,20660409,,,,,,,,,,,,,,,,,,,,,,,,,,,,,,,,,,,,,,,,,,,,,,,,,,,,,,,,,,,,,,,,,,,,,,,,,,,,,,,,,,,,,,,,,,,,,,,,
,,,,,,,,,,,,,,,20660414,,,,,,,,,,,,,,,,,,,,,,,,,,,,,,,,,,,,,,,,,,,,,,,,,,,,,,,,,,,,,,,,,,,,,,,,,,,,,,,,,,,,,,,,,,,,,,,,
,,,,,,,,,,,,,,,20660501,,,,,,,,,,,,,,,,,,,,,,,,,,,,,,,,,,,,,,,,,,,,,,,,,,,,,,,,,,,,,,,,,,,,,,,,,,,,,,,,,,,,,,,,,,,,,,,,
,,,,,,,,,,,,,,,20660805,,,,,,,,,,,,,,,,,,,,,,,,,,,,,,,,,,,,,,,,,,,,,,,,,,,,,,,,,,,,,,,,,,,,,,,,,,,,,,,,,,,,,,,,,,,,,,,,
,,,,,,,,,,,,,,,20660824,,,,,,,,,,,,,,,,,,,,,,,,,,,,,,,,,,,,,,,,,,,,,,,,,,,,,,,,,,,,,,,,,,,,,,,,,,,,,,,,,,,,,,,,,,,,,,,,
,,,,,,,,,,,,,,,20660928,,,,,,,,,,,,,,,,,,,,,,,,,,,,,,,,,,,,,,,,,,,,,,,,,,,,,,,,,,,,,,,,,,,,,,,,,,,,,,,,,,,,,,,,,,,,,,,,
,,,,,,,,,,,,,,,20661002,,,,,,,,,,,,,,,,,,,,,,,,,,,,,,,,,,,,,,,,,,,,,,,,,,,,,,,,,,,,,,,,,,,,,,,,,,,,,,,,,,,,,,,,,,,,,,,,
,,,,,,,,,,,,,,,20661018,,,,,,,,,,,,,,,,,,,,,,,,,,,,,,,,,,,,,,,,,,,,,,,,,,,,,,,,,,,,,,,,,,,,,,,,,,,,,,,,,,,,,,,,,,,,,,,,
,,,,,,,,,,,,,,,20661020,,,,,,,,,,,,,,,,,,,,,,,,,,,,,,,,,,,,,,,,,,,,,,,,,,,,,,,,,,,,,,,,,,,,,,,,,,,,,,,,,,,,,,,,,,,,,,,,
,,,,,,,,,,,,,,,20661102,,,,,,,,,,,,,,,,,,,,,,,,,,,,,,,,,,,,,,,,,,,,,,,,,,,,,,,,,,,,,,,,,,,,,,,,,,,,,,,,,,,,,,,,,,,,,,,,
,,,,,,,,,,,,,,,20670126,,,,,,,,,,,,,,,,,,,,,,,,,,,,,,,,,,,,,,,,,,,,,,,,,,,,,,,,,,,,,,,,,,,,,,,,,,,,,,,,,,,,,,,,,,,,,,,,
,,,,,,,,,,,,,,,20670219,,,,,,,,,,,,,,,,,,,,,,,,,,,,,,,,,,,,,,,,,,,,,,,,,,,,,,,,,,,,,,,,,,,,,,,,,,,,,,,,,,,,,,,,,,,,,,,,
,,,,,,,,,,,,,,,20670225,,,,,,,,,,,,,,,,,,,,,,,,,,,,,,,,,,,,,,,,,,,,,,,,,,,,,,,,,,,,,,,,,,,,,,,,,,,,,,,,,,,,,,,,,,,,,,,,
,,,,,,,,,,,,,,,20670301,,,,,,,,,,,,,,,,,,,,,,,,,,,,,,,,,,,,,,,,,,,,,,,,,,,,,,,,,,,,,,,,,,,,,,,,,,,,,,,,,,,,,,,,,,,,,,,,
,,,,,,,,,,,,,,,20670316,,,,,,,,,,,,,,,,,,,,,,,,,,,,,,,,,,,,,,,,,,,,,,,,,,,,,,,,,,,,,,,,,,,,,,,,,,,,,,,,,,,,,,,,,,,,,,,,
,,,,,,,,,,,,,,,20670401,,,,,,,,,,,,,,,,,,,,,,,,,,,,,,,,,,,,,,,,,,,,,,,,,,,,,,,,,,,,,,,,,,,,,,,,,,,,,,,,,,,,,,,,,,,,,,,,
,,,,,,,,,,,,,,,20670402,,,,,,,,,,,,,,,,,,,,,,,,,,,,,,,,,,,,,,,,,,,,,,,,,,,,,,,,,,,,,,,,,,,,,,,,,,,,,,,,,,,,,,,,,,,,,,,,
,,,,,,,,,,,,,,,20670414,,,,,,,,,,,,,,,,,,,,,,,,,,,,,,,,,,,,,,,,,,,,,,,,,,,,,,,,,,,,,,,,,,,,,,,,,,,,,,,,,,,,,,,,,,,,,,,,
,,,,,,,,,,,,,,,20670427,,,,,,,,,,,,,,,,,,,,,,,,,,,,,,,,,,,,,,,,,,,,,,,,,,,,,,,,,,,,,,,,,,,,,,,,,,,,,,,,,,,,,,,,,,,,,,,,
,,,,,,,,,,,,,,,20670526,,,,,,,,,,,,,,,,,,,,,,,,,,,,,,,,,,,,,,,,,,,,,,,,,,,,,,,,,,,,,,,,,,,,,,,,,,,,,,,,,,,,,,,,,,,,,,,,
,,,,,,,,,,,,,,,20670805,,,,,,,,,,,,,,,,,,,,,,,,,,,,,,,,,,,,,,,,,,,,,,,,,,,,,,,,,,,,,,,,,,,,,,,,,,,,,,,,,,,,,,,,,,,,,,,,
,,,,,,,,,,,,,,,20670815,,,,,,,,,,,,,,,,,,,,,,,,,,,,,,,,,,,,,,,,,,,,,,,,,,,,,,,,,,,,,,,,,,,,,,,,,,,,,,,,,,,,,,,,,,,,,,,,
,,,,,,,,,,,,,,,20670912,,,,,,,,,,,,,,,,,,,,,,,,,,,,,,,,,,,,,,,,,,,,,,,,,,,,,,,,,,,,,,,,,,,,,,,,,,,,,,,,,,,,,,,,,,,,,,,,
,,,,,,,,,,,,,,,20671017,,,,,,,,,,,,,,,,,,,,,,,,,,,,,,,,,,,,,,,,,,,,,,,,,,,,,,,,,,,,,,,,,,,,,,,,,,,,,,,,,,,,,,,,,,,,,,,,
,,,,,,,,,,,,,,,20671107,,,,,,,,,,,,,,,,,,,,,,,,,,,,,,,,,,,,,,,,,,,,,,,,,,,,,,,,,,,,,,,,,,,,,,,,,,,,,,,,,,,,,,,,,,,,,,,,
,,,,,,,,,,,,,,,20671208,,,,,,,,,,,,,,,,,,,,,,,,,,,,,,,,,,,,,,,,,,,,,,,,,,,,,,,,,,,,,,,,,,,,,,,,,,,,,,,,,,,,,,,,,,,,,,,,
,,,,,,,,,,,,,,,20680126,,,,,,,,,,,,,,,,,,,,,,,,,,,,,,,,,,,,,,,,,,,,,,,,,,,,,,,,,,,,,,,,,,,,,,,,,,,,,,,,,,,,,,,,,,,,,,,,
,,,,,,,,,,,,,,,20680214,,,,,,,,,,,,,,,,,,,,,,,,,,,,,,,,,,,,,,,,,,,,,,,,,,,,,,,,,,,,,,,,,,,,,,,,,,,,,,,,,,,,,,,,,,,,,,,,
,,,,,,,,,,,,,,,20680302,,,,,,,,,,,,,,,,,,,,,,,,,,,,,,,,,,,,,,,,,,,,,,,,,,,,,,,,,,,,,,,,,,,,,,,,,,,,,,,,,,,,,,,,,,,,,,,,
,,,,,,,,,,,,,,,20680315,,,,,,,,,,,,,,,,,,,,,,,,,,,,,,,,,,,,,,,,,,,,,,,,,,,,,,,,,,,,,,,,,,,,,,,,,,,,,,,,,,,,,,,,,,,,,,,,
,,,,,,,,,,,,,,,20680319,,,,,,,,,,,,,,,,,,,,,,,,,,,,,,,,,,,,,,,,,,,,,,,,,,,,,,,,,,,,,,,,,,,,,,,,,,,,,,,,,,,,,,,,,,,,,,,,
,,,,,,,,,,,,,,,20680402,,,,,,,,,,,,,,,,,,,,,,,,,,,,,,,,,,,,,,,,,,,,,,,,,,,,,,,,,,,,,,,,,,,,,,,,,,,,,,,,,,,,,,,,,,,,,,,,
,,,,,,,,,,,,,,,20680403,,,,,,,,,,,,,,,,,,,,,,,,,,,,,,,,,,,,,,,,,,,,,,,,,,,,,,,,,,,,,,,,,,,,,,,,,,,,,,,,,,,,,,,,,,,,,,,,
,,,,,,,,,,,,,,,20680410,,,,,,,,,,,,,,,,,,,,,,,,,,,,,,,,,,,,,,,,,,,,,,,,,,,,,,,,,,,,,,,,,,,,,,,,,,,,,,,,,,,,,,,,,,,,,,,,
,,,,,,,,,,,,,,,20680420,,,,,,,,,,,,,,,,,,,,,,,,,,,,,,,,,,,,,,,,,,,,,,,,,,,,,,,,,,,,,,,,,,,,,,,,,,,,,,,,,,,,,,,,,,,,,,,,
,,,,,,,,,,,,,,,20680501,,,,,,,,,,,,,,,,,,,,,,,,,,,,,,,,,,,,,,,,,,,,,,,,,,,,,,,,,,,,,,,,,,,,,,,,,,,,,,,,,,,,,,,,,,,,,,,,
,,,,,,,,,,,,,,,20680515,,,,,,,,,,,,,,,,,,,,,,,,,,,,,,,,,,,,,,,,,,,,,,,,,,,,,,,,,,,,,,,,,,,,,,,,,,,,,,,,,,,,,,,,,,,,,,,,
,,,,,,,,,,,,,,,20680517,,,,,,,,,,,,,,,,,,,,,,,,,,,,,,,,,,,,,,,,,,,,,,,,,,,,,,,,,,,,,,,,,,,,,,,,,,,,,,,,,,,,,,,,,,,,,,,,
,,,,,,,,,,,,,,,20680804,,,,,,,,,,,,,,,,,,,,,,,,,,,,,,,,,,,,,,,,,,,,,,,,,,,,,,,,,,,,,,,,,,,,,,,,,,,,,,,,,,,,,,,,,,,,,,,,
,,,,,,,,,,,,,,,20680815,,,,,,,,,,,,,,,,,,,,,,,,,,,,,,,,,,,,,,,,,,,,,,,,,,,,,,,,,,,,,,,,,,,,,,,,,,,,,,,,,,,,,,,,,,,,,,,,
,,,,,,,,,,,,,,,20680831,,,,,,,,,,,,,,,,,,,,,,,,,,,,,,,,,,,,,,,,,,,,,,,,,,,,,,,,,,,,,,,,,,,,,,,,,,,,,,,,,,,,,,,,,,,,,,,,
,,,,,,,,,,,,,,,20681002,,,,,,,,,,,,,,,,,,,,,,,,,,,,,,,,,,,,,,,,,,,,,,,,,,,,,,,,,,,,,,,,,,,,,,,,,,,,,,,,,,,,,,,,,,,,,,,,
,,,,,,,,,,,,,,,20681006,,,,,,,,,,,,,,,,,,,,,,,,,,,,,,,,,,,,,,,,,,,,,,,,,,,,,,,,,,,,,,,,,,,,,,,,,,,,,,,,,,,,,,,,,,,,,,,,
,,,,,,,,,,,,,,,20681025,,,,,,,,,,,,,,,,,,,,,,,,,,,,,,,,,,,,,,,,,,,,,,,,,,,,,,,,,,,,,,,,,,,,,,,,,,,,,,,,,,,,,,,,,,,,,,,,
,,,,,,,,,,,,,,,20681109,,,,,,,,,,,,,,,,,,,,,,,,,,,,,,,,,,,,,,,,,,,,,,,,,,,,,,,,,,,,,,,,,,,,,,,,,,,,,,,,,,,,,,,,,,,,,,,,
,,,,,,,,,,,,,,,20681127,,,,,,,,,,,,,,,,,,,,,,,,,,,,,,,,,,,,,,,,,,,,,,,,,,,,,,,,,,,,,,,,,,,,,,,,,,,,,,,,,,,,,,,,,,,,,,,,
,,,,,,,,,,,,,,,20681225,,,,,,,,,,,,,,,,,,,,,,,,,,,,,,,,,,,,,,,,,,,,,,,,,,,,,,,,,,,,,,,,,,,,,,,,,,,,,,,,,,,,,,,,,,,,,,,,