AmB,AuB,BeB,BkB,BMA,BmB,BxB,CoB,FrB,HeB,HKB,IsB,JaB,JoB,KLB,LnB,LxB,MeB,MoB,MwB,MxB,NBR,NYB,OsB,RiB,RJB,SeB,SiB,SPB,SyB,Tgt,TkB,TpB,TrB,StB,ViB,WeB,ZuB
19990101,20020101,20070101,20020101,20150101,20020312,20130101,19990101,20020101,20020101,19990101,20060110,20070101,20020101,20020101,19990101,19990101,19990101,19990101,20010101,20060206,20130101,19990101,20000420,20090102,20130101,20040101,20000207,20060125,20020101,20000421,19940103,20060130,20020101,19990101,20020101,20020101,20020101
19990402,20020102,20070102,20020226,20150103,20020325,20130211,19990401,20020329,20020329,19990216,20060111,20070319,20020321,20020201,19990402,19990405,19990126,19990402,20010102,20060321,20130211,19990118,20000421,20090109,20130211,20040121,20000316,20060227,20020128,20000424,19940211,20060131,20020329,19990106,20020401,20020102,20020102
19990405,20040101,20070103,20020408,20150104,20020329,20130212,19990402,20020401,20020401,19990217,20060112,20070406,20020329,20020212,19990405,19990513,19990402,19990524,20010307,20060413,20130212,19990215,20000424,20090116,20130212,20040122,20000421,20060228,20020329,20000501,19940321,20060201,20020520,19990402,20020501,20020121,20020329
19990430,20040102,20070219,20020415,20150110,20020401,20130329,19990405,20020501,20020501,19990218,20060113,20070517,20020401,20020213,19990503,19990524,19990405,19990701,20010501,20060414,20130329,19990402,20000501,20090123,20130329,20040123,20000501,20060414,20020401,20001225,19940429,20060202,20020701,19990405,20020509,20020206,20020401
19990513,20040126,20070220,20020416,20150111,20020425,20130501,19990430,20020509,20020509,19990402,20060519,20070601,20020501,20020315,19990531,19990623,19990426,19990802,20010502,20060501,20130501,19990531,20000517,20090130,20130423,20040301,20000518,20060421,20020425,20001226,19940503,20060228,20020805,19990513,20020520,20020329,20020501
19990524,20040206,20070221,20020501,20150117,20020501,20130530,19990513,20020520,20020621,19990405,20060830,20070817,20020617,20020425,19990830,19991101,19990614,19990906,20010509,20061102,20130530,19990705,20000601,20090206,20130501,20040405,20000809,20060501,20020610,20010101,19940504,20060405,20020902,19990524,20020530,20020401,20020509
20000421,20040409,20070222,20020506,20150118,20020815,20131115,19990524,20020530,20021206,19990406,20061023,20071012,20020809,20020501,19991227,20000424,19990802,19991011,20010612,20061120,20131115,19990906,20000612,20090213,20130530,20040415,20001026,20060615,20020805,20010413,19940505,20060501,20021014,19990625,20020815,20020425,20020520
20000424,20040412,20070223,20020527,20150119,20020910,20131225,19990603,20021003,20021224,19990618,20061024,20071220,20020924,20020527,19991228,20000501,19991004,19991111,20011107,20061201,20131225,19991011,20001225,20090220,20130725,20040505,20001127,20060907,20021007,20010416,19940915,20060531,20021111,19991224,20021101,20020603,20020801
20000505,20040607,20070501,20020701,20150124,20020930,20131231,19991224,20021224,20021225,19990701,20061025,20071225,20021216,20021104,19991231,20000601,19991227,19991227,20011212,20061212,20140101,19991111,20001226,20090227,20130726,20040526,20010101,20061012,20021225,20010501,19940923,20061006,20021225,20000106,20021224,20021028,20021225
20000601,20041025,20070502,20020725,20150125,20021002,20140101,20000420,20021225,20021226,19991001,20070101,20071231,20021225,20021206,20000103,20000612,19991228,19991228,20020101,20061225,20140303,19991125,20010101,20090306,20131115,20040927,20010124,20061102,20021226,20011225,19941010,20061009,20021226,20000421,20021225,20021225,20021226
20000612,20041227,20070503,20020812,20150131,20021015,20140303,20000421,20021226,20030101,19991018,20070102,20080101,20021226,20021225,20000421,20000623,20000103,20000103,20020102,20070101,20140304,19991224,20010412,20090313,20131120,20040928,20010125,20061115,20030101,20011226,19941103,20061010,20030101,20000424,20021226,20021226,20030101
20001225,20041228,20070504,20021023,20150201,20021104,20140304,20000424,20021231,20030106,19991227,20070103,20080110,20030101,20030101,20000424,20000815,20000106,20000421,20020107,20070205,20140418,20000117,20010413,20090320,20131225,20040929,20010306,20061120,20030127,20011231,19941123,20070101,20030418,20000501,20030101,20030101,20030102
20001226,20050103,20070507,20021205,20150207,20021119,20140418,20000501,20030101,20030418,19991231,20070423,20080207,20030321,20030203,20000501,20001101,20000126,20000522,20020225,20070319,20140421,20000221,20010416,20090327,20131231,20050208,20010413,20061225,20030418,20020101,19941223,20070219,20030519,20000601,20030106,20030102,20030418
20010101,20050104,20071001,20021210,20150208,20021225,20140421,20000519,20030418,20030421,20000204,20070830,20080307,20030418,20030204,20000529,20001225,20000421,20000703,20020308,20070405,20140501,20000421,20010501,20090403,20140101,20050209,20010501,20061229,20030421,20020329,19950102,20070220,20030701,20000612,20030421,20030120,20030421
20010413,20050131,20071002,20021230,20150214,20030213,20140501,20000601,20030421,20030501,20000207,20071012,20080320,20030421,20030212,20000828,20001226,20000424,20000807,20020501,20070406,20140619,20000529,20010517,20090410,20140120,20050210,20010507,20070101,20030425,20020401,19950103,20070221,20030804,20000623,20030501,20030206,20030501
20010416,20050325,20071003,20021231,20150215,20030314,20140619,20000605,20030501,20030529,20000404,20071029,20080321,20030428,20030304,20001225,20010101,20000425,20000904,20020502,20070501,20141225,20000704,20010524,20090417,20140303,20050301,20010809,20070125,20030609,20020501,19950116,20070222,20030901,20001225,20030529,20030418,20030529
20010430,20050328,20071004,20030101,20150216,20030318,20141225,20000612,20030529,20030620,20000421,20071220,20080501,20030501,20030501,20001226,20010413,20000501,20001009,20020503,20071102,20150101,20000904,20010604,20090424,20140304,20050405,20011114,20070219,20030804,20021225,19950321,20070223,20031013,20001226,20030609,20030421,20030609
20010524,20050425,20071005,20030217,20150221,20030401,20141231,20000622,20030609,20031224,20000424,20071221,20080520,20030616,20030514,20010101,20010416,20000601,20001225,20020509,20071119,20150216,20001009,20011225,20090501,20140418,20050505,20011225,20070220,20031006,20021226,19950503,20070228,20031111,20010101,20030619,20030425,20030801
20010604,20050606,20071231,20030407,20150222,20030402,20150101,20001003,20030619,20031225,20000501,20080101,20080730,20030924,20030515,20010413,20010501,20000612,20001226,20020510,20071212,20150217,20001123,20011226,20090508,20140421,20050606,20020101,20070406,20031225,20030101,19950504,20070405,20031225,20010413,20030815,20030602,20031225
20011225,20051024,20080101,20030414,20150228,20030411,20150216,20001225,20031003,20031226,20000511,20080423,20080818,20031216,20030901,20010416,20010524,20000622,20010101,20020612,20071225,20150403,20001225,20020101,20090515,20140423,20050815,20020212,20070501,20031226,20030418,19950505,20070406,20031226,20010416,20031208,20031027,20031226
20011226,20051226,20080206,20030415,20150301,20030414,20150217,20001226,20031224,20040101,20000606,20080519,20080930,20031225,20031024,20010507,20010604,20000807,20010413,20021107,20080101,20150421,20010101,20020328,20090522,20140501,20050919,20020213,20070607,20040101,20030421,19950915,20070501,20040101,20010501,20031224,20031225,20040101
20020101,20051227,20080207,20030501,20150307,20030415,20150403,20010101,20031225,20040106,20000913,20080930,20081001,20031226,20031125,20010528,20010815,20000815,20010521,20021108,20080204,20150501,20010115,20020329,20090529,20140619,20051003,20020329,20070709,20040126,20030501,19951010,20070618,20040409,20010524,20031225,20031226,20040102
20020329,20060102,20080208,20030505,20150308,20030418,20150421,20010412,20031226,20040409,20001002,20081001,20081002,20040101,20031126,20010827,20011101,20001002,20010702,20021212,20080317,20150604,20010219,20020401,20090605,20140625,20060130,20020501,20070907,20040409,20031225,19951103,20070619,20040524,20010604,20031226,20040101,20040409
20020401,20060103,20080211,20030515,20150314,20030501,20150501,20010413,20031231,20040412,20001006,20081002,20081003,20040322,20031225,20011225,20011225,20001026,20010806,20021213,20080320,20150907,20010413,20020501,20090612,20140704,20060301,20020527,20071012,20040412,20031226,19951123,20070918,20040701,20010622,20040101,20040102,20040412
20020430,20060130,20080212,20030701,20150315,20030515,20150604,20010416,20040101,20040520,20001225,20081029,20081208,20040409,20040101,20011226,20011226,20001101,20010903,20030101,20080321,20151012,20010528,20020509,20090619,20141120,20060501,20020809,20071102,20040426,20040101,19960101,20070924,20040802,20011225,20040106,20040119,20040520
20020509,20060206,20080404,20030714,20150321,20030516,20150907,20010501,20040409,20040625,20001226,20081208,20081225,20040412,20040122,20020101,20020101,20001208,20011008,20030102,20080501,20151102,20010704,20020517,20090626,20141225,20060505,20021104,20071115,20040614,20040409,19960102,20070925,20040906,20011226,20040412,20040206,20040531
20020520,20060414,20080501,20030812,20150322,20030630,20151012,20010511,20040412,20041206,20010101,20081209,20081229,20040414,20040123,20020329,20040101,20001225,20011225,20030103,20080916,20151225,20010903,20020520,20090703,20141231,20060531,20021206,20071120,20040802,20040412,19960103,20071010,20041011,20020101,20040520,20040409,20050325
20021225,20060417,20080502,20031023,20150328,20030815,20151102,20010524,20040520,20041224,20010124,20081210,20090101,20040427,20040202,20020401,20040409,20001226,20011226,20030106,20081117,20160101,20011112,20021224,20090710,20150101,20060606,20021225,20071225,20041004,20050325,19960115,20080101,20041111,20020329,20040531,20040412,20050328
20021226,20060425,20080609,20031205,20150329,20030930,20151130,20010604,20040531,20050106,20010125,20081211,20090102,20040616,20040203,20020506,20040412,20001229,20020101,20030107,20081212,20160208,20011122,20021225,20090717,20150120,20060717,20030101,20071231,20041227,20050328,19960212,20080206,20041227,20020401,20040610,20040607,20050505
20030101,20060605,20080915,20031210,20150404,20031002,20151225,20010605,20040610,20050325,20010126,20090101,20090126,20040809,20040223,20020603,20040520,20010101,20040101,20030224,20081225,20160209,20011225,20021226,20090724,20150216,20060815,20030203,20080101,20041228,20051226,19960320,20080207,20041228,20020501,20041026,20041025,20050516
20030418,20061023,20080929,20031231,20150405,20031126,20151231,20010614,20041224,20050328,20010405,20090423,20090309,20040924,20040503,20020604,20040531,20010126,20040102,20030310,20090101,20160325,20020101,20030101,20090731,20150217,20061003,20030212,20080125,20050103,20060414,19960429,20080208,20050103,20020509,20041101,20041227,20050801
20030421,20061225,20080930,20040101,20150411,20031225,20160101,20011224,20041231,20050505,20010413,20090501,20090326,20041216,20040505,20020826,20040623,20010413,20040409,20030501,20090202,20160421,20020121,20030417,20090807,20150403,20061005,20030418,20080204,20050126,20060417,19960503,20080211,20050325,20020520,20041208,20041228,20051226
20030430,20061226,20081001,20040308,20150412,20040126,20160208,20011225,20050325,20050624,20010416,20090519,20090409,20041227,20040831,20021225,20041101,20010416,20040524,20030502,20090316,20160526,20020218,20030418,20090814,20150421,20061006,20030501,20080205,20050325,20060501,19960506,20080228,20050523,20020621,20041224,20050103,20060102
20030529,20070101,20081002,20040406,20150418,20040202,20160209,20011226,20050328,20051206,20010430,20090921,20090410,20050321,20041112,20021226,20050325,20010425,20040624,20030509,20090409,20160907,20020527,20030421,20090821,20150423,20061225,20030515,20080321,20050328,20061225,19960916,20080404,20050701,20021224,20050106,20050104,20060414
20030609,20070102,20081003,20040413,20150419,20040218,20160325,20011231,20050505,20051226,20010501,20090922,20090521,20050325,20041115,20030101,20050328,20010611,20040701,20030612,20090410,20161012,20020704,20030501,20090828,20150501,20070101,20031024,20080421,20050425,20061226,19960923,20080501,20050801,20021225,20050328,20050124,20060417
20031225,20070129,20090101,20040414,20150425,20040302,20160421,20020101,20050516,20060106,20010625,20091029,20090708,20050328,20041116,20030418,20050505,20011001,20040906,20030613,20090501,20161102,20020902,20030529,20090904,20150604,20070219,20031125,20080501,20050613,20070101,19961010,20080728,20050905,20021226,20050505,20050325,20060501
20031226,20070206,20090102,20040415,20150426,20040330,20160526,20020328,20050526,20060414,20010702,20091127,20090720,20050427,20050121,20030421,20050516,20011225,20041011,20031107,20090916,20161115,20021014,20030609,20090911,20150907,20070301,20031225,20080522,20050801,20070406,19961104,20080929,20051010,20021231,20050516,20050328,20060525
20040101,20070406,20090126,20040503,20150502,20040401,20160907,20020329,20051003,20060417,20011001,20091130,20090817,20050502,20050201,20030505,20050623,20011226,20041111,20031212,20091102,20170227,20021111,20031224,20090917,20151012,20070501,20040101,20080709,20051003,20070409,19961223,20081010,20051111,20030101,20050526,20050425,20060605
20040409,20070409,20090127,20040505,20150503,20040409,20161012,20020401,20051226,20060501,20011002,20100101,20090921,20050616,20050209,20030526,20050815,20020101,20041227,20040101,20091116,20170228,20021128,20031225,20090918,20151102,20070524,20040122,20081120,20051226,20070501,19961231,20090101,20051226,20030106,20050815,20050606,20060801
20040412,20070425,20090128,20040603,20150509,20040414,20161102,20020426,20060414,20060525,20011025,20100423,20090922,20050809,20050210,20030825,20051101,20040101,20041228,20040102,20091225,20170414,20021225,20031226,20090921,20151120,20070606,20040123,20081225,20051227,20071225,19970101,20090102,20051227,20030418,20051026,20051024,20061225
20040430,20070604,20090129,20040701,20150510,20040426,20161115,20020509,20060417,20060623,20011225,20100519,20090923,20051216,20050211,20031225,20051226,20040126,20050103,20040107,20100101,20170421,20030101,20040101,20090922,20151225,20070717,20040202,20081231,20060102,20071226,19970102,20090126,20060102,20030421,20051101,20051226,20061226
20040520,20071022,20090130,20040802,20150516,20040504,20161130,20020520,20060501,20061206,20011226,20100830,20091127,20051226,20050421,20031226,20060414,20040308,20050104,20040223,20100201,20170501,20030120,20040408,20090923,20151231,20070815,20040409,20090101,20060126,20080101,19970103,20090127,20060414,20030501,20051208,20051227,20070101
20040531,20071225,20090406,20040812,20150517,20040630,20161230,20020605,20060525,20061225,20020101,20100909,20091218,20060102,20050502,20040101,20060417,20040409,20050325,20040308,20100315,20170615,20030217,20040409,20090924,20160101,20070924,20040602,20090223,20060414,20080321,19970115,20090128,20060522,20030529,20051226,20060102,20070102
20050325,20071226,20090501,20041025,20150523,20040820,20170227,20021224,20060605,20061226,20020212,20100910,20091225,20060301,20050523,20040409,20060501,20040412,20050523,20040503,20100401,20170907,20030526,20040412,20090925,20160120,20070925,20040809,20090224,20060417,20080324,19970211,20090129,20060703,20030609,20060106,20060103,20070406
20050328,20080101,20090528,20041206,20150524,20040930,20170228,20021225,20060615,20070101,20020213,20101029,20100101,20060321,20050831,20040412,20060525,20040614,20050624,20040504,20100402,20171012,20030704,20040517,20091002,20160208,20070926,20041111,20090410,20060425,20080501,19970320,20090130,20060807,20030620,20060417,20060123,20070409
20050505,20080102,20090529,20041210,20150525,20041013,20170414,20021226,20061003,20070406,20020214,20101116,20100226,20060414,20051101,20040503,20060605,20041102,20050701,20040510,20100916,20171102,20030901,20040520,20091009,20160209,20071003,20041115,20090421,20060612,20081225,19970429,20090501,20060904,20031224,20060501,20060206,20070501
20050516,20080128,20091001,20041231,20150530,20041022,20170421,20030101,20061225,20070409,20020329,20101117,20100316,20060417,20051103,20040531,20060623,20041227,20050905,20040614,20100917,20171115,20031013,20040531,20091016,20160325,20071219,20050121,20090501,20060807,20081226,19970505,20090528,20061009,20031225,20060525,20060414,20070517
20051226,20080206,20091002,20050103,20150531,20041112,20170501,20030417,20061226,20070501,20020401,20101118,20100402,20060427,20051104,20040830,20060815,20041228,20051010,20041108,20101102,20171225,20031111,20041224,20091023,20160421,20071225,20050209,20090611,20061002,20090101,19970721,20090529,20061113,20031226,20060605,20060417,20070528
20060414,20080321,20091005,20050223,20150606,20041115,20170615,20030418,20070101,20070517,20020405,20101119,20100513,20060501,20051226,20041227,20061101,20050103,20051111,20041213,20101115,20180101,20031127,20050324,20091030,20160526,20080101,20050210,20090709,20061225,20090410,19970915,20090807,20061225,20031231,20060615,20060425,20070801
20060417,20080324,20091006,20050406,20150607,20041126,20170907,20030421,20070406,20070622,20020501,20110519,20100528,20060616,20060102,20041228,20061225,20050126,20051226,20050103,20110207,20180212,20031225,20050325,20091106,20160907,20080206,20050325,20090907,20061226,20090413,19970923,20100101,20061226,20040101,20060815,20060605,20071225
20060525,20080425,20091007,20050413,20150613,20050121,20171012,20030516,20070409,20071206,20020520,20110830,20100817,20060809,20060110,20050103,20061226,20050314,20051227,20050104,20110321,20180213,20040101,20050328,20091113,20161012,20080207,20050502,20091012,20070101,20090501,19971010,20100215,20070101,20040106,20061026,20061023,20071226
20060605,20080602,20091008,20050414,20150614,20050126,20171102,20030529,20070501,20071224,20020701,20110831,20100909,20060925,20060130,20050325,20070101,20050325,20060102,20050105,20110421,20180330,20040119,20050505,20091120,20161102,20080208,20050523,20091102,20070126,20091225,19971103,20100216,20070406,20040409,20061101,20061225,20080101
20061225,20081027,20100101,20050415,20150620,20050309,20171115,20030605,20070517,20071225,20021001,20110901,20100910,20061225,20060131,20050328,20070406,20050328,20060103,20050106,20110422,20180501,20040216,20050516,20091126,20161115,20080409,20050809,20091120,20070406,20100101,19971124,20100217,20070521,20040412,20061208,20061226,20080102
20061226,20081225,20100215,20050502,20150621,20050325,20171130,20030609,20070528,20071226,20021014,20111107,20100913,20061226,20060201,20050502,20070409,20050425,20060414,20050107,20110916,20180531,20040531,20050517,20091127,20161230,20080501,20051101,20091225,20070409,20100402,19971223,20100218,20070702,20040520,20061225,20070101,20080321
20070101,20081226,20100216,20050505,20150627,20050401,20171225,20031224,20070607,20080101,20021225,20111108,20101117,20070101,20060202,20050530,20070501,20050613,20060522,20050110,20111102,20180907,20040705,20051226,20091130,20170120,20080505,20051103,20091231,20070425,20100405,19971231,20100219,20070806,20040531,20061226,20070102,20080324
20070406,20090101,20100217,20050523,20150628,20050414,20171229,20031225,20071003,20080321,20021226,20111109,20101207,20070321,20060411,20050829,20070517,20051101,20060623,20050223,20111121,20181012,20040906,20060413,20091201,20170227,20080512,20051226,20100101,20070611,20110422,19980101,20100405,20070903,20040625,20070101,20070122,20080501
20070409,20090102,20100218,20050701,20150703,20050418,20180101,20031226,20071224,20080324,20030101,20120423,20101224,20070406,20060501,20051226,20070528,20051226,20060703,20050307,20111212,20181102,20041011,20060414,20091202,20170228,20080606,20060102,20100125,20070806,20110425,19980102,20100616,20071008,20041224,20070409,20070206,20080512
20070430,20090126,20100219,20050722,20150704,20050422,20180212,20031231,20071225,20080501,20030131,20120501,20110203,20070409,20060512,20051227,20070815,20051227,20060904,20050308,20120206,20181115,20041111,20060417,20091203,20170414,20080815,20060110,20100215,20070907,20111226,19980115,20100922,20071112,20041231,20070501,20070406,20080801
20070517,20090206,20100405,20050812,20150705,20050523,20180213,20040101,20071226,20080620,20030203,20120820,20110215,20070427,20060831,20060102,20071101,20060102,20061009,20050502,20120319,20181225,20041125,20060501,20091204,20170421,20080915,20060130,20100216,20071001,20120406,19980211,20110202,20071225,20050106,20070517,20070409,20081225
20070528,20090410,20100503,20051024,20150711,20050701,20180330,20040408,20071231,20081224,20030418,20120821,20110422,20070501,20061023,20060414,20071225,20060126,20061113,20050509,20120405,20190101,20050117,20060517,20091211,20170501,20081003,20060131,20100402,20071225,20120409,19980429,20110203,20071226,20050325,20070528,20070425,20081226
20071225,20090413,20100614,20051205,20150712,20050727,20180501,20040409,20080101,20081225,20030421,20120830,20110517,20070809,20061024,20060417,20071226,20060313,20061225,20050510,20120406,20190304,20050221,20060525,20091218,20170615,20081225,20060414,20100421,20071226,20120501,19980504,20110204,20080101,20050328,20070607,20070604,20090101
20071226,20090601,20100615,20051212,20150718,20050728,20180531,20040412,20080321,20081226,20030501,20121025,20110602,20070924,20061025,20060501,20080101,20060414,20061226,20050613,20120501,20190305,20050530,20060605,20091225,20170907,20090101,20060501,20100603,20080101,20121225,19980505,20110207,20080218,20050505,20070815,20071022,20090102
20080101,20091026,20100616,20060102,20150719,20050815,20180907,20040507,20080324,20090101,20030508,20121026,20110629,20071217,20061225,20060529,20080321,20060417,20070101,20051104,20121102,20190419,20050704,20061225,20100101,20171012,20090126,20060512,20100709,20080128,20121226,19980720,20110228,20080321,20050606,20071026,20071225,20090410
20080321,20091225,20100922,20060213,20150725,20050822,20181012,20040520,20080501,20090106,20030604,20121029,20110817,20071225,20070101,20060828,20080324,20060425,20070102,20060102,20121119,20190501,20050905,20061226,20100108,20171102,20090127,20060809,20100907,20080321,20130101,19980915,20110404,20080519,20050624,20071101,20071226,20090413
20080324,20091228,20100923,20060406,20150726,20050907,20181102,20040531,20080512,20090410,20030701,20130101,20110829,20071226,20070102,20061225,20080501,20060612,20070406,20060103,20121212,20190620,20051010,20070101,20100115,20171115,20090501,20061024,20101012,20080324,20130329,19980923,20110405,20080701,20051226,20071224,20080101,20090501
20080430,20100101,20100924,20060413,20150801,20050930,20181115,20041224,20080522,20090413,20030912,20130423,20110830,20080101,20070201,20061226,20080512,20061107,20070521,20060104,20121225,20191115,20051111,20070405,20100122,20171120,20090505,20061225,20101102,20080425,20130401,19981103,20110502,20080804,20060106,20071225,20080102,20090521
20080501,20100104,20101001,20060414,20150802,20051012,20181130,20041231,20081003,20090501,20031001,20130501,20110831,20080321,20070219,20070101,20080623,20061225,20070625,20060105,20130101,20191225,20051124,20070406,20100129,20171225,20091002,20070101,20101115,20080609,20130501,19981123,20110606,20080901,20060414,20071226,20080121,20090601
20080512,20100201,20101004,20060419,20150808,20051101,20181225,20050324,20081224,20090521,20031225,20130808,20110901,20080324,20070220,20070406,20080815,20061226,20070702,20060106,20130204,20200101,20051226,20070409,20100205,20171229,20091225,20070102,20101231,20080804,20131225,19981223,20110912,20081013,20060417,20080101,20080206,20091225
20081225,20100402,20101005,20060501,20150809,20051103,20181231,20050325,20081225,20090619,20031226,20130809,20110902,20080428,20070426,20070409,20081225,20070101,20070903,20060109,20130318,20200224,20060102,20070501,20100212,20180101,20100101,20070219,20110125,20081006,20131226,19981231,20111010,20081111,20060501,20080324,20080321,20100101
20081226,20100405,20101006,20060505,20150815,20051104,20190101,20050328,20081226,20091224,20040101,20130830,20111226,20080501,20070501,20070507,20081226,20070126,20071008,20060223,20130328,20200225,20060116,20070517,20100219,20180212,20100215,20070220,20110307,20081225,20140101,19990101,20120123,20081225,20060525,20080501,20080324,20100402
20090101,20100607,20101007,20060512,20150816,20051115,20190304,20050422,20081231,20091225,20040122,20131015,20120123,20080502,20070502,20070528,20090101,20070312,20071112,20060224,20130329,20200410,20060220,20070528,20100226,20180213,20100301,20070406,20110308,20081226,20140418,19990115,20120124,20081226,20060606,20080512,20080425,20100405
20090410,20101025,20110103,20060612,20150822,20060111,20190305,20050505,20090101,20100101,20040123,20131016,20120323,20080616,20070831,20070827,20090410,20070406,20071225,20060308,20130501,20200421,20060529,20071224,20100305,20180330,20100505,20070501,20110421,20090101,20140421,19990211,20120125,20090101,20060623,20080522,20080602,20100513
20090413,20101227,20110202,20060613,20150823,20060126,20190419,20050516,20090410,20100106,20040405,20131017,20120406,20080924,20071015,20071225,20090413,20070409,20071226,20060501,20130916,20200501,20060704,20071225,20100312,20180423,20100521,20070531,20110422,20090126,20140501,19990322,20120126,20090216,20061225,20080815,20081027,20100524
20090430,20101228,20110203,20060711,20150829,20060209,20190501,20051226,20090413,20100402,20040409,20131018,20120517,20081216,20071108,20071226,20090501,20070425,20080101,20060508,20131118,20200611,20060904,20071226,20100319,20180501,20100602,20070809,20110623,20090410,20141225,19990429,20120127,20090410,20061226,20081208,20081225,20110422
20090521,20110103,20110204,20060814,20150830,20060315,20190620,20060413,20090501,20100405,20040412,20131029,20120518,20081225,20071220,20080101,20090521,20070611,20080102,20060509,20131212,20200907,20061009,20080101,20100326,20180531,20100921,20071108,20110907,20090413,20141226,19990503,20120227,20090518,20070101,20081224,20081226,20110425
20090601,20110104,20110207,20060920,20150905,20060330,20191115,20060414,20090521,20100513,20040526,20140101,20120817,20081226,20071225,20080321,20090601,20071106,20080321,20060612,20131225,20201012,20061123,20080320,20100402,20180907,20100922,20071220,20111012,20090608,20150101,19990504,20120228,20090701,20070406,20081225,20090101,20110602
20091225,20110131,20110208,20061023,20150906,20060406,20191225,20060417,20090601,20100625,20040622,20140423,20120820,20090101,20080101,20080324,20090623,20071225,20080519,20061106,20140101,20201102,20061225,20080321,20100409,20181012,20100923,20071225,20111102,20090803,20150403,19990505,20120404,20090803,20070409,20081226,20090102,20110613
20100101,20110422,20110404,20061205,20150907,20060411,20191231,20060512,20090611,20101206,20040701,20140501,20120821,20090410,20080110,20080505,20091225,20071226,20080624,20070101,20140203,20201225,20070101,20080324,20100416,20181102,20110202,20080101,20111115,20091005,20150406,19990720,20120501,20090907,20070501,20090101,20090119,20110801
20100402,20110425,20110405,20061211,20150912,20060414,20200101,20060525,20091224,20101224,20040929,20140519,20120822,20090413,20080123,20080526,20100101,20080101,20080701,20070102,20140317,20210101,20070115,20080501,20100423,20181115,20110203,20080207,20111230,20091225,20150501,19990915,20120802,20091012,20070517,20090106,20090206,20111226
20100405,20110606,20110502,20070101,20150913,20060501,20200224,20060605,20091225,20110106,20041001,20140728,20121026,20090422,20080201,20080825,20100402,20080128,20080901,20070103,20140417,20210215,20070219,20080512,20100430,20181120,20110204,20080208,20120125,20091228,20151225,19990923,20121010,20091111,20070606,20090413,20090410,20120102
20100430,20111024,20110606,20070102,20150919,20060815,20200225,20061225,20091231,20110422,20041022,20140729,20121115,20090427,20080207,20081225,20100405,20080310,20081013,20070104,20140418,20210216,20070528,20081224,20100507,20181225,20110301,20080321,20120220,20100101,20160101,19991011,20121231,20091225,20070622,20090501,20090413,20120406
20100505,20111226,20110912,20070305,20150920,20061002,20200410,20061226,20100101,20110425,20041227,20140730,20121116,20090501,20080208,20081226,20100513,20080321,20081111,20070105,20140501,20210402,20070704,20081225,20100514,20181231,20110505,20080501,20120221,20100126,20160325,19991103,20130101,20091228,20071224,20090521,20090601,20120409
20100513,20111227,20111003,20070406,20150926,20061023,20200421,20070101,20100402,20110602,20050209,20141006,20121224,20090616,20080320,20090101,20100524,20080324,20081225,20070108,20140916,20210421,20070903,20081226,20100521,20190101,20110510,20080519,20120406,20100402,20160328,19991123,20130211,20100101,20071225,20090601,20091026,20120501
20100524,20120102,20111004,20070413,20150927,20061024,20200501,20070405,20100405,20110624,20050210,20141007,20121225,20090810,20080501,20090410,20100623,20080425,20081226,20070223,20141117,20210603,20071008,20090101,20100528,20190304,20110606,20081001,20120501,20100405,20161226,19991223,20130212,20100215,20071226,20090611,20091225,20120517
20110422,20120103,20111005,20070416,20151003,20061025,20200611,20070406,20100513,20111206,20050211,20141029,20121231,20090924,20080519,20090413,20101101,20080609,20090101,20070308,20141212,20210907,20071112,20090409,20100604,20190305,20110815,20081027,20120607,20100426,20170414,19991231,20130213,20100402,20071231,20091026,20091228,20120528
20110425,20120130,20111006,20070501,20151004,20061225,20200907,20070409,20100524,20111226,20050325,20150101,20130101,20091216,20080901,20090504,20110422,20081104,20090102,20070430,20141225,20211012,20071122,20090410,20100611,20190419,20110912,20081208,20120709,20100614,20170417,20000103,20130214,20100524,20080101,20091208,20100101,20120801
20110602,20120206,20111007,20070507,20151010,20070101,20201012,20070504,20100603,20120106,20050328,20150423,20130124,20091225,20081001,20090525,20110425,20081225,20090410,20070501,20150101,20211102,20071225,20090413,20100618,20190423,20110913,20081225,20120907,20100802,20170501,20000110,20130215,20100701,20080321,20091224,20100104,20121225
20110613,20120406,20120102,20070531,20151011,20070126,20201102,20070517,20101224,20120406,20050405,20150501,20130312,20100101,20081002,20090831,20110602,20081226,20090518,20070509,20150202,20211115,20080101,20090501,20100625,20190501,20111003,20090101,20121012,20101004,20171225,20000211,20130228,20100802,20080324,20091225,20100125,20121226
20111226,20120409,20120103,20070730,20151012,20070130,20201130,20070528,20101231,20120409,20050502,20150519,20130329,20100322,20081027,20091225,20110613,20090101,20090624,20070611,20150316,20220228,20080121,20090521,20100702,20190620,20120123,20090126,20121102,20101227,20171226,20000320,20130404,20100906,20080501,20100101,20100402,20130101
20120406,20120425,20120123,20070813,20151017,20070216,20201225,20070605,20110422,20120501,20050516,20150717,20130509,20100402,20081208,20091228,20110623,20090126,20090701,20070612,20150402,20220301,20080218,20090601,20100709,20191115,20120124,20090127,20121115,20101228,20180101,20000503,20130405,20101011,20080606,20100106,20100405,20130102
20120409,20120604,20120124,20071023,20151018,20070319,20201231,20071224,20110425,20120517,20050701,20150924,20130606,20100405,20081225,20100101,20110815,20090309,20090907,20071105,20150403,20220415,20080526,20091224,20100716,20191120,20120301,20090410,20121120,20110103,20180330,20000504,20130501,20101111,20080620,20100405,20100607,20130329
20120430,20121022,20120125,20071205,20151024,20070327,20210101,20071225,20110602,20120622,20050919,20150925,20130807,20100427,20081229,20100402,20111101,20090410,20091012,20071231,20150501,20220421,20080704,20091225,20100723,20191225,20120411,20090501,20121225,20110126,20180402,20000505,20130612,20101227,20081224,20100513,20101025,20130401
20120517,20121225,20120126,20071210,20151025,20070402,20210215,20071226,20110613,20121206,20051011,20151029,20130808,20100616,20090101,20100405,20111226,20090413,20091111,20080101,20150916,20220616,20080901,20100101,20100730,20191231,20120501,20090810,20121231,20110422,20180501,20000720,20130821,20101228,20081225,20100524,20101227,20130501
20120528,20121226,20120127,20071224,20151031,20070406,20210216,20071231,20110623,20121224,20051226,20160101,20130809,20100809,20090126,20100503,20120406,20090608,20091225,20080102,20151102,20220907,20081013,20100401,20100806,20200101,20120528,20090921,20130101,20110425,20181225,20000915,20130919,20110103,20081226,20100603,20101228,20130509
20121225,20130101,20120402,20071231,20151101,20070501,20210402,20080101,20111003,20121225,20051227,20160519,20131014,20100924,20090127,20100531,20120409,20091103,20091228,20080103,20151116,20221012,20081111,20100402,20100813,20200120,20120606,20091127,20130125,20110426,20181226,20001009,20130920,20110221,20081231,20101026,20110103,20130520
20121226,20130102,20120403,20080101,20151107,20070502,20210421,20080320,20111226,20121226,20060102,20160705,20131015,20101216,20090202,20100830,20120501,20091225,20100101,20080104,20151225,20221102,20081127,20100405,20100820,20200224,20120815,20091225,20130211,20110613,20190101,20001103,20131010,20110422,20090101,20101101,20110104,20130801
20130101,20130128,20120404,20080221,20151108,20070702,20210603,20080321,20120406,20130101,20060130,20160706,20131105,20101227,20090209,20101227,20120517,20091228,20100104,20080107,20160101,20221115,20081225,20100513,20100827,20200225,20121001,20100101,20130212,20110801,20190419,20001123,20140101,20110523,20090106,20101208,20110124,20131225
20130329,20130206,20120430,20080407,20151111,20070815,20210907,20080324,20120409,20130329,20060131,20160707,20131225,20110321,20090309,20101228,20120528,20100101,20100402,20080108,20160201,20230220,20090101,20100517,20100903,20200410,20121003,20100215,20130329,20111003,20190422,20010101,20140130,20110701,20090410,20101224,20110422,20131226
20130401,20130329,20120501,20080414,20151114,20070820,20211012,20080418,20120501,20130401,20060405,20160830,20131226,20110422,20090501,20110103,20120815,20100126,20100524,20080225,20160321,20230221,20090119,20100524,20100907,20200421,20121219,20100216,20130501,20111226,20190501,20010102,20140131,20110801,20090413,20110106,20110425,20140101
20130430,20130401,20120622,20080415,20151115,20071002,20211102,20080501,20120517,20130501,20060414,20160912,20140101,20110425,20090831,20110422,20121101,20100308,20100624,20080310,20160324,20230407,20090216,20101224,20100908,20200423,20121225,20100402,20130530,20111227,20191225,20010103,20140203,20110905,20090501,20110425,20110606,20140102
20130509,20130425,20121001,20080501,20151121,20071109,20211115,20080512,20120528,20130509,20060417,20160913,20140114,20110427,20090921,20110425,20121225,20100402,20100701,20080501,20160325,20230421,20090525,20110421,20100909,20200501,20130101,20100528,20130709,20120102,20191226,20010108,20140204,20111010,20090521,20110602,20111024,20140418
20130520,20130603,20121002,20080505,20151122,20071221,20211130,20080605,20120607,20130621,20060501,20160914,20140131,20110502,20090922,20110429,20121226,20100405,20100906,20080502,20160916,20230501,20090907,20110422,20100910,20200611,20130211,20100809,20131115,20120126,20200101,20010212,20140228,20111111,20090619,20110613,20111226,20140421
20131225,20131028,20121003,20080519,20151126,20071225,20211231,20081224,20121003,20131206,20060505,20160915,20140331,20110518,20091127,20110502,20130101,20100426,20101011,20080509,20161102,20230608,20091012,20110425,20100913,20200907,20130301,20100910,20131120,20120406,20200410,20010320,20140404,20111226,20091224,20110623,20111227,20140501
20131226,20131225,20121004,20080701,20151128,20080306,20220228,20081225,20121224,20131224,20060531,20170501,20140409,20110616,20091218,20110530,20130329,20100614,20101111,20080612,20161121,20230907,20091111,20110517,20100917,20201012,20130501,20101105,20131225,20120409,20200413,20010430,20140501,20111227,20091225,20110815,20120102,20140529
20140101,20131226,20121005,20080717,20151129,20080320,20220301,20081226,20121225,20131225,20061002,20170519,20140418,20110809,20091225,20110829,20130401,20101102,20101227,20080613,20161212,20231012,20091126,20110602,20100922,20201102,20130517,20101117,20131231,20120425,20200501,20010503,20140602,20120102,20091231,20111026,20120103,20140609
20140418,20140101,20130101,20080812,20151205,20080321,20220415,20081231,20121226,20131226,20061030,20170626,20140501,20111216,20100101,20111226,20130501,20101227,20101228,20081103,20170206,20231102,20091225,20110613,20100924,20201120,20130606,20110203,20140101,20120611,20201225,20010504,20140723,20120220,20100101,20111101,20120123,20140801
20140421,20140102,20130102,20081023,20151206,20080401,20220421,20090101,20121231,20140101,20061225,20170627,20140515,20111226,20100201,20111227,20130509,20101228,20110103,20081104,20170320,20231115,20100101,20111226,20101001,20201225,20130815,20110204,20140303,20120806,20210101,20010720,20140908,20120406,20100106,20111208,20120206,20141225
20140529,20140127,20130103,20081205,20151212,20080414,20220616,20090409,20130101,20140106,20061226,20170830,20140527,20111227,20100215,20120102,20130520,20110103,20110104,20090101,20170413,20231225,20100118,20120405,20101008,20201231,20130918,20110422,20140304,20121001,20210402,20010924,20141010,20120521,20100402,20111226,20120406,20141226
20140609,20140206,20130211,20081210,20151213,20080418,20220907,20090410,20130329,20140418,20070101,20170901,20140529,20120102,20100216,20120406,20130815,20110126,20110422,20090102,20170414,20240101,20100215,20120406,20101015,20210101,20130919,20110502,20140418,20121225,20210405,20011008,20150101,20120702,20100405,20120106,20120409,20150101
20141225,20140418,20130212,20081231,20151219,20080501,20221012,20090413,20130401,20140421,20070219,20170904,20140709,20120321,20100226,20120409,20131101,20110314,20110523,20090105,20170501,20240212,20100531,20120409,20101022,20210120,20130920,20110517,20140421,20121226,20220415,20011123,20150102,20120806,20100513,20120409,20120425,20150102
20141226,20140421,20130213,20090101,20151220,20080519,20221102,20090508,20130501,20140501,20070220,20180101,20140728,20120406,20100528,20120507,20131225,20110422,20110624,20090106,20171102,20240213,20100705,20120501,20101029,20210215,20131003,20110809,20140501,20130101,20220418,20011224,20150218,20120903,20100625,20120501,20120604,20150403
20150101,20140425,20130214,20090102,20151225,20080701,20221115,20090521,20130509,20140529,20070405,20180423,20140729,20120409,20100831,20120604,20131226,20110425,20110701,20090107,20171120,20240329,20100906,20120517,20101105,20210216,20131009,20110830,20140612,20130128,20221226,20011231,20150219,20121008,20101224,20120517,20121022,20150406
20150403,20140602,20130215,20090209,20151226,20080815,20221130,20090522,20130520,20140620,20070406,20180501,20140730,20120427,20100910,20120605,20140101,20110426,20110905,20090108,20171212,20240501,20101011,20120528,20101112,20210402,20131225,20111026,20140619,20130329,20230407,20020101,20150220,20121112,20101231,20120528,20121225,20150501
20150406,20141027,20130404,20090406,20151227,20080819,20221230,20090601,20130530,20141224,20070409,20180615,20140731,20120501,20100916,20120827,20140418,20110613,20111010,20090109,20171225,20240530,20101111,20121224,20101115,20210421,20140101,20111107,20140709,20130401,20230410,20020102,20150223,20121225,20110106,20120607,20121226,20150514
20150427,20141225,20130405,20090413,20160101,20080903,20230220,20090605,20131003,20141225,20070501,20180821,20141225,20120809,20101105,20121225,20140421,20111101,20111111,20090223,20180101,20241115,20101125,20121225,20101116,20210423,20140130,20111226,20141120,20130425,20230501,20020103,20150227,20121226,20110422,20120815,20130101,20150525
20150505,20141226,20130429,20090414,20160102,20080930,20230221,20091224,20131224,20141226,20070524,20180822,20141226,20120924,20101117,20121226,20140501,20111226,20111226,20090309,20180205,20241225,20110117,20121226,20101117,20210603,20140131,20120102,20141225,20130610,20231225,20020114,20150403,20130101,20110425,20121026,20130102,20151225
20150514,20150101,20130430,20090415,20160103,20081002,20230407,20091225,20131225,20150101,20070619,20180823,20150101,20121217,20101207,20130101,20140529,20111227,20111227,20090501,20180319,20250101,20110221,20130101,20101118,20210907,20140501,20120123,20141231,20130805,20231226,20020211,20150406,20130218,20110602,20121101,20130121,20160101
20150525,20150102,20130501,20090501,20160109,20081009,20230421,20091231,20131226,20150106,20070702,20180824,20150219,20121225,20101231,20130329,20140609,20120102,20120102,20090511,20180329,20250303,20110530,20130328,20101119,20211012,20140505,20120124,20150101,20131007,20240101,20020321,20150501,20130329,20110606,20121224,20130206,20160325
20151225,20150126,20130610,20090505,20160110,20081028,20230501,20100101,20131231,20150403,20070926,20180830,20150403,20121226,20110120,20130401,20140623,20120126,20120103,20090612,20180330,20250304,20110704,20130329,20101126,20211102,20140506,20120406,20150216,20131225,20240329,20020429,20150619,20130520,20110624,20121225,20130329,20160328
20160101,20150206,20130611,20090508,20160116,20081030,20230608,20100401,20140101,20150406,20071001,20181029,20150501,20130101,20110201,20130506,20140815,20120312,20120406,20091104,20180501,20250418,20110905,20130401,20101203,20211115,20140604,20120501,20150217,20131226,20240401,20020503,20150928,20130701,20111226,20121226,20130401,20160505
20160325,20150403,20130612,20090701,20160117,20081113,20230907,20100402,20140418,20150501,20071019,20190101,20150514,20130321,20110203,20130527,20141225,20120406,20120521,20100101,20181102,20250421,20111010,20130501,20101210,20211231,20140606,20120809,20150403,20140101,20240501,20020506,20151009,20130805,20120106,20130101,20130425,20160516
20160328,20150406,20130919,20090706,20160118,20081209,20231012,20100405,20140421,20150514,20071225,20190423,20150602,20130329,20110204,20130826,20141226,20120409,20120625,20100104,20181119,20250501,20111111,20130509,20101217,20220120,20140815,20120820,20150421,20140127,20241225,20020916,20160101,20130902,20120406,20130401,20130603,20160801
20160427,20150427,20130920,20090707,20160123,20081225,20231102,20100430,20140501,20150619,20071226,20190501,20150716,20130401,20110215,20131225,20150101,20120425,20120702,20100105,20181212,20250619,20111124,20130517,20101224,20220228,20140908,20121026,20150501,20140418,20241226,20020923,20160205,20131014,20120409,20130501,20131028,20161226
20160505,20150601,20131001,20090812,20160124,20090108,20231115,20100513,20140529,20151224,20080101,20190605,20150717,20130501,20110502,20131226,20150403,20120611,20120903,20100106,20181225,20251225,20111226,20130520,20101231,20220301,20140909,20121113,20150604,20140421,20250101,20021014,20160208,20131111,20120501,20130509,20131225,20170102
20160516,20151026,20131002,20091023,20160130,20090126,20231130,20100514,20140609,20151225,20080207,20190606,20150720,20130617,20110517,20140101,20150406,20121106,20121008,20100107,20190101,20260101,20120102,20131224,20110107,20220415,20140910,20121225,20150709,20140425,20250418,20021104,20160209,20131225,20120517,20130520,20131226,20170414
20161226,20151225,20131003,20091207,20160131,20090220,20231225,20100524,20140619,20160101,20080208,20190607,20150817,20130809,20110830,20140418,20150501,20121225,20121112,20100108,20190204,20260216,20120116,20131225,20110114,20220421,20141003,20130101,20150907,20140609,20250421,20021223,20160210,20131226,20120606,20130530,20140101,20170417
20170414,20151228,20131004,20091210,20160206,20090223,20231229,20101224,20141003,20160106,20080321,20190812,20150924,20130924,20110831,20140421,20150514,20121226,20121225,20100222,20190318,20260217,20120220,20131226,20110121,20220616,20141009,20130211,20151012,20140804,20250501,20021231,20160229,20140101,20120622,20130815,20140102,20170501
20170417,20160101,20131007,20091231,20160207,20090310,20240101,20101231,20141224,20160325,20080324,20190813,20151014,20131216,20110901,20140505,20150525,20130101,20121226,20100223,20190418,20260403,20120528,20140101,20110128,20220907,20141225,20130212,20151102,20141006,20251225,20030101,20160401,20140217,20121224,20131101,20140120,20170525
20170427,20160104,20140101,20100101,20160213,20090311,20240212,20110421,20141225,20160328,20080404,20190814,20151224,20131225,20110916,20140526,20150623,20130128,20130101,20100308,20190419,20260421,20120704,20140417,20110204,20221012,20150101,20130329,20151120,20141225,20251226,20030102,20160404,20140418,20121225,20131224,20140206,20170605
20170525,20160201,20140131,20100301,20160214,20090327,20240213,20110422,20141226,20160505,20080501,20190830,20151225,20131226,20111026,20140825,20151225,20130311,20130102,20100503,20190501,20260501,20120903,20140418,20110211,20221102,20150218,20130501,20151225,20141226,20260101,20030103,20160502,20140519,20121226,20131225,20140418,20170801
20170605,20160208,20140203,20100406,20160215,20090401,20240329,20110425,20141231,20160624,20080512,20191029,20160101,20140101,20111107,20141225,20160101,20130329,20130329,20100510,20190916,20260604,20121008,20140421,20110218,20221115,20150219,20130524,20151231,20150101,20260403,20030113,20160609,20140701,20121231,20131226,20140421,20171225
20171225,20160325,20140204,20100413,20160220,20090403,20240501,20110520,20150101,20161206,20080609,20200101,20160208,20140321,20111128,20141226,20160325,20130401,20130520,20100614,20191118,20260907,20121112,20140501,20110225,20221230,20150220,20130808,20160101,20150126,20260406,20030211,20160610,20140804,20130101,20140101,20140425,20171226
20171226,20160328,20140205,20100414,20160221,20090407,20240530,20110602,20150403,20161226,20080701,20200423,20160309,20140418,20111226,20150101,20160328,20130425,20130624,20101104,20191212,20261012,20121122,20140529,20110304,20230120,20150501,20130809,20160125,20150403,20260501,20030321,20160915,20140901,20130329,20140106,20140602,20180101
20180101,20160425,20140206,20100415,20160227,20090410,20241115,20110603,20150406,20170106,20080822,20200501,20160325,20140421,20120102,20150403,20160505,20130610,20130701,20101105,20191225,20261102,20121225,20140609,20110311,20230220,20150505,20131015,20160208,20150406,20261225,20030429,20160916,20141013,20130401,20140421,20141027,20180102
20180330,20160606,20140407,20100503,20160228,20090414,20241225,20110613,20150501,20170414,20080915,20200519,20160505,20140428,20120123,20150406,20160516,20131105,20130902,20110103,20200101,20261225,20130101,20141224,20110318,20230221,20150525,20131225,20160209,20150608,20270101,20030505,20161010,20141111,20130501,20140501,20141225,20180330
20180402,20161024,20140501,20100505,20160305,20090501,20241231,20111226,20150514,20170417,20081001,20200525,20160705,20140501,20120124,20150504,20160623,20131225,20131014,20110104,20200203,20270101,20130121,20141225,20110325,20230407,20150928,20140101,20160325,20150803,20270326,20030721,20170102,20141225,20130509,20140529,20141226,20180402
20180427,20161226,20140502,20100520,20160306,20090819,20250101,20120405,20150525,20170501,20081007,20200526,20160706,20140507,20120201,20150525,20160815,20131226,20131111,20110105,20200316,20270208,20130218,20141226,20110401,20230421,20150929,20140131,20160421,20151005,20270329,20030915,20170127,20141226,20130606,20140609,20150101,20180501
20180510,20161227,20140602,20100521,20160312,20090921,20250303,20120406,20150604,20170525,20081225,20200731,20160707,20140616,20120206,20150831,20161101,20140101,20131225,20110106,20200409,20270209,20130527,20150101,20110408,20230501,20151009,20140418,20160526,20151225,20280414,20030923,20170130,20150101,20130621,20140619,20150102,20180510
20180521,20170102,20140908,20100528,20160313,20090928,20250304,20120409,20151224,20170623,20081226,20200803,20160708,20140924,20120207,20151225,20161226,20140127,20131226,20110107,20200410,20270326,20130704,20150402,20110415,20230608,20151225,20140501,20160907,20151228,20280417,20031013,20170131,20150216,20131224,20140815,20150119,20180521
20181225,20170103,20141001,20100701,20160319,20090930,20250418,20120504,20151225,20171206,20090101,20201029,20160817,20141216,20120411,20151228,20170414,20140310,20140101,20110110,20200501,20270421,20130902,20150403,20110422,20230907,20160101,20140513,20161012,20160101,20280501,20031103,20170201,20150403,20131225,20141208,20150206,20180801
20181226,20170130,20141002,20100726,20160320,20091002,20250421,20120517,20151231,20171225,20090126,20210101,20160912,20141225,20120501,20160101,20170417,20140418,20140102,20110223,20200916,20270527,20131014,20150406,20110429,20231012,20160208,20140728,20161102,20160126,20281225,20031124,20170227,20150518,20131226,20141224,20150403,20181225
20190101,20170206,20141003,20100812,20160325,20091013,20250501,20120518,20160101,20171226,20090127,20210423,20161212,20141226,20120820,20160325,20170501,20140421,20140418,20110307,20201102,20270907,20131111,20150501,20110506,20231102,20160209,20141006,20161115,20160325,20281226,20031223,20170228,20150701,20131231,20141225,20150406,20181226
20190419,20170414,20141006,20100813,20160326,20091019,20250619,20120528,20160325,20180101,20090128,20210513,20170328,20150101,20120821,20160328,20170525,20140425,20140519,20110308,20201116,20271012,20131128,20150514,20110513,20231115,20160210,20141022,20161230,20160328,20290101,20031231,20170403,20150803,20140101,20141226,20150427,20190101
20190422,20170417,20141007,20101025,20160327,20091102,20251225,20120605,20160328,20180330,20090410,20210514,20170414,20150403,20120831,20160502,20170605,20140609,20140624,20110502,20201225,20271102,20131225,20150525,20110520,20231120,20160301,20141225,20170125,20160425,20290330,20040101,20170404,20150907,20140106,20150101,20150601,20190102
20190530,20170425,20150101,20101206,20160402,20091225,20251231,20121224,20160505,20180402,20090413,20210519,20170424,20150406,20120917,20160530,20170623,20141104,20140701,20110509,20210101,20271115,20140101,20151224,20110527,20231225,20160413,20150101,20170227,20160613,20290402,20040102,20170501,20151012,20140418,20150106,20151026,20190419
20190610,20170605,20150102,20101210,20160403,20091228,20260101,20121225,20160516,20180501,20090501,20210720,20170501,20150427,20121026,20160829,20170815,20141225,20140901,20110613,20210201,20280228,20140120,20151225,20110603,20231229,20160505,20150219,20170228,20160801,20290501,20040112,20170529,20151111,20140421,20150406,20151225,20190422
20191225,20171023,20150218,20101231,20160409,20100126,20260216,20121226,20160526,20180510,20090528,20210721,20170511,20150501,20121113,20161226,20171101,20141226,20141013,20111104,20210315,20280229,20140217,20160101,20110610,20240101,20160606,20150220,20170414,20161003,20291225,20040211,20170530,20151225,20140501,20150501,20151228,20190501
20191226,20171225,20150219,20110103,20160410,20100212,20260217,20121231,20161003,20180622,20090701,20210722,20170525,20150616,20121115,20161227,20171225,20150101,20141111,20120102,20210401,20280414,20140526,20160324,20110617,20240212,20160815,20150403,20170421,20161226,20291226,20040429,20171004,20151228,20140529,20150514,20160101,20190530
20200101,20171226,20150220,20110218,20160416,20100301,20260403,20130101,20161226,20181206,20091001,20210723,20170626,20150810,20121225,20170102,20171226,20150126,20141225,20120223,20210402,20280421,20140704,20160325,20110624,20240213,20160914,20150501,20170501,20161227,20300101,20040503,20171009,20160101,20140606,20150525,20160104,20190610
20200410,20180101,20150223,20110406,20160417,20100316,20260421,20130328,20170414,20181224,20091026,20210830,20170627,20150924,20130101,20170414,20180101,20150309,20141226,20120308,20210916,20280501,20140901,20160328,20110701,20240329,20160915,20150601,20170615,20170102,20300419,20040504,20171010,20160215,20140620,20150604,20160125,20190801
20200413,20180102,20150224,20110413,20160423,20100324,20260501,20130329,20170417,20181225,20091225,20211029,20170628,20151216,20130124,20170417,20180330,20150403,20150101,20120309,20211102,20280615,20141013,20160505,20110708,20240423,20160916,20150717,20170907,20170126,20300422,20040505,20180101,20160325,20141224,20151026,20160208,20191225
20200427,20180129,20150406,20110414,20160424,20100401,20260604,20130401,20170501,20181226,20100101,20220502,20170817,20151225,20130128,20170501,20180402,20150406,20150102,20120430,20211115,20280907,20141111,20160516,20110715,20240501,20161003,20150810,20171012,20170414,20300501,20040719,20180215,20160523,20141225,20151208,20160325,20191226
20200505,20180206,20150501,20110415,20160430,20100402,20260907,20130426,20170525,20190101,20100215,20220503,20170901,20160101,20130201,20170529,20180501,20150608,20150403,20120501,20220207,20281012,20141127,20160517,20110722,20240530,20170127,20150924,20171102,20170417,20301225,20040920,20180216,20160701,20141226,20151224,20160328,20200101
20200521,20180330,20150622,20110502,20160501,20100414,20261012,20130509,20170605,20190419,20100216,20220504,20170921,20160321,20130211,20170828,20180510,20151103,20150518,20120507,20220321,20281102,20141225,20161226,20110729,20241115,20170130,20151110,20171115,20170425,20301226,20040923,20180219,20160801,20141231,20151225,20160425,20200102
20200601,20180402,20151001,20110505,20160507,20100527,20261102,20130510,20170615,20190422,20100402,20220519,20171201,20160325,20130212,20171225,20180521,20151225,20150624,20120508,20220414,20281115,20150101,20170413,20110805,20241120,20170301,20151225,20171120,20170612,20310101,20041011,20180220,20160905,20150101,20160101,20160606,20200410
20201225,20180425,20151002,20110516,20160508,20100819,20261130,20130520,20171003,20190501,20100405,20220711,20171225,20160328,20130501,20171226,20180815,20151228,20150701,20120509,20220415,20281225,20150119,20170414,20110812,20241225,20170501,20160101,20171225,20170807,20310411,20041103,20180228,20161010,20150106,20160106,20161024,20200413
20210101,20180604,20151005,20110517,20160514,20100910,20261225,20130605,20171225,20190530,20100406,20220712,20180101,20160427,20130524,20180101,20181101,20160101,20150907,20120611,20220916,20290101,20150216,20170417,20110819,20241231,20170503,20160208,20171229,20171002,20310414,20041123,20180404,20161111,20150403,20160328,20161226,20200501
20210402,20181022,20151006,20110701,20160515,20100930,20261231,20131224,20171226,20190621,20100521,20220830,20180216,20160502,20130808,20180330,20181225,20160126,20151012,20120612,20221102,20290212,20150525,20170501,20110826,20250101,20170505,20160209,20180101,20171225,20310501,20041223,20180405,20161226,20150406,20160505,20161227,20200521
20210405,20181225,20151007,20110715,20160521,20101105,20270101,20131225,20180101,20191206,20100616,20230421,20180330,20160616,20130809,20180402,20181226,20160314,20151111,20121105,20221121,20290213,20150907,20170517,20110829,20250120,20170606,20160325,20180125,20171226,20311225,20041231,20180430,20161227,20150501,20160516,20170102,20200601
20210427,20181226,20160101,20110812,20160522,20101117,20270208,20131226,20180330,20191224,20100701,20230501,20180501,20160809,20130916,20180507,20190101,20160325,20151225,20121231,20221212,20290330,20151012,20170525,20110830,20250303,20170815,20160502,20180212,20180101,20311226,20050103,20180501,20170102,20150514,20160526,20170103,20201225
20210513,20190101,20160208,20111024,20160528,20101217,20270209,20131231,20180402,20191225,20100923,20230519,20180510,20161216,20131015,20180528,20190419,20160328,20151228,20130101,20230206,20290501,20151111,20170605,20110831,20250304,20171003,20160706,20180213,20180126,20320101,20050110,20180618,20170220,20150619,20160815,20170123,20210101
20210524,20190102,20160209,20111205,20160529,20110126,20270326,20140101,20180501,20191226,20101001,20230628,20180529,20161226,20131105,20180827,20190422,20160425,20160101,20130102,20230320,20290531,20151126,20171225,20110902,20250418,20171004,20160809,20180330,20180330,20320326,20050211,20180924,20170414,20151224,20161026,20170206,20210402
20220415,20190128,20160210,20111212,20160530,20110216,20270421,20140417,20180510,20200101,20101227,20230629,20180614,20170102,20131225,20181225,20190501,20160613,20160104,20130103,20230406,20290907,20151225,20171226,20110909,20250421,20171005,20160912,20180501,20180402,20320329,20050321,20181010,20170522,20151225,20161101,20170414,20210405
20220418,20190206,20160211,20120102,20160604,20110302,20270527,20140418,20180521,20200106,20110203,20230630,20180615,20170321,20140101,20181226,20190530,20161101,20160325,20130104,20230407,20291012,20160101,20180101,20110916,20250423,20171006,20161226,20180531,20180425,20330415,20050429,20181231,20170703,20151231,20161208,20170417,20210513
20220427,20190419,20160212,20120103,20160605,20110401,20270907,20140421,20180531,20200410,20110204,20230830,20180618,20170414,20140114,20190101,20190610,20161226,20160523,20130107,20230501,20291102,20160118,20180329,20110923,20250501,20171009,20170102,20180709,20180611,20330418,20050503,20190101,20170807,20160101,20161226,20170425,20210524
20220526,20190422,20160404,20120307,20160611,20110404,20271012,20140516,20181003,20200413,20110405,20240101,20180817,20170417,20140117,20190419,20190815,20161227,20160624,20130108,20231102,20291115,20160215,20180330,20110930,20250619,20171220,20170130,20180907,20180806,20331226,20050504,20190204,20170904,20160106,20170106,20170605,20220415
20220606,20190425,20160502,20120406,20160612,20110412,20271102,20140529,20181224,20200501,20110422,20240410,20180822,20170427,20140131,20190422,20191101,20170102,20160701,20130308,20231120,20291225,20160530,20180402,20111007,20251120,20171225,20170414,20181012,20181001,20340407,20050505,20190205,20171009,20160325,20170417,20171023,20220418
20221226,20190603,20160609,20120409,20160618,20110414,20271115,20140530,20181225,20200521,20110425,20240411,20180911,20170501,20140203,20190506,20191225,20170126,20160905,20130501,20231212,20300101,20160704,20180501,20111014,20251225,20180101,20170501,20181102,20181225,20340410,20050718,20190206,20171113,20160328,20170501,20171225,20220526
20230407,20191028,20160610,20120413,20160619,20110422,20271130,20140605,20181226,20200619,20110502,20240412,20181120,20170616,20140501,20190527,20191226,20170313,20161010,20130502,20231225,20300304,20160905,20180510,20111021,20251231,20180215,20170510,20181115,20181226,20340501,20050919,20190207,20171225,20160505,20170525,20171226,20220606
20230410,20191225,20160915,20120416,20160625,20110517,20271231,20140609,20181231,20201224,20110510,20240423,20181224,20170809,20140513,20190826,20200101,20170414,20161111,20130503,20240101,20300305,20161010,20180517,20111028,20260101,20180216,20170626,20181120,20190101,20341225,20050923,20190208,20171226,20160606,20170605,20180101,20220801
20230427,20191226,20160916,20120501,20160626,20110815,20280228,20141224,20190101,20201225,20110606,20240501,20181225,20170925,20140715,20191225,20200410,20170417,20161226,20130509,20240205,20300419,20161111,20180521,20111104,20260120,20180301,20170809,20181225,20190128,20341226,20051010,20190228,20180101,20160624,20170615,20180102,20221226
20230518,20200101,20161003,20120507,20160702,20110819,20280229,20141225,20190419,20210101,20110701,20240617,20190101,20171225,20140728,20191226,20200413,20170425,20161227,20130510,20240318,20300501,20161124,20181224,20111107,20260216,20180501,20170901,20181231,20190419,20350101,20051103,20190301,20180219,20161226,20170815,20180122,20230102
20230529,20200102,20161004,20120604,20160703,20110831,20280414,20141226,20190422,20210106,20110913,20240618,20190205,20171226,20140729,20200101,20200501,20170612,20170102,20130612,20240328,20300620,20161226,20181225,20111111,20260217,20180507,20171018,20190101,20190422,20350323,20051123,20190404,20180330,20170106,20171026,20180206,20230407
20231225,20200127,20161005,20120802,20160704,20110901,20280421,20141231,20190501,20210402,20110929,20240619,20190403,20180101,20140901,20200410,20200521,20171107,20170103,20131104,20240329,20301115,20170102,20181226,20111118,20260403,20180522,20171225,20190125,20190425,20350326,20051223,20190405,20180521,20170414,20171101,20180330,20230410
20231226,20200206,20161006,20120813,20160709,20110930,20280501,20150101,20190530,20210405,20111005,20240830,20190405,20180321,20140916,20200413,20200601,20171225,20170414,20140101,20240501,20301225,20170116,20190101,20111125,20260421,20180606,20180101,20190304,20190610,20350501,20060102,20190501,20180702,20170417,20171208,20180402,20230501
20240101,20200410,20161007,20121023,20160710,20111006,20280615,20150402,20190610,20210513,20111226,20241029,20190419,20180330,20141006,20200504,20200623,20171226,20170522,20140102,20240916,20310101,20170220,20190418,20111202,20260423,20180613,20180216,20190305,20190805,20351225,20060103,20190607,20180806,20170501,20171225,20180425,20230518
20240329,20200413,20170102,20121205,20160716,20111026,20280907,20150403,20190620,20210625,20111227,20250101,20190501,20180402,20141022,20200525,20201225,20180101,20170623,20140103,20241118,20310224,20170529,20190419,20111209,20260501,20180815,20180330,20190419,20191007,20351226,20060109,20190913,20180903,20170525,20171226,20180604,20230529
20240401,20200427,20170127,20121210,20160717,20111027,20281012,20150406,20191003,20211206,20120102,20250331,20190530,20180427,20141225,20200831,20210101,20180126,20170703,20140106,20241212,20310225,20170704,20190422,20111216,20260604,20180924,20180501,20190501,20191225,20360101,20060321,20191010,20181008,20170606,20180101,20181022,20230801
20240509,20200601,20170130,20121231,20160723,20111107,20281102,20150501,20191224,20211224,20120123,20250401,20190604,20180501,20150101,20201225,20210402,20180312,20170904,20140107,20241225,20310411,20170904,20190501,20111223,20260907,20180925,20180529,20190620,20191226,20360411,20060503,20191011,20181112,20170623,20180402,20181225,20231225
20240520,20201026,20170131,20130101,20160724,20111110,20281115,20150514,20191225,20220106,20120124,20250423,20190605,20180809,20150202,20201228,20210405,20180330,20171009,20140108,20250101,20310421,20171009,20190517,20111230,20261012,20180926,20180615,20190709,20200101,20360414,20060504,20200101,20181225,20171225,20180501,20181226,20231226
20241225,20201225,20170201,20130225,20160730,20111206,20281130,20150515,20191226,20220415,20120125,20250501,20190606,20180924,20150203,20210101,20210513,20180402,20171113,20140310,20250203,20310501,20171123,20190530,20120106,20261102,20181003,20180809,20191115,20200127,20360501,20060505,20200124,20181226,20171226,20180510,20190101,20240101
20241226,20201228,20170202,20130408,20160731,20120126,20281225,20150525,20191231,20220418,20120404,20250519,20190607,20181217,20150219,20210402,20210524,20180425,20171225,20140501,20250317,20310612,20171225,20190610,20120113,20261120,20181009,20180822,20191120,20200410,20361225,20060717,20200127,20190101,20180101,20180521,20190102,20240102
20250101,20210101,20170403,20130415,20160806,20120216,20281229,20150605,20200101,20220526,20120406,20250606,20191225,20181225,20150220,20210405,20210623,20180611,20171226,20140502,20250417,20311225,20180101,20191224,20120120,20261225,20181225,20181106,20191225,20200413,20361226,20060918,20200128,20190218,20180330,20180531,20190121,20240329
20250418,20210104,20170404,20130416,20160807,20120220,20290101,20151224,20200410,20220624,20120409,20250609,20200101,20181226,20150501,20210503,20211101,20181106,20180101,20140509,20250418,20320101,20180115,20191225,20120127,20261231,20190101,20181225,20191231,20200608,20370101,20061009,20200129,20190419,20180402,20180815,20190206,20240401
20250421,20210201,20170501,20130501,20160813,20120308,20290212,20151225,20200413,20221206,20120501,20251029,20200325,20190101,20150504,20210531,20220415,20181225,20180102,20140612,20250501,20320209,20180219,20191226,20120203,20270101,20190204,20190101,20200101,20200803,20370403,20061103,20200228,20190520,20180501,20181026,20190419,20240501
20250505,20210208,20170529,20130506,20160814,20120323,20290213,20151231,20200501,20221226,20120702,20260101,20200410,20190321,20150717,20210830,20220418,20181226,20180330,20140613,20250916,20320210,20180528,20200101,20120210,20270120,20190205,20190205,20200224,20201005,20370406,20061123,20200402,20190701,20180510,20181101,20190422,20240509
20250529,20210402,20170530,20130524,20160820,20120402,20290330,20160101,20200521,20230106,20121001,20260320,20200501,20190419,20150831,20211227,20220526,20190101,20180521,20141103,20251117,20320326,20180704,20200409,20120217,20270208,20190206,20190206,20200225,20201225,20370501,20070101,20200403,20190805,20180606,20181224,20190425,20240520
20250609,20210405,20171002,20130701,20160821,20120405,20290501,20160324,20200601,20230407,20121002,20260423,20200507,20190422,20150916,20211228,20220606,20190128,20180625,20141104,20251212,20320421,20180903,20200410,20120224,20270209,20190301,20190419,20200410,20201228,20371225,20070102,20200501,20190902,20180622,20181225,20190603,20240801
20251225,20210426,20171003,20130722,20160827,20120406,20290531,20160325,20200611,20230410,20121023,20260501,20200521,20190501,20150924,20220103,20220623,20190311,20180702,20150101,20251225,20320527,20181008,20200413,20120302,20270326,20190501,20190501,20200421,20210101,20380101,20070103,20200625,20191014,20181224,20181226,20191028,20241225
20251226,20210607,20171004,20130812,20160828,20120501,20290907,20160328,20201224,20230501,20121225,20260519,20200525,20190617,20151014,20220415,20220815,20190419,20180903,20150102,20260101,20320907,20181112,20200501,20120309,20270421,20190506,20190520,20200501,20210126,20380423,20070108,20200626,20191111,20181225,20190101,20191225,20241226
20260101,20211025,20171005,20131023,20160903,20120815,20291012,20160422,20201225,20230518,20121226,20260527,20200526,20190809,20151110,20220418,20221101,20190422,20181008,20150105,20260202,20321012,20181122,20200521,20120316,20270423,20190606,20190605,20200611,20210402,20380426,20070212,20201001,20191225,20181226,20190422,20191226,20250101
20260403,20211227,20171006,20131205,20160904,20120820,20291102,20160505,20201231,20230623,20130101,20260528,20200527,20190924,20151224,20220502,20221226,20190425,20181112,20150106,20260316,20321102,20181225,20200601,20120323,20270527,20190815,20190809,20200709,20210405,20390408,20070321,20201002,20191226,20181231,20190501,20200101,20250102
20260406,20211228,20180101,20131210,20160905,20120919,20291115,20160506,20210101,20231206,20130211,20260529,20200731,20191216,20151225,20220530,20230407,20190610,20181225,20150107,20260402,20321115,20190101,20201224,20120330,20270907,20190912,20190812,20200907,20210426,20390411,20070430,20201009,20200101,20190101,20190530,20200102,20250418
20260427,20220103,20180215,20131230,20160910,20121002,20291130,20160516,20210402,20231225,20130212,20261029,20200817,20191225,20160101,20220829,20230410,20191105,20181226,20150108,20260403,20330228,20190121,20201225,20120406,20271012,20190913,20191028,20201012,20210614,20391226,20070503,20210101,20200217,20190419,20190610,20200120,20250421
20260514,20220104,20180216,20131231,20160911,20121024,20291225,20161226,20210405,20231226,20130213,20270101,20200820,20191226,20160125,20221226,20230501,20191225,20190101,20150109,20260501,20330301,20190218,20210101,20120413,20271102,20191003,20191225,20201102,20210802,20400330,20070504,20210211,20200410,20190422,20190620,20200206,20250501
20260525,20220131,20180219,20140101,20160917,20121026,20291231,20170413,20210513,20240101,20130329,20270310,20201029,20200101,20160201,20221227,20230518,20191226,20190102,20150223,20260916,20330415,20190527,20210401,20120420,20271115,20191009,20200101,20201120,20211004,20400402,20070716,20210212,20200518,20190501,20190815,20200410,20250529
20261225,20220207,20180220,20140214,20160918,20121113,20300101,20170414,20210524,20240329,20130401,20270311,20201225,20200410,20160208,20230102,20230529,20200101,20190419,20150309,20261102,20330421,20190704,20210402,20120427,20271231,20191225,20200127,20201225,20211227,20400501,20070917,20210215,20200701,20190530,20191101,20200413,20250609
20270101,20220415,20180221,20140407,20160924,20121114,20300304,20170417,20210603,20240401,20130404,20270312,20210101,20200413,20160209,20230407,20230623,20200127,20190520,20150501,20261116,20330616,20190902,20210405,20120504,20280120,20200101,20200410,20201231,20211228,20401225,20070924,20210216,20200803,20190606,20191224,20200427,20250801
20270326,20220418,20180405,20140414,20160925,20121128,20300305,20170512,20211224,20240501,20130501,20270423,20210212,20200427,20160502,20230410,20230815,20200309,20190624,20150504,20261225,20330907,20191014,20210513,20120511,20280228,20200124,20200501,20210101,20220103,20401226,20071008,20210301,20200907,20190621,20191225,20200601,20251225
20270329,20220425,20180406,20140415,20161001,20121225,20300419,20170525,20211231,20240509,20130517,20270517,20210311,20200501,20160622,20230501,20231101,20200410,20190701,20150511,20270101,20331012,20191111,20210517,20120518,20280229,20200127,20200507,20210125,20220126,20410101,20071123,20210405,20201012,20191224,20191226,20201026,20251226
20270427,20220606,20180430,20140501,20161002,20130125,20300501,20170526,20220415,20240621,20130612,20270518,20210315,20200616,20160706,20230529,20231225,20200413,20190902,20150612,20270201,20331102,20191128,20210524,20120525,20280414,20200415,20200525,20210215,20220415,20410419,20071224,20210406,20201111,20191225,20200101,20201225,20260101
20270506,20221024,20180501,20140505,20161008,20130219,20300620,20170605,20220418,20241206,20130701,20270519,20210402,20200810,20160707,20230828,20231226,20200608,20191014,20151104,20270315,20331115,20191225,20211224,20120601,20280421,20200430,20200731,20210216,20220418,20410422,20071231,20210430,20201225,20191226,20200106,20201228,20260102
20270517,20221226,20180618,20140513,20161009,20130327,20301115,20171225,20220526,20241224,20130814,20270830,20210512,20200924,20160831,20231225,20240101,20201103,20191111,20160101,20270325,20340220,20200101,20220414,20120608,20280501,20200501,20200810,20210402,20220425,20410501,20080101,20210614,20201228,20191231,20200413,20210101,20260403
20280414,20221227,20180924,20140701,20161010,20130329,20301225,20171226,20220606,20241225,20130920,20271029,20210513,20201216,20160912,20231226,20240329,20201225,20191225,20160104,20270326,20340221,20200120,20220415,20120615,20280615,20200505,20201225,20210421,20220613,20411225,20080102,20210920,20210101,20200101,20200501,20210104,20260406
20280417,20230102,20181001,20140711,20161015,20130401,20301231,20180101,20220616,20241226,20131001,20280228,20210514,20201225,20160916,20240101,20240401,20201228,20191226,20160105,20270916,20340407,20200217,20220418,20120622,20280907,20200930,20210101,20210603,20220801,20411226,20080103,20210921,20210215,20200106,20200521,20210125,20260501
20280427,20230103,20181002,20140811,20161016,20130411,20310101,20180329,20221003,20250101,20131014,20280229,20210526,20210101,20161003,20240329,20240501,20210101,20200101,20160106,20271102,20340421,20200525,20220517,20120629,20281012,20201001,20210212,20210709,20221003,20420101,20080114,20211011,20210402,20200410,20200601,20210208,20260514
20280525,20230130,20181003,20140812,20161022,20130419,20310224,20180330,20221226,20250106,20131225,20280501,20210719,20210322,20161212,20240401,20240509,20210126,20200102,20160107,20271115,20340501,20200907,20220526,20120706,20281102,20201002,20210402,20210907,20221226,20420404,20080211,20211231,20210524,20200413,20200611,20210402,20260525
20280605,20230206,20181004,20141023,20161023,20130424,20310225,20180402,20230407,20250418,20131226,20280505,20210720,20210402,20161226,20240506,20240520,20210308,20200410,20160108,20280207,20340608,20201012,20220606,20120713,20281115,20201009,20210513,20211012,20221227,20420407,20080320,20220131,20210701,20200501,20201026,20210405,20261225
20281225,20230407,20181005,20141205,20161029,20130501,20310411,20180427,20230410,20250421,20140101,20280508,20210810,20210405,20170102,20240527,20240815,20210402,20200518,20160222,20280320,20340907,20201111,20221226,20120720,20281120,20201225,20210526,20211102,20230102,20420501,20080429,20220201,20210802,20200521,20201208,20210426,20270101
20281226,20230410,20181231,20141210,20161030,20130809,20310421,20180510,20230501,20250501,20140131,20280519,20210817,20210427,20170130,20240826,20241101,20210405,20200624,20160223,20280413,20341012,20201126,20230406,20120727,20281225,20210101,20210720,20211115,20230126,20421225,20080505,20220202,20210906,20200619,20201224,20210607,20270326
20290101,20230425,20190101,20141231,20161105,20130815,20310501,20180511,20230518,20250529,20140203,20280830,20211019,20210616,20170201,20241225,20241225,20210426,20200701,20160307,20280414,20341102,20201225,20230407,20120803,20281229,20210211,20210809,20211231,20230407,20421226,20080506,20220203,20211011,20201224,20201225,20211025,20270329
20290330,20230605,20190204,20150101,20161106,20130909,20310612,20180521,20230529,20250620,20140418,20290101,20211224,20210809,20170209,20241226,20241226,20210614,20200907,20160308,20280501,20341115,20210101,20230410,20120810,20290101,20210212,20211104,20220125,20230410,20430101,20080721,20220204,20211111,20201225,20210101,20211227,20270506
20290402,20231023,20190205,20150102,20161111,20131002,20311225,20180605,20230608,20251224,20140421,20290215,20220201,20210924,20170501,20250101,20250101,20211102,20201012,20160502,20281102,20341225,20210118,20230501,20120817,20290212,20210301,20220201,20220228,20230425,20430327,20080915,20220228,20211227,20201231,20210106,20211228,20270517
20290427,20231225,20190206,20150304,20161112,20131016,20311231,20181224,20231003,20251225,20140501,20290216,20220228,20211216,20170510,20250418,20250418,20211227,20201111,20160503,20281120,20350101,20210215,20230517,20120820,20290213,20210505,20220202,20220301,20230612,20430330,20080923,20220404,20211228,20210101,20210405,20220103,20280414
20290510,20231226,20190207,20150406,20161113,20131104,20320101,20181225,20231225,20251226,20140506,20290423,20220415,20211227,20170612,20250421,20250421,20211228,20201225,20160509,20281212,20350205,20210531,20230518,20120824,20290330,20210519,20220415,20220415,20230807,20430501,20081013,20220405,20220103,20210106,20210513,20220104,20280417
20290521,20240101,20190208,20150413,20161119,20131115,20320209,20181226,20231226,20260101,20140602,20290424,20220502,20220321,20170626,20250505,20250501,20220103,20201228,20160613,20281225,20350206,20210705,20230529,20120831,20290423,20210920,20220502,20220421,20231002,20431225,20081103,20220502,20220221,20210402,20210524,20220124,20280501
20291225,20240102,20190405,20150414,20161120,20131225,20320210,20181231,20240101,20260106,20140701,20290425,20220503,20220415,20170627,20250526,20250529,20220126,20210101,20161104,20290101,20350323,20210906,20231225,20120907,20290501,20210921,20220516,20220616,20231225,20440101,20081124,20220603,20220415,20210405,20210603,20220207,20280525
20291226,20240129,20190501,20150415,20161124,20140114,20320326,20190101,20240329,20260403,20140909,20290426,20220504,20220418,20170831,20250825,20250609,20220314,20210104,20170102,20290205,20350501,20211011,20231226,20120914,20290531,20210922,20220809,20220907,20231226,20440415,20081223,20220909,20220523,20210513,20211026,20220415,20280605
20300101,20240206,20190607,20150501,20161126,20140219,20320421,20190418,20240401,20260406,20141001,20290427,20220505,20220427,20170901,20251225,20250623,20220415,20210402,20170103,20290319,20350524,20211111,20240101,20120921,20290907,20220131,20221024,20221012,20240101,20440418,20081231,20221010,20220701,20210625,20211101,20220418,20280801
20300419,20240329,20190913,20150505,20161127,20140227,20320527,20190419,20240501,20260501,20141002,20290501,20220516,20220502,20170921,20251226,20250815,20220418,20210524,20170104,20290329,20350907,20211125,20240328,20120928,20291012,20220201,20221226,20221102,20240126,20441226,20090101,20230102,20220801,20211224,20211208,20220425,20281225
20300422,20240401,20191001,20150601,20161203,20140317,20320907,20190422,20240509,20260514,20141225,20290830,20220526,20220616,20171018,20260101,20251225,20220425,20210624,20170105,20290330,20351012,20220117,20240329,20121005,20291102,20220202,20230102,20221115,20240329,20450407,20090102,20230119,20220905,20211231,20211224,20220606,20281226
20300530,20240425,20191002,20150701,20161204,20140331,20321012,20190517,20240520,20260619,20141226,20291029,20220817,20220809,20171201,20260403,20251226,20220613,20210701,20170106,20290501,20351102,20220221,20240401,20121012,20291115,20220301,20230123,20221230,20240401,20450410,20090112,20230120,20221010,20220106,20220106,20221024,20290101
20300610,20240603,20191003,20150730,20161210,20140401,20321102,20190530,20240530,20261224,20150101,20300101,20230322,20221216,20171225,20260406,20260101,20221101,20210906,20170223,20291102,20351115,20220530,20240501,20121019,20291120,20220505,20230124,20230125,20240425,20450501,20090211,20230123,20221111,20220415,20220418,20221226,20290102
20301225,20241028,20191004,20150812,20161211,20140408,20321115,20190531,20241003,20261225,20150219,20300204,20230407,20221226,20180101,20260504,20260403,20221226,20211011,20170308,20291119,20351225,20220704,20240509,20121025,20291225,20220601,20230407,20230220,20240610,20451225,20090320,20230124,20221226,20220418,20220526,20221227,20290330
20301226,20241225,20191007,20151023,20161217,20140414,20321130,20190605,20241224,20270101,20150220,20300205,20230420,20230102,20180131,20260525,20260406,20221227,20211111,20170501,20291212,20360101,20220905,20240517,20121026,20291231,20220606,20230421,20230221,20240805,20451226,20090429,20230227,20221227,20220526,20220606,20230102,20290402
20310101,20241226,20200101,20151207,20161218,20140418,20321231,20190610,20241225,20270106,20150403,20300206,20230421,20230321,20180201,20260831,20260501,20230102,20211227,20170502,20291225,20360225,20221010,20240520,20121029,20300101,20220815,20230501,20230407,20241007,20460101,20090504,20230228,20230102,20220606,20220616,20230103,20290501
20310411,20250101,20200124,20151210,20161224,20140424,20330228,20191224,20241226,20270326,20150406,20300415,20230424,20230407,20180216,20261225,20260514,20230126,20211228,20170508,20300101,20360226,20221111,20241224,20121102,20300304,20220909,20230602,20230421,20241225,20460323,20090505,20230404,20230220,20220624,20220815,20230123,20290510
20310414,20250102,20200127,20151231,20161225,20140501,20330301,20191225,20241231,20270329,20150407,20300416,20230501,20230410,20180501,20261228,20260525,20230313,20220103,20170509,20300204,20360411,20221124,20241225,20121109,20300305,20220912,20230628,20230501,20241226,20460326,20090506,20230405,20230407,20221226,20221026,20230206,20290521
20310522,20250127,20200128,20160101,20161226,20140514,20330415,20191226,20250101,20270506,20150501,20300423,20230518,20230427,20180529,20270101,20260623,20230407,20220104,20170612,20300318,20360421,20221226,20241226,20121116,20300419,20221003,20230809,20230608,20250101,20460501,20090720,20230501,20230522,20230106,20221101,20230407,20290801
20310602,20250206,20200129,20160222,20161231,20140729,20330421,20191231,20250418,20270625,20150525,20300501,20230629,20230501,20180615,20270326,20261225,20230410,20220415,20171106,20300418,20360501,20230102,20250101,20121123,20300423,20221221,20231113,20230907,20250127,20461225,20090921,20230622,20230703,20230407,20221208,20230410,20291225
20311225,20250418,20200130,20160406,20170101,20140815,20330616,20200101,20250421,20271206,20150701,20300830,20230719,20230616,20180822,20270329,20270101,20230425,20220523,20180101,20300419,20360612,20230116,20250417,20121130,20300501,20230123,20231225,20231012,20250418,20461226,20090922,20230623,20230807,20230410,20221226,20230425,20291226
20311226,20250421,20200406,20160413,20170102,20140818,20330907,20200409,20250501,20271224,20150928,20301029,20230817,20230809,20180831,20270503,20270326,20230612,20220624,20180102,20300501,20361225,20230220,20250418,20121207,20300620,20230124,20240101,20231102,20250421,20470101,20090923,20230929,20230904,20230501,20230106,20230605,20300101
20320101,20250425,20200501,20160414,20170107,20140829,20331012,20200410,20250529,20280106,20151001,20310101,20230927,20230925,20180911,20270531,20270329,20231107,20220701,20180103,20300916,20370101,20230529,20250421,20121214,20301115,20230301,20240212,20231115,20250425,20470412,20091012,20231009,20231009,20230518,20230410,20231023,20300102
20320326,20250602,20200625,20160415,20170108,20141002,20331102,20200413,20250609,20280414,20151021,20310124,20231225,20231225,20180917,20270830,20270506,20231225,20220905,20180104,20301118,20370216,20230704,20250501,20121221,20301120,20230501,20240329,20231120,20250609,20470415,20091103,20231010,20231113,20230606,20230501,20231225,20300419
20320329,20251027,20200626,20160502,20170114,20141003,20331115,20200508,20250619,20280417,20151225,20310402,20240101,20231226,20181106,20271227,20270517,20231226,20221010,20180105,20301212,20370217,20230904,20250529,20121228,20301225,20230505,20240410,20231225,20250804,20470501,20091123,20240101,20231225,20230623,20230518,20231226,20300422
20320427,20251225,20201001,20160505,20170115,20141006,20331130,20200521,20251003,20280501,20160101,20310403,20240208,20240101,20181120,20271228,20270623,20240101,20221111,20180108,20301225,20370403,20231009,20250609,20130104,20301231,20230606,20240501,20231229,20251006,20471225,20091223,20240209,20231226,20231225,20230529,20240101,20300501
20320506,20251226,20201002,20160520,20170116,20141015,20331230,20200522,20251224,20280525,20160208,20310404,20240311,20240321,20181225,20280103,20271101,20240126,20221226,20180223,20310101,20370421,20231123,20251224,20130111,20310101,20230815,20240522,20240101,20251225,20471226,20091231,20240212,20240101,20231226,20230608,20240102,20300530
20320517,20260101,20201005,20160701,20170121,20141023,20340220,20200601,20251225,20280623,20160209,20310423,20240329,20240329,20190101,20280414,20280414,20240311,20221227,20180308,20310203,20370501,20231225,20251225,20130118,20310120,20230928,20240617,20240125,20251226,20480101,20100101,20240213,20240219,20240101,20230815,20240122,20300610
20330415,20260102,20201006,20160719,20170122,20141024,20340221,20200605,20251226,20281206,20160210,20310501,20240409,20240401,20190121,20280417,20280417,20240329,20230102,20180309,20310317,20370604,20240101,20251226,20130125,20310224,20230929,20240809,20240212,20260101,20480403,20100111,20240214,20240329,20240329,20231026,20240206,20300801
20330418,20260126,20201007,20160812,20170128,20141104,20340407,20201224,20251231,20281225,20160325,20310519,20240410,20240501,20190201,20280501,20280501,20240401,20230103,20180430,20310410,20370907,20240115,20260101,20130201,20310225,20231003,20241031,20240213,20260126,20480406,20100211,20240228,20240520,20240401,20231101,20240329,20301225
20330427,20260206,20201008,20161024,20170129,20141106,20340421,20201225,20260101,20281226,20160328,20311029,20240411,20240617,20190205,20280529,20280525,20240425,20230407,20180501,20310411,20371012,20240219,20260402,20130208,20310411,20231009,20241225,20240329,20260403,20480501,20100322,20240404,20240701,20240501,20231208,20240401,20301226
20330526,20260403,20210101,20161205,20170204,20141225,20340501,20201231,20260403,20290101,20160404,20320101,20240412,20240809,20190206,20280828,20280605,20240610,20230522,20180509,20310501,20371102,20240527,20260403,20130215,20310421,20231225,20250101,20240501,20260406,20481225,20100429,20240405,20240805,20240509,20231225,20240425,20310101
20330606,20260406,20210211,20161212,20170205,20150126,20340608,20210101,20260406,20290330,20160502,20320114,20240501,20240924,20190501,20281225,20280623,20241105,20230623,20180611,20310916,20371225,20240704,20260406,20130222,20310423,20240101,20250129,20240530,20260608,20490101,20100503,20240501,20240902,20240606,20231226,20240603,20310102
20331226,20260427,20210212,20170102,20170211,20150217,20340907,20210401,20260501,20290402,20160609,20320115,20240509,20241216,20190520,20281226,20280815,20241225,20230703,20180612,20311117,20380101,20240902,20260501,20130301,20310501,20240209,20250130,20240709,20260803,20490416,20100504,20240610,20241014,20240621,20240101,20241028,20310411
20340407,20260601,20210215,20170213,20170212,20150219,20341012,20210402,20260514,20290501,20160701,20320116,20240523,20241225,20190522,20290101,20281101,20241226,20230904,20181105,20311212,20380308,20241014,20260514,20130308,20310612,20240212,20250331,20241115,20261005,20490419,20100505,20240916,20241111,20241224,20240401,20241225,20310414
20340410,20261026,20210216,20170406,20170218,20150306,20341102,20210405,20260525,20290510,20160916,20320322,20240617,20241226,20190605,20290330,20281225,20250101,20231009,20190101,20311225,20380309,20241111,20260525,20130315,20311120,20240301,20250418,20241120,20261225,20500408,20100719,20240917,20241225,20241225,20240501,20241226,20310501
20340427,20261225,20210217,20170413,20170219,20150401,20341115,20210430,20260604,20290622,20161010,20320323,20241225,20250101,20190606,20290402,20281226,20250127,20231113,20190102,20320101,20380421,20241128,20261224,20130322,20311225,20240410,20250501,20241225,20261228,20500411,20100920,20241010,20241226,20241226,20240509,20250101,20310522
20340518,20261228,20210405,20170414,20170220,20150402,20341130,20210513,20261224,20291206,20161226,20320324,20250101,20250321,20190812,20290507,20290101,20250310,20231225,20190103,20320202,20380423,20241225,20261225,20130329,20311231,20240501,20250512,20241231,20270101,20501226,20100923,20241011,20250101,20241231,20240520,20250102,20310602
20340529,20270101,20210503,20170501,20170225,20150403,20341225,20210514,20261225,20291224,20161227,20320325,20250127,20250418,20190902,20290528,20290330,20250418,20231226,20190104,20320315,20380624,20250101,20270101,20130405,20320101,20240506,20250606,20250101,20270126,20510331,20101011,20250101,20250217,20250101,20240530,20250120,20310801
20341225,20270104,20210614,20170505,20170226,20150414,20341229,20210524,20261231,20291225,20170102,20320423,20250129,20250421,20190916,20290827,20290402,20250421,20240101,20190107,20320325,20380907,20250120,20270325,20130412,20320120,20240515,20251020,20250303,20270326,20510403,20101103,20250127,20250418,20250106,20240815,20250206,20311225
20341226,20270201,20210920,20170510,20170304,20150501,20350101,20211224,20270101,20291226,20170130,20320519,20250331,20250428,20191028,20291225,20290501,20250425,20240102,20190108,20320326,20381012,20250217,20270326,20130419,20320209,20240606,20251225,20250304,20270329,20510501,20101123,20250128,20250519,20250418,20241101,20250418,20311226
20350101,20270208,20210921,20170710,20170305,20150504,20350205,20211231,20270326,20300101,20170131,20320830,20250401,20250501,20191225,20291226,20290510,20250609,20240329,20190308,20320916,20381102,20250526,20270329,20130426,20320210,20240815,20260101,20250418,20270426,20511225,20101223,20250129,20250701,20250421,20241224,20250421,20320101
20350323,20270326,20211001,20170814,20170311,20150818,20350206,20220414,20270329,20300419,20170404,20321029,20250402,20250616,20200101,20300101,20290521,20251104,20240520,20190501,20321102,20381115,20250704,20270506,20130503,20320326,20240916,20260217,20250421,20270614,20511226,20101231,20250130,20250804,20250501,20241225,20250425,20320102
20350326,20270329,20211004,20171023,20170312,20150917,20350323,20220415,20270506,20300422,20170414,20330103,20250403,20250924,20200127,20300419,20290815,20251225,20240624,20190502,20321115,20390221,20250901,20270517,20130510,20320421,20240917,20260218,20250501,20270802,20520101,20110103,20250131,20250901,20250529,20241226,20250602,20320326
20350427,20270426,20211005,20171205,20170318,20150925,20350501,20220418,20270517,20300501,20170417,20330104,20250418,20251216,20200501,20300422,20291101,20251226,20240701,20190503,20330207,20390222,20251013,20271224,20130517,20320423,20240918,20260320,20250619,20271004,20520419,20110110,20250228,20251013,20250606,20250101,20251027,20320329
20350503,20270607,20211006,20171211,20170319,20151002,20350524,20220513,20270527,20300530,20170501,20330311,20250501,20251225,20200507,20300506,20291225,20260101,20240902,20190509,20330321,20390408,20251111,20280413,20130524,20320527,20241003,20260403,20250709,20271227,20520422,20110211,20250403,20251111,20250620,20250106,20251225,20320506
20350514,20271025,20211007,20180101,20170325,20151022,20350907,20220526,20271224,20300621,20170503,20330314,20250512,20251226,20200511,20300527,20291226,20260126,20241014,20190510,20330414,20390421,20251127,20280414,20130531,20320907,20241009,20260501,20251120,20271228,20520501,20110321,20250404,20251225,20251224,20250421,20251226,20320517
20351225,20271227,20220103,20180102,20170326,20151111,20351012,20220527,20271231,20301206,20170530,20330519,20250529,20260101,20200525,20300826,20300101,20260309,20241111,20190612,20330415,20390609,20251225,20280417,20130607,20321012,20241225,20260527,20251225,20280103,20521225,20110429,20250501,20251226,20251225,20250501,20260101,20330415
20351226,20271228,20220131,20180301,20170401,20151112,20351102,20220606,20280414,20301224,20171002,20330830,20250606,20260403,20200526,20301225,20300419,20260403,20241225,20191104,20330916,20390907,20260101,20280501,20130614,20321102,20250101,20260601,20251231,20280126,20521226,20110503,20250502,20260101,20251226,20250529,20260102,20330418
20360101,20280103,20220201,20180406,20170402,20151125,20351115,20221226,20280417,20301225,20171005,20331223,20250627,20260406,20200731,20301226,20300422,20260406,20241226,20200101,20331102,20391012,20260119,20280517,20130621,20321115,20250128,20260810,20260101,20280414,20530101,20110504,20250530,20260216,20251231,20250609,20260119,20330526
20360411,20280104,20220202,20180413,20170408,20151224,20351130,20230406,20280501,20301226,20171225,20340301,20250905,20260427,20200820,20310101,20300501,20260608,20250101,20200102,20331121,20391102,20260216,20280525,20130628,20321231,20250129,20261109,20260216,20280417,20530404,20110505,20251006,20260403,20260101,20250619,20260206,20330606
20360414,20280131,20220203,20180416,20170409,20151225,20351225,20230407,20280525,20310101,20171226,20340302,20251225,20260501,20200831,20310411,20300530,20261103,20250102,20200103,20331212,20391115,20260525,20280605,20130705,20330120,20250130,20261225,20260217,20280425,20530407,20110718,20251010,20260518,20260106,20250815,20260403,20330801
20360522,20280207,20220204,20180501,20170414,20160126,20351231,20230410,20280605,20310106,20180101,20340303,20260101,20260616,20200916,20310414,20300610,20261225,20250418,20200106,20340206,20400213,20260907,20281225,20130712,20330228,20250501,20270101,20260403,20280612,20530501,20110919,20260101,20260701,20260403,20251208,20260406,20331226
20360602,20280414,20220404,20180507,20170415,20160219,20360101,20230505,20280615,20310411,20180216,20340501,20260116,20260810,20201029,20310505,20300815,20261228,20250519,20200107,20340320,20400214,20261012,20281226,20130719,20330301,20250505,20270208,20260421,20280807,20531225,20110923,20260102,20260803,20260406,20251224,20260427,20340102
20361225,20280417,20220405,20180529,20170416,20160307,20360225,20230518,20281003,20310414,20180219,20340519,20260217,20260924,20201225,20310526,20301101,20270101,20250624,20200108,20340406,20400330,20261111,20290101,20130726,20330415,20250506,20270310,20260501,20281002,20531226,20111010,20260216,20260907,20260501,20251225,20260601,20340407
20361226,20280425,20220502,20180727,20170422,20160323,20360226,20230519,20281225,20310501,20180330,20340830,20260319,20261216,20210101,20310825,20301225,20270126,20250701,20200309,20340407,20400501,20261126,20290329,20130802,20330421,20250606,20270326,20260604,20281225,20540101,20111103,20260217,20261012,20260514,20251226,20261026,20340410
20370101,20280605,20220603,20180813,20170423,20160325,20360411,20230529,20281226,20310522,20180402,20341212,20260320,20261225,20210128,20311225,20301226,20270308,20250901,20200501,20340501,20400531,20261225,20290330,20130807,20330616,20250815,20270517,20260709,20281226,20540327,20111123,20260218,20261111,20260619,20260101,20261225,20340501
20370403,20281023,20220912,20181023,20170429,20160401,20360421,20230605,20290101,20310620,20180405,20341213,20260323,20270101,20210201,20311226,20310101,20270326,20251013,20200504,20341102,20400907,20270101,20290402,20130808,20330907,20251003,20270520,20260907,20290101,20540330,20111223,20260219,20261225,20261224,20260106,20261228,20340518
20370406,20281225,20221003,20181205,20170430,20160408,20360501,20231225,20290330,20311224,20180501,20341214,20260403,20270322,20210212,20320101,20310411,20270329,20251111,20200505,20341120,20401012,20270118,20290501,20130809,20331012,20251006,20270809,20261012,20290126,20540501,20120102,20260220,20261228,20261225,20260406,20270101,20340529
20370427,20281226,20221004,20181210,20170506,20160414,20360612,20231226,20290402,20311225,20180522,20350101,20260417,20270326,20210429,20320326,20310414,20270426,20251225,20200506,20341212,20401102,20270215,20290510,20130816,20331102,20251007,20271028,20261102,20290330,20541225,20120103,20260227,20270101,20261231,20260501,20270104,20340801
20370514,20290101,20221005,20181231,20170507,20160415,20361225,20240101,20290501,20311226,20180618,20350219,20260501,20270329,20210513,20320329,20310501,20270614,20251226,20200511,20341225,20401115,20270531,20290517,20130823,20331115,20251008,20280126,20261120,20290402,20550101,20120109,20260403,20270215,20270101,20260514,20270125,20341225
20370525,20290102,20221006,20190101,20170513,20160419,20361231,20240328,20290510,20320101,20180702,20350220,20260514,20270427,20210514,20320503,20310522,20271102,20260101,20200612,20350101,20401225,20270705,20290521,20130830,20331230,20251009,20280127,20261225,20290425,20550416,20120320,20260406,20270326,20270106,20260525,20270208,20341226
20371225,20290129,20221007,20190219,20170514,20160706,20370101,20240329,20290521,20320106,20180925,20350221,20260527,20270616,20210526,20320531,20310602,20271227,20260102,20201104,20350205,20410101,20270906,20291224,20130906,20340120,20251225,20280228,20261231,20290611,20550419,20120430,20260501,20270524,20270326,20260604,20270326,20350101
20380101,20290206,20230102,20190408,20170520,20160815,20370216,20240401,20290531,20320326,20181001,20350423,20260616,20270809,20210720,20320830,20310623,20271228,20260403,20210101,20350319,20410304,20271011,20291225,20130913,20340220,20260101,20280414,20270101,20290806,20560331,20120503,20260619,20270701,20270329,20261026,20270329,20350102
20380423,20290330,20230123,20190415,20170521,20160817,20370217,20240426,20291003,20320329,20181017,20350501,20260817,20270924,20210810,20321227,20310815,20280103,20260518,20210104,20350322,20410305,20271111,20291226,20130920,20340221,20260216,20280501,20270125,20291001,20560403,20120504,20260925,20270802,20270506,20261208,20270426,20350323
20380426,20290402,20230124,20190416,20170527,20160905,20370403,20240509,20291224,20320506,20181225,20350830,20260825,20271216,20210831,20321228,20311225,20280126,20260624,20210105,20350323,20410419,20271125,20300101,20130923,20340407,20260217,20280505,20270208,20291225,20560501,20120716,20261009,20270906,20270625,20261224,20270607,20350326
20380427,20290425,20230125,20190501,20170528,20160912,20370421,20240510,20291225,20320625,20181226,20351029,20261225,20271227,20210916,20330103,20311226,20280313,20260701,20210106,20350501,20410501,20280117,20300418,20130927,20340421,20260218,20280509,20270209,20291226,20561225,20120917,20270101,20271011,20271224,20261225,20271025,20350501
20380603,20290604,20230126,20190506,20170529,20161011,20370501,20240520,20291226,20321206,20190101,20351203,20270101,20280321,20211019,20330415,20320101,20280414,20260907,20210107,20351102,20410620,20280221,20300419,20131004,20340501,20260501,20280809,20270326,20300101,20561226,20121008,20270205,20271111,20271231,20270101,20271227,20350503
20380614,20291022,20230127,20190520,20170603,20161012,20370604,20240605,20291231,20321224,20190205,20360101,20270105,20280414,20211104,20330418,20320326,20280417,20261012,20210108,20351119,20411115,20280529,20300422,20131011,20340608,20260505,20281017,20270421,20300128,20570101,20121123,20270208,20271227,20280106,20270106,20271228,20350514
20390408,20291225,20230405,20190701,20170604,20161031,20370907,20241224,20300101,20330106,20190206,20360208,20270309,20280417,20220118,20330502,20320329,20280425,20261111,20210222,20351212,20411225,20280704,20300501,20131014,20340907,20260603,20281225,20270527,20300419,20570420,20121224,20270209,20271228,20280414,20270329,20280103,20350801
20390411,20291226,20230501,20190716,20170610,20161114,20371012,20241225,20300419,20330415,20190207,20360211,20270310,20280427,20220201,20330530,20320506,20280612,20261225,20210223,20351225,20420101,20280904,20300517,20131015,20341012,20260924,20290101,20270709,20300422,20570423,20121231,20270210,20280103,20280417,20270506,20280104,20351225
20390427,20300101,20230622,20190812,20170611,20161212,20371102,20241226,20300422,20330418,20190405,20360423,20270311,20280501,20220202,20330829,20320517,20281107,20261228,20210308,20360101,20420217,20281009,20300530,20131016,20341102,20260925,20290213,20270907,20300425,20570501,20130101,20270301,20280221,20280501,20270517,20280124,20351226
20390519,20300102,20230623,20191023,20170617,20170126,20371130,20241231,20300501,20330526,20190419,20360501,20270312,20280616,20220203,20331226,20320623,20281225,20270101,20210503,20360204,20420218,20281123,20300610,20131018,20341115,20261009,20290214,20271012,20300610,20571225,20130102,20270405,20280414,20280525,20270527,20280207,20360101
20390530,20300128,20230929,20191205,20170618,20170224,20371225,20250101,20300530,20330624,20190422,20360519,20270326,20280809,20220419,20331227,20321101,20281226,20270104,20210504,20360317,20420404,20281225,20301224,20131025,20341120,20261225,20290215,20271102,20300805,20571226,20130103,20270406,20280522,20280606,20271026,20280414,20360102
20391226,20300206,20231002,20191210,20170624,20170313,20371231,20250417,20300610,20331206,20190501,20361029,20270407,20280925,20220502,20340102,20330415,20290101,20270326,20210510,20360410,20420421,20290101,20301225,20131101,20341225,20270101,20290330,20271115,20301007,20580101,20130114,20270430,20280703,20280623,20271101,20280417,20360411
20400330,20300419,20231003,20191231,20170625,20170328,20380101,20250418,20300620,20331226,20190513,20361119,20270506,20281225,20220503,20340407,20330418,20290126,20270524,20210614,20360411,20420501,20290115,20301226,20131108,20341229,20270208,20290424,20271231,20301225,20580412,20130211,20270609,20280807,20281225,20271208,20280425,20360414
20400402,20300422,20231004,20200101,20170701,20170404,20380308,20250421,20301003,20340106,20190607,20361120,20270517,20281226,20220504,20340410,20330526,20290312,20270624,20211104,20360501,20420605,20290219,20310101,20131115,20350101,20270209,20290501,20280125,20301226,20580415,20130320,20270915,20280904,20281226,20271224,20280605,20360501
20400427,20300425,20231005,20200210,20170702,20170414,20380309,20250516,20301224,20340407,20190701,20361121,20270520,20290101,20220516,20340501,20330606,20290330,20270701,20211105,20360916,20421225,20290528,20310410,20131122,20350205,20270301,20290528,20280228,20310101,20580501,20130429,20271011,20281009,20290101,20280106,20281023,20360522
20400510,20300603,20231006,20200406,20170704,20170501,20380421,20250529,20301225,20340410,20191001,20370101,20270817,20290321,20220831,20340529,20330623,20290402,20270906,20220103,20361117,20430101,20290704,20310411,20131129,20350206,20270505,20290809,20280229,20310127,20581225,20130503,20271231,20281113,20290330,20280417,20281225,20360602
20400521,20301028,20240101,20200413,20170708,20170510,20380423,20250530,20301226,20340501,20191007,20370127,20271224,20290330,20220916,20340828,20330815,20290425,20271011,20220104,20361201,20430209,20290903,20310414,20131206,20350323,20270513,20291105,20280414,20310411,20581226,20130506,20280124,20281225,20290402,20280501,20281226,20360801
20401225,20301225,20240209,20200414,20170709,20170626,20380624,20250605,20301231,20340518,20191225,20370128,20280126,20290402,20221024,20341225,20331101,20290611,20271111,20220105,20361212,20430210,20291008,20310501,20131213,20350423,20270914,20291225,20280421,20310414,20590101,20130715,20280125,20281226,20290501,20280525,20290101,20361225
20401226,20301226,20240212,20200415,20170715,20170815,20380907,20250609,20310101,20340623,20191226,20370129,20280228,20290427,20221226,20341226,20331226,20291106,20271227,20220106,20361225,20430327,20291112,20310522,20131220,20350501,20270915,20300101,20280501,20310425,20590328,20130916,20280126,20290101,20290510,20280605,20290102,20361226
20410101,20310101,20240213,20200501,20170716,20170817,20381012,20251224,20310411,20341206,20200101,20370130,20280229,20290501,20230102,20350101,20340407,20291225,20271228,20220107,20370101,20430421,20291122,20310602,20131227,20350524,20270916,20300204,20280615,20310609,20590331,20130923,20280127,20290219,20290606,20280615,20290122,20370101
20410419,20310102,20240214,20200505,20170722,20170825,20381102,20251225,20310414,20341225,20200127,20370423,20280301,20290809,20230123,20350323,20340410,20291226,20280103,20220223,20370202,20430501,20291225,20311224,20140103,20350907,20271222,20300205,20280907,20310804,20590501,20131014,20280128,20290330,20290622,20280815,20290206,20370102
20410422,20310127,20240215,20200506,20170723,20171002,20381115,20251226,20310501,20341226,20200128,20370501,20280327,20290924,20230124,20350326,20340501,20300101,20280104,20220307,20370316,20430528,20300101,20311225,20140110,20351012,20280126,20300206,20281012,20311006,20591225,20131104,20280228,20290521,20291224,20281026,20290330,20370403
20410530,20310206,20240404,20200701,20170729,20171019,20381130,20251231,20310522,20350101,20200410,20370519,20280414,20291217,20230201,20350507,20340518,20300128,20280414,20220308,20370402,20430907,20300121,20311226,20140117,20351102,20280127,20300419,20281102,20311225,20591226,20131223,20280403,20290702,20291225,20281101,20290402,20370406
20410610,20310411,20240405,20200706,20170730,20171020,20381231,20260101,20310602,20350323,20200413,20371029,20280501,20291225,20230206,20350528,20340529,20300311,20280522,20220502,20370403,20431012,20300218,20320101,20140124,20351115,20280128,20300501,20281115,20311226,20600101,20131231,20280404,20290806,20291226,20281208,20290425,20370501
20411225,20310414,20240501,20200812,20170805,20171201,20390221,20260402,20310612,20350326,20200430,20371109,20280505,20291226,20230421,20350827,20340623,20300419,20280623,20220503,20370501,20431102,20300527,20320325,20140131,20351120,20280301,20300516,20281120,20320101,20600416,20140101,20280501,20290903,20291231,20281225,20290604,20370514
20411226,20310425,20240610,20201023,20170806,20171225,20390222,20260403,20311003,20350501,20200501,20371110,20280509,20300101,20230501,20351225,20340815,20300422,20280703,20220509,20370916,20431225,20300704,20320326,20140207,20351225,20280412,20300809,20281225,20320126,20600419,20140102,20280529,20291008,20300101,20281226,20291022,20370525
20420101,20310602,20240916,20201207,20170812,20180126,20390408,20260406,20311224,20350503,20200625,20380101,20280525,20300321,20230504,20351226,20341101,20300425,20280904,20220613,20371102,20440101,20300902,20320329,20140214,20351231,20280501,20301225,20281229,20320326,20610408,20140103,20281002,20291112,20300419,20290101,20291225,20371225
20420404,20311027,20240917,20201210,20170813,20180214,20390421,20260501,20311225,20350622,20200701,20380118,20280526,20300419,20230628,20360101,20341225,20300610,20281009,20221104,20371116,20440229,20301014,20320506,20140221,20360101,20280502,20310101,20290101,20320329,20610411,20140113,20281003,20291225,20300422,20290402,20291226,20380101
20420407,20311225,20241001,20201231,20170819,20180219,20390609,20260514,20311226,20351206,20201001,20380119,20280803,20300422,20230719,20360411,20341226,20301105,20281113,20230102,20371225,20440301,20301111,20320517,20140228,20360225,20280505,20310123,20290125,20320426,20611226,20140211,20281009,20291226,20300501,20290501,20300101,20380423
20420515,20311226,20241002,20210101,20170820,20180302,20390907,20260515,20311231,20351224,20201002,20380423,20280817,20300501,20230831,20360414,20350101,20301225,20281225,20230103,20380101,20440415,20301128,20321224,20140307,20360226,20280606,20310124,20290212,20320614,20620324,20140321,20281010,20300101,20300530,20290510,20300102,20380426
20420526,20320101,20241003,20210226,20170826,20180329,20391012,20260525,20320101,20351225,20201026,20380519,20281214,20300617,20230927,20360505,20350323,20301226,20281226,20230104,20380201,20440421,20301225,20330414,20140314,20360411,20280815,20310403,20290213,20320802,20620327,20140429,20290101,20300218,20300606,20290521,20300121,20380603
20421225,20320102,20241004,20210406,20170827,20180330,20391102,20260605,20320326,20351226,20201225,20380830,20281225,20300809,20231113,20360526,20350326,20310101,20290101,20230105,20380315,20440616,20310101,20330415,20140321,20360421,20281002,20310411,20290330,20321004,20620501,20140505,20290212,20300419,20300621,20290531,20300206,20380614
20421226,20320126,20241007,20210413,20170902,20180402,20391115,20261224,20320329,20360101,20210101,20381029,20290101,20300924,20231225,20360825,20350501,20310127,20290102,20230106,20380422,20440907,20310120,20330418,20140328,20360423,20281003,20310501,20290501,20321227,20621225,20140506,20290213,20300520,20301224,20290815,20300419,20390408
20430101,20320206,20250101,20210414,20170903,20180430,20391130,20261225,20320506,20360411,20210212,20390105,20290213,20301216,20240101,20361225,20350503,20310310,20290330,20230223,20380423,20441012,20310217,20330517,20140404,20360501,20281004,20310506,20290531,20321228,20621226,20140721,20290214,20300701,20301225,20291026,20300422,20390411
20430327,20320326,20250128,20210415,20170904,20180501,20391230,20261231,20320517,20360414,20210215,20390106,20290214,20301225,20240126,20361226,20350514,20310411,20290521,20230308,20380916,20441102,20310526,20330526,20140411,20360612,20281005,20311114,20290709,20330103,20630101,20140915,20290215,20300805,20301226,20291101,20300425,20390519
20430330,20320329,20250129,20210503,20170909,20180815,20400213,20270101,20320527,20360501,20210402,20390107,20290215,20301226,20240201,20370101,20350815,20310414,20290625,20230501,20381102,20441115,20310704,20330606,20140418,20361120,20281009,20311225,20290907,20330126,20630413,20140923,20290216,20300902,20301231,20291224,20300603,20390530
20430427,20320426,20250130,20210505,20170910,20180817,20400214,20270325,20321224,20360522,20210405,20390519,20290216,20310101,20240212,20370403,20351101,20310425,20290702,20230502,20381115,20450220,20310901,20331226,20140425,20361225,20281225,20320101,20291012,20330415,20630416,20141013,20290228,20301014,20310101,20291225,20301028,20390801
20430507,20320607,20250131,20210526,20170916,20180822,20400330,20270326,20321231,20360620,20210406,20390830,20290330,20310321,20240328,20370406,20351225,20310609,20290903,20230508,20390207,20450221,20311013,20340406,20140502,20361231,20290101,20320114,20291102,20330418,20630501,20141103,20290403,20301111,20310106,20291226,20301225,20391226
20430518,20321025,20250203,20210701,20170917,20180913,20400501,20270329,20330415,20361224,20210519,20391019,20290423,20310411,20240410,20370504,20351226,20311104,20291008,20230509,20390321,20450407,20311111,20340407,20140509,20370101,20290212,20320211,20291115,20330425,20631225,20141124,20290404,20301225,20310411,20300101,20301226,20400102
20431225,20321227,20250404,20210726,20170923,20180921,20400531,20270423,20330418,20361225,20210614,20391020,20290424,20310414,20240411,20370525,20360101,20311225,20291112,20230612,20390407,20450421,20311127,20340410,20140516,20370120,20290213,20320212,20291120,20330613,20631226,20141223,20290430,20301226,20310414,20300422,20310101,20400330
20440101,20321228,20250501,20210812,20170924,20181002,20400907,20270506,20330526,20361226,20210701,20391021,20290501,20310428,20240501,20370831,20360411,20311226,20291225,20231106,20390408,20450501,20311225,20340501,20140523,20370216,20290214,20320322,20291225,20330801,20640101,20141231,20290501,20310101,20310501,20300501,20310102,20400402
20440415,20330103,20250502,20211025,20170930,20181019,20401012,20270507,20330606,20370101,20210922,20391226,20290510,20310501,20240522,20371225,20360414,20320101,20291226,20240101,20390916,20450608,20320101,20340517,20140530,20370217,20290301,20320326,20291231,20331003,20640404,20150101,20290615,20310217,20310522,20300530,20310120,20400501
20440418,20330104,20250602,20211206,20171001,20181107,20401102,20270517,20330616,20370106,20211001,20391227,20290515,20310616,20240617,20371228,20360501,20320126,20300101,20240102,20391102,20450907,20320119,20340518,20140606,20370403,20290501,20320524,20300101,20331226,20640407,20150102,20290921,20310411,20310606,20300610,20310206,20400510
20440427,20330131,20251001,20211210,20171007,20181108,20401115,20271224,20331003,20370403,20211014,20391228,20290528,20310924,20240708,20380101,20360522,20320308,20300102,20240103,20391121,20451012,20320216,20340529,20140613,20370421,20290507,20320809,20300125,20331227,20640501,20150112,20291010,20310519,20310620,20300620,20310411,20400521
20440526,20330207,20251002,20211231,20171008,20181121,20401130,20271231,20331226,20370406,20211227,20391229,20290724,20311216,20240916,20380423,20360602,20320326,20300419,20240104,20391212,20451102,20320531,20341225,20140620,20370423,20290606,20321102,20300304,20340102,20641225,20150211,20291231,20310701,20311224,20300815,20310414,20400801
20440606,20330415,20251003,20220103,20171009,20181123,20401225,20280413,20340407,20370501,20220201,20400423,20290817,20311225,20240917,20380426,20360623,20320329,20300520,20240105,20400206,20451115,20320705,20341226,20140627,20370501,20290815,20330103,20300305,20340126,20641226,20150429,20300101,20310804,20311225,20301101,20310425,20401225
20441226,20330418,20251006,20220216,20171014,20181225,20401231,20280414,20340410,20370514,20220202,20400501,20291203,20311226,20241031,20380503,20360815,20320426,20300624,20240108,20400319,20451225,20320906,20350101,20140704,20370604,20290921,20330131,20300419,20340407,,20150504,20300131,20310901,20311226,20301224,20310602,20401226
20450407,20330425,20251007,20220406,20171015,20190219,20410101,20280417,20340501,20370619,20220203,20400830,20291224,20320101,20241225,20380531,20361225,20320614,20300701,20240223,20400329,20460101,20321011,20350322,20140711,20370907,20290924,20330201,20300501,20340410,,20150505,20300201,20311013,20311231,20301225,20311027,20410101
20450410,20330606,20251008,20220413,20171021,20190304,20410304,20280512,20340518,20371224,20220405,20401008,20291225,20320322,20250101,20380830,20361226,20321102,20300902,20240308,20400330,20460205,20321111,20350323,20140718,20371012,20291003,20330415,20300620,20340425,,20150506,20300204,20311111,20320101,20301226,20311225,20410102
20450427,20331024,20260101,20220414,20171022,20190321,20410305,20280525,20340529,20371225,20220415,20401009,20300101,20320326,20250129,20381227,20370101,20321227,20301014,20240501,20400501,20460206,20321125,20350326,20140725,20371102,20291009,20330502,20300709,20340612,,20150720,20300205,20311225,20320106,20310101,20311226,20410419
20450505,20331226,20260102,20220415,20171028,20190401,20410419,20280526,20340608,20380101,20220418,20401029,20300204,20320329,20250130,20381228,20370403,20321228,20301111,20240508,20401102,20460323,20330117,20350501,20140728,20371120,20291225,20330513,20301115,20340807,,20150921,20300228,20311226,20320326,20310106,20320101,20410422
20450518,20331227,20260216,20220502,20171029,20190417,20410501,20280605,20341003,20380106,20220502,20401214,20300205,20320427,20250211,20390103,20370406,20330103,20301225,20240509,20401119,20460501,20330221,20350503,20140729,20371225,20300101,20330809,20301120,20341002,,20150922,20300301,20320101,20320329,20310414,20320102,20410501
20450529,20340102,20260217,20220505,20171104,20190419,20410620,20281225,20341225,20380423,20220509,20401217,20300206,20320616,20250317,20390408,20370501,20330126,20301226,20240510,20401212,20460524,20330530,20350514,20140730,20371231,20300204,20331223,20301225,20341225,,20150923,20300404,20320216,20320506,20310501,20320119,20410530
20451225,20340103,20260218,20220516,20171105,20190501,20411115,20281226,20341226,20380426,20220603,20410101,20300207,20320809,20250331,20390411,20370514,20330314,20310101,20240612,20401225,20460907,20330704,20350517,20140801,20380101,20300205,20331226,20301231,20341226,,20151012,20300405,20320326,20320625,20310522,20320206,20410610
20451226,20340130,20260219,20220701,20171111,20190605,20411225,20290101,20350101,20380603,20220701,20410423,20300403,20320924,20250401,20390502,20370525,20330415,20310102,20241104,20410101,20461012,20330905,20351224,20140808,20380120,20300301,20340102,20310101,20350101,,20151103,20300501,20320524,20321224,20310602,20320326,20410801
20460101,20340206,20260220,20220713,20171112,20190812,20411231,20290329,20350323,20380625,20220912,20410501,20300419,20321216,20250501,20390530,20370623,20330418,20310411,20250101,20410204,20461102,20331010,20351225,20140815,20380308,20300501,20340220,20310224,20350126,,20151123,20300605,20320701,20321231,20310612,20320329,20411225
20460323,20340407,20260406,20220812,20171118,20190815,20420101,20290330,20350326,20381206,20221004,20410830,20300501,20321227,20250512,20390829,20371225,20330425,20310519,20250102,20410318,20461115,20331111,20351226,20140822,20380309,20300506,20340221,20310225,20350323,,20151223,20300912,20320802,20330106,20310815,20320426,20411226
20460326,20340410,20260501,20221024,20171119,20190902,20420217,20290402,20350501,20381224,20221226,20410927,20300517,20330321,20250606,20391226,20380101,20330613,20310624,20250103,20410418,20461225,20331124,20360101,20140829,20380421,20300509,20340301,20310411,20350326,,20151231,20300913,20320906,20330415,20311208,20320607,20420101
20460427,20340425,20260619,20221205,20171123,20190910,20420218,20290427,20350503,20390106,20221227,20411029,20300530,20330415,20250627,20391227,20380423,20331101,20310701,20250106,20410419,20470101,20331226,20360410,20140905,20380423,20300605,20340407,20310421,20350425,,20160101,20301010,20321011,20330418,20311224,20321025,20420102
20460503,20340605,20260925,20221212,20171125,20191002,20420404,20290510,20350514,20390408,20230102,20411204,20301225,20330418,20250901,20400102,20380426,20331226,20310901,20250107,20410501,20470225,20340102,20360411,20140912,20380624,20300606,20340501,20310501,20350611,,20160111,20301011,20321111,20330526,20311225,20321227,20420404
20460514,20341023,20261001,20230102,20171126,20191007,20420421,20290511,20350524,20390411,20230123,20411205,20310101,20330427,20250905,20400330,20380603,20331227,20311013,20250108,20410916,20470226,20340116,20360414,20140919,20380907,20300815,20340601,20310612,20350806,,20160211,20310101,20321227,20330606,20311226,20321228,20420407
20461225,20341225,20261002,20230306,20171202,20191029,20420501,20290521,20351003,20390519,20230124,20411206,20310123,20330502,20250916,20400402,20380614,20340102,20311111,20250310,20411118,20470412,20340220,20360501,20140923,20381012,20300911,20340809,20310709,20351001,,20160321,20310122,20321228,20330624,20320101,20330103,20420501
20461226,20341226,20261005,20230406,20171203,20191112,20420605,20290605,20351224,20390624,20230125,20420101,20310124,20330616,20251020,20400507,20380623,20340126,20311225,20250501,20411212,20470501,20340529,20360522,20140926,20381102,20300912,20341109,20311120,20351225,,20160429,20310123,20330103,20331226,20320106,20330104,20420515
20470101,20350101,20261006,20230413,20171209,20191225,20421225,20291224,20351225,20391206,20230405,20420423,20310127,20330809,20251225,20400528,20381101,20340313,20311226,20250502,20411225,20470613,20340704,20360602,20141003,20381115,20300913,20341212,20311225,20351226,,20160503,20310124,20330221,20340106,20320329,20330124,20420526
20470412,20350102,20261007,20230414,20171210,20200219,20421231,20291225,20351226,20391226,20230407,20420501,20310128,20331216,20260101,20400827,20390408,20340407,20320101,20250509,20420101,20471115,20340904,20361224,20141006,20381231,20301003,20341225,20311231,20360101,,20160504,20310127,20330415,20340407,20320506,20330207,20420801
20470415,20350129,20270101,20230501,20171216,20200221,20430101,20291226,20351231,20400106,20230410,20420519,20310324,20331226,20260202,20401225,20390411,20340410,20320102,20250612,20420203,20471225,20341009,20361225,20141010,20390120,20301009,20350101,20320101,20360128,,20160505,20310228,20330523,20340410,20320517,20330415,20421225
20470523,20350206,20270205,20230505,20171217,20200310,20430209,20291231,20360101,20400330,20230501,20420916,20310403,20340102,20260203,20401226,20390519,20340425,20320326,20250613,20420317,20480101,20341123,20361226,20141017,20390221,20301225,20350208,20320209,20360411,,20160718,20310403,20330701,20340501,20320527,20330418,20421226
20470603,20350323,20270208,20230605,20171223,20200325,20430210,20300101,20360411,20400402,20230526,20420917,20310411,20340321,20260217,20410101,20390530,20340612,20320524,20251103,20420403,20480217,20341225,20370101,20141024,20390222,20310101,20350209,20320210,20360414,,20160811,20310404,20330801,20340518,20321026,20330425,20430101
20471225,20350326,20270209,20230801,20171224,20200401,20430327,20300418,20360414,20400501,20230622,20420918,20310423,20340407,20260218,20410419,20390623,20341107,20320624,20251104,20420404,20480218,20350101,20370402,20141031,20390408,20310122,20350219,20320326,20360425,,20160919,20310501,20330905,20340606,20321101,20330606,20430102
20471226,20350425,20270210,20230814,20171225,20200402,20430421,20300419,20360501,20400510,20231002,20421029,20310501,20340410,20260320,20410422,20390815,20341225,20320701,20260101,20420501,20480403,20350115,20370403,20141107,20390421,20310123,20350323,20320421,20360609,,20160922,20310502,20331010,20340623,20321208,20331024,20430327
20480101,20350604,20270211,20231023,20171230,20200406,20430501,20300422,20360522,20400622,20231023,20421124,20310507,20340427,20260501,20410506,20391101,20341226,20320906,20260102,20420916,20480421,20350219,20370406,20141114,20390609,20310124,20350501,20320527,20360804,,20161010,20310623,20331111,20341225,20321224,20331226,20430330
20480403,20351022,20270405,20231205,20171231,20200410,20430528,20300517,20360602,20401206,20231225,20421125,20310522,20340501,20260527,20410527,20391226,20350101,20321011,20260105,20421117,20480501,20350528,20370501,20141121,20390907,20310501,20350522,20320709,20361006,,20161103,20310624,20331226,20341226,20330106,20331227,20430501
20480406,20351225,20270503,20231211,20180101,20200414,20430907,20300530,20360612,20401224,20231226,20421126,20310702,20340616,20260616,20410826,20400330,20350126,20321111,20260106,20421201,20480604,20350704,20370514,20141128,20391012,20310505,20350809,20320907,20361225,,20161123,20311001,20331227,20350101,20330418,20340102,20430507
20480427,20351226,20270609,20240101,20180106,20200501,20431012,20300531,20361003,20401225,20240101,20430101,20311113,20340809,20260825,20411225,20400402,20350312,20321227,20260107,20421212,20480907,20350903,20370525,20141205,20391102,20310528,20351030,20321012,20361226,,20161223,20311010,20340102,20350323,20330526,20340103,20430518
20480514,20360101,20270915,20240102,20180107,20200507,20431102,20300605,20361224,20401226,20240212,20430423,20311225,20340925,20260831,20411226,20400501,20350323,20321228,20260108,20421225,20481012,20351008,20371224,20141212,20391115,20310606,20351225,20321102,20370101,,20170102,20320101,20340220,20350326,20330606,20340123,20431225
20480525,20360102,20271001,20240226,20180113,20200525,20431130,20300610,20361225,20410101,20240213,20430501,20320101,20341225,20260916,20420101,20400510,20350326,20330103,20260109,20430101,20481102,20351112,20371225,20141219,20391230,20310815,20360101,20321115,20370126,,20170103,20320102,20340407,20350501,20330616,20340206,20440101
20481225,20360128,20271004,20240408,20180114,20201002,20431225,20301224,20361226,20410419,20240329,20430519,20320113,20341226,20261109,20420404,20400521,20350425,20330104,20260223,20430202,20481225,20351122,20380101,20141226,20400120,20310930,20360128,20321231,20370403,,20170109,20320209,20340522,20350503,20330815,20340407,20440415
20490101,20360206,20271005,20240415,20180115,20201030,20431231,20301225,20361231,20410422,20240401,20430907,20320114,20350101,20261225,20420407,20400815,20350611,20330415,20260309,20430316,20490101,20351225,20380422,20150102,20400213,20311001,20360129,20330125,20370406,,20170320,20320210,20340703,20350606,20331026,20340410,20440418
20490416,20360411,20271006,20240416,20180120,20201116,20440101,20301226,20370101,20410501,20240404,20431029,20320115,20350321,20270101,20420505,20401101,20351106,20330523,20260501,20430326,20490301,20360101,20380423,20150109,20400214,20311002,20360208,20330228,20370608,,20170503,20320211,20340807,20350622,20331101,20340425,20440526
20490419,20360414,20271007,20240501,20180121,20201130,20440229,20301231,20370403,20410530,20240501,20431112,20320116,20350323,20270122,20420526,20401225,20351225,20330624,20260504,20430327,20490302,20360121,20380426,20150116,20400330,20311003,20360411,20330301,20370803,,20170504,20320212,20340904,20351224,20331208,20340605,20440606
20490427,20360425,20280103,20240506,20180127,20201225,20440301,20310101,20370406,20410621,20240515,20431113,20320211,20350326,20270201,20420825,20401226,20351226,20330701,20260511,20430501,20490416,20360218,20380517,20150123,20400423,20311009,20360501,20330415,20371005,,20170505,20320213,20341009,20351225,20331226,20341023,20440801
20490527,20360602,20280125,20240522,20180128,20210126,20440415,20310410,20370501,20411206,20240610,20440101,20320322,20350427,20270208,20421225,20410101,20360101,20330905,20260612,20430916,20490421,20360526,20380603,20150130,20400501,20311225,20361119,20330421,20371225,,20170717,20320227,20341113,20351226,20340106,20341225,20441226
20490607,20361027,20280126,20240701,20180203,20210219,20440421,20310411,20370514,20411224,20240701,20440519,20320326,20350501,20270224,20421226,20410419,20360128,20331010,20261104,20431102,20490617,20360704,20380614,20150206,20400531,20320101,20361225,20330616,20371228,,20170811,20320405,20341225,20351231,20340410,20341226,20450102
20500408,20361225,20280127,20240722,20180204,20210311,20440616,20310414,20370525,20411225,20240918,20440824,20320412,20350809,20270310,20430101,20410422,20360310,20331111,20270101,20431116,20490907,20360901,20381224,20150213,20400907,20320210,20370101,20330907,20380101,,20170918,20320406,20341226,20360101,20340501,20350101,20450407
20500411,20361226,20280128,20240812,20180210,20210329,20440907,20310509,20370604,20411226,20241001,20440825,20320506,20350924,20270311,20430327,20410501,20360411,20331226,20270104,20431225,20491012,20361013,20390407,20150220,20401012,20320211,20370127,20331012,20380126,,20171009,20320430,20350101,20360411,20340518,20350102,20450410
20500427,20370101,20280131,20241023,20180211,20210401,20441012,20310522,20371224,20420101,20241011,20440826,20320525,20351217,20270517,20430330,20410530,20360414,20331227,20270105,20440101,20491102,20361111,20390408,20150227,20401102,20320212,20370216,20331102,20380423,,20171103,20320611,20350219,20360414,20340529,20350122,20450501
20500505,20370102,20280403,20241205,20180217,20210402,20441102,20310523,20371225,20420106,20241225,20440830,20320817,20351225,20270520,20430504,20410610,20360425,20340102,20270106,20440201,20491115,20361127,20390411,20150306,20401115,20320301,20370217,20331115,20380426,,20171123,20320920,20350323,20360501,20340608,20350206,20450518
20500519,20370126,20280404,20241210,20180218,20210413,20441115,20310602,20371231,20420404,20241226,20441031,20321101,20351226,20270607,20430525,20410815,20360609,20340103,20270107,20440321,20500221,20361225,20390517,20150313,20401120,20320414,20370403,20331230,20380427,,20180101,20321011,20350521,20360522,20340815,20350323,20450529
20500530,20370206,20280501,20241231,20180219,20210414,20441130,20310605,20380101,20420407,20250101,20441101,20321224,20360101,20270816,20430831,20411101,20361104,20340407,20270108,20440414,20500222,20370101,20390519,20150320,20401225,20320505,20370501,20340125,20380614,,20180102,20321231,20350702,20360606,20341026,20350326,20450801
20501226,20370403,20280529,20250101,20180224,20210421,20441230,20311224,20380423,20420501,20250129,20441102,20330103,20360321,20270831,20431225,20411225,20361225,20340522,20270222,20440415,20500408,20370119,20390530,20150327,20401231,20320920,20370529,20340220,20380802,,20180103,20330128,20350806,20360620,20341101,20350425,20451225
20510331,20370406,20281002,20250212,20180225,20210514,20450220,20311225,20380426,20420515,20250130,20441103,20330104,20360411,20270916,20431228,20411226,20361226,20340623,20270223,20440916,20500421,20370216,20391226,20150403,20410101,20320921,20370810,20340221,20381004,,20180108,20330131,20350903,20361224,20341208,20350604,20451226
20510403,20370427,20281003,20250407,20180303,20210526,20450221,20311226,20380603,20420620,20250131,20450501,20330105,20360414,20271028,20440101,20420101,20370101,20340703,20270308,20441102,20500609,20370525,20400329,20150410,20410304,20321222,20371106,20340407,20381227,,20180212,20330201,20351008,20361225,20341225,20351022,20460101
20510427,20370601,20281004,20250414,20180304,20210721,20450407,20311231,20380614,20421224,20250404,20450519,20330106,20360428,20280126,20440415,20420404,20370126,20340904,20270503,20441121,20500907,20370907,20400330,20150417,20410305,20330131,20371109,20340421,20381228,,20180321,20330202,20351112,20361226,20341226,20351225,20460102
20510511,20371026,20281005,20250415,20180310,20210816,20450421,20320101,20380624,20421225,20250418,20450814,20330131,20360501,20280127,20440418,20420407,20370309,20341009,20270504,20441212,20501012,20371012,20400402,20150424,20410419,20330201,20371225,20340501,20390103,,20180430,20330228,20351225,20361231,20350101,20351226,20460323
20510522,20371225,20281006,20250501,20180311,20210819,20450501,20320325,20381224,20421226,20250421,20450815,20330331,20360616,20280201,20440502,20420501,20370403,20341113,20270510,20450206,20501102,20371111,20400501,20150501,20410423,20330202,20380101,20340608,20390126,,20180503,20330401,20351226,20370101,20350326,20360101,20460326
20511225,20371228,20290101,20250505,20180317,20210910,20450608,20320326,20381231,20430101,20250501,20450816,20330401,20360924,20280209,20440530,20420515,20370406,20341225,20270614,20450320,20501115,20371126,20400510,20150508,20410501,20330301,20380204,20340907,20390408,,20180504,20330404,20360101,20370106,20350501,20360102,20460501
20511226,20380101,20290212,20250512,20180318,20211015,20450907,20320329,20390408,20430106,20250505,20450830,20330415,20361216,20280214,20440829,20420526,20370608,20341226,20271104,20450406,20510213,20371225,20400517,20150515,20410620,20330505,20380205,20341012,20390411,,20180716,20330502,20360218,20370403,20350503,20360121,20460503
20520101,20380104,20290213,20250701,20180324,20211019,20451012,20320423,20390411,20430327,20250701,20451020,20330526,20361225,20280228,20441226,20420623,20371103,20350101,20271105,20450407,20510214,20380101,20400521,20150522,20411115,20330506,20380423,20341102,20390425,,20180917,20330601,20360411,20370406,20350514,20360206,20460514
20520419,20380201,20290214,20250710,20180325,20211104,20451102,20320506,20390519,20430330,20251001,20451023,20330610,20361226,20280229,20441227,20420815,20371225,20350102,20280103,20450501,20510331,20380118,20401224,20150529,20411120,20330606,20380518,20341115,20390613,,20180924,20330908,20360519,20370501,20350524,20360411,20460801
20520422,20380208,20290215,20250812,20180330,20211105,20451115,20320507,20390530,20430501,20251007,20460101,20330817,20370101,20280501,20450102,20421225,20371228,20350323,20280104,20451102,20510421,20380215,20401225,20150605,20411225,20330815,20380809,20341120,20390801,,20181008,20330909,20360701,20370514,20350815,20360414,20461225
20520530,20380423,20290216,20251023,20180331,20211119,20451130,20320517,20390609,20430507,20251029,20460423,20331021,20370403,20280505,20450407,20421226,20380101,20350521,20280105,20451120,20510501,20380531,20401226,20150612,20411231,20330907,20381027,20341225,20391003,,20181123,20331010,20360804,20370619,20351026,20360425,20461226
20520610,20380426,20290404,20251205,20180401,20220126,20451225,20321224,20391003,20430619,20251225,20460501,20331222,20370406,20280509,20450410,20430101,20380126,20350625,20280106,20451212,20510601,20380705,20410101,20150619,20420101,20330908,20381029,20341229,20391226,,20181224,20340102,20360901,20371224,20351101,20360602,20470101
20521225,20380607,20290430,20251210,20180407,20220301,20451229,20321231,20391226,20431224,20251226,20460803,20331223,20370427,20280526,20450501,20430327,20380308,20350702,20280107,20451225,20510907,20380906,20410418,20150626,20420120,20330909,20390105,20350101,20391227,,20181231,20340216,20361013,20371225,20351224,20361027,20470102
20521226,20381025,20290501,20251231,20180408,20220318,20460101,20330414,20400330,20431225,20260101,20460830,20331226,20370501,20280803,20450529,20430330,20380423,20350903,20280223,20460101,20511012,20381011,20410419,20150703,20420217,20331003,20390124,20350125,20400102,,20190101,20340217,20361111,20371231,20351225,20361225,20470412
20530101,20381227,20290618,20260101,20180414,20220401,20460205,20330415,20400402,20440101,20260217,20461010,20340301,20370616,20280831,20450828,20430501,20380426,20351008,20280308,20460205,20511102,20381111,20410422,20150710,20420218,20340220,20390125,20350205,20400126,,20190102,20340220,20361225,20380101,20351226,20361226,20470415
20530404,20381228,20290924,20260102,20180415,20220414,20460206,20330418,20400501,20440106,20260218,20461011,20340322,20370810,20281017,20451225,20430507,20380427,20351112,20280501,20460319,20511115,20381125,20410501,20150716,20420404,20340221,20390408,20350206,20400330,,20190103,20340221,20361226,20380106,20360101,20370101,20470501
20530407,20390103,20291001,20260303,20180421,20220415,20460323,20330513,20400510,20440415,20260219,20461012,20340407,20370924,20281225,20451226,20430518,20380614,20351225,20280502,20460322,20511225,20390117,20410517,20150717,20420421,20340301,20390502,20350323,20400402,,20190114,20340227,20370101,20380423,20360414,20370102,20470523
20530515,20390104,20291002,20260406,20180422,20220503,20460501,20330526,20400521,20440418,20260403,20461029,20340419,20371216,20290101,20460101,20430623,20381102,20351226,20280508,20460323,20520101,20390221,20410530,20150720,20420423,20340501,20390809,20350501,20400425,,20190211,20340228,20370216,20380426,20360501,20370119,20470603
20530526,20390131,20291003,20260413,20180428,20220516,20460524,20330527,20400531,20440526,20260406,20470101,20340501,20371225,20290130,20460323,20431225,20381227,20360101,20280509,20460501,20520304,20390530,20410610,20150724,20420501,20340505,20391019,20350524,20400611,,20190321,20340404,20370403,20380603,20360522,20370206,20470801
20531225,20390207,20291004,20260414,20180429,20220809,20460907,20330606,20401003,20440624,20260407,20470423,20340518,20380101,20290201,20460326,20440101,20381228,20360102,20280612,20461102,20520305,20390704,20411224,20150731,20420605,20340525,20391115,20350709,20400806,,20190429,20340405,20370518,20380625,20360602,20370403,20471225
20531226,20390408,20291005,20260415,20180505,20220815,20461012,20331226,20401224,20441206,20260501,20470501,20340530,20380322,20290202,20460507,20440415,20390103,20360411,20281106,20461119,20520419,20390905,20411225,20150807,20421120,20340531,20391226,20350907,20401001,,20190503,20340501,20370701,20381224,20360612,20370406,20471226
20540101,20390411,20291231,20260501,20180506,20220816,20461102,20340406,20401225,20441226,20260525,20470724,20340602,20380423,20290213,20460528,20440418,20390126,20360519,20290101,20461212,20520501,20391010,20411226,20150814,20421225,20340606,20400102,20351012,20401225,,20190506,20340619,20370803,20381231,20360815,20370427,20480101
20540327,20390425,20300101,20260505,20180512,20220831,20461115,20340407,20401226,20450106,20260619,20470725,20340817,20380426,20290214,20460827,20440526,20390314,20360624,20290102,20461225,20520620,20391111,20420101,20150821,20421231,20340815,20400213,20351102,20401226,,20190715,20340620,20370907,20390106,20361208,20370601,20480102
20540330,20390606,20300204,20260601,20180513,20221004,20461130,20340410,20401231,20450407,20260701,20470726,20341010,20380427,20290215,20461225,20440606,20390408,20360701,20290103,20470101,20521115,20391124,20420403,20150828,20430101,20340926,20400214,20351115,20410101,,20190812,20340927,20371012,20390408,20361224,20371026,20480403
20540427,20391024,20300205,20260701,20180519,20221024,20461225,20340505,20410101,20450410,20261001,20470830,20341211,20380616,20290216,20461226,20440623,20390411,20360901,20290104,20470204,20521225,20391226,20420404,20150904,20430120,20340927,20400330,20351120,20410128,,20190916,20341009,20371111,20390411,20361225,20371225,20480406
20540507,20391226,20300206,20260729,20180520,20221026,20461231,20340518,20410419,20450501,20261019,20470930,20341212,20380809,20290424,20470101,20440815,20390425,20361013,20290105,20470318,20530101,20400102,20420407,20150911,20430209,20340928,20400501,20351225,20410419,,20190923,20341010,20371225,20390519,20361226,20371228,20480501
20540518,20391227,20300207,20260812,20180526,20221108,20470101,20340519,20410422,20450518,20261225,20471001,20341213,20380924,20290501,20470412,20441101,20390613,20361111,20290108,20470411,20530217,20400116,20420501,20150918,20430210,20341003,20400525,20351231,20410422,,20191014,20350101,20371228,20390606,20370101,20380101,20480514
20541225,20400102,20300208,20261023,20180527,20230126,20470225,20340529,20410501,20450623,20270101,20471002,20341214,20381216,20290515,20470415,20441226,20391101,20361225,20290223,20470412,20530218,20400220,20420515,20150922,20430327,20341009,20400809,20360101,20410425,,20191104,20350207,20380101,20390624,20370106,20380104,20480525
20550101,20400103,20300405,20261207,20180528,20230307,20470226,20340605,20410530,20451206,20270208,20471003,20341215,20381227,20290528,20470506,20450407,20391226,20361226,20290308,20470501,20530404,20400528,20420526,20150923,20430421,20341225,20401008,20360125,20410610,,20191223,20350208,20380215,20391226,20370406,20380125,20481225
20550416,20400130,20300501,20261210,20180602,20230322,20470412,20341225,20410610,20451225,20270209,20471029,20341225,20390321,20290724,20470527,20450410,20391227,20370101,20290309,20470916,20530421,20400704,20421224,20150924,20430423,20350101,20401225,20360225,20410805,,20191231,20350209,20380423,20400106,20370501,20380208,20490101
20550419,20400206,20300605,20261231,20180603,20230330,20470501,20341226,20410620,20451226,20270326,20480101,20350101,20390408,20290831,20470826,20450501,20400102,20370102,20290430,20471118,20530501,20400903,20421225,20150925,20430501,20350207,20410101,20360226,20411007,,20200101,20350212,20380524,20400330,20370514,20380423,20490416
20550427,20400330,20300912,20270101,20180609,20230404,20470613,20350101,20411003,20460101,20270329,20480423,20350208,20390411,20290917,20471225,20450518,20400126,20370403,20290501,20471212,20530605,20401008,20421226,20151002,20430528,20350208,20410201,20360411,20411225,,20200102,20350228,20380701,20400402,20370525,20380426,20490419
20550505,20400402,20300913,20270222,20180610,20230407,20471115,20350322,20411224,20460323,20270405,20480501,20350219,20390427,20291105,20471226,20450529,20400312,20370518,20290509,20471225,20531225,20401112,20430101,20151009,20430907,20350209,20410419,20360421,20411226,,20200103,20350404,20380802,20400501,20370604,20380607,20490527
20550527,20400425,20301001,20270406,20180616,20230414,20471225,20350323,20411225,20460326,20270513,20480519,20350323,20390502,20291225,20480101,20450623,20400330,20370624,20290611,20480101,20540101,20401122,20430326,20151016,20431012,20350301,20410501,20360501,20420101,,20200113,20350405,20380906,20400510,20371026,20381025,20490607
20550607,20400604,20301002,20270413,20180617,20230501,20471231,20350326,20411226,20460501,20270609,20480713,20350409,20390616,20300101,20480403,20450815,20400402,20370701,20290612,20480203,20540209,20401225,20430327,20151023,20431102,20350501,20410514,20360612,20420127,,20200211,20350430,20381011,20400606,20371208,20381227,20500408
20560331,20401022,20301003,20270414,20180623,20230505,20480101,20350420,20411231,20460503,20270701,20480714,20350501,20390809,20300121,20480406,20451101,20400425,20370907,20291105,20480316,20540210,20410101,20430330,20151030,20431120,20350507,20410809,20360709,20420404,,20200320,20350501,20381111,20400622,20371224,20381228,20500411
20560403,20401225,20301004,20270415,20180624,20230629,20480217,20350503,20420101,20460622,20270916,20480918,20350503,20391216,20300122,20480504,20451225,20400611,20371012,20300101,20480402,20540327,20410121,20430501,20151106,20431225,20350515,20410927,20361120,20420407,,20200429,20350611,20381227,20401224,20371225,20390103,20500519
20560427,20401226,20301007,20270503,20180630,20230815,20480218,20350504,20420404,20461206,20271001,20480921,20350522,20391226,20300201,20480525,20451226,20401106,20371111,20300102,20480403,20540421,20410218,20430507,20151113,20431231,20350606,20411023,20361225,20420425,,20200504,20350917,20381228,20401225,20380101,20390104,20500530
20560511,20410101,20310101,20270505,20180701,20230816,20480403,20350514,20420407,20461224,20271008,20481029,20350817,20400102,20300204,20480831,20460101,20401225,20371225,20300103,20480501,20540501,20410527,20430518,20151120,20440101,20350815,20411204,20361231,20420609,,20200505,20351010,20390103,20401226,20380106,20390124,20500801
20560522,20410102,20310122,20270520,20180704,20230918,20480421,20350605,20420501,20461225,20271227,20490101,20351130,20400321,20300205,20481225,20460323,20401226,20371228,20300104,20480916,20540528,20410704,20431224,20151127,20440120,20350917,20411225,20370101,20420804,,20200506,20351231,20390221,20401231,20380426,20390207,20501226
20561225,20410128,20310123,20270701,20180707,20230928,20480501,20351224,20420515,20461226,20280126,20490423,20351203,20400330,20300206,20481228,20460326,20410101,20380101,20300107,20481102,20540907,20410902,20431225,20151204,20440229,20350918,20420101,20370216,20421006,,20200720,20360101,20390408,20410101,20380603,20390408,20510102
20561226,20410206,20310124,20270719,20180708,20231002,20480604,20351225,20420526,20470101,20280127,20490519,20351204,20400402,20300207,20490101,20460501,20410128,20380104,20300108,20481116,20541012,20411014,20440101,20151211,20440301,20351003,20420122,20370217,20421225,,20200811,20360125,20390523,20410419,20380614,20390411,20510331
20570101,20410419,20310127,20270812,20180714,20231024,20480907,20351226,20420605,20470412,20280128,20490701,20351224,20400427,20300501,20490416,20460503,20410311,20380423,20300308,20481201,20541102,20411111,20440414,20151218,20440415,20351009,20420123,20370403,20421226,,20200921,20360128,20390701,20410422,20380624,20390425,20510403
20570420,20410422,20310128,20271025,20180715,20231114,20481012,20351231,20421003,20470415,20280404,20490702,20351225,20400501,20300516,20490419,20460514,20410419,20380524,20300501,20481225,20541225,20411128,20440415,20151225,20440421,20351225,20420404,20370421,20430101,,20200922,20360129,20390801,20410501,20381026,20390606,20510501
20570423,20410425,20310407,20271206,20180721,20231127,20481102,20360101,20421224,20470501,20280414,20490830,20360101,20400809,20300916,20490503,20460815,20410422,20380624,20300502,20490101,20550101,20411225,20440418,20160101,20440616,20360101,20420501,20370501,20430126,,20201012,20360130,20390905,20410530,20381101,20391024,20510511
20570427,20410603,20310501,20271210,20180722,20231225,20481130,20360410,20421225,20470523,20280417,20490908,20360128,20400924,20301225,20490531,20461101,20410425,20380701,20300503,20490201,20550301,20420101,20440517,20160108,20440907,20360128,20420602,20370604,20430327,,20201103,20360228,20391010,20410606,20381208,20391226,20510522
20570531,20411028,20310502,20271231,20180728,20240126,20481225,20360411,20421226,20470621,20280501,20490909,20360208,20401217,20310101,20490830,20461225,20410610,20380906,20300509,20490315,20550302,20420120,20440526,20160115,20441012,20360129,20420916,20370709,20430330,,20201123,20360229,20391111,20410621,20381224,20391227,20510801
20570611,20411225,20310623,20280103,20180729,20240219,20481231,20360414,20421231,20471206,20280502,20490910,20360228,20401225,20310123,20491227,20461226,20411105,20381011,20300510,20490415,20550416,20420217,20440606,20160122,20441102,20360130,20421111,20370907,20430608,,20201223,20360403,20391226,20411224,20390106,20400102,20511225
20571225,20411226,20310624,20280210,20180804,20240308,20490101,20360509,20430101,20471224,20280529,20491029,20360328,20401226,20310124,20491228,20470101,20411225,20381111,20300612,20490416,20550421,20420526,20441226,20160129,20441115,20360409,20421124,20371012,20430803,,20201231,20360404,20391227,20411225,20390411,20400103,20511226
20571226,20420101,20311001,20280406,20180805,20240325,20490301,20360522,20430327,20471225,20281002,20500519,20360411,20410101,20310127,20500103,20470412,20411226,20381227,20301104,20490916,20550617,20420704,20450406,20160205,20441230,20360501,20421225,20371102,20431005,,20210101,20360501,20400102,20411226,20390519,20400123,20520101
20580101,20420102,20311002,20280413,20180811,20240329,20490302,20360523,20430330,20471226,20281004,20500620,20360501,20410321,20310206,20500408,20470415,20420101,20381228,20310101,20491102,20550907,20420901,20450407,20160212,20450120,20360505,20430101,20371120,20431225,,20210111,20360502,20400220,20411231,20390530,20400206,20520102
20580412,20420127,20311003,20280414,20180812,20240401,20490416,20360602,20430501,20480101,20281026,20500621,20360509,20410419,20310403,20500411,20470501,20420127,20390103,20310102,20491115,20551012,20421013,20450410,20160219,20450220,20360606,20430210,20371225,20431228,,20210211,20360530,20400330,20420101,20390609,20400330,20520419
20580415,20420206,20311006,20280501,20180818,20240409,20490421,20360605,20430507,20480106,20281225,20500622,20360522,20410422,20310423,20500502,20470523,20420310,20390104,20310103,20500207,20551102,20421111,20450501,20160226,20450221,20360815,20430211,20371231,20440101,,20210429,20361003,20400521,20420106,20390815,20400402,20520422
20580523,20420404,20311007,20280505,20180819,20240411,20490617,20361224,20430518,20480403,20281226,20500829,20360918,20410501,20310501,20500530,20470603,20420404,20390408,20310106,20500321,20551115,20421127,20450517,20160304,20450407,20361003,20430327,20380101,20440126,,20210503,20361010,20400702,20420404,20391026,20400425,20520501
20580603,20420407,20311008,20280508,20180825,20240417,20490907,20361225,20430528,20480406,20290101,20500830,20361118,20410617,20310506,20500829,20470815,20420407,20390523,20310107,20500407,20560214,20421225,20450518,20160311,20450421,20361006,20430501,20380125,20440415,,20210504,20370101,20400806,20420407,20391101,20400604,20520530
20581225,20420425,20320101,20280706,20180826,20240501,20491012,20361226,20431224,20480501,20290213,20500831,20361119,20410809,20310702,20501226,20471101,20420425,20390624,20310108,20500408,20560215,20430101,20450529,20160318,20450501,20361009,20430810,20380308,20440418,,20210505,20370102,20400903,20420501,20391208,20401022,20520610
20581226,20420602,20320102,20280814,20180901,20240523,20491102,20361231,20431225,20480514,20290214,20510501,20361120,20410924,20310901,20501227,20471225,20420609,20390701,20310310,20500916,20560331,20430119,20451225,20160325,20450608,20361225,20431112,20380309,20440425,,20210719,20370212,20401008,20420515,20391226,20401225,20520801
20590101,20421027,20320210,20281023,20180902,20240617,20491115,20370101,20431231,20480619,20290215,20510519,20361121,20411216,20310916,20510102,20471226,20421104,20390905,20310501,20501102,20560421,20430216,20451226,20160401,20450907,20370101,20431225,20380421,20440613,,20210811,20370213,20401112,20420606,20400106,20401226,20521225
20590328,20421225,20320211,20281205,20180903,20240717,20491130,20370402,20440101,20481224,20290330,20510612,20361225,20411225,20311114,20510331,20480101,20421225,20391010,20310502,20501121,20560501,20430525,20460101,20160408,20451012,20370216,20440101,20380423,20440801,,20210920,20370216,20401225,20420620,20400402,20410101,20521226
20590331,20421226,20320212,20281211,20180908,20240815,20491231,20370403,20440415,20481225,20290402,20510817,20370101,20411226,20311225,20510403,20480403,20421226,20391111,20310509,20501212,20560601,20430907,20460322,20160415,20451102,20370217,20440201,20380624,20441003,,20210923,20370217,20401226,20421224,20400501,20410102,20530101
20590508,20430101,20320213,20290101,20180909,20240916,20500221,20370406,20440418,20490101,20290404,20510818,20370126,20420101,20320101,20510501,20480406,20430101,20391226,20310612,20510206,20560907,20431012,20460323,20160422,20451115,20370501,20440415,20380709,20441226,,20211011,20370227,20410101,20421225,20400510,20410121,20530102
20590519,20430102,20320216,20290102,20180915,20241002,20500222,20370501,20440526,20490106,20290501,20510830,20370127,20420321,20320102,20510529,20480501,20430126,20391227,20310613,20510320,20561012,20431111,20460326,20160429,20451120,20370505,20440502,20380907,20441227,,20211103,20370402,20410218,20421226,20400521,20410206,20530404
20591225,20430126,20320405,20290227,20180916,20241101,20500408,20370514,20440606,20490416,20290521,20520101,20370216,20420404,20320114,20510828,20480514,20430309,20400102,20311103,20510330,20561102,20431126,20460501,20160506,20451225,20370522,20440512,20381012,20450102,,20211123,20370403,20410419,20421231,20400531,20410419,20530407
20591226,20430206,20320503,20290406,20180922,20241115,20500421,20370515,20440616,20490419,20290702,20520423,20370317,20420407,20320115,20511225,20480525,20430327,20400103,20311104,20510331,20561115,20431225,20460503,20160513,20451229,20370923,20440809,20381102,20450126,,20211223,20370501,20410520,20430101,20400815,20410422,20530501
20600101,20430327,20320614,20290413,20180923,20241225,20500609,20370525,20441003,20490527,20290924,20520501,20370403,20420428,20320127,20511226,20480623,20430330,20400330,20320101,20510501,20561225,20440101,20460514,20160520,20460101,20370924,20440824,20381115,20450407,,20211231,20370618,20410701,20430106,20401026,20410425,20530515
20600416,20430330,20320920,20290416,20180929,20250219,20500907,20370605,20441226,20490625,20291001,20520529,20370428,20420501,20320202,20520101,20481225,20430608,20400521,20320102,20511102,20570101,20440118,20460517,20160527,20460205,20370925,20441020,20381231,20450410,,20220103,20370619,20410805,20430327,20401101,20410603,20530526
20600419,20430427,20321001,20290501,20180930,20250226,20501012,20371224,20450407,20491206,20291016,20520530,20370501,20420616,20320211,20520419,20490101,20431103,20400625,20320105,20511120,20570305,20440215,20461224,20160603,20460206,20371009,20441031,20390125,20450425,,20220110,20370924,20410902,20430330,20401224,20411028,20530801
20600427,20430601,20321004,20290507,20181006,20250314,20501102,20371225,20450410,20491224,20291225,20520531,20370514,20420924,20320212,20520422,20490416,20431225,20400702,20320106,20511212,20570306,20440530,20461225,20160610,20460323,20371223,20441226,20390221,20450612,,20220211,20370925,20411014,20430501,20401225,20411225,20531225
20600505,20431026,20321005,20290528,20181007,20250331,20501115,20371231,20450501,20500106,20291226,20520805,20370529,20421216,20320322,20520506,20490419,20431228,20400903,20320107,20511225,20570420,20440704,20461226,20160617,20460423,20371225,20450102,20390222,20450807,,20220321,20371009,20411111,20430507,20401226,20411226,20531226
20600527,20431225,20321006,20290725,20181008,20250401,20501130,20380101,20450518,20500408,20300101,20520806,20370817,20421225,20320412,20520527,20490527,20440101,20401008,20320108,20520101,20570501,20440905,20470101,20160624,20460501,20380101,20450217,20390408,20451002,,20220429,20380101,20411225,20430619,20410101,20420101,20540101
20600607,20431228,20321007,20290813,20181013,20250410,20501230,20380422,20450529,20500411,20300204,20520807,20370908,20421226,20320524,20520826,20490607,20440126,20401112,20320109,20520205,20570621,20441010,20470411,20160701,20460524,20380203,20450407,20390421,20451225,,20220503,20380203,20411226,20431224,20410422,20420102,20540102
20610408,20440101,20330103,20291023,20181014,20250414,20510213,20380423,20450608,20500519,20300205,20520808,20371109,20430101,20320621,20521225,20490623,20440314,20401225,20320223,20520318,20570907,20441111,20470412,20160705,20460907,20380204,20450501,20390609,20451226,,20220504,20380204,20420101,20431225,20410501,20420120,20540327
20610411,20440104,20330131,20291205,20181020,20250418,20510214,20380426,20451003,20500624,20300206,20520830,20371110,20430327,20320831,20521226,20491101,20440415,20401226,20320308,20520418,20571012,20441124,20470415,20160706,20461012,20380205,20450531,20390907,20460101,,20220505,20380205,20420217,20431231,20410530,20420206,20540330
20610427,20440201,20330201,20291210,20181021,20250501,20510331,20380521,20451225,20501206,20300405,20521029,20371111,20430330,20320916,20530101,20500408,20440418,20410101,20320503,20520419,20571102,20441226,20470501,20160707,20461102,20380301,20450809,20391012,20460126,,20220718,20380208,20420404,20440101,20410610,20420404,20540501
20610519,20440208,20330202,20291231,20181027,20250512,20510421,20380603,20451226,20501226,20300419,20530101,20371112,20430427,20321102,20530404,20500411,20440425,20410102,20320504,20520501,20571115,20450102,20470517,20160708,20461115,20380505,20450814,20391102,20460323,,20220811,20380301,20420519,20440106,20410620,20420407,20540507
20610530,20440415,20330203,20300101,20181028,20250815,20510501,20380604,20460101,20510106,20300422,20530423,20371225,20430501,20321220,20530407,20500519,20440613,20410419,20320510,20520916,20571225,20450116,20470523,20160715,20461120,20380511,20451108,20391115,20460326,,20220919,20380405,20420701,20440415,20410815,20420425,20540518
20611226,20440418,20330204,20300218,20181103,20250827,20510601,20380614,20460323,20510331,20300501,20530501,20380101,20430616,20330103,20530505,20500530,20441101,20410520,20320614,20521118,20580101,20450220,20470603,20160722,20461225,20380602,20451225,20391230,20460425,,20220923,20380406,20420804,20440418,20411101,20420602,20541225
20620324,20440425,20330404,20300408,20181104,20250905,20510907,20381224,20460326,20510403,20300509,20530519,20380204,20430810,20330104,20530526,20500623,20441226,20410624,20321104,20521212,20580225,20450529,20471224,20160729,20461231,20380913,20460101,20400125,20460611,,20221010,20380430,20420901,20440526,20411224,20421027,20550101
20620327,20440606,20330502,20300415,20181110,20251002,20511012,20381231,20460501,20510501,20300605,20530520,20380205,20430924,20330131,20530825,20500815,20441227,20410701,20321105,20521225,20580226,20450704,20471225,20160805,20470101,20380914,20460206,20400213,20460806,,20221103,20380607,20421013,20440606,20411225,20421225,20550416
20620427,20441024,20330601,20300416,20181111,20251021,20511102,20390407,20460503,20510511,20300701,20530521,20380405,20431216,20330201,20531225,20501101,20450102,20410902,20330103,20530101,20580412,20450904,20471226,20160812,20470225,20380915,20460207,20400214,20461001,,20221123,20380913,20421111,20440624,20411226,20421226,20550419
20620504,20441226,20330908,20300501,20181112,20251022,20511115,20390408,20460514,20510623,20300913,20530728,20380423,20431225,20330202,20531226,20501226,20450126,20411014,20330104,20530203,20580501,20451009,20480101,20160819,20470226,20390124,20460323,20400330,20461225,,20221223,20381011,20421225,20441226,20420101,20430101,20550527
20620515,20441227,20330909,20300506,20181117,20251105,20511130,20390411,20460524,20511206,20301001,20530729,20380519,20440101,20330401,20540101,20510331,20450313,20411111,20330105,20530317,20580613,20451123,20480402,20160826,20470412,20390125,20460501,20400501,20461226,,20230102,20381231,20421226,20450106,20420106,20430102,20550607
20621225,20450102,20331003,20300516,20181118,20251225,20511225,20390506,20461003,20511225,20301225,20531029,20380603,20440321,20330502,20540327,20510403,20450407,20411225,20330106,20530403,20581115,20451225,20480403,20160902,20470423,20390126,20460521,20400531,20470101,,20230103,20390121,20430101,20450407,20420407,20430119,20560331
20621226,20450103,20331004,20300701,20181122,20260126,20511229,20390519,20461224,20511226,20301226,20540101,20380817,20440415,20330513,20540330,20510501,20450410,20411226,20330107,20530404,20581225,20460101,20480406,20160908,20470501,20390301,20460809,20400709,20470128,,20230109,20390124,20430216,20450410,20420501,20430206,20560403
20630101,20450130,20331005,20300715,20181124,20260219,20520101,20390520,20461225,20520101,20310101,20540423,20381028,20440418,20330610,20540504,20510511,20450425,20420101,20330223,20530501,20590101,20460115,20480501,20160909,20470613,20390505,20461010,20400907,20470412,,20230321,20390125,20430327,20450501,20420515,20430327,20560501
20630413,20450206,20331006,20300812,20181125,20260303,20520304,20390530,20461226,20520419,20310123,20540501,20381029,20440427,20330831,20540525,20510522,20450612,20420102,20330307,20530916,20590210,20460219,20480514,20160912,20471115,20390606,20461029,20401012,20470415,,20230503,20390126,20430518,20450518,20420526,20430330,20560511
20630416,20450407,20331007,20301023,20181201,20260319,20520305,20391226,20461231,20520422,20310124,20540511,20381101,20440502,20330916,20540831,20510623,20451107,20420404,20330308,20531117,20590211,20460528,20480525,20160916,20471120,20390815,20461225,20401102,20470425,,20230504,20390228,20430701,20450606,20420605,20430427,20560522
20630427,20450410,20340102,20301205,20181202,20260326,20520419,20400329,20470101,20520501,20310411,20540519,20381224,20440616,20331209,20541225,20510815,20451225,20420519,20330502,20531212,20590328,20460704,20481224,20160922,20471225,20391003,20470101,20401115,20470610,,20230505,20390404,20430803,20450623,20420815,20430601,20560801
20630524,20450425,20340220,20301210,20181208,20260331,20520501,20400330,20470412,20520530,20310414,20540715,20390105,20440809,20331223,20541228,20511101,20451226,20420624,20330503,20531225,20590421,20460903,20481225,20160923,20471231,20391004,20470128,20401120,20470805,,20230717,20390405,20430907,20451225,20421208,20431026,20561225
20630604,20450605,20340221,20301231,20181209,20260401,20520620,20400402,20470415,20520621,20310501,20540716,20390124,20441216,20331226,20550101,20511225,20460101,20420701,20330509,20540101,20590501,20461008,20490101,20160930,20480101,20391005,20470412,20401225,20471007,,20230811,20390502,20431012,20451226,20421224,20431225,20561226
20631225,20451023,20340222,20310101,20181215,20260403,20521115,20400427,20470501,20521206,20310528,20540717,20390126,20441226,20340102,20550416,20511226,20460126,20420901,20330613,20540202,20590529,20461112,20490415,20161007,20480120,20400213,20470501,20401231,20471225,,20230918,20390527,20431111,20460101,20421225,20431228,20570101
20631226,20451225,20340223,20310307,20181216,20260414,20521225,20400510,20470523,20521224,20310624,20541029,20390325,20450102,20340201,20550419,20520101,20460312,20421013,20331104,20540316,20591225,20461122,20490416,20161014,20480217,20400214,20470509,20410101,20471226,,20231009,20391003,20431225,20460323,20421226,20440101,20570102
20640101,20451226,20340224,20310407,20181222,20260501,20521231,20400511,20470603,20521225,20310701,20550101,20390406,20450321,20340202,20550503,20520419,20460323,20421111,20340102,20540326,20600101,20461225,20490419,20161021,20480218,20400301,20470724,20410125,20480101,,20231103,20391010,20431228,20460326,20430101,20440104,20570420
20640404,20460101,20340405,20310414,20181223,20260528,20530101,20400521,20470613,20521226,20311001,20550423,20390408,20450407,20340220,20550531,20520422,20460326,20421225,20340103,20540327,20600301,20470101,20490517,20161028,20480403,20400411,20470809,20410304,20480127,,20231123,20400102,20440101,20460501,20430106,20440125,20570423
20640407,20460102,20340501,20310415,20181225,20260626,20530217,20400605,20471003,20530101,20311002,20550428,20390519,20450410,20340221,20550830,20520501,20460425,20421226,20340104,20540501,20600302,20470121,20490527,20161104,20480421,20400501,20470930,20410305,20480403,,20240101,20400209,20440215,20460503,20430330,20440208,20570501
20640515,20460129,20340619,20310501,20181229,20260826,20530218,20401224,20471224,20530106,20311024,20550429,20390817,20450427,20340301,20551227,20520530,20460611,20430101,20340105,20540916,20600416,20470218,20490607,20161111,20480423,20400507,20471018,20410419,20480406,,20240102,20400210,20440415,20460606,20430501,20440415,20570531
20640526,20460206,20340620,20310505,20181230,20260914,20530404,20401225,20471225,20530404,20311225,20550430,20390818,20450501,20340322,20551228,20520610,20461106,20430102,20340106,20541102,20600421,20470527,20491224,20161118,20480501,20400518,20471225,20410501,20480608,,20240103,20400213,20440523,20460622,20430507,20440418,20570611
20641225,20460323,20340927,20310604,20190101,20261002,20530421,20401226,20471226,20530407,20311226,20550519,20391018,20450616,20340501,20560103,20520815,20461225,20430327,20340223,20541116,20600617,20470704,20500407,20161125,20480604,20400606,20480101,20410620,20480803,,20240108,20400214,20440701,20461224,20430518,20440425,20570801
20641226,20460326,20341002,20310701,20190105,20261020,20530501,20401231,20471231,20530501,20320101,20550705,20391019,20450809,20340503,20560331,20521101,20461226,20430518,20340308,20541201,20600907,20470902,20500408,20161202,20480907,20400815,20480214,20410709,20481005,,20240212,20400227,20440801,20461225,20430528,20440606,20571225
,20460425,20341003,20310804,20190106,20261110,20530605,20410101,20480101,20530515,20320211,20550706,20391020,20450925,20340530,20560403,20521225,20470101,20430624,20340501,20541225,20601012,20471014,20500411,20161209,20481012,20400920,20480403,20411115,20481225,,20240320,20400228,20440905,20461226,20431026,20441024,20571226
,20460604,20341004,20310812,20190112,20261124,20531225,20410418,20480403,20530620,20320212,20550707,20391021,20451225,20340831,20560501,20521226,20470128,20430701,20340502,20550101,20601102,20471111,20500517,20161216,20481102,20400921,20480501,20411120,20481228,,20240429,20400403,20441010,20461231,20431208,20441226,20580101
,20461022,20341005,20311023,20190113,20261225,20531231,20410419,20480406,20531224,20320213,20550708,20391226,20451226,20341109,20560529,20530101,20470311,20430907,20340508,20550201,20601115,20471128,20500519,20161223,20481120,20401003,20480527,20411225,20490101,,20240503,20400404,20441111,20470101,20431224,20441227,20580102
,20461225,20341006,20311205,20190119,20270126,20540101,20410422,20480501,20531225,20320326,20550830,20400314,20460101,20341128,20560828,20530404,20470412,20431012,20340509,20550315,20610221,20471225,20500530,20161230,20481225,20401009,20480713,20411231,20490126,,20240506,20400430,20441226,20470412,20431225,20450102,20580412
,20461226,20350101,20311210,20190120,20270219,20540209,20410517,20480514,20531226,20320329,20551029,20400330,20460321,20341212,20561225,20530407,20470415,20431111,20340612,20550415,20610222,20480101,20501226,20170106,20481231,20401225,20480810,20420101,20490416,,20240715,20400501,20441227,20470415,20440101,20450103,20580415
,20470101,20350207,20311231,20190121,20270310,20540210,20410530,20480525,20540101,20320405,20560417,20400501,20460323,20341213,20561226,20530501,20470425,20431225,20341106,20550416,20610408,20480120,20510330,20170113,20490101,20410101,20481105,20420217,20490419,,20240812,20400614,20450102,20470501,20440106,20450123,20580501
,20470102,20350208,20320101,20190126,20270322,20540327,20410531,20480604,20540106,20320517,20560418,20400510,20460326,20341225,20570101,20530515,20470610,20431228,20350101,20550916,20610421,20480217,20510331,20170120,20490120,20410131,20481225,20420218,20490426,,20240916,20400615,20450220,20470523,20440418,20450206,20580523
,20470128,20350209,20320102,20190127,20270326,20540421,20410605,20481224,20540327,20320701,20560501,20400806,20460427,20350101,20570420,20530526,20471105,20440101,20350102,20551102,20610609,20480525,20510403,20170127,20490301,20410201,20490101,20420404,20490614,,20240923,20400920,20450407,20470606,20440526,20450407,20580603
,20470206,20350212,20320225,20190202,20270401,20540501,20410610,20481225,20540330,20320920,20560519,20400817,20460501,20350124,20570423,20530623,20471225,20440104,20350103,20551115,20610907,20480907,20510501,20170203,20490302,20410301,20490202,20420421,20490802,,20241014,20400921,20450522,20470621,20440606,20450410,20580801
,20470412,20350213,20320406,20190203,20270407,20540528,20411224,20481231,20540501,20321001,20560623,20401008,20460809,20350201,20570507,20530815,20471226,20440415,20350104,20560207,20611012,20481012,20510511,20170210,20490416,20410501,20490203,20420501,20491004,,20241104,20401010,20450703,20471224,20440616,20450425,20581225
,20470415,20350405,20320413,20190209,20270414,20540907,20411225,20490101,20540507,20321012,20560626,20401009,20460924,20350208,20570528,20531225,20480101,20440523,20350105,20560320,20611102,20481111,20510517,20170217,20490421,20410506,20490416,20420605,20491227,,20241223,20401231,20450807,20471225,20440815,20450605,20581226
,20470425,20350406,20320414,20190210,20270415,20541012,20411226,20490416,20540619,20321227,20560830,20401010,20461217,20350209,20570827,20531226,20480127,20440624,20350108,20560330,20611115,20481126,20510522,20170224,20490423,20410507,20490517,20420709,20491228,,20241231,20410101,20450904,20471226,20441026,20451023,20590101
,20470603,20350430,20320415,20190216,20270419,20541102,20411231,20490419,20541224,20330131,20570101,20401224,20461225,20350219,20571225,20540101,20480309,20440701,20350223,20560331,20620206,20481225,20511225,20170303,20490617,20410606,20490701,20421120,20500103,,20250101,20410131,20451009,20471231,20441101,20451225,20590102
,20471028,20350501,20320503,20190217,20270517,20541130,20420101,20490527,20541225,20330201,20570405,20401225,20461226,20350312,20571226,20540327,20480403,20440905,20350308,20560501,20620207,20490101,20511226,20170310,20490907,20410815,20490809,20421225,20500126,,20250102,20410201,20451113,20480101,20441208,20451226,20590328
,20471225,20350611,20320505,20190218,20270520,20541225,20420403,20490607,20550101,20330202,20570406,20410101,20470101,20350501,20580101,20540330,20480406,20441010,20350309,20561102,20620324,20490118,20520101,20170317,20491012,20410909,20490908,20421231,20500408,,20250103,20410204,20451225,20480106,20441226,20460101,20590331
,20471226,20350917,20320524,20190223,20270616,20541231,20420404,20490617,20550106,20330404,20570423,20410104,20470321,20350521,20580412,20540501,20480608,20441111,20350430,20561120,20620421,20490215,20520418,20170324,20491102,20410910,20491025,20430101,20500411,,20250113,20410205,20451226,20480403,20450106,20460102,20590501
,20480101,20351001,20320701,20190224,20271029,20550101,20420407,20491224,20550416,20330415,20570501,20410201,20470412,20350522,20580415,20540507,20481103,20441226,20350501,20561212,20620501,20490531,20520419,20170331,20491115,20410911,20500124,20430209,20500425,,20250211,20410228,20460101,20480406,20450410,20460122,20590508
,20480102,20351002,20320722,20190302,20280126,20550301,20420502,20491231,20550419,20330418,20570613,20410315,20470415,20350831,20580506,20540518,20481225,20441227,20350509,20561225,20620525,20490705,20520422,20170407,20491231,20411003,20500125,20430210,20500613,,20250320,20410301,20460219,20480501,20450501,20460206,20590519
,20480127,20351003,20320812,20190303,20280223,20550302,20420515,20500408,20550527,20330502,20570614,20410402,20470501,20350917,20580527,20540623,20481228,20450102,20350611,20570101,20620907,20490906,20520501,20170414,20500120,20411009,20500408,20430327,20500801,,20250429,20410404,20460323,20480514,20450518,20460323,20590801
,20480206,20351004,20321025,20190309,20280327,20550416,20420516,20500411,20550625,20330506,20570615,20410419,20470617,20351030,20580826,20541225,20490101,20450103,20350612,20570205,20621012,20491011,20520517,20170421,20500221,20411225,20500502,20430421,20501003,,20250505,20410405,20460521,20480619,20450529,20460326,20591225
,20480403,20351005,20321206,20190310,20280403,20550421,20420526,20500519,20551206,20330601,20570830,20410501,20470809,20351203,20581225,20550101,20490126,20450407,20351105,20570319,20621102,20491111,20520530,20170428,20500222,20420101,20500505,20430501,20501226,,20250506,20410501,20460702,20481224,20450608,20460425,20591226
,20480406,20351231,20321210,20190316,20280407,20550617,20420605,20500530,20551224,20330701,20571029,20410516,20470924,20351225,20581226,20550416,20490308,20450522,20360101,20570419,20621115,20491125,20520610,20170505,20500408,20420121,20500621,20430528,20501227,,20250721,20410603,20460806,20481225,20450815,20460604,20600101
,20480427,20360101,20321231,20190317,20280414,20550907,20421224,20500609,20560106,20330909,20580101,20410530,20471216,20360101,20590101,20550419,20490416,20450623,20360102,20570420,20621225,20500117,20521224,20170512,20500421,20420122,20500809,20430709,20510102,,20250811,20410909,20460903,20481231,20451026,20461022,20600102
,20480601,20360128,20330103,20190323,20280501,20551012,20421225,20501003,20560331,20331226,20580325,20410726,20471225,20360128,20590328,20550527,20490419,20450703,20360103,20570501,20630101,20500221,20521225,20170519,20500609,20420123,20500829,20430907,20510126,,20250915,20410910,20461008,20490101,20451101,20461225,20600416
,20481026,20360129,20330214,20190324,20280508,20551102,20421226,20501226,20560403,20331227,20580326,20410926,20471226,20360129,20590331,20550607,20490426,20450904,20360104,20571102,20630226,20500530,20521226,20170526,20500907,20420501,20501114,20431012,20510331,,20250923,20411010,20461112,20490106,20451208,20461226,20600419
,20481225,20360130,20330406,20190330,20280804,20551115,20421231,20510331,20560501,20340102,20580327,20410927,20480101,20360201,20590505,20550623,20490614,20451009,20360107,20571119,20630227,20500704,20530101,20170602,20501012,20420505,20501226,20431102,20510403,,20251013,20411011,20461225,20490416,20451225,20470101,20600527
,20481228,20360131,20330413,20190331,20280814,20551130,20430101,20510403,20560511,20340220,20580423,20410930,20480403,20360208,20590526,20551101,20491102,20451113,20360108,20571212,20630413,20500905,20530403,20170609,20501102,20420526,20510102,20431120,20510425,,20251103,20420101,20461226,20490419,20451226,20470102,20600607
,20490101,20360201,20330414,20190406,20280815,20551231,20430326,20510501,20560623,20340221,20580501,20411204,20480406,20360211,20590825,20560331,20491227,20451225,20360310,20571225,20630501,20501010,20530404,20170616,20501115,20420604,20510213,20431225,20510612,,20251124,20420120,20470101,20490527,20460101,20470121,20610408
,20490104,20360404,20330415,20190407,20280823,20560214,20430327,20510511,20561206,20340222,20580603,20411225,20480427,20360229,20591225,20560403,20491228,20451226,20360501,20580101,20630614,20501111,20530407,20170622,20501230,20420606,20510331,20431231,20510807,,20251223,20420121,20470218,20490625,20460326,20470206,20610411
,20490201,20360501,20330502,20190413,20280927,20560215,20430330,20510522,20561225,20340405,20580604,20420101,20480501,20360501,20591226,20560501,20500103,20460101,20360502,20580204,20630907,20501124,20530501,20170623,20510120,20420815,20510501,20440101,20511002,,20251231,20420122,20470412,20491224,20460501,20470412,20610519
,20490208,20360502,20330505,20190414,20281002,20560331,20430424,20510601,20561226,20340407,20580605,20420122,20480616,20360509,20600101,20560511,20500126,20460102,20360509,20580318,20631012,20501226,20530515,20170626,20510213,20420929,20510524,20440125,20511225,,20260101,20420123,20470520,20491231,20460503,20470415,20610530
,20490416,20360530,20330513,20190419,20281017,20560421,20430507,20511003,20570101,20340410,20580830,20420304,20480810,20360901,20600416,20560522,20500314,20460323,20360612,20580411,20631102,20510102,20530526,20170630,20510214,20420930,20510809,20440229,20511226,,20260102,20420124,20470701,20500106,20460514,20470425,20610801
,20490419,20361001,20330701,20190420,20281019,20560501,20430508,20511225,20570420,20340501,20581029,20420404,20480924,20360916,20600419,20560623,20500408,20460521,20360613,20580412,20631115,20510116,20531224,20170707,20510331,20421003,20510817,20440301,20520101,,20260112,20420228,20470805,20500408,20460524,20470603,20611226
,20490426,20361002,20330711,20190421,20281102,20560601,20430518,20511226,20570423,20340525,20590101,20420501,20481216,20361106,20600503,20560815,20500411,20460625,20361103,20580501,20631225,20510220,20531225,20170714,20510421,20421009,20511102,20440415,20520126,,20260211,20420403,20470902,20500411,20460815,20471028,20620102
,20490607,20361003,20330812,20190427,20281225,20560907,20430605,20520101,20570501,20340620,20590317,20420515,20481225,20361119,20600531,20561101,20500425,20460702,20361104,20580916,20640101,20510529,20531226,20170721,20510501,20421217,20511225,20440421,20520419,,20260320,20420404,20471014,20500519,20461026,20471225,20620324
,20491025,20361006,20331024,20190428,20290126,20561012,20431224,20520419,20570531,20340928,20590423,20420604,20490101,20361120,20600830,20561225,20500613,20460903,20370101,20581118,20640218,20510704,20540101,20170728,20510601,20421225,20520101,20440616,20520422,,20260429,20420501,20471111,20500606,20461101,20471226,20620327
,20491227,20361007,20331205,20190504,20290215,20561102,20431225,20520422,20570622,20341002,20590501,20420715,20490322,20361225,20601227,20561226,20501101,20461008,20370102,20581212,20640219,20510904,20540326,20170804,20510907,20430101,20520201,20440907,20520425,,20260504,20420502,20471225,20500624,20461224,20480101,20620501
,20491228,20361008,20331212,20190505,20290219,20561115,20431231,20520501,20571206,20341020,20590519,20420915,20490416,20370101,20601228,20570101,20501226,20461112,20370105,20581225,20640404,20511009,20540327,20170811,20511012,20430209,20520202,20441012,20520610,,20260505,20420623,20471226,20501226,20461225,20480102,20620504
,20500103,20370101,20340102,20190511,20290301,20561130,20440101,20520530,20571224,20341225,20590522,20420916,20490419,20370127,20610103,20570420,20501227,20461225,20370106,20590101,20640421,20511123,20540330,20170818,20511102,20430210,20520419,20441102,20520805,,20260506,20420929,20480101,20510106,20461226,20480120,20620515
,20500104,20370102,20340306,20190512,20290316,20561225,20440414,20520610,20571225,20341226,20590523,20420917,20490427,20370202,20610408,20570423,20510102,20461226,20370107,20590203,20640501,20511225,20540501,20170825,20511115,20430211,20520501,20441115,20521007,,20260720,20421010,20480217,20510331,20470101,20480206,20620801
,20500131,20370216,20340406,20190518,20290330,20561229,20440415,20520620,20571226,20350101,20591029,20420918,20490616,20370216,20610411,20570501,20510126,20470101,20370108,20590317,20640605,20520101,20540507,20170831,20511120,20430501,20520513,20441230,20521225,,20260811,20430101,20480403,20510403,20470415,20480403,20621225
,20500207,20370217,20340413,20190519,20290402,20570101,20440418,20521003,20580101,20350208,20600101,20420919,20490809,20370217,20610502,20570531,20510313,20470102,20370109,20590327,20641225,20520115,20540518,20170901,20511225,20430505,20520530,20450125,20521226,,20260921,20430102,20480518,20510501,20470501,20480406,20621226
,20500408,20370218,20340414,20190525,20290423,20570305,20440513,20521224,20580412,20350209,20600304,20421225,20490924,20370218,20610530,20570611,20510331,20470412,20370223,20590328,,20520219,20541224,20170904,20511229,20430916,20520805,20450220,20530101,,20260922,20430209,20480701,20510511,20470523,20480427,20630101
,20500411,20370219,20340501,20190526,20290425,20570306,20440526,20521225,20580415,20350323,20600305,20430101,20491216,20370428,20610829,20570815,20510403,20470520,20370309,20590501,,20520527,20541225,20170908,20520101,20430917,20520809,20450221,20530127,,20260923,20430210,20480803,20510606,20470603,20480601,20630102
,20500425,20370220,20340505,20190527,20290426,20570420,20440527,20521226,20580501,20350326,20600423,20430210,20491227,20370501,20611226,20571101,20510425,20470624,20370501,20590916,,20520704,20550101,20170915,20520304,20430918,20521021,20450407,20530404,,20261012,20430211,20480907,20510623,20470613,20481026,20630413
,20500606,20370406,20340601,20190601,20290501,20570501,20440606,20521231,20580523,20350405,20600510,20430327,20500321,20370529,20611227,20571225,20510612,20470701,20370504,20591117,,20520902,20550415,20170922,20520305,20431009,20521225,20450421,20530407,,20261103,20430212,20481012,20511225,20470815,20481225,20630416
,20501024,20370501,20340731,20190602,20290525,20570621,20441226,20530101,20580621,20350501,20600511,20430410,20500408,20370831,20620102,20571226,20511107,20470902,20370511,20591212,,20521014,20550416,20170929,20520419,20431225,20530101,20450501,20530425,,20261123,20430213,20481111,20511226,20471101,20481228,20630501
,20501226,20370618,20340814,20190608,20290725,20570907,20450406,20530404,20581206,20350515,20600512,20430501,20500411,20370916,20620324,20580101,20511225,20471014,20370612,20591225,,20521111,20550419,20171006,20520423,20440101,20530219,20450608,20530609,,20261223,20430227,20481225,20520101,20471224,20490101,20630524
,20501227,20370619,20341023,20190609,20290814,20571012,20450407,20530407,20581224,20350611,20600513,20430507,20500427,20371026,20620327,20580412,20511226,20471111,20371104,20600101,,20521128,20550517,20171013,20520501,20440129,20530220,20450907,20530804,,20261231,20430403,20481228,20520419,20471225,20490104,20630604
,20510102,20370924,20341205,20190615,20290815,20571102,20450410,20530501,20581225,20350702,20600519,20430817,20500502,20371106,20620501,20580415,20520101,20471225,20380101,20600202,,20521225,20550527,20171020,20520620,20440201,20530404,20451012,20531006,,20270101,20430406,20490101,20520422,20471226,20490125,20630801
,20510103,20371001,20341211,20190616,20290911,20571115,20450505,20530515,20581226,20350917,20600830,20430904,20500616,20371109,20620529,20580501,20520126,20471226,20380104,20600315,,20530101,20550607,20171027,20521115,20440301,20530501,20451102,20531225,,20270111,20430501,20490215,20520501,20480101,20490208,20631225
,20510130,20371002,20350101,20190622,20291002,20571130,20450518,20530526,20590101,20351001,20601029,20430907,20500809,20371110,20620828,20580523,20520311,20480101,20380105,20600415,,20530120,20551224,20171103,20521120,20440413,20530519,20451115,20531226,,20270211,20430611,20490416,20520530,20480106,20490416,20631226
,20510206,20371005,20350102,20190623,20291016,20571225,20450519,20530605,20590106,20351009,20610221,20430908,20501216,20371225,20621225,20580603,20520419,20480102,20380106,20600416,,20530217,20560330,20171110,20521225,20440505,20530602,20451120,20540101,,20270322,20430612,20490524,20520606,20480406,20490419,20640101
,20510331,20371006,20350222,20190629,20291105,20571231,20450529,20531003,20590328,20351225,20610222,20431112,20501226,20380101,20621226,20580815,20520422,20480403,20380107,20600916,,20530526,20560331,20171117,20521231,20440506,20531110,20451225,20540126,,20270429,20430917,20490701,20520621,20480501,20490426,20640102
,20510403,20371007,20350406,20190630,20291107,20580101,20450605,20531224,20590331,20351226,20610223,20431203,20510102,20380121,20630101,20581101,20520425,20480518,20380108,20601102,,20530704,20560403,20171124,20530101,20440606,20531225,20451229,20540327,,20270503,20430918,20490802,20521224,20480514,20490607,20640404
,20510425,20380101,20350413,20190704,20291120,20580225,20451225,20531225,20590501,20360101,20610502,20431225,20510321,20380201,20630413,20581225,20520610,20480624,20380222,20601115,,20530901,20560501,20171201,20530120,20440815,20540101,20460101,20540330,,20270504,20431009,20490906,20521225,20480525,20491025,20640407
,20510605,20380203,20350416,20190706,20291225,20580226,20451226,20531226,20590508,20360128,20610503,20440101,20510331,20380204,20630416,20581226,20521105,20480701,20380223,20601201,,20531013,20560511,20171208,20530217,20441003,20540209,20460125,20540608,,20270505,20440101,20491011,20521226,20480604,20491227,20640501
,20511023,20380204,20350501,20190707,20300205,20580412,20460101,20531231,20590620,20360129,20610519,20440211,20510403,20380205,20630507,20590101,20521225,20480907,20380308,20610207,,20531111,20560517,20171215,20530218,20441004,20540210,20460205,20540803,,20270719,20440129,20491111,20521231,20481026,20491228,20640515
,20511225,20380205,20350507,20190713,20300219,20580501,20460322,20540101,20591224,20360130,20610830,20440329,20510427,20380518,20630528,20590328,20521226,20481012,20380503,20610321,,20531127,20560522,20171222,20530404,20441005,20540327,20460206,20541005,,20270811,20440201,20491227,20530101,20481208,20500103,20640526
,20511226,20380208,20350521,20190714,20300320,20580613,20460323,20540327,20591225,20360404,20620213,20440415,20510501,20380831,20630827,20590331,20530101,20481111,20380504,20610407,,20531225,20561225,20171229,20530421,20441006,20540501,20460323,20541225,,20270920,20440202,20491228,20530106,20481224,20500104,20640801
,20520101,20380209,20350720,20190720,20300401,20581115,20460326,20540330,20591226,20360411,20620420,20440512,20510616,20380916,20631225,20590501,20530127,20481225,20380510,20610408,,20540101,20561226,20180105,20530423,20450216,20540522,20460501,20541228,,20270923,20440203,20500103,20530404,20481225,20500124,20641225
,20520102,20380405,20350813,20190721,20300403,20581225,20460420,20540501,20600101,20360414,20620421,20440526,20510809,20381027,20631226,20590508,20530310,20481228,20380614,20610916,,20540119,20570101,20180112,20530501,20450217,20540716,20460524,20550101,,20271011,20440229,20500221,20530407,20490101,20500207,20641226
,20520129,20380503,20351023,20190727,20300412,20581231,20460503,20540507,20600106,20360501,20620501,20440624,20510925,20381029,20640101,20590519,20530404,20490101,20381104,20611102,,20540216,20570419,20180119,20530605,20450301,20540810,20460709,20550126,,20271103,20440401,20500408,20530501,20490106,20500408,
,20520206,20380607,20351205,20190728,20300416,20590101,20460504,20540518,20600416,20360530,20620519,20440817,20511225,20390105,20640404,20590623,20530407,20490104,20381105,20611121,,20540525,20570420,20180126,20531120,20450501,20541030,20460907,20550416,,20271123,20440404,20500523,20530515,20490419,20500411,
,20520419,20380913,20351210,20190803,20300419,20590210,20460514,20540528,20600419,20360701,20620830,20440823,20511226,20390124,20640407,20590815,20530425,20490416,20390103,20611212,,20540907,20570423,20180202,20531225,20450505,20541225,20461012,20550419,,20271223,20440502,20500701,20530606,20490527,20500425,
,20520422,20381001,20351231,20190804,20300501,20590211,20460605,20541224,20600527,20361001,20630101,20440824,20520101,20390125,20640505,20591225,20530609,20490524,20390104,20620206,,20541012,20570501,20180209,20531231,20450524,20550101,20461102,20550426,,20271231,20440530,20500801,20530620,20490607,20500606,
,20520425,20381004,20360101,20190810,20300514,20590328,20461224,20541225,20600625,20361006,20630131,20440825,20520321,20390126,20640526,20591226,20531104,20490624,20390105,20620320,,20541111,20570517,20180216,20540101,20450606,20550128,20461115,20550614,,20280103,20440531,20500905,20531224,20490617,20501024,
,20520603,20381005,20360212,20190811,20300517,20590421,20461225,20541231,20601206,20361027,20630201,20440826,20520419,20390201,20640825,20600101,20531225,20490701,20390106,20620323,,20541126,20570531,20180223,20540120,20450815,20550129,20461120,20550802,,20280110,20441005,20501010,20531225,20491026,20501226,
,20521028,20381006,20360407,20190817,20300814,20590501,20461226,20550101,20601224,20361225,20630202,20441031,20520422,20390208,20641225,20600416,20531226,20490906,20390107,20620324,,20541225,20570611,20180302,20540209,20450925,20550416,20461225,20551004,,20280211,20441010,20501111,20531226,20491101,20501227,
,20521225,20381007,20360414,20190818,20300815,20590529,20461231,20550416,20610106,20361226,20630409,20441121,20520501,20390406,20641226,20600419,20540101,20491011,20390223,20620501,,20550101,20571224,20180309,20540210,20450926,20550428,20461231,20551227,,20280320,20450102,20501226,20531231,20491208,20510102,
,20521226,20390103,20360415,20190824,20301002,20591225,20470101,20550419,20610408,20370101,20630410,20450130,20520617,20390502,,20600527,20540126,20491111,20390307,20621102,,20550118,20571225,20180316,20540327,20450927,20550511,20470101,20551228,,20280503,20450216,20501227,20540101,20491224,20510103,
,20530101,20390124,20360501,20190825,20301225,20591231,20470411,20550527,20610411,20370216,20630411,20450217,20520809,20390831,,20600607,20540309,20491227,20390308,20621120,,20550215,20571226,20180323,20540421,20451003,20550705,20470125,20560103,,20280504,20450217,20510102,20540106,20500106,20510123,
,20530102,20390125,20360505,20190831,20310219,20600101,20470412,20550607,20610519,20370217,20630412,20450320,20520924,20390916,,20600623,20540327,20491228,20390502,20621212,,20550531,20580101,20180330,20540423,20451009,20550809,20470225,20560126,,20280505,20450220,20510220,20540327,20500411,20510206,
,20530127,20390126,20360512,20190901,20310220,20600301,20470415,20550617,20610624,20370218,20630423,20450407,20521216,20391005,,20601101,20540330,20500103,20390503,20621225,,20550705,20580411,20180406,20540501,20451225,20551019,20470226,20560331,,20280717,20450221,20510331,20540330,20500519,20510331,
,20530206,20390127,20360701,20190902,20310324,20600302,20470510,20551224,20611206,20370403,20630501,20450501,20521225,20391019,,20610408,20540608,20500104,20390509,20630101,,20550906,20580412,20180413,20540528,20460101,20560215,20470412,20560403,,20280811,20450227,20510522,20540501,20500530,20510403,
,20530404,20390128,20360708,20190907,20310401,20600416,20470523,20551231,20611226,20370406,20630830,20450518,20521226,20391020,,20610411,20541103,20500408,20390613,20630205,,20551011,20580415,20180420,20540907,20460205,20560216,20470501,20560425,,20280918,20450228,20510703,20540507,20500609,20510425,
,20530407,20390404,20360812,20190908,20310402,20600421,20470524,20560331,20620106,20370501,20631029,20450531,20530101,20391115,,20610519,20541225,20500523,20391104,20630319,,20551111,20580501,20180427,20541012,20460206,20560331,20470613,20560612,,20280922,20450403,20510807,20540619,20500815,20510605,
,20530425,20390405,20361023,20190914,20310403,20600617,20470603,20560403,20620324,20370522,20640101,20450613,20530321,20391226,,20610530,20541228,20500624,20400102,20630412,,20551125,20580517,20180504,20541102,20460207,20560417,20470709,20560807,,20281009,20450404,20510904,20541224,20501026,20511023,
,20530602,20390502,20361205,20190915,20310411,20600907,20470605,20560501,20620327,20370618,20640121,20450814,20530404,20391227,,20610623,20550101,20500701,20400103,20630413,,20560117,20580523,20180511,20541120,20460301,20560501,20471115,20561002,,20281103,20450501,20511009,20541225,20501101,20511225,
,20531027,20390527,20361210,20190921,20310414,20601012,20471224,20560511,20620501,20370701,20640122,20450815,20530407,20400102,,20610815,20550126,20500905,20400104,20630501,,20560221,20580603,20180518,20541225,20460501,20560529,20471120,20561225,,20281123,20450619,20511113,20541231,20501208,20511226,
,20531225,20391003,20361231,20190922,20310501,20601102,20471225,20560522,20620504,20370925,20640328,20450816,20530428,20400116,,20611101,20550308,20501010,20400105,20631102,,20560529,20581224,20180525,20541231,20460507,20560809,20471225,20561226,,20290101,20450925,20511225,20550101,20501226,20520101,
,20531226,20391004,20370101,20190928,20310507,20601115,20471226,20560601,20620623,20371001,20640331,20450817,20530501,20400130,,20611226,20550416,20501111,20400106,20631119,,20560704,20581225,20180601,20550101,20460606,20561106,20471231,20570101,,20290102,20451009,20511226,20550106,20510106,20520102,
,20540101,20391005,20370102,20190929,20310703,20601130,20471231,20561003,20621206,20371225,20640423,20451110,20530616,20400201,,20620324,20550419,20501226,20400223,20631212,,20560904,20581226,20180608,20550120,20460613,20561225,20480101,20570126,,20290103,20451010,20520101,20550416,20510403,20520122,
,20540102,20391006,20370302,20191005,20310814,20601231,20480101,20561225,20621225,20380101,20640501,20451225,20530924,20400213,,20620327,20550426,20501227,20400308,20631225,,20561009,20590101,20180614,20550301,20460815,20570101,20480217,20570420,,20290108,20460101,20520219,20550419,20510501,20520206,
,20540126,20391007,20370406,20191006,20310815,20610221,20480402,20561226,20621226,20380204,20640519,20460101,20531216,20400214,,20620501,20550614,20510102,20400309,20640101,,20561123,20590327,20180615,20550302,20460914,20570205,20480218,20570423,,20290212,20460205,20520419,20550527,20510511,20520419,
,20540206,20400102,20370413,20191012,20311002,20610222,20480403,20570101,20630101,20380205,20641029,20460119,20531225,20400326,,20620504,20551102,20510103,20400430,20640204,,20561225,20590328,20180618,20550416,20460917,20570206,20480403,20570425,,20290320,20460206,20520520,20550625,20510522,20520422,
,20540327,20400213,20370414,20191013,20311114,20610408,20480406,20570420,20630413,20380405,,20460206,20531226,20400501,,20620515,20551227,20510331,20400501,20640317,,20570101,20590331,20180622,20550421,20461003,20570405,20480421,20570611,,20290430,20460207,20520701,20551224,20510601,20520425,
,20540330,20400214,20370415,20191014,20311128,20610421,20480501,20570423,20630416,20380423,,20460323,20540101,20400525,,20620623,20551228,20510522,20400509,20640403,,20570115,20590501,20180629,20550423,20461009,20570420,20480501,20570806,,20290503,20460208,20520805,20551231,20510815,20520603,
,20540427,20400215,20370501,20191019,20311225,20610609,20480514,20570501,20630501,20380426,,20460501,20540327,20400831,,20620815,20560103,20510623,20400611,20640404,,20570219,20590508,20180706,20550617,20461225,20570501,20480604,20571001,,20290504,20460209,20520902,20560106,20511026,20521028,
,20540601,20400216,20370505,20191020,20320115,20610907,20480515,20570531,20630524,20380511,,20460503,20540330,20400917,,20621101,20560126,20510703,20400612,20640501,,20570528,20590519,20180713,20550907,20470101,20570518,20480709,20571225,,20290716,20460228,20521014,20560331,20511101,20521225,
,20541026,20400217,20370529,20191026,20320126,20611012,20480525,20570611,20630622,20380607,,20460803,20540427,20400924,,20621225,20560313,20510904,20401105,20640916,,20570704,20591224,20180720,20551012,20470125,20570613,20480907,20571226,,20290917,20460403,20521111,20560403,20511208,20521226,
,20541225,20400404,20370701,20191027,20320219,20611102,20480605,20570621,20631206,20380701,,20460806,20540501,20401008,,20621226,20560331,20511009,20410101,20641117,,20570903,20591225,20180727,20551102,20470128,20570809,20481012,20580101,,20290924,20460404,20521225,20560501,20511225,20530101,
,20541228,20400430,20370727,20191102,20320310,20611115,20481224,20571003,20631224,20380914,,20460807,20540616,20401009,,20630101,20560403,20511113,20410102,20641212,,20571008,20591226,20180803,20551115,20470301,20571225,20481102,20580128,,20291008,20460430,20521226,20560511,20511226,20530102,
,20550101,20400501,20370812,20191103,20320322,20611130,20481225,20571224,20631225,20381001,,20460817,20540810,20401225,,20630413,20560425,20511225,20410103,20641225,,20571112,20600101,20180810,20551231,20470501,20580101,20481120,20580412,,20291123,20460501,20530101,20560606,20520101,20530120,
,20550104,20400614,20371023,20191109,20320326,20611230,20481231,20571225,20631226,20381007,,20461010,20540924,20410101,,20630416,20560612,20511226,20410104,,,20571122,20600415,20180817,20560120,20470502,20580124,20481225,20580415,,20291224,20460608,20530217,20560623,20520422,20530206,
,20550201,20400615,20371207,20191110,20320401,20620206,20490101,20571226,20640101,20381227,,20461031,20541216,20410104,,20630501,20561107,20520101,20410107,,,20571225,20600416,20180820,20560214,20470506,20580125,20481231,20580425,,20291231,20460914,20530404,20561225,20520501,20530404,
,20550208,20400920,20371210,20191111,20320414,20620207,20490415,20571231,20640404,20390124,,20461224,20541225,20410118,,20630524,20561225,20520102,20410108,,,20580101,20600419,20180821,20560215,20470606,20580326,20490101,20580610,,20300101,20461010,20530519,20561226,20520530,20530407,
,20550416,20400921,20371231,20191116,20320419,20620324,20490416,20580101,20640407,20390125,,20461225,20550101,20410201,,20630604,20561226,20520419,20410308,,,20580121,20600517,20180822,20560331,20470815,20580412,20490125,20580805,,20300102,20461231,20530701,20570101,20520610,20530425,
,20550419,20401001,20380101,20191117,20320421,20620421,20490419,20580412,20640501,20390126,,20470101,20550322,20410315,,20630815,20570101,20520520,20410501,,,20580218,20600527,20180824,20560421,20471003,20580501,20490301,20581007,,20300103,20470101,20530804,20570420,20520620,20530602,
,20550426,20401002,20380219,20191123,20320423,20620501,20490514,20580415,20640515,20390405,,20470109,20550416,20410501,,20631101,20570126,20520624,20410502,,,20580527,20600607,20180831,20560501,20471004,20580507,20490302,20581225,,20300114,20470125,20530901,20570423,20520815,20531027,
,20550607,20401003,20380406,20191124,20320525,20620525,20490527,20580501,20640620,20390408,,20470327,20550419,20410514,,20631225,20570312,20520701,20410503,,,20580704,20601224,20180907,20560601,20471009,20580603,20490416,20581226,,20300211,20470128,20531013,20570501,20521101,20531225,
,20551025,20401004,20380413,20191128,20320621,20620907,20490528,20580523,20641224,20390411,,20470412,20550427,20410913,,20631226,20570420,20520902,20410509,,,20580902,20610407,20180914,20560907,20471218,20580809,20490421,20590101,,20300320,20470129,20531111,20570531,20521224,20531226,
,20551227,20401005,20380414,20191130,20320813,20621012,20490607,20580603,20641225,20390502,,20470501,20550616,20410916,,20640101,20570423,20521014,20410510,,,20581014,20610408,20180921,20561012,20471225,20581115,20490617,20590127,,20300429,20470130,20531225,20570606,20521225,20540101,
,20551228,20401231,20380415,20191201,20320908,20621102,20491224,20580613,20641226,20390527,,20470510,20550809,20410927,,20640404,20570425,20521111,20410612,,,20581111,20610411,20180928,20561102,20480101,20581225,20490709,20590328,,20300503,20470228,20531226,20570622,20521226,20540102,
,20560103,20410101,20380503,20191207,20321014,20621115,20491231,20581003,,20390701,,20470523,20550924,20411023,,20640407,20570611,20521225,20411104,,,20581128,20610517,20181005,20561115,20480213,20590101,20490907,20590331,,20300506,20470301,20540101,20571224,20530101,20540119,
,20560104,20410131,20380505,20191208,20321102,20621130,20500407,20581224,,20391003,,20470723,20551216,20411204,,20640501,20571106,20521226,20420101,,,20581225,20610519,20181012,20561120,20480214,20590212,20491012,20590425,,20300715,20470404,20540216,20571225,20530106,20540206,
,20560131,20410201,20380518,20191214,20321104,20621225,20500408,20581225,,20391026,,20470724,20551227,20411225,,20640515,20571225,20530101,20420102,,,20590101,20610530,20181019,20561225,20480415,20590213,20491102,20590609,,20300812,20470405,20540327,20571226,20530407,20540327,
,20560207,20410204,20380701,20191215,20321117,20621229,20500411,20581226,,20391226,,20470725,20560321,20411226,,20640526,20571226,20530102,20420103,,,20590120,20611226,20181026,20561229,20480501,20590328,20491115,20590804,,20300916,20470501,20540518,20571231,20530501,20540330,
,20560331,20410205,20380716,20191221,20330103,20630101,20500506,20581231,,20391227,,20470726,20560331,20420101,,20640623,20580101,20530404,20420106,,,20590217,20620323,20181102,20570101,20480505,20590501,20491231,20591006,,20300923,20470529,20540701,20580101,20530515,20540427,
,20560403,20410206,20380812,20191222,20330126,20630226,20500519,20590101,,20400102,,20470930,20560403,20420122,,20640815,20580128,20530519,20420107,,,20590526,20620324,20181109,20570305,20480520,20590522,20500125,20591225,,20301014,20471004,20540803,20580412,20530526,20540601,
,20560425,20410404,20381025,20191225,20330316,20630227,20500520,20590328,,20400213,,20471225,20560427,20420123,,20641225,20580311,20530624,20420108,,,20590704,20620327,20181116,20570306,20480921,20590526,20500221,20591226,,20301104,20471010,20540907,20580415,20530605,20541026,
,20560605,20410405,20381206,20191228,20330331,20630413,20500530,20590331,,20400214,,20480101,20560501,20420204,,20641226,20580412,20530701,20420310,,,20590901,20620501,20181123,20570420,20480922,20591104,20500222,20600101,,20301223,20471011,20541012,20580501,20530815,20541225,
,20561023,20410501,20381210,20191229,20330401,20630501,20501226,20590501,,20400215,,20480214,20560616,20420305,,,20580415,20530901,20420501,,,20591013,20620504,20181130,20570423,20480923,20591225,20500408,20600126,,20301231,20480101,20541111,20580523,20531208,20541228,
,20561225,20410603,20381231,20200101,20330407,20630614,20510330,20590508,,20400330,,20480316,20560809,20420501,,,20580425,20531013,20420502,,,20591111,20620515,20181207,20570501,20481009,20600101,20500421,20600416,,20310101,20480213,20541225,20580606,20531224,20550101,
,20561226,20410909,20390103,20200104,20330411,20630907,20510331,20590519,,20400402,,20480403,20560925,20420505,,,20580610,20531111,20420509,,,20591127,20620517,20181214,20570621,20481225,20600202,20500609,20600419,,20310102,20480214,20541228,20580621,20531225,20550104,
,20570101,20410910,20390208,20200105,20330412,20631012,20510403,20590529,,20400404,,20480501,20561225,20420901,,,20581105,20531225,20420612,,,20591225,20621225,20181221,20570907,20490101,20600203,20500907,20600426,,20310103,20480217,20550101,20581224,20531226,20550125,
,20570102,20411001,20390406,20200111,20330414,20631102,20510428,20591003,,20400501,,20480511,20561226,20420902,,,20581225,20531226,20420613,,,20600101,20621226,20181228,20571012,20490201,20600304,20501012,20600614,,20310113,20480218,20550215,20581225,20540101,20550208,
,20570129,20411002,20390413,20200112,20330415,20631115,20510511,20591224,,20400518,,20480514,20570101,20420916,,,20581226,20540101,20421103,,,20600119,20630101,20190104,20571102,20490202,20600416,20501102,20600802,,20310211,20480228,20550416,20581226,20540106,20550416,
,20570206,20411003,20390414,20200118,20330610,20631130,20510512,20591225,,20400614,,20480528,20570321,20420917,,,20590101,20540102,20421104,,,20600216,20630412,20190111,20571115,20490203,20600511,20501115,20601004,,20310321,20480402,20550524,20581231,20540330,20550419,
,20570420,20411004,20390415,20200119,20330815,20631225,20510522,20591226,,20400702,,20480713,20570420,20420918,,,20590127,20540327,20430101,,,20600531,20630413,20190118,20571120,20490301,20600514,20501230,20601227,,20310429,20480403,20550701,20590101,20540501,20550426,
,20570423,20411007,20390502,20200120,20331003,20631231,20510605,20591231,,20400921,,20480714,20570423,20421111,,,20590310,20540518,20430102,,,20600705,20630416,20190125,20571225,20490505,20600809,20510125,20601228,,20310505,20480501,20550802,20590106,20540507,20550607,
,20570425,20420101,20390505,20200125,20331024,20640101,20511225,20600101,,20401001,,20480715,20570427,20421124,,,20590328,20540624,20430105,,,20600906,20630501,20190201,20571231,20490910,20610121,20510213,20610103,,20310506,20480615,20550906,20590328,20540518,20551025,
,20570604,20420121,20390509,20200126,20340126,20640218,20511226,20600416,,20401015,,20480817,20570501,20421215,,,20590331,20540701,20430106,,,20601011,20630517,20190208,20580101,20490913,20610222,20510214,20610126,,20310721,20480921,20551011,20590331,20540528,20551227,
,20571022,20420122,20390701,20200201,20340217,20640219,20520101,20600419,,20401225,,20481009,20570809,20421225,,,20590425,20540907,20430107,,,20601111,20630524,20190215,20580225,20500124,20610408,20510331,20610408,,20310811,20480922,20551111,20590501,20541026,20551228,
,20571225,20420123,20390705,20200202,20340302,20640404,20520418,20600527,,20401226,,20481218,20570924,20430101,,,20590609,20541012,20430108,,,20601125,20630604,20190222,20580226,20500125,20610502,20510421,20610411,,20310915,20481009,20551227,20590508,20541208,20560103,
,20571226,20420124,20390812,20200208,20340321,20640421,20520419,20600607,,20410101,,20481225,20571217,20430126,,,20591104,20541111,20430109,,,20610117,20631224,20190301,20580412,20500301,20610504,20510501,20610425,,20310923,20490101,20551228,20590606,20541224,20560104,
,20580101,20420127,20391024,20200209,20340328,20640501,20520422,20600617,,20410201,,20490101,20571225,20430202,,,20591225,20541225,20430223,,,20610221,20631225,20190308,20580423,20500505,20610809,20510601,20610613,,20311013,20490201,20560103,20590620,20541225,20560124,
,20580102,20420404,20391205,20200215,20340331,20640605,20520517,20601224,,20410204,,20490202,20571226,20430210,,,20591226,20541228,20430309,,,20610530,20631226,20190315,20580501,20500601,20611111,20510907,20610801,,20311103,20490202,20560221,20591224,20550101,20560207,
,20580128,20420501,20391212,20200216,20340403,20641225,20520530,20601231,,20410404,,20490416,20580101,20430211,,,20600101,20550101,20430501,,,20610704,20640101,20190322,20580613,20500606,20611226,20511012,20611003,,20311124,20490203,20560331,20591225,20550106,20560331,
,20580206,20420502,20400102,20200217,20340407,20641231,20520531,20610408,,20410419,,20490430,20580321,20430223,,,20600126,20550104,20430504,,,20610905,20640403,20190329,20581115,20500815,20620102,20511102,20611226,,20311223,20490204,20560522,20591226,20550419,20560403,
,20580412,20420623,20400227,20200222,20340414,,20520605,20610411,,20410422,,20490517,20580412,20430501,,,20600308,20550416,20430511,,,20611010,20640404,20190405,20581120,20500929,20620209,20511115,20611227,,20311231,20490205,20560703,20591231,20550527,20560425,
,20580415,20421001,20400406,20200223,20340501,,20520610,20610519,,20410501,,20490527,20580415,20430831,,,20600416,20550524,20430612,,,20611111,20640407,20190412,20581225,20500930,20620210,20511120,20620102,,20320101,20490301,20560807,20600101,20550607,20560605,
,20580425,20421002,20400413,20200229,20340503,,20521224,20610530,,20410507,,20490630,20580501,20430907,,,20600419,20550624,20431104,,,20611124,20640501,20190419,20581231,20501003,20620324,20511225,20620126,,20320102,20490405,20560904,20600106,20550617,20561023,
,20580603,20421003,20400416,20200301,20340531,,20521225,20610609,,20410603,,20490701,20580617,20430916,,,20600426,20550701,20440101,,,20611226,20640515,20190426,20590101,20510210,20620420,20511229,20620324,,20320112,20490406,20561009,20600416,20551026,20561225,
,20581028,20421006,20400501,20200307,20340815,,20521226,20611003,,20410701,,20490702,20580809,20431112,,,20600614,20550906,20440104,,,20620102,20640526,20190503,20590120,20510213,20620501,20520101,20620327,,20320211,20490430,20561113,20600419,20551101,20561226,
,20581225,20421007,20400507,20200308,20341002,,20521231,20611226,,20410911,,20490817,20580924,20431203,,,20601102,20551011,20440105,,,20620116,20641224,20190510,20590210,20510301,20620523,20520125,20620425,,20320429,20490604,20561225,20600527,20551208,20570101,
,20581226,20430101,20400525,20200314,20341110,,20530101,20620324,,20411001,,20490908,20581216,20431225,,,20601227,20551111,20440106,,,20620220,20641225,20190517,20590211,20510501,20620809,20520304,20620612,,20320503,20490910,20561226,20600625,20551224,20570102,
,20590101,20430102,20400723,20200315,20341213,,20530403,20620327,,20411003,,20490928,20581225,20440101,,,20601228,20551227,20440107,,,20620529,20641226,20190524,20590328,20510505,20621031,20520305,20620807,,20320504,20491011,20570101,20601224,20560106,20570122,
,20590102,20430209,20400813,20200321,20341225,,20530404,20620501,,20411225,,20491207,20581226,20440201,,,20610103,20551228,20440108,,,20620704,20650101,20190531,20590421,20510517,20621225,20520419,20621002,,20320505,20491231,20570219,20601231,20560403,20570206,
,20590127,20430210,20401023,20200322,20350126,,20530407,20620504,,20411226,,20491224,20590101,20440202,,,20610126,20560103,20440222,,,20620904,20650326,20190603,20590423,20510606,20630101,20520501,20621225,,20320719,20500120,20570420,20610106,20560501,20570420,
,20590206,20430211,20401205,20200328,20350219,,20530502,20620515,,20420101,,20500324,20590321,20440211,,,20610314,20560104,20440223,,,20621009,20650327,20190604,20590501,20510815,20630129,20520620,20621226,,20320811,20500121,20570521,20610408,20560511,20570423,
,20590328,20430212,20401210,20200329,20350308,,20530515,20620525,,20420122,,20500408,20590328,20440212,,,20610408,20560331,20440307,,,20621123,20650330,20190605,20590529,20510918,20630130,20520709,20630101,,20320920,20500124,20570702,20610411,20560522,20570425,
,20590331,20430213,20401231,20200404,20350321,,20530516,20621003,,20420123,,20500419,20590331,20440502,,,20610411,20560522,20440308,,,20621225,20650501,20190607,20591120,20510919,20630131,20521115,20630126,,20320921,20500125,20570806,20610519,20560601,20570604,
,20590425,20430406,20410101,20200405,20350323,,20530526,20621225,,20420124,,20500519,20590428,20440512,,,20610425,20560623,20440502,,,20630101,20650507,20190614,20591225,20510920,20630409,20521120,20630413,,20320922,20500228,20570903,20610606,20560815,20571022,
,20590602,20430501,20410215,20200410,20350402,,20530605,20621226,,20420403,,20500620,20590501,20440811,,,20610613,20560703,20440503,,,20630115,20650518,20190621,20591231,20511003,20630413,20521225,20630416,,20321011,20500401,20571008,20610624,20561026,20571225,
,20591027,20430611,20410408,20200411,20350409,,20531224,20630101,,20420404,,20500621,20590616,20440824,,,20611101,20560904,20440509,,,20630219,20651224,20190628,20600101,20511009,20630501,20521231,20630425,,20321103,20500404,20571112,20611226,20561101,20571226,
,20591225,20430612,20410415,20200412,20350416,,20531225,20630413,,20420407,,20500622,20590924,20440825,,,20611226,20561009,20440613,,,20630528,20651225,20190705,20600120,20511225,20630809,20530101,20630611,,20321123,20500502,20571225,20620106,20561208,20580101,
,20591226,20430917,20410416,20200418,20350420,,20531226,20630416,,20420501,,20500623,20591216,20440831,,,20611227,20561113,20441104,,,20630704,20660101,20190712,20600301,20520101,20631022,20530217,20630806,,20321223,20500623,20571226,20620324,20561225,20580102,
,20600101,20430918,20410501,20200419,20350501,,20531231,20630501,,20420526,,20500624,20591225,20440916,,,20620102,20561225,20450102,,,20630903,20660408,20190719,20600302,20520131,20631225,20530218,20631001,,20321231,20500624,20580101,20620327,20561226,20580121,
,20600102,20431001,20410506,20200425,20350521,,20540101,20630524,,20420623,,20500817,20591226,20441020,,,20620126,20561226,20450103,,,20631008,20660409,20190726,20600416,20520201,20640101,20530404,20631225,,20330103,20500930,20580218,20620501,20570101,20580206,
,20600126,20431002,20410514,20200426,20350522,,20540326,20630604,,20420701,,20510331,20600101,20441031,,,20620313,20570101,20450104,,,20631112,20660412,20190802,20600421,20520202,20640121,20530421,20631226,,20330110,20501010,20580412,20620504,20570423,20580412,
,20600206,20431005,20410701,20200502,20350813,,20540327,20630614,,20420929,,20510412,20600322,20441121,,,20620324,20570102,20450105,,,20631122,20660517,20190808,20600423,20520301,20640218,20530501,20640101,,20330211,20510102,20580520,20620606,20570501,20580415,
,20600416,20431006,20410715,20200503,20350815,,20540330,20631003,,20421001,,20510501,20600416,20441226,,,20620327,20570420,20450106,,,20631225,20660520,20190809,20600617,20520410,20640219,20530605,20640128,,20330321,20510210,20580701,20620623,20570531,20580425,
,20600419,20431007,20410812,20200509,20350905,,20540424,20631224,,20421022,,20510511,20600419,20450102,,,20620425,20570521,20450223,,,20640101,20660531,20190812,20600907,20520501,20640328,20530709,20640404,,20330429,20510213,20580805,20621225,20570611,20580603,
,20600426,20440101,20411023,20200510,20351002,,20540507,20631225,,20421225,,20510526,20600427,20450131,,,20620612,20570625,20450308,,,20640121,20661224,20190816,20601012,20520506,20640404,20531120,20640407,,20330503,20510214,20580902,20621226,20570621,20581028,
,20600607,20440129,20411205,20200516,20351011,,20540508,20631226,,20421226,,20510609,20600616,20450201,,,20621107,20570702,20450501,,,20640218,,20190823,20601102,20520507,20640501,20531225,20640425,,20330504,20510215,20581014,20630101,20570815,20581225,
,20601025,20440201,20411210,20200517,20351030,,20540518,20631231,,20430101,,20510612,20600809,20450202,,,20621225,20570903,20450502,,,20640526,,20190830,20601115,20520606,20640530,20531231,20640609,,20330505,20510227,20581111,20630413,20571026,20581226,
,20601227,20440202,20411231,20200523,20351101,,20540605,20640101,,20430210,,20510613,20600924,20450217,,,20621226,20571008,20450508,,,20640704,,20190906,20601231,20520815,20641225,20540101,20640804,,20330718,20510228,20581225,20630416,20571101,20590101,
,20601228,20440203,20420101,20200524,20351115,,20541224,20640404,,20430211,,20510817,20601216,20450501,,,20630101,20571112,20450509,,,20640901,,20190913,20610120,20520906,,20540209,20641006,,20330811,20510404,20581226,20630501,20571224,20590102,
,20610103,20440204,20420306,20200525,20351225,,20541225,20640407,,20430212,,20510907,20601227,20450502,,,20630126,20571225,20450612,,,20641013,,20190920,20610221,20520909,,20540210,20641225,,20330919,20510405,20590101,20630524,20571225,20590120,
,20610104,20440404,20420407,20200530,20360208,,20541231,20640501,,20430327,,20511116,20610321,20450801,,,20630312,20571226,20451106,,,20641111,,20190923,20610222,20521003,,20540327,20641226,,20330923,20510501,20590217,20630606,20571226,20590206,
,20610131,20440502,20420414,20200531,20360219,,20550101,20640515,,20430330,,20511225,20610408,20450814,,,20630413,20580101,20460101,,,20641127,,20190927,20610408,20521009,,20540421,,,20331010,20510612,20590328,20630622,20580101,20590328,
,20610207,20440530,20420415,20200606,20360225,,20550415,20640526,,20430406,,20520101,20610411,20450815,,,20630416,20580102,20460102,,,20641225,,20191004,20610421,20521218,,20540501,,,20331103,20510613,20590519,20631224,20580415,20590331,
,20610408,20440531,20420501,20200607,20360312,,20550416,20640605,,20430501,,20520201,20610427,20450831,,,20630425,20580412,20460103,,,,,20191011,20610609,20521225,,20540528,,,20331123,20510918,20590701,20631225,20580501,20590425,
,20610411,20441003,20420505,20200613,20360328,,20550419,20641003,,20430611,,20520329,20610502,20451108,,,20630611,20580520,20460104,,,,,20191018,20610907,20530101,,20540709,,,20331223,20510919,20590804,20631226,20580523,20590602,
,20610425,20441004,20420603,20200614,20360401,,20550514,20641224,,20430701,,20520401,20610616,20451110,,,20631106,20580624,20460105,,,,,20191025,20611012,20530218,,20540907,,,20340102,20511009,20590901,20631231,20580603,20591027,
,20610606,20441005,20420701,20200620,20360408,,20550527,20641225,,20430918,,20520419,20610809,20451225,,,20631225,20580701,20460108,,,,,20191101,20611102,20530219,,20541012,,,20340103,20511010,20591013,20640101,20580613,20591225,
,20611024,20441006,20420801,20200621,20360411,,20550528,20641226,,20431001,,20520501,20611216,20460101,,,20631226,20580902,20460223,,,,,20191108,20611115,20530220,,20541102,,,20340109,20520101,20591111,20640404,20580815,20591226,
,20611226,20441007,20420812,20200627,20360414,,20550607,20641231,,20431012,,20520514,20611226,20460122,,,20640101,20581014,20460308,,,,,20191115,20611230,20530501,,20541120,,,20340320,20520131,20591225,20640407,20581101,20600101,
,20611227,20450102,20421023,20200628,20360501,,20551224,,,20431225,,20520529,20620102,20460201,,,20640128,20581111,20460309,,,,,20191122,20620120,20530505,,20541225,,,20340503,20520201,20591226,20640501,20581224,20600102,
,20620102,20450216,20421205,20200703,20360509,,20551231,,,20440101,,20520530,20620321,20460206,,,20640310,20581225,20460430,,,,,20191129,20620206,20530606,,20541231,,,20340504,20520202,20600101,20640515,20581225,20600119,
,20620103,20450217,20421210,20200704,20360812,,20560330,,,20440201,,20520531,20620324,20460207,,,20640404,20581226,20460501,,,,,20191206,20620207,20530815,,20550101,,,20340505,20520205,20600216,20640606,20581226,20600206,
,20620130,20450220,20421231,20200705,20360815,,20560331,,,20440202,,20520805,20620327,20460501,,,20640407,20590101,20460509,,,,,20191213,20620324,20530925,,20550125,,,20340717,20520228,20600416,20640620,20590101,20600416,
,20620206,20450221,20430101,20200711,20360929,,20560403,,,20440404,,20520826,20620427,20460521,,,20640425,20590102,20460611,,,,,20191220,20620421,20530926,,20550301,,,20340811,20520404,20600524,20641224,20590106,20600419,
,20620324,20450222,20430102,20200712,20361002,,20560428,,,20440415,,20521104,20620501,20460806,,,20640609,20590328,20460612,,,,,20191227,20620501,20531003,,20550302,,,20340918,20520405,20600701,20641225,20590331,20600426,
,20620327,20450403,20430224,20200718,20361020,,20560511,,,20440418,,20521225,20620616,20460831,,,20641104,20590519,20461105,,,,,20200103,20620525,20531009,,20550416,,,20341009,20520501,20600802,20641226,20590501,20600607,
,20620425,20450404,20430406,20200719,20361103,,20560512,,,20440502,,20530101,20620809,20460917,,,20641225,20590624,20470101,,,,,20200110,20620907,20531225,,20550421,,,20341103,20520531,20600906,20641231,20590508,20601025,
,20620605,20450501,20430413,20200725,20361120,,20560522,,,20440505,,20530219,20620925,20461010,,,20641226,20590701,20470102,,,,,20200117,20621012,20540101,,20550617,,,20341123,20520906,20601011,20650101,20590519,20601227,
,20621023,20450619,20430414,20200726,20361225,,20560605,,,20440531,,20530318,20621225,20461029,,,,20590901,20470103,,,,,20200124,20621102,20540209,,20550709,,,20350101,20521010,20601111,20650106,20590529,20601228,
,20621225,20450925,20430415,20200801,20370126,,20561225,,,20440701,,20530320,20621226,20461031,,,,20591013,20470104,,,,,20200131,20621115,20540210,,20550907,,,20350102,20521011,20601227,20650327,20590815,20610103,
,20621226,20451002,20430501,20200802,20370127,,20561226,,,20441006,,20530404,20630101,20461225,,,,20591111,20470107,,,,,20200207,20621120,20540501,,20551012,,,20350103,20530101,20601228,20650330,20591208,20610104,
,20630101,20451003,20430505,20200808,20370213,,20570101,,,20441226,,20530501,20630321,20470101,,,,20591225,20470108,,,,,20200214,20621225,20540505,,20551102,,,20350108,20530217,20610103,20650501,20591224,20610124,
,20630102,20451004,20430525,20200809,20370219,,20570419,,,20441227,,20530515,20630413,20470109,,,,20591226,20470308,,,,,20200221,20621229,20540515,,20551115,,,20350212,20530218,20610221,20650507,20591225,20610207,
,20630129,20451005,20430701,20200815,20370226,,20570420,,,20450102,,20530519,20630416,20470128,,,,20600101,20470501,,,,,20200228,20630101,20540603,,20551231,,,20350321,20530219,20610408,20650619,20591226,20610408,
,20630206,20451006,20430721,20200816,20370302,,20570423,,,20450217,,20530520,20630427,20470201,,,,20600102,20470502,,,,,20200306,20630226,20540915,,20560125,,,20350430,20530220,20610523,20651224,20600101,20610411,
,20630413,20460101,20430812,20200822,20370317,,20570518,,,20450220,,20530521,20630501,20470501,,,,20600416,20470503,,,,,20200313,20630227,20540916,,20560214,,,20350503,20530221,20610701,20651225,20600106,20610425,
,20630416,20460205,20431023,20200823,20370325,,20570531,,,20450404,,20530522,20630809,20470509,,,,20600524,20470509,,,,,20200320,20630413,20540917,,20560215,,,20350504,20530228,20610801,20651231,20600419,20610606,
,20630425,20460206,20431207,20200829,20370401,,20570601,,,20450407,,20530815,20630924,20470711,,,,20600624,20470510,,,,,20200327,20630423,20541009,,20560331,,,20350716,20530403,20610905,20660101,20600527,20611024,
,20630604,20460207,20431210,20200830,20370403,,20570605,,,20450410,,20531024,20631217,20470724,,,,20600701,20470612,,,,,20200403,20630501,20541225,,20560421,,,20350917,20530404,20611010,20660106,20600607,20611226,
,20631022,20460208,20431231,20200905,20370414,,20570611,,,20450501,,20531225,20631225,20470725,,,,20600906,20471104,,,,,20200410,20630614,20550101,,20560501,,,20350924,20530501,20611111,20660409,20600617,20611227,
,20631225,20460209,20440101,20200906,20370429,,20571224,,,20450524,,20540101,20631226,20470916,,,,20601011,20480101,,,,,20200417,20630907,20550127,,20560601,,,20351008,20530502,20611226,20660412,20601026,20620102,
,20631226,20460404,20440215,20200907,20370501,,20571225,,,20450619,,20540327,20640101,20470930,,,,20601111,20480102,,,,,20200424,20631012,20550128,,20560907,,,20351123,20530620,20611227,20660520,20601101,20620103,
,20640101,20460430,20440406,20200912,20370812,,20571226,,,20450926,,20540408,20640321,20471018,,,,20601227,20480103,,,,,20200501,20631102,20550129,,20561012,,,20351224,20530926,20620102,20660625,20601208,20620123,
,20640102,20460501,20440413,20200913,20371002,,20571231,,,20451002,,20540501,20640404,20471021,,,,20601228,20480106,,,,,20200508,20631115,20550301,,20561102,,,20351231,20531010,20620220,20661224,20601224,20620206,
,20640128,20460608,20440414,20200919,20371109,,20580101,,,20451018,,20540507,20640407,20471225,,,,20610103,20480107,,,,,20200515,20631120,20550504,,20561115,,,20360101,20540101,20620324,20661231,20610106,20620324,
,20640206,20460917,20440415,20200920,20371225,,20580411,,,20451225,,20540508,20640428,20471230,,,,20610104,20480108,,,,,20200521,20631225,20550505,,20561120,,,20360102,20540102,20620522,,20610411,20620327,
,20640404,20461001,20440502,20200926,20380126,,20580412,,,20451226,,20540511,20640501,20480101,,,,20610408,20480309,,,,,20200522,20631231,20551004,,20561225,,,20360103,20540205,20620703,,20610519,20620425,
,20640407,20461002,20440505,20200927,20380215,,20580415,,,20460101,,20540512,20640616,20480130,,,,20610523,20480501,,,,,20200525,20640101,20551005,,20561229,,,20360114,20540206,20620807,,20610530,20620605,
,20640425,20461003,20440511,20201003,20380219,,20580510,,,20460206,,20540521,20640924,20480214,,,,20610624,20480504,,,,,20200529,20640218,20551006,,20570101,,,20360211,20540209,20620904,,20610609,20621023,
,20640602,20461004,20440701,20201004,20380304,,20580523,,,20460207,,20540716,20641216,20480501,,,,20610701,20480505,,,,,20200605,20640219,20560214,,20570125,,,20360320,20540210,20621009,,20610815,20621225,
,20641027,20461005,20440711,20201010,20380401,,20580524,,,20460208,,20540805,20641225,20480527,,,,20610905,20480506,,,,,20200612,20640404,20560215,,20570305,,,20360429,20540227,20621113,,20611026,20621226,
,20641225,20461231,20440812,20201011,20380405,,20580603,,,20460323,,20540817,20641226,20480629,,,,20611010,20480511,,,,,20200619,20640421,20560216,,20570306,,,20360505,20540402,20621225,,20611101,20630101,
,20641226,20470101,20441024,20201012,20380413,,20580605,,,20460326,,20541014,,20480713,,,,20611111,20480612,,,,,20200626,20640423,20560301,,20570420,,,20360506,20540403,20621226,,20611208,20630102,
,,20470125,20441205,20201017,20380414,,20581224,,,20460404,,20541225,,20480714,,,,20611226,20481104,,,,,20200703,20640501,20560412,,20570501,,,20360721,20540501,20630101,,20611226,20630122,
,,20470128,20441212,20201018,20380423,,20581225,,,20460501,,20550101,,20480831,,,,20611227,20490101,,,,,20200710,20640605,20560501,,20570621,,,20360811,20540610,20630219,,20620106,20630206,
,,20470129,20450102,20201024,20380518,,20581226,,,20460514,,20550128,,20480916,,,,20620102,20490104,,,,,20200717,20641120,20560505,,20570709,,,20360915,20540916,20630413,,20620327,20630413,
,,20470130,20450302,20201025,20380812,,20581231,,,20460608,,20550224,,20481009,,,,20620103,20490105,,,,,20200724,20641225,20560522,,20570907,,,20360922,20541009,20630521,,20620501,20630416,
,,20470131,20450406,20201031,20380902,,20590101,,,20460702,,20550329,,20481105,,,,20620324,20490106,,,,,20200730,20641231,20560606,,20571012,,,20361013,20550101,20630702,,20620504,20630425,
,,20470405,20450413,20201101,20381007,,20590327,,,20460917,,20550416,,20481218,,,,20620522,20490107,,,,,20200731,,20560815,,20571102,,,20361103,20550127,20630806,,20620515,20630604,
,,20470501,20450414,20201107,20381027,,20590328,,,20461001,,20550427,,20481225,,,,20620623,20490108,,,,,20200803,,20560925,,20571115,,,20361124,20550128,20630903,,20620525,20631022,
,,20470529,20450501,20201108,20381029,,20590331,,,20461008,,20550428,,20490101,,,,20620703,20490222,,,,,20200807,,20560926,,20571120,,,20361223,20550129,20631008,,20620815,20631225,
,,20471001,20450505,20201111,20381111,,20590425,,,20461225,,20550429,,20490119,,,,20620904,20490223,,,,,20200814,,20561003,,20571225,,,20361231,20550201,20631112,,20621026,20631226,
,,20471002,20450530,20201114,20390106,,20590508,,,20461226,,20550430,,20490201,,,,20621009,20490308,,,,,20200821,,20561009,,20571231,,,20370101,20550301,20631225,,20621101,20640101,
,,20471003,20450728,20201115,20390126,,20590509,,,20470101,,20550511,,20490202,,,,20621113,20490503,,,,,20200828,,20561225,,20580101,,,20370102,20550405,20631226,,20621208,20640102,
,,20471004,20450814,20201121,20390204,,20590519,,,20470128,,20550527,,20490203,,,,20621225,20490504,,,,,20200904,,20570101,,20580125,,,20370112,20550406,20640101,,20621225,20640121,
,,20471007,20451023,20201122,20390221,,20590605,,,20470129,,20550705,,20490517,,,,20621226,20490510,,,,,20200911,,20570205,,20580225,,,20370211,20550430,20640218,,20621226,20640206,
,,20471008,20451205,20201126,20390311,,20591224,,,20470405,,20550726,,20490618,,,,20630101,20490614,,,,,20200918,,20570206,,20580226,,,20370320,20550531,20640404,,20630101,20640404,
,,20480101,20451211,20201128,20390325,,20591225,,,20470412,,20550817,,20490702,,,,20630102,20491104,,,,,20200923,,20570301,,20580412,,,20370429,20551004,20640519,,20630416,20640407,
,,20480213,20460101,20201129,20390401,,20591226,,,20470415,,20551224,,20490831,,,,20630413,20491105,,,,,20200925,,20570501,,20580501,,,20370504,20551005,20640701,,20630501,20640425,
,,20480214,20460102,20201205,20390407,,20591231,,,20470501,,20560215,,20490908,,,,20630521,20500103,,,,,20201002,,20570507,,20580613,,,20370505,20551011,20640804,,20630524,20640602,
,,20480217,20460220,20201206,20390408,,20600101,,,20470502,,20560317,,20490916,,,,20630625,20500104,,,,,20201009,,20570511,,20580709,,,20370506,20551231,20640901,,20630604,20641027,
,,20480218,20460406,20201212,20390414,,20600415,,,20470529,,20560331,,20490928,,,,20630702,20500105,,,,,20201016,,20570606,,20581115,,,20370720,20560214,20641013,,20630614,20641225,
,,20480219,20460413,20201213,20390812,,20600416,,,20470701,,20560417,,20491025,,,,20630903,20500106,,,,,20201023,,20570815,,20581120,,,20370811,20560215,20641111,,20630815,20641226,
,,20480406,20460416,20201219,20390815,,20600419,,,20471001,,20560418,,20491208,,,,20631008,20500107,,,,,20201030,,20570912,,20581225,,,20370921,20560216,20641225,,20631026,,
,,20480501,20460501,20201220,20390823,,20600514,,,20471028,,20560419,,20500124,,,,20631112,20500223,,,,,20201106,,20570913,,20581231,,,20370922,20560217,20641226,,20631101,,
,,20480615,20460507,20201225,20391020,,20600527,,,20471225,,20560501,,20500125,,,,20631225,20500307,,,,,20201113,,20570914,,20590101,,,20370923,20560218,,,20631224,,
,,20480921,20460521,20201226,20391026,,20600528,,,20471226,,20560511,,20500201,,,,20631226,20500308,,,,,20201120,,20571003,,20590210,,,20371012,20560228,,,20631225,,
,,20480922,20460717,20201227,20391115,,20600607,,,20480101,,20560529,,20500207,,,,20640101,20500502,,,,,20201127,,20571009,,20590211,,,20371103,20560403,,,20631226,,
,,20481001,20460813,20210101,20391117,,20601224,,,20480214,,20560714,,20500502,,,,20640102,20500503,,,,,20201204,,20571219,,20590328,,,20371123,20560404,,,20640101,,
,,20481002,20461023,20210102,20391130,,20601231,,,20480217,,20560817,,20500505,,,,20640404,20500509,,,,,20201211,,20571225,,20590421,,,20371223,20560501,,,20640407,,
,,20481005,20461205,20210103,20391226,,20610407,,,20480403,,20560922,,20500607,,,,20640519,20500613,,,,,20201218,,20580101,,20590501,,,20371231,20560616,,,20640501,,
,,20481006,20461210,20210109,20400125,,20610408,,,20480406,,20561225,,20500621,,,,20640624,20501104,,,,,20201225,,20580123,,20590529,,,20380101,20560925,,,20640515,,
,,20481007,20461231,20210110,20400126,,20610411,,,20480501,,20570101,,20500622,,,,20640701,20510102,,,,,20210101,,20580124,,20590709,,,20380111,20561009,,,20640526,,
,,20490101,20470101,20210116,20400326,,20610506,,,20480520,,20570202,,20500829,,,,20640901,20510103,,,,,20210108,,20580125,,20591120,,,20380211,20561010,,,20640605,,
,,20490201,20470211,20210117,20400329,,20610519,,,20480615,,20570404,,20500831,,,,20641013,20510104,,,,,20210115,,20580301,,20591225,,,20380429,20570101,,,20640815,,
,,20490202,20470408,20210118,20400330,,20610520,,,20480701,,20570405,,20500916,,,,20641111,20510105,,,,,20210122,,20580430,,20591231,,,20380503,20570201,,,20641208,,
,,20490203,20470415,20210123,20400402,,20610530,,,20480923,,20570406,,20500919,,,,20641225,20510106,,,,,20210129,,20580501,,20600101,,,20380504,20570202,,,20641224,,
,,20490204,20470416,20210124,20400412,,20611226,,,20481001,,20570420,,20501114,,,,20641226,20510223,,,,,20210205,,20580506,,20600301,,,20380505,20570205,,,20641225,,
,,20490205,20470501,20210130,20400420,,20620323,,,20481016,,20570501,,20501128,,,,,20510308,,,,,20210212,,20580605,,20600302,,,20380719,20570206,,,20641226,,
,,20490405,20470506,20210131,20400425,,20620324,,,20481225,,20570531,,20501226,,,,,20510501,,,,,20210219,,20580606,,20600416,,,20380811,20570228,,,,,
,,20490503,20470508,20210206,20400501,,20620327,,,20490101,,20570613,,20510102,,,,,20510502,,,,,20210226,,20580815,,20600421,,,20380920,20570403,,,,,
,,20490604,20470701,20210207,20400815,,20620421,,,20490202,,20570703,,20510127,,,,,20510508,,,,,20210305,,20581001,,20600617,,,20380923,20570404,,,,,
,,20490913,20470708,20210213,20400910,,20620504,,,20490203,,20570817,,20510201,,,,,20510509,,,,,20210312,,20581002,,20600709,,,20381011,20570430,,,,,
,,20491001,20470812,20210214,20401002,,20620505,,,20490204,,20570911,,20510213,,,,,20510612,,,,,20210319,,20581003,,20600907,,,20381103,20570501,,,,,
,,20491004,20471023,20210215,20401008,,20620515,,,20490405,,20571224,,20510501,,,,,20511106,,,,,20210326,,20581004,,20601012,,,20381123,20570606,,,,,
,,20491005,20471205,20210220,20401015,,20620605,,,20490416,,20571225,,20510524,,,,,20520101,,,,,20210402,,20581009,,20601102,,,20381223,20570913,,,,,
,,20491006,20471210,20210221,20401105,,20621225,,,20490419,,20580101,,20510529,,,,,20520102,,,,,20210409,,20581225,,20601115,,,20381231,20570914,,,,,
,,20491007,20471231,20210227,20401225,,20621226,,,20490510,,20580122,,20510612,,,,,20520103,,,,,20210416,,20590101,,20601231,,,20390103,20571010,,,,,
,,20500103,20480101,20210228,20410114,,20630101,,,20490604,,20580124,,20510817,,,,,20520104,,,,,20210423,,20590211,,20610125,,,20390110,20571231,,,,,
,,20500124,20480228,20210306,20410219,,20630412,,,20490701,,20580325,,20510831,,,,,20520105,,,,,20210430,,20590212,,20610221,,,20390211,20580101,,,,,
,,20500125,20480406,20210307,20410301,,20630413,,,20490913,,20580326,,20510907,,,,,20520108,,,,,20210507,,20590213,,20610222,,,20390321,20580123,,,,,
,,20500126,20480413,20210313,20410315,,20630416,,,20491001,,20580327,,20511102,,,,,20520223,,,,,20210512,,20590501,,20610408,,,20390429,20580124,,,,,
,,20500127,20480414,20210314,20410318,,20630511,,,20491005,,20580328,,20511116,,,,,20520308,,,,,20210513,,20590505,,20610421,,,20390503,20580125,,,,,
,,20500128,20480415,20210320,20410401,,20630524,,,20491227,,20580412,,20511225,,,,,20520501,,,,,20210514,,20590519,,20610609,,,20390504,20580128,,,,,
,,20500404,20480501,20210321,20410402,,20630525,,,20500124,,20580424,,20520101,,,,,20520508,,,,,20210521,,20590606,,20610907,,,20390505,20580228,,,,,
,,20500502,20480505,20210327,20410409,,20630604,,,20500125,,20580501,,20520201,,,,,20520509,,,,,20210528,,20590815,,20611012,,,20390718,20580301,,,,,
,,20500623,20480527,20210328,20410419,,20630605,,,20500126,,20580508,,20520202,,,,,20520510,,,,,20210604,,20590922,,20611102,,,20390811,20580404,,,,,
,,20500624,20480701,20210403,20410501,,20631224,,,20500404,,20580523,,20520213,,,,,20520612,,,,,20210611,,20590923,,20611115,,,20390919,20580405,,,,,
,,20500930,20480727,20210404,20410516,,20631225,,,20500408,,20581225,,20520501,,,,,20521104,,,,,20210618,,20591003,,20611230,,,20390923,20580501,,,,,
,,20501003,20480812,20210410,20410815,,20631226,,,20500411,,20590101,,20520513,,,,,20530101,,,,,20210625,,20591009,,20620125,,,20391010,20580624,,,,,
,,20501004,20481023,20210411,20410830,,20631231,,,20500502,,20590212,,20520516,,,,,20530102,,,,,20210702,,20591225,,20620206,,,20391103,20580625,,,,,
,,20501005,20481207,20210417,20410927,,20640101,,,20500623,,20590314,,20520530,,,,,20530103,,,,,20210709,,20600101,,20620207,,,20391123,20581002,,,,,
,,20501006,20481210,20210418,20411002,,20640403,,,20500701,,20590317,,20520531,,,,,20530106,,,,,20210716,,20600202,,20620324,,,20391223,20581010,,,,,
,,20501007,20481231,20210424,20411024,,20640404,,,20501024,,20590318,,20520805,,,,,20530107,,,,,20210719,,20600203,,20620421,,,20400102,20581011,,,,,
,,20510102,20490101,20210425,20411108,,20640407,,,20501226,,20590328,,20520826,,,,,20530108,,,,,20210720,,20600204,,20620501,,,20400103,20590101,,,,,
,,20510210,20490217,20210501,20411205,,20640502,,,20501227,,20590414,,20520916,,,,,20530310,,,,,20210721,,20600301,,20620525,,,20400109,20590210,,,,,
,,20510213,20490406,20210502,20411225,,20640515,,,20510102,,20590501,,20521021,,,,,20530501,,,,,20210723,,20600414,,20620907,,,20400320,20590211,,,,,
,,20510214,20490413,20210508,20420103,,20640516,,,20510213,,20590508,,20521104,,,,,20530502,,,,,20210730,,20600505,,20621012,,,20400430,20590212,,,,,
,,20510215,20490414,20210509,20420218,,20640526,,,20510214,,20590522,,20521225,,,,,20530509,,,,,20210806,,20600507,,20621102,,,20400503,20590213,,,,,
,,20510216,20490415,20210515,20420219,,20640605,,,20510331,,20590527,,20530101,,,,,20530612,,,,,20210813,,20600908,,20621115,,,20400504,20590214,,,,,
,,20510405,20490503,20210516,20420305,,20641224,,,20510403,,20590612,,20530203,,,,,20530613,,,,,20210820,,20600909,,20621120,,,20400716,20590228,,,,,
,,20510501,20490505,20210522,20420307,,20641225,,,20510405,,20590821,,20530219,,,,,20531103,,,,,20210827,,20600910,,20621225,,,20400917,20590403,,,,,
,,20510612,20490517,20210523,20420401,,20641226,,,20510501,,20591225,,20530220,,,,,20531104,,,,,20210903,,20610121,,20621229,,,20401008,20590404,,,,,
,,20510613,20490701,20210529,20420403,,20641231,,,20510517,,20600101,,20530501,,,,,20540101,,,,,20210910,,20610124,,20630101,,,20401123,20590501,,,,,
,,20510918,20490714,20210530,20420404,,20650101,,,20510613,,20600202,,20530506,,,,,20540102,,,,,20210917,,20610301,,20630125,,,20401224,20590502,,,,,
,,20510919,20490812,20210531,20420414,,20650326,,,20510920,,20600303,,20530519,,,,,20540105,,,,,20210923,,20610505,,20630226,,,20401231,20590613,,,,,
,,20511002,20491025,20210605,20420501,,20650327,,,20511002,,20600304,,20530520,,,,,20540106,,,,,20210924,,20610526,,20630227,,,20410101,20590922,,,,,
,,20511003,20491206,20210606,20420505,,20650330,,,20511013,,20600305,,20530815,,,,,20540107,,,,,20211001,,20610606,,20630413,,,20410102,20591010,,,,,
,,20511004,20491210,20210612,20420811,,20650424,,,20511225,,20600401,,20530901,,,,,20540108,,,,,20211008,,20610815,,20630501,,,20410103,20600101,,,,,
,,20511005,20491231,20210613,20420815,,20650507,,,20511226,,20600416,,20530916,,,,,20540109,,,,,20211015,,20610927,,20630614,,,20410114,20600102,,,,,
,,20511006,20500103,20210619,20420916,,20650508,,,20520101,,20600510,,20531024,,,,,20540223,,,,,20211022,,20610928,,20630709,,,20410211,20600130,,,,,
,,20520101,20500307,20210620,20420918,,20650518,,,20520201,,20600511,,20531110,,,,,20540309,,,,,20211029,,20610929,,20630907,,,20410320,20600202,,,,,
,,20520131,20500406,20210626,20421002,,20650605,,,20520202,,20600527,,20531225,,,,,20540501,,,,,20211105,,20611003,,20631012,,,20410429,20600203,,,,,
,,20520201,20500413,20210627,20421024,,20651224,,,20520404,,20600531,,20540101,,,,,20540504,,,,,20211112,,20620208,,20631102,,,20410503,20600204,,,,,
,,20520202,20500414,20210703,20421112,,20651225,,,20520419,,20600809,,20540202,,,,,20540511,,,,,20211119,,20620209,,20631115,,,20410506,20600227,,,,,
,,20520205,20500415,20210704,20421113,,20651231,,,20520422,,20600817,,20540209,,,,,20540612,,,,,20211126,,20620210,,20631120,,,20410715,20600405,,,,,
,,20520206,20500502,20210705,20421124,,20660101,,,20520501,,20601220,,20540210,,,,,20541104,,,,,20211203,,20620301,,20631225,,,20410812,20600406,,,,,
,,20520404,20500505,20210710,20421127,,20660408,,,20520506,,20601224,,20540501,,,,,20550101,,,,,20211210,,20620501,,20631231,,,20410916,20600430,,,,,
,,20520405,20500606,20210711,20421225,,20660409,,,20520701,,20610121,,20540511,,,,,20550104,,,,,20211217,,20620505,,20640101,,,20410923,20600603,,,,,
,,20520501,20500701,20210717,20430126,,20660412,,,20520909,,20610221,,20540522,,,,,20550105,,,,,20211224,,20620516,,20640125,,,20411014,20600604,,,,,
,,20520603,20500802,20210718,20430219,,20660507,,,20521001,,20610222,,20540716,,,,,20550106,,,,,20211231,,20620531,,20640218,,,20411104,20600909,,,,,
,,20520909,20500812,20210724,20430223,,20660520,,,20521030,,20610223,,20540805,,,,,20550107,,,,,20220107,,20620606,,20640219,,,20411223,20600910,,,,,
,,20521001,20501024,20210725,20430309,,20660521,,,20521225,,20610224,,20540831,,,,,20550108,,,,,20220114,,20620815,,20640404,,,20411231,20601011,,,,,
,,20521002,20501205,20210731,20430326,,20660531,,,20521226,,20610408,,20540916,,,,,20550222,,,,,20220121,,20620918,,20640421,,,20420101,20601231,,,,,
,,20521003,20501212,20210801,20430327,,20661224,,,20530101,,20610420,,20541014,,,,,20550223,,,,,20220128,,20620919,,20640501,,,20420102,20610120,,,,,
,,20521004,20510102,20210807,20430401,,20661231,,,20530219,,20610504,,20541030,,,,,20550308,,,,,20220204,,20621003,,20640605,,,20420103,20610121,,,,,
,,20521007,20510227,20210808,20430410,,,,,20530220,,20610519,,20541225,,,,,20550503,,,,,20220211,,20621009,,20640709,,,20420113,20610124,,,,,
,,20530101,20510406,20210814,20430414,,,,,20530221,,20610729,,20550101,,,,,20550504,,,,,20220218,,20621220,,20641120,,,20420211,20610125,,,,,
,,20530218,20510413,20210815,20430417,,,,,20530403,,20610817,,20550128,,,,,20550510,,,,,20220225,,20621225,,20641225,,,20420320,20610228,,,,,
,,20530219,20510414,20210821,20430422,,,,,20530404,,20620209,,20550129,,,,,20550614,,,,,20220304,,20630101,,20641231,,,20420429,20610401,,,,,
,,20530220,20510501,20210822,20430501,,,,,20530407,,20620210,,20550201,,,,,20551104,,,,,20220311,,20630129,,,,,20420505,20610404,,,,,
,,20530221,20510505,20210828,20430811,,,,,20530501,,20620213,,20550210,,,,,20551105,,,,,20220318,,20630130,,,,,20420506,20610502,,,,,
,,20530224,20510524,20210829,20430907,,,,,20530526,,20620214,,20550415,,,,,20560103,,,,,20220325,,20630131,,,,,20420721,20610622,,,,,
,,20530404,20510724,20210904,20431002,,,,,20530620,,20620324,,20550428,,,,,20560104,,,,,20220401,,20630301,,,,,20420811,20610928,,,,,
,,20530501,20510814,20210905,20431013,,,,,20530701,,20620410,,20550429,,,,,20560105,,,,,20220408,,20630501,,,,,20420915,20611010,,,,,
,,20530502,20511023,20210906,20431102,,,,,20531001,,20620420,,20550511,,,,,20560106,,,,,20220415,,20630507,,,,,20420923,20620102,,,,,
,,20530620,20511205,20210911,20431113,,,,,20531020,,20620501,,20550705,,,,,20560107,,,,,20220422,,20630606,,,,,20421013,20620208,,,,,
,,20530926,20511211,20210912,20431116,,,,,20531225,,20620504,,20550726,,,,,20560223,,,,,20220429,,20630815,,,,,20421103,20620209,,,,,
,,20531001,20520101,20210918,20431225,,,,,20531226,,20620511,,20550831,,,,,20560308,,,,,20220502,,20631003,,,,,20421124,20620210,,,,,
,,20531002,20520102,20210919,20440126,,,,,20540101,,20620523,,20550916,,,,,20560501,,,,,20220503,,20631005,,,,,20421223,20620213,,,,,
,,20531003,20520214,20210925,20440212,,,,,20540209,,20620719,,20551004,,,,,20560502,,,,,20220506,,20631008,,,,,20421231,20620227,,,,,
,,20531006,20520408,20210926,20440219,,,,,20540210,,20620817,,20551019,,,,,20560508,,,,,20220513,,20631009,,,,,20430101,20620228,,,,,
,,20531007,20520415,20211002,20440314,,,,,20540211,,20621129,,20560201,,,,,20560509,,,,,20220520,,20631225,,,,,20430102,20620403,,,,,
,,20540101,20520416,20211003,20440330,,,,,20540327,,20621225,,20560202,,,,,20560612,,,,,20220527,,20640101,,,,,20430112,20620404,,,,,
,,20540102,20520501,20211009,20440401,,,,,20540330,,20630101,,20560215,,,,,20561106,,,,,20220603,,20640218,,,,,20430211,20620501,,,,,
,,20540209,20520506,20211010,20440406,,,,,20540501,,20630129,,20560216,,,,,20570101,,,,,20220610,,20640219,,,,,20430429,20620612,,,,,
,,20540210,20520513,20211011,20440414,,,,,20540515,,20630130,,20560403,,,,,20570102,,,,,20220617,,20640409,,,,,20430504,20620918,,,,,
,,20540211,20520701,20211016,20440415,,,,,20540610,,20630131,,20560417,,,,,20570103,,,,,20220624,,20640501,,,,,20430505,20621009,,,,,
,,20540212,20520711,20211017,20440511,,,,,20540701,,20630201,,20560418,,,,,20570104,,,,,20220701,,20640505,,,,,20430506,20621010,,,,,
,,20540213,20520812,20211023,20440810,,,,,20540917,,20630202,,20560501,,,,,20570105,,,,,20220707,,20640523,,,,,20430720,20630101,,,,,
,,20540406,20521023,20211024,20440815,,,,,20541001,,20630330,,20560529,,,,,20570108,,,,,20220708,,20640606,,,,,20430811,20630126,,,,,
,,20540501,20521205,20211030,20440825,,,,,20541009,,20630409,,20560714,,,,,20570223,,,,,20220711,,20640815,,,,,20430921,20630129,,,,,
,,20540610,20521210,20211031,20440826,,,,,20541225,,20630413,,20560831,,,,,20570308,,,,,20220715,,20640924,,,,,20430922,20630130,,,,,
,,20540916,20521231,20211106,20441020,,,,,20550101,,20630430,,20560922,,,,,20570309,,,,,20220722,,20640925,,,,,20430923,20630131,,,,,
,,20541001,20530101,20211107,20441021,,,,,20550128,,20630501,,20561106,,,,,20570430,,,,,20220729,,20640926,,,,,20431012,20630228,,,,,
,,20541002,20530304,20211111,20441101,,,,,20550129,,20630524,,20561225,,,,,20570501,,,,,20220805,,20641003,,,,,20431103,20630404,,,,,
,,20541005,20530407,20211113,20441201,,,,,20550405,,20630709,,20570101,,,,,20570509,,,,,20220812,,20641009,,,,,20431123,20630405,,,,,
,,20541006,20530414,20211114,20450126,,,,,20550416,,20630817,,20570122,,,,,20570611,,,,,20220819,,20641225,,,,,20431223,20630430,,,,,
,,20541007,20530415,20211120,20450131,,,,,20550419,,20631224,,20570201,,,,,20570612,,,,,20220826,,,,,,,20431231,20630501,,,,,
,,20550101,20530501,20211121,20450215,,,,,20550504,,20631225,,20570205,,,,,20571105,,,,,20220902,,,,,,,20440101,20630601,,,,,
,,20550127,20530505,20211125,20450303,,,,,20550531,,20640101,,20570206,,,,,20580101,,,,,20220909,,,,,,,20440111,20631005,,,,,
,,20550128,20530602,20211127,20450327,,,,,20550701,,20640121,,20570323,,,,,20580102,,,,,20220916,,,,,,,20440211,20631010,,,,,
,,20550129,20530701,20211128,20450330,,,,,20551001,,20640122,,20570405,,,,,20580103,,,,,20220922,,,,,,,20440321,20631231,,,,,
,,20550201,20530730,20211204,20450407,,,,,20551006,,20640123,,20570406,,,,,20580104,,,,,20220923,,,,,,,20440429,20640101,,,,,
,,20550202,20530812,20211205,20450414,,,,,20551028,,20640328,,20570501,,,,,20580107,,,,,20220930,,,,,,,20440503,20640214,,,,,
,,20550405,20531023,20211211,20450501,,,,,20551227,,20640404,,20570518,,,,,20580108,,,,,20221007,,,,,,,20440504,20640215,,,,,
,,20550503,20531205,20211212,20450810,,,,,20560215,,20640417,,20570613,,,,,20580308,,,,,20221014,,,,,,,20440505,20640218,,,,,
,,20550531,20531210,20211218,20450815,,,,,20560216,,20640418,,20570703,,,,,20580501,,,,,20221021,,,,,,,20440718,20640219,,,,,
,,20551001,20531231,20211219,20450914,,,,,20560217,,20640501,,20570831,,,,,20580502,,,,,20221028,,,,,,,20440811,20640228,,,,,
,,20551004,20540101,20211224,20451002,,,,,20560331,,20640515,,20570911,,,,,20580503,,,,,20221104,,,,,,,20440919,20640229,,,,,
,,20551005,20540102,20211225,20451020,,,,,20560403,,20640530,,20570917,,,,,20580509,,,,,20221111,,,,,,,20440922,20640403,,,,,
,,20551006,20540223,20211226,20451108,,,,,20560404,,20640627,,20571225,,,,,20580510,,,,,20221118,,,,,,,20441010,20640404,,,,,
,,20551007,20540406,20220101,20451109,,,,,20560501,,20641107,,20580101,,,,,20580612,,,,,20221125,,,,,,,20441103,20640501,,,,,
,,20551008,20540413,20220102,20451120,,,,,20560522,,20641225,,20580124,,,,,20581104,,,,,20221202,,,,,,,20441123,20640502,,,,,
,,20560103,20540414,20220108,20451124,,,,,20560925,,,,20580125,,,,,20590101,,,,,20221209,,,,,,,20441223,20640619,,,,,
,,20560214,20540415,20220109,20451225,,,,,20561002,,,,20580201,,,,,20590102,,,,,20221216,,,,,,,20450102,20640620,,,,,
,,20560215,20540501,20220115,20460126,,,,,20561017,,,,20580207,,,,,20590103,,,,,20221223,,,,,,,20450103,20640925,,,,,
,,20560216,20540505,20220116,20460219,,,,,20561225,,,,20580312,,,,,20590106,,,,,20221230,,,,,,,20450109,20640926,,,,,
,,20560217,20540521,20220117,20460305,,,,,20561226,,,,20580326,,,,,20590107,,,,,20230106,,,,,,,20450320,20641010,,,,,
,,20560218,20540701,20220122,20460322,,,,,20570101,,,,20580327,,,,,20590108,,,,,20230113,,,,,,,20450503,,,,,,
,,20560403,20540720,20220123,20460323,,,,,20570205,,,,20580501,,,,,20590310,,,,,20230120,,,,,,,20450504,,,,,,
,,20560404,20540812,20220129,20460402,,,,,20570206,,,,20580507,,,,,20590501,,,,,20230127,,,,,,,20450505,,,,,,
,,20560501,20541023,20220130,20460419,,,,,20570207,,,,20580603,,,,,20590502,,,,,20230203,,,,,,,20450717,,,,,,
,,20560619,20541207,20220205,20460501,,,,,20570404,,,,20580916,,,,,20590509,,,,,20230210,,,,,,,20450811,,,,,,
,,20560925,20541210,20220206,20460810,,,,,20570420,,,,20581115,,,,,20590612,,,,,20230217,,,,,,,20450918,,,,,,
,,20561002,20541231,20220212,20460815,,,,,20570423,,,,20581225,,,,,20590613,,,,,20230224,,,,,,,20450922,,,,,,
,,20561003,20550101,20220213,20460903,,,,,20570501,,,,20590101,,,,,20591103,,,,,20230303,,,,,,,20451009,,,,,,
,,20561004,20550211,20220219,20461002,,,,,20570511,,,,20590128,,,,,20591104,,,,,20230310,,,,,,,20451103,,,,,,
,,20561005,20550406,20220220,20461009,,,,,20570606,,,,20590212,,,,,20600101,,,,,20230317,,,,,,,20451123,,,,,,
,,20561006,20550413,20220221,20461011,,,,,20570702,,,,20590213,,,,,20600102,,,,,20230324,,,,,,,20460101,,,,,,
,,20570101,20550414,20220226,20461029,,,,,20570914,,,,20590303,,,,,20600105,,,,,20230331,,,,,,,20460102,,,,,,
,,20570205,20550415,20220227,20461030,,,,,20571001,,,,20590317,,,,,20600106,,,,,20230407,,,,,,,20460103,,,,,,
,,20570206,20550503,20220305,20461109,,,,,20571225,,,,20590501,,,,,20600107,,,,,20230414,,,,,,,20460108,,,,,,
,,20570207,20550505,20220306,20461113,,,,,20571226,,,,20590522,,,,,20600108,,,,,20230420,,,,,,,20460212,,,,,,
,,20570208,20550510,20220312,20461225,,,,,20580101,,,,20590526,,,,,20600109,,,,,20230421,,,,,,,20460320,,,,,,
,,20570209,20550701,20220313,20470109,,,,,20580124,,,,20590612,,,,,20600223,,,,,20230424,,,,,,,20460430,,,,,,
,,20570404,20550708,20220319,20470219,,,,,20580125,,,,20590820,,,,,20600308,,,,,20230428,,,,,,,20460503,,,,,,
,,20570430,20550812,20220320,20470222,,,,,20580404,,,,20590901,,,,,20600503,,,,,20230505,,,,,,,20460504,,,,,,
,,20570501,20551025,20220326,20470312,,,,,20580412,,,,20590916,,,,,20600504,,,,,20230512,,,,,,,20460716,,,,,,
,,20570606,20551206,20220327,20470327,,,,,20580415,,,,20591104,,,,,20600510,,,,,20230519,,,,,,,20460917,,,,,,
,,20570913,20551210,20220402,20470401,,,,,20580430,,,,20591225,,,,,20600614,,,,,20230526,,,,,,,20460924,,,,,,
,,20570914,20551231,20220403,20470404,,,,,20580501,,,,20600101,,,,,20601104,,,,,20230602,,,,,,,20461008,,,,,,
,,20571001,20560103,20220409,20470408,,,,,20580625,,,,20600119,,,,,20601105,,,,,20230609,,,,,,,20461123,,,,,,
,,20571002,20560229,20220410,20470412,,,,,20580701,,,,20600202,,,,,20610103,,,,,20230616,,,,,,,20461224,,,,,,
,,20571003,20560406,20220415,20470501,,,,,20581001,,,,20600203,,,,,20610104,,,,,20230623,,,,,,,20461231,,,,,,
,,20571004,20560413,20220416,20470509,,,,,20581003,,,,20600204,,,,,20610105,,,,,20230627,,,,,,,20470101,,,,,,
,,20571005,20560414,20220417,20470725,,,,,20581025,,,,20600219,,,,,20610106,,,,,20230628,,,,,,,20470102,,,,,,
,,20571231,20560501,20220423,20470815,,,,,20581225,,,,20600304,,,,,20610107,,,,,20230629,,,,,,,20470103,,,,,,
,,20580101,20560505,20220424,20471001,,,,,20581226,,,,20600305,,,,,20610223,,,,,20230630,,,,,,,20470114,,,,,,
,,20580123,20560529,20220430,20471002,,,,,20590101,,,,20600511,,,,,20610307,,,,,20230707,,,,,,,20470211,,,,,,
,,20580124,20560727,20220501,20471018,,,,,20590212,,,,20600514,,,,,20610308,,,,,20230714,,,,,,,20470321,,,,,,
,,20580125,20560814,20220507,20471030,,,,,20590213,,,,20600531,,,,,20610502,,,,,20230721,,,,,,,20470429,,,,,,
,,20580128,20561023,20220508,20471225,,,,,20590214,,,,20600809,,,,,20610503,,,,,20230728,,,,,,,20470503,,,,,,
,,20580129,20561205,20220514,20480212,,,,,20590328,,,,20600831,,,,,20610509,,,,,20230804,,,,,,,20470506,,,,,,
,,20580404,20561211,20220515,20480219,,,,,20590331,,,,20600916,,,,,20610613,,,,,20230811,,,,,,,20470715,,,,,,
,,20580405,20570101,20220521,20480401,,,,,20590501,,,,20610121,,,,,20611104,,,,,20230818,,,,,,,20470812,,,,,,
,,20580501,20570102,20220522,20480403,,,,,20590519,,,,20610201,,,,,20620102,,,,,20230825,,,,,,,20470916,,,,,,
,,20580624,20570219,20220528,20480414,,,,,20590701,,,,20610204,,,,,20620103,,,,,20230901,,,,,,,20470923,,,,,,
,,20580625,20570406,20220529,20480422,,,,,20590922,,,,20610208,,,,,20620104,,,,,20230908,,,,,,,20471014,,,,,,
,,20581001,20570413,20220530,20480501,,,,,20591001,,,,20610221,,,,,20620105,,,,,20230915,,,,,,,20471104,,,,,,
,,20581002,20570416,20220604,20480527,,,,,20591014,,,,20610222,,,,,20620106,,,,,20230922,,,,,,,20471223,,,,,,
,,20581003,20570501,20220605,20480713,,,,,20591225,,,,20610502,,,,,20620223,,,,,20230929,,,,,,,20471231,,,,,,
,,20581004,20570507,20220611,20480911,,,,,20591226,,,,20610504,,,,,20620308,,,,,20231006,,,,,,,20480101,,,,,,
,,20581007,20570518,20220612,20481002,,,,,20600101,,,,20610729,,,,,20620501,,,,,20231013,,,,,,,20480102,,,,,,
,,20581008,20570716,20220618,20481016,,,,,20600202,,,,20610831,,,,,20620502,,,,,20231020,,,,,,,20480103,,,,,,
,,20590101,20570813,20220619,20481019,,,,,20600203,,,,20610916,,,,,20620508,,,,,20231027,,,,,,,20480113,,,,,,
,,20590211,20571023,20220625,20481105,,,,,20600204,,,,20611111,,,,,20620509,,,,,20231103,,,,,,,20480211,,,,,,
,,20590212,20571205,20220626,20481120,,,,,20600405,,,,20611226,,,,,20620612,,,,,20231110,,,,,,,20480320,,,,,,
,,20590213,20571210,20220702,20481218,,,,,20600416,,,,20620102,,,,,20621106,,,,,20231117,,,,,,,20480429,,,,,,
,,20590214,20571231,20220703,20481225,,,,,20600419,,,,20620125,,,,,20630101,,,,,20231124,,,,,,,20480504,,,,,,
,,20590217,20580101,20220704,20490126,,,,,20600507,,,,20620201,,,,,20630102,,,,,20231201,,,,,,,20480505,,,,,,
,,20590407,20580208,20220709,20490219,,,,,20600603,,,,20620209,,,,,20630103,,,,,20231208,,,,,,,20480506,,,,,,
,,20590501,20580408,20220710,20490302,,,,,20600701,,,,20620210,,,,,20630104,,,,,20231215,,,,,,,20480720,,,,,,
,,20590502,20580415,20220716,20490319,,,,,20600910,,,,20620213,,,,,20630105,,,,,20231222,,,,,,,20480811,,,,,,
,,20590616,20580416,20220717,20490401,,,,,20601001,,,,20620420,,,,,20630108,,,,,20231229,,,,,,,20480921,,,,,,
,,20590922,20580501,20220723,20490414,,,,,20601227,,,,20620501,,,,,20630223,,,,,20240105,,,,,,,20480922,,,,,,
,,20591001,20580506,20220724,20490416,,,,,20610121,,,,20620510,,,,,20630308,,,,,20240112,,,,,,,20481012,,,,,,
,,20591002,20580507,20220730,20490517,,,,,20610124,,,,20620523,,,,,20630309,,,,,20240119,,,,,,,20481103,,,,,,
,,20591003,20580701,20220731,20490702,,,,,20610404,,,,20620719,,,,,20630430,,,,,20240126,,,,,,,20481123,,,,,,
,,20591006,20580705,20220806,20490809,,,,,20610408,,,,20620831,,,,,20630501,,,,,20240202,,,,,,,20481223,,,,,,
,,20591007,20580812,20220807,20490901,,,,,20610411,,,,20621031,,,,,20630509,,,,,20240209,,,,,,,20481231,,,,,,
,,20600101,20581023,20220813,20490908,,,,,20610502,,,,20621225,,,,,20630611,,,,,20240216,,,,,,,20490101,,,,,,
,,20600102,20581205,20220814,20491006,,,,,20610526,,,,20630101,,,,,20630612,,,,,20240223,,,,,,,20490111,,,,,,
,,20600202,20581210,20220820,20491008,,,,,20610622,,,,20630117,,,,,20631105,,,,,20240301,,,,,,,20490211,,,,,,
,,20600203,20581231,20220821,20491026,,,,,20610701,,,,20630129,,,,,20640101,,,,,20240308,,,,,,,20490429,,,,,,
,,20600204,20590101,20220827,20491027,,,,,20610929,,,,20630130,,,,,20640102,,,,,20240315,,,,,,,20490503,,,,,,
,,20600205,20590226,20220828,20491109,,,,,20611021,,,,20630131,,,,,20640103,,,,,20240322,,,,,,,20490504,,,,,,
,,20600206,20590407,20220903,20491208,,,,,20611226,,,,20630201,,,,,20640104,,,,,20240329,,,,,,,20490505,,,,,,
,,20600405,20590414,20220904,20500126,,,,,20611227,,,,20630202,,,,,20640107,,,,,20240405,,,,,,,20490719,,,,,,
,,20600503,20590415,20220905,20500309,,,,,20620102,,,,20630212,,,,,20640108,,,,,20240409,,,,,,,20490811,,,,,,
,,20600603,20590501,20220910,20500323,,,,,20620209,,,,20630409,,,,,20640310,,,,,20240410,,,,,,,20490920,,,,,,
,,20600604,20590505,20220911,20500331,,,,,20620210,,,,20630430,,,,,20640501,,,,,20240411,,,,,,,20490921,,,,,,
,,20600909,20590526,20220917,20500401,,,,,20620324,,,,20630501,,,,,20640502,,,,,20240412,,,,,,,20490922,,,,,,
,,20600910,20590701,20220918,20500405,,,,,20620327,,,,20630709,,,,,20640509,,,,,20240419,,,,,,,20491011,,,,,,
,,20601001,20590724,20220924,20500408,,,,,20620404,,,,20630831,,,,,20640612,,,,,20240426,,,,,,,20491103,,,,,,
,,20601004,20590812,20220925,20500414,,,,,20620501,,,,20630917,,,,,20640613,,,,,20240503,,,,,,,20491123,,,,,,
,,20601005,20591023,20221001,20500506,,,,,20620516,,,,20631022,,,,,20641103,,,,,20240510,,,,,,,20491223,,,,,,
,,20601006,20591205,20221002,20500621,,,,,20620612,,,,20631225,,,,,20641104,,,,,20240517,,,,,,,20491231,,,,,,
,,20601007,20591210,20221008,20500809,,,,,20620918,,,,20640101,,,,,,,,,,20240524,,,,,,,20500103,,,,,,
,,20610103,20591231,20221009,20500815,,,,,20621002,,,,20640107,,,,,,,,,,20240531,,,,,,,20500110,,,,,,
,,20610120,20600101,20221010,20500920,,,,,20621011,,,,20640121,,,,,,,,,,20240607,,,,,,,20500211,,,,,,
,,20610121,20600102,20221015,20500927,,,,,20621225,,,,20640122,,,,,,,,,,20240613,,,,,,,20500321,,,,,,
,,20610124,20600216,20221016,20501025,,,,,20621226,,,,20640201,,,,,,,,,,20240614,,,,,,,20500429,,,,,,
,,20610125,20600406,20221022,20501115,,,,,20630101,,,,20640218,,,,,,,,,,20240617,,,,,,,20500503,,,,,,
,,20610126,20600413,20221023,20501128,,,,,20630129,,,,20640219,,,,,,,,,,20240621,,,,,,,20500504,,,,,,
,,20610404,20600414,20221029,20510126,,,,,20630130,,,,20640328,,,,,,,,,,20240628,,,,,,,20500505,,,,,,
,,20610502,20600415,20221030,20510327,,,,,20630131,,,,20640418,,,,,,,,,,20240705,,,,,,,20500718,,,,,,
,,20610622,20600503,20221105,20510331,,,,,20630405,,,,20640501,,,,,,,,,,20240712,,,,,,,20500811,,,,,,
,,20610928,20600505,20221106,20510411,,,,,20630413,,,,20640502,,,,,,,,,,20240719,,,,,,,20500919,,,,,,
,,20611003,20600514,20221111,20510414,,,,,20630416,,,,20640627,,,,,,,,,,20240726,,,,,,,20500923,,,,,,
,,20611004,20600701,20221112,20510419,,,,,20630501,,,,20640901,,,,,,,,,,20240802,,,,,,,20501010,,,,,,
,,20611005,20600712,20221113,20510501,,,,,20630601,,,,20640916,,,,,,,,,,20240809,,,,,,,20501103,,,,,,
,,20611006,20600812,20221119,20510525,,,,,20630702,,,,20641225,,,,,,,,,,20240816,,,,,,,20501123,,,,,,
,,20611007,20601025,20221120,20510809,,,,,20631001,,,,20641226,,,,,,,,,,20240823,,,,,,,20501223,,,,,,
,,20620102,20601206,20221124,20510815,,,,,20631008,,,,,,,,,,,,,,20240830,,,,,,,20510102,,,,,,
,,20620208,20601210,20221126,20510818,,,,,20631030,,,,,,,,,,,,,,20240906,,,,,,,20510103,,,,,,
,,20620209,20601231,20221127,20511002,,,,,20631225,,,,,,,,,,,,,,20240913,,,,,,,20510109,,,,,,
,,20620210,20610103,20221203,20511103,,,,,20631226,,,,,,,,,,,,,,20240920,,,,,,,20510321,,,,,,
,,20620213,20610307,20221204,20511117,,,,,20640101,,,,,,,,,,,,,,20240923,,,,,,,20510503,,,,,,
,,20620214,20610406,20221210,20511225,,,,,20640218,,,,,,,,,,,,,,20240927,,,,,,,20510504,,,,,,
,,20620403,20610413,20221211,20520126,,,,,20640219,,,,,,,,,,,,,,20241004,,,,,,,20510505,,,,,,
,,20620404,20610414,20221217,20520219,,,,,20640220,,,,,,,,,,,,,,20241011,,,,,,,20510717,,,,,,
,,20620501,20610415,20221218,20520228,,,,,20640403,,,,,,,,,,,,,,20241018,,,,,,,20510811,,,,,,
,,20620612,20610502,20221224,20520315,,,,,20640404,,,,,,,,,,,,,,20241025,,,,,,,20510918,,,,,,
,,20620918,20610505,20221225,20520401,,,,,20640407,,,,,,,,,,,,,,20241101,,,,,,,20511009,,,,,,
,,20621002,20610602,20221226,20520411,,,,,20640501,,,,,,,,,,,,,,20241108,,,,,,,20511103,,,,,,
,,20621003,20610701,20221231,20520419,,,,,20640523,,,,,,,,,,,,,,20241115,,,,,,,20511123,,,,,,
,,20621004,20610801,20230101,20520501,,,,,20640619,,,,,,,,,,,,,,20241122,,,,,,,20520101,,,,,,
,,20621005,20610812,20230102,20520513,,,,,20640701,,,,,,,,,,,,,,20241129,,,,,,,20520102,,,,,,
,,20621006,20611024,20230107,20520530,,,,,20640926,,,,,,,,,,,,,,20241206,,,,,,,20520103,,,,,,
,,20630101,20611205,20230108,20520806,,,,,20641001,,,,,,,,,,,,,,20241213,,,,,,,20520108,,,,,,
,,20630129,20611212,20230114,20520808,,,,,20641225,,,,,,,,,,,,,,20241220,,,,,,,20520212,,,,,,
,,20630130,20620102,20230115,20520815,,,,,20641226,,,,,,,,,,,,,,20241227,,,,,,,20520320,,,,,,
,,20630131,20620224,20230116,20520828,,,,,,,,,,,,,,,,,,,20250103,,,,,,,20520429,,,,,,
,,20630201,20620406,20230121,20520904,,,,,,,,,,,,,,,,,,,20250110,,,,,,,20520503,,,,,,
,,20630202,20620413,20230122,20521002,,,,,,,,,,,,,,,,,,,20250117,,,,,,,20520506,,,,,,
,,20630405,20620414,20230128,20521003,,,,,,,,,,,,,,,,,,,20250124,,,,,,,20520715,,,,,,
,,20630406,20620501,20230129,20521022,,,,,,,,,,,,,,,,,,,20250131,,,,,,,20520812,,,,,,
,,20630430,20620505,20230204,20521023,,,,,,,,,,,,,,,,,,,20250207,,,,,,,20520916,,,,,,
,,20630501,20620523,20230205,20521105,,,,,,,,,,,,,,,,,,,20250214,,,,,,,20520923,,,,,,
,,20630601,20620721,20230211,20521106,,,,,,,,,,,,,,,,,,,20250221,,,,,,,20521014,,,,,,
,,20631001,20620814,20230212,20521225,,,,,,,,,,,,,,,,,,,20250228,,,,,,,20521104,,,,,,
,,20631002,20621023,20230218,20530219,,,,,,,,,,,,,,,,,,,20250307,,,,,,,20521223,,,,,,
,,20631003,20621205,20230219,20530305,,,,,,,,,,,,,,,,,,,20250314,,,,,,,20521231,,,,,,
,,20631004,20621211,20230220,20530321,,,,,,,,,,,,,,,,,,,20250321,,,,,,,20530101,,,,,,
,,20631005,20630101,20230225,20530328,,,,,,,,,,,,,,,,,,,20250327,,,,,,,20530102,,,,,,
,,20631008,20630102,20230226,20530401,,,,,,,,,,,,,,,,,,,20250328,,,,,,,20530103,,,,,,
,,20631231,20630213,20230304,20530402,,,,,,,,,,,,,,,,,,,20250331,,,,,,,20530113,,,,,,
,,20640101,20630406,20230305,20530404,,,,,,,,,,,,,,,,,,,20250404,,,,,,,20530211,,,,,,
,,20640218,20630413,20230311,20530414,,,,,,,,,,,,,,,,,,,20250411,,,,,,,20530320,,,,,,
,,20640219,20630416,20230312,20530501,,,,,,,,,,,,,,,,,,,20250418,,,,,,,20530429,,,,,,
,,20640220,20630501,20230318,20530502,,,,,,,,,,,,,,,,,,,20250425,,,,,,,20530505,,,,,,
,,20640221,20630507,20230319,20530520,,,,,,,,,,,,,,,,,,,20250502,,,,,,,20530506,,,,,,
,,20640222,20630514,20230325,20530808,,,,,,,,,,,,,,,,,,,20250509,,,,,,,20530721,,,,,,
,,20640404,20630710,20230326,20530815,,,,,,,,,,,,,,,,,,,20250516,,,,,,,20530811,,,,,,
,,20640501,20630813,20230401,20530825,,,,,,,,,,,,,,,,,,,20250523,,,,,,,20530915,,,,,,
,,20640502,20631023,20230402,20530915,,,,,,,,,,,,,,,,,,,20250530,,,,,,,20530922,,,,,,
,,20640619,20631205,20230408,20531002,,,,,,,,,,,,,,,,,,,20250605,,,,,,,20531013,,,,,,
,,20640620,20631210,20230409,20531022,,,,,,,,,,,,,,,,,,,20250606,,,,,,,20531103,,,,,,
,,20640925,20631231,20230415,20531111,,,,,,,,,,,,,,,,,,,20250609,,,,,,,20531124,,,,,,
,,20641001,20640101,20230416,20531125,,,,,,,,,,,,,,,,,,,20250613,,,,,,,20531223,,,,,,
,,20641002,20640303,20230422,20531225,,,,,,,,,,,,,,,,,,,20250620,,,,,,,20531231,,,,,,
,,20641003,20640407,20230423,20540126,,,,,,,,,,,,,,,,,,,20250627,,,,,,,20540101,,,,,,
,,20641006,20640414,20230429,20540219,,,,,,,,,,,,,,,,,,,20250704,,,,,,,20540102,,,,,,
,,20641007,20640415,20230430,20540324,,,,,,,,,,,,,,,,,,,20250711,,,,,,,20540112,,,,,,
,,,20640501,20230506,20540327,,,,,,,,,,,,,,,,,,,20250718,,,,,,,20540211,,,,,,
,,,20640505,20230507,20540401,,,,,,,,,,,,,,,,,,,20250725,,,,,,,20540320,,,,,,
,,,20640530,20230513,20540409,,,,,,,,,,,,,,,,,,,20250801,,,,,,,20540429,,,,,,
,,,20640701,20230514,20540414,,,,,,,,,,,,,,,,,,,20250808,,,,,,,20540504,,,,,,
,,,20640728,20230520,20540416,,,,,,,,,,,,,,,,,,,20250815,,,,,,,20540505,,,,,,
,,,20640812,20230521,20540420,,,,,,,,,,,,,,,,,,,20250822,,,,,,,20540506,,,,,,
,,,20641023,20230527,20540501,,,,,,,,,,,,,,,,,,,20250829,,,,,,,20540720,,,,,,
,,,20641205,20230528,20540521,,,,,,,,,,,,,,,,,,,20250905,,,,,,,20540811,,,,,,
,,,20641210,20230529,20540716,,,,,,,,,,,,,,,,,,,20250912,,,,,,,20540921,,,,,,
,,,20641231,20230603,20541002,,,,,,,,,,,,,,,,,,,20250919,,,,,,,20540922,,,,,,
,,,,20230604,20541014,,,,,,,,,,,,,,,,,,,20250923,,,,,,,20540923,,,,,,
,,,,20230610,20541030,,,,,,,,,,,,,,,,,,,20250926,,,,,,,20541012,,,,,,
,,,,20230611,20541225,,,,,,,,,,,,,,,,,,,20251003,,,,,,,20541103,,,,,,
,,,,20230617,20550126,,,,,,,,,,,,,,,,,,,20251010,,,,,,,20541123,,,,,,
,,,,20230618,20550219,,,,,,,,,,,,,,,,,,,20251017,,,,,,,20541223,,,,,,
,,,,20230624,20550224,,,,,,,,,,,,,,,,,,,20251024,,,,,,,20541231,,,,,,
,,,,20230625,20550329,,,,,,,,,,,,,,,,,,,20251031,,,,,,,20550101,,,,,,
,,,,20230701,20550401,,,,,,,,,,,,,,,,,,,20251107,,,,,,,20550111,,,,,,
,,,,20230702,20550406,,,,,,,,,,,,,,,,,,,20251114,,,,,,,20550211,,,,,,
,,,,20230704,20550414,,,,,,,,,,,,,,,,,,,20251121,,,,,,,20550322,,,,,,
,,,,20230708,20550416,,,,,,,,,,,,,,,,,,,20251128,,,,,,,20550429,,,,,,
,,,,20230709,20550429,,,,,,,,,,,,,,,,,,,20251205,,,,,,,20550503,,,,,,
,,,,20230715,20550511,,,,,,,,,,,,,,,,,,,20251212,,,,,,,20550504,,,,,,
,,,,20230716,20550706,,,,,,,,,,,,,,,,,,,20251219,,,,,,,20550505,,,,,,
,,,,20230722,20550804,,,,,,,,,,,,,,,,,,,20251226,,,,,,,20550719,,,,,,
,,,,20230723,20550825,,,,,,,,,,,,,,,,,,,20260102,,,,,,,20550811,,,,,,
,,,,20230729,20550929,,,,,,,,,,,,,,,,,,,20260109,,,,,,,20550920,,,,,,
,,,,20230730,20551004,,,,,,,,,,,,,,,,,,,20260116,,,,,,,20550923,,,,,,
,,,,20230805,20551020,,,,,,,,,,,,,,,,,,,20260123,,,,,,,20551011,,,,,,
,,,,20230806,20551021,,,,,,,,,,,,,,,,,,,20260130,,,,,,,20551103,,,,,,
,,,,20230812,20551104,,,,,,,,,,,,,,,,,,,20260206,,,,,,,20551123,,,,,,
,,,,20230813,20560126,,,,,,,,,,,,,,,,,,,20260213,,,,,,,20551223,,,,,,
,,,,20230819,20560302,,,,,,,,,,,,,,,,,,,20260220,,,,,,,20551231,,,,,,
,,,,20230820,20560317,,,,,,,,,,,,,,,,,,,20260227,,,,,,,20560103,,,,,,
,,,,20230826,20560329,,,,,,,,,,,,,,,,,,,20260306,,,,,,,20560110,,,,,,
,,,,20230827,20560331,,,,,,,,,,,,,,,,,,,20260313,,,,,,,20560211,,,,,,
,,,,20230902,20560414,,,,,,,,,,,,,,,,,,,20260319,,,,,,,20560320,,,,,,
,,,,20230903,20560417,,,,,,,,,,,,,,,,,,,20260320,,,,,,,20560503,,,,,,
,,,,20230904,20560501,,,,,,,,,,,,,,,,,,,20260323,,,,,,,20560504,,,,,,
,,,,20230909,20560529,,,,,,,,,,,,,,,,,,,20260327,,,,,,,20560505,,,,,,
,,,,20230910,20560724,,,,,,,,,,,,,,,,,,,20260403,,,,,,,20560717,,,,,,
,,,,20230916,20560807,,,,,,,,,,,,,,,,,,,20260410,,,,,,,20560811,,,,,,
,,,,20230917,20560815,,,,,,,,,,,,,,,,,,,20260417,,,,,,,20560918,,,,,,
,,,,20230923,20560913,,,,,,,,,,,,,,,,,,,20260424,,,,,,,20560922,,,,,,
,,,,20230924,20561002,,,,,,,,,,,,,,,,,,,20260501,,,,,,,20561009,,,,,,
,,,,20230930,20561017,,,,,,,,,,,,,,,,,,,20260508,,,,,,,20561103,,,,,,
,,,,20231001,20561107,,,,,,,,,,,,,,,,,,,20260515,,,,,,,20561123,,,,,,
,,,,20231007,20561108,,,,,,,,,,,,,,,,,,,20260522,,,,,,,20570101,,,,,,
,,,,20231008,20561122,,,,,,,,,,,,,,,,,,,20260526,,,,,,,20570102,,,,,,
,,,,20231009,20561225,,,,,,,,,,,,,,,,,,,20260527,,,,,,,20570103,,,,,,
,,,,20231014,20570126,,,,,,,,,,,,,,,,,,,20260528,,,,,,,20570108,,,,,,
,,,,20231015,20570219,,,,,,,,,,,,,,,,,,,20260529,,,,,,,20570212,,,,,,
,,,,20231021,20570321,,,,,,,,,,,,,,,,,,,20260605,,,,,,,20570320,,,,,,
,,,,20231022,20570402,,,,,,,,,,,,,,,,,,,20260612,,,,,,,20570430,,,,,,
,,,,20231028,20570405,,,,,,,,,,,,,,,,,,,20260619,,,,,,,20570503,,,,,,
,,,,20231029,20570406,,,,,,,,,,,,,,,,,,,20260626,,,,,,,20570504,,,,,,
,,,,20231104,20570413,,,,,,,,,,,,,,,,,,,20260703,,,,,,,20570716,,,,,,
,,,,20231105,20570417,,,,,,,,,,,,,,,,,,,20260710,,,,,,,20570917,,,,,,
,,,,20231111,20570420,,,,,,,,,,,,,,,,,,,20260717,,,,,,,20571008,,,,,,
,,,,20231112,20570501,,,,,,,,,,,,,,,,,,,20260724,,,,,,,20571123,,,,,,
,,,,20231118,20570518,,,,,,,,,,,,,,,,,,,20260731,,,,,,,20571224,,,,,,
,,,,20231119,20570613,,,,,,,,,,,,,,,,,,,20260807,,,,,,,20571231,,,,,,
,,,,20231123,20570713,,,,,,,,,,,,,,,,,,,20260814,,,,,,,20580101,,,,,,
,,,,20231125,20570807,,,,,,,,,,,,,,,,,,,20260821,,,,,,,20580102,,,,,,
,,,,20231126,20570815,,,,,,,,,,,,,,,,,,,20260828,,,,,,,20580103,,,,,,
,,,,20231202,20570912,,,,,,,,,,,,,,,,,,,20260904,,,,,,,20580114,,,,,,
,,,,20231203,20571002,,,,,,,,,,,,,,,,,,,20260911,,,,,,,20580211,,,,,,
,,,,20231209,20571029,,,,,,,,,,,,,,,,,,,20260918,,,,,,,20580320,,,,,,
,,,,20231210,20571225,,,,,,,,,,,,,,,,,,,20260923,,,,,,,20580429,,,,,,
,,,,20231216,20580219,,,,,,,,,,,,,,,,,,,20260925,,,,,,,20580503,,,,,,
,,,,20231217,20580221,,,,,,,,,,,,,,,,,,,20261002,,,,,,,20580506,,,,,,
,,,,20231223,20580325,,,,,,,,,,,,,,,,,,,20261009,,,,,,,20580715,,,,,,
,,,,20231224,20580326,,,,,,,,,,,,,,,,,,,20261016,,,,,,,20580812,,,,,,
,,,,20231225,20580401,,,,,,,,,,,,,,,,,,,20261023,,,,,,,20580916,,,,,,
,,,,20231230,20580402,,,,,,,,,,,,,,,,,,,20261030,,,,,,,20580923,,,,,,
,,,,20231231,20580412,,,,,,,,,,,,,,,,,,,20261106,,,,,,,20581014,,,,,,
,,,,20240101,20580501,,,,,,,,,,,,,,,,,,,20261113,,,,,,,20581104,,,,,,
,,,,20240106,20580508,,,,,,,,,,,,,,,,,,,20261120,,,,,,,20581223,,,,,,
,,,,20240107,20580702,,,,,,,,,,,,,,,,,,,20261127,,,,,,,20581231,,,,,,
,,,,20240113,20580807,,,,,,,,,,,,,,,,,,,20261204,,,,,,,20590101,,,,,,
,,,,20240114,20580815,,,,,,,,,,,,,,,,,,,20261211,,,,,,,20590102,,,,,,
,,,,20240115,20580823,,,,,,,,,,,,,,,,,,,20261218,,,,,,,20590103,,,,,,
,,,,20240120,20581002,,,,,,,,,,,,,,,,,,,20261225,,,,,,,20590113,,,,,,
,,,,20240121,20581115,,,,,,,,,,,,,,,,,,,20270101,,,,,,,20590211,,,,,,
,,,,20240127,20581225,,,,,,,,,,,,,,,,,,,20270108,,,,,,,20590320,,,,,,
,,,,20240128,20590219,,,,,,,,,,,,,,,,,,,20270115,,,,,,,20590429,,,,,,
,,,,20240203,20590312,,,,,,,,,,,,,,,,,,,20270122,,,,,,,20590505,,,,,,
,,,,20240204,20590328,,,,,,,,,,,,,,,,,,,20270129,,,,,,,20590506,,,,,,
,,,,20240210,20590401,,,,,,,,,,,,,,,,,,,20270205,,,,,,,20590721,,,,,,
,,,,20240211,20590414,,,,,,,,,,,,,,,,,,,20270212,,,,,,,20590811,,,,,,
,,,,20240217,20590421,,,,,,,,,,,,,,,,,,,20270219,,,,,,,20590915,,,,,,
,,,,20240218,20590425,,,,,,,,,,,,,,,,,,,20270226,,,,,,,20590923,,,,,,
,,,,20240219,20590501,,,,,,,,,,,,,,,,,,,20270305,,,,,,,20591013,,,,,,
,,,,20240224,20590523,,,,,,,,,,,,,,,,,,,20270308,,,,,,,20591103,,,,,,
,,,,20240225,20590527,,,,,,,,,,,,,,,,,,,20270309,,,,,,,20591124,,,,,,
,,,,20240302,20590807,,,,,,,,,,,,,,,,,,,20270310,,,,,,,20591223,,,,,,
,,,,20240303,20590815,,,,,,,,,,,,,,,,,,,20270312,,,,,,,20591231,,,,,,
,,,,20240309,20590821,,,,,,,,,,,,,,,,,,,20270319,,,,,,,20600101,,,,,,
,,,,20240310,20590911,,,,,,,,,,,,,,,,,,,20270326,,,,,,,20600102,,,,,,
,,,,20240316,20591002,,,,,,,,,,,,,,,,,,,20270402,,,,,,,20600112,,,,,,
,,,,20240317,20591016,,,,,,,,,,,,,,,,,,,20270409,,,,,,,20600211,,,,,,
,,,,20240323,20591104,,,,,,,,,,,,,,,,,,,20270416,,,,,,,20600429,,,,,,
,,,,20240324,20591106,,,,,,,,,,,,,,,,,,,20270423,,,,,,,20600503,,,,,,
,,,,20240329,20591119,,,,,,,,,,,,,,,,,,,20270430,,,,,,,20600504,,,,,,
,,,,20240330,20591225,,,,,,,,,,,,,,,,,,,20270507,,,,,,,20600505,,,,,,
,,,,20240331,20600126,,,,,,,,,,,,,,,,,,,20270513,,,,,,,20600719,,,,,,
,,,,20240406,20600219,,,,,,,,,,,,,,,,,,,20270514,,,,,,,20600811,,,,,,
,,,,20240407,20600301,,,,,,,,,,,,,,,,,,,20270517,,,,,,,20600920,,,,,,
,,,,20240413,20600304,,,,,,,,,,,,,,,,,,,20270521,,,,,,,20600921,,,,,,
,,,,20240414,20600317,,,,,,,,,,,,,,,,,,,20270528,,,,,,,20600922,,,,,,
,,,,20240420,20600401,,,,,,,,,,,,,,,,,,,20270604,,,,,,,20601011,,,,,,
,,,,20240421,20600402,,,,,,,,,,,,,,,,,,,20270611,,,,,,,20601103,,,,,,
,,,,20240427,20600409,,,,,,,,,,,,,,,,,,,20270618,,,,,,,20601123,,,,,,
,,,,20240428,20600413,,,,,,,,,,,,,,,,,,,20270625,,,,,,,20601223,,,,,,
,,,,20240504,20600414,,,,,,,,,,,,,,,,,,,20270702,,,,,,,20601231,,,,,,
,,,,20240505,20600416,,,,,,,,,,,,,,,,,,,20270709,,,,,,,20610103,,,,,,
,,,,20240511,20600511,,,,,,,,,,,,,,,,,,,20270716,,,,,,,20610110,,,,,,
,,,,20240512,20600610,,,,,,,,,,,,,,,,,,,20270723,,,,,,,20610211,,,,,,
,,,,20240518,20600806,,,,,,,,,,,,,,,,,,,20270730,,,,,,,20610321,,,,,,
,,,,20240519,20600809,,,,,,,,,,,,,,,,,,,20270806,,,,,,,20610429,,,,,,
,,,,20240525,20601005,,,,,,,,,,,,,,,,,,,20270813,,,,,,,20610503,,,,,,
,,,,20240526,20601025,,,,,,,,,,,,,,,,,,,20270820,,,,,,,20610504,,,,,,
,,,,20240527,20601108,,,,,,,,,,,,,,,,,,,20270827,,,,,,,20610505,,,,,,
,,,,20240601,20610126,,,,,,,,,,,,,,,,,,,20270903,,,,,,,20610718,,,,,,
,,,,20240602,20610218,,,,,,,,,,,,,,,,,,,20270910,,,,,,,20610811,,,,,,
,,,,20240608,20610222,,,,,,,,,,,,,,,,,,,20270917,,,,,,,20610919,,,,,,
,,,,20240609,20610322,,,,,,,,,,,,,,,,,,,20270923,,,,,,,20610922,,,,,,
,,,,20240615,20610329,,,,,,,,,,,,,,,,,,,20270924,,,,,,,20611010,,,,,,
,,,,20240616,20610401,,,,,,,,,,,,,,,,,,,20271001,,,,,,,20611103,,,,,,
,,,,20240622,20610408,,,,,,,,,,,,,,,,,,,20271008,,,,,,,20611123,,,,,,
,,,,20240623,20610414,,,,,,,,,,,,,,,,,,,20271015,,,,,,,20611223,,,,,,
,,,,20240629,20610504,,,,,,,,,,,,,,,,,,,20271022,,,,,,,20620102,,,,,,
,,,,20240630,20610530,,,,,,,,,,,,,,,,,,,20271029,,,,,,,20620103,,,,,,
,,,,20240704,20610815,,,,,,,,,,,,,,,,,,,20271105,,,,,,,20620109,,,,,,
,,,,20240706,20611111,,,,,,,,,,,,,,,,,,,20271112,,,,,,,20620320,,,,,,
,,,,20240707,20620126,,,,,,,,,,,,,,,,,,,20271119,,,,,,,20620503,,,,,,
,,,,20240713,20620309,,,,,,,,,,,,,,,,,,,20271126,,,,,,,20620504,,,,,,
,,,,20240714,20620324,,,,,,,,,,,,,,,,,,,20271203,,,,,,,20620505,,,,,,
,,,,20240720,20620410,,,,,,,,,,,,,,,,,,,20271210,,,,,,,20620717,,,,,,
,,,,20240721,20620414,,,,,,,,,,,,,,,,,,,20271217,,,,,,,20620811,,,,,,
,,,,20240727,20620417,,,,,,,,,,,,,,,,,,,20271224,,,,,,,20620918,,,,,,
,,,,20240728,20620421,,,,,,,,,,,,,,,,,,,20271231,,,,,,,20621009,,,,,,
,,,,20240803,20620501,,,,,,,,,,,,,,,,,,,20280107,,,,,,,20621103,,,,,,
,,,,20240804,20620523,,,,,,,,,,,,,,,,,,,20280114,,,,,,,20621123,,,,,,
,,,,20240810,20620719,,,,,,,,,,,,,,,,,,,20280121,,,,,,,20630101,,,,,,
,,,,20240811,20620815,,,,,,,,,,,,,,,,,,,20280128,,,,,,,20630102,,,,,,
,,,,20240817,20620906,,,,,,,,,,,,,,,,,,,20280204,,,,,,,20630103,,,,,,
,,,,20240818,20621002,,,,,,,,,,,,,,,,,,,20280211,,,,,,,20630108,,,,,,
,,,,20240824,20621012,,,,,,,,,,,,,,,,,,,20280218,,,,,,,20630212,,,,,,
,,,,20240825,20621031,,,,,,,,,,,,,,,,,,,20280224,,,,,,,20630320,,,,,,
,,,,20240831,20621102,,,,,,,,,,,,,,,,,,,20280225,,,,,,,20630430,,,,,,
,,,,20240901,20621116,,,,,,,,,,,,,,,,,,,20280228,,,,,,,20630503,,,,,,
,,,,20240902,20621225,,,,,,,,,,,,,,,,,,,20280303,,,,,,,20630504,,,,,,
,,,,20240907,20630126,,,,,,,,,,,,,,,,,,,20280310,,,,,,,20630716,,,,,,
,,,,20240908,20630201,,,,,,,,,,,,,,,,,,,20280317,,,,,,,20630917,,,,,,
,,,,20240914,20630219,,,,,,,,,,,,,,,,,,,20280324,,,,,,,20630924,,,,,,
,,,,20240915,20630226,,,,,,,,,,,,,,,,,,,20280331,,,,,,,20631008,,,,,,
,,,,20240921,20630315,,,,,,,,,,,,,,,,,,,20280407,,,,,,,20631123,,,,,,
,,,,20240922,20630402,,,,,,,,,,,,,,,,,,,20280414,,,,,,,20631224,,,,,,
,,,,20240928,20630410,,,,,,,,,,,,,,,,,,,20280421,,,,,,,20631231,,,,,,
,,,,20240929,20630411,,,,,,,,,,,,,,,,,,,20280428,,,,,,,20640101,,,,,,
,,,,20241005,20630413,,,,,,,,,,,,,,,,,,,20280504,,,,,,,20640102,,,,,,
,,,,20241006,20630501,,,,,,,,,,,,,,,,,,,20280505,,,,,,,20640103,,,,,,
,,,,20241012,20630509,,,,,,,,,,,,,,,,,,,20280508,,,,,,,20640114,,,,,,
,,,,20241013,20630709,,,,,,,,,,,,,,,,,,,20280512,,,,,,,20640211,,,,,,
,,,,20241014,20630806,,,,,,,,,,,,,,,,,,,20280519,,,,,,,20640320,,,,,,
,,,,20241019,20630815,,,,,,,,,,,,,,,,,,,20280526,,,,,,,20640429,,,,,,
,,,,20241020,20630827,,,,,,,,,,,,,,,,,,,20280602,,,,,,,20640505,,,,,,
,,,,20241026,20631001,,,,,,,,,,,,,,,,,,,20280609,,,,,,,20640506,,,,,,
,,,,20241027,20631002,,,,,,,,,,,,,,,,,,,20280616,,,,,,,20640721,,,,,,
,,,,20241102,20631022,,,,,,,,,,,,,,,,,,,20280623,,,,,,,20640811,,,,,,
,,,,20241103,20631106,,,,,,,,,,,,,,,,,,,20280630,,,,,,,20640915,,,,,,
,,,,20241109,20631225,,,,,,,,,,,,,,,,,,,20280707,,,,,,,20640922,,,,,,
,,,,20241110,20640121,,,,,,,,,,,,,,,,,,,20280714,,,,,,,20641013,,,,,,
,,,,20241111,20640215,,,,,,,,,,,,,,,,,,,20280721,,,,,,,20641103,,,,,,
,,,,20241116,20640219,,,,,,,,,,,,,,,,,,,20280728,,,,,,,20641124,,,,,,
,,,,20241117,20640303,,,,,,,,,,,,,,,,,,,20280804,,,,,,,20641223,,,,,,
,,,,20241123,20640319,,,,,,,,,,,,,,,,,,,20280811,,,,,,,20641231,,,,,,
,,,,20241124,20640327,,,,,,,,,,,,,,,,,,,20280818,,,,,,,,,,,,,
,,,,20241128,20640331,,,,,,,,,,,,,,,,,,,20280825,,,,,,,,,,,,,
,,,,20241130,20640401,,,,,,,,,,,,,,,,,,,20280901,,,,,,,,,,,,,
,,,,20241201,20640404,,,,,,,,,,,,,,,,,,,20280908,,,,,,,,,,,,,
,,,,20241207,20640414,,,,,,,,,,,,,,,,,,,20280915,,,,,,,,,,,,,
,,,,20241208,20640428,,,,,,,,,,,,,,,,,,,20280922,,,,,,,,,,,,,
,,,,20241214,20640501,,,,,,,,,,,,,,,,,,,20280929,,,,,,,,,,,,,
,,,,20241215,20640805,,,,,,,,,,,,,,,,,,,20281006,,,,,,,,,,,,,
,,,,20241221,20640815,,,,,,,,,,,,,,,,,,,20281013,,,,,,,,,,,,,
,,,,20241222,20641002,,,,,,,,,,,,,,,,,,,20281020,,,,,,,,,,,,,
,,,,20241225,20641225,,,,,,,,,,,,,,,,,,,20281027,,,,,,,,,,,,,
,,,,20241228,,,,,,,,,,,,,,,,,,,,20281103,,,,,,,,,,,,,
,,,,20241229,,,,,,,,,,,,,,,,,,,,20281110,,,,,,,,,,,,,
,,,,20250101,,,,,,,,,,,,,,,,,,,,20281117,,,,,,,,,,,,,
,,,,20250104,,,,,,,,,,,,,,,,,,,,20281124,,,,,,,,,,,,,
,,,,20250105,,,,,,,,,,,,,,,,,,,,20281201,,,,,,,,,,,,,
,,,,20250111,,,,,,,,,,,,,,,,,,,,20281208,,,,,,,,,,,,,
,,,,20250112,,,,,,,,,,,,,,,,,,,,20281215,,,,,,,,,,,,,
,,,,20250118,,,,,,,,,,,,,,,,,,,,20281222,,,,,,,,,,,,,
,,,,20250119,,,,,,,,,,,,,,,,,,,,20281229,,,,,,,,,,,,,
,,,,20250120,,,,,,,,,,,,,,,,,,,,20290105,,,,,,,,,,,,,
,,,,20250125,,,,,,,,,,,,,,,,,,,,20290112,,,,,,,,,,,,,
,,,,20250126,,,,,,,,,,,,,,,,,,,,20290119,,,,,,,,,,,,,
,,,,20250201,,,,,,,,,,,,,,,,,,,,20290126,,,,,,,,,,,,,
,,,,20250202,,,,,,,,,,,,,,,,,,,,20290202,,,,,,,,,,,,,
,,,,20250208,,,,,,,,,,,,,,,,,,,,20290209,,,,,,,,,,,,,
,,,,20250209,,,,,,,,,,,,,,,,,,,,20290213,,,,,,,,,,,,,
,,,,20250215,,,,,,,,,,,,,,,,,,,,20290214,,,,,,,,,,,,,
,,,,20250216,,,,,,,,,,,,,,,,,,,,20290215,,,,,,,,,,,,,
,,,,20250217,,,,,,,,,,,,,,,,,,,,20290216,,,,,,,,,,,,,
,,,,20250222,,,,,,,,,,,,,,,,,,,,20290223,,,,,,,,,,,,,
,,,,20250223,,,,,,,,,,,,,,,,,,,,20290302,,,,,,,,,,,,,
,,,,20250301,,,,,,,,,,,,,,,,,,,,20290309,,,,,,,,,,,,,
,,,,20250302,,,,,,,,,,,,,,,,,,,,20290316,,,,,,,,,,,,,
,,,,20250308,,,,,,,,,,,,,,,,,,,,20290323,,,,,,,,,,,,,
,,,,20250309,,,,,,,,,,,,,,,,,,,,20290330,,,,,,,,,,,,,
,,,,20250315,,,,,,,,,,,,,,,,,,,,20290406,,,,,,,,,,,,,
,,,,20250316,,,,,,,,,,,,,,,,,,,,20290413,,,,,,,,,,,,,
,,,,20250322,,,,,,,,,,,,,,,,,,,,20290420,,,,,,,,,,,,,
,,,,20250323,,,,,,,,,,,,,,,,,,,,20290423,,,,,,,,,,,,,
,,,,20250329,,,,,,,,,,,,,,,,,,,,20290424,,,,,,,,,,,,,
,,,,20250330,,,,,,,,,,,,,,,,,,,,20290425,,,,,,,,,,,,,
,,,,20250405,,,,,,,,,,,,,,,,,,,,20290427,,,,,,,,,,,,,
,,,,20250406,,,,,,,,,,,,,,,,,,,,20290504,,,,,,,,,,,,,
,,,,20250412,,,,,,,,,,,,,,,,,,,,20290511,,,,,,,,,,,,,
,,,,20250413,,,,,,,,,,,,,,,,,,,,20290518,,,,,,,,,,,,,
,,,,20250418,,,,,,,,,,,,,,,,,,,,20290525,,,,,,,,,,,,,
,,,,20250419,,,,,,,,,,,,,,,,,,,,20290601,,,,,,,,,,,,,
,,,,20250420,,,,,,,,,,,,,,,,,,,,20290608,,,,,,,,,,,,,
,,,,20250426,,,,,,,,,,,,,,,,,,,,20290615,,,,,,,,,,,,,
,,,,20250427,,,,,,,,,,,,,,,,,,,,20290622,,,,,,,,,,,,,
,,,,20250503,,,,,,,,,,,,,,,,,,,,20290629,,,,,,,,,,,,,
,,,,20250504,,,,,,,,,,,,,,,,,,,,20290706,,,,,,,,,,,,,
,,,,20250510,,,,,,,,,,,,,,,,,,,,20290713,,,,,,,,,,,,,
,,,,20250511,,,,,,,,,,,,,,,,,,,,20290720,,,,,,,,,,,,,
,,,,20250517,,,,,,,,,,,,,,,,,,,,20290727,,,,,,,,,,,,,
,,,,20250518,,,,,,,,,,,,,,,,,,,,20290803,,,,,,,,,,,,,
,,,,20250524,,,,,,,,,,,,,,,,,,,,20290810,,,,,,,,,,,,,
,,,,20250525,,,,,,,,,,,,,,,,,,,,20290817,,,,,,,,,,,,,
,,,,20250526,,,,,,,,,,,,,,,,,,,,20290824,,,,,,,,,,,,,
,,,,20250531,,,,,,,,,,,,,,,,,,,,20290831,,,,,,,,,,,,,
,,,,20250601,,,,,,,,,,,,,,,,,,,,20290907,,,,,,,,,,,,,
,,,,20250607,,,,,,,,,,,,,,,,,,,,20290914,,,,,,,,,,,,,
,,,,20250608,,,,,,,,,,,,,,,,,,,,20290921,,,,,,,,,,,,,
,,,,20250614,,,,,,,,,,,,,,,,,,,,20290928,,,,,,,,,,,,,
,,,,20250615,,,,,,,,,,,,,,,,,,,,20291005,,,,,,,,,,,,,
,,,,20250621,,,,,,,,,,,,,,,,,,,,20291012,,,,,,,,,,,,,
,,,,20250622,,,,,,,,,,,,,,,,,,,,20291019,,,,,,,,,,,,,
,,,,20250628,,,,,,,,,,,,,,,,,,,,20291026,,,,,,,,,,,,,
,,,,20250629,,,,,,,,,,,,,,,,,,,,20291102,,,,,,,,,,,,,
,,,,20250704,,,,,,,,,,,,,,,,,,,,20291109,,,,,,,,,,,,,
,,,,20250705,,,,,,,,,,,,,,,,,,,,20291116,,,,,,,,,,,,,
,,,,20250706,,,,,,,,,,,,,,,,,,,,20291123,,,,,,,,,,,,,
,,,,20250712,,,,,,,,,,,,,,,,,,,,20291130,,,,,,,,,,,,,
,,,,20250713,,,,,,,,,,,,,,,,,,,,20291207,,,,,,,,,,,,,
,,,,20250719,,,,,,,,,,,,,,,,,,,,20291214,,,,,,,,,,,,,
,,,,20250720,,,,,,,,,,,,,,,,,,,,20291221,,,,,,,,,,,,,
,,,,20250726,,,,,,,,,,,,,,,,,,,,20291228,,,,,,,,,,,,,
,,,,20250727,,,,,,,,,,,,,,,,,,,,20300104,,,,,,,,,,,,,
,,,,20250802,,,,,,,,,,,,,,,,,,,,20300111,,,,,,,,,,,,,
,,,,20250803,,,,,,,,,,,,,,,,,,,,20300118,,,,,,,,,,,,,
,,,,20250809,,,,,,,,,,,,,,,,,,,,20300125,,,,,,,,,,,,,
,,,,20250810,,,,,,,,,,,,,,,,,,,,20300201,,,,,,,,,,,,,
,,,,20250816,,,,,,,,,,,,,,,,,,,,20300204,,,,,,,,,,,,,
,,,,20250817,,,,,,,,,,,,,,,,,,,,20300205,,,,,,,,,,,,,
,,,,20250823,,,,,,,,,,,,,,,,,,,,20300208,,,,,,,,,,,,,
,,,,20250824,,,,,,,,,,,,,,,,,,,,20300215,,,,,,,,,,,,,
,,,,20250830,,,,,,,,,,,,,,,,,,,,20300222,,,,,,,,,,,,,
,,,,20250831,,,,,,,,,,,,,,,,,,,,20300301,,,,,,,,,,,,,
,,,,20250901,,,,,,,,,,,,,,,,,,,,20300308,,,,,,,,,,,,,
,,,,20250906,,,,,,,,,,,,,,,,,,,,20300315,,,,,,,,,,,,,
,,,,20250907,,,,,,,,,,,,,,,,,,,,20300322,,,,,,,,,,,,,
,,,,20250913,,,,,,,,,,,,,,,,,,,,20300329,,,,,,,,,,,,,
,,,,20250914,,,,,,,,,,,,,,,,,,,,20300405,,,,,,,,,,,,,
,,,,20250920,,,,,,,,,,,,,,,,,,,,20300411,,,,,,,,,,,,,
,,,,20250921,,,,,,,,,,,,,,,,,,,,20300412,,,,,,,,,,,,,
,,,,20250927,,,,,,,,,,,,,,,,,,,,20300415,,,,,,,,,,,,,
,,,,20250928,,,,,,,,,,,,,,,,,,,,20300419,,,,,,,,,,,,,
,,,,20251004,,,,,,,,,,,,,,,,,,,,20300426,,,,,,,,,,,,,
,,,,20251005,,,,,,,,,,,,,,,,,,,,20300503,,,,,,,,,,,,,
,,,,20251011,,,,,,,,,,,,,,,,,,,,20300510,,,,,,,,,,,,,
,,,,20251012,,,,,,,,,,,,,,,,,,,,20300517,,,,,,,,,,,,,
,,,,20251013,,,,,,,,,,,,,,,,,,,,20300524,,,,,,,,,,,,,
,,,,20251018,,,,,,,,,,,,,,,,,,,,20300531,,,,,,,,,,,,,
,,,,20251019,,,,,,,,,,,,,,,,,,,,20300607,,,,,,,,,,,,,
,,,,20251025,,,,,,,,,,,,,,,,,,,,20300614,,,,,,,,,,,,,
,,,,20251026,,,,,,,,,,,,,,,,,,,,20300621,,,,,,,,,,,,,
,,,,20251101,,,,,,,,,,,,,,,,,,,,20300628,,,,,,,,,,,,,
,,,,20251102,,,,,,,,,,,,,,,,,,,,20300705,,,,,,,,,,,,,
,,,,20251108,,,,,,,,,,,,,,,,,,,,20300712,,,,,,,,,,,,,
,,,,20251109,,,,,,,,,,,,,,,,,,,,20300719,,,,,,,,,,,,,
,,,,20251111,,,,,,,,,,,,,,,,,,,,20300726,,,,,,,,,,,,,
,,,,20251115,,,,,,,,,,,,,,,,,,,,20300802,,,,,,,,,,,,,
,,,,20251116,,,,,,,,,,,,,,,,,,,,20300809,,,,,,,,,,,,,
,,,,20251122,,,,,,,,,,,,,,,,,,,,20300816,,,,,,,,,,,,,
,,,,20251123,,,,,,,,,,,,,,,,,,,,20300823,,,,,,,,,,,,,
,,,,20251127,,,,,,,,,,,,,,,,,,,,20300830,,,,,,,,,,,,,
,,,,20251129,,,,,,,,,,,,,,,,,,,,20300906,,,,,,,,,,,,,
,,,,20251130,,,,,,,,,,,,,,,,,,,,20300913,,,,,,,,,,,,,
,,,,20251206,,,,,,,,,,,,,,,,,,,,20300920,,,,,,,,,,,,,
,,,,20251207,,,,,,,,,,,,,,,,,,,,20300923,,,,,,,,,,,,,
,,,,20251213,,,,,,,,,,,,,,,,,,,,20300927,,,,,,,,,,,,,
,,,,20251214,,,,,,,,,,,,,,,,,,,,20301004,,,,,,,,,,,,,
,,,,20251220,,,,,,,,,,,,,,,,,,,,20301011,,,,,,,,,,,,,
,,,,20251221,,,,,,,,,,,,,,,,,,,,20301018,,,,,,,,,,,,,
,,,,20251225,,,,,,,,,,,,,,,,,,,,20301025,,,,,,,,,,,,,
,,,,20251227,,,,,,,,,,,,,,,,,,,,20301101,,,,,,,,,,,,,
,,,,20251228,,,,,,,,,,,,,,,,,,,,20301108,,,,,,,,,,,,,
,,,,20260101,,,,,,,,,,,,,,,,,,,,20301115,,,,,,,,,,,,,
,,,,20260103,,,,,,,,,,,,,,,,,,,,20301122,,,,,,,,,,,,,
,,,,20260104,,,,,,,,,,,,,,,,,,,,20301129,,,,,,,,,,,,,
,,,,20260110,,,,,,,,,,,,,,,,,,,,20301206,,,,,,,,,,,,,
,,,,20260111,,,,,,,,,,,,,,,,,,,,20301213,,,,,,,,,,,,,
,,,,20260117,,,,,,,,,,,,,,,,,,,,20301220,,,,,,,,,,,,,
,,,,20260118,,,,,,,,,,,,,,,,,,,,20301227,,,,,,,,,,,,,
,,,,20260119,,,,,,,,,,,,,,,,,,,,20310103,,,,,,,,,,,,,
,,,,20260124,,,,,,,,,,,,,,,,,,,,20310110,,,,,,,,,,,,,
,,,,20260125,,,,,,,,,,,,,,,,,,,,20310117,,,,,,,,,,,,,
,,,,20260131,,,,,,,,,,,,,,,,,,,,20310123,,,,,,,,,,,,,
,,,,20260201,,,,,,,,,,,,,,,,,,,,20310124,,,,,,,,,,,,,
,,,,20260207,,,,,,,,,,,,,,,,,,,,20310127,,,,,,,,,,,,,
,,,,20260208,,,,,,,,,,,,,,,,,,,,20310131,,,,,,,,,,,,,
,,,,20260214,,,,,,,,,,,,,,,,,,,,20310207,,,,,,,,,,,,,
,,,,20260215,,,,,,,,,,,,,,,,,,,,20310214,,,,,,,,,,,,,
,,,,20260216,,,,,,,,,,,,,,,,,,,,20310221,,,,,,,,,,,,,
,,,,20260221,,,,,,,,,,,,,,,,,,,,20310228,,,,,,,,,,,,,
,,,,20260222,,,,,,,,,,,,,,,,,,,,20310307,,,,,,,,,,,,,
,,,,20260228,,,,,,,,,,,,,,,,,,,,20310314,,,,,,,,,,,,,
,,,,20260301,,,,,,,,,,,,,,,,,,,,20310321,,,,,,,,,,,,,
,,,,20260307,,,,,,,,,,,,,,,,,,,,20310328,,,,,,,,,,,,,
,,,,20260308,,,,,,,,,,,,,,,,,,,,20310401,,,,,,,,,,,,,
,,,,20260314,,,,,,,,,,,,,,,,,,,,20310402,,,,,,,,,,,,,
,,,,20260315,,,,,,,,,,,,,,,,,,,,20310403,,,,,,,,,,,,,
,,,,20260321,,,,,,,,,,,,,,,,,,,,20310404,,,,,,,,,,,,,
,,,,20260322,,,,,,,,,,,,,,,,,,,,20310411,,,,,,,,,,,,,
,,,,20260328,,,,,,,,,,,,,,,,,,,,20310418,,,,,,,,,,,,,
,,,,20260329,,,,,,,,,,,,,,,,,,,,20310425,,,,,,,,,,,,,
,,,,20260404,,,,,,,,,,,,,,,,,,,,20310502,,,,,,,,,,,,,
,,,,20260405,,,,,,,,,,,,,,,,,,,,20310509,,,,,,,,,,,,,
,,,,20260411,,,,,,,,,,,,,,,,,,,,20310516,,,,,,,,,,,,,
,,,,20260412,,,,,,,,,,,,,,,,,,,,20310523,,,,,,,,,,,,,
,,,,20260418,,,,,,,,,,,,,,,,,,,,20310530,,,,,,,,,,,,,
,,,,20260419,,,,,,,,,,,,,,,,,,,,20310606,,,,,,,,,,,,,
,,,,20260425,,,,,,,,,,,,,,,,,,,,20310613,,,,,,,,,,,,,
,,,,20260426,,,,,,,,,,,,,,,,,,,,20310620,,,,,,,,,,,,,
,,,,20260502,,,,,,,,,,,,,,,,,,,,20310627,,,,,,,,,,,,,
,,,,20260503,,,,,,,,,,,,,,,,,,,,20310704,,,,,,,,,,,,,
,,,,20260509,,,,,,,,,,,,,,,,,,,,20310711,,,,,,,,,,,,,
,,,,20260510,,,,,,,,,,,,,,,,,,,,20310718,,,,,,,,,,,,,
,,,,20260516,,,,,,,,,,,,,,,,,,,,20310725,,,,,,,,,,,,,
,,,,20260517,,,,,,,,,,,,,,,,,,,,20310801,,,,,,,,,,,,,
,,,,20260523,,,,,,,,,,,,,,,,,,,,20310808,,,,,,,,,,,,,
,,,,20260524,,,,,,,,,,,,,,,,,,,,20310815,,,,,,,,,,,,,
,,,,20260525,,,,,,,,,,,,,,,,,,,,20310822,,,,,,,,,,,,,
,,,,20260530,,,,,,,,,,,,,,,,,,,,20310829,,,,,,,,,,,,,
,,,,20260531,,,,,,,,,,,,,,,,,,,,20310905,,,,,,,,,,,,,
,,,,20260606,,,,,,,,,,,,,,,,,,,,20310912,,,,,,,,,,,,,
,,,,20260607,,,,,,,,,,,,,,,,,,,,20310919,,,,,,,,,,,,,
,,,,20260613,,,,,,,,,,,,,,,,,,,,20310923,,,,,,,,,,,,,
,,,,20260614,,,,,,,,,,,,,,,,,,,,20310926,,,,,,,,,,,,,
,,,,20260620,,,,,,,,,,,,,,,,,,,,20311003,,,,,,,,,,,,,
,,,,20260621,,,,,,,,,,,,,,,,,,,,20311010,,,,,,,,,,,,,
,,,,20260627,,,,,,,,,,,,,,,,,,,,20311017,,,,,,,,,,,,,
,,,,20260628,,,,,,,,,,,,,,,,,,,,20311024,,,,,,,,,,,,,
,,,,20260703,,,,,,,,,,,,,,,,,,,,20311031,,,,,,,,,,,,,
,,,,20260704,,,,,,,,,,,,,,,,,,,,20311107,,,,,,,,,,,,,
,,,,20260705,,,,,,,,,,,,,,,,,,,,20311114,,,,,,,,,,,,,
,,,,20260711,,,,,,,,,,,,,,,,,,,,20311121,,,,,,,,,,,,,
,,,,20260712,,,,,,,,,,,,,,,,,,,,20311128,,,,,,,,,,,,,
,,,,20260718,,,,,,,,,,,,,,,,,,,,20311205,,,,,,,,,,,,,
,,,,20260719,,,,,,,,,,,,,,,,,,,,20311212,,,,,,,,,,,,,
,,,,20260725,,,,,,,,,,,,,,,,,,,,20311219,,,,,,,,,,,,,
,,,,20260726,,,,,,,,,,,,,,,,,,,,20311226,,,,,,,,,,,,,
,,,,20260801,,,,,,,,,,,,,,,,,,,,20320102,,,,,,,,,,,,,
,,,,20260802,,,,,,,,,,,,,,,,,,,,20320109,,,,,,,,,,,,,
,,,,20260808,,,,,,,,,,,,,,,,,,,,20320113,,,,,,,,,,,,,
,,,,20260809,,,,,,,,,,,,,,,,,,,,20320114,,,,,,,,,,,,,
,,,,20260815,,,,,,,,,,,,,,,,,,,,20320115,,,,,,,,,,,,,
,,,,20260816,,,,,,,,,,,,,,,,,,,,20320116,,,,,,,,,,,,,
,,,,20260822,,,,,,,,,,,,,,,,,,,,20320123,,,,,,,,,,,,,
,,,,20260823,,,,,,,,,,,,,,,,,,,,20320130,,,,,,,,,,,,,
,,,,20260829,,,,,,,,,,,,,,,,,,,,20320206,,,,,,,,,,,,,
,,,,20260830,,,,,,,,,,,,,,,,,,,,20320213,,,,,,,,,,,,,
,,,,20260905,,,,,,,,,,,,,,,,,,,,20320220,,,,,,,,,,,,,
,,,,20260906,,,,,,,,,,,,,,,,,,,,20320227,,,,,,,,,,,,,
,,,,20260907,,,,,,,,,,,,,,,,,,,,20320305,,,,,,,,,,,,,
,,,,20260912,,,,,,,,,,,,,,,,,,,,20320312,,,,,,,,,,,,,
,,,,20260913,,,,,,,,,,,,,,,,,,,,20320319,,,,,,,,,,,,,
,,,,20260919,,,,,,,,,,,,,,,,,,,,20320322,,,,,,,,,,,,,
,,,,20260920,,,,,,,,,,,,,,,,,,,,20320323,,,,,,,,,,,,,
,,,,20260926,,,,,,,,,,,,,,,,,,,,20320326,,,,,,,,,,,,,
,,,,20260927,,,,,,,,,,,,,,,,,,,,20320402,,,,,,,,,,,,,
,,,,20261003,,,,,,,,,,,,,,,,,,,,20320409,,,,,,,,,,,,,
,,,,20261004,,,,,,,,,,,,,,,,,,,,20320416,,,,,,,,,,,,,
,,,,20261010,,,,,,,,,,,,,,,,,,,,20320423,,,,,,,,,,,,,
,,,,20261011,,,,,,,,,,,,,,,,,,,,20320430,,,,,,,,,,,,,
,,,,20261012,,,,,,,,,,,,,,,,,,,,20320507,,,,,,,,,,,,,
,,,,20261017,,,,,,,,,,,,,,,,,,,,20320514,,,,,,,,,,,,,
,,,,20261018,,,,,,,,,,,,,,,,,,,,20320521,,,,,,,,,,,,,
,,,,20261024,,,,,,,,,,,,,,,,,,,,20320528,,,,,,,,,,,,,
,,,,20261025,,,,,,,,,,,,,,,,,,,,20320604,,,,,,,,,,,,,
,,,,20261031,,,,,,,,,,,,,,,,,,,,20320611,,,,,,,,,,,,,
,,,,20261101,,,,,,,,,,,,,,,,,,,,20320618,,,,,,,,,,,,,
,,,,20261107,,,,,,,,,,,,,,,,,,,,20320625,,,,,,,,,,,,,
,,,,20261108,,,,,,,,,,,,,,,,,,,,20320702,,,,,,,,,,,,,
,,,,20261111,,,,,,,,,,,,,,,,,,,,20320709,,,,,,,,,,,,,
,,,,20261114,,,,,,,,,,,,,,,,,,,,20320716,,,,,,,,,,,,,
,,,,20261115,,,,,,,,,,,,,,,,,,,,20320723,,,,,,,,,,,,,
,,,,20261121,,,,,,,,,,,,,,,,,,,,20320730,,,,,,,,,,,,,
,,,,20261122,,,,,,,,,,,,,,,,,,,,20320806,,,,,,,,,,,,,
,,,,20261126,,,,,,,,,,,,,,,,,,,,20320813,,,,,,,,,,,,,
,,,,20261128,,,,,,,,,,,,,,,,,,,,20320820,,,,,,,,,,,,,
,,,,20261129,,,,,,,,,,,,,,,,,,,,20320827,,,,,,,,,,,,,
,,,,20261205,,,,,,,,,,,,,,,,,,,,20320903,,,,,,,,,,,,,
,,,,20261206,,,,,,,,,,,,,,,,,,,,20320910,,,,,,,,,,,,,
,,,,20261212,,,,,,,,,,,,,,,,,,,,20320917,,,,,,,,,,,,,
,,,,20261213,,,,,,,,,,,,,,,,,,,,20320923,,,,,,,,,,,,,
,,,,20261219,,,,,,,,,,,,,,,,,,,,20320924,,,,,,,,,,,,,
,,,,20261220,,,,,,,,,,,,,,,,,,,,20321001,,,,,,,,,,,,,
,,,,20261225,,,,,,,,,,,,,,,,,,,,20321008,,,,,,,,,,,,,
,,,,20261226,,,,,,,,,,,,,,,,,,,,20321015,,,,,,,,,,,,,
,,,,20261227,,,,,,,,,,,,,,,,,,,,20321022,,,,,,,,,,,,,
,,,,20270101,,,,,,,,,,,,,,,,,,,,20321029,,,,,,,,,,,,,
,,,,20270102,,,,,,,,,,,,,,,,,,,,20321105,,,,,,,,,,,,,
,,,,20270103,,,,,,,,,,,,,,,,,,,,20321112,,,,,,,,,,,,,
,,,,20270109,,,,,,,,,,,,,,,,,,,,20321119,,,,,,,,,,,,,
,,,,20270110,,,,,,,,,,,,,,,,,,,,20321126,,,,,,,,,,,,,
,,,,20270116,,,,,,,,,,,,,,,,,,,,20321203,,,,,,,,,,,,,
,,,,20270117,,,,,,,,,,,,,,,,,,,,20321210,,,,,,,,,,,,,
,,,,20270118,,,,,,,,,,,,,,,,,,,,20321217,,,,,,,,,,,,,
,,,,20270123,,,,,,,,,,,,,,,,,,,,20321224,,,,,,,,,,,,,
,,,,20270124,,,,,,,,,,,,,,,,,,,,20321230,,,,,,,,,,,,,
,,,,20270130,,,,,,,,,,,,,,,,,,,,20321231,,,,,,,,,,,,,
,,,,20270131,,,,,,,,,,,,,,,,,,,,20330103,,,,,,,,,,,,,
,,,,20270206,,,,,,,,,,,,,,,,,,,,20330107,,,,,,,,,,,,,
,,,,20270207,,,,,,,,,,,,,,,,,,,,20330114,,,,,,,,,,,,,
,,,,20270213,,,,,,,,,,,,,,,,,,,,20330121,,,,,,,,,,,,,
,,,,20270214,,,,,,,,,,,,,,,,,,,,20330128,,,,,,,,,,,,,
,,,,20270215,,,,,,,,,,,,,,,,,,,,20330204,,,,,,,,,,,,,
,,,,20270220,,,,,,,,,,,,,,,,,,,,20330211,,,,,,,,,,,,,
,,,,20270221,,,,,,,,,,,,,,,,,,,,20330218,,,,,,,,,,,,,
,,,,20270227,,,,,,,,,,,,,,,,,,,,20330225,,,,,,,,,,,,,
,,,,20270228,,,,,,,,,,,,,,,,,,,,20330304,,,,,,,,,,,,,
,,,,20270306,,,,,,,,,,,,,,,,,,,,20330310,,,,,,,,,,,,,
,,,,20270307,,,,,,,,,,,,,,,,,,,,20330311,,,,,,,,,,,,,
,,,,20270313,,,,,,,,,,,,,,,,,,,,20330314,,,,,,,,,,,,,
,,,,20270314,,,,,,,,,,,,,,,,,,,,20330318,,,,,,,,,,,,,
,,,,20270320,,,,,,,,,,,,,,,,,,,,20330325,,,,,,,,,,,,,
,,,,20270321,,,,,,,,,,,,,,,,,,,,20330401,,,,,,,,,,,,,
,,,,20270326,,,,,,,,,,,,,,,,,,,,20330408,,,,,,,,,,,,,
,,,,20270327,,,,,,,,,,,,,,,,,,,,20330415,,,,,,,,,,,,,
,,,,20270328,,,,,,,,,,,,,,,,,,,,20330422,,,,,,,,,,,,,
,,,,20270403,,,,,,,,,,,,,,,,,,,,20330429,,,,,,,,,,,,,
,,,,20270404,,,,,,,,,,,,,,,,,,,,20330506,,,,,,,,,,,,,
,,,,20270410,,,,,,,,,,,,,,,,,,,,20330513,,,,,,,,,,,,,
,,,,20270411,,,,,,,,,,,,,,,,,,,,20330520,,,,,,,,,,,,,
,,,,20270417,,,,,,,,,,,,,,,,,,,,20330527,,,,,,,,,,,,,
,,,,20270418,,,,,,,,,,,,,,,,,,,,20330603,,,,,,,,,,,,,
,,,,20270424,,,,,,,,,,,,,,,,,,,,20330610,,,,,,,,,,,,,
,,,,20270425,,,,,,,,,,,,,,,,,,,,20330617,,,,,,,,,,,,,
,,,,20270501,,,,,,,,,,,,,,,,,,,,20330624,,,,,,,,,,,,,
,,,,20270502,,,,,,,,,,,,,,,,,,,,20330701,,,,,,,,,,,,,
,,,,20270508,,,,,,,,,,,,,,,,,,,,20330708,,,,,,,,,,,,,
,,,,20270509,,,,,,,,,,,,,,,,,,,,20330715,,,,,,,,,,,,,
,,,,20270515,,,,,,,,,,,,,,,,,,,,20330722,,,,,,,,,,,,,
,,,,20270516,,,,,,,,,,,,,,,,,,,,20330729,,,,,,,,,,,,,
,,,,20270522,,,,,,,,,,,,,,,,,,,,20330805,,,,,,,,,,,,,
,,,,20270523,,,,,,,,,,,,,,,,,,,,20330812,,,,,,,,,,,,,
,,,,20270529,,,,,,,,,,,,,,,,,,,,20330819,,,,,,,,,,,,,
,,,,20270530,,,,,,,,,,,,,,,,,,,,20330826,,,,,,,,,,,,,
,,,,20270531,,,,,,,,,,,,,,,,,,,,20330902,,,,,,,,,,,,,
,,,,20270605,,,,,,,,,,,,,,,,,,,,20330909,,,,,,,,,,,,,
,,,,20270606,,,,,,,,,,,,,,,,,,,,20330916,,,,,,,,,,,,,
,,,,20270612,,,,,,,,,,,,,,,,,,,,20330922,,,,,,,,,,,,,
,,,,20270613,,,,,,,,,,,,,,,,,,,,20330923,,,,,,,,,,,,,
,,,,20270619,,,,,,,,,,,,,,,,,,,,20330930,,,,,,,,,,,,,
,,,,20270620,,,,,,,,,,,,,,,,,,,,20331007,,,,,,,,,,,,,
,,,,20270626,,,,,,,,,,,,,,,,,,,,20331014,,,,,,,,,,,,,
,,,,20270627,,,,,,,,,,,,,,,,,,,,20331021,,,,,,,,,,,,,
,,,,20270703,,,,,,,,,,,,,,,,,,,,20331028,,,,,,,,,,,,,
,,,,20270704,,,,,,,,,,,,,,,,,,,,20331104,,,,,,,,,,,,,
,,,,20270705,,,,,,,,,,,,,,,,,,,,20331111,,,,,,,,,,,,,
,,,,20270710,,,,,,,,,,,,,,,,,,,,20331118,,,,,,,,,,,,,
,,,,20270711,,,,,,,,,,,,,,,,,,,,20331125,,,,,,,,,,,,,
,,,,20270717,,,,,,,,,,,,,,,,,,,,20331202,,,,,,,,,,,,,
,,,,20270718,,,,,,,,,,,,,,,,,,,,20331209,,,,,,,,,,,,,
,,,,20270724,,,,,,,,,,,,,,,,,,,,20331216,,,,,,,,,,,,,
,,,,20270725,,,,,,,,,,,,,,,,,,,,20331222,,,,,,,,,,,,,
,,,,20270731,,,,,,,,,,,,,,,,,,,,20331223,,,,,,,,,,,,,
,,,,20270801,,,,,,,,,,,,,,,,,,,,20331226,,,,,,,,,,,,,
,,,,20270807,,,,,,,,,,,,,,,,,,,,20331230,,,,,,,,,,,,,
,,,,20270808,,,,,,,,,,,,,,,,,,,,20340106,,,,,,,,,,,,,
,,,,20270814,,,,,,,,,,,,,,,,,,,,20340113,,,,,,,,,,,,,
,,,,20270815,,,,,,,,,,,,,,,,,,,,20340120,,,,,,,,,,,,,
,,,,20270821,,,,,,,,,,,,,,,,,,,,20340127,,,,,,,,,,,,,
,,,,20270822,,,,,,,,,,,,,,,,,,,,20340203,,,,,,,,,,,,,
,,,,20270828,,,,,,,,,,,,,,,,,,,,20340210,,,,,,,,,,,,,
,,,,20270829,,,,,,,,,,,,,,,,,,,,20340217,,,,,,,,,,,,,
,,,,20270904,,,,,,,,,,,,,,,,,,,,20340224,,,,,,,,,,,,,
,,,,20270905,,,,,,,,,,,,,,,,,,,,20340228,,,,,,,,,,,,,
,,,,20270906,,,,,,,,,,,,,,,,,,,,20340301,,,,,,,,,,,,,
,,,,20270911,,,,,,,,,,,,,,,,,,,,20340302,,,,,,,,,,,,,
,,,,20270912,,,,,,,,,,,,,,,,,,,,20340303,,,,,,,,,,,,,
,,,,20270918,,,,,,,,,,,,,,,,,,,,20340310,,,,,,,,,,,,,
,,,,20270919,,,,,,,,,,,,,,,,,,,,20340317,,,,,,,,,,,,,
,,,,20270925,,,,,,,,,,,,,,,,,,,,20340324,,,,,,,,,,,,,
,,,,20270926,,,,,,,,,,,,,,,,,,,,20340331,,,,,,,,,,,,,
,,,,20271002,,,,,,,,,,,,,,,,,,,,20340407,,,,,,,,,,,,,
,,,,20271003,,,,,,,,,,,,,,,,,,,,20340414,,,,,,,,,,,,,
,,,,20271009,,,,,,,,,,,,,,,,,,,,20340421,,,,,,,,,,,,,
,,,,20271010,,,,,,,,,,,,,,,,,,,,20340428,,,,,,,,,,,,,
,,,,20271011,,,,,,,,,,,,,,,,,,,,20340505,,,,,,,,,,,,,
,,,,20271016,,,,,,,,,,,,,,,,,,,,20340512,,,,,,,,,,,,,
,,,,20271017,,,,,,,,,,,,,,,,,,,,20340519,,,,,,,,,,,,,
,,,,20271023,,,,,,,,,,,,,,,,,,,,20340526,,,,,,,,,,,,,
,,,,20271024,,,,,,,,,,,,,,,,,,,,20340602,,,,,,,,,,,,,
,,,,20271030,,,,,,,,,,,,,,,,,,,,20340609,,,,,,,,,,,,,
,,,,20271031,,,,,,,,,,,,,,,,,,,,20340616,,,,,,,,,,,,,
,,,,20271106,,,,,,,,,,,,,,,,,,,,20340623,,,,,,,,,,,,,
,,,,20271107,,,,,,,,,,,,,,,,,,,,20340630,,,,,,,,,,,,,
,,,,20271111,,,,,,,,,,,,,,,,,,,,20340707,,,,,,,,,,,,,
,,,,20271113,,,,,,,,,,,,,,,,,,,,20340714,,,,,,,,,,,,,
,,,,20271114,,,,,,,,,,,,,,,,,,,,20340721,,,,,,,,,,,,,
,,,,20271120,,,,,,,,,,,,,,,,,,,,20340728,,,,,,,,,,,,,
,,,,20271121,,,,,,,,,,,,,,,,,,,,20340804,,,,,,,,,,,,,
,,,,20271125,,,,,,,,,,,,,,,,,,,,20340811,,,,,,,,,,,,,
,,,,20271127,,,,,,,,,,,,,,,,,,,,20340818,,,,,,,,,,,,,
,,,,20271128,,,,,,,,,,,,,,,,,,,,20340825,,,,,,,,,,,,,
,,,,20271204,,,,,,,,,,,,,,,,,,,,20340901,,,,,,,,,,,,,
,,,,20271205,,,,,,,,,,,,,,,,,,,,20340908,,,,,,,,,,,,,
,,,,20271211,,,,,,,,,,,,,,,,,,,,20340915,,,,,,,,,,,,,
,,,,20271212,,,,,,,,,,,,,,,,,,,,20340922,,,,,,,,,,,,,
,,,,20271218,,,,,,,,,,,,,,,,,,,,20340929,,,,,,,,,,,,,
,,,,20271219,,,,,,,,,,,,,,,,,,,,20341006,,,,,,,,,,,,,
,,,,20271224,,,,,,,,,,,,,,,,,,,,20341013,,,,,,,,,,,,,
,,,,20271225,,,,,,,,,,,,,,,,,,,,20341020,,,,,,,,,,,,,
,,,,20271226,,,,,,,,,,,,,,,,,,,,20341027,,,,,,,,,,,,,
,,,,20280101,,,,,,,,,,,,,,,,,,,,20341103,,,,,,,,,,,,,
,,,,20280102,,,,,,,,,,,,,,,,,,,,20341110,,,,,,,,,,,,,
,,,,20280108,,,,,,,,,,,,,,,,,,,,20341117,,,,,,,,,,,,,
,,,,20280109,,,,,,,,,,,,,,,,,,,,20341124,,,,,,,,,,,,,
,,,,20280115,,,,,,,,,,,,,,,,,,,,20341201,,,,,,,,,,,,,
,,,,20280116,,,,,,,,,,,,,,,,,,,,20341208,,,,,,,,,,,,,
,,,,20280117,,,,,,,,,,,,,,,,,,,,20341211,,,,,,,,,,,,,
,,,,20280122,,,,,,,,,,,,,,,,,,,,20341212,,,,,,,,,,,,,
,,,,20280123,,,,,,,,,,,,,,,,,,,,20341213,,,,,,,,,,,,,
,,,,20280129,,,,,,,,,,,,,,,,,,,,20341215,,,,,,,,,,,,,
,,,,20280130,,,,,,,,,,,,,,,,,,,,20341222,,,,,,,,,,,,,
,,,,20280205,,,,,,,,,,,,,,,,,,,,20341229,,,,,,,,,,,,,
,,,,20280206,,,,,,,,,,,,,,,,,,,,20350105,,,,,,,,,,,,,
,,,,20280212,,,,,,,,,,,,,,,,,,,,20350112,,,,,,,,,,,,,
,,,,20280213,,,,,,,,,,,,,,,,,,,,20350119,,,,,,,,,,,,,
,,,,20280219,,,,,,,,,,,,,,,,,,,,20350126,,,,,,,,,,,,,
,,,,20280220,,,,,,,,,,,,,,,,,,,,20350202,,,,,,,,,,,,,
,,,,20280221,,,,,,,,,,,,,,,,,,,,20350209,,,,,,,,,,,,,
,,,,20280226,,,,,,,,,,,,,,,,,,,,20350215,,,,,,,,,,,,,
,,,,20280227,,,,,,,,,,,,,,,,,,,,20350216,,,,,,,,,,,,,
,,,,20280304,,,,,,,,,,,,,,,,,,,,20350219,,,,,,,,,,,,,
,,,,20280305,,,,,,,,,,,,,,,,,,,,20350223,,,,,,,,,,,,,
,,,,20280311,,,,,,,,,,,,,,,,,,,,20350302,,,,,,,,,,,,,
,,,,20280312,,,,,,,,,,,,,,,,,,,,20350309,,,,,,,,,,,,,
,,,,20280318,,,,,,,,,,,,,,,,,,,,20350316,,,,,,,,,,,,,
,,,,20280319,,,,,,,,,,,,,,,,,,,,20350323,,,,,,,,,,,,,
,,,,20280325,,,,,,,,,,,,,,,,,,,,20350330,,,,,,,,,,,,,
,,,,20280326,,,,,,,,,,,,,,,,,,,,20350406,,,,,,,,,,,,,
,,,,20280401,,,,,,,,,,,,,,,,,,,,20350413,,,,,,,,,,,,,
,,,,20280402,,,,,,,,,,,,,,,,,,,,20350420,,,,,,,,,,,,,
,,,,20280408,,,,,,,,,,,,,,,,,,,,20350427,,,,,,,,,,,,,
,,,,20280409,,,,,,,,,,,,,,,,,,,,20350504,,,,,,,,,,,,,
,,,,20280414,,,,,,,,,,,,,,,,,,,,20350511,,,,,,,,,,,,,
,,,,20280415,,,,,,,,,,,,,,,,,,,,20350518,,,,,,,,,,,,,
,,,,20280416,,,,,,,,,,,,,,,,,,,,20350525,,,,,,,,,,,,,
,,,,20280422,,,,,,,,,,,,,,,,,,,,20350601,,,,,,,,,,,,,
,,,,20280423,,,,,,,,,,,,,,,,,,,,20350608,,,,,,,,,,,,,
,,,,20280429,,,,,,,,,,,,,,,,,,,,20350615,,,,,,,,,,,,,
,,,,20280430,,,,,,,,,,,,,,,,,,,,20350622,,,,,,,,,,,,,
,,,,20280506,,,,,,,,,,,,,,,,,,,,20350629,,,,,,,,,,,,,
,,,,20280507,,,,,,,,,,,,,,,,,,,,20350706,,,,,,,,,,,,,
,,,,20280513,,,,,,,,,,,,,,,,,,,,20350713,,,,,,,,,,,,,
,,,,20280514,,,,,,,,,,,,,,,,,,,,20350720,,,,,,,,,,,,,
,,,,20280520,,,,,,,,,,,,,,,,,,,,20350727,,,,,,,,,,,,,
,,,,20280521,,,,,,,,,,,,,,,,,,,,20350803,,,,,,,,,,,,,
,,,,20280527,,,,,,,,,,,,,,,,,,,,20350810,,,,,,,,,,,,,
,,,,20280528,,,,,,,,,,,,,,,,,,,,20350817,,,,,,,,,,,,,
,,,,20280529,,,,,,,,,,,,,,,,,,,,20350824,,,,,,,,,,,,,
,,,,20280603,,,,,,,,,,,,,,,,,,,,20350831,,,,,,,,,,,,,
,,,,20280604,,,,,,,,,,,,,,,,,,,,20350907,,,,,,,,,,,,,
,,,,20280610,,,,,,,,,,,,,,,,,,,,20350914,,,,,,,,,,,,,
,,,,20280611,,,,,,,,,,,,,,,,,,,,20350921,,,,,,,,,,,,,
,,,,20280617,,,,,,,,,,,,,,,,,,,,20350928,,,,,,,,,,,,,
,,,,20280618,,,,,,,,,,,,,,,,,,,,20351005,,,,,,,,,,,,,
,,,,20280624,,,,,,,,,,,,,,,,,,,,20351012,,,,,,,,,,,,,
,,,,20280625,,,,,,,,,,,,,,,,,,,,20351019,,,,,,,,,,,,,
,,,,20280701,,,,,,,,,,,,,,,,,,,,20351026,,,,,,,,,,,,,
,,,,20280702,,,,,,,,,,,,,,,,,,,,20351102,,,,,,,,,,,,,
,,,,20280704,,,,,,,,,,,,,,,,,,,,20351109,,,,,,,,,,,,,
,,,,20280708,,,,,,,,,,,,,,,,,,,,20351116,,,,,,,,,,,,,
,,,,20280709,,,,,,,,,,,,,,,,,,,,20351123,,,,,,,,,,,,,
,,,,20280715,,,,,,,,,,,,,,,,,,,,20351129,,,,,,,,,,,,,
,,,,20280716,,,,,,,,,,,,,,,,,,,,20351130,,,,,,,,,,,,,
,,,,20280722,,,,,,,,,,,,,,,,,,,,20351203,,,,,,,,,,,,,
,,,,20280723,,,,,,,,,,,,,,,,,,,,20351207,,,,,,,,,,,,,
,,,,20280729,,,,,,,,,,,,,,,,,,,,20351214,,,,,,,,,,,,,
,,,,20280730,,,,,,,,,,,,,,,,,,,,20351221,,,,,,,,,,,,,
,,,,20280805,,,,,,,,,,,,,,,,,,,,20351228,,,,,,,,,,,,,
,,,,20280806,,,,,,,,,,,,,,,,,,,,20360104,,,,,,,,,,,,,
,,,,20280812,,,,,,,,,,,,,,,,,,,,20360111,,,,,,,,,,,,,
,,,,20280813,,,,,,,,,,,,,,,,,,,,20360118,,,,,,,,,,,,,
,,,,20280819,,,,,,,,,,,,,,,,,,,,20360125,,,,,,,,,,,,,
,,,,20280820,,,,,,,,,,,,,,,,,,,,20360201,,,,,,,,,,,,,
,,,,20280826,,,,,,,,,,,,,,,,,,,,20360206,,,,,,,,,,,,,
,,,,20280827,,,,,,,,,,,,,,,,,,,,20360207,,,,,,,,,,,,,
,,,,20280902,,,,,,,,,,,,,,,,,,,,20360208,,,,,,,,,,,,,
,,,,20280903,,,,,,,,,,,,,,,,,,,,20360215,,,,,,,,,,,,,
,,,,20280904,,,,,,,,,,,,,,,,,,,,20360222,,,,,,,,,,,,,
,,,,20280909,,,,,,,,,,,,,,,,,,,,20360229,,,,,,,,,,,,,
,,,,20280910,,,,,,,,,,,,,,,,,,,,20360307,,,,,,,,,,,,,
,,,,20280916,,,,,,,,,,,,,,,,,,,,20360314,,,,,,,,,,,,,
,,,,20280917,,,,,,,,,,,,,,,,,,,,20360321,,,,,,,,,,,,,
,,,,20280923,,,,,,,,,,,,,,,,,,,,20360328,,,,,,,,,,,,,
,,,,20280924,,,,,,,,,,,,,,,,,,,,20360404,,,,,,,,,,,,,
,,,,20280930,,,,,,,,,,,,,,,,,,,,20360411,,,,,,,,,,,,,
,,,,20281001,,,,,,,,,,,,,,,,,,,,20360418,,,,,,,,,,,,,
,,,,20281007,,,,,,,,,,,,,,,,,,,,20360425,,,,,,,,,,,,,
,,,,20281008,,,,,,,,,,,,,,,,,,,,20360502,,,,,,,,,,,,,
,,,,20281009,,,,,,,,,,,,,,,,,,,,20360509,,,,,,,,,,,,,
,,,,20281014,,,,,,,,,,,,,,,,,,,,20360516,,,,,,,,,,,,,
,,,,20281015,,,,,,,,,,,,,,,,,,,,20360523,,,,,,,,,,,,,
,,,,20281021,,,,,,,,,,,,,,,,,,,,20360530,,,,,,,,,,,,,
,,,,20281022,,,,,,,,,,,,,,,,,,,,20360606,,,,,,,,,,,,,
,,,,20281028,,,,,,,,,,,,,,,,,,,,20360613,,,,,,,,,,,,,
,,,,20281029,,,,,,,,,,,,,,,,,,,,20360620,,,,,,,,,,,,,
,,,,20281104,,,,,,,,,,,,,,,,,,,,20360627,,,,,,,,,,,,,
,,,,20281105,,,,,,,,,,,,,,,,,,,,20360704,,,,,,,,,,,,,
,,,,20281111,,,,,,,,,,,,,,,,,,,,20360711,,,,,,,,,,,,,
,,,,20281112,,,,,,,,,,,,,,,,,,,,20360718,,,,,,,,,,,,,
,,,,20281118,,,,,,,,,,,,,,,,,,,,20360725,,,,,,,,,,,,,
,,,,20281119,,,,,,,,,,,,,,,,,,,,20360801,,,,,,,,,,,,,
,,,,20281123,,,,,,,,,,,,,,,,,,,,20360808,,,,,,,,,,,,,
,,,,20281125,,,,,,,,,,,,,,,,,,,,20360815,,,,,,,,,,,,,
,,,,20281126,,,,,,,,,,,,,,,,,,,,20360822,,,,,,,,,,,,,
,,,,20281202,,,,,,,,,,,,,,,,,,,,20360829,,,,,,,,,,,,,
,,,,20281203,,,,,,,,,,,,,,,,,,,,20360905,,,,,,,,,,,,,
,,,,20281209,,,,,,,,,,,,,,,,,,,,20360912,,,,,,,,,,,,,
,,,,20281210,,,,,,,,,,,,,,,,,,,,20360919,,,,,,,,,,,,,
,,,,20281216,,,,,,,,,,,,,,,,,,,,20360923,,,,,,,,,,,,,
,,,,20281217,,,,,,,,,,,,,,,,,,,,20360926,,,,,,,,,,,,,
,,,,20281223,,,,,,,,,,,,,,,,,,,,20361003,,,,,,,,,,,,,
,,,,20281224,,,,,,,,,,,,,,,,,,,,20361010,,,,,,,,,,,,,
,,,,20281225,,,,,,,,,,,,,,,,,,,,20361017,,,,,,,,,,,,,
,,,,20281230,,,,,,,,,,,,,,,,,,,,20361024,,,,,,,,,,,,,
,,,,20281231,,,,,,,,,,,,,,,,,,,,20361031,,,,,,,,,,,,,
,,,,20290101,,,,,,,,,,,,,,,,,,,,20361107,,,,,,,,,,,,,
,,,,20290106,,,,,,,,,,,,,,,,,,,,20361114,,,,,,,,,,,,,
,,,,20290107,,,,,,,,,,,,,,,,,,,,20361118,,,,,,,,,,,,,
,,,,20290113,,,,,,,,,,,,,,,,,,,,20361119,,,,,,,,,,,,,
,,,,20290114,,,,,,,,,,,,,,,,,,,,20361120,,,,,,,,,,,,,
,,,,20290115,,,,,,,,,,,,,,,,,,,,20361121,,,,,,,,,,,,,
,,,,20290120,,,,,,,,,,,,,,,,,,,,20361128,,,,,,,,,,,,,
,,,,20290121,,,,,,,,,,,,,,,,,,,,20361205,,,,,,,,,,,,,
,,,,20290127,,,,,,,,,,,,,,,,,,,,20361212,,,,,,,,,,,,,
,,,,20290128,,,,,,,,,,,,,,,,,,,,20361219,,,,,,,,,,,,,
,,,,20290203,,,,,,,,,,,,,,,,,,,,20361226,,,,,,,,,,,,,
,,,,20290204,,,,,,,,,,,,,,,,,,,,20370102,,,,,,,,,,,,,
,,,,20290210,,,,,,,,,,,,,,,,,,,,20370109,,,,,,,,,,,,,
,,,,20290211,,,,,,,,,,,,,,,,,,,,20370116,,,,,,,,,,,,,
,,,,20290217,,,,,,,,,,,,,,,,,,,,20370123,,,,,,,,,,,,,
,,,,20290218,,,,,,,,,,,,,,,,,,,,20370126,,,,,,,,,,,,,
,,,,20290219,,,,,,,,,,,,,,,,,,,,20370127,,,,,,,,,,,,,
,,,,20290224,,,,,,,,,,,,,,,,,,,,20370130,,,,,,,,,,,,,
,,,,20290225,,,,,,,,,,,,,,,,,,,,20370206,,,,,,,,,,,,,
,,,,20290303,,,,,,,,,,,,,,,,,,,,20370213,,,,,,,,,,,,,
,,,,20290304,,,,,,,,,,,,,,,,,,,,20370220,,,,,,,,,,,,,
,,,,20290310,,,,,,,,,,,,,,,,,,,,20370227,,,,,,,,,,,,,
,,,,20290311,,,,,,,,,,,,,,,,,,,,20370306,,,,,,,,,,,,,
,,,,20290317,,,,,,,,,,,,,,,,,,,,20370313,,,,,,,,,,,,,
,,,,20290318,,,,,,,,,,,,,,,,,,,,20370320,,,,,,,,,,,,,
,,,,20290324,,,,,,,,,,,,,,,,,,,,20370327,,,,,,,,,,,,,
,,,,20290325,,,,,,,,,,,,,,,,,,,,20370403,,,,,,,,,,,,,
,,,,20290330,,,,,,,,,,,,,,,,,,,,20370410,,,,,,,,,,,,,
,,,,20290331,,,,,,,,,,,,,,,,,,,,20370417,,,,,,,,,,,,,
,,,,20290401,,,,,,,,,,,,,,,,,,,,20370424,,,,,,,,,,,,,
,,,,20290407,,,,,,,,,,,,,,,,,,,,20370501,,,,,,,,,,,,,
,,,,20290408,,,,,,,,,,,,,,,,,,,,20370508,,,,,,,,,,,,,
,,,,20290414,,,,,,,,,,,,,,,,,,,,20370515,,,,,,,,,,,,,
,,,,20290415,,,,,,,,,,,,,,,,,,,,20370522,,,,,,,,,,,,,
,,,,20290421,,,,,,,,,,,,,,,,,,,,20370529,,,,,,,,,,,,,
,,,,20290422,,,,,,,,,,,,,,,,,,,,20370605,,,,,,,,,,,,,
,,,,20290428,,,,,,,,,,,,,,,,,,,,20370612,,,,,,,,,,,,,
,,,,20290429,,,,,,,,,,,,,,,,,,,,20370619,,,,,,,,,,,,,
,,,,20290505,,,,,,,,,,,,,,,,,,,,20370626,,,,,,,,,,,,,
,,,,20290506,,,,,,,,,,,,,,,,,,,,20370703,,,,,,,,,,,,,
,,,,20290512,,,,,,,,,,,,,,,,,,,,20370710,,,,,,,,,,,,,
,,,,20290513,,,,,,,,,,,,,,,,,,,,20370717,,,,,,,,,,,,,
,,,,20290519,,,,,,,,,,,,,,,,,,,,20370724,,,,,,,,,,,,,
,,,,20290520,,,,,,,,,,,,,,,,,,,,20370731,,,,,,,,,,,,,
,,,,20290526,,,,,,,,,,,,,,,,,,,,20370807,,,,,,,,,,,,,
,,,,20290527,,,,,,,,,,,,,,,,,,,,20370814,,,,,,,,,,,,,
,,,,20290528,,,,,,,,,,,,,,,,,,,,20370821,,,,,,,,,,,,,
,,,,20290602,,,,,,,,,,,,,,,,,,,,20370828,,,,,,,,,,,,,
,,,,20290603,,,,,,,,,,,,,,,,,,,,20370904,,,,,,,,,,,,,
,,,,20290609,,,,,,,,,,,,,,,,,,,,20370911,,,,,,,,,,,,,
,,,,20290610,,,,,,,,,,,,,,,,,,,,20370918,,,,,,,,,,,,,
,,,,20290616,,,,,,,,,,,,,,,,,,,,20370923,,,,,,,,,,,,,
,,,,20290617,,,,,,,,,,,,,,,,,,,,20370925,,,,,,,,,,,,,
,,,,20290623,,,,,,,,,,,,,,,,,,,,20371002,,,,,,,,,,,,,
,,,,20290624,,,,,,,,,,,,,,,,,,,,20371009,,,,,,,,,,,,,
,,,,20290630,,,,,,,,,,,,,,,,,,,,20371016,,,,,,,,,,,,,
,,,,20290701,,,,,,,,,,,,,,,,,,,,20371023,,,,,,,,,,,,,
,,,,20290704,,,,,,,,,,,,,,,,,,,,20371030,,,,,,,,,,,,,
,,,,20290707,,,,,,,,,,,,,,,,,,,,20371105,,,,,,,,,,,,,
,,,,20290708,,,,,,,,,,,,,,,,,,,,20371106,,,,,,,,,,,,,
,,,,20290714,,,,,,,,,,,,,,,,,,,,20371109,,,,,,,,,,,,,
,,,,20290715,,,,,,,,,,,,,,,,,,,,20371113,,,,,,,,,,,,,
,,,,20290721,,,,,,,,,,,,,,,,,,,,20371120,,,,,,,,,,,,,
,,,,20290722,,,,,,,,,,,,,,,,,,,,20371127,,,,,,,,,,,,,
,,,,20290728,,,,,,,,,,,,,,,,,,,,20371204,,,,,,,,,,,,,
,,,,20290729,,,,,,,,,,,,,,,,,,,,20371211,,,,,,,,,,,,,
,,,,20290804,,,,,,,,,,,,,,,,,,,,20371218,,,,,,,,,,,,,
,,,,20290805,,,,,,,,,,,,,,,,,,,,20371225,,,,,,,,,,,,,
,,,,20290811,,,,,,,,,,,,,,,,,,,,20380101,,,,,,,,,,,,,
,,,,20290812,,,,,,,,,,,,,,,,,,,,20380108,,,,,,,,,,,,,
,,,,20290818,,,,,,,,,,,,,,,,,,,,20380114,,,,,,,,,,,,,
,,,,20290819,,,,,,,,,,,,,,,,,,,,20380115,,,,,,,,,,,,,
,,,,20290825,,,,,,,,,,,,,,,,,,,,20380118,,,,,,,,,,,,,
,,,,20290826,,,,,,,,,,,,,,,,,,,,20380122,,,,,,,,,,,,,
,,,,20290901,,,,,,,,,,,,,,,,,,,,20380129,,,,,,,,,,,,,
,,,,20290902,,,,,,,,,,,,,,,,,,,,20380205,,,,,,,,,,,,,
,,,,20290903,,,,,,,,,,,,,,,,,,,,20380212,,,,,,,,,,,,,
,,,,20290908,,,,,,,,,,,,,,,,,,,,20380219,,,,,,,,,,,,,
,,,,20290909,,,,,,,,,,,,,,,,,,,,20380226,,,,,,,,,,,,,
,,,,20290915,,,,,,,,,,,,,,,,,,,,20380305,,,,,,,,,,,,,
,,,,20290916,,,,,,,,,,,,,,,,,,,,20380312,,,,,,,,,,,,,
,,,,20290922,,,,,,,,,,,,,,,,,,,,20380319,,,,,,,,,,,,,
,,,,20290923,,,,,,,,,,,,,,,,,,,,20380326,,,,,,,,,,,,,
,,,,20290929,,,,,,,,,,,,,,,,,,,,20380402,,,,,,,,,,,,,
,,,,20290930,,,,,,,,,,,,,,,,,,,,20380409,,,,,,,,,,,,,
,,,,20291006,,,,,,,,,,,,,,,,,,,,20380416,,,,,,,,,,,,,
,,,,20291007,,,,,,,,,,,,,,,,,,,,20380423,,,,,,,,,,,,,
,,,,20291008,,,,,,,,,,,,,,,,,,,,20380430,,,,,,,,,,,,,
,,,,20291013,,,,,,,,,,,,,,,,,,,,20380507,,,,,,,,,,,,,
,,,,20291014,,,,,,,,,,,,,,,,,,,,20380514,,,,,,,,,,,,,
,,,,20291020,,,,,,,,,,,,,,,,,,,,20380521,,,,,,,,,,,,,
,,,,20291021,,,,,,,,,,,,,,,,,,,,20380528,,,,,,,,,,,,,
,,,,20291027,,,,,,,,,,,,,,,,,,,,20380604,,,,,,,,,,,,,
,,,,20291028,,,,,,,,,,,,,,,,,,,,20380611,,,,,,,,,,,,,
,,,,20291103,,,,,,,,,,,,,,,,,,,,20380618,,,,,,,,,,,,,
,,,,20291104,,,,,,,,,,,,,,,,,,,,20380625,,,,,,,,,,,,,
,,,,20291110,,,,,,,,,,,,,,,,,,,,20380702,,,,,,,,,,,,,
,,,,20291111,,,,,,,,,,,,,,,,,,,,20380709,,,,,,,,,,,,,
,,,,20291112,,,,,,,,,,,,,,,,,,,,20380716,,,,,,,,,,,,,
,,,,20291117,,,,,,,,,,,,,,,,,,,,20380723,,,,,,,,,,,,,
,,,,20291118,,,,,,,,,,,,,,,,,,,,20380730,,,,,,,,,,,,,
,,,,20291122,,,,,,,,,,,,,,,,,,,,20380806,,,,,,,,,,,,,
,,,,20291124,,,,,,,,,,,,,,,,,,,,20380813,,,,,,,,,,,,,
,,,,20291125,,,,,,,,,,,,,,,,,,,,20380820,,,,,,,,,,,,,
,,,,20291201,,,,,,,,,,,,,,,,,,,,20380827,,,,,,,,,,,,,
,,,,20291202,,,,,,,,,,,,,,,,,,,,20380903,,,,,,,,,,,,,
,,,,20291208,,,,,,,,,,,,,,,,,,,,20380910,,,,,,,,,,,,,
,,,,20291209,,,,,,,,,,,,,,,,,,,,20380917,,,,,,,,,,,,,
,,,,20291215,,,,,,,,,,,,,,,,,,,,20380923,,,,,,,,,,,,,
,,,,20291216,,,,,,,,,,,,,,,,,,,,20380924,,,,,,,,,,,,,
,,,,20291222,,,,,,,,,,,,,,,,,,,,20381001,,,,,,,,,,,,,
,,,,20291223,,,,,,,,,,,,,,,,,,,,20381008,,,,,,,,,,,,,
,,,,20291225,,,,,,,,,,,,,,,,,,,,20381015,,,,,,,,,,,,,
,,,,20291229,,,,,,,,,,,,,,,,,,,,20381022,,,,,,,,,,,,,
,,,,20291230,,,,,,,,,,,,,,,,,,,,20381028,,,,,,,,,,,,,
,,,,20300101,,,,,,,,,,,,,,,,,,,,20381029,,,,,,,,,,,,,
,,,,20300105,,,,,,,,,,,,,,,,,,,,20381101,,,,,,,,,,,,,
,,,,20300106,,,,,,,,,,,,,,,,,,,,20381105,,,,,,,,,,,,,
,,,,20300112,,,,,,,,,,,,,,,,,,,,20381112,,,,,,,,,,,,,
,,,,20300113,,,,,,,,,,,,,,,,,,,,20381119,,,,,,,,,,,,,
,,,,20300119,,,,,,,,,,,,,,,,,,,,20381126,,,,,,,,,,,,,
,,,,20300120,,,,,,,,,,,,,,,,,,,,20381203,,,,,,,,,,,,,
,,,,20300121,,,,,,,,,,,,,,,,,,,,20381210,,,,,,,,,,,,,
,,,,20300126,,,,,,,,,,,,,,,,,,,,20381217,,,,,,,,,,,,,
,,,,20300127,,,,,,,,,,,,,,,,,,,,20381224,,,,,,,,,,,,,
,,,,20300202,,,,,,,,,,,,,,,,,,,,20381231,,,,,,,,,,,,,
,,,,20300203,,,,,,,,,,,,,,,,,,,,20390104,,,,,,,,,,,,,
,,,,20300209,,,,,,,,,,,,,,,,,,,,20390105,,,,,,,,,,,,,
,,,,20300210,,,,,,,,,,,,,,,,,,,,20390106,,,,,,,,,,,,,
,,,,20300216,,,,,,,,,,,,,,,,,,,,20390107,,,,,,,,,,,,,
,,,,20300217,,,,,,,,,,,,,,,,,,,,20390114,,,,,,,,,,,,,
,,,,20300218,,,,,,,,,,,,,,,,,,,,20390121,,,,,,,,,,,,,
,,,,20300223,,,,,,,,,,,,,,,,,,,,20390128,,,,,,,,,,,,,
,,,,20300224,,,,,,,,,,,,,,,,,,,,20390204,,,,,,,,,,,,,
,,,,20300302,,,,,,,,,,,,,,,,,,,,20390211,,,,,,,,,,,,,
,,,,20300303,,,,,,,,,,,,,,,,,,,,20390218,,,,,,,,,,,,,
,,,,20300309,,,,,,,,,,,,,,,,,,,,20390225,,,,,,,,,,,,,
,,,,20300310,,,,,,,,,,,,,,,,,,,,20390304,,,,,,,,,,,,,
,,,,20300316,,,,,,,,,,,,,,,,,,,,20390311,,,,,,,,,,,,,
,,,,20300317,,,,,,,,,,,,,,,,,,,,20390318,,,,,,,,,,,,,
,,,,20300323,,,,,,,,,,,,,,,,,,,,20390325,,,,,,,,,,,,,
,,,,20300324,,,,,,,,,,,,,,,,,,,,20390401,,,,,,,,,,,,,
,,,,20300330,,,,,,,,,,,,,,,,,,,,20390408,,,,,,,,,,,,,
,,,,20300331,,,,,,,,,,,,,,,,,,,,20390415,,,,,,,,,,,,,
,,,,20300406,,,,,,,,,,,,,,,,,,,,20390422,,,,,,,,,,,,,
,,,,20300407,,,,,,,,,,,,,,,,,,,,20390429,,,,,,,,,,,,,
,,,,20300413,,,,,,,,,,,,,,,,,,,,20390506,,,,,,,,,,,,,
,,,,20300414,,,,,,,,,,,,,,,,,,,,20390513,,,,,,,,,,,,,
,,,,20300419,,,,,,,,,,,,,,,,,,,,20390520,,,,,,,,,,,,,
,,,,20300420,,,,,,,,,,,,,,,,,,,,20390527,,,,,,,,,,,,,
,,,,20300421,,,,,,,,,,,,,,,,,,,,20390603,,,,,,,,,,,,,
,,,,20300427,,,,,,,,,,,,,,,,,,,,20390610,,,,,,,,,,,,,
,,,,20300428,,,,,,,,,,,,,,,,,,,,20390617,,,,,,,,,,,,,
,,,,20300504,,,,,,,,,,,,,,,,,,,,20390624,,,,,,,,,,,,,
,,,,20300505,,,,,,,,,,,,,,,,,,,,20390701,,,,,,,,,,,,,
,,,,20300511,,,,,,,,,,,,,,,,,,,,20390708,,,,,,,,,,,,,
,,,,20300512,,,,,,,,,,,,,,,,,,,,20390715,,,,,,,,,,,,,
,,,,20300518,,,,,,,,,,,,,,,,,,,,20390722,,,,,,,,,,,,,
,,,,20300519,,,,,,,,,,,,,,,,,,,,20390729,,,,,,,,,,,,,
,,,,20300525,,,,,,,,,,,,,,,,,,,,20390805,,,,,,,,,,,,,
,,,,20300526,,,,,,,,,,,,,,,,,,,,20390812,,,,,,,,,,,,,
,,,,20300527,,,,,,,,,,,,,,,,,,,,20390819,,,,,,,,,,,,,
,,,,20300601,,,,,,,,,,,,,,,,,,,,20390826,,,,,,,,,,,,,
,,,,20300602,,,,,,,,,,,,,,,,,,,,20390902,,,,,,,,,,,,,
,,,,20300608,,,,,,,,,,,,,,,,,,,,20390909,,,,,,,,,,,,,
,,,,20300609,,,,,,,,,,,,,,,,,,,,20390916,,,,,,,,,,,,,
,,,,20300615,,,,,,,,,,,,,,,,,,,,20390922,,,,,,,,,,,,,
,,,,20300616,,,,,,,,,,,,,,,,,,,,20390923,,,,,,,,,,,,,
,,,,20300622,,,,,,,,,,,,,,,,,,,,20390930,,,,,,,,,,,,,
,,,,20300623,,,,,,,,,,,,,,,,,,,,20391007,,,,,,,,,,,,,
,,,,20300629,,,,,,,,,,,,,,,,,,,,20391014,,,,,,,,,,,,,
,,,,20300630,,,,,,,,,,,,,,,,,,,,20391018,,,,,,,,,,,,,
,,,,20300704,,,,,,,,,,,,,,,,,,,,20391019,,,,,,,,,,,,,
,,,,20300706,,,,,,,,,,,,,,,,,,,,20391020,,,,,,,,,,,,,
,,,,20300707,,,,,,,,,,,,,,,,,,,,20391021,,,,,,,,,,,,,
,,,,20300713,,,,,,,,,,,,,,,,,,,,20391028,,,,,,,,,,,,,
,,,,20300714,,,,,,,,,,,,,,,,,,,,20391104,,,,,,,,,,,,,
,,,,20300720,,,,,,,,,,,,,,,,,,,,20391111,,,,,,,,,,,,,
,,,,20300721,,,,,,,,,,,,,,,,,,,,20391118,,,,,,,,,,,,,
,,,,20300727,,,,,,,,,,,,,,,,,,,,20391125,,,,,,,,,,,,,
,,,,20300728,,,,,,,,,,,,,,,,,,,,20391202,,,,,,,,,,,,,
,,,,20300803,,,,,,,,,,,,,,,,,,,,20391209,,,,,,,,,,,,,
,,,,20300804,,,,,,,,,,,,,,,,,,,,20391216,,,,,,,,,,,,,
,,,,20300810,,,,,,,,,,,,,,,,,,,,20391223,,,,,,,,,,,,,
,,,,20300811,,,,,,,,,,,,,,,,,,,,20391226,,,,,,,,,,,,,
,,,,20300817,,,,,,,,,,,,,,,,,,,,20391227,,,,,,,,,,,,,
,,,,20300818,,,,,,,,,,,,,,,,,,,,20391230,,,,,,,,,,,,,
,,,,20300824,,,,,,,,,,,,,,,,,,,,20400106,,,,,,,,,,,,,
,,,,20300825,,,,,,,,,,,,,,,,,,,,20400113,,,,,,,,,,,,,
,,,,20300831,,,,,,,,,,,,,,,,,,,,20400120,,,,,,,,,,,,,
,,,,20300901,,,,,,,,,,,,,,,,,,,,20400127,,,,,,,,,,,,,
,,,,20300902,,,,,,,,,,,,,,,,,,,,20400203,,,,,,,,,,,,,
,,,,20300907,,,,,,,,,,,,,,,,,,,,20400210,,,,,,,,,,,,,
,,,,20300908,,,,,,,,,,,,,,,,,,,,20400217,,,,,,,,,,,,,
,,,,20300914,,,,,,,,,,,,,,,,,,,,20400224,,,,,,,,,,,,,
,,,,20300915,,,,,,,,,,,,,,,,,,,,20400302,,,,,,,,,,,,,
,,,,20300921,,,,,,,,,,,,,,,,,,,,20400309,,,,,,,,,,,,,
,,,,20300922,,,,,,,,,,,,,,,,,,,,20400316,,,,,,,,,,,,,
,,,,20300928,,,,,,,,,,,,,,,,,,,,20400323,,,,,,,,,,,,,
,,,,20300929,,,,,,,,,,,,,,,,,,,,20400330,,,,,,,,,,,,,
,,,,20301005,,,,,,,,,,,,,,,,,,,,20400406,,,,,,,,,,,,,
,,,,20301006,,,,,,,,,,,,,,,,,,,,20400413,,,,,,,,,,,,,
,,,,20301012,,,,,,,,,,,,,,,,,,,,20400420,,,,,,,,,,,,,
,,,,20301013,,,,,,,,,,,,,,,,,,,,20400427,,,,,,,,,,,,,
,,,,20301014,,,,,,,,,,,,,,,,,,,,20400504,,,,,,,,,,,,,
,,,,20301019,,,,,,,,,,,,,,,,,,,,20400511,,,,,,,,,,,,,
,,,,20301020,,,,,,,,,,,,,,,,,,,,20400518,,,,,,,,,,,,,
,,,,20301026,,,,,,,,,,,,,,,,,,,,20400525,,,,,,,,,,,,,
,,,,20301027,,,,,,,,,,,,,,,,,,,,20400601,,,,,,,,,,,,,
,,,,20301102,,,,,,,,,,,,,,,,,,,,20400608,,,,,,,,,,,,,
,,,,20301103,,,,,,,,,,,,,,,,,,,,20400615,,,,,,,,,,,,,
,,,,20301109,,,,,,,,,,,,,,,,,,,,20400622,,,,,,,,,,,,,
,,,,20301110,,,,,,,,,,,,,,,,,,,,20400629,,,,,,,,,,,,,
,,,,20301111,,,,,,,,,,,,,,,,,,,,20400706,,,,,,,,,,,,,
,,,,20301116,,,,,,,,,,,,,,,,,,,,20400713,,,,,,,,,,,,,
,,,,20301117,,,,,,,,,,,,,,,,,,,,20400720,,,,,,,,,,,,,
,,,,20301123,,,,,,,,,,,,,,,,,,,,20400727,,,,,,,,,,,,,
,,,,20301124,,,,,,,,,,,,,,,,,,,,20400803,,,,,,,,,,,,,
,,,,20301128,,,,,,,,,,,,,,,,,,,,20400810,,,,,,,,,,,,,
,,,,20301130,,,,,,,,,,,,,,,,,,,,20400817,,,,,,,,,,,,,
,,,,20301201,,,,,,,,,,,,,,,,,,,,20400824,,,,,,,,,,,,,
,,,,20301207,,,,,,,,,,,,,,,,,,,,20400831,,,,,,,,,,,,,
,,,,20301208,,,,,,,,,,,,,,,,,,,,20400907,,,,,,,,,,,,,
,,,,20301214,,,,,,,,,,,,,,,,,,,,20400914,,,,,,,,,,,,,
,,,,20301215,,,,,,,,,,,,,,,,,,,,20400921,,,,,,,,,,,,,
,,,,20301221,,,,,,,,,,,,,,,,,,,,20400928,,,,,,,,,,,,,
,,,,20301222,,,,,,,,,,,,,,,,,,,,20401004,,,,,,,,,,,,,
,,,,20301225,,,,,,,,,,,,,,,,,,,,20401005,,,,,,,,,,,,,
,,,,20301228,,,,,,,,,,,,,,,,,,,,20401008,,,,,,,,,,,,,
,,,,20301229,,,,,,,,,,,,,,,,,,,,20401012,,,,,,,,,,,,,
,,,,20310101,,,,,,,,,,,,,,,,,,,,20401019,,,,,,,,,,,,,
,,,,20310104,,,,,,,,,,,,,,,,,,,,20401026,,,,,,,,,,,,,
,,,,20310105,,,,,,,,,,,,,,,,,,,,20401102,,,,,,,,,,,,,
,,,,20310111,,,,,,,,,,,,,,,,,,,,20401109,,,,,,,,,,,,,
,,,,20310112,,,,,,,,,,,,,,,,,,,,20401116,,,,,,,,,,,,,
,,,,20310118,,,,,,,,,,,,,,,,,,,,20401123,,,,,,,,,,,,,
,,,,20310119,,,,,,,,,,,,,,,,,,,,20401130,,,,,,,,,,,,,
,,,,20310120,,,,,,,,,,,,,,,,,,,,20401207,,,,,,,,,,,,,
,,,,20310125,,,,,,,,,,,,,,,,,,,,20401213,,,,,,,,,,,,,
,,,,20310126,,,,,,,,,,,,,,,,,,,,20401214,,,,,,,,,,,,,
,,,,20310201,,,,,,,,,,,,,,,,,,,,20401217,,,,,,,,,,,,,
,,,,20310202,,,,,,,,,,,,,,,,,,,,20401221,,,,,,,,,,,,,
,,,,20310208,,,,,,,,,,,,,,,,,,,,20401228,,,,,,,,,,,,,
,,,,20310209,,,,,,,,,,,,,,,,,,,,20410104,,,,,,,,,,,,,
,,,,20310215,,,,,,,,,,,,,,,,,,,,20410111,,,,,,,,,,,,,
,,,,20310216,,,,,,,,,,,,,,,,,,,,20410118,,,,,,,,,,,,,
,,,,20310217,,,,,,,,,,,,,,,,,,,,20410125,,,,,,,,,,,,,
,,,,20310222,,,,,,,,,,,,,,,,,,,,20410201,,,,,,,,,,,,,
,,,,20310223,,,,,,,,,,,,,,,,,,,,20410208,,,,,,,,,,,,,
,,,,20310301,,,,,,,,,,,,,,,,,,,,20410215,,,,,,,,,,,,,
,,,,20310302,,,,,,,,,,,,,,,,,,,,20410222,,,,,,,,,,,,,
,,,,20310308,,,,,,,,,,,,,,,,,,,,20410301,,,,,,,,,,,,,
,,,,20310309,,,,,,,,,,,,,,,,,,,,20410308,,,,,,,,,,,,,
,,,,20310315,,,,,,,,,,,,,,,,,,,,20410315,,,,,,,,,,,,,
,,,,20310316,,,,,,,,,,,,,,,,,,,,20410322,,,,,,,,,,,,,
,,,,20310322,,,,,,,,,,,,,,,,,,,,20410329,,,,,,,,,,,,,
,,,,20310323,,,,,,,,,,,,,,,,,,,,20410405,,,,,,,,,,,,,
,,,,20310329,,,,,,,,,,,,,,,,,,,,20410412,,,,,,,,,,,,,
,,,,20310330,,,,,,,,,,,,,,,,,,,,20410419,,,,,,,,,,,,,
,,,,20310405,,,,,,,,,,,,,,,,,,,,20410426,,,,,,,,,,,,,
,,,,20310406,,,,,,,,,,,,,,,,,,,,20410503,,,,,,,,,,,,,
,,,,20310411,,,,,,,,,,,,,,,,,,,,20410510,,,,,,,,,,,,,
,,,,20310412,,,,,,,,,,,,,,,,,,,,20410517,,,,,,,,,,,,,
,,,,20310413,,,,,,,,,,,,,,,,,,,,20410524,,,,,,,,,,,,,
,,,,20310419,,,,,,,,,,,,,,,,,,,,20410531,,,,,,,,,,,,,
,,,,20310420,,,,,,,,,,,,,,,,,,,,20410607,,,,,,,,,,,,,
,,,,20310426,,,,,,,,,,,,,,,,,,,,20410614,,,,,,,,,,,,,
,,,,20310427,,,,,,,,,,,,,,,,,,,,20410621,,,,,,,,,,,,,
,,,,20310503,,,,,,,,,,,,,,,,,,,,20410628,,,,,,,,,,,,,
,,,,20310504,,,,,,,,,,,,,,,,,,,,20410705,,,,,,,,,,,,,
,,,,20310510,,,,,,,,,,,,,,,,,,,,20410712,,,,,,,,,,,,,
,,,,20310511,,,,,,,,,,,,,,,,,,,,20410719,,,,,,,,,,,,,
,,,,20310517,,,,,,,,,,,,,,,,,,,,20410726,,,,,,,,,,,,,
,,,,20310518,,,,,,,,,,,,,,,,,,,,20410802,,,,,,,,,,,,,
,,,,20310524,,,,,,,,,,,,,,,,,,,,20410809,,,,,,,,,,,,,
,,,,20310525,,,,,,,,,,,,,,,,,,,,20410816,,,,,,,,,,,,,
,,,,20310526,,,,,,,,,,,,,,,,,,,,20410823,,,,,,,,,,,,,
,,,,20310531,,,,,,,,,,,,,,,,,,,,20410830,,,,,,,,,,,,,
,,,,20310601,,,,,,,,,,,,,,,,,,,,20410906,,,,,,,,,,,,,
,,,,20310607,,,,,,,,,,,,,,,,,,,,20410913,,,,,,,,,,,,,
,,,,20310608,,,,,,,,,,,,,,,,,,,,20410920,,,,,,,,,,,,,
,,,,20310614,,,,,,,,,,,,,,,,,,,,20410923,,,,,,,,,,,,,
,,,,20310615,,,,,,,,,,,,,,,,,,,,20410925,,,,,,,,,,,,,
,,,,20310621,,,,,,,,,,,,,,,,,,,,20410926,,,,,,,,,,,,,
,,,,20310622,,,,,,,,,,,,,,,,,,,,20410927,,,,,,,,,,,,,
,,,,20310628,,,,,,,,,,,,,,,,,,,,20411004,,,,,,,,,,,,,
,,,,20310629,,,,,,,,,,,,,,,,,,,,20411011,,,,,,,,,,,,,
,,,,20310704,,,,,,,,,,,,,,,,,,,,20411018,,,,,,,,,,,,,
,,,,20310705,,,,,,,,,,,,,,,,,,,,20411025,,,,,,,,,,,,,
,,,,20310706,,,,,,,,,,,,,,,,,,,,20411101,,,,,,,,,,,,,
,,,,20310712,,,,,,,,,,,,,,,,,,,,20411108,,,,,,,,,,,,,
,,,,20310713,,,,,,,,,,,,,,,,,,,,20411115,,,,,,,,,,,,,
,,,,20310719,,,,,,,,,,,,,,,,,,,,20411122,,,,,,,,,,,,,
,,,,20310720,,,,,,,,,,,,,,,,,,,,20411129,,,,,,,,,,,,,
,,,,20310726,,,,,,,,,,,,,,,,,,,,20411203,,,,,,,,,,,,,
,,,,20310727,,,,,,,,,,,,,,,,,,,,20411204,,,,,,,,,,,,,
,,,,20310802,,,,,,,,,,,,,,,,,,,,20411205,,,,,,,,,,,,,
,,,,20310803,,,,,,,,,,,,,,,,,,,,20411206,,,,,,,,,,,,,
,,,,20310809,,,,,,,,,,,,,,,,,,,,20411213,,,,,,,,,,,,,
,,,,20310810,,,,,,,,,,,,,,,,,,,,20411220,,,,,,,,,,,,,
,,,,20310816,,,,,,,,,,,,,,,,,,,,20411227,,,,,,,,,,,,,
,,,,20310817,,,,,,,,,,,,,,,,,,,,20420103,,,,,,,,,,,,,
,,,,20310823,,,,,,,,,,,,,,,,,,,,20420110,,,,,,,,,,,,,
,,,,20310824,,,,,,,,,,,,,,,,,,,,20420117,,,,,,,,,,,,,
,,,,20310830,,,,,,,,,,,,,,,,,,,,20420124,,,,,,,,,,,,,
,,,,20310831,,,,,,,,,,,,,,,,,,,,20420131,,,,,,,,,,,,,
,,,,20310901,,,,,,,,,,,,,,,,,,,,20420207,,,,,,,,,,,,,
,,,,20310906,,,,,,,,,,,,,,,,,,,,20420214,,,,,,,,,,,,,
,,,,20310907,,,,,,,,,,,,,,,,,,,,20420221,,,,,,,,,,,,,
,,,,20310913,,,,,,,,,,,,,,,,,,,,20420228,,,,,,,,,,,,,
,,,,20310914,,,,,,,,,,,,,,,,,,,,20420307,,,,,,,,,,,,,
,,,,20310920,,,,,,,,,,,,,,,,,,,,20420314,,,,,,,,,,,,,
,,,,20310921,,,,,,,,,,,,,,,,,,,,20420321,,,,,,,,,,,,,
,,,,20310927,,,,,,,,,,,,,,,,,,,,20420328,,,,,,,,,,,,,
,,,,20310928,,,,,,,,,,,,,,,,,,,,20420404,,,,,,,,,,,,,
,,,,20311004,,,,,,,,,,,,,,,,,,,,20420411,,,,,,,,,,,,,
,,,,20311005,,,,,,,,,,,,,,,,,,,,20420418,,,,,,,,,,,,,
,,,,20311011,,,,,,,,,,,,,,,,,,,,20420425,,,,,,,,,,,,,
,,,,20311012,,,,,,,,,,,,,,,,,,,,20420502,,,,,,,,,,,,,
,,,,20311013,,,,,,,,,,,,,,,,,,,,20420509,,,,,,,,,,,,,
,,,,20311018,,,,,,,,,,,,,,,,,,,,20420516,,,,,,,,,,,,,
,,,,20311019,,,,,,,,,,,,,,,,,,,,20420523,,,,,,,,,,,,,
,,,,20311025,,,,,,,,,,,,,,,,,,,,20420530,,,,,,,,,,,,,
,,,,20311026,,,,,,,,,,,,,,,,,,,,20420606,,,,,,,,,,,,,
,,,,20311101,,,,,,,,,,,,,,,,,,,,20420613,,,,,,,,,,,,,
,,,,20311102,,,,,,,,,,,,,,,,,,,,20420620,,,,,,,,,,,,,
,,,,20311108,,,,,,,,,,,,,,,,,,,,20420627,,,,,,,,,,,,,
,,,,20311109,,,,,,,,,,,,,,,,,,,,20420704,,,,,,,,,,,,,
,,,,20311111,,,,,,,,,,,,,,,,,,,,20420711,,,,,,,,,,,,,
,,,,20311115,,,,,,,,,,,,,,,,,,,,20420718,,,,,,,,,,,,,
,,,,20311116,,,,,,,,,,,,,,,,,,,,20420725,,,,,,,,,,,,,
,,,,20311122,,,,,,,,,,,,,,,,,,,,20420801,,,,,,,,,,,,,
,,,,20311123,,,,,,,,,,,,,,,,,,,,20420808,,,,,,,,,,,,,
,,,,20311127,,,,,,,,,,,,,,,,,,,,20420815,,,,,,,,,,,,,
,,,,20311129,,,,,,,,,,,,,,,,,,,,20420822,,,,,,,,,,,,,
,,,,20311130,,,,,,,,,,,,,,,,,,,,20420829,,,,,,,,,,,,,
,,,,20311206,,,,,,,,,,,,,,,,,,,,20420905,,,,,,,,,,,,,
,,,,20311207,,,,,,,,,,,,,,,,,,,,20420912,,,,,,,,,,,,,
,,,,20311213,,,,,,,,,,,,,,,,,,,,20420915,,,,,,,,,,,,,
,,,,20311214,,,,,,,,,,,,,,,,,,,,20420916,,,,,,,,,,,,,
,,,,20311220,,,,,,,,,,,,,,,,,,,,20420919,,,,,,,,,,,,,
,,,,20311221,,,,,,,,,,,,,,,,,,,,20420923,,,,,,,,,,,,,
,,,,20311225,,,,,,,,,,,,,,,,,,,,20420926,,,,,,,,,,,,,
,,,,20311227,,,,,,,,,,,,,,,,,,,,20421003,,,,,,,,,,,,,
,,,,20311228,,,,,,,,,,,,,,,,,,,,20421010,,,,,,,,,,,,,
,,,,20320101,,,,,,,,,,,,,,,,,,,,20421017,,,,,,,,,,,,,
,,,,20320103,,,,,,,,,,,,,,,,,,,,20421024,,,,,,,,,,,,,
,,,,20320104,,,,,,,,,,,,,,,,,,,,20421031,,,,,,,,,,,,,
,,,,20320110,,,,,,,,,,,,,,,,,,,,20421107,,,,,,,,,,,,,
,,,,20320111,,,,,,,,,,,,,,,,,,,,20421114,,,,,,,,,,,,,
,,,,20320117,,,,,,,,,,,,,,,,,,,,20421120,,,,,,,,,,,,,
,,,,20320118,,,,,,,,,,,,,,,,,,,,20421121,,,,,,,,,,,,,
,,,,20320119,,,,,,,,,,,,,,,,,,,,20421124,,,,,,,,,,,,,
,,,,20320124,,,,,,,,,,,,,,,,,,,,20421128,,,,,,,,,,,,,
,,,,20320125,,,,,,,,,,,,,,,,,,,,20421205,,,,,,,,,,,,,
,,,,20320131,,,,,,,,,,,,,,,,,,,,20421212,,,,,,,,,,,,,
,,,,20320201,,,,,,,,,,,,,,,,,,,,20421219,,,,,,,,,,,,,
,,,,20320207,,,,,,,,,,,,,,,,,,,,20421226,,,,,,,,,,,,,
,,,,20320208,,,,,,,,,,,,,,,,,,,,20430102,,,,,,,,,,,,,
,,,,20320214,,,,,,,,,,,,,,,,,,,,20430109,,,,,,,,,,,,,
,,,,20320215,,,,,,,,,,,,,,,,,,,,20430116,,,,,,,,,,,,,
,,,,20320216,,,,,,,,,,,,,,,,,,,,20430123,,,,,,,,,,,,,
,,,,20320221,,,,,,,,,,,,,,,,,,,,20430130,,,,,,,,,,,,,
,,,,20320222,,,,,,,,,,,,,,,,,,,,20430206,,,,,,,,,,,,,
,,,,20320228,,,,,,,,,,,,,,,,,,,,20430213,,,,,,,,,,,,,
,,,,20320229,,,,,,,,,,,,,,,,,,,,20430220,,,,,,,,,,,,,
,,,,20320306,,,,,,,,,,,,,,,,,,,,20430227,,,,,,,,,,,,,
,,,,20320307,,,,,,,,,,,,,,,,,,,,20430306,,,,,,,,,,,,,
,,,,20320313,,,,,,,,,,,,,,,,,,,,20430313,,,,,,,,,,,,,
,,,,20320314,,,,,,,,,,,,,,,,,,,,20430320,,,,,,,,,,,,,
,,,,20320320,,,,,,,,,,,,,,,,,,,,20430327,,,,,,,,,,,,,
,,,,20320321,,,,,,,,,,,,,,,,,,,,20430403,,,,,,,,,,,,,
,,,,20320326,,,,,,,,,,,,,,,,,,,,20430410,,,,,,,,,,,,,
,,,,20320327,,,,,,,,,,,,,,,,,,,,20430417,,,,,,,,,,,,,
,,,,20320328,,,,,,,,,,,,,,,,,,,,20430424,,,,,,,,,,,,,
,,,,20320403,,,,,,,,,,,,,,,,,,,,20430501,,,,,,,,,,,,,
,,,,20320404,,,,,,,,,,,,,,,,,,,,20430508,,,,,,,,,,,,,
,,,,20320410,,,,,,,,,,,,,,,,,,,,20430515,,,,,,,,,,,,,
,,,,20320411,,,,,,,,,,,,,,,,,,,,20430522,,,,,,,,,,,,,
,,,,20320417,,,,,,,,,,,,,,,,,,,,20430529,,,,,,,,,,,,,
,,,,20320418,,,,,,,,,,,,,,,,,,,,20430605,,,,,,,,,,,,,
,,,,20320424,,,,,,,,,,,,,,,,,,,,20430612,,,,,,,,,,,,,
,,,,20320425,,,,,,,,,,,,,,,,,,,,20430619,,,,,,,,,,,,,
,,,,20320501,,,,,,,,,,,,,,,,,,,,20430626,,,,,,,,,,,,,
,,,,20320502,,,,,,,,,,,,,,,,,,,,20430703,,,,,,,,,,,,,
,,,,20320508,,,,,,,,,,,,,,,,,,,,20430710,,,,,,,,,,,,,
,,,,20320509,,,,,,,,,,,,,,,,,,,,20430717,,,,,,,,,,,,,
,,,,20320515,,,,,,,,,,,,,,,,,,,,20430724,,,,,,,,,,,,,
,,,,20320516,,,,,,,,,,,,,,,,,,,,20430731,,,,,,,,,,,,,
,,,,20320522,,,,,,,,,,,,,,,,,,,,20430807,,,,,,,,,,,,,
,,,,20320523,,,,,,,,,,,,,,,,,,,,20430814,,,,,,,,,,,,,
,,,,20320529,,,,,,,,,,,,,,,,,,,,20430821,,,,,,,,,,,,,
,,,,20320530,,,,,,,,,,,,,,,,,,,,20430828,,,,,,,,,,,,,
,,,,20320531,,,,,,,,,,,,,,,,,,,,20430903,,,,,,,,,,,,,
,,,,20320605,,,,,,,,,,,,,,,,,,,,20430904,,,,,,,,,,,,,
,,,,20320606,,,,,,,,,,,,,,,,,,,,20430907,,,,,,,,,,,,,
,,,,20320612,,,,,,,,,,,,,,,,,,,,20430911,,,,,,,,,,,,,
,,,,20320613,,,,,,,,,,,,,,,,,,,,20430918,,,,,,,,,,,,,
,,,,20320619,,,,,,,,,,,,,,,,,,,,20430923,,,,,,,,,,,,,
,,,,20320620,,,,,,,,,,,,,,,,,,,,20430925,,,,,,,,,,,,,
,,,,20320626,,,,,,,,,,,,,,,,,,,,20431002,,,,,,,,,,,,,
,,,,20320627,,,,,,,,,,,,,,,,,,,,20431009,,,,,,,,,,,,,
,,,,20320703,,,,,,,,,,,,,,,,,,,,20431016,,,,,,,,,,,,,
,,,,20320704,,,,,,,,,,,,,,,,,,,,20431023,,,,,,,,,,,,,
,,,,20320705,,,,,,,,,,,,,,,,,,,,20431030,,,,,,,,,,,,,
,,,,20320710,,,,,,,,,,,,,,,,,,,,20431106,,,,,,,,,,,,,
,,,,20320711,,,,,,,,,,,,,,,,,,,,20431111,,,,,,,,,,,,,
,,,,20320717,,,,,,,,,,,,,,,,,,,,20431112,,,,,,,,,,,,,
,,,,20320718,,,,,,,,,,,,,,,,,,,,20431113,,,,,,,,,,,,,
,,,,20320724,,,,,,,,,,,,,,,,,,,,20431120,,,,,,,,,,,,,
,,,,20320725,,,,,,,,,,,,,,,,,,,,20431127,,,,,,,,,,,,,
,,,,20320731,,,,,,,,,,,,,,,,,,,,20431204,,,,,,,,,,,,,
,,,,20320801,,,,,,,,,,,,,,,,,,,,20431211,,,,,,,,,,,,,
,,,,20320807,,,,,,,,,,,,,,,,,,,,20431218,,,,,,,,,,,,,
,,,,20320808,,,,,,,,,,,,,,,,,,,,20431225,,,,,,,,,,,,,
,,,,20320814,,,,,,,,,,,,,,,,,,,,20440101,,,,,,,,,,,,,
,,,,20320815,,,,,,,,,,,,,,,,,,,,20440108,,,,,,,,,,,,,
,,,,20320821,,,,,,,,,,,,,,,,,,,,20440115,,,,,,,,,,,,,
,,,,20320822,,,,,,,,,,,,,,,,,,,,20440122,,,,,,,,,,,,,
,,,,20320828,,,,,,,,,,,,,,,,,,,,20440129,,,,,,,,,,,,,
,,,,20320829,,,,,,,,,,,,,,,,,,,,20440205,,,,,,,,,,,,,
,,,,20320904,,,,,,,,,,,,,,,,,,,,20440212,,,,,,,,,,,,,
,,,,20320905,,,,,,,,,,,,,,,,,,,,20440219,,,,,,,,,,,,,
,,,,20320906,,,,,,,,,,,,,,,,,,,,20440226,,,,,,,,,,,,,
,,,,20320911,,,,,,,,,,,,,,,,,,,,20440304,,,,,,,,,,,,,
,,,,20320912,,,,,,,,,,,,,,,,,,,,20440311,,,,,,,,,,,,,
,,,,20320918,,,,,,,,,,,,,,,,,,,,20440318,,,,,,,,,,,,,
,,,,20320919,,,,,,,,,,,,,,,,,,,,20440325,,,,,,,,,,,,,
,,,,20320925,,,,,,,,,,,,,,,,,,,,20440401,,,,,,,,,,,,,
,,,,20320926,,,,,,,,,,,,,,,,,,,,20440408,,,,,,,,,,,,,
,,,,20321002,,,,,,,,,,,,,,,,,,,,20440415,,,,,,,,,,,,,
,,,,20321003,,,,,,,,,,,,,,,,,,,,20440422,,,,,,,,,,,,,
,,,,20321009,,,,,,,,,,,,,,,,,,,,20440429,,,,,,,,,,,,,
,,,,20321010,,,,,,,,,,,,,,,,,,,,20440506,,,,,,,,,,,,,
,,,,20321011,,,,,,,,,,,,,,,,,,,,20440513,,,,,,,,,,,,,
,,,,20321016,,,,,,,,,,,,,,,,,,,,20440520,,,,,,,,,,,,,
,,,,20321017,,,,,,,,,,,,,,,,,,,,20440527,,,,,,,,,,,,,
,,,,20321023,,,,,,,,,,,,,,,,,,,,20440603,,,,,,,,,,,,,
,,,,20321024,,,,,,,,,,,,,,,,,,,,20440610,,,,,,,,,,,,,
,,,,20321030,,,,,,,,,,,,,,,,,,,,20440617,,,,,,,,,,,,,
,,,,20321031,,,,,,,,,,,,,,,,,,,,20440624,,,,,,,,,,,,,
,,,,20321106,,,,,,,,,,,,,,,,,,,,20440701,,,,,,,,,,,,,
,,,,20321107,,,,,,,,,,,,,,,,,,,,20440708,,,,,,,,,,,,,
,,,,20321111,,,,,,,,,,,,,,,,,,,,20440715,,,,,,,,,,,,,
,,,,20321113,,,,,,,,,,,,,,,,,,,,20440722,,,,,,,,,,,,,
,,,,20321114,,,,,,,,,,,,,,,,,,,,20440729,,,,,,,,,,,,,
,,,,20321120,,,,,,,,,,,,,,,,,,,,20440805,,,,,,,,,,,,,
,,,,20321121,,,,,,,,,,,,,,,,,,,,20440812,,,,,,,,,,,,,
,,,,20321125,,,,,,,,,,,,,,,,,,,,20440819,,,,,,,,,,,,,
,,,,20321127,,,,,,,,,,,,,,,,,,,,20440823,,,,,,,,,,,,,
,,,,20321128,,,,,,,,,,,,,,,,,,,,20440824,,,,,,,,,,,,,
,,,,20321204,,,,,,,,,,,,,,,,,,,,20440825,,,,,,,,,,,,,
,,,,20321205,,,,,,,,,,,,,,,,,,,,20440826,,,,,,,,,,,,,
,,,,20321211,,,,,,,,,,,,,,,,,,,,20440902,,,,,,,,,,,,,
,,,,20321212,,,,,,,,,,,,,,,,,,,,20440909,,,,,,,,,,,,,
,,,,20321218,,,,,,,,,,,,,,,,,,,,20440916,,,,,,,,,,,,,
,,,,20321219,,,,,,,,,,,,,,,,,,,,20440922,,,,,,,,,,,,,
,,,,20321224,,,,,,,,,,,,,,,,,,,,20440923,,,,,,,,,,,,,
,,,,20321225,,,,,,,,,,,,,,,,,,,,20440930,,,,,,,,,,,,,
,,,,20321226,,,,,,,,,,,,,,,,,,,,20441007,,,,,,,,,,,,,
,,,,20330101,,,,,,,,,,,,,,,,,,,,20441014,,,,,,,,,,,,,
,,,,20330102,,,,,,,,,,,,,,,,,,,,20441021,,,,,,,,,,,,,
,,,,20330108,,,,,,,,,,,,,,,,,,,,20441028,,,,,,,,,,,,,
,,,,20330109,,,,,,,,,,,,,,,,,,,,20441031,,,,,,,,,,,,,
,,,,20330115,,,,,,,,,,,,,,,,,,,,20441101,,,,,,,,,,,,,
,,,,20330116,,,,,,,,,,,,,,,,,,,,20441104,,,,,,,,,,,,,
,,,,20330117,,,,,,,,,,,,,,,,,,,,20441111,,,,,,,,,,,,,
,,,,20330122,,,,,,,,,,,,,,,,,,,,20441118,,,,,,,,,,,,,
,,,,20330123,,,,,,,,,,,,,,,,,,,,20441125,,,,,,,,,,,,,
,,,,20330129,,,,,,,,,,,,,,,,,,,,20441202,,,,,,,,,,,,,
,,,,20330130,,,,,,,,,,,,,,,,,,,,20441209,,,,,,,,,,,,,
,,,,20330205,,,,,,,,,,,,,,,,,,,,20441216,,,,,,,,,,,,,
,,,,20330206,,,,,,,,,,,,,,,,,,,,20441223,,,,,,,,,,,,,
,,,,20330212,,,,,,,,,,,,,,,,,,,,20441230,,,,,,,,,,,,,
,,,,20330213,,,,,,,,,,,,,,,,,,,,20450106,,,,,,,,,,,,,
,,,,20330219,,,,,,,,,,,,,,,,,,,,20450113,,,,,,,,,,,,,
,,,,20330220,,,,,,,,,,,,,,,,,,,,20450120,,,,,,,,,,,,,
,,,,20330221,,,,,,,,,,,,,,,,,,,,20450127,,,,,,,,,,,,,
,,,,20330226,,,,,,,,,,,,,,,,,,,,20450203,,,,,,,,,,,,,
,,,,20330227,,,,,,,,,,,,,,,,,,,,20450210,,,,,,,,,,,,,
,,,,20330305,,,,,,,,,,,,,,,,,,,,20450217,,,,,,,,,,,,,
,,,,20330306,,,,,,,,,,,,,,,,,,,,20450224,,,,,,,,,,,,,
,,,,20330312,,,,,,,,,,,,,,,,,,,,20450303,,,,,,,,,,,,,
,,,,20330313,,,,,,,,,,,,,,,,,,,,20450310,,,,,,,,,,,,,
,,,,20330319,,,,,,,,,,,,,,,,,,,,20450317,,,,,,,,,,,,,
,,,,20330320,,,,,,,,,,,,,,,,,,,,20450324,,,,,,,,,,,,,
,,,,20330326,,,,,,,,,,,,,,,,,,,,20450331,,,,,,,,,,,,,
,,,,20330327,,,,,,,,,,,,,,,,,,,,20450407,,,,,,,,,,,,,
,,,,20330402,,,,,,,,,,,,,,,,,,,,20450414,,,,,,,,,,,,,
,,,,20330403,,,,,,,,,,,,,,,,,,,,20450421,,,,,,,,,,,,,
,,,,20330409,,,,,,,,,,,,,,,,,,,,20450428,,,,,,,,,,,,,
,,,,20330410,,,,,,,,,,,,,,,,,,,,20450505,,,,,,,,,,,,,
,,,,20330415,,,,,,,,,,,,,,,,,,,,20450512,,,,,,,,,,,,,
,,,,20330416,,,,,,,,,,,,,,,,,,,,20450519,,,,,,,,,,,,,
,,,,20330417,,,,,,,,,,,,,,,,,,,,20450526,,,,,,,,,,,,,
,,,,20330423,,,,,,,,,,,,,,,,,,,,20450602,,,,,,,,,,,,,
,,,,20330424,,,,,,,,,,,,,,,,,,,,20450609,,,,,,,,,,,,,
,,,,20330430,,,,,,,,,,,,,,,,,,,,20450616,,,,,,,,,,,,,
,,,,20330501,,,,,,,,,,,,,,,,,,,,20450623,,,,,,,,,,,,,
,,,,20330507,,,,,,,,,,,,,,,,,,,,20450630,,,,,,,,,,,,,
,,,,20330508,,,,,,,,,,,,,,,,,,,,20450707,,,,,,,,,,,,,
,,,,20330514,,,,,,,,,,,,,,,,,,,,20450714,,,,,,,,,,,,,
,,,,20330515,,,,,,,,,,,,,,,,,,,,20450721,,,,,,,,,,,,,
,,,,20330521,,,,,,,,,,,,,,,,,,,,20450728,,,,,,,,,,,,,
,,,,20330522,,,,,,,,,,,,,,,,,,,,20450804,,,,,,,,,,,,,
,,,,20330528,,,,,,,,,,,,,,,,,,,,20450811,,,,,,,,,,,,,
,,,,20330529,,,,,,,,,,,,,,,,,,,,20450814,,,,,,,,,,,,,
,,,,20330530,,,,,,,,,,,,,,,,,,,,20450815,,,,,,,,,,,,,
,,,,20330604,,,,,,,,,,,,,,,,,,,,20450818,,,,,,,,,,,,,
,,,,20330605,,,,,,,,,,,,,,,,,,,,20450825,,,,,,,,,,,,,
,,,,20330611,,,,,,,,,,,,,,,,,,,,20450901,,,,,,,,,,,,,
,,,,20330612,,,,,,,,,,,,,,,,,,,,20450908,,,,,,,,,,,,,
,,,,20330618,,,,,,,,,,,,,,,,,,,,20450915,,,,,,,,,,,,,
,,,,20330619,,,,,,,,,,,,,,,,,,,,20450922,,,,,,,,,,,,,
,,,,20330625,,,,,,,,,,,,,,,,,,,,20450929,,,,,,,,,,,,,
,,,,20330626,,,,,,,,,,,,,,,,,,,,20451006,,,,,,,,,,,,,
,,,,20330702,,,,,,,,,,,,,,,,,,,,20451013,,,,,,,,,,,,,
,,,,20330703,,,,,,,,,,,,,,,,,,,,20451019,,,,,,,,,,,,,
,,,,20330704,,,,,,,,,,,,,,,,,,,,20451020,,,,,,,,,,,,,
,,,,20330709,,,,,,,,,,,,,,,,,,,,20451023,,,,,,,,,,,,,
,,,,20330710,,,,,,,,,,,,,,,,,,,,20451027,,,,,,,,,,,,,
,,,,20330716,,,,,,,,,,,,,,,,,,,,20451103,,,,,,,,,,,,,
,,,,20330717,,,,,,,,,,,,,,,,,,,,20451110,,,,,,,,,,,,,
,,,,20330723,,,,,,,,,,,,,,,,,,,,20451117,,,,,,,,,,,,,
,,,,20330724,,,,,,,,,,,,,,,,,,,,20451124,,,,,,,,,,,,,
,,,,20330730,,,,,,,,,,,,,,,,,,,,20451201,,,,,,,,,,,,,
,,,,20330731,,,,,,,,,,,,,,,,,,,,20451208,,,,,,,,,,,,,
,,,,20330806,,,,,,,,,,,,,,,,,,,,20451215,,,,,,,,,,,,,
,,,,20330807,,,,,,,,,,,,,,,,,,,,20451222,,,,,,,,,,,,,
,,,,20330813,,,,,,,,,,,,,,,,,,,,20451229,,,,,,,,,,,,,
,,,,20330814,,,,,,,,,,,,,,,,,,,,20460105,,,,,,,,,,,,,
,,,,20330820,,,,,,,,,,,,,,,,,,,,20460112,,,,,,,,,,,,,
,,,,20330821,,,,,,,,,,,,,,,,,,,,20460119,,,,,,,,,,,,,
,,,,20330827,,,,,,,,,,,,,,,,,,,,20460126,,,,,,,,,,,,,
,,,,20330828,,,,,,,,,,,,,,,,,,,,20460202,,,,,,,,,,,,,
,,,,20330903,,,,,,,,,,,,,,,,,,,,20460209,,,,,,,,,,,,,
,,,,20330904,,,,,,,,,,,,,,,,,,,,20460216,,,,,,,,,,,,,
,,,,20330905,,,,,,,,,,,,,,,,,,,,20460223,,,,,,,,,,,,,
,,,,20330910,,,,,,,,,,,,,,,,,,,,20460302,,,,,,,,,,,,,
,,,,20330911,,,,,,,,,,,,,,,,,,,,20460309,,,,,,,,,,,,,
,,,,20330917,,,,,,,,,,,,,,,,,,,,20460316,,,,,,,,,,,,,
,,,,20330918,,,,,,,,,,,,,,,,,,,,20460323,,,,,,,,,,,,,
,,,,20330924,,,,,,,,,,,,,,,,,,,,20460330,,,,,,,,,,,,,
,,,,20330925,,,,,,,,,,,,,,,,,,,,20460406,,,,,,,,,,,,,
,,,,20331001,,,,,,,,,,,,,,,,,,,,20460413,,,,,,,,,,,,,
,,,,20331002,,,,,,,,,,,,,,,,,,,,20460420,,,,,,,,,,,,,
,,,,20331008,,,,,,,,,,,,,,,,,,,,20460427,,,,,,,,,,,,,
,,,,20331009,,,,,,,,,,,,,,,,,,,,20460504,,,,,,,,,,,,,
,,,,20331010,,,,,,,,,,,,,,,,,,,,20460511,,,,,,,,,,,,,
,,,,20331015,,,,,,,,,,,,,,,,,,,,20460518,,,,,,,,,,,,,
,,,,20331016,,,,,,,,,,,,,,,,,,,,20460525,,,,,,,,,,,,,
,,,,20331022,,,,,,,,,,,,,,,,,,,,20460601,,,,,,,,,,,,,
,,,,20331023,,,,,,,,,,,,,,,,,,,,20460608,,,,,,,,,,,,,
,,,,20331029,,,,,,,,,,,,,,,,,,,,20460615,,,,,,,,,,,,,
,,,,20331030,,,,,,,,,,,,,,,,,,,,20460622,,,,,,,,,,,,,
,,,,20331105,,,,,,,,,,,,,,,,,,,,20460629,,,,,,,,,,,,,
,,,,20331106,,,,,,,,,,,,,,,,,,,,20460706,,,,,,,,,,,,,
,,,,20331111,,,,,,,,,,,,,,,,,,,,20460713,,,,,,,,,,,,,
,,,,20331112,,,,,,,,,,,,,,,,,,,,20460720,,,,,,,,,,,,,
,,,,20331113,,,,,,,,,,,,,,,,,,,,20460727,,,,,,,,,,,,,
,,,,20331119,,,,,,,,,,,,,,,,,,,,20460802,,,,,,,,,,,,,
,,,,20331120,,,,,,,,,,,,,,,,,,,,20460803,,,,,,,,,,,,,
,,,,20331124,,,,,,,,,,,,,,,,,,,,20460806,,,,,,,,,,,,,
,,,,20331126,,,,,,,,,,,,,,,,,,,,20460810,,,,,,,,,,,,,
,,,,20331127,,,,,,,,,,,,,,,,,,,,20460817,,,,,,,,,,,,,
,,,,20331203,,,,,,,,,,,,,,,,,,,,20460824,,,,,,,,,,,,,
,,,,20331204,,,,,,,,,,,,,,,,,,,,20460831,,,,,,,,,,,,,
,,,,20331210,,,,,,,,,,,,,,,,,,,,20460907,,,,,,,,,,,,,
,,,,20331211,,,,,,,,,,,,,,,,,,,,20460914,,,,,,,,,,,,,
,,,,20331217,,,,,,,,,,,,,,,,,,,,20460921,,,,,,,,,,,,,
,,,,20331218,,,,,,,,,,,,,,,,,,,,20460928,,,,,,,,,,,,,
,,,,20331224,,,,,,,,,,,,,,,,,,,,20461005,,,,,,,,,,,,,
,,,,20331225,,,,,,,,,,,,,,,,,,,,20461009,,,,,,,,,,,,,
,,,,20331226,,,,,,,,,,,,,,,,,,,,20461010,,,,,,,,,,,,,
,,,,20331231,,,,,,,,,,,,,,,,,,,,20461011,,,,,,,,,,,,,
,,,,20340101,,,,,,,,,,,,,,,,,,,,20461012,,,,,,,,,,,,,
,,,,20340102,,,,,,,,,,,,,,,,,,,,20461019,,,,,,,,,,,,,
,,,,20340107,,,,,,,,,,,,,,,,,,,,20461026,,,,,,,,,,,,,
,,,,20340108,,,,,,,,,,,,,,,,,,,,20461102,,,,,,,,,,,,,
,,,,20340114,,,,,,,,,,,,,,,,,,,,20461109,,,,,,,,,,,,,
,,,,20340115,,,,,,,,,,,,,,,,,,,,20461116,,,,,,,,,,,,,
,,,,20340116,,,,,,,,,,,,,,,,,,,,20461123,,,,,,,,,,,,,
,,,,20340121,,,,,,,,,,,,,,,,,,,,20461130,,,,,,,,,,,,,
,,,,20340122,,,,,,,,,,,,,,,,,,,,20461207,,,,,,,,,,,,,
,,,,20340128,,,,,,,,,,,,,,,,,,,,20461214,,,,,,,,,,,,,
,,,,20340129,,,,,,,,,,,,,,,,,,,,20461221,,,,,,,,,,,,,
,,,,20340204,,,,,,,,,,,,,,,,,,,,20461228,,,,,,,,,,,,,
,,,,20340205,,,,,,,,,,,,,,,,,,,,20470104,,,,,,,,,,,,,
,,,,20340211,,,,,,,,,,,,,,,,,,,,20470111,,,,,,,,,,,,,
,,,,20340212,,,,,,,,,,,,,,,,,,,,20470118,,,,,,,,,,,,,
,,,,20340218,,,,,,,,,,,,,,,,,,,,20470125,,,,,,,,,,,,,
,,,,20340219,,,,,,,,,,,,,,,,,,,,20470201,,,,,,,,,,,,,
,,,,20340220,,,,,,,,,,,,,,,,,,,,20470208,,,,,,,,,,,,,
,,,,20340225,,,,,,,,,,,,,,,,,,,,20470215,,,,,,,,,,,,,
,,,,20340226,,,,,,,,,,,,,,,,,,,,20470222,,,,,,,,,,,,,
,,,,20340304,,,,,,,,,,,,,,,,,,,,20470301,,,,,,,,,,,,,
,,,,20340305,,,,,,,,,,,,,,,,,,,,20470308,,,,,,,,,,,,,
,,,,20340311,,,,,,,,,,,,,,,,,,,,20470315,,,,,,,,,,,,,
,,,,20340312,,,,,,,,,,,,,,,,,,,,20470322,,,,,,,,,,,,,
,,,,20340318,,,,,,,,,,,,,,,,,,,,20470329,,,,,,,,,,,,,
,,,,20340319,,,,,,,,,,,,,,,,,,,,20470405,,,,,,,,,,,,,
,,,,20340325,,,,,,,,,,,,,,,,,,,,20470412,,,,,,,,,,,,,
,,,,20340326,,,,,,,,,,,,,,,,,,,,20470419,,,,,,,,,,,,,
,,,,20340401,,,,,,,,,,,,,,,,,,,,20470426,,,,,,,,,,,,,
,,,,20340402,,,,,,,,,,,,,,,,,,,,20470503,,,,,,,,,,,,,
,,,,20340408,,,,,,,,,,,,,,,,,,,,20470510,,,,,,,,,,,,,
,,,,20340409,,,,,,,,,,,,,,,,,,,,20470517,,,,,,,,,,,,,
,,,,20340415,,,,,,,,,,,,,,,,,,,,20470524,,,,,,,,,,,,,
,,,,20340416,,,,,,,,,,,,,,,,,,,,20470531,,,,,,,,,,,,,
,,,,20340422,,,,,,,,,,,,,,,,,,,,20470607,,,,,,,,,,,,,
,,,,20340423,,,,,,,,,,,,,,,,,,,,20470614,,,,,,,,,,,,,
,,,,20340429,,,,,,,,,,,,,,,,,,,,20470621,,,,,,,,,,,,,
,,,,20340430,,,,,,,,,,,,,,,,,,,,20470628,,,,,,,,,,,,,
,,,,20340506,,,,,,,,,,,,,,,,,,,,20470705,,,,,,,,,,,,,
,,,,20340507,,,,,,,,,,,,,,,,,,,,20470712,,,,,,,,,,,,,
,,,,20340513,,,,,,,,,,,,,,,,,,,,20470719,,,,,,,,,,,,,
,,,,20340514,,,,,,,,,,,,,,,,,,,,20470723,,,,,,,,,,,,,
,,,,20340520,,,,,,,,,,,,,,,,,,,,20470724,,,,,,,,,,,,,
,,,,20340521,,,,,,,,,,,,,,,,,,,,20470725,,,,,,,,,,,,,
,,,,20340527,,,,,,,,,,,,,,,,,,,,20470726,,,,,,,,,,,,,
,,,,20340528,,,,,,,,,,,,,,,,,,,,20470802,,,,,,,,,,,,,
,,,,20340529,,,,,,,,,,,,,,,,,,,,20470809,,,,,,,,,,,,,
,,,,20340603,,,,,,,,,,,,,,,,,,,,20470816,,,,,,,,,,,,,
,,,,20340604,,,,,,,,,,,,,,,,,,,,20470823,,,,,,,,,,,,,
,,,,20340610,,,,,,,,,,,,,,,,,,,,20470830,,,,,,,,,,,,,
,,,,20340611,,,,,,,,,,,,,,,,,,,,20470906,,,,,,,,,,,,,
,,,,20340617,,,,,,,,,,,,,,,,,,,,20470913,,,,,,,,,,,,,
,,,,20340618,,,,,,,,,,,,,,,,,,,,20470920,,,,,,,,,,,,,
,,,,20340624,,,,,,,,,,,,,,,,,,,,20470923,,,,,,,,,,,,,
,,,,20340625,,,,,,,,,,,,,,,,,,,,20470927,,,,,,,,,,,,,
,,,,20340701,,,,,,,,,,,,,,,,,,,,20470930,,,,,,,,,,,,,
,,,,20340702,,,,,,,,,,,,,,,,,,,,20471001,,,,,,,,,,,,,
,,,,20340704,,,,,,,,,,,,,,,,,,,,20471004,,,,,,,,,,,,,
,,,,20340708,,,,,,,,,,,,,,,,,,,,20471011,,,,,,,,,,,,,
,,,,20340709,,,,,,,,,,,,,,,,,,,,20471018,,,,,,,,,,,,,
,,,,20340715,,,,,,,,,,,,,,,,,,,,20471025,,,,,,,,,,,,,
,,,,20340716,,,,,,,,,,,,,,,,,,,,20471101,,,,,,,,,,,,,
,,,,20340722,,,,,,,,,,,,,,,,,,,,20471108,,,,,,,,,,,,,
,,,,20340723,,,,,,,,,,,,,,,,,,,,20471115,,,,,,,,,,,,,
,,,,20340729,,,,,,,,,,,,,,,,,,,,20471122,,,,,,,,,,,,,
,,,,20340730,,,,,,,,,,,,,,,,,,,,20471129,,,,,,,,,,,,,
,,,,20340805,,,,,,,,,,,,,,,,,,,,20471206,,,,,,,,,,,,,
,,,,20340806,,,,,,,,,,,,,,,,,,,,20471213,,,,,,,,,,,,,
,,,,20340812,,,,,,,,,,,,,,,,,,,,20471220,,,,,,,,,,,,,
,,,,20340813,,,,,,,,,,,,,,,,,,,,20471227,,,,,,,,,,,,,
,,,,20340819,,,,,,,,,,,,,,,,,,,,20480103,,,,,,,,,,,,,
,,,,20340820,,,,,,,,,,,,,,,,,,,,20480110,,,,,,,,,,,,,
,,,,20340826,,,,,,,,,,,,,,,,,,,,20480117,,,,,,,,,,,,,
,,,,20340827,,,,,,,,,,,,,,,,,,,,20480124,,,,,,,,,,,,,
,,,,20340902,,,,,,,,,,,,,,,,,,,,20480131,,,,,,,,,,,,,
,,,,20340903,,,,,,,,,,,,,,,,,,,,20480207,,,,,,,,,,,,,
,,,,20340904,,,,,,,,,,,,,,,,,,,,20480214,,,,,,,,,,,,,
,,,,20340909,,,,,,,,,,,,,,,,,,,,20480221,,,,,,,,,,,,,
,,,,20340910,,,,,,,,,,,,,,,,,,,,20480228,,,,,,,,,,,,,
,,,,20340916,,,,,,,,,,,,,,,,,,,,20480306,,,,,,,,,,,,,
,,,,20340917,,,,,,,,,,,,,,,,,,,,20480313,,,,,,,,,,,,,
,,,,20340923,,,,,,,,,,,,,,,,,,,,20480320,,,,,,,,,,,,,
,,,,20340924,,,,,,,,,,,,,,,,,,,,20480327,,,,,,,,,,,,,
,,,,20340930,,,,,,,,,,,,,,,,,,,,20480403,,,,,,,,,,,,,
,,,,20341001,,,,,,,,,,,,,,,,,,,,20480410,,,,,,,,,,,,,
,,,,20341007,,,,,,,,,,,,,,,,,,,,20480417,,,,,,,,,,,,,
,,,,20341008,,,,,,,,,,,,,,,,,,,,20480424,,,,,,,,,,,,,
,,,,20341009,,,,,,,,,,,,,,,,,,,,20480501,,,,,,,,,,,,,
,,,,20341014,,,,,,,,,,,,,,,,,,,,20480508,,,,,,,,,,,,,
,,,,20341015,,,,,,,,,,,,,,,,,,,,20480515,,,,,,,,,,,,,
,,,,20341021,,,,,,,,,,,,,,,,,,,,20480522,,,,,,,,,,,,,
,,,,20341022,,,,,,,,,,,,,,,,,,,,20480529,,,,,,,,,,,,,
,,,,20341028,,,,,,,,,,,,,,,,,,,,20480605,,,,,,,,,,,,,
,,,,20341029,,,,,,,,,,,,,,,,,,,,20480612,,,,,,,,,,,,,
,,,,20341104,,,,,,,,,,,,,,,,,,,,20480619,,,,,,,,,,,,,
,,,,20341105,,,,,,,,,,,,,,,,,,,,20480626,,,,,,,,,,,,,
,,,,20341111,,,,,,,,,,,,,,,,,,,,20480703,,,,,,,,,,,,,
,,,,20341112,,,,,,,,,,,,,,,,,,,,20480709,,,,,,,,,,,,,
,,,,20341118,,,,,,,,,,,,,,,,,,,,20480710,,,,,,,,,,,,,
,,,,20341119,,,,,,,,,,,,,,,,,,,,20480713,,,,,,,,,,,,,
,,,,20341123,,,,,,,,,,,,,,,,,,,,20480717,,,,,,,,,,,,,
,,,,20341125,,,,,,,,,,,,,,,,,,,,20480724,,,,,,,,,,,,,
,,,,20341126,,,,,,,,,,,,,,,,,,,,20480731,,,,,,,,,,,,,
,,,,20341202,,,,,,,,,,,,,,,,,,,,20480807,,,,,,,,,,,,,
,,,,20341203,,,,,,,,,,,,,,,,,,,,20480814,,,,,,,,,,,,,
,,,,20341209,,,,,,,,,,,,,,,,,,,,20480821,,,,,,,,,,,,,
,,,,20341210,,,,,,,,,,,,,,,,,,,,20480828,,,,,,,,,,,,,
,,,,20341216,,,,,,,,,,,,,,,,,,,,20480904,,,,,,,,,,,,,
,,,,20341217,,,,,,,,,,,,,,,,,,,,20480911,,,,,,,,,,,,,
,,,,20341223,,,,,,,,,,,,,,,,,,,,20480917,,,,,,,,,,,,,
,,,,20341224,,,,,,,,,,,,,,,,,,,,20480918,,,,,,,,,,,,,
,,,,20341225,,,,,,,,,,,,,,,,,,,,20480921,,,,,,,,,,,,,
,,,,20341230,,,,,,,,,,,,,,,,,,,,20480923,,,,,,,,,,,,,
,,,,20341231,,,,,,,,,,,,,,,,,,,,20480925,,,,,,,,,,,,,
,,,,20350101,,,,,,,,,,,,,,,,,,,,20481002,,,,,,,,,,,,,
,,,,20350106,,,,,,,,,,,,,,,,,,,,20481009,,,,,,,,,,,,,
,,,,20350107,,,,,,,,,,,,,,,,,,,,20481016,,,,,,,,,,,,,
,,,,20350113,,,,,,,,,,,,,,,,,,,,20481023,,,,,,,,,,,,,
,,,,20350114,,,,,,,,,,,,,,,,,,,,20481030,,,,,,,,,,,,,
,,,,20350115,,,,,,,,,,,,,,,,,,,,20481106,,,,,,,,,,,,,
,,,,20350120,,,,,,,,,,,,,,,,,,,,20481113,,,,,,,,,,,,,
,,,,20350121,,,,,,,,,,,,,,,,,,,,20481120,,,,,,,,,,,,,
,,,,20350127,,,,,,,,,,,,,,,,,,,,20481127,,,,,,,,,,,,,
,,,,20350128,,,,,,,,,,,,,,,,,,,,20481204,,,,,,,,,,,,,
,,,,20350203,,,,,,,,,,,,,,,,,,,,20481211,,,,,,,,,,,,,
,,,,20350204,,,,,,,,,,,,,,,,,,,,20481218,,,,,,,,,,,,,
,,,,20350210,,,,,,,,,,,,,,,,,,,,20481225,,,,,,,,,,,,,
,,,,20350211,,,,,,,,,,,,,,,,,,,,20490101,,,,,,,,,,,,,
,,,,20350217,,,,,,,,,,,,,,,,,,,,20490108,,,,,,,,,,,,,
,,,,20350218,,,,,,,,,,,,,,,,,,,,20490115,,,,,,,,,,,,,
,,,,20350219,,,,,,,,,,,,,,,,,,,,20490122,,,,,,,,,,,,,
,,,,20350224,,,,,,,,,,,,,,,,,,,,20490129,,,,,,,,,,,,,
,,,,20350225,,,,,,,,,,,,,,,,,,,,20490205,,,,,,,,,,,,,
,,,,20350303,,,,,,,,,,,,,,,,,,,,20490212,,,,,,,,,,,,,
,,,,20350304,,,,,,,,,,,,,,,,,,,,20490219,,,,,,,,,,,,,
,,,,20350310,,,,,,,,,,,,,,,,,,,,20490226,,,,,,,,,,,,,
,,,,20350311,,,,,,,,,,,,,,,,,,,,20490305,,,,,,,,,,,,,
,,,,20350317,,,,,,,,,,,,,,,,,,,,20490312,,,,,,,,,,,,,
,,,,20350318,,,,,,,,,,,,,,,,,,,,20490319,,,,,,,,,,,,,
,,,,20350323,,,,,,,,,,,,,,,,,,,,20490326,,,,,,,,,,,,,
,,,,20350324,,,,,,,,,,,,,,,,,,,,20490402,,,,,,,,,,,,,
,,,,20350325,,,,,,,,,,,,,,,,,,,,20490409,,,,,,,,,,,,,
,,,,20350331,,,,,,,,,,,,,,,,,,,,20490416,,,,,,,,,,,,,
,,,,20350401,,,,,,,,,,,,,,,,,,,,20490423,,,,,,,,,,,,,
,,,,20350407,,,,,,,,,,,,,,,,,,,,20490430,,,,,,,,,,,,,
,,,,20350408,,,,,,,,,,,,,,,,,,,,20490507,,,,,,,,,,,,,
,,,,20350414,,,,,,,,,,,,,,,,,,,,20490514,,,,,,,,,,,,,
,,,,20350415,,,,,,,,,,,,,,,,,,,,20490521,,,,,,,,,,,,,
,,,,20350421,,,,,,,,,,,,,,,,,,,,20490528,,,,,,,,,,,,,
,,,,20350422,,,,,,,,,,,,,,,,,,,,20490604,,,,,,,,,,,,,
,,,,20350428,,,,,,,,,,,,,,,,,,,,20490611,,,,,,,,,,,,,
,,,,20350429,,,,,,,,,,,,,,,,,,,,20490618,,,,,,,,,,,,,
,,,,20350505,,,,,,,,,,,,,,,,,,,,20490625,,,,,,,,,,,,,
,,,,20350506,,,,,,,,,,,,,,,,,,,,20490630,,,,,,,,,,,,,
,,,,20350512,,,,,,,,,,,,,,,,,,,,20490701,,,,,,,,,,,,,
,,,,20350513,,,,,,,,,,,,,,,,,,,,20490702,,,,,,,,,,,,,
,,,,20350519,,,,,,,,,,,,,,,,,,,,20490709,,,,,,,,,,,,,
,,,,20350520,,,,,,,,,,,,,,,,,,,,20490716,,,,,,,,,,,,,
,,,,20350526,,,,,,,,,,,,,,,,,,,,20490723,,,,,,,,,,,,,
,,,,20350527,,,,,,,,,,,,,,,,,,,,20490730,,,,,,,,,,,,,
,,,,20350528,,,,,,,,,,,,,,,,,,,,20490806,,,,,,,,,,,,,
,,,,20350602,,,,,,,,,,,,,,,,,,,,20490813,,,,,,,,,,,,,
,,,,20350603,,,,,,,,,,,,,,,,,,,,20490820,,,,,,,,,,,,,
,,,,20350609,,,,,,,,,,,,,,,,,,,,20490827,,,,,,,,,,,,,
,,,,20350610,,,,,,,,,,,,,,,,,,,,20490903,,,,,,,,,,,,,
,,,,20350616,,,,,,,,,,,,,,,,,,,,20490907,,,,,,,,,,,,,
,,,,20350617,,,,,,,,,,,,,,,,,,,,20490908,,,,,,,,,,,,,
,,,,20350623,,,,,,,,,,,,,,,,,,,,20490909,,,,,,,,,,,,,
,,,,20350624,,,,,,,,,,,,,,,,,,,,20490910,,,,,,,,,,,,,
,,,,20350630,,,,,,,,,,,,,,,,,,,,20490917,,,,,,,,,,,,,
,,,,20350701,,,,,,,,,,,,,,,,,,,,20490923,,,,,,,,,,,,,
,,,,20350704,,,,,,,,,,,,,,,,,,,,20490924,,,,,,,,,,,,,
,,,,20350707,,,,,,,,,,,,,,,,,,,,20491001,,,,,,,,,,,,,
,,,,20350708,,,,,,,,,,,,,,,,,,,,20491008,,,,,,,,,,,,,
,,,,20350714,,,,,,,,,,,,,,,,,,,,20491015,,,,,,,,,,,,,
,,,,20350715,,,,,,,,,,,,,,,,,,,,20491022,,,,,,,,,,,,,
,,,,20350721,,,,,,,,,,,,,,,,,,,,20491029,,,,,,,,,,,,,
,,,,20350722,,,,,,,,,,,,,,,,,,,,20491105,,,,,,,,,,,,,
,,,,20350728,,,,,,,,,,,,,,,,,,,,20491112,,,,,,,,,,,,,
,,,,20350729,,,,,,,,,,,,,,,,,,,,20491119,,,,,,,,,,,,,
,,,,20350804,,,,,,,,,,,,,,,,,,,,20491126,,,,,,,,,,,,,
,,,,20350805,,,,,,,,,,,,,,,,,,,,20491203,,,,,,,,,,,,,
,,,,20350811,,,,,,,,,,,,,,,,,,,,20491210,,,,,,,,,,,,,
,,,,20350812,,,,,,,,,,,,,,,,,,,,20491217,,,,,,,,,,,,,
,,,,20350818,,,,,,,,,,,,,,,,,,,,20491224,,,,,,,,,,,,,
,,,,20350819,,,,,,,,,,,,,,,,,,,,20491231,,,,,,,,,,,,,
,,,,20350825,,,,,,,,,,,,,,,,,,,,20500107,,,,,,,,,,,,,
,,,,20350826,,,,,,,,,,,,,,,,,,,,20500114,,,,,,,,,,,,,
,,,,20350901,,,,,,,,,,,,,,,,,,,,20500121,,,,,,,,,,,,,
,,,,20350902,,,,,,,,,,,,,,,,,,,,20500128,,,,,,,,,,,,,
,,,,20350903,,,,,,,,,,,,,,,,,,,,20500204,,,,,,,,,,,,,
,,,,20350908,,,,,,,,,,,,,,,,,,,,20500211,,,,,,,,,,,,,
,,,,20350909,,,,,,,,,,,,,,,,,,,,20500218,,,,,,,,,,,,,
,,,,20350915,,,,,,,,,,,,,,,,,,,,20500225,,,,,,,,,,,,,
,,,,20350916,,,,,,,,,,,,,,,,,,,,20500304,,,,,,,,,,,,,
,,,,20350922,,,,,,,,,,,,,,,,,,,,20500311,,,,,,,,,,,,,
,,,,20350923,,,,,,,,,,,,,,,,,,,,20500318,,,,,,,,,,,,,
,,,,20350929,,,,,,,,,,,,,,,,,,,,20500325,,,,,,,,,,,,,
,,,,20350930,,,,,,,,,,,,,,,,,,,,20500401,,,,,,,,,,,,,
,,,,20351006,,,,,,,,,,,,,,,,,,,,20500408,,,,,,,,,,,,,
,,,,20351007,,,,,,,,,,,,,,,,,,,,20500415,,,,,,,,,,,,,
,,,,20351008,,,,,,,,,,,,,,,,,,,,20500422,,,,,,,,,,,,,
,,,,20351013,,,,,,,,,,,,,,,,,,,,20500429,,,,,,,,,,,,,
,,,,20351014,,,,,,,,,,,,,,,,,,,,20500506,,,,,,,,,,,,,
,,,,20351020,,,,,,,,,,,,,,,,,,,,20500513,,,,,,,,,,,,,
,,,,20351021,,,,,,,,,,,,,,,,,,,,20500520,,,,,,,,,,,,,
,,,,20351027,,,,,,,,,,,,,,,,,,,,20500527,,,,,,,,,,,,,
,,,,20351028,,,,,,,,,,,,,,,,,,,,20500603,,,,,,,,,,,,,
,,,,20351103,,,,,,,,,,,,,,,,,,,,20500610,,,,,,,,,,,,,
,,,,20351104,,,,,,,,,,,,,,,,,,,,20500617,,,,,,,,,,,,,
,,,,20351110,,,,,,,,,,,,,,,,,,,,20500620,,,,,,,,,,,,,
,,,,20351111,,,,,,,,,,,,,,,,,,,,20500621,,,,,,,,,,,,,
,,,,20351112,,,,,,,,,,,,,,,,,,,,20500624,,,,,,,,,,,,,
,,,,20351117,,,,,,,,,,,,,,,,,,,,20500701,,,,,,,,,,,,,
,,,,20351118,,,,,,,,,,,,,,,,,,,,20500708,,,,,,,,,,,,,
,,,,20351122,,,,,,,,,,,,,,,,,,,,20500715,,,,,,,,,,,,,
,,,,20351124,,,,,,,,,,,,,,,,,,,,20500722,,,,,,,,,,,,,
,,,,20351125,,,,,,,,,,,,,,,,,,,,20500729,,,,,,,,,,,,,
,,,,20351201,,,,,,,,,,,,,,,,,,,,20500805,,,,,,,,,,,,,
,,,,20351202,,,,,,,,,,,,,,,,,,,,20500812,,,,,,,,,,,,,
,,,,20351208,,,,,,,,,,,,,,,,,,,,20500819,,,,,,,,,,,,,
,,,,20351209,,,,,,,,,,,,,,,,,,,,20500825,,,,,,,,,,,,,
,,,,20351215,,,,,,,,,,,,,,,,,,,,20500826,,,,,,,,,,,,,
,,,,20351216,,,,,,,,,,,,,,,,,,,,20500829,,,,,,,,,,,,,
,,,,20351222,,,,,,,,,,,,,,,,,,,,20500902,,,,,,,,,,,,,
,,,,20351223,,,,,,,,,,,,,,,,,,,,20500909,,,,,,,,,,,,,
,,,,20351225,,,,,,,,,,,,,,,,,,,,20500916,,,,,,,,,,,,,
,,,,20351229,,,,,,,,,,,,,,,,,,,,20500922,,,,,,,,,,,,,
,,,,20351230,,,,,,,,,,,,,,,,,,,,20500923,,,,,,,,,,,,,
,,,,20360101,,,,,,,,,,,,,,,,,,,,20500930,,,,,,,,,,,,,
,,,,20360105,,,,,,,,,,,,,,,,,,,,20501007,,,,,,,,,,,,,
,,,,20360106,,,,,,,,,,,,,,,,,,,,20501014,,,,,,,,,,,,,
,,,,20360112,,,,,,,,,,,,,,,,,,,,20501021,,,,,,,,,,,,,
,,,,20360113,,,,,,,,,,,,,,,,,,,,20501028,,,,,,,,,,,,,
,,,,20360119,,,,,,,,,,,,,,,,,,,,20501104,,,,,,,,,,,,,
,,,,20360120,,,,,,,,,,,,,,,,,,,,20501111,,,,,,,,,,,,,
,,,,20360121,,,,,,,,,,,,,,,,,,,,20501118,,,,,,,,,,,,,
,,,,20360126,,,,,,,,,,,,,,,,,,,,20501125,,,,,,,,,,,,,
,,,,20360127,,,,,,,,,,,,,,,,,,,,20501202,,,,,,,,,,,,,
,,,,20360202,,,,,,,,,,,,,,,,,,,,20501209,,,,,,,,,,,,,
,,,,20360203,,,,,,,,,,,,,,,,,,,,20501216,,,,,,,,,,,,,
,,,,20360209,,,,,,,,,,,,,,,,,,,,20501223,,,,,,,,,,,,,
,,,,20360210,,,,,,,,,,,,,,,,,,,,20501230,,,,,,,,,,,,,
,,,,20360216,,,,,,,,,,,,,,,,,,,,20510106,,,,,,,,,,,,,
,,,,20360217,,,,,,,,,,,,,,,,,,,,20510113,,,,,,,,,,,,,
,,,,20360218,,,,,,,,,,,,,,,,,,,,20510120,,,,,,,,,,,,,
,,,,20360223,,,,,,,,,,,,,,,,,,,,20510127,,,,,,,,,,,,,
,,,,20360224,,,,,,,,,,,,,,,,,,,,20510203,,,,,,,,,,,,,
,,,,20360301,,,,,,,,,,,,,,,,,,,,20510210,,,,,,,,,,,,,
,,,,20360302,,,,,,,,,,,,,,,,,,,,20510217,,,,,,,,,,,,,
,,,,20360308,,,,,,,,,,,,,,,,,,,,20510224,,,,,,,,,,,,,
,,,,20360309,,,,,,,,,,,,,,,,,,,,20510303,,,,,,,,,,,,,
,,,,20360315,,,,,,,,,,,,,,,,,,,,20510310,,,,,,,,,,,,,
,,,,20360316,,,,,,,,,,,,,,,,,,,,20510317,,,,,,,,,,,,,
,,,,20360322,,,,,,,,,,,,,,,,,,,,20510324,,,,,,,,,,,,,
,,,,20360323,,,,,,,,,,,,,,,,,,,,20510331,,,,,,,,,,,,,
,,,,20360329,,,,,,,,,,,,,,,,,,,,20510407,,,,,,,,,,,,,
,,,,20360330,,,,,,,,,,,,,,,,,,,,20510414,,,,,,,,,,,,,
,,,,20360405,,,,,,,,,,,,,,,,,,,,20510421,,,,,,,,,,,,,
,,,,20360406,,,,,,,,,,,,,,,,,,,,20510428,,,,,,,,,,,,,
,,,,20360411,,,,,,,,,,,,,,,,,,,,20510505,,,,,,,,,,,,,
,,,,20360412,,,,,,,,,,,,,,,,,,,,20510512,,,,,,,,,,,,,
,,,,20360413,,,,,,,,,,,,,,,,,,,,20510519,,,,,,,,,,,,,
,,,,20360419,,,,,,,,,,,,,,,,,,,,20510526,,,,,,,,,,,,,
,,,,20360420,,,,,,,,,,,,,,,,,,,,20510602,,,,,,,,,,,,,
,,,,20360426,,,,,,,,,,,,,,,,,,,,20510608,,,,,,,,,,,,,
,,,,20360427,,,,,,,,,,,,,,,,,,,,20510609,,,,,,,,,,,,,
,,,,20360503,,,,,,,,,,,,,,,,,,,,20510612,,,,,,,,,,,,,
,,,,20360504,,,,,,,,,,,,,,,,,,,,20510616,,,,,,,,,,,,,
,,,,20360510,,,,,,,,,,,,,,,,,,,,20510623,,,,,,,,,,,,,
,,,,20360511,,,,,,,,,,,,,,,,,,,,20510630,,,,,,,,,,,,,
,,,,20360517,,,,,,,,,,,,,,,,,,,,20510707,,,,,,,,,,,,,
,,,,20360518,,,,,,,,,,,,,,,,,,,,20510714,,,,,,,,,,,,,
,,,,20360524,,,,,,,,,,,,,,,,,,,,20510721,,,,,,,,,,,,,
,,,,20360525,,,,,,,,,,,,,,,,,,,,20510728,,,,,,,,,,,,,
,,,,20360526,,,,,,,,,,,,,,,,,,,,20510804,,,,,,,,,,,,,
,,,,20360531,,,,,,,,,,,,,,,,,,,,20510811,,,,,,,,,,,,,
,,,,20360601,,,,,,,,,,,,,,,,,,,,20510816,,,,,,,,,,,,,
,,,,20360607,,,,,,,,,,,,,,,,,,,,20510817,,,,,,,,,,,,,
,,,,20360608,,,,,,,,,,,,,,,,,,,,20510818,,,,,,,,,,,,,
,,,,20360614,,,,,,,,,,,,,,,,,,,,20510825,,,,,,,,,,,,,
,,,,20360615,,,,,,,,,,,,,,,,,,,,20510901,,,,,,,,,,,,,
,,,,20360621,,,,,,,,,,,,,,,,,,,,20510908,,,,,,,,,,,,,
,,,,20360622,,,,,,,,,,,,,,,,,,,,20510915,,,,,,,,,,,,,
,,,,20360628,,,,,,,,,,,,,,,,,,,,20510922,,,,,,,,,,,,,
,,,,20360629,,,,,,,,,,,,,,,,,,,,20510929,,,,,,,,,,,,,
,,,,20360704,,,,,,,,,,,,,,,,,,,,20511006,,,,,,,,,,,,,
,,,,20360705,,,,,,,,,,,,,,,,,,,,20511013,,,,,,,,,,,,,
,,,,20360706,,,,,,,,,,,,,,,,,,,,20511020,,,,,,,,,,,,,
,,,,20360712,,,,,,,,,,,,,,,,,,,,20511027,,,,,,,,,,,,,
,,,,20360713,,,,,,,,,,,,,,,,,,,,20511103,,,,,,,,,,,,,
,,,,20360719,,,,,,,,,,,,,,,,,,,,20511110,,,,,,,,,,,,,
,,,,20360720,,,,,,,,,,,,,,,,,,,,20511117,,,,,,,,,,,,,
,,,,20360726,,,,,,,,,,,,,,,,,,,,20511124,,,,,,,,,,,,,
,,,,20360727,,,,,,,,,,,,,,,,,,,,20511201,,,,,,,,,,,,,
,,,,20360802,,,,,,,,,,,,,,,,,,,,20511208,,,,,,,,,,,,,
,,,,20360803,,,,,,,,,,,,,,,,,,,,20511215,,,,,,,,,,,,,
,,,,20360809,,,,,,,,,,,,,,,,,,,,20511222,,,,,,,,,,,,,
,,,,20360810,,,,,,,,,,,,,,,,,,,,20511229,,,,,,,,,,,,,
,,,,20360816,,,,,,,,,,,,,,,,,,,,20520105,,,,,,,,,,,,,
,,,,20360817,,,,,,,,,,,,,,,,,,,,20520112,,,,,,,,,,,,,
,,,,20360823,,,,,,,,,,,,,,,,,,,,20520119,,,,,,,,,,,,,
,,,,20360824,,,,,,,,,,,,,,,,,,,,20520126,,,,,,,,,,,,,
,,,,20360830,,,,,,,,,,,,,,,,,,,,20520202,,,,,,,,,,,,,
,,,,20360831,,,,,,,,,,,,,,,,,,,,20520209,,,,,,,,,,,,,
,,,,20360901,,,,,,,,,,,,,,,,,,,,20520216,,,,,,,,,,,,,
,,,,20360906,,,,,,,,,,,,,,,,,,,,20520223,,,,,,,,,,,,,
,,,,20360907,,,,,,,,,,,,,,,,,,,,20520301,,,,,,,,,,,,,
,,,,20360913,,,,,,,,,,,,,,,,,,,,20520308,,,,,,,,,,,,,
,,,,20360914,,,,,,,,,,,,,,,,,,,,20520315,,,,,,,,,,,,,
,,,,20360920,,,,,,,,,,,,,,,,,,,,20520322,,,,,,,,,,,,,
,,,,20360921,,,,,,,,,,,,,,,,,,,,20520329,,,,,,,,,,,,,
,,,,20360927,,,,,,,,,,,,,,,,,,,,20520405,,,,,,,,,,,,,
,,,,20360928,,,,,,,,,,,,,,,,,,,,20520412,,,,,,,,,,,,,
,,,,20361004,,,,,,,,,,,,,,,,,,,,20520419,,,,,,,,,,,,,
,,,,20361005,,,,,,,,,,,,,,,,,,,,20520426,,,,,,,,,,,,,
,,,,20361011,,,,,,,,,,,,,,,,,,,,20520503,,,,,,,,,,,,,
,,,,20361012,,,,,,,,,,,,,,,,,,,,20520510,,,,,,,,,,,,,
,,,,20361013,,,,,,,,,,,,,,,,,,,,20520517,,,,,,,,,,,,,
,,,,20361018,,,,,,,,,,,,,,,,,,,,20520524,,,,,,,,,,,,,
,,,,20361019,,,,,,,,,,,,,,,,,,,,20520528,,,,,,,,,,,,,
,,,,20361025,,,,,,,,,,,,,,,,,,,,20520529,,,,,,,,,,,,,
,,,,20361026,,,,,,,,,,,,,,,,,,,,20520530,,,,,,,,,,,,,
,,,,20361101,,,,,,,,,,,,,,,,,,,,20520531,,,,,,,,,,,,,
,,,,20361102,,,,,,,,,,,,,,,,,,,,20520607,,,,,,,,,,,,,
,,,,20361108,,,,,,,,,,,,,,,,,,,,20520614,,,,,,,,,,,,,
,,,,20361109,,,,,,,,,,,,,,,,,,,,20520621,,,,,,,,,,,,,
,,,,20361111,,,,,,,,,,,,,,,,,,,,20520628,,,,,,,,,,,,,
,,,,20361115,,,,,,,,,,,,,,,,,,,,20520705,,,,,,,,,,,,,
,,,,20361116,,,,,,,,,,,,,,,,,,,,20520712,,,,,,,,,,,,,
,,,,20361122,,,,,,,,,,,,,,,,,,,,20520719,,,,,,,,,,,,,
,,,,20361123,,,,,,,,,,,,,,,,,,,,20520726,,,,,,,,,,,,,
,,,,20361127,,,,,,,,,,,,,,,,,,,,20520802,,,,,,,,,,,,,
,,,,20361129,,,,,,,,,,,,,,,,,,,,20520805,,,,,,,,,,,,,
,,,,20361130,,,,,,,,,,,,,,,,,,,,20520806,,,,,,,,,,,,,
,,,,20361206,,,,,,,,,,,,,,,,,,,,20520809,,,,,,,,,,,,,
,,,,20361207,,,,,,,,,,,,,,,,,,,,20520816,,,,,,,,,,,,,
,,,,20361213,,,,,,,,,,,,,,,,,,,,20520823,,,,,,,,,,,,,
,,,,20361214,,,,,,,,,,,,,,,,,,,,20520830,,,,,,,,,,,,,
,,,,20361220,,,,,,,,,,,,,,,,,,,,20520906,,,,,,,,,,,,,
,,,,20361221,,,,,,,,,,,,,,,,,,,,20520913,,,,,,,,,,,,,
,,,,20361225,,,,,,,,,,,,,,,,,,,,20520920,,,,,,,,,,,,,
,,,,20361227,,,,,,,,,,,,,,,,,,,,20520923,,,,,,,,,,,,,
,,,,20361228,,,,,,,,,,,,,,,,,,,,20520927,,,,,,,,,,,,,
,,,,20370101,,,,,,,,,,,,,,,,,,,,20521004,,,,,,,,,,,,,
,,,,20370103,,,,,,,,,,,,,,,,,,,,20521011,,,,,,,,,,,,,
,,,,20370104,,,,,,,,,,,,,,,,,,,,20521018,,,,,,,,,,,,,
,,,,20370110,,,,,,,,,,,,,,,,,,,,20521025,,,,,,,,,,,,,
,,,,20370111,,,,,,,,,,,,,,,,,,,,20521101,,,,,,,,,,,,,
,,,,20370117,,,,,,,,,,,,,,,,,,,,20521108,,,,,,,,,,,,,
,,,,20370118,,,,,,,,,,,,,,,,,,,,20521115,,,,,,,,,,,,,
,,,,20370119,,,,,,,,,,,,,,,,,,,,20521122,,,,,,,,,,,,,
,,,,20370124,,,,,,,,,,,,,,,,,,,,20521129,,,,,,,,,,,,,
,,,,20370125,,,,,,,,,,,,,,,,,,,,20521206,,,,,,,,,,,,,
,,,,20370131,,,,,,,,,,,,,,,,,,,,20521213,,,,,,,,,,,,,
,,,,20370201,,,,,,,,,,,,,,,,,,,,20521220,,,,,,,,,,,,,
,,,,20370207,,,,,,,,,,,,,,,,,,,,20521227,,,,,,,,,,,,,
,,,,20370208,,,,,,,,,,,,,,,,,,,,20530103,,,,,,,,,,,,,
,,,,20370214,,,,,,,,,,,,,,,,,,,,20530110,,,,,,,,,,,,,
,,,,20370215,,,,,,,,,,,,,,,,,,,,20530117,,,,,,,,,,,,,
,,,,20370216,,,,,,,,,,,,,,,,,,,,20530124,,,,,,,,,,,,,
,,,,20370221,,,,,,,,,,,,,,,,,,,,20530131,,,,,,,,,,,,,
,,,,20370222,,,,,,,,,,,,,,,,,,,,20530207,,,,,,,,,,,,,
,,,,20370228,,,,,,,,,,,,,,,,,,,,20530214,,,,,,,,,,,,,
,,,,20370301,,,,,,,,,,,,,,,,,,,,20530221,,,,,,,,,,,,,
,,,,20370307,,,,,,,,,,,,,,,,,,,,20530228,,,,,,,,,,,,,
,,,,20370308,,,,,,,,,,,,,,,,,,,,20530307,,,,,,,,,,,,,
,,,,20370314,,,,,,,,,,,,,,,,,,,,20530314,,,,,,,,,,,,,
,,,,20370315,,,,,,,,,,,,,,,,,,,,20530321,,,,,,,,,,,,,
,,,,20370321,,,,,,,,,,,,,,,,,,,,20530328,,,,,,,,,,,,,
,,,,20370322,,,,,,,,,,,,,,,,,,,,20530404,,,,,,,,,,,,,
,,,,20370328,,,,,,,,,,,,,,,,,,,,20530411,,,,,,,,,,,,,
,,,,20370329,,,,,,,,,,,,,,,,,,,,20530418,,,,,,,,,,,,,
,,,,20370404,,,,,,,,,,,,,,,,,,,,20530425,,,,,,,,,,,,,
,,,,20370405,,,,,,,,,,,,,,,,,,,,20530502,,,,,,,,,,,,,
,,,,20370411,,,,,,,,,,,,,,,,,,,,20530509,,,,,,,,,,,,,
,,,,20370412,,,,,,,,,,,,,,,,,,,,20530516,,,,,,,,,,,,,
,,,,20370418,,,,,,,,,,,,,,,,,,,,20530519,,,,,,,,,,,,,
,,,,20370419,,,,,,,,,,,,,,,,,,,,20530520,,,,,,,,,,,,,
,,,,20370425,,,,,,,,,,,,,,,,,,,,20530523,,,,,,,,,,,,,
,,,,20370426,,,,,,,,,,,,,,,,,,,,20530530,,,,,,,,,,,,,
,,,,20370502,,,,,,,,,,,,,,,,,,,,20530606,,,,,,,,,,,,,
,,,,20370503,,,,,,,,,,,,,,,,,,,,20530613,,,,,,,,,,,,,
,,,,20370509,,,,,,,,,,,,,,,,,,,,20530620,,,,,,,,,,,,,
,,,,20370510,,,,,,,,,,,,,,,,,,,,20530627,,,,,,,,,,,,,
,,,,20370516,,,,,,,,,,,,,,,,,,,,20530704,,,,,,,,,,,,,
,,,,20370517,,,,,,,,,,,,,,,,,,,,20530711,,,,,,,,,,,,,
,,,,20370523,,,,,,,,,,,,,,,,,,,,20530718,,,,,,,,,,,,,
,,,,20370524,,,,,,,,,,,,,,,,,,,,20530724,,,,,,,,,,,,,
,,,,20370525,,,,,,,,,,,,,,,,,,,,20530725,,,,,,,,,,,,,
,,,,20370530,,,,,,,,,,,,,,,,,,,,20530728,,,,,,,,,,,,,
,,,,20370531,,,,,,,,,,,,,,,,,,,,20530801,,,,,,,,,,,,,
,,,,20370606,,,,,,,,,,,,,,,,,,,,20530808,,,,,,,,,,,,,
,,,,20370607,,,,,,,,,,,,,,,,,,,,20530815,,,,,,,,,,,,,
,,,,20370613,,,,,,,,,,,,,,,,,,,,20530822,,,,,,,,,,,,,
,,,,20370614,,,,,,,,,,,,,,,,,,,,20530829,,,,,,,,,,,,,
,,,,20370620,,,,,,,,,,,,,,,,,,,,20530905,,,,,,,,,,,,,
,,,,20370621,,,,,,,,,,,,,,,,,,,,20530912,,,,,,,,,,,,,
,,,,20370627,,,,,,,,,,,,,,,,,,,,20530919,,,,,,,,,,,,,
,,,,20370628,,,,,,,,,,,,,,,,,,,,20530923,,,,,,,,,,,,,
,,,,20370703,,,,,,,,,,,,,,,,,,,,20530926,,,,,,,,,,,,,
,,,,20370704,,,,,,,,,,,,,,,,,,,,20531003,,,,,,,,,,,,,
,,,,20370705,,,,,,,,,,,,,,,,,,,,20531010,,,,,,,,,,,,,
,,,,20370711,,,,,,,,,,,,,,,,,,,,20531017,,,,,,,,,,,,,
,,,,20370712,,,,,,,,,,,,,,,,,,,,20531024,,,,,,,,,,,,,
,,,,20370718,,,,,,,,,,,,,,,,,,,,20531031,,,,,,,,,,,,,
,,,,20370719,,,,,,,,,,,,,,,,,,,,20531107,,,,,,,,,,,,,
,,,,20370725,,,,,,,,,,,,,,,,,,,,20531114,,,,,,,,,,,,,
,,,,20370726,,,,,,,,,,,,,,,,,,,,20531121,,,,,,,,,,,,,
,,,,20370801,,,,,,,,,,,,,,,,,,,,20531128,,,,,,,,,,,,,
,,,,20370802,,,,,,,,,,,,,,,,,,,,20531205,,,,,,,,,,,,,
,,,,20370808,,,,,,,,,,,,,,,,,,,,20531212,,,,,,,,,,,,,
,,,,20370809,,,,,,,,,,,,,,,,,,,,20531219,,,,,,,,,,,,,
,,,,20370815,,,,,,,,,,,,,,,,,,,,20531226,,,,,,,,,,,,,
,,,,20370816,,,,,,,,,,,,,,,,,,,,20540102,,,,,,,,,,,,,
,,,,20370822,,,,,,,,,,,,,,,,,,,,20540109,,,,,,,,,,,,,
,,,,20370823,,,,,,,,,,,,,,,,,,,,20540116,,,,,,,,,,,,,
,,,,20370829,,,,,,,,,,,,,,,,,,,,20540123,,,,,,,,,,,,,
,,,,20370830,,,,,,,,,,,,,,,,,,,,20540130,,,,,,,,,,,,,
,,,,20370905,,,,,,,,,,,,,,,,,,,,20540206,,,,,,,,,,,,,
,,,,20370906,,,,,,,,,,,,,,,,,,,,20540213,,,,,,,,,,,,,
,,,,20370907,,,,,,,,,,,,,,,,,,,,20540220,,,,,,,,,,,,,
,,,,20370912,,,,,,,,,,,,,,,,,,,,20540227,,,,,,,,,,,,,
,,,,20370913,,,,,,,,,,,,,,,,,,,,20540306,,,,,,,,,,,,,
,,,,20370919,,,,,,,,,,,,,,,,,,,,20540313,,,,,,,,,,,,,
,,,,20370920,,,,,,,,,,,,,,,,,,,,20540320,,,,,,,,,,,,,
,,,,20370926,,,,,,,,,,,,,,,,,,,,20540327,,,,,,,,,,,,,
,,,,20370927,,,,,,,,,,,,,,,,,,,,20540403,,,,,,,,,,,,,
,,,,20371003,,,,,,,,,,,,,,,,,,,,20540410,,,,,,,,,,,,,
,,,,20371004,,,,,,,,,,,,,,,,,,,,20540417,,,,,,,,,,,,,
,,,,20371010,,,,,,,,,,,,,,,,,,,,20540424,,,,,,,,,,,,,
,,,,20371011,,,,,,,,,,,,,,,,,,,,20540501,,,,,,,,,,,,,
,,,,20371012,,,,,,,,,,,,,,,,,,,,20540507,,,,,,,,,,,,,
,,,,20371017,,,,,,,,,,,,,,,,,,,,20540508,,,,,,,,,,,,,
,,,,20371018,,,,,,,,,,,,,,,,,,,,20540511,,,,,,,,,,,,,
,,,,20371024,,,,,,,,,,,,,,,,,,,,20540515,,,,,,,,,,,,,
,,,,20371025,,,,,,,,,,,,,,,,,,,,20540522,,,,,,,,,,,,,
,,,,20371031,,,,,,,,,,,,,,,,,,,,20540529,,,,,,,,,,,,,
,,,,20371101,,,,,,,,,,,,,,,,,,,,20540605,,,,,,,,,,,,,
,,,,20371107,,,,,,,,,,,,,,,,,,,,20540612,,,,,,,,,,,,,
,,,,20371108,,,,,,,,,,,,,,,,,,,,20540619,,,,,,,,,,,,,
,,,,20371111,,,,,,,,,,,,,,,,,,,,20540626,,,,,,,,,,,,,
,,,,20371114,,,,,,,,,,,,,,,,,,,,20540703,,,,,,,,,,,,,
,,,,20371115,,,,,,,,,,,,,,,,,,,,20540710,,,,,,,,,,,,,
,,,,20371121,,,,,,,,,,,,,,,,,,,,20540714,,,,,,,,,,,,,
,,,,20371122,,,,,,,,,,,,,,,,,,,,20540715,,,,,,,,,,,,,
,,,,20371126,,,,,,,,,,,,,,,,,,,,20540716,,,,,,,,,,,,,
,,,,20371128,,,,,,,,,,,,,,,,,,,,20540717,,,,,,,,,,,,,
,,,,20371129,,,,,,,,,,,,,,,,,,,,20540724,,,,,,,,,,,,,
,,,,20371205,,,,,,,,,,,,,,,,,,,,20540731,,,,,,,,,,,,,
,,,,20371206,,,,,,,,,,,,,,,,,,,,20540807,,,,,,,,,,,,,
,,,,20371212,,,,,,,,,,,,,,,,,,,,20540814,,,,,,,,,,,,,
,,,,20371213,,,,,,,,,,,,,,,,,,,,20540821,,,,,,,,,,,,,
,,,,20371219,,,,,,,,,,,,,,,,,,,,20540828,,,,,,,,,,,,,
,,,,20371220,,,,,,,,,,,,,,,,,,,,20540904,,,,,,,,,,,,,
,,,,20371225,,,,,,,,,,,,,,,,,,,,20540911,,,,,,,,,,,,,
,,,,20371226,,,,,,,,,,,,,,,,,,,,20540918,,,,,,,,,,,,,
,,,,20371227,,,,,,,,,,,,,,,,,,,,20540923,,,,,,,,,,,,,
,,,,20380101,,,,,,,,,,,,,,,,,,,,20540925,,,,,,,,,,,,,
,,,,20380102,,,,,,,,,,,,,,,,,,,,20541002,,,,,,,,,,,,,
,,,,20380103,,,,,,,,,,,,,,,,,,,,20541009,,,,,,,,,,,,,
,,,,20380109,,,,,,,,,,,,,,,,,,,,20541016,,,,,,,,,,,,,
,,,,20380110,,,,,,,,,,,,,,,,,,,,20541023,,,,,,,,,,,,,
,,,,20380116,,,,,,,,,,,,,,,,,,,,20541030,,,,,,,,,,,,,
,,,,20380117,,,,,,,,,,,,,,,,,,,,20541106,,,,,,,,,,,,,
,,,,20380118,,,,,,,,,,,,,,,,,,,,20541113,,,,,,,,,,,,,
,,,,20380123,,,,,,,,,,,,,,,,,,,,20541120,,,,,,,,,,,,,
,,,,20380124,,,,,,,,,,,,,,,,,,,,20541127,,,,,,,,,,,,,
,,,,20380130,,,,,,,,,,,,,,,,,,,,20541204,,,,,,,,,,,,,
,,,,20380131,,,,,,,,,,,,,,,,,,,,20541211,,,,,,,,,,,,,
,,,,20380206,,,,,,,,,,,,,,,,,,,,20541218,,,,,,,,,,,,,
,,,,20380207,,,,,,,,,,,,,,,,,,,,20541225,,,,,,,,,,,,,
,,,,20380213,,,,,,,,,,,,,,,,,,,,20550101,,,,,,,,,,,,,
,,,,20380214,,,,,,,,,,,,,,,,,,,,20550108,,,,,,,,,,,,,
,,,,20380215,,,,,,,,,,,,,,,,,,,,20550115,,,,,,,,,,,,,
,,,,20380220,,,,,,,,,,,,,,,,,,,,20550122,,,,,,,,,,,,,
,,,,20380221,,,,,,,,,,,,,,,,,,,,20550129,,,,,,,,,,,,,
,,,,20380227,,,,,,,,,,,,,,,,,,,,20550205,,,,,,,,,,,,,
,,,,20380228,,,,,,,,,,,,,,,,,,,,20550212,,,,,,,,,,,,,
,,,,20380306,,,,,,,,,,,,,,,,,,,,20550219,,,,,,,,,,,,,
,,,,20380307,,,,,,,,,,,,,,,,,,,,20550226,,,,,,,,,,,,,
,,,,20380313,,,,,,,,,,,,,,,,,,,,20550305,,,,,,,,,,,,,
,,,,20380314,,,,,,,,,,,,,,,,,,,,20550312,,,,,,,,,,,,,
,,,,20380320,,,,,,,,,,,,,,,,,,,,20550319,,,,,,,,,,,,,
,,,,20380321,,,,,,,,,,,,,,,,,,,,20550326,,,,,,,,,,,,,
,,,,20380327,,,,,,,,,,,,,,,,,,,,20550402,,,,,,,,,,,,,
,,,,20380328,,,,,,,,,,,,,,,,,,,,20550409,,,,,,,,,,,,,
,,,,20380403,,,,,,,,,,,,,,,,,,,,20550416,,,,,,,,,,,,,
,,,,20380404,,,,,,,,,,,,,,,,,,,,20550423,,,,,,,,,,,,,
,,,,20380410,,,,,,,,,,,,,,,,,,,,20550427,,,,,,,,,,,,,
,,,,20380411,,,,,,,,,,,,,,,,,,,,20550428,,,,,,,,,,,,,
,,,,20380417,,,,,,,,,,,,,,,,,,,,20550429,,,,,,,,,,,,,
,,,,20380418,,,,,,,,,,,,,,,,,,,,20550430,,,,,,,,,,,,,
,,,,20380423,,,,,,,,,,,,,,,,,,,,20550507,,,,,,,,,,,,,
,,,,20380424,,,,,,,,,,,,,,,,,,,,20550514,,,,,,,,,,,,,
,,,,20380425,,,,,,,,,,,,,,,,,,,,20550521,,,,,,,,,,,,,
,,,,20380501,,,,,,,,,,,,,,,,,,,,20550528,,,,,,,,,,,,,
,,,,20380502,,,,,,,,,,,,,,,,,,,,20550604,,,,,,,,,,,,,
,,,,20380508,,,,,,,,,,,,,,,,,,,,20550611,,,,,,,,,,,,,
,,,,20380509,,,,,,,,,,,,,,,,,,,,20550618,,,,,,,,,,,,,
,,,,20380515,,,,,,,,,,,,,,,,,,,,20550625,,,,,,,,,,,,,
,,,,20380516,,,,,,,,,,,,,,,,,,,,20550702,,,,,,,,,,,,,
,,,,20380522,,,,,,,,,,,,,,,,,,,,20550705,,,,,,,,,,,,,
,,,,20380523,,,,,,,,,,,,,,,,,,,,20550706,,,,,,,,,,,,,
,,,,20380529,,,,,,,,,,,,,,,,,,,,20550709,,,,,,,,,,,,,
,,,,20380530,,,,,,,,,,,,,,,,,,,,20550716,,,,,,,,,,,,,
,,,,20380531,,,,,,,,,,,,,,,,,,,,20550723,,,,,,,,,,,,,
,,,,20380605,,,,,,,,,,,,,,,,,,,,20550730,,,,,,,,,,,,,
,,,,20380606,,,,,,,,,,,,,,,,,,,,20550806,,,,,,,,,,,,,
,,,,20380612,,,,,,,,,,,,,,,,,,,,20550813,,,,,,,,,,,,,
,,,,20380613,,,,,,,,,,,,,,,,,,,,20550820,,,,,,,,,,,,,
,,,,20380619,,,,,,,,,,,,,,,,,,,,20550827,,,,,,,,,,,,,
,,,,20380620,,,,,,,,,,,,,,,,,,,,20550903,,,,,,,,,,,,,
,,,,20380626,,,,,,,,,,,,,,,,,,,,20550910,,,,,,,,,,,,,
,,,,20380627,,,,,,,,,,,,,,,,,,,,20550917,,,,,,,,,,,,,
,,,,20380703,,,,,,,,,,,,,,,,,,,,20550923,,,,,,,,,,,,,
,,,,20380704,,,,,,,,,,,,,,,,,,,,20550924,,,,,,,,,,,,,
,,,,20380705,,,,,,,,,,,,,,,,,,,,20551001,,,,,,,,,,,,,
,,,,20380710,,,,,,,,,,,,,,,,,,,,20551008,,,,,,,,,,,,,
,,,,20380711,,,,,,,,,,,,,,,,,,,,20551015,,,,,,,,,,,,,
,,,,20380717,,,,,,,,,,,,,,,,,,,,20551022,,,,,,,,,,,,,
,,,,20380718,,,,,,,,,,,,,,,,,,,,20551029,,,,,,,,,,,,,
,,,,20380724,,,,,,,,,,,,,,,,,,,,20551105,,,,,,,,,,,,,
,,,,20380725,,,,,,,,,,,,,,,,,,,,20551112,,,,,,,,,,,,,
,,,,20380731,,,,,,,,,,,,,,,,,,,,20551119,,,,,,,,,,,,,
,,,,20380801,,,,,,,,,,,,,,,,,,,,20551126,,,,,,,,,,,,,
,,,,20380807,,,,,,,,,,,,,,,,,,,,20551203,,,,,,,,,,,,,
,,,,20380808,,,,,,,,,,,,,,,,,,,,20551210,,,,,,,,,,,,,
,,,,20380814,,,,,,,,,,,,,,,,,,,,20551217,,,,,,,,,,,,,
,,,,20380815,,,,,,,,,,,,,,,,,,,,20551224,,,,,,,,,,,,,
,,,,20380821,,,,,,,,,,,,,,,,,,,,20551231,,,,,,,,,,,,,
,,,,20380822,,,,,,,,,,,,,,,,,,,,20560107,,,,,,,,,,,,,
,,,,20380828,,,,,,,,,,,,,,,,,,,,20560114,,,,,,,,,,,,,
,,,,20380829,,,,,,,,,,,,,,,,,,,,20560121,,,,,,,,,,,,,
,,,,20380904,,,,,,,,,,,,,,,,,,,,20560128,,,,,,,,,,,,,
,,,,20380905,,,,,,,,,,,,,,,,,,,,20560204,,,,,,,,,,,,,
,,,,20380906,,,,,,,,,,,,,,,,,,,,20560211,,,,,,,,,,,,,
,,,,20380911,,,,,,,,,,,,,,,,,,,,20560218,,,,,,,,,,,,,
,,,,20380912,,,,,,,,,,,,,,,,,,,,20560225,,,,,,,,,,,,,
,,,,20380918,,,,,,,,,,,,,,,,,,,,20560303,,,,,,,,,,,,,
,,,,20380919,,,,,,,,,,,,,,,,,,,,20560310,,,,,,,,,,,,,
,,,,20380925,,,,,,,,,,,,,,,,,,,,20560317,,,,,,,,,,,,,
,,,,20380926,,,,,,,,,,,,,,,,,,,,20560324,,,,,,,,,,,,,
,,,,20381002,,,,,,,,,,,,,,,,,,,,20560331,,,,,,,,,,,,,
,,,,20381003,,,,,,,,,,,,,,,,,,,,20560407,,,,,,,,,,,,,
,,,,20381009,,,,,,,,,,,,,,,,,,,,20560413,,,,,,,,,,,,,
,,,,20381010,,,,,,,,,,,,,,,,,,,,20560414,,,,,,,,,,,,,
,,,,20381011,,,,,,,,,,,,,,,,,,,,20560417,,,,,,,,,,,,,
,,,,20381016,,,,,,,,,,,,,,,,,,,,20560421,,,,,,,,,,,,,
,,,,20381017,,,,,,,,,,,,,,,,,,,,20560428,,,,,,,,,,,,,
,,,,20381023,,,,,,,,,,,,,,,,,,,,20560505,,,,,,,,,,,,,
,,,,20381024,,,,,,,,,,,,,,,,,,,,20560512,,,,,,,,,,,,,
,,,,20381030,,,,,,,,,,,,,,,,,,,,20560519,,,,,,,,,,,,,
,,,,20381031,,,,,,,,,,,,,,,,,,,,20560526,,,,,,,,,,,,,
,,,,20381106,,,,,,,,,,,,,,,,,,,,20560602,,,,,,,,,,,,,
,,,,20381107,,,,,,,,,,,,,,,,,,,,20560609,,,,,,,,,,,,,
,,,,20381111,,,,,,,,,,,,,,,,,,,,20560616,,,,,,,,,,,,,
,,,,20381113,,,,,,,,,,,,,,,,,,,,20560622,,,,,,,,,,,,,
,,,,20381114,,,,,,,,,,,,,,,,,,,,20560623,,,,,,,,,,,,,
,,,,20381120,,,,,,,,,,,,,,,,,,,,20560626,,,,,,,,,,,,,
,,,,20381121,,,,,,,,,,,,,,,,,,,,20560630,,,,,,,,,,,,,
,,,,20381125,,,,,,,,,,,,,,,,,,,,20560707,,,,,,,,,,,,,
,,,,20381127,,,,,,,,,,,,,,,,,,,,20560714,,,,,,,,,,,,,
,,,,20381128,,,,,,,,,,,,,,,,,,,,20560721,,,,,,,,,,,,,
,,,,20381204,,,,,,,,,,,,,,,,,,,,20560728,,,,,,,,,,,,,
,,,,20381205,,,,,,,,,,,,,,,,,,,,20560804,,,,,,,,,,,,,
,,,,20381211,,,,,,,,,,,,,,,,,,,,20560811,,,,,,,,,,,,,
,,,,20381212,,,,,,,,,,,,,,,,,,,,20560818,,,,,,,,,,,,,
,,,,20381218,,,,,,,,,,,,,,,,,,,,20560825,,,,,,,,,,,,,
,,,,20381219,,,,,,,,,,,,,,,,,,,,20560901,,,,,,,,,,,,,
,,,,20381224,,,,,,,,,,,,,,,,,,,,20560908,,,,,,,,,,,,,
,,,,20381225,,,,,,,,,,,,,,,,,,,,20560915,,,,,,,,,,,,,
,,,,20381226,,,,,,,,,,,,,,,,,,,,20560922,,,,,,,,,,,,,
,,,,20390101,,,,,,,,,,,,,,,,,,,,20560929,,,,,,,,,,,,,
,,,,20390102,,,,,,,,,,,,,,,,,,,,20561006,,,,,,,,,,,,,
,,,,20390108,,,,,,,,,,,,,,,,,,,,20561013,,,,,,,,,,,,,
,,,,20390109,,,,,,,,,,,,,,,,,,,,20561020,,,,,,,,,,,,,
,,,,20390115,,,,,,,,,,,,,,,,,,,,20561027,,,,,,,,,,,,,
,,,,20390116,,,,,,,,,,,,,,,,,,,,20561103,,,,,,,,,,,,,
,,,,20390117,,,,,,,,,,,,,,,,,,,,20561110,,,,,,,,,,,,,
,,,,20390122,,,,,,,,,,,,,,,,,,,,20561117,,,,,,,,,,,,,
,,,,20390123,,,,,,,,,,,,,,,,,,,,20561124,,,,,,,,,,,,,
,,,,20390129,,,,,,,,,,,,,,,,,,,,20561201,,,,,,,,,,,,,
,,,,20390130,,,,,,,,,,,,,,,,,,,,20561208,,,,,,,,,,,,,
,,,,20390205,,,,,,,,,,,,,,,,,,,,20561215,,,,,,,,,,,,,
,,,,20390206,,,,,,,,,,,,,,,,,,,,20561222,,,,,,,,,,,,,
,,,,20390212,,,,,,,,,,,,,,,,,,,,20561229,,,,,,,,,,,,,
,,,,20390213,,,,,,,,,,,,,,,,,,,,20570105,,,,,,,,,,,,,
,,,,20390219,,,,,,,,,,,,,,,,,,,,20570112,,,,,,,,,,,,,
,,,,20390220,,,,,,,,,,,,,,,,,,,,20570119,,,,,,,,,,,,,
,,,,20390221,,,,,,,,,,,,,,,,,,,,20570126,,,,,,,,,,,,,
,,,,20390226,,,,,,,,,,,,,,,,,,,,20570202,,,,,,,,,,,,,
,,,,20390227,,,,,,,,,,,,,,,,,,,,20570209,,,,,,,,,,,,,
,,,,20390305,,,,,,,,,,,,,,,,,,,,20570216,,,,,,,,,,,,,
,,,,20390306,,,,,,,,,,,,,,,,,,,,20570223,,,,,,,,,,,,,
,,,,20390312,,,,,,,,,,,,,,,,,,,,20570302,,,,,,,,,,,,,
,,,,20390313,,,,,,,,,,,,,,,,,,,,20570309,,,,,,,,,,,,,
,,,,20390319,,,,,,,,,,,,,,,,,,,,20570316,,,,,,,,,,,,,
,,,,20390320,,,,,,,,,,,,,,,,,,,,20570323,,,,,,,,,,,,,
,,,,20390326,,,,,,,,,,,,,,,,,,,,20570330,,,,,,,,,,,,,
,,,,20390327,,,,,,,,,,,,,,,,,,,,20570404,,,,,,,,,,,,,
,,,,20390402,,,,,,,,,,,,,,,,,,,,20570405,,,,,,,,,,,,,
,,,,20390403,,,,,,,,,,,,,,,,,,,,20570406,,,,,,,,,,,,,
,,,,20390408,,,,,,,,,,,,,,,,,,,,20570413,,,,,,,,,,,,,
,,,,20390409,,,,,,,,,,,,,,,,,,,,20570420,,,,,,,,,,,,,
,,,,20390410,,,,,,,,,,,,,,,,,,,,20570427,,,,,,,,,,,,,
,,,,20390416,,,,,,,,,,,,,,,,,,,,20570504,,,,,,,,,,,,,
,,,,20390417,,,,,,,,,,,,,,,,,,,,20570511,,,,,,,,,,,,,
,,,,20390423,,,,,,,,,,,,,,,,,,,,20570518,,,,,,,,,,,,,
,,,,20390424,,,,,,,,,,,,,,,,,,,,20570525,,,,,,,,,,,,,
,,,,20390430,,,,,,,,,,,,,,,,,,,,20570601,,,,,,,,,,,,,
,,,,20390501,,,,,,,,,,,,,,,,,,,,20570608,,,,,,,,,,,,,
,,,,20390507,,,,,,,,,,,,,,,,,,,,20570611,,,,,,,,,,,,,
,,,,20390508,,,,,,,,,,,,,,,,,,,,20570612,,,,,,,,,,,,,
,,,,20390514,,,,,,,,,,,,,,,,,,,,20570613,,,,,,,,,,,,,
,,,,20390515,,,,,,,,,,,,,,,,,,,,20570615,,,,,,,,,,,,,
,,,,20390521,,,,,,,,,,,,,,,,,,,,20570622,,,,,,,,,,,,,
,,,,20390522,,,,,,,,,,,,,,,,,,,,20570629,,,,,,,,,,,,,
,,,,20390528,,,,,,,,,,,,,,,,,,,,20570706,,,,,,,,,,,,,
,,,,20390529,,,,,,,,,,,,,,,,,,,,20570713,,,,,,,,,,,,,
,,,,20390530,,,,,,,,,,,,,,,,,,,,20570720,,,,,,,,,,,,,
,,,,20390604,,,,,,,,,,,,,,,,,,,,20570727,,,,,,,,,,,,,
,,,,20390605,,,,,,,,,,,,,,,,,,,,20570803,,,,,,,,,,,,,
,,,,20390611,,,,,,,,,,,,,,,,,,,,20570810,,,,,,,,,,,,,
,,,,20390612,,,,,,,,,,,,,,,,,,,,20570817,,,,,,,,,,,,,
,,,,20390618,,,,,,,,,,,,,,,,,,,,20570824,,,,,,,,,,,,,
,,,,20390619,,,,,,,,,,,,,,,,,,,,20570831,,,,,,,,,,,,,
,,,,20390625,,,,,,,,,,,,,,,,,,,,20570907,,,,,,,,,,,,,
,,,,20390626,,,,,,,,,,,,,,,,,,,,20570914,,,,,,,,,,,,,
,,,,20390702,,,,,,,,,,,,,,,,,,,,20570921,,,,,,,,,,,,,
,,,,20390703,,,,,,,,,,,,,,,,,,,,20570928,,,,,,,,,,,,,
,,,,20390704,,,,,,,,,,,,,,,,,,,,20571005,,,,,,,,,,,,,
,,,,20390709,,,,,,,,,,,,,,,,,,,,20571012,,,,,,,,,,,,,
,,,,20390710,,,,,,,,,,,,,,,,,,,,20571019,,,,,,,,,,,,,
,,,,20390716,,,,,,,,,,,,,,,,,,,,20571026,,,,,,,,,,,,,
,,,,20390717,,,,,,,,,,,,,,,,,,,,20571102,,,,,,,,,,,,,
,,,,20390723,,,,,,,,,,,,,,,,,,,,20571109,,,,,,,,,,,,,
,,,,20390724,,,,,,,,,,,,,,,,,,,,20571116,,,,,,,,,,,,,
,,,,20390730,,,,,,,,,,,,,,,,,,,,20571123,,,,,,,,,,,,,
,,,,20390731,,,,,,,,,,,,,,,,,,,,20571130,,,,,,,,,,,,,
,,,,20390806,,,,,,,,,,,,,,,,,,,,20571207,,,,,,,,,,,,,
,,,,20390807,,,,,,,,,,,,,,,,,,,,20571214,,,,,,,,,,,,,
,,,,20390813,,,,,,,,,,,,,,,,,,,,20571221,,,,,,,,,,,,,
,,,,20390814,,,,,,,,,,,,,,,,,,,,20571228,,,,,,,,,,,,,
,,,,20390820,,,,,,,,,,,,,,,,,,,,20580104,,,,,,,,,,,,,
,,,,20390821,,,,,,,,,,,,,,,,,,,,20580111,,,,,,,,,,,,,
,,,,20390827,,,,,,,,,,,,,,,,,,,,20580118,,,,,,,,,,,,,
,,,,20390828,,,,,,,,,,,,,,,,,,,,20580125,,,,,,,,,,,,,
,,,,20390903,,,,,,,,,,,,,,,,,,,,20580201,,,,,,,,,,,,,
,,,,20390904,,,,,,,,,,,,,,,,,,,,20580208,,,,,,,,,,,,,
,,,,20390905,,,,,,,,,,,,,,,,,,,,20580215,,,,,,,,,,,,,
,,,,20390910,,,,,,,,,,,,,,,,,,,,20580222,,,,,,,,,,,,,
,,,,20390911,,,,,,,,,,,,,,,,,,,,20580301,,,,,,,,,,,,,
,,,,20390917,,,,,,,,,,,,,,,,,,,,20580308,,,,,,,,,,,,,
,,,,20390918,,,,,,,,,,,,,,,,,,,,20580315,,,,,,,,,,,,,
,,,,20390924,,,,,,,,,,,,,,,,,,,,20580322,,,,,,,,,,,,,
,,,,20390925,,,,,,,,,,,,,,,,,,,,20580325,,,,,,,,,,,,,
,,,,20391001,,,,,,,,,,,,,,,,,,,,20580326,,,,,,,,,,,,,
,,,,20391002,,,,,,,,,,,,,,,,,,,,20580329,,,,,,,,,,,,,
,,,,20391008,,,,,,,,,,,,,,,,,,,,20580405,,,,,,,,,,,,,
,,,,20391009,,,,,,,,,,,,,,,,,,,,20580412,,,,,,,,,,,,,
,,,,20391010,,,,,,,,,,,,,,,,,,,,20580419,,,,,,,,,,,,,
,,,,20391015,,,,,,,,,,,,,,,,,,,,20580426,,,,,,,,,,,,,
,,,,20391016,,,,,,,,,,,,,,,,,,,,20580503,,,,,,,,,,,,,
,,,,20391022,,,,,,,,,,,,,,,,,,,,20580510,,,,,,,,,,,,,
,,,,20391023,,,,,,,,,,,,,,,,,,,,20580517,,,,,,,,,,,,,
,,,,20391029,,,,,,,,,,,,,,,,,,,,20580524,,,,,,,,,,,,,
,,,,20391030,,,,,,,,,,,,,,,,,,,,20580530,,,,,,,,,,,,,
,,,,20391105,,,,,,,,,,,,,,,,,,,,20580531,,,,,,,,,,,,,
,,,,20391106,,,,,,,,,,,,,,,,,,,,20580603,,,,,,,,,,,,,
,,,,20391111,,,,,,,,,,,,,,,,,,,,20580607,,,,,,,,,,,,,
,,,,20391112,,,,,,,,,,,,,,,,,,,,20580614,,,,,,,,,,,,,
,,,,20391113,,,,,,,,,,,,,,,,,,,,20580621,,,,,,,,,,,,,
,,,,20391119,,,,,,,,,,,,,,,,,,,,20580628,,,,,,,,,,,,,
,,,,20391120,,,,,,,,,,,,,,,,,,,,20580705,,,,,,,,,,,,,
,,,,20391124,,,,,,,,,,,,,,,,,,,,20580712,,,,,,,,,,,,,
,,,,20391126,,,,,,,,,,,,,,,,,,,,20580719,,,,,,,,,,,,,
,,,,20391127,,,,,,,,,,,,,,,,,,,,20580726,,,,,,,,,,,,,
,,,,20391203,,,,,,,,,,,,,,,,,,,,20580802,,,,,,,,,,,,,
,,,,20391204,,,,,,,,,,,,,,,,,,,,20580809,,,,,,,,,,,,,
,,,,20391210,,,,,,,,,,,,,,,,,,,,20580816,,,,,,,,,,,,,
,,,,20391211,,,,,,,,,,,,,,,,,,,,20580823,,,,,,,,,,,,,
,,,,20391217,,,,,,,,,,,,,,,,,,,,20580830,,,,,,,,,,,,,
,,,,20391218,,,,,,,,,,,,,,,,,,,,20580906,,,,,,,,,,,,,
,,,,20391224,,,,,,,,,,,,,,,,,,,,20580913,,,,,,,,,,,,,
,,,,20391225,,,,,,,,,,,,,,,,,,,,20580920,,,,,,,,,,,,,
,,,,20391226,,,,,,,,,,,,,,,,,,,,20580923,,,,,,,,,,,,,
,,,,20391231,,,,,,,,,,,,,,,,,,,,20580927,,,,,,,,,,,,,
,,,,20400101,,,,,,,,,,,,,,,,,,,,20581004,,,,,,,,,,,,,
,,,,20400102,,,,,,,,,,,,,,,,,,,,20581011,,,,,,,,,,,,,
,,,,20400107,,,,,,,,,,,,,,,,,,,,20581018,,,,,,,,,,,,,
,,,,20400108,,,,,,,,,,,,,,,,,,,,20581025,,,,,,,,,,,,,
,,,,20400114,,,,,,,,,,,,,,,,,,,,20581101,,,,,,,,,,,,,
,,,,20400115,,,,,,,,,,,,,,,,,,,,20581108,,,,,,,,,,,,,
,,,,20400116,,,,,,,,,,,,,,,,,,,,20581115,,,,,,,,,,,,,
,,,,20400121,,,,,,,,,,,,,,,,,,,,20581122,,,,,,,,,,,,,
,,,,20400122,,,,,,,,,,,,,,,,,,,,20581129,,,,,,,,,,,,,
,,,,20400128,,,,,,,,,,,,,,,,,,,,20581206,,,,,,,,,,,,,
,,,,20400129,,,,,,,,,,,,,,,,,,,,20581213,,,,,,,,,,,,,
,,,,20400204,,,,,,,,,,,,,,,,,,,,20581220,,,,,,,,,,,,,
,,,,20400205,,,,,,,,,,,,,,,,,,,,20581227,,,,,,,,,,,,,
,,,,20400211,,,,,,,,,,,,,,,,,,,,20590103,,,,,,,,,,,,,
,,,,20400212,,,,,,,,,,,,,,,,,,,,20590110,,,,,,,,,,,,,
,,,,20400218,,,,,,,,,,,,,,,,,,,,20590117,,,,,,,,,,,,,
,,,,20400219,,,,,,,,,,,,,,,,,,,,20590124,,,,,,,,,,,,,
,,,,20400220,,,,,,,,,,,,,,,,,,,,20590131,,,,,,,,,,,,,
,,,,20400225,,,,,,,,,,,,,,,,,,,,20590207,,,,,,,,,,,,,
,,,,20400226,,,,,,,,,,,,,,,,,,,,20590214,,,,,,,,,,,,,
,,,,20400303,,,,,,,,,,,,,,,,,,,,20590221,,,,,,,,,,,,,
,,,,20400304,,,,,,,,,,,,,,,,,,,,20590228,,,,,,,,,,,,,
,,,,20400310,,,,,,,,,,,,,,,,,,,,20590307,,,,,,,,,,,,,
,,,,20400311,,,,,,,,,,,,,,,,,,,,20590313,,,,,,,,,,,,,
,,,,20400317,,,,,,,,,,,,,,,,,,,,20590314,,,,,,,,,,,,,
,,,,20400318,,,,,,,,,,,,,,,,,,,,20590317,,,,,,,,,,,,,
,,,,20400324,,,,,,,,,,,,,,,,,,,,20590321,,,,,,,,,,,,,
,,,,20400325,,,,,,,,,,,,,,,,,,,,20590328,,,,,,,,,,,,,
,,,,20400330,,,,,,,,,,,,,,,,,,,,20590404,,,,,,,,,,,,,
,,,,20400331,,,,,,,,,,,,,,,,,,,,20590411,,,,,,,,,,,,,
,,,,20400401,,,,,,,,,,,,,,,,,,,,20590418,,,,,,,,,,,,,
,,,,20400407,,,,,,,,,,,,,,,,,,,,20590425,,,,,,,,,,,,,
,,,,20400408,,,,,,,,,,,,,,,,,,,,20590502,,,,,,,,,,,,,
,,,,20400414,,,,,,,,,,,,,,,,,,,,20590509,,,,,,,,,,,,,
,,,,20400415,,,,,,,,,,,,,,,,,,,,20590516,,,,,,,,,,,,,
,,,,20400421,,,,,,,,,,,,,,,,,,,,20590521,,,,,,,,,,,,,
,,,,20400422,,,,,,,,,,,,,,,,,,,,20590522,,,,,,,,,,,,,
,,,,20400428,,,,,,,,,,,,,,,,,,,,20590523,,,,,,,,,,,,,
,,,,20400429,,,,,,,,,,,,,,,,,,,,20590530,,,,,,,,,,,,,
,,,,20400505,,,,,,,,,,,,,,,,,,,,20590606,,,,,,,,,,,,,
,,,,20400506,,,,,,,,,,,,,,,,,,,,20590613,,,,,,,,,,,,,
,,,,20400512,,,,,,,,,,,,,,,,,,,,20590620,,,,,,,,,,,,,
,,,,20400513,,,,,,,,,,,,,,,,,,,,20590627,,,,,,,,,,,,,
,,,,20400519,,,,,,,,,,,,,,,,,,,,20590704,,,,,,,,,,,,,
,,,,20400520,,,,,,,,,,,,,,,,,,,,20590711,,,,,,,,,,,,,
,,,,20400526,,,,,,,,,,,,,,,,,,,,20590718,,,,,,,,,,,,,
,,,,20400527,,,,,,,,,,,,,,,,,,,,20590725,,,,,,,,,,,,,
,,,,20400528,,,,,,,,,,,,,,,,,,,,20590801,,,,,,,,,,,,,
,,,,20400602,,,,,,,,,,,,,,,,,,,,20590808,,,,,,,,,,,,,
,,,,20400603,,,,,,,,,,,,,,,,,,,,20590815,,,,,,,,,,,,,
,,,,20400609,,,,,,,,,,,,,,,,,,,,20590822,,,,,,,,,,,,,
,,,,20400610,,,,,,,,,,,,,,,,,,,,20590829,,,,,,,,,,,,,
,,,,20400616,,,,,,,,,,,,,,,,,,,,20590905,,,,,,,,,,,,,
,,,,20400617,,,,,,,,,,,,,,,,,,,,20590912,,,,,,,,,,,,,
,,,,20400623,,,,,,,,,,,,,,,,,,,,20590919,,,,,,,,,,,,,
,,,,20400624,,,,,,,,,,,,,,,,,,,,20590923,,,,,,,,,,,,,
,,,,20400630,,,,,,,,,,,,,,,,,,,,20590926,,,,,,,,,,,,,
,,,,20400701,,,,,,,,,,,,,,,,,,,,20591003,,,,,,,,,,,,,
,,,,20400704,,,,,,,,,,,,,,,,,,,,20591010,,,,,,,,,,,,,
,,,,20400707,,,,,,,,,,,,,,,,,,,,20591017,,,,,,,,,,,,,
,,,,20400708,,,,,,,,,,,,,,,,,,,,20591024,,,,,,,,,,,,,
,,,,20400714,,,,,,,,,,,,,,,,,,,,20591031,,,,,,,,,,,,,
,,,,20400715,,,,,,,,,,,,,,,,,,,,20591107,,,,,,,,,,,,,
,,,,20400721,,,,,,,,,,,,,,,,,,,,20591114,,,,,,,,,,,,,
,,,,20400722,,,,,,,,,,,,,,,,,,,,20591121,,,,,,,,,,,,,
,,,,20400728,,,,,,,,,,,,,,,,,,,,20591128,,,,,,,,,,,,,
,,,,20400729,,,,,,,,,,,,,,,,,,,,20591205,,,,,,,,,,,,,
,,,,20400804,,,,,,,,,,,,,,,,,,,,20591212,,,,,,,,,,,,,
,,,,20400805,,,,,,,,,,,,,,,,,,,,20591219,,,,,,,,,,,,,
,,,,20400811,,,,,,,,,,,,,,,,,,,,20591226,,,,,,,,,,,,,
,,,,20400812,,,,,,,,,,,,,,,,,,,,20600102,,,,,,,,,,,,,
,,,,20400818,,,,,,,,,,,,,,,,,,,,20600109,,,,,,,,,,,,,
,,,,20400819,,,,,,,,,,,,,,,,,,,,20600116,,,,,,,,,,,,,
,,,,20400825,,,,,,,,,,,,,,,,,,,,20600123,,,,,,,,,,,,,
,,,,20400826,,,,,,,,,,,,,,,,,,,,20600130,,,,,,,,,,,,,
,,,,20400901,,,,,,,,,,,,,,,,,,,,20600206,,,,,,,,,,,,,
,,,,20400902,,,,,,,,,,,,,,,,,,,,20600213,,,,,,,,,,,,,
,,,,20400903,,,,,,,,,,,,,,,,,,,,20600220,,,,,,,,,,,,,
,,,,20400908,,,,,,,,,,,,,,,,,,,,20600227,,,,,,,,,,,,,
,,,,20400909,,,,,,,,,,,,,,,,,,,,20600303,,,,,,,,,,,,,
,,,,20400915,,,,,,,,,,,,,,,,,,,,20600304,,,,,,,,,,,,,
,,,,20400916,,,,,,,,,,,,,,,,,,,,20600305,,,,,,,,,,,,,
,,,,20400922,,,,,,,,,,,,,,,,,,,,20600312,,,,,,,,,,,,,
,,,,20400923,,,,,,,,,,,,,,,,,,,,20600319,,,,,,,,,,,,,
,,,,20400929,,,,,,,,,,,,,,,,,,,,20600326,,,,,,,,,,,,,
,,,,20400930,,,,,,,,,,,,,,,,,,,,20600402,,,,,,,,,,,,,
,,,,20401006,,,,,,,,,,,,,,,,,,,,20600409,,,,,,,,,,,,,
,,,,20401007,,,,,,,,,,,,,,,,,,,,20600416,,,,,,,,,,,,,
,,,,20401008,,,,,,,,,,,,,,,,,,,,20600423,,,,,,,,,,,,,
,,,,20401013,,,,,,,,,,,,,,,,,,,,20600430,,,,,,,,,,,,,
,,,,20401014,,,,,,,,,,,,,,,,,,,,20600507,,,,,,,,,,,,,
,,,,20401020,,,,,,,,,,,,,,,,,,,,20600510,,,,,,,,,,,,,
,,,,20401021,,,,,,,,,,,,,,,,,,,,20600511,,,,,,,,,,,,,
,,,,20401027,,,,,,,,,,,,,,,,,,,,20600514,,,,,,,,,,,,,
,,,,20401028,,,,,,,,,,,,,,,,,,,,20600521,,,,,,,,,,,,,
,,,,20401103,,,,,,,,,,,,,,,,,,,,20600528,,,,,,,,,,,,,
,,,,20401104,,,,,,,,,,,,,,,,,,,,20600604,,,,,,,,,,,,,
,,,,20401110,,,,,,,,,,,,,,,,,,,,20600611,,,,,,,,,,,,,
,,,,20401111,,,,,,,,,,,,,,,,,,,,20600618,,,,,,,,,,,,,
,,,,20401112,,,,,,,,,,,,,,,,,,,,20600625,,,,,,,,,,,,,
,,,,20401117,,,,,,,,,,,,,,,,,,,,20600702,,,,,,,,,,,,,
,,,,20401118,,,,,,,,,,,,,,,,,,,,20600709,,,,,,,,,,,,,
,,,,20401122,,,,,,,,,,,,,,,,,,,,20600716,,,,,,,,,,,,,
,,,,20401124,,,,,,,,,,,,,,,,,,,,20600723,,,,,,,,,,,,,
,,,,20401125,,,,,,,,,,,,,,,,,,,,20600730,,,,,,,,,,,,,
,,,,20401201,,,,,,,,,,,,,,,,,,,,20600806,,,,,,,,,,,,,
,,,,20401202,,,,,,,,,,,,,,,,,,,,20600813,,,,,,,,,,,,,
,,,,20401208,,,,,,,,,,,,,,,,,,,,20600820,,,,,,,,,,,,,
,,,,20401209,,,,,,,,,,,,,,,,,,,,20600827,,,,,,,,,,,,,
,,,,20401215,,,,,,,,,,,,,,,,,,,,20600903,,,,,,,,,,,,,
,,,,20401216,,,,,,,,,,,,,,,,,,,,20600910,,,,,,,,,,,,,
,,,,20401222,,,,,,,,,,,,,,,,,,,,20600917,,,,,,,,,,,,,
,,,,20401223,,,,,,,,,,,,,,,,,,,,20600923,,,,,,,,,,,,,
,,,,20401225,,,,,,,,,,,,,,,,,,,,20600924,,,,,,,,,,,,,
,,,,20401229,,,,,,,,,,,,,,,,,,,,20601001,,,,,,,,,,,,,
,,,,20401230,,,,,,,,,,,,,,,,,,,,20601008,,,,,,,,,,,,,
,,,,20410101,,,,,,,,,,,,,,,,,,,,20601015,,,,,,,,,,,,,
,,,,20410105,,,,,,,,,,,,,,,,,,,,20601022,,,,,,,,,,,,,
,,,,20410106,,,,,,,,,,,,,,,,,,,,20601029,,,,,,,,,,,,,
,,,,20410112,,,,,,,,,,,,,,,,,,,,20601105,,,,,,,,,,,,,
,,,,20410113,,,,,,,,,,,,,,,,,,,,20601112,,,,,,,,,,,,,
,,,,20410119,,,,,,,,,,,,,,,,,,,,20601119,,,,,,,,,,,,,
,,,,20410120,,,,,,,,,,,,,,,,,,,,20601126,,,,,,,,,,,,,
,,,,20410121,,,,,,,,,,,,,,,,,,,,20601203,,,,,,,,,,,,,
,,,,20410126,,,,,,,,,,,,,,,,,,,,20601210,,,,,,,,,,,,,
,,,,20410127,,,,,,,,,,,,,,,,,,,,20601217,,,,,,,,,,,,,
,,,,20410202,,,,,,,,,,,,,,,,,,,,20601224,,,,,,,,,,,,,
,,,,20410203,,,,,,,,,,,,,,,,,,,,20601231,,,,,,,,,,,,,
,,,,20410209,,,,,,,,,,,,,,,,,,,,20610107,,,,,,,,,,,,,
,,,,20410210,,,,,,,,,,,,,,,,,,,,20610114,,,,,,,,,,,,,
,,,,20410216,,,,,,,,,,,,,,,,,,,,20610121,,,,,,,,,,,,,
,,,,20410217,,,,,,,,,,,,,,,,,,,,20610128,,,,,,,,,,,,,
,,,,20410218,,,,,,,,,,,,,,,,,,,,20610204,,,,,,,,,,,,,
,,,,20410223,,,,,,,,,,,,,,,,,,,,20610211,,,,,,,,,,,,,
,,,,20410224,,,,,,,,,,,,,,,,,,,,20610218,,,,,,,,,,,,,
,,,,20410302,,,,,,,,,,,,,,,,,,,,20610221,,,,,,,,,,,,,
,,,,20410303,,,,,,,,,,,,,,,,,,,,20610222,,,,,,,,,,,,,
,,,,20410309,,,,,,,,,,,,,,,,,,,,20610225,,,,,,,,,,,,,
,,,,20410310,,,,,,,,,,,,,,,,,,,,20610304,,,,,,,,,,,,,
,,,,20410316,,,,,,,,,,,,,,,,,,,,20610311,,,,,,,,,,,,,
,,,,20410317,,,,,,,,,,,,,,,,,,,,20610318,,,,,,,,,,,,,
,,,,20410323,,,,,,,,,,,,,,,,,,,,20610325,,,,,,,,,,,,,
,,,,20410324,,,,,,,,,,,,,,,,,,,,20610401,,,,,,,,,,,,,
,,,,20410330,,,,,,,,,,,,,,,,,,,,20610408,,,,,,,,,,,,,
,,,,20410331,,,,,,,,,,,,,,,,,,,,20610415,,,,,,,,,,,,,
,,,,20410406,,,,,,,,,,,,,,,,,,,,20610422,,,,,,,,,,,,,
,,,,20410407,,,,,,,,,,,,,,,,,,,,20610428,,,,,,,,,,,,,
,,,,20410413,,,,,,,,,,,,,,,,,,,,20610429,,,,,,,,,,,,,
,,,,20410414,,,,,,,,,,,,,,,,,,,,20610502,,,,,,,,,,,,,
,,,,20410419,,,,,,,,,,,,,,,,,,,,20610506,,,,,,,,,,,,,
,,,,20410420,,,,,,,,,,,,,,,,,,,,20610513,,,,,,,,,,,,,
,,,,20410421,,,,,,,,,,,,,,,,,,,,20610520,,,,,,,,,,,,,
,,,,20410427,,,,,,,,,,,,,,,,,,,,20610527,,,,,,,,,,,,,
,,,,20410428,,,,,,,,,,,,,,,,,,,,20610603,,,,,,,,,,,,,
,,,,20410504,,,,,,,,,,,,,,,,,,,,20610610,,,,,,,,,,,,,
,,,,20410505,,,,,,,,,,,,,,,,,,,,20610617,,,,,,,,,,,,,
,,,,20410511,,,,,,,,,,,,,,,,,,,,20610624,,,,,,,,,,,,,
,,,,20410512,,,,,,,,,,,,,,,,,,,,20610701,,,,,,,,,,,,,
,,,,20410518,,,,,,,,,,,,,,,,,,,,20610708,,,,,,,,,,,,,
,,,,20410519,,,,,,,,,,,,,,,,,,,,20610715,,,,,,,,,,,,,
,,,,20410525,,,,,,,,,,,,,,,,,,,,20610722,,,,,,,,,,,,,
,,,,20410526,,,,,,,,,,,,,,,,,,,,20610729,,,,,,,,,,,,,
,,,,20410527,,,,,,,,,,,,,,,,,,,,20610805,,,,,,,,,,,,,
,,,,20410601,,,,,,,,,,,,,,,,,,,,20610812,,,,,,,,,,,,,
,,,,20410602,,,,,,,,,,,,,,,,,,,,20610819,,,,,,,,,,,,,
,,,,20410608,,,,,,,,,,,,,,,,,,,,20610826,,,,,,,,,,,,,
,,,,20410609,,,,,,,,,,,,,,,,,,,,20610902,,,,,,,,,,,,,
,,,,20410615,,,,,,,,,,,,,,,,,,,,20610909,,,,,,,,,,,,,
,,,,20410616,,,,,,,,,,,,,,,,,,,,20610916,,,,,,,,,,,,,
,,,,20410622,,,,,,,,,,,,,,,,,,,,20610922,,,,,,,,,,,,,
,,,,20410623,,,,,,,,,,,,,,,,,,,,20610923,,,,,,,,,,,,,
,,,,20410629,,,,,,,,,,,,,,,,,,,,20610930,,,,,,,,,,,,,
,,,,20410630,,,,,,,,,,,,,,,,,,,,20611007,,,,,,,,,,,,,
,,,,20410704,,,,,,,,,,,,,,,,,,,,20611014,,,,,,,,,,,,,
,,,,20410706,,,,,,,,,,,,,,,,,,,,20611021,,,,,,,,,,,,,
,,,,20410707,,,,,,,,,,,,,,,,,,,,20611028,,,,,,,,,,,,,
,,,,20410713,,,,,,,,,,,,,,,,,,,,20611104,,,,,,,,,,,,,
,,,,20410714,,,,,,,,,,,,,,,,,,,,20611111,,,,,,,,,,,,,
,,,,20410720,,,,,,,,,,,,,,,,,,,,20611118,,,,,,,,,,,,,
,,,,20410721,,,,,,,,,,,,,,,,,,,,20611125,,,,,,,,,,,,,
,,,,20410727,,,,,,,,,,,,,,,,,,,,20611202,,,,,,,,,,,,,
,,,,20410728,,,,,,,,,,,,,,,,,,,,20611209,,,,,,,,,,,,,
,,,,20410803,,,,,,,,,,,,,,,,,,,,20611216,,,,,,,,,,,,,
,,,,20410804,,,,,,,,,,,,,,,,,,,,20611223,,,,,,,,,,,,,
,,,,20410810,,,,,,,,,,,,,,,,,,,,20611230,,,,,,,,,,,,,
,,,,20410811,,,,,,,,,,,,,,,,,,,,20620106,,,,,,,,,,,,,
,,,,20410817,,,,,,,,,,,,,,,,,,,,20620113,,,,,,,,,,,,,
,,,,20410818,,,,,,,,,,,,,,,,,,,,20620120,,,,,,,,,,,,,
,,,,20410824,,,,,,,,,,,,,,,,,,,,20620127,,,,,,,,,,,,,
,,,,20410825,,,,,,,,,,,,,,,,,,,,20620203,,,,,,,,,,,,,
,,,,20410831,,,,,,,,,,,,,,,,,,,,20620209,,,,,,,,,,,,,
,,,,20410901,,,,,,,,,,,,,,,,,,,,20620210,,,,,,,,,,,,,
,,,,20410902,,,,,,,,,,,,,,,,,,,,20620213,,,,,,,,,,,,,
,,,,20410907,,,,,,,,,,,,,,,,,,,,20620217,,,,,,,,,,,,,
,,,,20410908,,,,,,,,,,,,,,,,,,,,20620224,,,,,,,,,,,,,
,,,,20410914,,,,,,,,,,,,,,,,,,,,20620303,,,,,,,,,,,,,
,,,,20410915,,,,,,,,,,,,,,,,,,,,20620310,,,,,,,,,,,,,
,,,,20410921,,,,,,,,,,,,,,,,,,,,20620317,,,,,,,,,,,,,
,,,,20410922,,,,,,,,,,,,,,,,,,,,20620324,,,,,,,,,,,,,
,,,,20410928,,,,,,,,,,,,,,,,,,,,20620331,,,,,,,,,,,,,
,,,,20410929,,,,,,,,,,,,,,,,,,,,20620407,,,,,,,,,,,,,
,,,,20411005,,,,,,,,,,,,,,,,,,,,20620414,,,,,,,,,,,,,
,,,,20411006,,,,,,,,,,,,,,,,,,,,20620419,,,,,,,,,,,,,
,,,,20411012,,,,,,,,,,,,,,,,,,,,20620420,,,,,,,,,,,,,
,,,,20411013,,,,,,,,,,,,,,,,,,,,20620421,,,,,,,,,,,,,
,,,,20411014,,,,,,,,,,,,,,,,,,,,20620428,,,,,,,,,,,,,
,,,,20411019,,,,,,,,,,,,,,,,,,,,20620505,,,,,,,,,,,,,
,,,,20411020,,,,,,,,,,,,,,,,,,,,20620512,,,,,,,,,,,,,
,,,,20411026,,,,,,,,,,,,,,,,,,,,20620519,,,,,,,,,,,,,
,,,,20411027,,,,,,,,,,,,,,,,,,,,20620526,,,,,,,,,,,,,
,,,,20411102,,,,,,,,,,,,,,,,,,,,20620602,,,,,,,,,,,,,
,,,,20411103,,,,,,,,,,,,,,,,,,,,20620609,,,,,,,,,,,,,
,,,,20411109,,,,,,,,,,,,,,,,,,,,20620616,,,,,,,,,,,,,
,,,,20411110,,,,,,,,,,,,,,,,,,,,20620623,,,,,,,,,,,,,
,,,,20411111,,,,,,,,,,,,,,,,,,,,20620630,,,,,,,,,,,,,
,,,,20411116,,,,,,,,,,,,,,,,,,,,20620707,,,,,,,,,,,,,
,,,,20411117,,,,,,,,,,,,,,,,,,,,20620714,,,,,,,,,,,,,
,,,,20411123,,,,,,,,,,,,,,,,,,,,20620721,,,,,,,,,,,,,
,,,,20411124,,,,,,,,,,,,,,,,,,,,20620728,,,,,,,,,,,,,
,,,,20411128,,,,,,,,,,,,,,,,,,,,20620804,,,,,,,,,,,,,
,,,,20411130,,,,,,,,,,,,,,,,,,,,20620811,,,,,,,,,,,,,
,,,,20411201,,,,,,,,,,,,,,,,,,,,20620818,,,,,,,,,,,,,
,,,,20411207,,,,,,,,,,,,,,,,,,,,20620825,,,,,,,,,,,,,
,,,,20411208,,,,,,,,,,,,,,,,,,,,20620901,,,,,,,,,,,,,
,,,,20411214,,,,,,,,,,,,,,,,,,,,20620908,,,,,,,,,,,,,
,,,,20411215,,,,,,,,,,,,,,,,,,,,20620915,,,,,,,,,,,,,
,,,,20411221,,,,,,,,,,,,,,,,,,,,20620922,,,,,,,,,,,,,
,,,,20411222,,,,,,,,,,,,,,,,,,,,20620929,,,,,,,,,,,,,
,,,,20411225,,,,,,,,,,,,,,,,,,,,20621006,,,,,,,,,,,,,
,,,,20411228,,,,,,,,,,,,,,,,,,,,20621013,,,,,,,,,,,,,
,,,,20411229,,,,,,,,,,,,,,,,,,,,20621020,,,,,,,,,,,,,
,,,,20420101,,,,,,,,,,,,,,,,,,,,20621027,,,,,,,,,,,,,
,,,,20420104,,,,,,,,,,,,,,,,,,,,20621103,,,,,,,,,,,,,
,,,,20420105,,,,,,,,,,,,,,,,,,,,20621110,,,,,,,,,,,,,
,,,,20420111,,,,,,,,,,,,,,,,,,,,20621117,,,,,,,,,,,,,
,,,,20420112,,,,,,,,,,,,,,,,,,,,20621124,,,,,,,,,,,,,
,,,,20420118,,,,,,,,,,,,,,,,,,,,20621201,,,,,,,,,,,,,
,,,,20420119,,,,,,,,,,,,,,,,,,,,20621208,,,,,,,,,,,,,
,,,,20420120,,,,,,,,,,,,,,,,,,,,20621215,,,,,,,,,,,,,
,,,,20420125,,,,,,,,,,,,,,,,,,,,20621222,,,,,,,,,,,,,
,,,,20420126,,,,,,,,,,,,,,,,,,,,20621229,,,,,,,,,,,,,
,,,,20420201,,,,,,,,,,,,,,,,,,,,20630105,,,,,,,,,,,,,
,,,,20420202,,,,,,,,,,,,,,,,,,,,20630112,,,,,,,,,,,,,
,,,,20420208,,,,,,,,,,,,,,,,,,,,20630119,,,,,,,,,,,,,
,,,,20420209,,,,,,,,,,,,,,,,,,,,20630126,,,,,,,,,,,,,
,,,,20420215,,,,,,,,,,,,,,,,,,,,20630130,,,,,,,,,,,,,
,,,,20420216,,,,,,,,,,,,,,,,,,,,20630131,,,,,,,,,,,,,
,,,,20420217,,,,,,,,,,,,,,,,,,,,20630201,,,,,,,,,,,,,
,,,,20420222,,,,,,,,,,,,,,,,,,,,20630202,,,,,,,,,,,,,
,,,,20420223,,,,,,,,,,,,,,,,,,,,20630209,,,,,,,,,,,,,
,,,,20420301,,,,,,,,,,,,,,,,,,,,20630216,,,,,,,,,,,,,
,,,,20420302,,,,,,,,,,,,,,,,,,,,20630223,,,,,,,,,,,,,
,,,,20420308,,,,,,,,,,,,,,,,,,,,20630302,,,,,,,,,,,,,
,,,,20420309,,,,,,,,,,,,,,,,,,,,20630309,,,,,,,,,,,,,
,,,,20420315,,,,,,,,,,,,,,,,,,,,20630316,,,,,,,,,,,,,
,,,,20420316,,,,,,,,,,,,,,,,,,,,20630323,,,,,,,,,,,,,
,,,,20420322,,,,,,,,,,,,,,,,,,,,20630330,,,,,,,,,,,,,
,,,,20420323,,,,,,,,,,,,,,,,,,,,20630406,,,,,,,,,,,,,
,,,,20420329,,,,,,,,,,,,,,,,,,,,20630409,,,,,,,,,,,,,
,,,,20420330,,,,,,,,,,,,,,,,,,,,20630410,,,,,,,,,,,,,
,,,,20420405,,,,,,,,,,,,,,,,,,,,20630413,,,,,,,,,,,,,
,,,,20420406,,,,,,,,,,,,,,,,,,,,20630420,,,,,,,,,,,,,
,,,,20420412,,,,,,,,,,,,,,,,,,,,20630427,,,,,,,,,,,,,
,,,,20420413,,,,,,,,,,,,,,,,,,,,20630504,,,,,,,,,,,,,
,,,,20420419,,,,,,,,,,,,,,,,,,,,20630511,,,,,,,,,,,,,
,,,,20420420,,,,,,,,,,,,,,,,,,,,20630518,,,,,,,,,,,,,
,,,,20420426,,,,,,,,,,,,,,,,,,,,20630525,,,,,,,,,,,,,
,,,,20420427,,,,,,,,,,,,,,,,,,,,20630601,,,,,,,,,,,,,
,,,,20420503,,,,,,,,,,,,,,,,,,,,20630608,,,,,,,,,,,,,
,,,,20420504,,,,,,,,,,,,,,,,,,,,20630615,,,,,,,,,,,,,
,,,,20420510,,,,,,,,,,,,,,,,,,,,20630622,,,,,,,,,,,,,
,,,,20420511,,,,,,,,,,,,,,,,,,,,20630629,,,,,,,,,,,,,
,,,,20420517,,,,,,,,,,,,,,,,,,,,20630706,,,,,,,,,,,,,
,,,,20420518,,,,,,,,,,,,,,,,,,,,20630713,,,,,,,,,,,,,
,,,,20420524,,,,,,,,,,,,,,,,,,,,20630720,,,,,,,,,,,,,
,,,,20420525,,,,,,,,,,,,,,,,,,,,20630727,,,,,,,,,,,,,
,,,,20420526,,,,,,,,,,,,,,,,,,,,20630803,,,,,,,,,,,,,
,,,,20420531,,,,,,,,,,,,,,,,,,,,20630810,,,,,,,,,,,,,
,,,,20420601,,,,,,,,,,,,,,,,,,,,20630817,,,,,,,,,,,,,
,,,,20420607,,,,,,,,,,,,,,,,,,,,20630824,,,,,,,,,,,,,
,,,,20420608,,,,,,,,,,,,,,,,,,,,20630831,,,,,,,,,,,,,
,,,,20420614,,,,,,,,,,,,,,,,,,,,20630907,,,,,,,,,,,,,
,,,,20420615,,,,,,,,,,,,,,,,,,,,20630914,,,,,,,,,,,,,
,,,,20420621,,,,,,,,,,,,,,,,,,,,20630921,,,,,,,,,,,,,
,,,,20420622,,,,,,,,,,,,,,,,,,,,20630928,,,,,,,,,,,,,
,,,,20420628,,,,,,,,,,,,,,,,,,,,20631005,,,,,,,,,,,,,
,,,,20420629,,,,,,,,,,,,,,,,,,,,20631012,,,,,,,,,,,,,
,,,,20420704,,,,,,,,,,,,,,,,,,,,20631019,,,,,,,,,,,,,
,,,,20420705,,,,,,,,,,,,,,,,,,,,20631026,,,,,,,,,,,,,
,,,,20420706,,,,,,,,,,,,,,,,,,,,20631102,,,,,,,,,,,,,
,,,,20420712,,,,,,,,,,,,,,,,,,,,20631109,,,,,,,,,,,,,
,,,,20420713,,,,,,,,,,,,,,,,,,,,20631116,,,,,,,,,,,,,
,,,,20420719,,,,,,,,,,,,,,,,,,,,20631123,,,,,,,,,,,,,
,,,,20420720,,,,,,,,,,,,,,,,,,,,20631130,,,,,,,,,,,,,
,,,,20420726,,,,,,,,,,,,,,,,,,,,20631207,,,,,,,,,,,,,
,,,,20420727,,,,,,,,,,,,,,,,,,,,20631214,,,,,,,,,,,,,
,,,,20420802,,,,,,,,,,,,,,,,,,,,20631221,,,,,,,,,,,,,
,,,,20420803,,,,,,,,,,,,,,,,,,,,20631228,,,,,,,,,,,,,
,,,,20420809,,,,,,,,,,,,,,,,,,,,20640104,,,,,,,,,,,,,
,,,,20420810,,,,,,,,,,,,,,,,,,,,20640111,,,,,,,,,,,,,
,,,,20420816,,,,,,,,,,,,,,,,,,,,20640117,,,,,,,,,,,,,
,,,,20420817,,,,,,,,,,,,,,,,,,,,20640118,,,,,,,,,,,,,
,,,,20420823,,,,,,,,,,,,,,,,,,,,20640121,,,,,,,,,,,,,
,,,,20420824,,,,,,,,,,,,,,,,,,,,20640125,,,,,,,,,,,,,
,,,,20420830,,,,,,,,,,,,,,,,,,,,20640201,,,,,,,,,,,,,
,,,,20420831,,,,,,,,,,,,,,,,,,,,20640208,,,,,,,,,,,,,
,,,,20420901,,,,,,,,,,,,,,,,,,,,20640215,,,,,,,,,,,,,
,,,,20420906,,,,,,,,,,,,,,,,,,,,20640222,,,,,,,,,,,,,
,,,,20420907,,,,,,,,,,,,,,,,,,,,20640229,,,,,,,,,,,,,
,,,,20420913,,,,,,,,,,,,,,,,,,,,20640307,,,,,,,,,,,,,
,,,,20420914,,,,,,,,,,,,,,,,,,,,20640314,,,,,,,,,,,,,
,,,,20420920,,,,,,,,,,,,,,,,,,,,20640321,,,,,,,,,,,,,
,,,,20420921,,,,,,,,,,,,,,,,,,,,20640327,,,,,,,,,,,,,
,,,,20420927,,,,,,,,,,,,,,,,,,,,20640328,,,,,,,,,,,,,
,,,,20420928,,,,,,,,,,,,,,,,,,,,20640331,,,,,,,,,,,,,
,,,,20421004,,,,,,,,,,,,,,,,,,,,20640404,,,,,,,,,,,,,
,,,,20421005,,,,,,,,,,,,,,,,,,,,20640411,,,,,,,,,,,,,
,,,,20421011,,,,,,,,,,,,,,,,,,,,20640418,,,,,,,,,,,,,
,,,,20421012,,,,,,,,,,,,,,,,,,,,20640425,,,,,,,,,,,,,
,,,,20421013,,,,,,,,,,,,,,,,,,,,20640502,,,,,,,,,,,,,
,,,,20421018,,,,,,,,,,,,,,,,,,,,20640509,,,,,,,,,,,,,
,,,,20421019,,,,,,,,,,,,,,,,,,,,20640516,,,,,,,,,,,,,
,,,,20421025,,,,,,,,,,,,,,,,,,,,20640523,,,,,,,,,,,,,
,,,,20421026,,,,,,,,,,,,,,,,,,,,20640530,,,,,,,,,,,,,
,,,,20421101,,,,,,,,,,,,,,,,,,,,20640606,,,,,,,,,,,,,
,,,,20421102,,,,,,,,,,,,,,,,,,,,20640613,,,,,,,,,,,,,
,,,,20421108,,,,,,,,,,,,,,,,,,,,20640620,,,,,,,,,,,,,
,,,,20421109,,,,,,,,,,,,,,,,,,,,20640627,,,,,,,,,,,,,
,,,,20421111,,,,,,,,,,,,,,,,,,,,20640704,,,,,,,,,,,,,
,,,,20421115,,,,,,,,,,,,,,,,,,,,20640711,,,,,,,,,,,,,
,,,,20421116,,,,,,,,,,,,,,,,,,,,20640718,,,,,,,,,,,,,
,,,,20421122,,,,,,,,,,,,,,,,,,,,20640725,,,,,,,,,,,,,
,,,,20421123,,,,,,,,,,,,,,,,,,,,20640801,,,,,,,,,,,,,
,,,,20421127,,,,,,,,,,,,,,,,,,,,20640808,,,,,,,,,,,,,
,,,,20421129,,,,,,,,,,,,,,,,,,,,20640815,,,,,,,,,,,,,
,,,,20421130,,,,,,,,,,,,,,,,,,,,20640822,,,,,,,,,,,,,
,,,,20421206,,,,,,,,,,,,,,,,,,,,20640829,,,,,,,,,,,,,
,,,,20421207,,,,,,,,,,,,,,,,,,,,20640905,,,,,,,,,,,,,
,,,,20421213,,,,,,,,,,,,,,,,,,,,20640912,,,,,,,,,,,,,
,,,,20421214,,,,,,,,,,,,,,,,,,,,20640919,,,,,,,,,,,,,
,,,,20421220,,,,,,,,,,,,,,,,,,,,20640923,,,,,,,,,,,,,
,,,,20421221,,,,,,,,,,,,,,,,,,,,20640926,,,,,,,,,,,,,
,,,,20421225,,,,,,,,,,,,,,,,,,,,20641003,,,,,,,,,,,,,
,,,,20421227,,,,,,,,,,,,,,,,,,,,20641010,,,,,,,,,,,,,
,,,,20421228,,,,,,,,,,,,,,,,,,,,20641017,,,,,,,,,,,,,
,,,,20430101,,,,,,,,,,,,,,,,,,,,20641024,,,,,,,,,,,,,
,,,,20430103,,,,,,,,,,,,,,,,,,,,20641031,,,,,,,,,,,,,
,,,,20430104,,,,,,,,,,,,,,,,,,,,20641107,,,,,,,,,,,,,
,,,,20430110,,,,,,,,,,,,,,,,,,,,20641114,,,,,,,,,,,,,
,,,,20430111,,,,,,,,,,,,,,,,,,,,20641121,,,,,,,,,,,,,
,,,,20430117,,,,,,,,,,,,,,,,,,,,20641128,,,,,,,,,,,,,
,,,,20430118,,,,,,,,,,,,,,,,,,,,20641205,,,,,,,,,,,,,
,,,,20430119,,,,,,,,,,,,,,,,,,,,20641212,,,,,,,,,,,,,
,,,,20430124,,,,,,,,,,,,,,,,,,,,20641219,,,,,,,,,,,,,
,,,,20430125,,,,,,,,,,,,,,,,,,,,20641226,,,,,,,,,,,,,
,,,,20430131,,,,,,,,,,,,,,,,,,,,,,,,,,,,,,,,,
,,,,20430201,,,,,,,,,,,,,,,,,,,,,,,,,,,,,,,,,
,,,,20430207,,,,,,,,,,,,,,,,,,,,,,,,,,,,,,,,,
,,,,20430208,,,,,,,,,,,,,,,,,,,,,,,,,,,,,,,,,
,,,,20430214,,,,,,,,,,,,,,,,,,,,,,,,,,,,,,,,,
,,,,20430215,,,,,,,,,,,,,,,,,,,,,,,,,,,,,,,,,
,,,,20430216,,,,,,,,,,,,,,,,,,,,,,,,,,,,,,,,,
,,,,20430221,,,,,,,,,,,,,,,,,,,,,,,,,,,,,,,,,
,,,,20430222,,,,,,,,,,,,,,,,,,,,,,,,,,,,,,,,,
,,,,20430228,,,,,,,,,,,,,,,,,,,,,,,,,,,,,,,,,
,,,,20430301,,,,,,,,,,,,,,,,,,,,,,,,,,,,,,,,,
,,,,20430307,,,,,,,,,,,,,,,,,,,,,,,,,,,,,,,,,
,,,,20430308,,,,,,,,,,,,,,,,,,,,,,,,,,,,,,,,,
,,,,20430314,,,,,,,,,,,,,,,,,,,,,,,,,,,,,,,,,
,,,,20430315,,,,,,,,,,,,,,,,,,,,,,,,,,,,,,,,,
,,,,20430321,,,,,,,,,,,,,,,,,,,,,,,,,,,,,,,,,
,,,,20430322,,,,,,,,,,,,,,,,,,,,,,,,,,,,,,,,,
,,,,20430327,,,,,,,,,,,,,,,,,,,,,,,,,,,,,,,,,
,,,,20430328,,,,,,,,,,,,,,,,,,,,,,,,,,,,,,,,,
,,,,20430329,,,,,,,,,,,,,,,,,,,,,,,,,,,,,,,,,
,,,,20430404,,,,,,,,,,,,,,,,,,,,,,,,,,,,,,,,,
,,,,20430405,,,,,,,,,,,,,,,,,,,,,,,,,,,,,,,,,
,,,,20430411,,,,,,,,,,,,,,,,,,,,,,,,,,,,,,,,,
,,,,20430412,,,,,,,,,,,,,,,,,,,,,,,,,,,,,,,,,
,,,,20430418,,,,,,,,,,,,,,,,,,,,,,,,,,,,,,,,,
,,,,20430419,,,,,,,,,,,,,,,,,,,,,,,,,,,,,,,,,
,,,,20430425,,,,,,,,,,,,,,,,,,,,,,,,,,,,,,,,,
,,,,20430426,,,,,,,,,,,,,,,,,,,,,,,,,,,,,,,,,
,,,,20430502,,,,,,,,,,,,,,,,,,,,,,,,,,,,,,,,,
,,,,20430503,,,,,,,,,,,,,,,,,,,,,,,,,,,,,,,,,
,,,,20430509,,,,,,,,,,,,,,,,,,,,,,,,,,,,,,,,,
,,,,20430510,,,,,,,,,,,,,,,,,,,,,,,,,,,,,,,,,
,,,,20430516,,,,,,,,,,,,,,,,,,,,,,,,,,,,,,,,,
,,,,20430517,,,,,,,,,,,,,,,,,,,,,,,,,,,,,,,,,
,,,,20430523,,,,,,,,,,,,,,,,,,,,,,,,,,,,,,,,,
,,,,20430524,,,,,,,,,,,,,,,,,,,,,,,,,,,,,,,,,
,,,,20430525,,,,,,,,,,,,,,,,,,,,,,,,,,,,,,,,,
,,,,20430530,,,,,,,,,,,,,,,,,,,,,,,,,,,,,,,,,
,,,,20430531,,,,,,,,,,,,,,,,,,,,,,,,,,,,,,,,,
,,,,20430606,,,,,,,,,,,,,,,,,,,,,,,,,,,,,,,,,
,,,,20430607,,,,,,,,,,,,,,,,,,,,,,,,,,,,,,,,,
,,,,20430613,,,,,,,,,,,,,,,,,,,,,,,,,,,,,,,,,
,,,,20430614,,,,,,,,,,,,,,,,,,,,,,,,,,,,,,,,,
,,,,20430620,,,,,,,,,,,,,,,,,,,,,,,,,,,,,,,,,
,,,,20430621,,,,,,,,,,,,,,,,,,,,,,,,,,,,,,,,,
,,,,20430627,,,,,,,,,,,,,,,,,,,,,,,,,,,,,,,,,
,,,,20430628,,,,,,,,,,,,,,,,,,,,,,,,,,,,,,,,,
,,,,20430703,,,,,,,,,,,,,,,,,,,,,,,,,,,,,,,,,
,,,,20430704,,,,,,,,,,,,,,,,,,,,,,,,,,,,,,,,,
,,,,20430705,,,,,,,,,,,,,,,,,,,,,,,,,,,,,,,,,
,,,,20430711,,,,,,,,,,,,,,,,,,,,,,,,,,,,,,,,,
,,,,20430712,,,,,,,,,,,,,,,,,,,,,,,,,,,,,,,,,
,,,,20430718,,,,,,,,,,,,,,,,,,,,,,,,,,,,,,,,,
,,,,20430719,,,,,,,,,,,,,,,,,,,,,,,,,,,,,,,,,
,,,,20430725,,,,,,,,,,,,,,,,,,,,,,,,,,,,,,,,,
,,,,20430726,,,,,,,,,,,,,,,,,,,,,,,,,,,,,,,,,
,,,,20430801,,,,,,,,,,,,,,,,,,,,,,,,,,,,,,,,,
,,,,20430802,,,,,,,,,,,,,,,,,,,,,,,,,,,,,,,,,
,,,,20430808,,,,,,,,,,,,,,,,,,,,,,,,,,,,,,,,,
,,,,20430809,,,,,,,,,,,,,,,,,,,,,,,,,,,,,,,,,
,,,,20430815,,,,,,,,,,,,,,,,,,,,,,,,,,,,,,,,,
,,,,20430816,,,,,,,,,,,,,,,,,,,,,,,,,,,,,,,,,
,,,,20430822,,,,,,,,,,,,,,,,,,,,,,,,,,,,,,,,,
,,,,20430823,,,,,,,,,,,,,,,,,,,,,,,,,,,,,,,,,
,,,,20430829,,,,,,,,,,,,,,,,,,,,,,,,,,,,,,,,,
,,,,20430830,,,,,,,,,,,,,,,,,,,,,,,,,,,,,,,,,
,,,,20430905,,,,,,,,,,,,,,,,,,,,,,,,,,,,,,,,,
,,,,20430906,,,,,,,,,,,,,,,,,,,,,,,,,,,,,,,,,
,,,,20430907,,,,,,,,,,,,,,,,,,,,,,,,,,,,,,,,,
,,,,20430912,,,,,,,,,,,,,,,,,,,,,,,,,,,,,,,,,
,,,,20430913,,,,,,,,,,,,,,,,,,,,,,,,,,,,,,,,,
,,,,20430919,,,,,,,,,,,,,,,,,,,,,,,,,,,,,,,,,
,,,,20430920,,,,,,,,,,,,,,,,,,,,,,,,,,,,,,,,,
,,,,20430926,,,,,,,,,,,,,,,,,,,,,,,,,,,,,,,,,
,,,,20430927,,,,,,,,,,,,,,,,,,,,,,,,,,,,,,,,,
,,,,20431003,,,,,,,,,,,,,,,,,,,,,,,,,,,,,,,,,
,,,,20431004,,,,,,,,,,,,,,,,,,,,,,,,,,,,,,,,,
,,,,20431010,,,,,,,,,,,,,,,,,,,,,,,,,,,,,,,,,
,,,,20431011,,,,,,,,,,,,,,,,,,,,,,,,,,,,,,,,,
,,,,20431012,,,,,,,,,,,,,,,,,,,,,,,,,,,,,,,,,
,,,,20431017,,,,,,,,,,,,,,,,,,,,,,,,,,,,,,,,,
,,,,20431018,,,,,,,,,,,,,,,,,,,,,,,,,,,,,,,,,
,,,,20431024,,,,,,,,,,,,,,,,,,,,,,,,,,,,,,,,,
,,,,20431025,,,,,,,,,,,,,,,,,,,,,,,,,,,,,,,,,
,,,,20431031,,,,,,,,,,,,,,,,,,,,,,,,,,,,,,,,,
,,,,20431101,,,,,,,,,,,,,,,,,,,,,,,,,,,,,,,,,
,,,,20431107,,,,,,,,,,,,,,,,,,,,,,,,,,,,,,,,,
,,,,20431108,,,,,,,,,,,,,,,,,,,,,,,,,,,,,,,,,
,,,,20431111,,,,,,,,,,,,,,,,,,,,,,,,,,,,,,,,,
,,,,20431114,,,,,,,,,,,,,,,,,,,,,,,,,,,,,,,,,
,,,,20431115,,,,,,,,,,,,,,,,,,,,,,,,,,,,,,,,,
,,,,20431121,,,,,,,,,,,,,,,,,,,,,,,,,,,,,,,,,
,,,,20431122,,,,,,,,,,,,,,,,,,,,,,,,,,,,,,,,,
,,,,20431126,,,,,,,,,,,,,,,,,,,,,,,,,,,,,,,,,
,,,,20431128,,,,,,,,,,,,,,,,,,,,,,,,,,,,,,,,,
,,,,20431129,,,,,,,,,,,,,,,,,,,,,,,,,,,,,,,,,
,,,,20431205,,,,,,,,,,,,,,,,,,,,,,,,,,,,,,,,,
,,,,20431206,,,,,,,,,,,,,,,,,,,,,,,,,,,,,,,,,
,,,,20431212,,,,,,,,,,,,,,,,,,,,,,,,,,,,,,,,,
,,,,20431213,,,,,,,,,,,,,,,,,,,,,,,,,,,,,,,,,
,,,,20431219,,,,,,,,,,,,,,,,,,,,,,,,,,,,,,,,,
,,,,20431220,,,,,,,,,,,,,,,,,,,,,,,,,,,,,,,,,
,,,,20431225,,,,,,,,,,,,,,,,,,,,,,,,,,,,,,,,,
,,,,20431226,,,,,,,,,,,,,,,,,,,,,,,,,,,,,,,,,
,,,,20431227,,,,,,,,,,,,,,,,,,,,,,,,,,,,,,,,,
,,,,20440101,,,,,,,,,,,,,,,,,,,,,,,,,,,,,,,,,
,,,,20440102,,,,,,,,,,,,,,,,,,,,,,,,,,,,,,,,,
,,,,20440103,,,,,,,,,,,,,,,,,,,,,,,,,,,,,,,,,
,,,,20440109,,,,,,,,,,,,,,,,,,,,,,,,,,,,,,,,,
,,,,20440110,,,,,,,,,,,,,,,,,,,,,,,,,,,,,,,,,
,,,,20440116,,,,,,,,,,,,,,,,,,,,,,,,,,,,,,,,,
,,,,20440117,,,,,,,,,,,,,,,,,,,,,,,,,,,,,,,,,
,,,,20440118,,,,,,,,,,,,,,,,,,,,,,,,,,,,,,,,,
,,,,20440123,,,,,,,,,,,,,,,,,,,,,,,,,,,,,,,,,
,,,,20440124,,,,,,,,,,,,,,,,,,,,,,,,,,,,,,,,,
,,,,20440130,,,,,,,,,,,,,,,,,,,,,,,,,,,,,,,,,
,,,,20440131,,,,,,,,,,,,,,,,,,,,,,,,,,,,,,,,,
,,,,20440206,,,,,,,,,,,,,,,,,,,,,,,,,,,,,,,,,
,,,,20440207,,,,,,,,,,,,,,,,,,,,,,,,,,,,,,,,,
,,,,20440213,,,,,,,,,,,,,,,,,,,,,,,,,,,,,,,,,
,,,,20440214,,,,,,,,,,,,,,,,,,,,,,,,,,,,,,,,,
,,,,20440215,,,,,,,,,,,,,,,,,,,,,,,,,,,,,,,,,
,,,,20440220,,,,,,,,,,,,,,,,,,,,,,,,,,,,,,,,,
,,,,20440221,,,,,,,,,,,,,,,,,,,,,,,,,,,,,,,,,
,,,,20440227,,,,,,,,,,,,,,,,,,,,,,,,,,,,,,,,,
,,,,20440228,,,,,,,,,,,,,,,,,,,,,,,,,,,,,,,,,
,,,,20440305,,,,,,,,,,,,,,,,,,,,,,,,,,,,,,,,,
,,,,20440306,,,,,,,,,,,,,,,,,,,,,,,,,,,,,,,,,
,,,,20440312,,,,,,,,,,,,,,,,,,,,,,,,,,,,,,,,,
,,,,20440313,,,,,,,,,,,,,,,,,,,,,,,,,,,,,,,,,
,,,,20440319,,,,,,,,,,,,,,,,,,,,,,,,,,,,,,,,,
,,,,20440320,,,,,,,,,,,,,,,,,,,,,,,,,,,,,,,,,
,,,,20440326,,,,,,,,,,,,,,,,,,,,,,,,,,,,,,,,,
,,,,20440327,,,,,,,,,,,,,,,,,,,,,,,,,,,,,,,,,
,,,,20440402,,,,,,,,,,,,,,,,,,,,,,,,,,,,,,,,,
,,,,20440403,,,,,,,,,,,,,,,,,,,,,,,,,,,,,,,,,
,,,,20440409,,,,,,,,,,,,,,,,,,,,,,,,,,,,,,,,,
,,,,20440410,,,,,,,,,,,,,,,,,,,,,,,,,,,,,,,,,
,,,,20440415,,,,,,,,,,,,,,,,,,,,,,,,,,,,,,,,,
,,,,20440416,,,,,,,,,,,,,,,,,,,,,,,,,,,,,,,,,
,,,,20440417,,,,,,,,,,,,,,,,,,,,,,,,,,,,,,,,,
,,,,20440423,,,,,,,,,,,,,,,,,,,,,,,,,,,,,,,,,
,,,,20440424,,,,,,,,,,,,,,,,,,,,,,,,,,,,,,,,,
,,,,20440430,,,,,,,,,,,,,,,,,,,,,,,,,,,,,,,,,
,,,,20440501,,,,,,,,,,,,,,,,,,,,,,,,,,,,,,,,,
,,,,20440507,,,,,,,,,,,,,,,,,,,,,,,,,,,,,,,,,
,,,,20440508,,,,,,,,,,,,,,,,,,,,,,,,,,,,,,,,,
,,,,20440514,,,,,,,,,,,,,,,,,,,,,,,,,,,,,,,,,
,,,,20440515,,,,,,,,,,,,,,,,,,,,,,,,,,,,,,,,,
,,,,20440521,,,,,,,,,,,,,,,,,,,,,,,,,,,,,,,,,
,,,,20440522,,,,,,,,,,,,,,,,,,,,,,,,,,,,,,,,,
,,,,20440528,,,,,,,,,,,,,,,,,,,,,,,,,,,,,,,,,
,,,,20440529,,,,,,,,,,,,,,,,,,,,,,,,,,,,,,,,,
,,,,20440530,,,,,,,,,,,,,,,,,,,,,,,,,,,,,,,,,
,,,,20440604,,,,,,,,,,,,,,,,,,,,,,,,,,,,,,,,,
,,,,20440605,,,,,,,,,,,,,,,,,,,,,,,,,,,,,,,,,
,,,,20440611,,,,,,,,,,,,,,,,,,,,,,,,,,,,,,,,,
,,,,20440612,,,,,,,,,,,,,,,,,,,,,,,,,,,,,,,,,
,,,,20440618,,,,,,,,,,,,,,,,,,,,,,,,,,,,,,,,,
,,,,20440619,,,,,,,,,,,,,,,,,,,,,,,,,,,,,,,,,
,,,,20440625,,,,,,,,,,,,,,,,,,,,,,,,,,,,,,,,,
,,,,20440626,,,,,,,,,,,,,,,,,,,,,,,,,,,,,,,,,
,,,,20440702,,,,,,,,,,,,,,,,,,,,,,,,,,,,,,,,,
,,,,20440703,,,,,,,,,,,,,,,,,,,,,,,,,,,,,,,,,
,,,,20440704,,,,,,,,,,,,,,,,,,,,,,,,,,,,,,,,,
,,,,20440709,,,,,,,,,,,,,,,,,,,,,,,,,,,,,,,,,
,,,,20440710,,,,,,,,,,,,,,,,,,,,,,,,,,,,,,,,,
,,,,20440716,,,,,,,,,,,,,,,,,,,,,,,,,,,,,,,,,
,,,,20440717,,,,,,,,,,,,,,,,,,,,,,,,,,,,,,,,,
,,,,20440723,,,,,,,,,,,,,,,,,,,,,,,,,,,,,,,,,
,,,,20440724,,,,,,,,,,,,,,,,,,,,,,,,,,,,,,,,,
,,,,20440730,,,,,,,,,,,,,,,,,,,,,,,,,,,,,,,,,
,,,,20440731,,,,,,,,,,,,,,,,,,,,,,,,,,,,,,,,,
,,,,20440806,,,,,,,,,,,,,,,,,,,,,,,,,,,,,,,,,
,,,,20440807,,,,,,,,,,,,,,,,,,,,,,,,,,,,,,,,,
,,,,20440813,,,,,,,,,,,,,,,,,,,,,,,,,,,,,,,,,
,,,,20440814,,,,,,,,,,,,,,,,,,,,,,,,,,,,,,,,,
,,,,20440820,,,,,,,,,,,,,,,,,,,,,,,,,,,,,,,,,
,,,,20440821,,,,,,,,,,,,,,,,,,,,,,,,,,,,,,,,,
,,,,20440827,,,,,,,,,,,,,,,,,,,,,,,,,,,,,,,,,
,,,,20440828,,,,,,,,,,,,,,,,,,,,,,,,,,,,,,,,,
,,,,20440903,,,,,,,,,,,,,,,,,,,,,,,,,,,,,,,,,
,,,,20440904,,,,,,,,,,,,,,,,,,,,,,,,,,,,,,,,,
,,,,20440905,,,,,,,,,,,,,,,,,,,,,,,,,,,,,,,,,
,,,,20440910,,,,,,,,,,,,,,,,,,,,,,,,,,,,,,,,,
,,,,20440911,,,,,,,,,,,,,,,,,,,,,,,,,,,,,,,,,
,,,,20440917,,,,,,,,,,,,,,,,,,,,,,,,,,,,,,,,,
,,,,20440918,,,,,,,,,,,,,,,,,,,,,,,,,,,,,,,,,
,,,,20440924,,,,,,,,,,,,,,,,,,,,,,,,,,,,,,,,,
,,,,20440925,,,,,,,,,,,,,,,,,,,,,,,,,,,,,,,,,
,,,,20441001,,,,,,,,,,,,,,,,,,,,,,,,,,,,,,,,,
,,,,20441002,,,,,,,,,,,,,,,,,,,,,,,,,,,,,,,,,
,,,,20441008,,,,,,,,,,,,,,,,,,,,,,,,,,,,,,,,,
,,,,20441009,,,,,,,,,,,,,,,,,,,,,,,,,,,,,,,,,
,,,,20441010,,,,,,,,,,,,,,,,,,,,,,,,,,,,,,,,,
,,,,20441015,,,,,,,,,,,,,,,,,,,,,,,,,,,,,,,,,
,,,,20441016,,,,,,,,,,,,,,,,,,,,,,,,,,,,,,,,,
,,,,20441022,,,,,,,,,,,,,,,,,,,,,,,,,,,,,,,,,
,,,,20441023,,,,,,,,,,,,,,,,,,,,,,,,,,,,,,,,,
,,,,20441029,,,,,,,,,,,,,,,,,,,,,,,,,,,,,,,,,
,,,,20441030,,,,,,,,,,,,,,,,,,,,,,,,,,,,,,,,,
,,,,20441105,,,,,,,,,,,,,,,,,,,,,,,,,,,,,,,,,
,,,,20441106,,,,,,,,,,,,,,,,,,,,,,,,,,,,,,,,,
,,,,20441111,,,,,,,,,,,,,,,,,,,,,,,,,,,,,,,,,
,,,,20441112,,,,,,,,,,,,,,,,,,,,,,,,,,,,,,,,,
,,,,20441113,,,,,,,,,,,,,,,,,,,,,,,,,,,,,,,,,
,,,,20441119,,,,,,,,,,,,,,,,,,,,,,,,,,,,,,,,,
,,,,20441120,,,,,,,,,,,,,,,,,,,,,,,,,,,,,,,,,
,,,,20441124,,,,,,,,,,,,,,,,,,,,,,,,,,,,,,,,,
,,,,20441126,,,,,,,,,,,,,,,,,,,,,,,,,,,,,,,,,
,,,,20441127,,,,,,,,,,,,,,,,,,,,,,,,,,,,,,,,,
,,,,20441203,,,,,,,,,,,,,,,,,,,,,,,,,,,,,,,,,
,,,,20441204,,,,,,,,,,,,,,,,,,,,,,,,,,,,,,,,,
,,,,20441210,,,,,,,,,,,,,,,,,,,,,,,,,,,,,,,,,
,,,,20441211,,,,,,,,,,,,,,,,,,,,,,,,,,,,,,,,,
,,,,20441217,,,,,,,,,,,,,,,,,,,,,,,,,,,,,,,,,
,,,,20441218,,,,,,,,,,,,,,,,,,,,,,,,,,,,,,,,,
,,,,20441224,,,,,,,,,,,,,,,,,,,,,,,,,,,,,,,,,
,,,,20441225,,,,,,,,,,,,,,,,,,,,,,,,,,,,,,,,,
,,,,20441226,,,,,,,,,,,,,,,,,,,,,,,,,,,,,,,,,
,,,,20441231,,,,,,,,,,,,,,,,,,,,,,,,,,,,,,,,,
,,,,20450101,,,,,,,,,,,,,,,,,,,,,,,,,,,,,,,,,
,,,,20450102,,,,,,,,,,,,,,,,,,,,,,,,,,,,,,,,,
,,,,20450107,,,,,,,,,,,,,,,,,,,,,,,,,,,,,,,,,
,,,,20450108,,,,,,,,,,,,,,,,,,,,,,,,,,,,,,,,,
,,,,20450114,,,,,,,,,,,,,,,,,,,,,,,,,,,,,,,,,
,,,,20450115,,,,,,,,,,,,,,,,,,,,,,,,,,,,,,,,,
,,,,20450116,,,,,,,,,,,,,,,,,,,,,,,,,,,,,,,,,
,,,,20450121,,,,,,,,,,,,,,,,,,,,,,,,,,,,,,,,,
,,,,20450122,,,,,,,,,,,,,,,,,,,,,,,,,,,,,,,,,
,,,,20450128,,,,,,,,,,,,,,,,,,,,,,,,,,,,,,,,,
,,,,20450129,,,,,,,,,,,,,,,,,,,,,,,,,,,,,,,,,
,,,,20450204,,,,,,,,,,,,,,,,,,,,,,,,,,,,,,,,,
,,,,20450205,,,,,,,,,,,,,,,,,,,,,,,,,,,,,,,,,
,,,,20450211,,,,,,,,,,,,,,,,,,,,,,,,,,,,,,,,,
,,,,20450212,,,,,,,,,,,,,,,,,,,,,,,,,,,,,,,,,
,,,,20450218,,,,,,,,,,,,,,,,,,,,,,,,,,,,,,,,,
,,,,20450219,,,,,,,,,,,,,,,,,,,,,,,,,,,,,,,,,
,,,,20450220,,,,,,,,,,,,,,,,,,,,,,,,,,,,,,,,,
,,,,20450225,,,,,,,,,,,,,,,,,,,,,,,,,,,,,,,,,
,,,,20450226,,,,,,,,,,,,,,,,,,,,,,,,,,,,,,,,,
,,,,20450304,,,,,,,,,,,,,,,,,,,,,,,,,,,,,,,,,
,,,,20450305,,,,,,,,,,,,,,,,,,,,,,,,,,,,,,,,,
,,,,20450311,,,,,,,,,,,,,,,,,,,,,,,,,,,,,,,,,
,,,,20450312,,,,,,,,,,,,,,,,,,,,,,,,,,,,,,,,,
,,,,20450318,,,,,,,,,,,,,,,,,,,,,,,,,,,,,,,,,
,,,,20450319,,,,,,,,,,,,,,,,,,,,,,,,,,,,,,,,,
,,,,20450325,,,,,,,,,,,,,,,,,,,,,,,,,,,,,,,,,
,,,,20450326,,,,,,,,,,,,,,,,,,,,,,,,,,,,,,,,,
,,,,20450401,,,,,,,,,,,,,,,,,,,,,,,,,,,,,,,,,
,,,,20450402,,,,,,,,,,,,,,,,,,,,,,,,,,,,,,,,,
,,,,20450408,,,,,,,,,,,,,,,,,,,,,,,,,,,,,,,,,
,,,,20450409,,,,,,,,,,,,,,,,,,,,,,,,,,,,,,,,,
,,,,20450415,,,,,,,,,,,,,,,,,,,,,,,,,,,,,,,,,
,,,,20450416,,,,,,,,,,,,,,,,,,,,,,,,,,,,,,,,,
,,,,20450422,,,,,,,,,,,,,,,,,,,,,,,,,,,,,,,,,
,,,,20450423,,,,,,,,,,,,,,,,,,,,,,,,,,,,,,,,,
,,,,20450429,,,,,,,,,,,,,,,,,,,,,,,,,,,,,,,,,
,,,,20450430,,,,,,,,,,,,,,,,,,,,,,,,,,,,,,,,,
,,,,20450506,,,,,,,,,,,,,,,,,,,,,,,,,,,,,,,,,
,,,,20450507,,,,,,,,,,,,,,,,,,,,,,,,,,,,,,,,,
,,,,20450513,,,,,,,,,,,,,,,,,,,,,,,,,,,,,,,,,
,,,,20450514,,,,,,,,,,,,,,,,,,,,,,,,,,,,,,,,,
,,,,20450520,,,,,,,,,,,,,,,,,,,,,,,,,,,,,,,,,
,,,,20450521,,,,,,,,,,,,,,,,,,,,,,,,,,,,,,,,,
,,,,20450527,,,,,,,,,,,,,,,,,,,,,,,,,,,,,,,,,
,,,,20450528,,,,,,,,,,,,,,,,,,,,,,,,,,,,,,,,,
,,,,20450529,,,,,,,,,,,,,,,,,,,,,,,,,,,,,,,,,
,,,,20450603,,,,,,,,,,,,,,,,,,,,,,,,,,,,,,,,,
,,,,20450604,,,,,,,,,,,,,,,,,,,,,,,,,,,,,,,,,
,,,,20450610,,,,,,,,,,,,,,,,,,,,,,,,,,,,,,,,,
,,,,20450611,,,,,,,,,,,,,,,,,,,,,,,,,,,,,,,,,
,,,,20450617,,,,,,,,,,,,,,,,,,,,,,,,,,,,,,,,,
,,,,20450618,,,,,,,,,,,,,,,,,,,,,,,,,,,,,,,,,
,,,,20450624,,,,,,,,,,,,,,,,,,,,,,,,,,,,,,,,,
,,,,20450625,,,,,,,,,,,,,,,,,,,,,,,,,,,,,,,,,
,,,,20450701,,,,,,,,,,,,,,,,,,,,,,,,,,,,,,,,,
,,,,20450702,,,,,,,,,,,,,,,,,,,,,,,,,,,,,,,,,
,,,,20450704,,,,,,,,,,,,,,,,,,,,,,,,,,,,,,,,,
,,,,20450708,,,,,,,,,,,,,,,,,,,,,,,,,,,,,,,,,
,,,,20450709,,,,,,,,,,,,,,,,,,,,,,,,,,,,,,,,,
,,,,20450715,,,,,,,,,,,,,,,,,,,,,,,,,,,,,,,,,
,,,,20450716,,,,,,,,,,,,,,,,,,,,,,,,,,,,,,,,,
,,,,20450722,,,,,,,,,,,,,,,,,,,,,,,,,,,,,,,,,
,,,,20450723,,,,,,,,,,,,,,,,,,,,,,,,,,,,,,,,,
,,,,20450729,,,,,,,,,,,,,,,,,,,,,,,,,,,,,,,,,
,,,,20450730,,,,,,,,,,,,,,,,,,,,,,,,,,,,,,,,,
,,,,20450805,,,,,,,,,,,,,,,,,,,,,,,,,,,,,,,,,
,,,,20450806,,,,,,,,,,,,,,,,,,,,,,,,,,,,,,,,,
,,,,20450812,,,,,,,,,,,,,,,,,,,,,,,,,,,,,,,,,
,,,,20450813,,,,,,,,,,,,,,,,,,,,,,,,,,,,,,,,,
,,,,20450819,,,,,,,,,,,,,,,,,,,,,,,,,,,,,,,,,
,,,,20450820,,,,,,,,,,,,,,,,,,,,,,,,,,,,,,,,,
,,,,20450826,,,,,,,,,,,,,,,,,,,,,,,,,,,,,,,,,
,,,,20450827,,,,,,,,,,,,,,,,,,,,,,,,,,,,,,,,,
,,,,20450902,,,,,,,,,,,,,,,,,,,,,,,,,,,,,,,,,
,,,,20450903,,,,,,,,,,,,,,,,,,,,,,,,,,,,,,,,,
,,,,20450904,,,,,,,,,,,,,,,,,,,,,,,,,,,,,,,,,
,,,,20450909,,,,,,,,,,,,,,,,,,,,,,,,,,,,,,,,,
,,,,20450910,,,,,,,,,,,,,,,,,,,,,,,,,,,,,,,,,
,,,,20450916,,,,,,,,,,,,,,,,,,,,,,,,,,,,,,,,,
,,,,20450917,,,,,,,,,,,,,,,,,,,,,,,,,,,,,,,,,
,,,,20450923,,,,,,,,,,,,,,,,,,,,,,,,,,,,,,,,,
,,,,20450924,,,,,,,,,,,,,,,,,,,,,,,,,,,,,,,,,
,,,,20450930,,,,,,,,,,,,,,,,,,,,,,,,,,,,,,,,,
,,,,20451001,,,,,,,,,,,,,,,,,,,,,,,,,,,,,,,,,
,,,,20451007,,,,,,,,,,,,,,,,,,,,,,,,,,,,,,,,,
,,,,20451008,,,,,,,,,,,,,,,,,,,,,,,,,,,,,,,,,
,,,,20451009,,,,,,,,,,,,,,,,,,,,,,,,,,,,,,,,,
,,,,20451014,,,,,,,,,,,,,,,,,,,,,,,,,,,,,,,,,
,,,,20451015,,,,,,,,,,,,,,,,,,,,,,,,,,,,,,,,,
,,,,20451021,,,,,,,,,,,,,,,,,,,,,,,,,,,,,,,,,
,,,,20451022,,,,,,,,,,,,,,,,,,,,,,,,,,,,,,,,,
,,,,20451028,,,,,,,,,,,,,,,,,,,,,,,,,,,,,,,,,
,,,,20451029,,,,,,,,,,,,,,,,,,,,,,,,,,,,,,,,,
,,,,20451104,,,,,,,,,,,,,,,,,,,,,,,,,,,,,,,,,
,,,,20451105,,,,,,,,,,,,,,,,,,,,,,,,,,,,,,,,,
,,,,20451111,,,,,,,,,,,,,,,,,,,,,,,,,,,,,,,,,
,,,,20451112,,,,,,,,,,,,,,,,,,,,,,,,,,,,,,,,,
,,,,20451118,,,,,,,,,,,,,,,,,,,,,,,,,,,,,,,,,
,,,,20451119,,,,,,,,,,,,,,,,,,,,,,,,,,,,,,,,,
,,,,20451123,,,,,,,,,,,,,,,,,,,,,,,,,,,,,,,,,
,,,,20451125,,,,,,,,,,,,,,,,,,,,,,,,,,,,,,,,,
,,,,20451126,,,,,,,,,,,,,,,,,,,,,,,,,,,,,,,,,
,,,,20451202,,,,,,,,,,,,,,,,,,,,,,,,,,,,,,,,,
,,,,20451203,,,,,,,,,,,,,,,,,,,,,,,,,,,,,,,,,
,,,,20451209,,,,,,,,,,,,,,,,,,,,,,,,,,,,,,,,,
,,,,20451210,,,,,,,,,,,,,,,,,,,,,,,,,,,,,,,,,
,,,,20451216,,,,,,,,,,,,,,,,,,,,,,,,,,,,,,,,,
,,,,20451217,,,,,,,,,,,,,,,,,,,,,,,,,,,,,,,,,
,,,,20451223,,,,,,,,,,,,,,,,,,,,,,,,,,,,,,,,,
,,,,20451224,,,,,,,,,,,,,,,,,,,,,,,,,,,,,,,,,
,,,,20451225,,,,,,,,,,,,,,,,,,,,,,,,,,,,,,,,,
,,,,20451230,,,,,,,,,,,,,,,,,,,,,,,,,,,,,,,,,
,,,,20451231,,,,,,,,,,,,,,,,,,,,,,,,,,,,,,,,,
,,,,20460101,,,,,,,,,,,,,,,,,,,,,,,,,,,,,,,,,
,,,,20460106,,,,,,,,,,,,,,,,,,,,,,,,,,,,,,,,,
,,,,20460107,,,,,,,,,,,,,,,,,,,,,,,,,,,,,,,,,
,,,,20460113,,,,,,,,,,,,,,,,,,,,,,,,,,,,,,,,,
,,,,20460114,,,,,,,,,,,,,,,,,,,,,,,,,,,,,,,,,
,,,,20460115,,,,,,,,,,,,,,,,,,,,,,,,,,,,,,,,,
,,,,20460120,,,,,,,,,,,,,,,,,,,,,,,,,,,,,,,,,
,,,,20460121,,,,,,,,,,,,,,,,,,,,,,,,,,,,,,,,,
,,,,20460127,,,,,,,,,,,,,,,,,,,,,,,,,,,,,,,,,
,,,,20460128,,,,,,,,,,,,,,,,,,,,,,,,,,,,,,,,,
,,,,20460203,,,,,,,,,,,,,,,,,,,,,,,,,,,,,,,,,
,,,,20460204,,,,,,,,,,,,,,,,,,,,,,,,,,,,,,,,,
,,,,20460210,,,,,,,,,,,,,,,,,,,,,,,,,,,,,,,,,
,,,,20460211,,,,,,,,,,,,,,,,,,,,,,,,,,,,,,,,,
,,,,20460217,,,,,,,,,,,,,,,,,,,,,,,,,,,,,,,,,
,,,,20460218,,,,,,,,,,,,,,,,,,,,,,,,,,,,,,,,,
,,,,20460219,,,,,,,,,,,,,,,,,,,,,,,,,,,,,,,,,
,,,,20460224,,,,,,,,,,,,,,,,,,,,,,,,,,,,,,,,,
,,,,20460225,,,,,,,,,,,,,,,,,,,,,,,,,,,,,,,,,
,,,,20460303,,,,,,,,,,,,,,,,,,,,,,,,,,,,,,,,,
,,,,20460304,,,,,,,,,,,,,,,,,,,,,,,,,,,,,,,,,
,,,,20460310,,,,,,,,,,,,,,,,,,,,,,,,,,,,,,,,,
,,,,20460311,,,,,,,,,,,,,,,,,,,,,,,,,,,,,,,,,
,,,,20460317,,,,,,,,,,,,,,,,,,,,,,,,,,,,,,,,,
,,,,20460318,,,,,,,,,,,,,,,,,,,,,,,,,,,,,,,,,
,,,,20460323,,,,,,,,,,,,,,,,,,,,,,,,,,,,,,,,,
,,,,20460324,,,,,,,,,,,,,,,,,,,,,,,,,,,,,,,,,
,,,,20460325,,,,,,,,,,,,,,,,,,,,,,,,,,,,,,,,,
,,,,20460331,,,,,,,,,,,,,,,,,,,,,,,,,,,,,,,,,
,,,,20460401,,,,,,,,,,,,,,,,,,,,,,,,,,,,,,,,,
,,,,20460407,,,,,,,,,,,,,,,,,,,,,,,,,,,,,,,,,
,,,,20460408,,,,,,,,,,,,,,,,,,,,,,,,,,,,,,,,,
,,,,20460414,,,,,,,,,,,,,,,,,,,,,,,,,,,,,,,,,
,,,,20460415,,,,,,,,,,,,,,,,,,,,,,,,,,,,,,,,,
,,,,20460421,,,,,,,,,,,,,,,,,,,,,,,,,,,,,,,,,
,,,,20460422,,,,,,,,,,,,,,,,,,,,,,,,,,,,,,,,,
,,,,20460428,,,,,,,,,,,,,,,,,,,,,,,,,,,,,,,,,
,,,,20460429,,,,,,,,,,,,,,,,,,,,,,,,,,,,,,,,,
,,,,20460505,,,,,,,,,,,,,,,,,,,,,,,,,,,,,,,,,
,,,,20460506,,,,,,,,,,,,,,,,,,,,,,,,,,,,,,,,,
,,,,20460512,,,,,,,,,,,,,,,,,,,,,,,,,,,,,,,,,
,,,,20460513,,,,,,,,,,,,,,,,,,,,,,,,,,,,,,,,,
,,,,20460519,,,,,,,,,,,,,,,,,,,,,,,,,,,,,,,,,
,,,,20460520,,,,,,,,,,,,,,,,,,,,,,,,,,,,,,,,,
,,,,20460526,,,,,,,,,,,,,,,,,,,,,,,,,,,,,,,,,
,,,,20460527,,,,,,,,,,,,,,,,,,,,,,,,,,,,,,,,,
,,,,20460528,,,,,,,,,,,,,,,,,,,,,,,,,,,,,,,,,
,,,,20460602,,,,,,,,,,,,,,,,,,,,,,,,,,,,,,,,,
,,,,20460603,,,,,,,,,,,,,,,,,,,,,,,,,,,,,,,,,
,,,,20460609,,,,,,,,,,,,,,,,,,,,,,,,,,,,,,,,,
,,,,20460610,,,,,,,,,,,,,,,,,,,,,,,,,,,,,,,,,
,,,,20460616,,,,,,,,,,,,,,,,,,,,,,,,,,,,,,,,,
,,,,20460617,,,,,,,,,,,,,,,,,,,,,,,,,,,,,,,,,
,,,,20460623,,,,,,,,,,,,,,,,,,,,,,,,,,,,,,,,,
,,,,20460624,,,,,,,,,,,,,,,,,,,,,,,,,,,,,,,,,
,,,,20460630,,,,,,,,,,,,,,,,,,,,,,,,,,,,,,,,,
,,,,20460701,,,,,,,,,,,,,,,,,,,,,,,,,,,,,,,,,
,,,,20460704,,,,,,,,,,,,,,,,,,,,,,,,,,,,,,,,,
,,,,20460707,,,,,,,,,,,,,,,,,,,,,,,,,,,,,,,,,
,,,,20460708,,,,,,,,,,,,,,,,,,,,,,,,,,,,,,,,,
,,,,20460714,,,,,,,,,,,,,,,,,,,,,,,,,,,,,,,,,
,,,,20460715,,,,,,,,,,,,,,,,,,,,,,,,,,,,,,,,,
,,,,20460721,,,,,,,,,,,,,,,,,,,,,,,,,,,,,,,,,
,,,,20460722,,,,,,,,,,,,,,,,,,,,,,,,,,,,,,,,,
,,,,20460728,,,,,,,,,,,,,,,,,,,,,,,,,,,,,,,,,
,,,,20460729,,,,,,,,,,,,,,,,,,,,,,,,,,,,,,,,,
,,,,20460804,,,,,,,,,,,,,,,,,,,,,,,,,,,,,,,,,
,,,,20460805,,,,,,,,,,,,,,,,,,,,,,,,,,,,,,,,,
,,,,20460811,,,,,,,,,,,,,,,,,,,,,,,,,,,,,,,,,
,,,,20460812,,,,,,,,,,,,,,,,,,,,,,,,,,,,,,,,,
,,,,20460818,,,,,,,,,,,,,,,,,,,,,,,,,,,,,,,,,
,,,,20460819,,,,,,,,,,,,,,,,,,,,,,,,,,,,,,,,,
,,,,20460825,,,,,,,,,,,,,,,,,,,,,,,,,,,,,,,,,
,,,,20460826,,,,,,,,,,,,,,,,,,,,,,,,,,,,,,,,,
,,,,20460901,,,,,,,,,,,,,,,,,,,,,,,,,,,,,,,,,
,,,,20460902,,,,,,,,,,,,,,,,,,,,,,,,,,,,,,,,,
,,,,20460903,,,,,,,,,,,,,,,,,,,,,,,,,,,,,,,,,
,,,,20460908,,,,,,,,,,,,,,,,,,,,,,,,,,,,,,,,,
,,,,20460909,,,,,,,,,,,,,,,,,,,,,,,,,,,,,,,,,
,,,,20460915,,,,,,,,,,,,,,,,,,,,,,,,,,,,,,,,,
,,,,20460916,,,,,,,,,,,,,,,,,,,,,,,,,,,,,,,,,
,,,,20460922,,,,,,,,,,,,,,,,,,,,,,,,,,,,,,,,,
,,,,20460923,,,,,,,,,,,,,,,,,,,,,,,,,,,,,,,,,
,,,,20460929,,,,,,,,,,,,,,,,,,,,,,,,,,,,,,,,,
,,,,20460930,,,,,,,,,,,,,,,,,,,,,,,,,,,,,,,,,
,,,,20461006,,,,,,,,,,,,,,,,,,,,,,,,,,,,,,,,,
,,,,20461007,,,,,,,,,,,,,,,,,,,,,,,,,,,,,,,,,
,,,,20461008,,,,,,,,,,,,,,,,,,,,,,,,,,,,,,,,,
,,,,20461013,,,,,,,,,,,,,,,,,,,,,,,,,,,,,,,,,
,,,,20461014,,,,,,,,,,,,,,,,,,,,,,,,,,,,,,,,,
,,,,20461020,,,,,,,,,,,,,,,,,,,,,,,,,,,,,,,,,
,,,,20461021,,,,,,,,,,,,,,,,,,,,,,,,,,,,,,,,,
,,,,20461027,,,,,,,,,,,,,,,,,,,,,,,,,,,,,,,,,
,,,,20461028,,,,,,,,,,,,,,,,,,,,,,,,,,,,,,,,,
,,,,20461103,,,,,,,,,,,,,,,,,,,,,,,,,,,,,,,,,
,,,,20461104,,,,,,,,,,,,,,,,,,,,,,,,,,,,,,,,,
,,,,20461110,,,,,,,,,,,,,,,,,,,,,,,,,,,,,,,,,
,,,,20461111,,,,,,,,,,,,,,,,,,,,,,,,,,,,,,,,,
,,,,20461112,,,,,,,,,,,,,,,,,,,,,,,,,,,,,,,,,
,,,,20461117,,,,,,,,,,,,,,,,,,,,,,,,,,,,,,,,,
,,,,20461118,,,,,,,,,,,,,,,,,,,,,,,,,,,,,,,,,
,,,,20461122,,,,,,,,,,,,,,,,,,,,,,,,,,,,,,,,,
,,,,20461124,,,,,,,,,,,,,,,,,,,,,,,,,,,,,,,,,
,,,,20461125,,,,,,,,,,,,,,,,,,,,,,,,,,,,,,,,,
,,,,20461201,,,,,,,,,,,,,,,,,,,,,,,,,,,,,,,,,
,,,,20461202,,,,,,,,,,,,,,,,,,,,,,,,,,,,,,,,,
,,,,20461208,,,,,,,,,,,,,,,,,,,,,,,,,,,,,,,,,
,,,,20461209,,,,,,,,,,,,,,,,,,,,,,,,,,,,,,,,,
,,,,20461215,,,,,,,,,,,,,,,,,,,,,,,,,,,,,,,,,
,,,,20461216,,,,,,,,,,,,,,,,,,,,,,,,,,,,,,,,,
,,,,20461222,,,,,,,,,,,,,,,,,,,,,,,,,,,,,,,,,
,,,,20461223,,,,,,,,,,,,,,,,,,,,,,,,,,,,,,,,,
,,,,20461225,,,,,,,,,,,,,,,,,,,,,,,,,,,,,,,,,
,,,,20461229,,,,,,,,,,,,,,,,,,,,,,,,,,,,,,,,,
,,,,20461230,,,,,,,,,,,,,,,,,,,,,,,,,,,,,,,,,
,,,,20470101,,,,,,,,,,,,,,,,,,,,,,,,,,,,,,,,,
,,,,20470105,,,,,,,,,,,,,,,,,,,,,,,,,,,,,,,,,
,,,,20470106,,,,,,,,,,,,,,,,,,,,,,,,,,,,,,,,,
,,,,20470112,,,,,,,,,,,,,,,,,,,,,,,,,,,,,,,,,
,,,,20470113,,,,,,,,,,,,,,,,,,,,,,,,,,,,,,,,,
,,,,20470119,,,,,,,,,,,,,,,,,,,,,,,,,,,,,,,,,
,,,,20470120,,,,,,,,,,,,,,,,,,,,,,,,,,,,,,,,,
,,,,20470121,,,,,,,,,,,,,,,,,,,,,,,,,,,,,,,,,
,,,,20470126,,,,,,,,,,,,,,,,,,,,,,,,,,,,,,,,,
,,,,20470127,,,,,,,,,,,,,,,,,,,,,,,,,,,,,,,,,
,,,,20470202,,,,,,,,,,,,,,,,,,,,,,,,,,,,,,,,,
,,,,20470203,,,,,,,,,,,,,,,,,,,,,,,,,,,,,,,,,
,,,,20470209,,,,,,,,,,,,,,,,,,,,,,,,,,,,,,,,,
,,,,20470210,,,,,,,,,,,,,,,,,,,,,,,,,,,,,,,,,
,,,,20470216,,,,,,,,,,,,,,,,,,,,,,,,,,,,,,,,,
,,,,20470217,,,,,,,,,,,,,,,,,,,,,,,,,,,,,,,,,
,,,,20470218,,,,,,,,,,,,,,,,,,,,,,,,,,,,,,,,,
,,,,20470223,,,,,,,,,,,,,,,,,,,,,,,,,,,,,,,,,
,,,,20470224,,,,,,,,,,,,,,,,,,,,,,,,,,,,,,,,,
,,,,20470302,,,,,,,,,,,,,,,,,,,,,,,,,,,,,,,,,
,,,,20470303,,,,,,,,,,,,,,,,,,,,,,,,,,,,,,,,,
,,,,20470309,,,,,,,,,,,,,,,,,,,,,,,,,,,,,,,,,
,,,,20470310,,,,,,,,,,,,,,,,,,,,,,,,,,,,,,,,,
,,,,20470316,,,,,,,,,,,,,,,,,,,,,,,,,,,,,,,,,
,,,,20470317,,,,,,,,,,,,,,,,,,,,,,,,,,,,,,,,,
,,,,20470323,,,,,,,,,,,,,,,,,,,,,,,,,,,,,,,,,
,,,,20470324,,,,,,,,,,,,,,,,,,,,,,,,,,,,,,,,,
,,,,20470330,,,,,,,,,,,,,,,,,,,,,,,,,,,,,,,,,
,,,,20470331,,,,,,,,,,,,,,,,,,,,,,,,,,,,,,,,,
,,,,20470406,,,,,,,,,,,,,,,,,,,,,,,,,,,,,,,,,
,,,,20470407,,,,,,,,,,,,,,,,,,,,,,,,,,,,,,,,,
,,,,20470412,,,,,,,,,,,,,,,,,,,,,,,,,,,,,,,,,
,,,,20470413,,,,,,,,,,,,,,,,,,,,,,,,,,,,,,,,,
,,,,20470414,,,,,,,,,,,,,,,,,,,,,,,,,,,,,,,,,
,,,,20470420,,,,,,,,,,,,,,,,,,,,,,,,,,,,,,,,,
,,,,20470421,,,,,,,,,,,,,,,,,,,,,,,,,,,,,,,,,
,,,,20470427,,,,,,,,,,,,,,,,,,,,,,,,,,,,,,,,,
,,,,20470428,,,,,,,,,,,,,,,,,,,,,,,,,,,,,,,,,
,,,,20470504,,,,,,,,,,,,,,,,,,,,,,,,,,,,,,,,,
,,,,20470505,,,,,,,,,,,,,,,,,,,,,,,,,,,,,,,,,
,,,,20470511,,,,,,,,,,,,,,,,,,,,,,,,,,,,,,,,,
,,,,20470512,,,,,,,,,,,,,,,,,,,,,,,,,,,,,,,,,
,,,,20470518,,,,,,,,,,,,,,,,,,,,,,,,,,,,,,,,,
,,,,20470519,,,,,,,,,,,,,,,,,,,,,,,,,,,,,,,,,
,,,,20470525,,,,,,,,,,,,,,,,,,,,,,,,,,,,,,,,,
,,,,20470526,,,,,,,,,,,,,,,,,,,,,,,,,,,,,,,,,
,,,,20470527,,,,,,,,,,,,,,,,,,,,,,,,,,,,,,,,,
,,,,20470601,,,,,,,,,,,,,,,,,,,,,,,,,,,,,,,,,
,,,,20470602,,,,,,,,,,,,,,,,,,,,,,,,,,,,,,,,,
,,,,20470608,,,,,,,,,,,,,,,,,,,,,,,,,,,,,,,,,
,,,,20470609,,,,,,,,,,,,,,,,,,,,,,,,,,,,,,,,,
,,,,20470615,,,,,,,,,,,,,,,,,,,,,,,,,,,,,,,,,
,,,,20470616,,,,,,,,,,,,,,,,,,,,,,,,,,,,,,,,,
,,,,20470622,,,,,,,,,,,,,,,,,,,,,,,,,,,,,,,,,
,,,,20470623,,,,,,,,,,,,,,,,,,,,,,,,,,,,,,,,,
,,,,20470629,,,,,,,,,,,,,,,,,,,,,,,,,,,,,,,,,
,,,,20470630,,,,,,,,,,,,,,,,,,,,,,,,,,,,,,,,,
,,,,20470704,,,,,,,,,,,,,,,,,,,,,,,,,,,,,,,,,
,,,,20470706,,,,,,,,,,,,,,,,,,,,,,,,,,,,,,,,,
,,,,20470707,,,,,,,,,,,,,,,,,,,,,,,,,,,,,,,,,
,,,,20470713,,,,,,,,,,,,,,,,,,,,,,,,,,,,,,,,,
,,,,20470714,,,,,,,,,,,,,,,,,,,,,,,,,,,,,,,,,
,,,,20470720,,,,,,,,,,,,,,,,,,,,,,,,,,,,,,,,,
,,,,20470721,,,,,,,,,,,,,,,,,,,,,,,,,,,,,,,,,
,,,,20470727,,,,,,,,,,,,,,,,,,,,,,,,,,,,,,,,,
,,,,20470728,,,,,,,,,,,,,,,,,,,,,,,,,,,,,,,,,
,,,,20470803,,,,,,,,,,,,,,,,,,,,,,,,,,,,,,,,,
,,,,20470804,,,,,,,,,,,,,,,,,,,,,,,,,,,,,,,,,
,,,,20470810,,,,,,,,,,,,,,,,,,,,,,,,,,,,,,,,,
,,,,20470811,,,,,,,,,,,,,,,,,,,,,,,,,,,,,,,,,
,,,,20470817,,,,,,,,,,,,,,,,,,,,,,,,,,,,,,,,,
,,,,20470818,,,,,,,,,,,,,,,,,,,,,,,,,,,,,,,,,
,,,,20470824,,,,,,,,,,,,,,,,,,,,,,,,,,,,,,,,,
,,,,20470825,,,,,,,,,,,,,,,,,,,,,,,,,,,,,,,,,
,,,,20470831,,,,,,,,,,,,,,,,,,,,,,,,,,,,,,,,,
,,,,20470901,,,,,,,,,,,,,,,,,,,,,,,,,,,,,,,,,
,,,,20470902,,,,,,,,,,,,,,,,,,,,,,,,,,,,,,,,,
,,,,20470907,,,,,,,,,,,,,,,,,,,,,,,,,,,,,,,,,
,,,,20470908,,,,,,,,,,,,,,,,,,,,,,,,,,,,,,,,,
,,,,20470914,,,,,,,,,,,,,,,,,,,,,,,,,,,,,,,,,
,,,,20470915,,,,,,,,,,,,,,,,,,,,,,,,,,,,,,,,,
,,,,20470921,,,,,,,,,,,,,,,,,,,,,,,,,,,,,,,,,
,,,,20470922,,,,,,,,,,,,,,,,,,,,,,,,,,,,,,,,,
,,,,20470928,,,,,,,,,,,,,,,,,,,,,,,,,,,,,,,,,
,,,,20470929,,,,,,,,,,,,,,,,,,,,,,,,,,,,,,,,,
,,,,20471005,,,,,,,,,,,,,,,,,,,,,,,,,,,,,,,,,
,,,,20471006,,,,,,,,,,,,,,,,,,,,,,,,,,,,,,,,,
,,,,20471012,,,,,,,,,,,,,,,,,,,,,,,,,,,,,,,,,
,,,,20471013,,,,,,,,,,,,,,,,,,,,,,,,,,,,,,,,,
,,,,20471014,,,,,,,,,,,,,,,,,,,,,,,,,,,,,,,,,
,,,,20471019,,,,,,,,,,,,,,,,,,,,,,,,,,,,,,,,,
,,,,20471020,,,,,,,,,,,,,,,,,,,,,,,,,,,,,,,,,
,,,,20471026,,,,,,,,,,,,,,,,,,,,,,,,,,,,,,,,,
,,,,20471027,,,,,,,,,,,,,,,,,,,,,,,,,,,,,,,,,
,,,,20471102,,,,,,,,,,,,,,,,,,,,,,,,,,,,,,,,,
,,,,20471103,,,,,,,,,,,,,,,,,,,,,,,,,,,,,,,,,
,,,,20471109,,,,,,,,,,,,,,,,,,,,,,,,,,,,,,,,,
,,,,20471110,,,,,,,,,,,,,,,,,,,,,,,,,,,,,,,,,
,,,,20471111,,,,,,,,,,,,,,,,,,,,,,,,,,,,,,,,,
,,,,20471116,,,,,,,,,,,,,,,,,,,,,,,,,,,,,,,,,
,,,,20471117,,,,,,,,,,,,,,,,,,,,,,,,,,,,,,,,,
,,,,20471123,,,,,,,,,,,,,,,,,,,,,,,,,,,,,,,,,
,,,,20471124,,,,,,,,,,,,,,,,,,,,,,,,,,,,,,,,,
,,,,20471128,,,,,,,,,,,,,,,,,,,,,,,,,,,,,,,,,
,,,,20471130,,,,,,,,,,,,,,,,,,,,,,,,,,,,,,,,,
,,,,20471201,,,,,,,,,,,,,,,,,,,,,,,,,,,,,,,,,
,,,,20471207,,,,,,,,,,,,,,,,,,,,,,,,,,,,,,,,,
,,,,20471208,,,,,,,,,,,,,,,,,,,,,,,,,,,,,,,,,
,,,,20471214,,,,,,,,,,,,,,,,,,,,,,,,,,,,,,,,,
,,,,20471215,,,,,,,,,,,,,,,,,,,,,,,,,,,,,,,,,
,,,,20471221,,,,,,,,,,,,,,,,,,,,,,,,,,,,,,,,,
,,,,20471222,,,,,,,,,,,,,,,,,,,,,,,,,,,,,,,,,
,,,,20471225,,,,,,,,,,,,,,,,,,,,,,,,,,,,,,,,,
,,,,20471228,,,,,,,,,,,,,,,,,,,,,,,,,,,,,,,,,
,,,,20471229,,,,,,,,,,,,,,,,,,,,,,,,,,,,,,,,,
,,,,20480101,,,,,,,,,,,,,,,,,,,,,,,,,,,,,,,,,
,,,,20480104,,,,,,,,,,,,,,,,,,,,,,,,,,,,,,,,,
,,,,20480105,,,,,,,,,,,,,,,,,,,,,,,,,,,,,,,,,
,,,,20480111,,,,,,,,,,,,,,,,,,,,,,,,,,,,,,,,,
,,,,20480112,,,,,,,,,,,,,,,,,,,,,,,,,,,,,,,,,
,,,,20480118,,,,,,,,,,,,,,,,,,,,,,,,,,,,,,,,,
,,,,20480119,,,,,,,,,,,,,,,,,,,,,,,,,,,,,,,,,
,,,,20480120,,,,,,,,,,,,,,,,,,,,,,,,,,,,,,,,,
,,,,20480125,,,,,,,,,,,,,,,,,,,,,,,,,,,,,,,,,
,,,,20480126,,,,,,,,,,,,,,,,,,,,,,,,,,,,,,,,,
,,,,20480201,,,,,,,,,,,,,,,,,,,,,,,,,,,,,,,,,
,,,,20480202,,,,,,,,,,,,,,,,,,,,,,,,,,,,,,,,,
,,,,20480208,,,,,,,,,,,,,,,,,,,,,,,,,,,,,,,,,
,,,,20480209,,,,,,,,,,,,,,,,,,,,,,,,,,,,,,,,,
,,,,20480215,,,,,,,,,,,,,,,,,,,,,,,,,,,,,,,,,
,,,,20480216,,,,,,,,,,,,,,,,,,,,,,,,,,,,,,,,,
,,,,20480217,,,,,,,,,,,,,,,,,,,,,,,,,,,,,,,,,
,,,,20480222,,,,,,,,,,,,,,,,,,,,,,,,,,,,,,,,,
,,,,20480223,,,,,,,,,,,,,,,,,,,,,,,,,,,,,,,,,
,,,,20480229,,,,,,,,,,,,,,,,,,,,,,,,,,,,,,,,,
,,,,20480301,,,,,,,,,,,,,,,,,,,,,,,,,,,,,,,,,
,,,,20480307,,,,,,,,,,,,,,,,,,,,,,,,,,,,,,,,,
,,,,20480308,,,,,,,,,,,,,,,,,,,,,,,,,,,,,,,,,
,,,,20480314,,,,,,,,,,,,,,,,,,,,,,,,,,,,,,,,,
,,,,20480315,,,,,,,,,,,,,,,,,,,,,,,,,,,,,,,,,
,,,,20480321,,,,,,,,,,,,,,,,,,,,,,,,,,,,,,,,,
,,,,20480322,,,,,,,,,,,,,,,,,,,,,,,,,,,,,,,,,
,,,,20480328,,,,,,,,,,,,,,,,,,,,,,,,,,,,,,,,,
,,,,20480329,,,,,,,,,,,,,,,,,,,,,,,,,,,,,,,,,
,,,,20480404,,,,,,,,,,,,,,,,,,,,,,,,,,,,,,,,,
,,,,20480405,,,,,,,,,,,,,,,,,,,,,,,,,,,,,,,,,
,,,,20480411,,,,,,,,,,,,,,,,,,,,,,,,,,,,,,,,,
,,,,20480412,,,,,,,,,,,,,,,,,,,,,,,,,,,,,,,,,
,,,,20480418,,,,,,,,,,,,,,,,,,,,,,,,,,,,,,,,,
,,,,20480419,,,,,,,,,,,,,,,,,,,,,,,,,,,,,,,,,
,,,,20480425,,,,,,,,,,,,,,,,,,,,,,,,,,,,,,,,,
,,,,20480426,,,,,,,,,,,,,,,,,,,,,,,,,,,,,,,,,
,,,,20480502,,,,,,,,,,,,,,,,,,,,,,,,,,,,,,,,,
,,,,20480503,,,,,,,,,,,,,,,,,,,,,,,,,,,,,,,,,
,,,,20480509,,,,,,,,,,,,,,,,,,,,,,,,,,,,,,,,,
,,,,20480510,,,,,,,,,,,,,,,,,,,,,,,,,,,,,,,,,
,,,,20480516,,,,,,,,,,,,,,,,,,,,,,,,,,,,,,,,,
,,,,20480517,,,,,,,,,,,,,,,,,,,,,,,,,,,,,,,,,
,,,,20480523,,,,,,,,,,,,,,,,,,,,,,,,,,,,,,,,,
,,,,20480524,,,,,,,,,,,,,,,,,,,,,,,,,,,,,,,,,
,,,,20480525,,,,,,,,,,,,,,,,,,,,,,,,,,,,,,,,,
,,,,20480530,,,,,,,,,,,,,,,,,,,,,,,,,,,,,,,,,
,,,,20480531,,,,,,,,,,,,,,,,,,,,,,,,,,,,,,,,,
,,,,20480606,,,,,,,,,,,,,,,,,,,,,,,,,,,,,,,,,
,,,,20480607,,,,,,,,,,,,,,,,,,,,,,,,,,,,,,,,,
,,,,20480613,,,,,,,,,,,,,,,,,,,,,,,,,,,,,,,,,
,,,,20480614,,,,,,,,,,,,,,,,,,,,,,,,,,,,,,,,,
,,,,20480620,,,,,,,,,,,,,,,,,,,,,,,,,,,,,,,,,
,,,,20480621,,,,,,,,,,,,,,,,,,,,,,,,,,,,,,,,,
,,,,20480627,,,,,,,,,,,,,,,,,,,,,,,,,,,,,,,,,
,,,,20480628,,,,,,,,,,,,,,,,,,,,,,,,,,,,,,,,,
,,,,20480703,,,,,,,,,,,,,,,,,,,,,,,,,,,,,,,,,
,,,,20480704,,,,,,,,,,,,,,,,,,,,,,,,,,,,,,,,,
,,,,20480705,,,,,,,,,,,,,,,,,,,,,,,,,,,,,,,,,
,,,,20480711,,,,,,,,,,,,,,,,,,,,,,,,,,,,,,,,,
,,,,20480712,,,,,,,,,,,,,,,,,,,,,,,,,,,,,,,,,
,,,,20480718,,,,,,,,,,,,,,,,,,,,,,,,,,,,,,,,,
,,,,20480719,,,,,,,,,,,,,,,,,,,,,,,,,,,,,,,,,
,,,,20480725,,,,,,,,,,,,,,,,,,,,,,,,,,,,,,,,,
,,,,20480726,,,,,,,,,,,,,,,,,,,,,,,,,,,,,,,,,
,,,,20480801,,,,,,,,,,,,,,,,,,,,,,,,,,,,,,,,,
,,,,20480802,,,,,,,,,,,,,,,,,,,,,,,,,,,,,,,,,
,,,,20480808,,,,,,,,,,,,,,,,,,,,,,,,,,,,,,,,,
,,,,20480809,,,,,,,,,,,,,,,,,,,,,,,,,,,,,,,,,
,,,,20480815,,,,,,,,,,,,,,,,,,,,,,,,,,,,,,,,,
,,,,20480816,,,,,,,,,,,,,,,,,,,,,,,,,,,,,,,,,
,,,,20480822,,,,,,,,,,,,,,,,,,,,,,,,,,,,,,,,,
,,,,20480823,,,,,,,,,,,,,,,,,,,,,,,,,,,,,,,,,
,,,,20480829,,,,,,,,,,,,,,,,,,,,,,,,,,,,,,,,,
,,,,20480830,,,,,,,,,,,,,,,,,,,,,,,,,,,,,,,,,
,,,,20480905,,,,,,,,,,,,,,,,,,,,,,,,,,,,,,,,,
,,,,20480906,,,,,,,,,,,,,,,,,,,,,,,,,,,,,,,,,
,,,,20480907,,,,,,,,,,,,,,,,,,,,,,,,,,,,,,,,,
,,,,20480912,,,,,,,,,,,,,,,,,,,,,,,,,,,,,,,,,
,,,,20480913,,,,,,,,,,,,,,,,,,,,,,,,,,,,,,,,,
,,,,20480919,,,,,,,,,,,,,,,,,,,,,,,,,,,,,,,,,
,,,,20480920,,,,,,,,,,,,,,,,,,,,,,,,,,,,,,,,,
,,,,20480926,,,,,,,,,,,,,,,,,,,,,,,,,,,,,,,,,
,,,,20480927,,,,,,,,,,,,,,,,,,,,,,,,,,,,,,,,,
,,,,20481003,,,,,,,,,,,,,,,,,,,,,,,,,,,,,,,,,
,,,,20481004,,,,,,,,,,,,,,,,,,,,,,,,,,,,,,,,,
,,,,20481010,,,,,,,,,,,,,,,,,,,,,,,,,,,,,,,,,
,,,,20481011,,,,,,,,,,,,,,,,,,,,,,,,,,,,,,,,,
,,,,20481012,,,,,,,,,,,,,,,,,,,,,,,,,,,,,,,,,
,,,,20481017,,,,,,,,,,,,,,,,,,,,,,,,,,,,,,,,,
,,,,20481018,,,,,,,,,,,,,,,,,,,,,,,,,,,,,,,,,
,,,,20481024,,,,,,,,,,,,,,,,,,,,,,,,,,,,,,,,,
,,,,20481025,,,,,,,,,,,,,,,,,,,,,,,,,,,,,,,,,
,,,,20481031,,,,,,,,,,,,,,,,,,,,,,,,,,,,,,,,,
,,,,20481101,,,,,,,,,,,,,,,,,,,,,,,,,,,,,,,,,
,,,,20481107,,,,,,,,,,,,,,,,,,,,,,,,,,,,,,,,,
,,,,20481108,,,,,,,,,,,,,,,,,,,,,,,,,,,,,,,,,
,,,,20481111,,,,,,,,,,,,,,,,,,,,,,,,,,,,,,,,,
,,,,20481114,,,,,,,,,,,,,,,,,,,,,,,,,,,,,,,,,
,,,,20481115,,,,,,,,,,,,,,,,,,,,,,,,,,,,,,,,,
,,,,20481121,,,,,,,,,,,,,,,,,,,,,,,,,,,,,,,,,
,,,,20481122,,,,,,,,,,,,,,,,,,,,,,,,,,,,,,,,,
,,,,20481126,,,,,,,,,,,,,,,,,,,,,,,,,,,,,,,,,
,,,,20481128,,,,,,,,,,,,,,,,,,,,,,,,,,,,,,,,,
,,,,20481129,,,,,,,,,,,,,,,,,,,,,,,,,,,,,,,,,
,,,,20481205,,,,,,,,,,,,,,,,,,,,,,,,,,,,,,,,,
,,,,20481206,,,,,,,,,,,,,,,,,,,,,,,,,,,,,,,,,
,,,,20481212,,,,,,,,,,,,,,,,,,,,,,,,,,,,,,,,,
,,,,20481213,,,,,,,,,,,,,,,,,,,,,,,,,,,,,,,,,
,,,,20481219,,,,,,,,,,,,,,,,,,,,,,,,,,,,,,,,,
,,,,20481220,,,,,,,,,,,,,,,,,,,,,,,,,,,,,,,,,
,,,,20481225,,,,,,,,,,,,,,,,,,,,,,,,,,,,,,,,,
,,,,20481226,,,,,,,,,,,,,,,,,,,,,,,,,,,,,,,,,
,,,,20481227,,,,,,,,,,,,,,,,,,,,,,,,,,,,,,,,,
,,,,20490101,,,,,,,,,,,,,,,,,,,,,,,,,,,,,,,,,
,,,,20490102,,,,,,,,,,,,,,,,,,,,,,,,,,,,,,,,,
,,,,20490103,,,,,,,,,,,,,,,,,,,,,,,,,,,,,,,,,
,,,,20490109,,,,,,,,,,,,,,,,,,,,,,,,,,,,,,,,,
,,,,20490110,,,,,,,,,,,,,,,,,,,,,,,,,,,,,,,,,
,,,,20490116,,,,,,,,,,,,,,,,,,,,,,,,,,,,,,,,,
,,,,20490117,,,,,,,,,,,,,,,,,,,,,,,,,,,,,,,,,
,,,,20490118,,,,,,,,,,,,,,,,,,,,,,,,,,,,,,,,,
,,,,20490123,,,,,,,,,,,,,,,,,,,,,,,,,,,,,,,,,
,,,,20490124,,,,,,,,,,,,,,,,,,,,,,,,,,,,,,,,,
,,,,20490130,,,,,,,,,,,,,,,,,,,,,,,,,,,,,,,,,
,,,,20490131,,,,,,,,,,,,,,,,,,,,,,,,,,,,,,,,,
,,,,20490206,,,,,,,,,,,,,,,,,,,,,,,,,,,,,,,,,
,,,,20490207,,,,,,,,,,,,,,,,,,,,,,,,,,,,,,,,,
,,,,20490213,,,,,,,,,,,,,,,,,,,,,,,,,,,,,,,,,
,,,,20490214,,,,,,,,,,,,,,,,,,,,,,,,,,,,,,,,,
,,,,20490215,,,,,,,,,,,,,,,,,,,,,,,,,,,,,,,,,
,,,,20490220,,,,,,,,,,,,,,,,,,,,,,,,,,,,,,,,,
,,,,20490221,,,,,,,,,,,,,,,,,,,,,,,,,,,,,,,,,
,,,,20490227,,,,,,,,,,,,,,,,,,,,,,,,,,,,,,,,,
,,,,20490228,,,,,,,,,,,,,,,,,,,,,,,,,,,,,,,,,
,,,,20490306,,,,,,,,,,,,,,,,,,,,,,,,,,,,,,,,,
,,,,20490307,,,,,,,,,,,,,,,,,,,,,,,,,,,,,,,,,
,,,,20490313,,,,,,,,,,,,,,,,,,,,,,,,,,,,,,,,,
,,,,20490314,,,,,,,,,,,,,,,,,,,,,,,,,,,,,,,,,
,,,,20490320,,,,,,,,,,,,,,,,,,,,,,,,,,,,,,,,,
,,,,20490321,,,,,,,,,,,,,,,,,,,,,,,,,,,,,,,,,
,,,,20490327,,,,,,,,,,,,,,,,,,,,,,,,,,,,,,,,,
,,,,20490328,,,,,,,,,,,,,,,,,,,,,,,,,,,,,,,,,
,,,,20490403,,,,,,,,,,,,,,,,,,,,,,,,,,,,,,,,,
,,,,20490404,,,,,,,,,,,,,,,,,,,,,,,,,,,,,,,,,
,,,,20490410,,,,,,,,,,,,,,,,,,,,,,,,,,,,,,,,,
,,,,20490411,,,,,,,,,,,,,,,,,,,,,,,,,,,,,,,,,
,,,,20490416,,,,,,,,,,,,,,,,,,,,,,,,,,,,,,,,,
,,,,20490417,,,,,,,,,,,,,,,,,,,,,,,,,,,,,,,,,
,,,,20490418,,,,,,,,,,,,,,,,,,,,,,,,,,,,,,,,,
,,,,20490424,,,,,,,,,,,,,,,,,,,,,,,,,,,,,,,,,
,,,,20490425,,,,,,,,,,,,,,,,,,,,,,,,,,,,,,,,,
,,,,20490501,,,,,,,,,,,,,,,,,,,,,,,,,,,,,,,,,
,,,,20490502,,,,,,,,,,,,,,,,,,,,,,,,,,,,,,,,,
,,,,20490508,,,,,,,,,,,,,,,,,,,,,,,,,,,,,,,,,
,,,,20490509,,,,,,,,,,,,,,,,,,,,,,,,,,,,,,,,,
,,,,20490515,,,,,,,,,,,,,,,,,,,,,,,,,,,,,,,,,
,,,,20490516,,,,,,,,,,,,,,,,,,,,,,,,,,,,,,,,,
,,,,20490522,,,,,,,,,,,,,,,,,,,,,,,,,,,,,,,,,
,,,,20490523,,,,,,,,,,,,,,,,,,,,,,,,,,,,,,,,,
,,,,20490529,,,,,,,,,,,,,,,,,,,,,,,,,,,,,,,,,
,,,,20490530,,,,,,,,,,,,,,,,,,,,,,,,,,,,,,,,,
,,,,20490531,,,,,,,,,,,,,,,,,,,,,,,,,,,,,,,,,
,,,,20490605,,,,,,,,,,,,,,,,,,,,,,,,,,,,,,,,,
,,,,20490606,,,,,,,,,,,,,,,,,,,,,,,,,,,,,,,,,
,,,,20490612,,,,,,,,,,,,,,,,,,,,,,,,,,,,,,,,,
,,,,20490613,,,,,,,,,,,,,,,,,,,,,,,,,,,,,,,,,
,,,,20490619,,,,,,,,,,,,,,,,,,,,,,,,,,,,,,,,,
,,,,20490620,,,,,,,,,,,,,,,,,,,,,,,,,,,,,,,,,
,,,,20490626,,,,,,,,,,,,,,,,,,,,,,,,,,,,,,,,,
,,,,20490627,,,,,,,,,,,,,,,,,,,,,,,,,,,,,,,,,
,,,,20490703,,,,,,,,,,,,,,,,,,,,,,,,,,,,,,,,,
,,,,20490704,,,,,,,,,,,,,,,,,,,,,,,,,,,,,,,,,
,,,,20490705,,,,,,,,,,,,,,,,,,,,,,,,,,,,,,,,,
,,,,20490710,,,,,,,,,,,,,,,,,,,,,,,,,,,,,,,,,
,,,,20490711,,,,,,,,,,,,,,,,,,,,,,,,,,,,,,,,,
,,,,20490717,,,,,,,,,,,,,,,,,,,,,,,,,,,,,,,,,
,,,,20490718,,,,,,,,,,,,,,,,,,,,,,,,,,,,,,,,,
,,,,20490724,,,,,,,,,,,,,,,,,,,,,,,,,,,,,,,,,
,,,,20490725,,,,,,,,,,,,,,,,,,,,,,,,,,,,,,,,,
,,,,20490731,,,,,,,,,,,,,,,,,,,,,,,,,,,,,,,,,
,,,,20490801,,,,,,,,,,,,,,,,,,,,,,,,,,,,,,,,,
,,,,20490807,,,,,,,,,,,,,,,,,,,,,,,,,,,,,,,,,
,,,,20490808,,,,,,,,,,,,,,,,,,,,,,,,,,,,,,,,,
,,,,20490814,,,,,,,,,,,,,,,,,,,,,,,,,,,,,,,,,
,,,,20490815,,,,,,,,,,,,,,,,,,,,,,,,,,,,,,,,,
,,,,20490821,,,,,,,,,,,,,,,,,,,,,,,,,,,,,,,,,
,,,,20490822,,,,,,,,,,,,,,,,,,,,,,,,,,,,,,,,,
,,,,20490828,,,,,,,,,,,,,,,,,,,,,,,,,,,,,,,,,
,,,,20490829,,,,,,,,,,,,,,,,,,,,,,,,,,,,,,,,,
,,,,20490904,,,,,,,,,,,,,,,,,,,,,,,,,,,,,,,,,
,,,,20490905,,,,,,,,,,,,,,,,,,,,,,,,,,,,,,,,,
,,,,20490906,,,,,,,,,,,,,,,,,,,,,,,,,,,,,,,,,
,,,,20490911,,,,,,,,,,,,,,,,,,,,,,,,,,,,,,,,,
,,,,20490912,,,,,,,,,,,,,,,,,,,,,,,,,,,,,,,,,
,,,,20490918,,,,,,,,,,,,,,,,,,,,,,,,,,,,,,,,,
,,,,20490919,,,,,,,,,,,,,,,,,,,,,,,,,,,,,,,,,
,,,,20490925,,,,,,,,,,,,,,,,,,,,,,,,,,,,,,,,,
,,,,20490926,,,,,,,,,,,,,,,,,,,,,,,,,,,,,,,,,
,,,,20491002,,,,,,,,,,,,,,,,,,,,,,,,,,,,,,,,,
,,,,20491003,,,,,,,,,,,,,,,,,,,,,,,,,,,,,,,,,
,,,,20491009,,,,,,,,,,,,,,,,,,,,,,,,,,,,,,,,,
,,,,20491010,,,,,,,,,,,,,,,,,,,,,,,,,,,,,,,,,
,,,,20491011,,,,,,,,,,,,,,,,,,,,,,,,,,,,,,,,,
,,,,20491016,,,,,,,,,,,,,,,,,,,,,,,,,,,,,,,,,
,,,,20491017,,,,,,,,,,,,,,,,,,,,,,,,,,,,,,,,,
,,,,20491023,,,,,,,,,,,,,,,,,,,,,,,,,,,,,,,,,
,,,,20491024,,,,,,,,,,,,,,,,,,,,,,,,,,,,,,,,,
,,,,20491030,,,,,,,,,,,,,,,,,,,,,,,,,,,,,,,,,
,,,,20491031,,,,,,,,,,,,,,,,,,,,,,,,,,,,,,,,,
,,,,20491106,,,,,,,,,,,,,,,,,,,,,,,,,,,,,,,,,
,,,,20491107,,,,,,,,,,,,,,,,,,,,,,,,,,,,,,,,,
,,,,20491111,,,,,,,,,,,,,,,,,,,,,,,,,,,,,,,,,
,,,,20491113,,,,,,,,,,,,,,,,,,,,,,,,,,,,,,,,,
,,,,20491114,,,,,,,,,,,,,,,,,,,,,,,,,,,,,,,,,
,,,,20491120,,,,,,,,,,,,,,,,,,,,,,,,,,,,,,,,,
,,,,20491121,,,,,,,,,,,,,,,,,,,,,,,,,,,,,,,,,
,,,,20491125,,,,,,,,,,,,,,,,,,,,,,,,,,,,,,,,,
,,,,20491127,,,,,,,,,,,,,,,,,,,,,,,,,,,,,,,,,
,,,,20491128,,,,,,,,,,,,,,,,,,,,,,,,,,,,,,,,,
,,,,20491204,,,,,,,,,,,,,,,,,,,,,,,,,,,,,,,,,
,,,,20491205,,,,,,,,,,,,,,,,,,,,,,,,,,,,,,,,,
,,,,20491211,,,,,,,,,,,,,,,,,,,,,,,,,,,,,,,,,
,,,,20491212,,,,,,,,,,,,,,,,,,,,,,,,,,,,,,,,,
,,,,20491218,,,,,,,,,,,,,,,,,,,,,,,,,,,,,,,,,
,,,,20491219,,,,,,,,,,,,,,,,,,,,,,,,,,,,,,,,,
,,,,20491224,,,,,,,,,,,,,,,,,,,,,,,,,,,,,,,,,
,,,,20491225,,,,,,,,,,,,,,,,,,,,,,,,,,,,,,,,,
,,,,20491226,,,,,,,,,,,,,,,,,,,,,,,,,,,,,,,,,
,,,,20500101,,,,,,,,,,,,,,,,,,,,,,,,,,,,,,,,,
,,,,20500102,,,,,,,,,,,,,,,,,,,,,,,,,,,,,,,,,
,,,,20500108,,,,,,,,,,,,,,,,,,,,,,,,,,,,,,,,,
,,,,20500109,,,,,,,,,,,,,,,,,,,,,,,,,,,,,,,,,
,,,,20500115,,,,,,,,,,,,,,,,,,,,,,,,,,,,,,,,,
,,,,20500116,,,,,,,,,,,,,,,,,,,,,,,,,,,,,,,,,
,,,,20500117,,,,,,,,,,,,,,,,,,,,,,,,,,,,,,,,,
,,,,20500122,,,,,,,,,,,,,,,,,,,,,,,,,,,,,,,,,
,,,,20500123,,,,,,,,,,,,,,,,,,,,,,,,,,,,,,,,,
,,,,20500129,,,,,,,,,,,,,,,,,,,,,,,,,,,,,,,,,
,,,,20500130,,,,,,,,,,,,,,,,,,,,,,,,,,,,,,,,,
,,,,20500205,,,,,,,,,,,,,,,,,,,,,,,,,,,,,,,,,
,,,,20500206,,,,,,,,,,,,,,,,,,,,,,,,,,,,,,,,,
,,,,20500212,,,,,,,,,,,,,,,,,,,,,,,,,,,,,,,,,
,,,,20500213,,,,,,,,,,,,,,,,,,,,,,,,,,,,,,,,,
,,,,20500219,,,,,,,,,,,,,,,,,,,,,,,,,,,,,,,,,
,,,,20500220,,,,,,,,,,,,,,,,,,,,,,,,,,,,,,,,,
,,,,20500221,,,,,,,,,,,,,,,,,,,,,,,,,,,,,,,,,
,,,,20500226,,,,,,,,,,,,,,,,,,,,,,,,,,,,,,,,,
,,,,20500227,,,,,,,,,,,,,,,,,,,,,,,,,,,,,,,,,
,,,,20500305,,,,,,,,,,,,,,,,,,,,,,,,,,,,,,,,,
,,,,20500306,,,,,,,,,,,,,,,,,,,,,,,,,,,,,,,,,
,,,,20500312,,,,,,,,,,,,,,,,,,,,,,,,,,,,,,,,,
,,,,20500313,,,,,,,,,,,,,,,,,,,,,,,,,,,,,,,,,
,,,,20500319,,,,,,,,,,,,,,,,,,,,,,,,,,,,,,,,,
,,,,20500320,,,,,,,,,,,,,,,,,,,,,,,,,,,,,,,,,
,,,,20500326,,,,,,,,,,,,,,,,,,,,,,,,,,,,,,,,,
,,,,20500327,,,,,,,,,,,,,,,,,,,,,,,,,,,,,,,,,
,,,,20500402,,,,,,,,,,,,,,,,,,,,,,,,,,,,,,,,,
,,,,20500403,,,,,,,,,,,,,,,,,,,,,,,,,,,,,,,,,
,,,,20500408,,,,,,,,,,,,,,,,,,,,,,,,,,,,,,,,,
,,,,20500409,,,,,,,,,,,,,,,,,,,,,,,,,,,,,,,,,
,,,,20500410,,,,,,,,,,,,,,,,,,,,,,,,,,,,,,,,,
,,,,20500416,,,,,,,,,,,,,,,,,,,,,,,,,,,,,,,,,
,,,,20500417,,,,,,,,,,,,,,,,,,,,,,,,,,,,,,,,,
,,,,20500423,,,,,,,,,,,,,,,,,,,,,,,,,,,,,,,,,
,,,,20500424,,,,,,,,,,,,,,,,,,,,,,,,,,,,,,,,,
,,,,20500430,,,,,,,,,,,,,,,,,,,,,,,,,,,,,,,,,
,,,,20500501,,,,,,,,,,,,,,,,,,,,,,,,,,,,,,,,,
,,,,20500507,,,,,,,,,,,,,,,,,,,,,,,,,,,,,,,,,
,,,,20500508,,,,,,,,,,,,,,,,,,,,,,,,,,,,,,,,,
,,,,20500514,,,,,,,,,,,,,,,,,,,,,,,,,,,,,,,,,
,,,,20500515,,,,,,,,,,,,,,,,,,,,,,,,,,,,,,,,,
,,,,20500521,,,,,,,,,,,,,,,,,,,,,,,,,,,,,,,,,
,,,,20500522,,,,,,,,,,,,,,,,,,,,,,,,,,,,,,,,,
,,,,20500528,,,,,,,,,,,,,,,,,,,,,,,,,,,,,,,,,
,,,,20500529,,,,,,,,,,,,,,,,,,,,,,,,,,,,,,,,,
,,,,20500530,,,,,,,,,,,,,,,,,,,,,,,,,,,,,,,,,
,,,,20500604,,,,,,,,,,,,,,,,,,,,,,,,,,,,,,,,,
,,,,20500605,,,,,,,,,,,,,,,,,,,,,,,,,,,,,,,,,
,,,,20500611,,,,,,,,,,,,,,,,,,,,,,,,,,,,,,,,,
,,,,20500612,,,,,,,,,,,,,,,,,,,,,,,,,,,,,,,,,
,,,,20500618,,,,,,,,,,,,,,,,,,,,,,,,,,,,,,,,,
,,,,20500619,,,,,,,,,,,,,,,,,,,,,,,,,,,,,,,,,
,,,,20500625,,,,,,,,,,,,,,,,,,,,,,,,,,,,,,,,,
,,,,20500626,,,,,,,,,,,,,,,,,,,,,,,,,,,,,,,,,
,,,,20500702,,,,,,,,,,,,,,,,,,,,,,,,,,,,,,,,,
,,,,20500703,,,,,,,,,,,,,,,,,,,,,,,,,,,,,,,,,
,,,,20500704,,,,,,,,,,,,,,,,,,,,,,,,,,,,,,,,,
,,,,20500709,,,,,,,,,,,,,,,,,,,,,,,,,,,,,,,,,
,,,,20500710,,,,,,,,,,,,,,,,,,,,,,,,,,,,,,,,,
,,,,20500716,,,,,,,,,,,,,,,,,,,,,,,,,,,,,,,,,
,,,,20500717,,,,,,,,,,,,,,,,,,,,,,,,,,,,,,,,,
,,,,20500723,,,,,,,,,,,,,,,,,,,,,,,,,,,,,,,,,
,,,,20500724,,,,,,,,,,,,,,,,,,,,,,,,,,,,,,,,,
,,,,20500730,,,,,,,,,,,,,,,,,,,,,,,,,,,,,,,,,
,,,,20500731,,,,,,,,,,,,,,,,,,,,,,,,,,,,,,,,,
,,,,20500806,,,,,,,,,,,,,,,,,,,,,,,,,,,,,,,,,
,,,,20500807,,,,,,,,,,,,,,,,,,,,,,,,,,,,,,,,,
,,,,20500813,,,,,,,,,,,,,,,,,,,,,,,,,,,,,,,,,
,,,,20500814,,,,,,,,,,,,,,,,,,,,,,,,,,,,,,,,,
,,,,20500820,,,,,,,,,,,,,,,,,,,,,,,,,,,,,,,,,
,,,,20500821,,,,,,,,,,,,,,,,,,,,,,,,,,,,,,,,,
,,,,20500827,,,,,,,,,,,,,,,,,,,,,,,,,,,,,,,,,
,,,,20500828,,,,,,,,,,,,,,,,,,,,,,,,,,,,,,,,,
,,,,20500903,,,,,,,,,,,,,,,,,,,,,,,,,,,,,,,,,
,,,,20500904,,,,,,,,,,,,,,,,,,,,,,,,,,,,,,,,,
,,,,20500905,,,,,,,,,,,,,,,,,,,,,,,,,,,,,,,,,
,,,,20500910,,,,,,,,,,,,,,,,,,,,,,,,,,,,,,,,,
,,,,20500911,,,,,,,,,,,,,,,,,,,,,,,,,,,,,,,,,
,,,,20500917,,,,,,,,,,,,,,,,,,,,,,,,,,,,,,,,,
,,,,20500918,,,,,,,,,,,,,,,,,,,,,,,,,,,,,,,,,
,,,,20500924,,,,,,,,,,,,,,,,,,,,,,,,,,,,,,,,,
,,,,20500925,,,,,,,,,,,,,,,,,,,,,,,,,,,,,,,,,
,,,,20501001,,,,,,,,,,,,,,,,,,,,,,,,,,,,,,,,,
,,,,20501002,,,,,,,,,,,,,,,,,,,,,,,,,,,,,,,,,
,,,,20501008,,,,,,,,,,,,,,,,,,,,,,,,,,,,,,,,,
,,,,20501009,,,,,,,,,,,,,,,,,,,,,,,,,,,,,,,,,
,,,,20501010,,,,,,,,,,,,,,,,,,,,,,,,,,,,,,,,,
,,,,20501015,,,,,,,,,,,,,,,,,,,,,,,,,,,,,,,,,
,,,,20501016,,,,,,,,,,,,,,,,,,,,,,,,,,,,,,,,,
,,,,20501022,,,,,,,,,,,,,,,,,,,,,,,,,,,,,,,,,
,,,,20501023,,,,,,,,,,,,,,,,,,,,,,,,,,,,,,,,,
,,,,20501029,,,,,,,,,,,,,,,,,,,,,,,,,,,,,,,,,
,,,,20501030,,,,,,,,,,,,,,,,,,,,,,,,,,,,,,,,,
,,,,20501105,,,,,,,,,,,,,,,,,,,,,,,,,,,,,,,,,
,,,,20501106,,,,,,,,,,,,,,,,,,,,,,,,,,,,,,,,,
,,,,20501111,,,,,,,,,,,,,,,,,,,,,,,,,,,,,,,,,
,,,,20501112,,,,,,,,,,,,,,,,,,,,,,,,,,,,,,,,,
,,,,20501113,,,,,,,,,,,,,,,,,,,,,,,,,,,,,,,,,
,,,,20501119,,,,,,,,,,,,,,,,,,,,,,,,,,,,,,,,,
,,,,20501120,,,,,,,,,,,,,,,,,,,,,,,,,,,,,,,,,
,,,,20501124,,,,,,,,,,,,,,,,,,,,,,,,,,,,,,,,,
,,,,20501126,,,,,,,,,,,,,,,,,,,,,,,,,,,,,,,,,
,,,,20501127,,,,,,,,,,,,,,,,,,,,,,,,,,,,,,,,,
,,,,20501203,,,,,,,,,,,,,,,,,,,,,,,,,,,,,,,,,
,,,,20501204,,,,,,,,,,,,,,,,,,,,,,,,,,,,,,,,,
,,,,20501210,,,,,,,,,,,,,,,,,,,,,,,,,,,,,,,,,
,,,,20501211,,,,,,,,,,,,,,,,,,,,,,,,,,,,,,,,,
,,,,20501217,,,,,,,,,,,,,,,,,,,,,,,,,,,,,,,,,
,,,,20501218,,,,,,,,,,,,,,,,,,,,,,,,,,,,,,,,,
,,,,20501224,,,,,,,,,,,,,,,,,,,,,,,,,,,,,,,,,
,,,,20501225,,,,,,,,,,,,,,,,,,,,,,,,,,,,,,,,,
,,,,20501226,,,,,,,,,,,,,,,,,,,,,,,,,,,,,,,,,
,,,,20501231,,,,,,,,,,,,,,,,,,,,,,,,,,,,,,,,,
,,,,20510101,,,,,,,,,,,,,,,,,,,,,,,,,,,,,,,,,
,,,,20510102,,,,,,,,,,,,,,,,,,,,,,,,,,,,,,,,,
,,,,20510107,,,,,,,,,,,,,,,,,,,,,,,,,,,,,,,,,
,,,,20510108,,,,,,,,,,,,,,,,,,,,,,,,,,,,,,,,,
,,,,20510114,,,,,,,,,,,,,,,,,,,,,,,,,,,,,,,,,
,,,,20510115,,,,,,,,,,,,,,,,,,,,,,,,,,,,,,,,,
,,,,20510116,,,,,,,,,,,,,,,,,,,,,,,,,,,,,,,,,
,,,,20510121,,,,,,,,,,,,,,,,,,,,,,,,,,,,,,,,,
,,,,20510122,,,,,,,,,,,,,,,,,,,,,,,,,,,,,,,,,
,,,,20510128,,,,,,,,,,,,,,,,,,,,,,,,,,,,,,,,,
,,,,20510129,,,,,,,,,,,,,,,,,,,,,,,,,,,,,,,,,
,,,,20510204,,,,,,,,,,,,,,,,,,,,,,,,,,,,,,,,,
,,,,20510205,,,,,,,,,,,,,,,,,,,,,,,,,,,,,,,,,
,,,,20510211,,,,,,,,,,,,,,,,,,,,,,,,,,,,,,,,,
,,,,20510212,,,,,,,,,,,,,,,,,,,,,,,,,,,,,,,,,
,,,,20510218,,,,,,,,,,,,,,,,,,,,,,,,,,,,,,,,,
,,,,20510219,,,,,,,,,,,,,,,,,,,,,,,,,,,,,,,,,
,,,,20510220,,,,,,,,,,,,,,,,,,,,,,,,,,,,,,,,,
,,,,20510225,,,,,,,,,,,,,,,,,,,,,,,,,,,,,,,,,
,,,,20510226,,,,,,,,,,,,,,,,,,,,,,,,,,,,,,,,,
,,,,20510304,,,,,,,,,,,,,,,,,,,,,,,,,,,,,,,,,
,,,,20510305,,,,,,,,,,,,,,,,,,,,,,,,,,,,,,,,,
,,,,20510311,,,,,,,,,,,,,,,,,,,,,,,,,,,,,,,,,
,,,,20510312,,,,,,,,,,,,,,,,,,,,,,,,,,,,,,,,,
,,,,20510318,,,,,,,,,,,,,,,,,,,,,,,,,,,,,,,,,
,,,,20510319,,,,,,,,,,,,,,,,,,,,,,,,,,,,,,,,,
,,,,20510325,,,,,,,,,,,,,,,,,,,,,,,,,,,,,,,,,
,,,,20510326,,,,,,,,,,,,,,,,,,,,,,,,,,,,,,,,,
,,,,20510331,,,,,,,,,,,,,,,,,,,,,,,,,,,,,,,,,
,,,,20510401,,,,,,,,,,,,,,,,,,,,,,,,,,,,,,,,,
,,,,20510402,,,,,,,,,,,,,,,,,,,,,,,,,,,,,,,,,
,,,,20510408,,,,,,,,,,,,,,,,,,,,,,,,,,,,,,,,,
,,,,20510409,,,,,,,,,,,,,,,,,,,,,,,,,,,,,,,,,
,,,,20510415,,,,,,,,,,,,,,,,,,,,,,,,,,,,,,,,,
,,,,20510416,,,,,,,,,,,,,,,,,,,,,,,,,,,,,,,,,
,,,,20510422,,,,,,,,,,,,,,,,,,,,,,,,,,,,,,,,,
,,,,20510423,,,,,,,,,,,,,,,,,,,,,,,,,,,,,,,,,
,,,,20510429,,,,,,,,,,,,,,,,,,,,,,,,,,,,,,,,,
,,,,20510430,,,,,,,,,,,,,,,,,,,,,,,,,,,,,,,,,
,,,,20510506,,,,,,,,,,,,,,,,,,,,,,,,,,,,,,,,,
,,,,20510507,,,,,,,,,,,,,,,,,,,,,,,,,,,,,,,,,
,,,,20510513,,,,,,,,,,,,,,,,,,,,,,,,,,,,,,,,,
,,,,20510514,,,,,,,,,,,,,,,,,,,,,,,,,,,,,,,,,
,,,,20510520,,,,,,,,,,,,,,,,,,,,,,,,,,,,,,,,,
,,,,20510521,,,,,,,,,,,,,,,,,,,,,,,,,,,,,,,,,
,,,,20510527,,,,,,,,,,,,,,,,,,,,,,,,,,,,,,,,,
,,,,20510528,,,,,,,,,,,,,,,,,,,,,,,,,,,,,,,,,
,,,,20510529,,,,,,,,,,,,,,,,,,,,,,,,,,,,,,,,,
,,,,20510603,,,,,,,,,,,,,,,,,,,,,,,,,,,,,,,,,
,,,,20510604,,,,,,,,,,,,,,,,,,,,,,,,,,,,,,,,,
,,,,20510610,,,,,,,,,,,,,,,,,,,,,,,,,,,,,,,,,
,,,,20510611,,,,,,,,,,,,,,,,,,,,,,,,,,,,,,,,,
,,,,20510617,,,,,,,,,,,,,,,,,,,,,,,,,,,,,,,,,
,,,,20510618,,,,,,,,,,,,,,,,,,,,,,,,,,,,,,,,,
,,,,20510624,,,,,,,,,,,,,,,,,,,,,,,,,,,,,,,,,
,,,,20510625,,,,,,,,,,,,,,,,,,,,,,,,,,,,,,,,,
,,,,20510701,,,,,,,,,,,,,,,,,,,,,,,,,,,,,,,,,
,,,,20510702,,,,,,,,,,,,,,,,,,,,,,,,,,,,,,,,,
,,,,20510704,,,,,,,,,,,,,,,,,,,,,,,,,,,,,,,,,
,,,,20510708,,,,,,,,,,,,,,,,,,,,,,,,,,,,,,,,,
,,,,20510709,,,,,,,,,,,,,,,,,,,,,,,,,,,,,,,,,
,,,,20510715,,,,,,,,,,,,,,,,,,,,,,,,,,,,,,,,,
,,,,20510716,,,,,,,,,,,,,,,,,,,,,,,,,,,,,,,,,
,,,,20510722,,,,,,,,,,,,,,,,,,,,,,,,,,,,,,,,,
,,,,20510723,,,,,,,,,,,,,,,,,,,,,,,,,,,,,,,,,
,,,,20510729,,,,,,,,,,,,,,,,,,,,,,,,,,,,,,,,,
,,,,20510730,,,,,,,,,,,,,,,,,,,,,,,,,,,,,,,,,
,,,,20510805,,,,,,,,,,,,,,,,,,,,,,,,,,,,,,,,,
,,,,20510806,,,,,,,,,,,,,,,,,,,,,,,,,,,,,,,,,
,,,,20510812,,,,,,,,,,,,,,,,,,,,,,,,,,,,,,,,,
,,,,20510813,,,,,,,,,,,,,,,,,,,,,,,,,,,,,,,,,
,,,,20510819,,,,,,,,,,,,,,,,,,,,,,,,,,,,,,,,,
,,,,20510820,,,,,,,,,,,,,,,,,,,,,,,,,,,,,,,,,
,,,,20510826,,,,,,,,,,,,,,,,,,,,,,,,,,,,,,,,,
,,,,20510827,,,,,,,,,,,,,,,,,,,,,,,,,,,,,,,,,
,,,,20510902,,,,,,,,,,,,,,,,,,,,,,,,,,,,,,,,,
,,,,20510903,,,,,,,,,,,,,,,,,,,,,,,,,,,,,,,,,
,,,,20510904,,,,,,,,,,,,,,,,,,,,,,,,,,,,,,,,,
,,,,20510909,,,,,,,,,,,,,,,,,,,,,,,,,,,,,,,,,
,,,,20510910,,,,,,,,,,,,,,,,,,,,,,,,,,,,,,,,,
,,,,20510916,,,,,,,,,,,,,,,,,,,,,,,,,,,,,,,,,
,,,,20510917,,,,,,,,,,,,,,,,,,,,,,,,,,,,,,,,,
,,,,20510923,,,,,,,,,,,,,,,,,,,,,,,,,,,,,,,,,
,,,,20510924,,,,,,,,,,,,,,,,,,,,,,,,,,,,,,,,,
,,,,20510930,,,,,,,,,,,,,,,,,,,,,,,,,,,,,,,,,
,,,,20511001,,,,,,,,,,,,,,,,,,,,,,,,,,,,,,,,,
,,,,20511007,,,,,,,,,,,,,,,,,,,,,,,,,,,,,,,,,
,,,,20511008,,,,,,,,,,,,,,,,,,,,,,,,,,,,,,,,,
,,,,20511009,,,,,,,,,,,,,,,,,,,,,,,,,,,,,,,,,
,,,,20511014,,,,,,,,,,,,,,,,,,,,,,,,,,,,,,,,,
,,,,20511015,,,,,,,,,,,,,,,,,,,,,,,,,,,,,,,,,
,,,,20511021,,,,,,,,,,,,,,,,,,,,,,,,,,,,,,,,,
,,,,20511022,,,,,,,,,,,,,,,,,,,,,,,,,,,,,,,,,
,,,,20511028,,,,,,,,,,,,,,,,,,,,,,,,,,,,,,,,,
,,,,20511029,,,,,,,,,,,,,,,,,,,,,,,,,,,,,,,,,
,,,,20511104,,,,,,,,,,,,,,,,,,,,,,,,,,,,,,,,,
,,,,20511105,,,,,,,,,,,,,,,,,,,,,,,,,,,,,,,,,
,,,,20511111,,,,,,,,,,,,,,,,,,,,,,,,,,,,,,,,,
,,,,20511112,,,,,,,,,,,,,,,,,,,,,,,,,,,,,,,,,
,,,,20511118,,,,,,,,,,,,,,,,,,,,,,,,,,,,,,,,,
,,,,20511119,,,,,,,,,,,,,,,,,,,,,,,,,,,,,,,,,
,,,,20511123,,,,,,,,,,,,,,,,,,,,,,,,,,,,,,,,,
,,,,20511125,,,,,,,,,,,,,,,,,,,,,,,,,,,,,,,,,
,,,,20511126,,,,,,,,,,,,,,,,,,,,,,,,,,,,,,,,,
,,,,20511202,,,,,,,,,,,,,,,,,,,,,,,,,,,,,,,,,
,,,,20511203,,,,,,,,,,,,,,,,,,,,,,,,,,,,,,,,,
,,,,20511209,,,,,,,,,,,,,,,,,,,,,,,,,,,,,,,,,
,,,,20511210,,,,,,,,,,,,,,,,,,,,,,,,,,,,,,,,,
,,,,20511216,,,,,,,,,,,,,,,,,,,,,,,,,,,,,,,,,
,,,,20511217,,,,,,,,,,,,,,,,,,,,,,,,,,,,,,,,,
,,,,20511223,,,,,,,,,,,,,,,,,,,,,,,,,,,,,,,,,
,,,,20511224,,,,,,,,,,,,,,,,,,,,,,,,,,,,,,,,,
,,,,20511225,,,,,,,,,,,,,,,,,,,,,,,,,,,,,,,,,
,,,,20511230,,,,,,,,,,,,,,,,,,,,,,,,,,,,,,,,,
,,,,20511231,,,,,,,,,,,,,,,,,,,,,,,,,,,,,,,,,
,,,,20520101,,,,,,,,,,,,,,,,,,,,,,,,,,,,,,,,,
,,,,20520106,,,,,,,,,,,,,,,,,,,,,,,,,,,,,,,,,
,,,,20520107,,,,,,,,,,,,,,,,,,,,,,,,,,,,,,,,,
,,,,20520113,,,,,,,,,,,,,,,,,,,,,,,,,,,,,,,,,
,,,,20520114,,,,,,,,,,,,,,,,,,,,,,,,,,,,,,,,,
,,,,20520115,,,,,,,,,,,,,,,,,,,,,,,,,,,,,,,,,
,,,,20520120,,,,,,,,,,,,,,,,,,,,,,,,,,,,,,,,,
,,,,20520121,,,,,,,,,,,,,,,,,,,,,,,,,,,,,,,,,
,,,,20520127,,,,,,,,,,,,,,,,,,,,,,,,,,,,,,,,,
,,,,20520128,,,,,,,,,,,,,,,,,,,,,,,,,,,,,,,,,
,,,,20520203,,,,,,,,,,,,,,,,,,,,,,,,,,,,,,,,,
,,,,20520204,,,,,,,,,,,,,,,,,,,,,,,,,,,,,,,,,
,,,,20520210,,,,,,,,,,,,,,,,,,,,,,,,,,,,,,,,,
,,,,20520211,,,,,,,,,,,,,,,,,,,,,,,,,,,,,,,,,
,,,,20520217,,,,,,,,,,,,,,,,,,,,,,,,,,,,,,,,,
,,,,20520218,,,,,,,,,,,,,,,,,,,,,,,,,,,,,,,,,
,,,,20520219,,,,,,,,,,,,,,,,,,,,,,,,,,,,,,,,,
,,,,20520224,,,,,,,,,,,,,,,,,,,,,,,,,,,,,,,,,
,,,,20520225,,,,,,,,,,,,,,,,,,,,,,,,,,,,,,,,,
,,,,20520302,,,,,,,,,,,,,,,,,,,,,,,,,,,,,,,,,
,,,,20520303,,,,,,,,,,,,,,,,,,,,,,,,,,,,,,,,,
,,,,20520309,,,,,,,,,,,,,,,,,,,,,,,,,,,,,,,,,
,,,,20520310,,,,,,,,,,,,,,,,,,,,,,,,,,,,,,,,,
,,,,20520316,,,,,,,,,,,,,,,,,,,,,,,,,,,,,,,,,
,,,,20520317,,,,,,,,,,,,,,,,,,,,,,,,,,,,,,,,,
,,,,20520323,,,,,,,,,,,,,,,,,,,,,,,,,,,,,,,,,
,,,,20520324,,,,,,,,,,,,,,,,,,,,,,,,,,,,,,,,,
,,,,20520330,,,,,,,,,,,,,,,,,,,,,,,,,,,,,,,,,
,,,,20520331,,,,,,,,,,,,,,,,,,,,,,,,,,,,,,,,,
,,,,20520406,,,,,,,,,,,,,,,,,,,,,,,,,,,,,,,,,
,,,,20520407,,,,,,,,,,,,,,,,,,,,,,,,,,,,,,,,,
,,,,20520413,,,,,,,,,,,,,,,,,,,,,,,,,,,,,,,,,
,,,,20520414,,,,,,,,,,,,,,,,,,,,,,,,,,,,,,,,,
,,,,20520419,,,,,,,,,,,,,,,,,,,,,,,,,,,,,,,,,
,,,,20520420,,,,,,,,,,,,,,,,,,,,,,,,,,,,,,,,,
,,,,20520421,,,,,,,,,,,,,,,,,,,,,,,,,,,,,,,,,
,,,,20520427,,,,,,,,,,,,,,,,,,,,,,,,,,,,,,,,,
,,,,20520428,,,,,,,,,,,,,,,,,,,,,,,,,,,,,,,,,
,,,,20520504,,,,,,,,,,,,,,,,,,,,,,,,,,,,,,,,,
,,,,20520505,,,,,,,,,,,,,,,,,,,,,,,,,,,,,,,,,
,,,,20520511,,,,,,,,,,,,,,,,,,,,,,,,,,,,,,,,,
,,,,20520512,,,,,,,,,,,,,,,,,,,,,,,,,,,,,,,,,
,,,,20520518,,,,,,,,,,,,,,,,,,,,,,,,,,,,,,,,,
,,,,20520519,,,,,,,,,,,,,,,,,,,,,,,,,,,,,,,,,
,,,,20520525,,,,,,,,,,,,,,,,,,,,,,,,,,,,,,,,,
,,,,20520526,,,,,,,,,,,,,,,,,,,,,,,,,,,,,,,,,
,,,,20520527,,,,,,,,,,,,,,,,,,,,,,,,,,,,,,,,,
,,,,20520601,,,,,,,,,,,,,,,,,,,,,,,,,,,,,,,,,
,,,,20520602,,,,,,,,,,,,,,,,,,,,,,,,,,,,,,,,,
,,,,20520608,,,,,,,,,,,,,,,,,,,,,,,,,,,,,,,,,
,,,,20520609,,,,,,,,,,,,,,,,,,,,,,,,,,,,,,,,,
,,,,20520615,,,,,,,,,,,,,,,,,,,,,,,,,,,,,,,,,
,,,,20520616,,,,,,,,,,,,,,,,,,,,,,,,,,,,,,,,,
,,,,20520622,,,,,,,,,,,,,,,,,,,,,,,,,,,,,,,,,
,,,,20520623,,,,,,,,,,,,,,,,,,,,,,,,,,,,,,,,,
,,,,20520629,,,,,,,,,,,,,,,,,,,,,,,,,,,,,,,,,
,,,,20520630,,,,,,,,,,,,,,,,,,,,,,,,,,,,,,,,,
,,,,20520704,,,,,,,,,,,,,,,,,,,,,,,,,,,,,,,,,
,,,,20520706,,,,,,,,,,,,,,,,,,,,,,,,,,,,,,,,,
,,,,20520707,,,,,,,,,,,,,,,,,,,,,,,,,,,,,,,,,
,,,,20520713,,,,,,,,,,,,,,,,,,,,,,,,,,,,,,,,,
,,,,20520714,,,,,,,,,,,,,,,,,,,,,,,,,,,,,,,,,
,,,,20520720,,,,,,,,,,,,,,,,,,,,,,,,,,,,,,,,,
,,,,20520721,,,,,,,,,,,,,,,,,,,,,,,,,,,,,,,,,
,,,,20520727,,,,,,,,,,,,,,,,,,,,,,,,,,,,,,,,,
,,,,20520728,,,,,,,,,,,,,,,,,,,,,,,,,,,,,,,,,
,,,,20520803,,,,,,,,,,,,,,,,,,,,,,,,,,,,,,,,,
,,,,20520804,,,,,,,,,,,,,,,,,,,,,,,,,,,,,,,,,
,,,,20520810,,,,,,,,,,,,,,,,,,,,,,,,,,,,,,,,,
,,,,20520811,,,,,,,,,,,,,,,,,,,,,,,,,,,,,,,,,
,,,,20520817,,,,,,,,,,,,,,,,,,,,,,,,,,,,,,,,,
,,,,20520818,,,,,,,,,,,,,,,,,,,,,,,,,,,,,,,,,
,,,,20520824,,,,,,,,,,,,,,,,,,,,,,,,,,,,,,,,,
,,,,20520825,,,,,,,,,,,,,,,,,,,,,,,,,,,,,,,,,
,,,,20520831,,,,,,,,,,,,,,,,,,,,,,,,,,,,,,,,,
,,,,20520901,,,,,,,,,,,,,,,,,,,,,,,,,,,,,,,,,
,,,,20520902,,,,,,,,,,,,,,,,,,,,,,,,,,,,,,,,,
,,,,20520907,,,,,,,,,,,,,,,,,,,,,,,,,,,,,,,,,
,,,,20520908,,,,,,,,,,,,,,,,,,,,,,,,,,,,,,,,,
,,,,20520914,,,,,,,,,,,,,,,,,,,,,,,,,,,,,,,,,
,,,,20520915,,,,,,,,,,,,,,,,,,,,,,,,,,,,,,,,,
,,,,20520921,,,,,,,,,,,,,,,,,,,,,,,,,,,,,,,,,
,,,,20520922,,,,,,,,,,,,,,,,,,,,,,,,,,,,,,,,,
,,,,20520928,,,,,,,,,,,,,,,,,,,,,,,,,,,,,,,,,
,,,,20520929,,,,,,,,,,,,,,,,,,,,,,,,,,,,,,,,,
,,,,20521005,,,,,,,,,,,,,,,,,,,,,,,,,,,,,,,,,
,,,,20521006,,,,,,,,,,,,,,,,,,,,,,,,,,,,,,,,,
,,,,20521012,,,,,,,,,,,,,,,,,,,,,,,,,,,,,,,,,
,,,,20521013,,,,,,,,,,,,,,,,,,,,,,,,,,,,,,,,,
,,,,20521014,,,,,,,,,,,,,,,,,,,,,,,,,,,,,,,,,
,,,,20521019,,,,,,,,,,,,,,,,,,,,,,,,,,,,,,,,,
,,,,20521020,,,,,,,,,,,,,,,,,,,,,,,,,,,,,,,,,
,,,,20521026,,,,,,,,,,,,,,,,,,,,,,,,,,,,,,,,,
,,,,20521027,,,,,,,,,,,,,,,,,,,,,,,,,,,,,,,,,
,,,,20521102,,,,,,,,,,,,,,,,,,,,,,,,,,,,,,,,,
,,,,20521103,,,,,,,,,,,,,,,,,,,,,,,,,,,,,,,,,
,,,,20521109,,,,,,,,,,,,,,,,,,,,,,,,,,,,,,,,,
,,,,20521110,,,,,,,,,,,,,,,,,,,,,,,,,,,,,,,,,
,,,,20521111,,,,,,,,,,,,,,,,,,,,,,,,,,,,,,,,,
,,,,20521116,,,,,,,,,,,,,,,,,,,,,,,,,,,,,,,,,
,,,,20521117,,,,,,,,,,,,,,,,,,,,,,,,,,,,,,,,,
,,,,20521123,,,,,,,,,,,,,,,,,,,,,,,,,,,,,,,,,
,,,,20521124,,,,,,,,,,,,,,,,,,,,,,,,,,,,,,,,,
,,,,20521128,,,,,,,,,,,,,,,,,,,,,,,,,,,,,,,,,
,,,,20521130,,,,,,,,,,,,,,,,,,,,,,,,,,,,,,,,,
,,,,20521201,,,,,,,,,,,,,,,,,,,,,,,,,,,,,,,,,
,,,,20521207,,,,,,,,,,,,,,,,,,,,,,,,,,,,,,,,,
,,,,20521208,,,,,,,,,,,,,,,,,,,,,,,,,,,,,,,,,
,,,,20521214,,,,,,,,,,,,,,,,,,,,,,,,,,,,,,,,,
,,,,20521215,,,,,,,,,,,,,,,,,,,,,,,,,,,,,,,,,
,,,,20521221,,,,,,,,,,,,,,,,,,,,,,,,,,,,,,,,,
,,,,20521222,,,,,,,,,,,,,,,,,,,,,,,,,,,,,,,,,
,,,,20521225,,,,,,,,,,,,,,,,,,,,,,,,,,,,,,,,,
,,,,20521228,,,,,,,,,,,,,,,,,,,,,,,,,,,,,,,,,
,,,,20521229,,,,,,,,,,,,,,,,,,,,,,,,,,,,,,,,,
,,,,20530101,,,,,,,,,,,,,,,,,,,,,,,,,,,,,,,,,
,,,,20530104,,,,,,,,,,,,,,,,,,,,,,,,,,,,,,,,,
,,,,20530105,,,,,,,,,,,,,,,,,,,,,,,,,,,,,,,,,
,,,,20530111,,,,,,,,,,,,,,,,,,,,,,,,,,,,,,,,,
,,,,20530112,,,,,,,,,,,,,,,,,,,,,,,,,,,,,,,,,
,,,,20530118,,,,,,,,,,,,,,,,,,,,,,,,,,,,,,,,,
,,,,20530119,,,,,,,,,,,,,,,,,,,,,,,,,,,,,,,,,
,,,,20530120,,,,,,,,,,,,,,,,,,,,,,,,,,,,,,,,,
,,,,20530125,,,,,,,,,,,,,,,,,,,,,,,,,,,,,,,,,
,,,,20530126,,,,,,,,,,,,,,,,,,,,,,,,,,,,,,,,,
,,,,20530201,,,,,,,,,,,,,,,,,,,,,,,,,,,,,,,,,
,,,,20530202,,,,,,,,,,,,,,,,,,,,,,,,,,,,,,,,,
,,,,20530208,,,,,,,,,,,,,,,,,,,,,,,,,,,,,,,,,
,,,,20530209,,,,,,,,,,,,,,,,,,,,,,,,,,,,,,,,,
,,,,20530215,,,,,,,,,,,,,,,,,,,,,,,,,,,,,,,,,
,,,,20530216,,,,,,,,,,,,,,,,,,,,,,,,,,,,,,,,,
,,,,20530217,,,,,,,,,,,,,,,,,,,,,,,,,,,,,,,,,
,,,,20530222,,,,,,,,,,,,,,,,,,,,,,,,,,,,,,,,,
,,,,20530223,,,,,,,,,,,,,,,,,,,,,,,,,,,,,,,,,
,,,,20530301,,,,,,,,,,,,,,,,,,,,,,,,,,,,,,,,,
,,,,20530302,,,,,,,,,,,,,,,,,,,,,,,,,,,,,,,,,
,,,,20530308,,,,,,,,,,,,,,,,,,,,,,,,,,,,,,,,,
,,,,20530309,,,,,,,,,,,,,,,,,,,,,,,,,,,,,,,,,
,,,,20530315,,,,,,,,,,,,,,,,,,,,,,,,,,,,,,,,,
,,,,20530316,,,,,,,,,,,,,,,,,,,,,,,,,,,,,,,,,
,,,,20530322,,,,,,,,,,,,,,,,,,,,,,,,,,,,,,,,,
,,,,20530323,,,,,,,,,,,,,,,,,,,,,,,,,,,,,,,,,
,,,,20530329,,,,,,,,,,,,,,,,,,,,,,,,,,,,,,,,,
,,,,20530330,,,,,,,,,,,,,,,,,,,,,,,,,,,,,,,,,
,,,,20530405,,,,,,,,,,,,,,,,,,,,,,,,,,,,,,,,,
,,,,20530406,,,,,,,,,,,,,,,,,,,,,,,,,,,,,,,,,
,,,,20530412,,,,,,,,,,,,,,,,,,,,,,,,,,,,,,,,,
,,,,20530413,,,,,,,,,,,,,,,,,,,,,,,,,,,,,,,,,
,,,,20530419,,,,,,,,,,,,,,,,,,,,,,,,,,,,,,,,,
,,,,20530420,,,,,,,,,,,,,,,,,,,,,,,,,,,,,,,,,
,,,,20530426,,,,,,,,,,,,,,,,,,,,,,,,,,,,,,,,,
,,,,20530427,,,,,,,,,,,,,,,,,,,,,,,,,,,,,,,,,
,,,,20530503,,,,,,,,,,,,,,,,,,,,,,,,,,,,,,,,,
,,,,20530504,,,,,,,,,,,,,,,,,,,,,,,,,,,,,,,,,
,,,,20530510,,,,,,,,,,,,,,,,,,,,,,,,,,,,,,,,,
,,,,20530511,,,,,,,,,,,,,,,,,,,,,,,,,,,,,,,,,
,,,,20530517,,,,,,,,,,,,,,,,,,,,,,,,,,,,,,,,,
,,,,20530518,,,,,,,,,,,,,,,,,,,,,,,,,,,,,,,,,
,,,,20530524,,,,,,,,,,,,,,,,,,,,,,,,,,,,,,,,,
,,,,20530525,,,,,,,,,,,,,,,,,,,,,,,,,,,,,,,,,
,,,,20530526,,,,,,,,,,,,,,,,,,,,,,,,,,,,,,,,,
,,,,20530531,,,,,,,,,,,,,,,,,,,,,,,,,,,,,,,,,
,,,,20530601,,,,,,,,,,,,,,,,,,,,,,,,,,,,,,,,,
,,,,20530607,,,,,,,,,,,,,,,,,,,,,,,,,,,,,,,,,
,,,,20530608,,,,,,,,,,,,,,,,,,,,,,,,,,,,,,,,,
,,,,20530614,,,,,,,,,,,,,,,,,,,,,,,,,,,,,,,,,
,,,,20530615,,,,,,,,,,,,,,,,,,,,,,,,,,,,,,,,,
,,,,20530621,,,,,,,,,,,,,,,,,,,,,,,,,,,,,,,,,
,,,,20530622,,,,,,,,,,,,,,,,,,,,,,,,,,,,,,,,,
,,,,20530628,,,,,,,,,,,,,,,,,,,,,,,,,,,,,,,,,
,,,,20530629,,,,,,,,,,,,,,,,,,,,,,,,,,,,,,,,,
,,,,20530704,,,,,,,,,,,,,,,,,,,,,,,,,,,,,,,,,
,,,,20530705,,,,,,,,,,,,,,,,,,,,,,,,,,,,,,,,,
,,,,20530706,,,,,,,,,,,,,,,,,,,,,,,,,,,,,,,,,
,,,,20530712,,,,,,,,,,,,,,,,,,,,,,,,,,,,,,,,,
,,,,20530713,,,,,,,,,,,,,,,,,,,,,,,,,,,,,,,,,
,,,,20530719,,,,,,,,,,,,,,,,,,,,,,,,,,,,,,,,,
,,,,20530720,,,,,,,,,,,,,,,,,,,,,,,,,,,,,,,,,
,,,,20530726,,,,,,,,,,,,,,,,,,,,,,,,,,,,,,,,,
,,,,20530727,,,,,,,,,,,,,,,,,,,,,,,,,,,,,,,,,
,,,,20530802,,,,,,,,,,,,,,,,,,,,,,,,,,,,,,,,,
,,,,20530803,,,,,,,,,,,,,,,,,,,,,,,,,,,,,,,,,
,,,,20530809,,,,,,,,,,,,,,,,,,,,,,,,,,,,,,,,,
,,,,20530810,,,,,,,,,,,,,,,,,,,,,,,,,,,,,,,,,
,,,,20530816,,,,,,,,,,,,,,,,,,,,,,,,,,,,,,,,,
,,,,20530817,,,,,,,,,,,,,,,,,,,,,,,,,,,,,,,,,
,,,,20530823,,,,,,,,,,,,,,,,,,,,,,,,,,,,,,,,,
,,,,20530824,,,,,,,,,,,,,,,,,,,,,,,,,,,,,,,,,
,,,,20530830,,,,,,,,,,,,,,,,,,,,,,,,,,,,,,,,,
,,,,20530831,,,,,,,,,,,,,,,,,,,,,,,,,,,,,,,,,
,,,,20530901,,,,,,,,,,,,,,,,,,,,,,,,,,,,,,,,,
,,,,20530906,,,,,,,,,,,,,,,,,,,,,,,,,,,,,,,,,
,,,,20530907,,,,,,,,,,,,,,,,,,,,,,,,,,,,,,,,,
,,,,20530913,,,,,,,,,,,,,,,,,,,,,,,,,,,,,,,,,
,,,,20530914,,,,,,,,,,,,,,,,,,,,,,,,,,,,,,,,,
,,,,20530920,,,,,,,,,,,,,,,,,,,,,,,,,,,,,,,,,
,,,,20530921,,,,,,,,,,,,,,,,,,,,,,,,,,,,,,,,,
,,,,20530927,,,,,,,,,,,,,,,,,,,,,,,,,,,,,,,,,
,,,,20530928,,,,,,,,,,,,,,,,,,,,,,,,,,,,,,,,,
,,,,20531004,,,,,,,,,,,,,,,,,,,,,,,,,,,,,,,,,
,,,,20531005,,,,,,,,,,,,,,,,,,,,,,,,,,,,,,,,,
,,,,20531011,,,,,,,,,,,,,,,,,,,,,,,,,,,,,,,,,
,,,,20531012,,,,,,,,,,,,,,,,,,,,,,,,,,,,,,,,,
,,,,20531013,,,,,,,,,,,,,,,,,,,,,,,,,,,,,,,,,
,,,,20531018,,,,,,,,,,,,,,,,,,,,,,,,,,,,,,,,,
,,,,20531019,,,,,,,,,,,,,,,,,,,,,,,,,,,,,,,,,
,,,,20531025,,,,,,,,,,,,,,,,,,,,,,,,,,,,,,,,,
,,,,20531026,,,,,,,,,,,,,,,,,,,,,,,,,,,,,,,,,
,,,,20531101,,,,,,,,,,,,,,,,,,,,,,,,,,,,,,,,,
,,,,20531102,,,,,,,,,,,,,,,,,,,,,,,,,,,,,,,,,
,,,,20531108,,,,,,,,,,,,,,,,,,,,,,,,,,,,,,,,,
,,,,20531109,,,,,,,,,,,,,,,,,,,,,,,,,,,,,,,,,
,,,,20531111,,,,,,,,,,,,,,,,,,,,,,,,,,,,,,,,,
,,,,20531115,,,,,,,,,,,,,,,,,,,,,,,,,,,,,,,,,
,,,,20531116,,,,,,,,,,,,,,,,,,,,,,,,,,,,,,,,,
,,,,20531122,,,,,,,,,,,,,,,,,,,,,,,,,,,,,,,,,
,,,,20531123,,,,,,,,,,,,,,,,,,,,,,,,,,,,,,,,,
,,,,20531127,,,,,,,,,,,,,,,,,,,,,,,,,,,,,,,,,
,,,,20531129,,,,,,,,,,,,,,,,,,,,,,,,,,,,,,,,,
,,,,20531130,,,,,,,,,,,,,,,,,,,,,,,,,,,,,,,,,
,,,,20531206,,,,,,,,,,,,,,,,,,,,,,,,,,,,,,,,,
,,,,20531207,,,,,,,,,,,,,,,,,,,,,,,,,,,,,,,,,
,,,,20531213,,,,,,,,,,,,,,,,,,,,,,,,,,,,,,,,,
,,,,20531214,,,,,,,,,,,,,,,,,,,,,,,,,,,,,,,,,
,,,,20531220,,,,,,,,,,,,,,,,,,,,,,,,,,,,,,,,,
,,,,20531221,,,,,,,,,,,,,,,,,,,,,,,,,,,,,,,,,
,,,,20531225,,,,,,,,,,,,,,,,,,,,,,,,,,,,,,,,,
,,,,20531227,,,,,,,,,,,,,,,,,,,,,,,,,,,,,,,,,
,,,,20531228,,,,,,,,,,,,,,,,,,,,,,,,,,,,,,,,,
,,,,20540101,,,,,,,,,,,,,,,,,,,,,,,,,,,,,,,,,
,,,,20540103,,,,,,,,,,,,,,,,,,,,,,,,,,,,,,,,,
,,,,20540104,,,,,,,,,,,,,,,,,,,,,,,,,,,,,,,,,
,,,,20540110,,,,,,,,,,,,,,,,,,,,,,,,,,,,,,,,,
,,,,20540111,,,,,,,,,,,,,,,,,,,,,,,,,,,,,,,,,
,,,,20540117,,,,,,,,,,,,,,,,,,,,,,,,,,,,,,,,,
,,,,20540118,,,,,,,,,,,,,,,,,,,,,,,,,,,,,,,,,
,,,,20540119,,,,,,,,,,,,,,,,,,,,,,,,,,,,,,,,,
,,,,20540124,,,,,,,,,,,,,,,,,,,,,,,,,,,,,,,,,
,,,,20540125,,,,,,,,,,,,,,,,,,,,,,,,,,,,,,,,,
,,,,20540131,,,,,,,,,,,,,,,,,,,,,,,,,,,,,,,,,
,,,,20540201,,,,,,,,,,,,,,,,,,,,,,,,,,,,,,,,,
,,,,20540207,,,,,,,,,,,,,,,,,,,,,,,,,,,,,,,,,
,,,,20540208,,,,,,,,,,,,,,,,,,,,,,,,,,,,,,,,,
,,,,20540214,,,,,,,,,,,,,,,,,,,,,,,,,,,,,,,,,
,,,,20540215,,,,,,,,,,,,,,,,,,,,,,,,,,,,,,,,,
,,,,20540216,,,,,,,,,,,,,,,,,,,,,,,,,,,,,,,,,
,,,,20540221,,,,,,,,,,,,,,,,,,,,,,,,,,,,,,,,,
,,,,20540222,,,,,,,,,,,,,,,,,,,,,,,,,,,,,,,,,
,,,,20540228,,,,,,,,,,,,,,,,,,,,,,,,,,,,,,,,,
,,,,20540301,,,,,,,,,,,,,,,,,,,,,,,,,,,,,,,,,
,,,,20540307,,,,,,,,,,,,,,,,,,,,,,,,,,,,,,,,,
,,,,20540308,,,,,,,,,,,,,,,,,,,,,,,,,,,,,,,,,
,,,,20540314,,,,,,,,,,,,,,,,,,,,,,,,,,,,,,,,,
,,,,20540315,,,,,,,,,,,,,,,,,,,,,,,,,,,,,,,,,
,,,,20540321,,,,,,,,,,,,,,,,,,,,,,,,,,,,,,,,,
,,,,20540322,,,,,,,,,,,,,,,,,,,,,,,,,,,,,,,,,
,,,,20540327,,,,,,,,,,,,,,,,,,,,,,,,,,,,,,,,,
,,,,20540328,,,,,,,,,,,,,,,,,,,,,,,,,,,,,,,,,
,,,,20540329,,,,,,,,,,,,,,,,,,,,,,,,,,,,,,,,,
,,,,20540404,,,,,,,,,,,,,,,,,,,,,,,,,,,,,,,,,
,,,,20540405,,,,,,,,,,,,,,,,,,,,,,,,,,,,,,,,,
,,,,20540411,,,,,,,,,,,,,,,,,,,,,,,,,,,,,,,,,
,,,,20540412,,,,,,,,,,,,,,,,,,,,,,,,,,,,,,,,,
,,,,20540418,,,,,,,,,,,,,,,,,,,,,,,,,,,,,,,,,
,,,,20540419,,,,,,,,,,,,,,,,,,,,,,,,,,,,,,,,,
,,,,20540425,,,,,,,,,,,,,,,,,,,,,,,,,,,,,,,,,
,,,,20540426,,,,,,,,,,,,,,,,,,,,,,,,,,,,,,,,,
,,,,20540502,,,,,,,,,,,,,,,,,,,,,,,,,,,,,,,,,
,,,,20540503,,,,,,,,,,,,,,,,,,,,,,,,,,,,,,,,,
,,,,20540509,,,,,,,,,,,,,,,,,,,,,,,,,,,,,,,,,
,,,,20540510,,,,,,,,,,,,,,,,,,,,,,,,,,,,,,,,,
,,,,20540516,,,,,,,,,,,,,,,,,,,,,,,,,,,,,,,,,
,,,,20540517,,,,,,,,,,,,,,,,,,,,,,,,,,,,,,,,,
,,,,20540523,,,,,,,,,,,,,,,,,,,,,,,,,,,,,,,,,
,,,,20540524,,,,,,,,,,,,,,,,,,,,,,,,,,,,,,,,,
,,,,20540525,,,,,,,,,,,,,,,,,,,,,,,,,,,,,,,,,
,,,,20540530,,,,,,,,,,,,,,,,,,,,,,,,,,,,,,,,,
,,,,20540531,,,,,,,,,,,,,,,,,,,,,,,,,,,,,,,,,
,,,,20540606,,,,,,,,,,,,,,,,,,,,,,,,,,,,,,,,,
,,,,20540607,,,,,,,,,,,,,,,,,,,,,,,,,,,,,,,,,
,,,,20540613,,,,,,,,,,,,,,,,,,,,,,,,,,,,,,,,,
,,,,20540614,,,,,,,,,,,,,,,,,,,,,,,,,,,,,,,,,
,,,,20540620,,,,,,,,,,,,,,,,,,,,,,,,,,,,,,,,,
,,,,20540621,,,,,,,,,,,,,,,,,,,,,,,,,,,,,,,,,
,,,,20540627,,,,,,,,,,,,,,,,,,,,,,,,,,,,,,,,,
,,,,20540628,,,,,,,,,,,,,,,,,,,,,,,,,,,,,,,,,
,,,,20540703,,,,,,,,,,,,,,,,,,,,,,,,,,,,,,,,,
,,,,20540704,,,,,,,,,,,,,,,,,,,,,,,,,,,,,,,,,
,,,,20540705,,,,,,,,,,,,,,,,,,,,,,,,,,,,,,,,,
,,,,20540711,,,,,,,,,,,,,,,,,,,,,,,,,,,,,,,,,
,,,,20540712,,,,,,,,,,,,,,,,,,,,,,,,,,,,,,,,,
,,,,20540718,,,,,,,,,,,,,,,,,,,,,,,,,,,,,,,,,
,,,,20540719,,,,,,,,,,,,,,,,,,,,,,,,,,,,,,,,,
,,,,20540725,,,,,,,,,,,,,,,,,,,,,,,,,,,,,,,,,
,,,,20540726,,,,,,,,,,,,,,,,,,,,,,,,,,,,,,,,,
,,,,20540801,,,,,,,,,,,,,,,,,,,,,,,,,,,,,,,,,
,,,,20540802,,,,,,,,,,,,,,,,,,,,,,,,,,,,,,,,,
,,,,20540808,,,,,,,,,,,,,,,,,,,,,,,,,,,,,,,,,
,,,,20540809,,,,,,,,,,,,,,,,,,,,,,,,,,,,,,,,,
,,,,20540815,,,,,,,,,,,,,,,,,,,,,,,,,,,,,,,,,
,,,,20540816,,,,,,,,,,,,,,,,,,,,,,,,,,,,,,,,,
,,,,20540822,,,,,,,,,,,,,,,,,,,,,,,,,,,,,,,,,
,,,,20540823,,,,,,,,,,,,,,,,,,,,,,,,,,,,,,,,,
,,,,20540829,,,,,,,,,,,,,,,,,,,,,,,,,,,,,,,,,
,,,,20540830,,,,,,,,,,,,,,,,,,,,,,,,,,,,,,,,,
,,,,20540905,,,,,,,,,,,,,,,,,,,,,,,,,,,,,,,,,
,,,,20540906,,,,,,,,,,,,,,,,,,,,,,,,,,,,,,,,,
,,,,20540907,,,,,,,,,,,,,,,,,,,,,,,,,,,,,,,,,
,,,,20540912,,,,,,,,,,,,,,,,,,,,,,,,,,,,,,,,,
,,,,20540913,,,,,,,,,,,,,,,,,,,,,,,,,,,,,,,,,
,,,,20540919,,,,,,,,,,,,,,,,,,,,,,,,,,,,,,,,,
,,,,20540920,,,,,,,,,,,,,,,,,,,,,,,,,,,,,,,,,
,,,,20540926,,,,,,,,,,,,,,,,,,,,,,,,,,,,,,,,,
,,,,20540927,,,,,,,,,,,,,,,,,,,,,,,,,,,,,,,,,
,,,,20541003,,,,,,,,,,,,,,,,,,,,,,,,,,,,,,,,,
,,,,20541004,,,,,,,,,,,,,,,,,,,,,,,,,,,,,,,,,
,,,,20541010,,,,,,,,,,,,,,,,,,,,,,,,,,,,,,,,,
,,,,20541011,,,,,,,,,,,,,,,,,,,,,,,,,,,,,,,,,
,,,,20541012,,,,,,,,,,,,,,,,,,,,,,,,,,,,,,,,,
,,,,20541017,,,,,,,,,,,,,,,,,,,,,,,,,,,,,,,,,
,,,,20541018,,,,,,,,,,,,,,,,,,,,,,,,,,,,,,,,,
,,,,20541024,,,,,,,,,,,,,,,,,,,,,,,,,,,,,,,,,
,,,,20541025,,,,,,,,,,,,,,,,,,,,,,,,,,,,,,,,,
,,,,20541031,,,,,,,,,,,,,,,,,,,,,,,,,,,,,,,,,
,,,,20541101,,,,,,,,,,,,,,,,,,,,,,,,,,,,,,,,,
,,,,20541107,,,,,,,,,,,,,,,,,,,,,,,,,,,,,,,,,
,,,,20541108,,,,,,,,,,,,,,,,,,,,,,,,,,,,,,,,,
,,,,20541111,,,,,,,,,,,,,,,,,,,,,,,,,,,,,,,,,
,,,,20541114,,,,,,,,,,,,,,,,,,,,,,,,,,,,,,,,,
,,,,20541115,,,,,,,,,,,,,,,,,,,,,,,,,,,,,,,,,
,,,,20541121,,,,,,,,,,,,,,,,,,,,,,,,,,,,,,,,,
,,,,20541122,,,,,,,,,,,,,,,,,,,,,,,,,,,,,,,,,
,,,,20541126,,,,,,,,,,,,,,,,,,,,,,,,,,,,,,,,,
,,,,20541128,,,,,,,,,,,,,,,,,,,,,,,,,,,,,,,,,
,,,,20541129,,,,,,,,,,,,,,,,,,,,,,,,,,,,,,,,,
,,,,20541205,,,,,,,,,,,,,,,,,,,,,,,,,,,,,,,,,
,,,,20541206,,,,,,,,,,,,,,,,,,,,,,,,,,,,,,,,,
,,,,20541212,,,,,,,,,,,,,,,,,,,,,,,,,,,,,,,,,
,,,,20541213,,,,,,,,,,,,,,,,,,,,,,,,,,,,,,,,,
,,,,20541219,,,,,,,,,,,,,,,,,,,,,,,,,,,,,,,,,
,,,,20541220,,,,,,,,,,,,,,,,,,,,,,,,,,,,,,,,,
,,,,20541225,,,,,,,,,,,,,,,,,,,,,,,,,,,,,,,,,
,,,,20541226,,,,,,,,,,,,,,,,,,,,,,,,,,,,,,,,,
,,,,20541227,,,,,,,,,,,,,,,,,,,,,,,,,,,,,,,,,
,,,,20550101,,,,,,,,,,,,,,,,,,,,,,,,,,,,,,,,,
,,,,20550102,,,,,,,,,,,,,,,,,,,,,,,,,,,,,,,,,
,,,,20550103,,,,,,,,,,,,,,,,,,,,,,,,,,,,,,,,,
,,,,20550109,,,,,,,,,,,,,,,,,,,,,,,,,,,,,,,,,
,,,,20550110,,,,,,,,,,,,,,,,,,,,,,,,,,,,,,,,,
,,,,20550116,,,,,,,,,,,,,,,,,,,,,,,,,,,,,,,,,
,,,,20550117,,,,,,,,,,,,,,,,,,,,,,,,,,,,,,,,,
,,,,20550118,,,,,,,,,,,,,,,,,,,,,,,,,,,,,,,,,
,,,,20550123,,,,,,,,,,,,,,,,,,,,,,,,,,,,,,,,,
,,,,20550124,,,,,,,,,,,,,,,,,,,,,,,,,,,,,,,,,
,,,,20550130,,,,,,,,,,,,,,,,,,,,,,,,,,,,,,,,,
,,,,20550131,,,,,,,,,,,,,,,,,,,,,,,,,,,,,,,,,
,,,,20550206,,,,,,,,,,,,,,,,,,,,,,,,,,,,,,,,,
,,,,20550207,,,,,,,,,,,,,,,,,,,,,,,,,,,,,,,,,
,,,,20550213,,,,,,,,,,,,,,,,,,,,,,,,,,,,,,,,,
,,,,20550214,,,,,,,,,,,,,,,,,,,,,,,,,,,,,,,,,
,,,,20550215,,,,,,,,,,,,,,,,,,,,,,,,,,,,,,,,,
,,,,20550220,,,,,,,,,,,,,,,,,,,,,,,,,,,,,,,,,
,,,,20550221,,,,,,,,,,,,,,,,,,,,,,,,,,,,,,,,,
,,,,20550227,,,,,,,,,,,,,,,,,,,,,,,,,,,,,,,,,
,,,,20550228,,,,,,,,,,,,,,,,,,,,,,,,,,,,,,,,,
,,,,20550306,,,,,,,,,,,,,,,,,,,,,,,,,,,,,,,,,
,,,,20550307,,,,,,,,,,,,,,,,,,,,,,,,,,,,,,,,,
,,,,20550313,,,,,,,,,,,,,,,,,,,,,,,,,,,,,,,,,
,,,,20550314,,,,,,,,,,,,,,,,,,,,,,,,,,,,,,,,,
,,,,20550320,,,,,,,,,,,,,,,,,,,,,,,,,,,,,,,,,
,,,,20550321,,,,,,,,,,,,,,,,,,,,,,,,,,,,,,,,,
,,,,20550327,,,,,,,,,,,,,,,,,,,,,,,,,,,,,,,,,
,,,,20550328,,,,,,,,,,,,,,,,,,,,,,,,,,,,,,,,,
,,,,20550403,,,,,,,,,,,,,,,,,,,,,,,,,,,,,,,,,
,,,,20550404,,,,,,,,,,,,,,,,,,,,,,,,,,,,,,,,,
,,,,20550410,,,,,,,,,,,,,,,,,,,,,,,,,,,,,,,,,
,,,,20550411,,,,,,,,,,,,,,,,,,,,,,,,,,,,,,,,,
,,,,20550416,,,,,,,,,,,,,,,,,,,,,,,,,,,,,,,,,
,,,,20550417,,,,,,,,,,,,,,,,,,,,,,,,,,,,,,,,,
,,,,20550418,,,,,,,,,,,,,,,,,,,,,,,,,,,,,,,,,
,,,,20550424,,,,,,,,,,,,,,,,,,,,,,,,,,,,,,,,,
,,,,20550425,,,,,,,,,,,,,,,,,,,,,,,,,,,,,,,,,
,,,,20550501,,,,,,,,,,,,,,,,,,,,,,,,,,,,,,,,,
,,,,20550502,,,,,,,,,,,,,,,,,,,,,,,,,,,,,,,,,
,,,,20550508,,,,,,,,,,,,,,,,,,,,,,,,,,,,,,,,,
,,,,20550509,,,,,,,,,,,,,,,,,,,,,,,,,,,,,,,,,
,,,,20550515,,,,,,,,,,,,,,,,,,,,,,,,,,,,,,,,,
,,,,20550516,,,,,,,,,,,,,,,,,,,,,,,,,,,,,,,,,
,,,,20550522,,,,,,,,,,,,,,,,,,,,,,,,,,,,,,,,,
,,,,20550523,,,,,,,,,,,,,,,,,,,,,,,,,,,,,,,,,
,,,,20550529,,,,,,,,,,,,,,,,,,,,,,,,,,,,,,,,,
,,,,20550530,,,,,,,,,,,,,,,,,,,,,,,,,,,,,,,,,
,,,,20550531,,,,,,,,,,,,,,,,,,,,,,,,,,,,,,,,,
,,,,20550605,,,,,,,,,,,,,,,,,,,,,,,,,,,,,,,,,
,,,,20550606,,,,,,,,,,,,,,,,,,,,,,,,,,,,,,,,,
,,,,20550612,,,,,,,,,,,,,,,,,,,,,,,,,,,,,,,,,
,,,,20550613,,,,,,,,,,,,,,,,,,,,,,,,,,,,,,,,,
,,,,20550619,,,,,,,,,,,,,,,,,,,,,,,,,,,,,,,,,
,,,,20550620,,,,,,,,,,,,,,,,,,,,,,,,,,,,,,,,,
,,,,20550626,,,,,,,,,,,,,,,,,,,,,,,,,,,,,,,,,
,,,,20550627,,,,,,,,,,,,,,,,,,,,,,,,,,,,,,,,,
,,,,20550703,,,,,,,,,,,,,,,,,,,,,,,,,,,,,,,,,
,,,,20550704,,,,,,,,,,,,,,,,,,,,,,,,,,,,,,,,,
,,,,20550705,,,,,,,,,,,,,,,,,,,,,,,,,,,,,,,,,
,,,,20550710,,,,,,,,,,,,,,,,,,,,,,,,,,,,,,,,,
,,,,20550711,,,,,,,,,,,,,,,,,,,,,,,,,,,,,,,,,
,,,,20550717,,,,,,,,,,,,,,,,,,,,,,,,,,,,,,,,,
,,,,20550718,,,,,,,,,,,,,,,,,,,,,,,,,,,,,,,,,
,,,,20550724,,,,,,,,,,,,,,,,,,,,,,,,,,,,,,,,,
,,,,20550725,,,,,,,,,,,,,,,,,,,,,,,,,,,,,,,,,
,,,,20550731,,,,,,,,,,,,,,,,,,,,,,,,,,,,,,,,,
,,,,20550801,,,,,,,,,,,,,,,,,,,,,,,,,,,,,,,,,
,,,,20550807,,,,,,,,,,,,,,,,,,,,,,,,,,,,,,,,,
,,,,20550808,,,,,,,,,,,,,,,,,,,,,,,,,,,,,,,,,
,,,,20550814,,,,,,,,,,,,,,,,,,,,,,,,,,,,,,,,,
,,,,20550815,,,,,,,,,,,,,,,,,,,,,,,,,,,,,,,,,
,,,,20550821,,,,,,,,,,,,,,,,,,,,,,,,,,,,,,,,,
,,,,20550822,,,,,,,,,,,,,,,,,,,,,,,,,,,,,,,,,
,,,,20550828,,,,,,,,,,,,,,,,,,,,,,,,,,,,,,,,,
,,,,20550829,,,,,,,,,,,,,,,,,,,,,,,,,,,,,,,,,
,,,,20550904,,,,,,,,,,,,,,,,,,,,,,,,,,,,,,,,,
,,,,20550905,,,,,,,,,,,,,,,,,,,,,,,,,,,,,,,,,
,,,,20550906,,,,,,,,,,,,,,,,,,,,,,,,,,,,,,,,,
,,,,20550911,,,,,,,,,,,,,,,,,,,,,,,,,,,,,,,,,
,,,,20550912,,,,,,,,,,,,,,,,,,,,,,,,,,,,,,,,,
,,,,20550918,,,,,,,,,,,,,,,,,,,,,,,,,,,,,,,,,
,,,,20550919,,,,,,,,,,,,,,,,,,,,,,,,,,,,,,,,,
,,,,20550925,,,,,,,,,,,,,,,,,,,,,,,,,,,,,,,,,
,,,,20550926,,,,,,,,,,,,,,,,,,,,,,,,,,,,,,,,,
,,,,20551002,,,,,,,,,,,,,,,,,,,,,,,,,,,,,,,,,
,,,,20551003,,,,,,,,,,,,,,,,,,,,,,,,,,,,,,,,,
,,,,20551009,,,,,,,,,,,,,,,,,,,,,,,,,,,,,,,,,
,,,,20551010,,,,,,,,,,,,,,,,,,,,,,,,,,,,,,,,,
,,,,20551011,,,,,,,,,,,,,,,,,,,,,,,,,,,,,,,,,
,,,,20551016,,,,,,,,,,,,,,,,,,,,,,,,,,,,,,,,,
,,,,20551017,,,,,,,,,,,,,,,,,,,,,,,,,,,,,,,,,
,,,,20551023,,,,,,,,,,,,,,,,,,,,,,,,,,,,,,,,,
,,,,20551024,,,,,,,,,,,,,,,,,,,,,,,,,,,,,,,,,
,,,,20551030,,,,,,,,,,,,,,,,,,,,,,,,,,,,,,,,,
,,,,20551031,,,,,,,,,,,,,,,,,,,,,,,,,,,,,,,,,
,,,,20551106,,,,,,,,,,,,,,,,,,,,,,,,,,,,,,,,,
,,,,20551107,,,,,,,,,,,,,,,,,,,,,,,,,,,,,,,,,
,,,,20551111,,,,,,,,,,,,,,,,,,,,,,,,,,,,,,,,,
,,,,20551113,,,,,,,,,,,,,,,,,,,,,,,,,,,,,,,,,
,,,,20551114,,,,,,,,,,,,,,,,,,,,,,,,,,,,,,,,,
,,,,20551120,,,,,,,,,,,,,,,,,,,,,,,,,,,,,,,,,
,,,,20551121,,,,,,,,,,,,,,,,,,,,,,,,,,,,,,,,,
,,,,20551125,,,,,,,,,,,,,,,,,,,,,,,,,,,,,,,,,
,,,,20551127,,,,,,,,,,,,,,,,,,,,,,,,,,,,,,,,,
,,,,20551128,,,,,,,,,,,,,,,,,,,,,,,,,,,,,,,,,
,,,,20551204,,,,,,,,,,,,,,,,,,,,,,,,,,,,,,,,,
,,,,20551205,,,,,,,,,,,,,,,,,,,,,,,,,,,,,,,,,
,,,,20551211,,,,,,,,,,,,,,,,,,,,,,,,,,,,,,,,,
,,,,20551212,,,,,,,,,,,,,,,,,,,,,,,,,,,,,,,,,
,,,,20551218,,,,,,,,,,,,,,,,,,,,,,,,,,,,,,,,,
,,,,20551219,,,,,,,,,,,,,,,,,,,,,,,,,,,,,,,,,
,,,,20551224,,,,,,,,,,,,,,,,,,,,,,,,,,,,,,,,,
,,,,20551225,,,,,,,,,,,,,,,,,,,,,,,,,,,,,,,,,
,,,,20551226,,,,,,,,,,,,,,,,,,,,,,,,,,,,,,,,,
,,,,20560101,,,,,,,,,,,,,,,,,,,,,,,,,,,,,,,,,
,,,,20560102,,,,,,,,,,,,,,,,,,,,,,,,,,,,,,,,,
,,,,20560108,,,,,,,,,,,,,,,,,,,,,,,,,,,,,,,,,
,,,,20560109,,,,,,,,,,,,,,,,,,,,,,,,,,,,,,,,,
,,,,20560115,,,,,,,,,,,,,,,,,,,,,,,,,,,,,,,,,
,,,,20560116,,,,,,,,,,,,,,,,,,,,,,,,,,,,,,,,,
,,,,20560117,,,,,,,,,,,,,,,,,,,,,,,,,,,,,,,,,
,,,,20560122,,,,,,,,,,,,,,,,,,,,,,,,,,,,,,,,,
,,,,20560123,,,,,,,,,,,,,,,,,,,,,,,,,,,,,,,,,
,,,,20560129,,,,,,,,,,,,,,,,,,,,,,,,,,,,,,,,,
,,,,20560130,,,,,,,,,,,,,,,,,,,,,,,,,,,,,,,,,
,,,,20560205,,,,,,,,,,,,,,,,,,,,,,,,,,,,,,,,,
,,,,20560206,,,,,,,,,,,,,,,,,,,,,,,,,,,,,,,,,
,,,,20560212,,,,,,,,,,,,,,,,,,,,,,,,,,,,,,,,,
,,,,20560213,,,,,,,,,,,,,,,,,,,,,,,,,,,,,,,,,
,,,,20560219,,,,,,,,,,,,,,,,,,,,,,,,,,,,,,,,,
,,,,20560220,,,,,,,,,,,,,,,,,,,,,,,,,,,,,,,,,
,,,,20560221,,,,,,,,,,,,,,,,,,,,,,,,,,,,,,,,,
,,,,20560226,,,,,,,,,,,,,,,,,,,,,,,,,,,,,,,,,
,,,,20560227,,,,,,,,,,,,,,,,,,,,,,,,,,,,,,,,,
,,,,20560304,,,,,,,,,,,,,,,,,,,,,,,,,,,,,,,,,
,,,,20560305,,,,,,,,,,,,,,,,,,,,,,,,,,,,,,,,,
,,,,20560311,,,,,,,,,,,,,,,,,,,,,,,,,,,,,,,,,
,,,,20560312,,,,,,,,,,,,,,,,,,,,,,,,,,,,,,,,,
,,,,20560318,,,,,,,,,,,,,,,,,,,,,,,,,,,,,,,,,
,,,,20560319,,,,,,,,,,,,,,,,,,,,,,,,,,,,,,,,,
,,,,20560325,,,,,,,,,,,,,,,,,,,,,,,,,,,,,,,,,
,,,,20560326,,,,,,,,,,,,,,,,,,,,,,,,,,,,,,,,,
,,,,20560331,,,,,,,,,,,,,,,,,,,,,,,,,,,,,,,,,
,,,,20560401,,,,,,,,,,,,,,,,,,,,,,,,,,,,,,,,,
,,,,20560402,,,,,,,,,,,,,,,,,,,,,,,,,,,,,,,,,
,,,,20560408,,,,,,,,,,,,,,,,,,,,,,,,,,,,,,,,,
,,,,20560409,,,,,,,,,,,,,,,,,,,,,,,,,,,,,,,,,
,,,,20560415,,,,,,,,,,,,,,,,,,,,,,,,,,,,,,,,,
,,,,20560416,,,,,,,,,,,,,,,,,,,,,,,,,,,,,,,,,
,,,,20560422,,,,,,,,,,,,,,,,,,,,,,,,,,,,,,,,,
,,,,20560423,,,,,,,,,,,,,,,,,,,,,,,,,,,,,,,,,
,,,,20560429,,,,,,,,,,,,,,,,,,,,,,,,,,,,,,,,,
,,,,20560430,,,,,,,,,,,,,,,,,,,,,,,,,,,,,,,,,
,,,,20560506,,,,,,,,,,,,,,,,,,,,,,,,,,,,,,,,,
,,,,20560507,,,,,,,,,,,,,,,,,,,,,,,,,,,,,,,,,
,,,,20560513,,,,,,,,,,,,,,,,,,,,,,,,,,,,,,,,,
,,,,20560514,,,,,,,,,,,,,,,,,,,,,,,,,,,,,,,,,
,,,,20560520,,,,,,,,,,,,,,,,,,,,,,,,,,,,,,,,,
,,,,20560521,,,,,,,,,,,,,,,,,,,,,,,,,,,,,,,,,
,,,,20560527,,,,,,,,,,,,,,,,,,,,,,,,,,,,,,,,,
,,,,20560528,,,,,,,,,,,,,,,,,,,,,,,,,,,,,,,,,
,,,,20560529,,,,,,,,,,,,,,,,,,,,,,,,,,,,,,,,,
,,,,20560603,,,,,,,,,,,,,,,,,,,,,,,,,,,,,,,,,
,,,,20560604,,,,,,,,,,,,,,,,,,,,,,,,,,,,,,,,,
,,,,20560610,,,,,,,,,,,,,,,,,,,,,,,,,,,,,,,,,
,,,,20560611,,,,,,,,,,,,,,,,,,,,,,,,,,,,,,,,,
,,,,20560617,,,,,,,,,,,,,,,,,,,,,,,,,,,,,,,,,
,,,,20560618,,,,,,,,,,,,,,,,,,,,,,,,,,,,,,,,,
,,,,20560624,,,,,,,,,,,,,,,,,,,,,,,,,,,,,,,,,
,,,,20560625,,,,,,,,,,,,,,,,,,,,,,,,,,,,,,,,,
,,,,20560701,,,,,,,,,,,,,,,,,,,,,,,,,,,,,,,,,
,,,,20560702,,,,,,,,,,,,,,,,,,,,,,,,,,,,,,,,,
,,,,20560704,,,,,,,,,,,,,,,,,,,,,,,,,,,,,,,,,
,,,,20560708,,,,,,,,,,,,,,,,,,,,,,,,,,,,,,,,,
,,,,20560709,,,,,,,,,,,,,,,,,,,,,,,,,,,,,,,,,
,,,,20560715,,,,,,,,,,,,,,,,,,,,,,,,,,,,,,,,,
,,,,20560716,,,,,,,,,,,,,,,,,,,,,,,,,,,,,,,,,
,,,,20560722,,,,,,,,,,,,,,,,,,,,,,,,,,,,,,,,,
,,,,20560723,,,,,,,,,,,,,,,,,,,,,,,,,,,,,,,,,
,,,,20560729,,,,,,,,,,,,,,,,,,,,,,,,,,,,,,,,,
,,,,20560730,,,,,,,,,,,,,,,,,,,,,,,,,,,,,,,,,
,,,,20560805,,,,,,,,,,,,,,,,,,,,,,,,,,,,,,,,,
,,,,20560806,,,,,,,,,,,,,,,,,,,,,,,,,,,,,,,,,
,,,,20560812,,,,,,,,,,,,,,,,,,,,,,,,,,,,,,,,,
,,,,20560813,,,,,,,,,,,,,,,,,,,,,,,,,,,,,,,,,
,,,,20560819,,,,,,,,,,,,,,,,,,,,,,,,,,,,,,,,,
,,,,20560820,,,,,,,,,,,,,,,,,,,,,,,,,,,,,,,,,
,,,,20560826,,,,,,,,,,,,,,,,,,,,,,,,,,,,,,,,,
,,,,20560827,,,,,,,,,,,,,,,,,,,,,,,,,,,,,,,,,
,,,,20560902,,,,,,,,,,,,,,,,,,,,,,,,,,,,,,,,,
,,,,20560903,,,,,,,,,,,,,,,,,,,,,,,,,,,,,,,,,
,,,,20560904,,,,,,,,,,,,,,,,,,,,,,,,,,,,,,,,,
,,,,20560909,,,,,,,,,,,,,,,,,,,,,,,,,,,,,,,,,
,,,,20560910,,,,,,,,,,,,,,,,,,,,,,,,,,,,,,,,,
,,,,20560916,,,,,,,,,,,,,,,,,,,,,,,,,,,,,,,,,
,,,,20560917,,,,,,,,,,,,,,,,,,,,,,,,,,,,,,,,,
,,,,20560923,,,,,,,,,,,,,,,,,,,,,,,,,,,,,,,,,
,,,,20560924,,,,,,,,,,,,,,,,,,,,,,,,,,,,,,,,,
,,,,20560930,,,,,,,,,,,,,,,,,,,,,,,,,,,,,,,,,
,,,,20561001,,,,,,,,,,,,,,,,,,,,,,,,,,,,,,,,,
,,,,20561007,,,,,,,,,,,,,,,,,,,,,,,,,,,,,,,,,
,,,,20561008,,,,,,,,,,,,,,,,,,,,,,,,,,,,,,,,,
,,,,20561009,,,,,,,,,,,,,,,,,,,,,,,,,,,,,,,,,
,,,,20561014,,,,,,,,,,,,,,,,,,,,,,,,,,,,,,,,,
,,,,20561015,,,,,,,,,,,,,,,,,,,,,,,,,,,,,,,,,
,,,,20561021,,,,,,,,,,,,,,,,,,,,,,,,,,,,,,,,,
,,,,20561022,,,,,,,,,,,,,,,,,,,,,,,,,,,,,,,,,
,,,,20561028,,,,,,,,,,,,,,,,,,,,,,,,,,,,,,,,,
,,,,20561029,,,,,,,,,,,,,,,,,,,,,,,,,,,,,,,,,
,,,,20561104,,,,,,,,,,,,,,,,,,,,,,,,,,,,,,,,,
,,,,20561105,,,,,,,,,,,,,,,,,,,,,,,,,,,,,,,,,
,,,,20561111,,,,,,,,,,,,,,,,,,,,,,,,,,,,,,,,,
,,,,20561112,,,,,,,,,,,,,,,,,,,,,,,,,,,,,,,,,
,,,,20561118,,,,,,,,,,,,,,,,,,,,,,,,,,,,,,,,,
,,,,20561119,,,,,,,,,,,,,,,,,,,,,,,,,,,,,,,,,
,,,,20561123,,,,,,,,,,,,,,,,,,,,,,,,,,,,,,,,,
,,,,20561125,,,,,,,,,,,,,,,,,,,,,,,,,,,,,,,,,
,,,,20561126,,,,,,,,,,,,,,,,,,,,,,,,,,,,,,,,,
,,,,20561202,,,,,,,,,,,,,,,,,,,,,,,,,,,,,,,,,
,,,,20561203,,,,,,,,,,,,,,,,,,,,,,,,,,,,,,,,,
,,,,20561209,,,,,,,,,,,,,,,,,,,,,,,,,,,,,,,,,
,,,,20561210,,,,,,,,,,,,,,,,,,,,,,,,,,,,,,,,,
,,,,20561216,,,,,,,,,,,,,,,,,,,,,,,,,,,,,,,,,
,,,,20561217,,,,,,,,,,,,,,,,,,,,,,,,,,,,,,,,,
,,,,20561223,,,,,,,,,,,,,,,,,,,,,,,,,,,,,,,,,
,,,,20561224,,,,,,,,,,,,,,,,,,,,,,,,,,,,,,,,,
,,,,20561225,,,,,,,,,,,,,,,,,,,,,,,,,,,,,,,,,
,,,,20561230,,,,,,,,,,,,,,,,,,,,,,,,,,,,,,,,,
,,,,20561231,,,,,,,,,,,,,,,,,,,,,,,,,,,,,,,,,
,,,,20570101,,,,,,,,,,,,,,,,,,,,,,,,,,,,,,,,,
,,,,20570106,,,,,,,,,,,,,,,,,,,,,,,,,,,,,,,,,
,,,,20570107,,,,,,,,,,,,,,,,,,,,,,,,,,,,,,,,,
,,,,20570113,,,,,,,,,,,,,,,,,,,,,,,,,,,,,,,,,
,,,,20570114,,,,,,,,,,,,,,,,,,,,,,,,,,,,,,,,,
,,,,20570115,,,,,,,,,,,,,,,,,,,,,,,,,,,,,,,,,
,,,,20570120,,,,,,,,,,,,,,,,,,,,,,,,,,,,,,,,,
,,,,20570121,,,,,,,,,,,,,,,,,,,,,,,,,,,,,,,,,
,,,,20570127,,,,,,,,,,,,,,,,,,,,,,,,,,,,,,,,,
,,,,20570128,,,,,,,,,,,,,,,,,,,,,,,,,,,,,,,,,
,,,,20570203,,,,,,,,,,,,,,,,,,,,,,,,,,,,,,,,,
,,,,20570204,,,,,,,,,,,,,,,,,,,,,,,,,,,,,,,,,
,,,,20570210,,,,,,,,,,,,,,,,,,,,,,,,,,,,,,,,,
,,,,20570211,,,,,,,,,,,,,,,,,,,,,,,,,,,,,,,,,
,,,,20570217,,,,,,,,,,,,,,,,,,,,,,,,,,,,,,,,,
,,,,20570218,,,,,,,,,,,,,,,,,,,,,,,,,,,,,,,,,
,,,,20570219,,,,,,,,,,,,,,,,,,,,,,,,,,,,,,,,,
,,,,20570224,,,,,,,,,,,,,,,,,,,,,,,,,,,,,,,,,
,,,,20570225,,,,,,,,,,,,,,,,,,,,,,,,,,,,,,,,,
,,,,20570303,,,,,,,,,,,,,,,,,,,,,,,,,,,,,,,,,
,,,,20570304,,,,,,,,,,,,,,,,,,,,,,,,,,,,,,,,,
,,,,20570310,,,,,,,,,,,,,,,,,,,,,,,,,,,,,,,,,
,,,,20570311,,,,,,,,,,,,,,,,,,,,,,,,,,,,,,,,,
,,,,20570317,,,,,,,,,,,,,,,,,,,,,,,,,,,,,,,,,
,,,,20570318,,,,,,,,,,,,,,,,,,,,,,,,,,,,,,,,,
,,,,20570324,,,,,,,,,,,,,,,,,,,,,,,,,,,,,,,,,
,,,,20570325,,,,,,,,,,,,,,,,,,,,,,,,,,,,,,,,,
,,,,20570331,,,,,,,,,,,,,,,,,,,,,,,,,,,,,,,,,
,,,,20570401,,,,,,,,,,,,,,,,,,,,,,,,,,,,,,,,,
,,,,20570407,,,,,,,,,,,,,,,,,,,,,,,,,,,,,,,,,
,,,,20570408,,,,,,,,,,,,,,,,,,,,,,,,,,,,,,,,,
,,,,20570414,,,,,,,,,,,,,,,,,,,,,,,,,,,,,,,,,
,,,,20570415,,,,,,,,,,,,,,,,,,,,,,,,,,,,,,,,,
,,,,20570420,,,,,,,,,,,,,,,,,,,,,,,,,,,,,,,,,
,,,,20570421,,,,,,,,,,,,,,,,,,,,,,,,,,,,,,,,,
,,,,20570422,,,,,,,,,,,,,,,,,,,,,,,,,,,,,,,,,
,,,,20570428,,,,,,,,,,,,,,,,,,,,,,,,,,,,,,,,,
,,,,20570429,,,,,,,,,,,,,,,,,,,,,,,,,,,,,,,,,
,,,,20570505,,,,,,,,,,,,,,,,,,,,,,,,,,,,,,,,,
,,,,20570506,,,,,,,,,,,,,,,,,,,,,,,,,,,,,,,,,
,,,,20570512,,,,,,,,,,,,,,,,,,,,,,,,,,,,,,,,,
,,,,20570513,,,,,,,,,,,,,,,,,,,,,,,,,,,,,,,,,
,,,,20570519,,,,,,,,,,,,,,,,,,,,,,,,,,,,,,,,,
,,,,20570520,,,,,,,,,,,,,,,,,,,,,,,,,,,,,,,,,
,,,,20570526,,,,,,,,,,,,,,,,,,,,,,,,,,,,,,,,,
,,,,20570527,,,,,,,,,,,,,,,,,,,,,,,,,,,,,,,,,
,,,,20570528,,,,,,,,,,,,,,,,,,,,,,,,,,,,,,,,,
,,,,20570602,,,,,,,,,,,,,,,,,,,,,,,,,,,,,,,,,
,,,,20570603,,,,,,,,,,,,,,,,,,,,,,,,,,,,,,,,,
,,,,20570609,,,,,,,,,,,,,,,,,,,,,,,,,,,,,,,,,
,,,,20570610,,,,,,,,,,,,,,,,,,,,,,,,,,,,,,,,,
,,,,20570616,,,,,,,,,,,,,,,,,,,,,,,,,,,,,,,,,
,,,,20570617,,,,,,,,,,,,,,,,,,,,,,,,,,,,,,,,,
,,,,20570623,,,,,,,,,,,,,,,,,,,,,,,,,,,,,,,,,
,,,,20570624,,,,,,,,,,,,,,,,,,,,,,,,,,,,,,,,,
,,,,20570630,,,,,,,,,,,,,,,,,,,,,,,,,,,,,,,,,
,,,,20570701,,,,,,,,,,,,,,,,,,,,,,,,,,,,,,,,,
,,,,20570704,,,,,,,,,,,,,,,,,,,,,,,,,,,,,,,,,
,,,,20570707,,,,,,,,,,,,,,,,,,,,,,,,,,,,,,,,,
,,,,20570708,,,,,,,,,,,,,,,,,,,,,,,,,,,,,,,,,
,,,,20570714,,,,,,,,,,,,,,,,,,,,,,,,,,,,,,,,,
,,,,20570715,,,,,,,,,,,,,,,,,,,,,,,,,,,,,,,,,
,,,,20570721,,,,,,,,,,,,,,,,,,,,,,,,,,,,,,,,,
,,,,20570722,,,,,,,,,,,,,,,,,,,,,,,,,,,,,,,,,
,,,,20570728,,,,,,,,,,,,,,,,,,,,,,,,,,,,,,,,,
,,,,20570729,,,,,,,,,,,,,,,,,,,,,,,,,,,,,,,,,
,,,,20570804,,,,,,,,,,,,,,,,,,,,,,,,,,,,,,,,,
,,,,20570805,,,,,,,,,,,,,,,,,,,,,,,,,,,,,,,,,
,,,,20570811,,,,,,,,,,,,,,,,,,,,,,,,,,,,,,,,,
,,,,20570812,,,,,,,,,,,,,,,,,,,,,,,,,,,,,,,,,
,,,,20570818,,,,,,,,,,,,,,,,,,,,,,,,,,,,,,,,,
,,,,20570819,,,,,,,,,,,,,,,,,,,,,,,,,,,,,,,,,
,,,,20570825,,,,,,,,,,,,,,,,,,,,,,,,,,,,,,,,,
,,,,20570826,,,,,,,,,,,,,,,,,,,,,,,,,,,,,,,,,
,,,,20570901,,,,,,,,,,,,,,,,,,,,,,,,,,,,,,,,,
,,,,20570902,,,,,,,,,,,,,,,,,,,,,,,,,,,,,,,,,
,,,,20570903,,,,,,,,,,,,,,,,,,,,,,,,,,,,,,,,,
,,,,20570908,,,,,,,,,,,,,,,,,,,,,,,,,,,,,,,,,
,,,,20570909,,,,,,,,,,,,,,,,,,,,,,,,,,,,,,,,,
,,,,20570915,,,,,,,,,,,,,,,,,,,,,,,,,,,,,,,,,
,,,,20570916,,,,,,,,,,,,,,,,,,,,,,,,,,,,,,,,,
,,,,20570922,,,,,,,,,,,,,,,,,,,,,,,,,,,,,,,,,
,,,,20570923,,,,,,,,,,,,,,,,,,,,,,,,,,,,,,,,,
,,,,20570929,,,,,,,,,,,,,,,,,,,,,,,,,,,,,,,,,
,,,,20570930,,,,,,,,,,,,,,,,,,,,,,,,,,,,,,,,,
,,,,20571006,,,,,,,,,,,,,,,,,,,,,,,,,,,,,,,,,
,,,,20571007,,,,,,,,,,,,,,,,,,,,,,,,,,,,,,,,,
,,,,20571008,,,,,,,,,,,,,,,,,,,,,,,,,,,,,,,,,
,,,,20571013,,,,,,,,,,,,,,,,,,,,,,,,,,,,,,,,,
,,,,20571014,,,,,,,,,,,,,,,,,,,,,,,,,,,,,,,,,
,,,,20571020,,,,,,,,,,,,,,,,,,,,,,,,,,,,,,,,,
,,,,20571021,,,,,,,,,,,,,,,,,,,,,,,,,,,,,,,,,
,,,,20571027,,,,,,,,,,,,,,,,,,,,,,,,,,,,,,,,,
,,,,20571028,,,,,,,,,,,,,,,,,,,,,,,,,,,,,,,,,
,,,,20571103,,,,,,,,,,,,,,,,,,,,,,,,,,,,,,,,,
,,,,20571104,,,,,,,,,,,,,,,,,,,,,,,,,,,,,,,,,
,,,,20571110,,,,,,,,,,,,,,,,,,,,,,,,,,,,,,,,,
,,,,20571111,,,,,,,,,,,,,,,,,,,,,,,,,,,,,,,,,
,,,,20571112,,,,,,,,,,,,,,,,,,,,,,,,,,,,,,,,,
,,,,20571117,,,,,,,,,,,,,,,,,,,,,,,,,,,,,,,,,
,,,,20571118,,,,,,,,,,,,,,,,,,,,,,,,,,,,,,,,,
,,,,20571122,,,,,,,,,,,,,,,,,,,,,,,,,,,,,,,,,
,,,,20571124,,,,,,,,,,,,,,,,,,,,,,,,,,,,,,,,,
,,,,20571125,,,,,,,,,,,,,,,,,,,,,,,,,,,,,,,,,
,,,,20571201,,,,,,,,,,,,,,,,,,,,,,,,,,,,,,,,,
,,,,20571202,,,,,,,,,,,,,,,,,,,,,,,,,,,,,,,,,
,,,,20571208,,,,,,,,,,,,,,,,,,,,,,,,,,,,,,,,,
,,,,20571209,,,,,,,,,,,,,,,,,,,,,,,,,,,,,,,,,
,,,,20571215,,,,,,,,,,,,,,,,,,,,,,,,,,,,,,,,,
,,,,20571216,,,,,,,,,,,,,,,,,,,,,,,,,,,,,,,,,
,,,,20571222,,,,,,,,,,,,,,,,,,,,,,,,,,,,,,,,,
,,,,20571223,,,,,,,,,,,,,,,,,,,,,,,,,,,,,,,,,
,,,,20571225,,,,,,,,,,,,,,,,,,,,,,,,,,,,,,,,,
,,,,20571229,,,,,,,,,,,,,,,,,,,,,,,,,,,,,,,,,
,,,,20571230,,,,,,,,,,,,,,,,,,,,,,,,,,,,,,,,,
,,,,20580101,,,,,,,,,,,,,,,,,,,,,,,,,,,,,,,,,
,,,,20580105,,,,,,,,,,,,,,,,,,,,,,,,,,,,,,,,,
,,,,20580106,,,,,,,,,,,,,,,,,,,,,,,,,,,,,,,,,
,,,,20580112,,,,,,,,,,,,,,,,,,,,,,,,,,,,,,,,,
,,,,20580113,,,,,,,,,,,,,,,,,,,,,,,,,,,,,,,,,
,,,,20580119,,,,,,,,,,,,,,,,,,,,,,,,,,,,,,,,,
,,,,20580120,,,,,,,,,,,,,,,,,,,,,,,,,,,,,,,,,
,,,,20580121,,,,,,,,,,,,,,,,,,,,,,,,,,,,,,,,,
,,,,20580126,,,,,,,,,,,,,,,,,,,,,,,,,,,,,,,,,
,,,,20580127,,,,,,,,,,,,,,,,,,,,,,,,,,,,,,,,,
,,,,20580202,,,,,,,,,,,,,,,,,,,,,,,,,,,,,,,,,
,,,,20580203,,,,,,,,,,,,,,,,,,,,,,,,,,,,,,,,,
,,,,20580209,,,,,,,,,,,,,,,,,,,,,,,,,,,,,,,,,
,,,,20580210,,,,,,,,,,,,,,,,,,,,,,,,,,,,,,,,,
,,,,20580216,,,,,,,,,,,,,,,,,,,,,,,,,,,,,,,,,
,,,,20580217,,,,,,,,,,,,,,,,,,,,,,,,,,,,,,,,,
,,,,20580218,,,,,,,,,,,,,,,,,,,,,,,,,,,,,,,,,
,,,,20580223,,,,,,,,,,,,,,,,,,,,,,,,,,,,,,,,,
,,,,20580224,,,,,,,,,,,,,,,,,,,,,,,,,,,,,,,,,
,,,,20580302,,,,,,,,,,,,,,,,,,,,,,,,,,,,,,,,,
,,,,20580303,,,,,,,,,,,,,,,,,,,,,,,,,,,,,,,,,
,,,,20580309,,,,,,,,,,,,,,,,,,,,,,,,,,,,,,,,,
,,,,20580310,,,,,,,,,,,,,,,,,,,,,,,,,,,,,,,,,
,,,,20580316,,,,,,,,,,,,,,,,,,,,,,,,,,,,,,,,,
,,,,20580317,,,,,,,,,,,,,,,,,,,,,,,,,,,,,,,,,
,,,,20580323,,,,,,,,,,,,,,,,,,,,,,,,,,,,,,,,,
,,,,20580324,,,,,,,,,,,,,,,,,,,,,,,,,,,,,,,,,
,,,,20580330,,,,,,,,,,,,,,,,,,,,,,,,,,,,,,,,,
,,,,20580331,,,,,,,,,,,,,,,,,,,,,,,,,,,,,,,,,
,,,,20580406,,,,,,,,,,,,,,,,,,,,,,,,,,,,,,,,,
,,,,20580407,,,,,,,,,,,,,,,,,,,,,,,,,,,,,,,,,
,,,,20580412,,,,,,,,,,,,,,,,,,,,,,,,,,,,,,,,,
,,,,20580413,,,,,,,,,,,,,,,,,,,,,,,,,,,,,,,,,
,,,,20580414,,,,,,,,,,,,,,,,,,,,,,,,,,,,,,,,,
,,,,20580420,,,,,,,,,,,,,,,,,,,,,,,,,,,,,,,,,
,,,,20580421,,,,,,,,,,,,,,,,,,,,,,,,,,,,,,,,,
,,,,20580427,,,,,,,,,,,,,,,,,,,,,,,,,,,,,,,,,
,,,,20580428,,,,,,,,,,,,,,,,,,,,,,,,,,,,,,,,,
,,,,20580504,,,,,,,,,,,,,,,,,,,,,,,,,,,,,,,,,
,,,,20580505,,,,,,,,,,,,,,,,,,,,,,,,,,,,,,,,,
,,,,20580511,,,,,,,,,,,,,,,,,,,,,,,,,,,,,,,,,
,,,,20580512,,,,,,,,,,,,,,,,,,,,,,,,,,,,,,,,,
,,,,20580518,,,,,,,,,,,,,,,,,,,,,,,,,,,,,,,,,
,,,,20580519,,,,,,,,,,,,,,,,,,,,,,,,,,,,,,,,,
,,,,20580525,,,,,,,,,,,,,,,,,,,,,,,,,,,,,,,,,
,,,,20580526,,,,,,,,,,,,,,,,,,,,,,,,,,,,,,,,,
,,,,20580527,,,,,,,,,,,,,,,,,,,,,,,,,,,,,,,,,
,,,,20580601,,,,,,,,,,,,,,,,,,,,,,,,,,,,,,,,,
,,,,20580602,,,,,,,,,,,,,,,,,,,,,,,,,,,,,,,,,
,,,,20580608,,,,,,,,,,,,,,,,,,,,,,,,,,,,,,,,,
,,,,20580609,,,,,,,,,,,,,,,,,,,,,,,,,,,,,,,,,
,,,,20580615,,,,,,,,,,,,,,,,,,,,,,,,,,,,,,,,,
,,,,20580616,,,,,,,,,,,,,,,,,,,,,,,,,,,,,,,,,
,,,,20580622,,,,,,,,,,,,,,,,,,,,,,,,,,,,,,,,,
,,,,20580623,,,,,,,,,,,,,,,,,,,,,,,,,,,,,,,,,
,,,,20580629,,,,,,,,,,,,,,,,,,,,,,,,,,,,,,,,,
,,,,20580630,,,,,,,,,,,,,,,,,,,,,,,,,,,,,,,,,
,,,,20580704,,,,,,,,,,,,,,,,,,,,,,,,,,,,,,,,,
,,,,20580706,,,,,,,,,,,,,,,,,,,,,,,,,,,,,,,,,
,,,,20580707,,,,,,,,,,,,,,,,,,,,,,,,,,,,,,,,,
,,,,20580713,,,,,,,,,,,,,,,,,,,,,,,,,,,,,,,,,
,,,,20580714,,,,,,,,,,,,,,,,,,,,,,,,,,,,,,,,,
,,,,20580720,,,,,,,,,,,,,,,,,,,,,,,,,,,,,,,,,
,,,,20580721,,,,,,,,,,,,,,,,,,,,,,,,,,,,,,,,,
,,,,20580727,,,,,,,,,,,,,,,,,,,,,,,,,,,,,,,,,
,,,,20580728,,,,,,,,,,,,,,,,,,,,,,,,,,,,,,,,,
,,,,20580803,,,,,,,,,,,,,,,,,,,,,,,,,,,,,,,,,
,,,,20580804,,,,,,,,,,,,,,,,,,,,,,,,,,,,,,,,,
,,,,20580810,,,,,,,,,,,,,,,,,,,,,,,,,,,,,,,,,
,,,,20580811,,,,,,,,,,,,,,,,,,,,,,,,,,,,,,,,,
,,,,20580817,,,,,,,,,,,,,,,,,,,,,,,,,,,,,,,,,
,,,,20580818,,,,,,,,,,,,,,,,,,,,,,,,,,,,,,,,,
,,,,20580824,,,,,,,,,,,,,,,,,,,,,,,,,,,,,,,,,
,,,,20580825,,,,,,,,,,,,,,,,,,,,,,,,,,,,,,,,,
,,,,20580831,,,,,,,,,,,,,,,,,,,,,,,,,,,,,,,,,
,,,,20580901,,,,,,,,,,,,,,,,,,,,,,,,,,,,,,,,,
,,,,20580902,,,,,,,,,,,,,,,,,,,,,,,,,,,,,,,,,
,,,,20580907,,,,,,,,,,,,,,,,,,,,,,,,,,,,,,,,,
,,,,20580908,,,,,,,,,,,,,,,,,,,,,,,,,,,,,,,,,
,,,,20580914,,,,,,,,,,,,,,,,,,,,,,,,,,,,,,,,,
,,,,20580915,,,,,,,,,,,,,,,,,,,,,,,,,,,,,,,,,
,,,,20580921,,,,,,,,,,,,,,,,,,,,,,,,,,,,,,,,,
,,,,20580922,,,,,,,,,,,,,,,,,,,,,,,,,,,,,,,,,
,,,,20580928,,,,,,,,,,,,,,,,,,,,,,,,,,,,,,,,,
,,,,20580929,,,,,,,,,,,,,,,,,,,,,,,,,,,,,,,,,
,,,,20581005,,,,,,,,,,,,,,,,,,,,,,,,,,,,,,,,,
,,,,20581006,,,,,,,,,,,,,,,,,,,,,,,,,,,,,,,,,
,,,,20581012,,,,,,,,,,,,,,,,,,,,,,,,,,,,,,,,,
,,,,20581013,,,,,,,,,,,,,,,,,,,,,,,,,,,,,,,,,
,,,,20581014,,,,,,,,,,,,,,,,,,,,,,,,,,,,,,,,,
,,,,20581019,,,,,,,,,,,,,,,,,,,,,,,,,,,,,,,,,
,,,,20581020,,,,,,,,,,,,,,,,,,,,,,,,,,,,,,,,,
,,,,20581026,,,,,,,,,,,,,,,,,,,,,,,,,,,,,,,,,
,,,,20581027,,,,,,,,,,,,,,,,,,,,,,,,,,,,,,,,,
,,,,20581102,,,,,,,,,,,,,,,,,,,,,,,,,,,,,,,,,
,,,,20581103,,,,,,,,,,,,,,,,,,,,,,,,,,,,,,,,,
,,,,20581109,,,,,,,,,,,,,,,,,,,,,,,,,,,,,,,,,
,,,,20581110,,,,,,,,,,,,,,,,,,,,,,,,,,,,,,,,,
,,,,20581111,,,,,,,,,,,,,,,,,,,,,,,,,,,,,,,,,
,,,,20581116,,,,,,,,,,,,,,,,,,,,,,,,,,,,,,,,,
,,,,20581117,,,,,,,,,,,,,,,,,,,,,,,,,,,,,,,,,
,,,,20581123,,,,,,,,,,,,,,,,,,,,,,,,,,,,,,,,,
,,,,20581124,,,,,,,,,,,,,,,,,,,,,,,,,,,,,,,,,
,,,,20581128,,,,,,,,,,,,,,,,,,,,,,,,,,,,,,,,,
,,,,20581130,,,,,,,,,,,,,,,,,,,,,,,,,,,,,,,,,
,,,,20581201,,,,,,,,,,,,,,,,,,,,,,,,,,,,,,,,,
,,,,20581207,,,,,,,,,,,,,,,,,,,,,,,,,,,,,,,,,
,,,,20581208,,,,,,,,,,,,,,,,,,,,,,,,,,,,,,,,,
,,,,20581214,,,,,,,,,,,,,,,,,,,,,,,,,,,,,,,,,
,,,,20581215,,,,,,,,,,,,,,,,,,,,,,,,,,,,,,,,,
,,,,20581221,,,,,,,,,,,,,,,,,,,,,,,,,,,,,,,,,
,,,,20581222,,,,,,,,,,,,,,,,,,,,,,,,,,,,,,,,,
,,,,20581225,,,,,,,,,,,,,,,,,,,,,,,,,,,,,,,,,
,,,,20581228,,,,,,,,,,,,,,,,,,,,,,,,,,,,,,,,,
,,,,20581229,,,,,,,,,,,,,,,,,,,,,,,,,,,,,,,,,
,,,,20590101,,,,,,,,,,,,,,,,,,,,,,,,,,,,,,,,,
,,,,20590104,,,,,,,,,,,,,,,,,,,,,,,,,,,,,,,,,
,,,,20590105,,,,,,,,,,,,,,,,,,,,,,,,,,,,,,,,,
,,,,20590111,,,,,,,,,,,,,,,,,,,,,,,,,,,,,,,,,
,,,,20590112,,,,,,,,,,,,,,,,,,,,,,,,,,,,,,,,,
,,,,20590118,,,,,,,,,,,,,,,,,,,,,,,,,,,,,,,,,
,,,,20590119,,,,,,,,,,,,,,,,,,,,,,,,,,,,,,,,,
,,,,20590120,,,,,,,,,,,,,,,,,,,,,,,,,,,,,,,,,
,,,,20590125,,,,,,,,,,,,,,,,,,,,,,,,,,,,,,,,,
,,,,20590126,,,,,,,,,,,,,,,,,,,,,,,,,,,,,,,,,
,,,,20590201,,,,,,,,,,,,,,,,,,,,,,,,,,,,,,,,,
,,,,20590202,,,,,,,,,,,,,,,,,,,,,,,,,,,,,,,,,
,,,,20590208,,,,,,,,,,,,,,,,,,,,,,,,,,,,,,,,,
,,,,20590209,,,,,,,,,,,,,,,,,,,,,,,,,,,,,,,,,
,,,,20590215,,,,,,,,,,,,,,,,,,,,,,,,,,,,,,,,,
,,,,20590216,,,,,,,,,,,,,,,,,,,,,,,,,,,,,,,,,
,,,,20590217,,,,,,,,,,,,,,,,,,,,,,,,,,,,,,,,,
,,,,20590222,,,,,,,,,,,,,,,,,,,,,,,,,,,,,,,,,
,,,,20590223,,,,,,,,,,,,,,,,,,,,,,,,,,,,,,,,,
,,,,20590301,,,,,,,,,,,,,,,,,,,,,,,,,,,,,,,,,
,,,,20590302,,,,,,,,,,,,,,,,,,,,,,,,,,,,,,,,,
,,,,20590308,,,,,,,,,,,,,,,,,,,,,,,,,,,,,,,,,
,,,,20590309,,,,,,,,,,,,,,,,,,,,,,,,,,,,,,,,,
,,,,20590315,,,,,,,,,,,,,,,,,,,,,,,,,,,,,,,,,
,,,,20590316,,,,,,,,,,,,,,,,,,,,,,,,,,,,,,,,,
,,,,20590322,,,,,,,,,,,,,,,,,,,,,,,,,,,,,,,,,
,,,,20590323,,,,,,,,,,,,,,,,,,,,,,,,,,,,,,,,,
,,,,20590328,,,,,,,,,,,,,,,,,,,,,,,,,,,,,,,,,
,,,,20590329,,,,,,,,,,,,,,,,,,,,,,,,,,,,,,,,,
,,,,20590330,,,,,,,,,,,,,,,,,,,,,,,,,,,,,,,,,
,,,,20590405,,,,,,,,,,,,,,,,,,,,,,,,,,,,,,,,,
,,,,20590406,,,,,,,,,,,,,,,,,,,,,,,,,,,,,,,,,
,,,,20590412,,,,,,,,,,,,,,,,,,,,,,,,,,,,,,,,,
,,,,20590413,,,,,,,,,,,,,,,,,,,,,,,,,,,,,,,,,
,,,,20590419,,,,,,,,,,,,,,,,,,,,,,,,,,,,,,,,,
,,,,20590420,,,,,,,,,,,,,,,,,,,,,,,,,,,,,,,,,
,,,,20590426,,,,,,,,,,,,,,,,,,,,,,,,,,,,,,,,,
,,,,20590427,,,,,,,,,,,,,,,,,,,,,,,,,,,,,,,,,
,,,,20590503,,,,,,,,,,,,,,,,,,,,,,,,,,,,,,,,,
,,,,20590504,,,,,,,,,,,,,,,,,,,,,,,,,,,,,,,,,
,,,,20590510,,,,,,,,,,,,,,,,,,,,,,,,,,,,,,,,,
,,,,20590511,,,,,,,,,,,,,,,,,,,,,,,,,,,,,,,,,
,,,,20590517,,,,,,,,,,,,,,,,,,,,,,,,,,,,,,,,,
,,,,20590518,,,,,,,,,,,,,,,,,,,,,,,,,,,,,,,,,
,,,,20590524,,,,,,,,,,,,,,,,,,,,,,,,,,,,,,,,,
,,,,20590525,,,,,,,,,,,,,,,,,,,,,,,,,,,,,,,,,
,,,,20590526,,,,,,,,,,,,,,,,,,,,,,,,,,,,,,,,,
,,,,20590531,,,,,,,,,,,,,,,,,,,,,,,,,,,,,,,,,
,,,,20590601,,,,,,,,,,,,,,,,,,,,,,,,,,,,,,,,,
,,,,20590607,,,,,,,,,,,,,,,,,,,,,,,,,,,,,,,,,
,,,,20590608,,,,,,,,,,,,,,,,,,,,,,,,,,,,,,,,,
,,,,20590614,,,,,,,,,,,,,,,,,,,,,,,,,,,,,,,,,
,,,,20590615,,,,,,,,,,,,,,,,,,,,,,,,,,,,,,,,,
,,,,20590621,,,,,,,,,,,,,,,,,,,,,,,,,,,,,,,,,
,,,,20590622,,,,,,,,,,,,,,,,,,,,,,,,,,,,,,,,,
,,,,20590628,,,,,,,,,,,,,,,,,,,,,,,,,,,,,,,,,
,,,,20590629,,,,,,,,,,,,,,,,,,,,,,,,,,,,,,,,,
,,,,20590704,,,,,,,,,,,,,,,,,,,,,,,,,,,,,,,,,
,,,,20590705,,,,,,,,,,,,,,,,,,,,,,,,,,,,,,,,,
,,,,20590706,,,,,,,,,,,,,,,,,,,,,,,,,,,,,,,,,
,,,,20590712,,,,,,,,,,,,,,,,,,,,,,,,,,,,,,,,,
,,,,20590713,,,,,,,,,,,,,,,,,,,,,,,,,,,,,,,,,
,,,,20590719,,,,,,,,,,,,,,,,,,,,,,,,,,,,,,,,,
,,,,20590720,,,,,,,,,,,,,,,,,,,,,,,,,,,,,,,,,
,,,,20590726,,,,,,,,,,,,,,,,,,,,,,,,,,,,,,,,,
,,,,20590727,,,,,,,,,,,,,,,,,,,,,,,,,,,,,,,,,
,,,,20590802,,,,,,,,,,,,,,,,,,,,,,,,,,,,,,,,,
,,,,20590803,,,,,,,,,,,,,,,,,,,,,,,,,,,,,,,,,
,,,,20590809,,,,,,,,,,,,,,,,,,,,,,,,,,,,,,,,,
,,,,20590810,,,,,,,,,,,,,,,,,,,,,,,,,,,,,,,,,
,,,,20590816,,,,,,,,,,,,,,,,,,,,,,,,,,,,,,,,,
,,,,20590817,,,,,,,,,,,,,,,,,,,,,,,,,,,,,,,,,
,,,,20590823,,,,,,,,,,,,,,,,,,,,,,,,,,,,,,,,,
,,,,20590824,,,,,,,,,,,,,,,,,,,,,,,,,,,,,,,,,
,,,,20590830,,,,,,,,,,,,,,,,,,,,,,,,,,,,,,,,,
,,,,20590831,,,,,,,,,,,,,,,,,,,,,,,,,,,,,,,,,
,,,,20590901,,,,,,,,,,,,,,,,,,,,,,,,,,,,,,,,,
,,,,20590906,,,,,,,,,,,,,,,,,,,,,,,,,,,,,,,,,
,,,,20590907,,,,,,,,,,,,,,,,,,,,,,,,,,,,,,,,,
,,,,20590913,,,,,,,,,,,,,,,,,,,,,,,,,,,,,,,,,
,,,,20590914,,,,,,,,,,,,,,,,,,,,,,,,,,,,,,,,,
,,,,20590920,,,,,,,,,,,,,,,,,,,,,,,,,,,,,,,,,
,,,,20590921,,,,,,,,,,,,,,,,,,,,,,,,,,,,,,,,,
,,,,20590927,,,,,,,,,,,,,,,,,,,,,,,,,,,,,,,,,
,,,,20590928,,,,,,,,,,,,,,,,,,,,,,,,,,,,,,,,,
,,,,20591004,,,,,,,,,,,,,,,,,,,,,,,,,,,,,,,,,
,,,,20591005,,,,,,,,,,,,,,,,,,,,,,,,,,,,,,,,,
,,,,20591011,,,,,,,,,,,,,,,,,,,,,,,,,,,,,,,,,
,,,,20591012,,,,,,,,,,,,,,,,,,,,,,,,,,,,,,,,,
,,,,20591013,,,,,,,,,,,,,,,,,,,,,,,,,,,,,,,,,
,,,,20591018,,,,,,,,,,,,,,,,,,,,,,,,,,,,,,,,,
,,,,20591019,,,,,,,,,,,,,,,,,,,,,,,,,,,,,,,,,
,,,,20591025,,,,,,,,,,,,,,,,,,,,,,,,,,,,,,,,,
,,,,20591026,,,,,,,,,,,,,,,,,,,,,,,,,,,,,,,,,
,,,,20591101,,,,,,,,,,,,,,,,,,,,,,,,,,,,,,,,,
,,,,20591102,,,,,,,,,,,,,,,,,,,,,,,,,,,,,,,,,
,,,,20591108,,,,,,,,,,,,,,,,,,,,,,,,,,,,,,,,,
,,,,20591109,,,,,,,,,,,,,,,,,,,,,,,,,,,,,,,,,
,,,,20591111,,,,,,,,,,,,,,,,,,,,,,,,,,,,,,,,,
,,,,20591115,,,,,,,,,,,,,,,,,,,,,,,,,,,,,,,,,
,,,,20591116,,,,,,,,,,,,,,,,,,,,,,,,,,,,,,,,,
,,,,20591122,,,,,,,,,,,,,,,,,,,,,,,,,,,,,,,,,
,,,,20591123,,,,,,,,,,,,,,,,,,,,,,,,,,,,,,,,,
,,,,20591127,,,,,,,,,,,,,,,,,,,,,,,,,,,,,,,,,
,,,,20591129,,,,,,,,,,,,,,,,,,,,,,,,,,,,,,,,,
,,,,20591130,,,,,,,,,,,,,,,,,,,,,,,,,,,,,,,,,
,,,,20591206,,,,,,,,,,,,,,,,,,,,,,,,,,,,,,,,,
,,,,20591207,,,,,,,,,,,,,,,,,,,,,,,,,,,,,,,,,
,,,,20591213,,,,,,,,,,,,,,,,,,,,,,,,,,,,,,,,,
,,,,20591214,,,,,,,,,,,,,,,,,,,,,,,,,,,,,,,,,
,,,,20591220,,,,,,,,,,,,,,,,,,,,,,,,,,,,,,,,,
,,,,20591221,,,,,,,,,,,,,,,,,,,,,,,,,,,,,,,,,
,,,,20591225,,,,,,,,,,,,,,,,,,,,,,,,,,,,,,,,,
,,,,20591227,,,,,,,,,,,,,,,,,,,,,,,,,,,,,,,,,
,,,,20591228,,,,,,,,,,,,,,,,,,,,,,,,,,,,,,,,,
,,,,20600101,,,,,,,,,,,,,,,,,,,,,,,,,,,,,,,,,
,,,,20600103,,,,,,,,,,,,,,,,,,,,,,,,,,,,,,,,,
,,,,20600104,,,,,,,,,,,,,,,,,,,,,,,,,,,,,,,,,
,,,,20600110,,,,,,,,,,,,,,,,,,,,,,,,,,,,,,,,,
,,,,20600111,,,,,,,,,,,,,,,,,,,,,,,,,,,,,,,,,
,,,,20600117,,,,,,,,,,,,,,,,,,,,,,,,,,,,,,,,,
,,,,20600118,,,,,,,,,,,,,,,,,,,,,,,,,,,,,,,,,
,,,,20600119,,,,,,,,,,,,,,,,,,,,,,,,,,,,,,,,,
,,,,20600124,,,,,,,,,,,,,,,,,,,,,,,,,,,,,,,,,
,,,,20600125,,,,,,,,,,,,,,,,,,,,,,,,,,,,,,,,,
,,,,20600131,,,,,,,,,,,,,,,,,,,,,,,,,,,,,,,,,
,,,,20600201,,,,,,,,,,,,,,,,,,,,,,,,,,,,,,,,,
,,,,20600207,,,,,,,,,,,,,,,,,,,,,,,,,,,,,,,,,
,,,,20600208,,,,,,,,,,,,,,,,,,,,,,,,,,,,,,,,,
,,,,20600214,,,,,,,,,,,,,,,,,,,,,,,,,,,,,,,,,
,,,,20600215,,,,,,,,,,,,,,,,,,,,,,,,,,,,,,,,,
,,,,20600216,,,,,,,,,,,,,,,,,,,,,,,,,,,,,,,,,
,,,,20600221,,,,,,,,,,,,,,,,,,,,,,,,,,,,,,,,,
,,,,20600222,,,,,,,,,,,,,,,,,,,,,,,,,,,,,,,,,
,,,,20600228,,,,,,,,,,,,,,,,,,,,,,,,,,,,,,,,,
,,,,20600229,,,,,,,,,,,,,,,,,,,,,,,,,,,,,,,,,
,,,,20600306,,,,,,,,,,,,,,,,,,,,,,,,,,,,,,,,,
,,,,20600307,,,,,,,,,,,,,,,,,,,,,,,,,,,,,,,,,
,,,,20600313,,,,,,,,,,,,,,,,,,,,,,,,,,,,,,,,,
,,,,20600314,,,,,,,,,,,,,,,,,,,,,,,,,,,,,,,,,
,,,,20600320,,,,,,,,,,,,,,,,,,,,,,,,,,,,,,,,,
,,,,20600321,,,,,,,,,,,,,,,,,,,,,,,,,,,,,,,,,
,,,,20600327,,,,,,,,,,,,,,,,,,,,,,,,,,,,,,,,,
,,,,20600328,,,,,,,,,,,,,,,,,,,,,,,,,,,,,,,,,
,,,,20600403,,,,,,,,,,,,,,,,,,,,,,,,,,,,,,,,,
,,,,20600404,,,,,,,,,,,,,,,,,,,,,,,,,,,,,,,,,
,,,,20600410,,,,,,,,,,,,,,,,,,,,,,,,,,,,,,,,,
,,,,20600411,,,,,,,,,,,,,,,,,,,,,,,,,,,,,,,,,
,,,,20600416,,,,,,,,,,,,,,,,,,,,,,,,,,,,,,,,,
,,,,20600417,,,,,,,,,,,,,,,,,,,,,,,,,,,,,,,,,
,,,,20600418,,,,,,,,,,,,,,,,,,,,,,,,,,,,,,,,,
,,,,20600424,,,,,,,,,,,,,,,,,,,,,,,,,,,,,,,,,
,,,,20600425,,,,,,,,,,,,,,,,,,,,,,,,,,,,,,,,,
,,,,20600501,,,,,,,,,,,,,,,,,,,,,,,,,,,,,,,,,
,,,,20600502,,,,,,,,,,,,,,,,,,,,,,,,,,,,,,,,,
,,,,20600508,,,,,,,,,,,,,,,,,,,,,,,,,,,,,,,,,
,,,,20600509,,,,,,,,,,,,,,,,,,,,,,,,,,,,,,,,,
,,,,20600515,,,,,,,,,,,,,,,,,,,,,,,,,,,,,,,,,
,,,,20600516,,,,,,,,,,,,,,,,,,,,,,,,,,,,,,,,,
,,,,20600522,,,,,,,,,,,,,,,,,,,,,,,,,,,,,,,,,
,,,,20600523,,,,,,,,,,,,,,,,,,,,,,,,,,,,,,,,,
,,,,20600529,,,,,,,,,,,,,,,,,,,,,,,,,,,,,,,,,
,,,,20600530,,,,,,,,,,,,,,,,,,,,,,,,,,,,,,,,,
,,,,20600531,,,,,,,,,,,,,,,,,,,,,,,,,,,,,,,,,
,,,,20600605,,,,,,,,,,,,,,,,,,,,,,,,,,,,,,,,,
,,,,20600606,,,,,,,,,,,,,,,,,,,,,,,,,,,,,,,,,
,,,,20600612,,,,,,,,,,,,,,,,,,,,,,,,,,,,,,,,,
,,,,20600613,,,,,,,,,,,,,,,,,,,,,,,,,,,,,,,,,
,,,,20600619,,,,,,,,,,,,,,,,,,,,,,,,,,,,,,,,,
,,,,20600620,,,,,,,,,,,,,,,,,,,,,,,,,,,,,,,,,
,,,,20600626,,,,,,,,,,,,,,,,,,,,,,,,,,,,,,,,,
,,,,20600627,,,,,,,,,,,,,,,,,,,,,,,,,,,,,,,,,
,,,,20600703,,,,,,,,,,,,,,,,,,,,,,,,,,,,,,,,,
,,,,20600704,,,,,,,,,,,,,,,,,,,,,,,,,,,,,,,,,
,,,,20600705,,,,,,,,,,,,,,,,,,,,,,,,,,,,,,,,,
,,,,20600710,,,,,,,,,,,,,,,,,,,,,,,,,,,,,,,,,
,,,,20600711,,,,,,,,,,,,,,,,,,,,,,,,,,,,,,,,,
,,,,20600717,,,,,,,,,,,,,,,,,,,,,,,,,,,,,,,,,
,,,,20600718,,,,,,,,,,,,,,,,,,,,,,,,,,,,,,,,,
,,,,20600724,,,,,,,,,,,,,,,,,,,,,,,,,,,,,,,,,
,,,,20600725,,,,,,,,,,,,,,,,,,,,,,,,,,,,,,,,,
,,,,20600731,,,,,,,,,,,,,,,,,,,,,,,,,,,,,,,,,
,,,,20600801,,,,,,,,,,,,,,,,,,,,,,,,,,,,,,,,,
,,,,20600807,,,,,,,,,,,,,,,,,,,,,,,,,,,,,,,,,
,,,,20600808,,,,,,,,,,,,,,,,,,,,,,,,,,,,,,,,,
,,,,20600814,,,,,,,,,,,,,,,,,,,,,,,,,,,,,,,,,
,,,,20600815,,,,,,,,,,,,,,,,,,,,,,,,,,,,,,,,,
,,,,20600821,,,,,,,,,,,,,,,,,,,,,,,,,,,,,,,,,
,,,,20600822,,,,,,,,,,,,,,,,,,,,,,,,,,,,,,,,,
,,,,20600828,,,,,,,,,,,,,,,,,,,,,,,,,,,,,,,,,
,,,,20600829,,,,,,,,,,,,,,,,,,,,,,,,,,,,,,,,,
,,,,20600904,,,,,,,,,,,,,,,,,,,,,,,,,,,,,,,,,
,,,,20600905,,,,,,,,,,,,,,,,,,,,,,,,,,,,,,,,,
,,,,20600906,,,,,,,,,,,,,,,,,,,,,,,,,,,,,,,,,
,,,,20600911,,,,,,,,,,,,,,,,,,,,,,,,,,,,,,,,,
,,,,20600912,,,,,,,,,,,,,,,,,,,,,,,,,,,,,,,,,
,,,,20600918,,,,,,,,,,,,,,,,,,,,,,,,,,,,,,,,,
,,,,20600919,,,,,,,,,,,,,,,,,,,,,,,,,,,,,,,,,
,,,,20600925,,,,,,,,,,,,,,,,,,,,,,,,,,,,,,,,,
,,,,20600926,,,,,,,,,,,,,,,,,,,,,,,,,,,,,,,,,
,,,,20601002,,,,,,,,,,,,,,,,,,,,,,,,,,,,,,,,,
,,,,20601003,,,,,,,,,,,,,,,,,,,,,,,,,,,,,,,,,
,,,,20601009,,,,,,,,,,,,,,,,,,,,,,,,,,,,,,,,,
,,,,20601010,,,,,,,,,,,,,,,,,,,,,,,,,,,,,,,,,
,,,,20601011,,,,,,,,,,,,,,,,,,,,,,,,,,,,,,,,,
,,,,20601016,,,,,,,,,,,,,,,,,,,,,,,,,,,,,,,,,
,,,,20601017,,,,,,,,,,,,,,,,,,,,,,,,,,,,,,,,,
,,,,20601023,,,,,,,,,,,,,,,,,,,,,,,,,,,,,,,,,
,,,,20601024,,,,,,,,,,,,,,,,,,,,,,,,,,,,,,,,,
,,,,20601030,,,,,,,,,,,,,,,,,,,,,,,,,,,,,,,,,
,,,,20601031,,,,,,,,,,,,,,,,,,,,,,,,,,,,,,,,,
,,,,20601106,,,,,,,,,,,,,,,,,,,,,,,,,,,,,,,,,
,,,,20601107,,,,,,,,,,,,,,,,,,,,,,,,,,,,,,,,,
,,,,20601111,,,,,,,,,,,,,,,,,,,,,,,,,,,,,,,,,
,,,,20601113,,,,,,,,,,,,,,,,,,,,,,,,,,,,,,,,,
,,,,20601114,,,,,,,,,,,,,,,,,,,,,,,,,,,,,,,,,
,,,,20601120,,,,,,,,,,,,,,,,,,,,,,,,,,,,,,,,,
,,,,20601121,,,,,,,,,,,,,,,,,,,,,,,,,,,,,,,,,
,,,,20601125,,,,,,,,,,,,,,,,,,,,,,,,,,,,,,,,,
,,,,20601127,,,,,,,,,,,,,,,,,,,,,,,,,,,,,,,,,
,,,,20601128,,,,,,,,,,,,,,,,,,,,,,,,,,,,,,,,,
,,,,20601204,,,,,,,,,,,,,,,,,,,,,,,,,,,,,,,,,
,,,,20601205,,,,,,,,,,,,,,,,,,,,,,,,,,,,,,,,,
,,,,20601211,,,,,,,,,,,,,,,,,,,,,,,,,,,,,,,,,
,,,,20601212,,,,,,,,,,,,,,,,,,,,,,,,,,,,,,,,,
,,,,20601218,,,,,,,,,,,,,,,,,,,,,,,,,,,,,,,,,
,,,,20601219,,,,,,,,,,,,,,,,,,,,,,,,,,,,,,,,,
,,,,20601224,,,,,,,,,,,,,,,,,,,,,,,,,,,,,,,,,
,,,,20601225,,,,,,,,,,,,,,,,,,,,,,,,,,,,,,,,,
,,,,20601226,,,,,,,,,,,,,,,,,,,,,,,,,,,,,,,,,
,,,,20610101,,,,,,,,,,,,,,,,,,,,,,,,,,,,,,,,,
,,,,20610102,,,,,,,,,,,,,,,,,,,,,,,,,,,,,,,,,
,,,,20610108,,,,,,,,,,,,,,,,,,,,,,,,,,,,,,,,,
,,,,20610109,,,,,,,,,,,,,,,,,,,,,,,,,,,,,,,,,
,,,,20610115,,,,,,,,,,,,,,,,,,,,,,,,,,,,,,,,,
,,,,20610116,,,,,,,,,,,,,,,,,,,,,,,,,,,,,,,,,
,,,,20610117,,,,,,,,,,,,,,,,,,,,,,,,,,,,,,,,,
,,,,20610122,,,,,,,,,,,,,,,,,,,,,,,,,,,,,,,,,
,,,,20610123,,,,,,,,,,,,,,,,,,,,,,,,,,,,,,,,,
,,,,20610129,,,,,,,,,,,,,,,,,,,,,,,,,,,,,,,,,
,,,,20610130,,,,,,,,,,,,,,,,,,,,,,,,,,,,,,,,,
,,,,20610205,,,,,,,,,,,,,,,,,,,,,,,,,,,,,,,,,
,,,,20610206,,,,,,,,,,,,,,,,,,,,,,,,,,,,,,,,,
,,,,20610212,,,,,,,,,,,,,,,,,,,,,,,,,,,,,,,,,
,,,,20610213,,,,,,,,,,,,,,,,,,,,,,,,,,,,,,,,,
,,,,20610219,,,,,,,,,,,,,,,,,,,,,,,,,,,,,,,,,
,,,,20610220,,,,,,,,,,,,,,,,,,,,,,,,,,,,,,,,,
,,,,20610221,,,,,,,,,,,,,,,,,,,,,,,,,,,,,,,,,
,,,,20610226,,,,,,,,,,,,,,,,,,,,,,,,,,,,,,,,,
,,,,20610227,,,,,,,,,,,,,,,,,,,,,,,,,,,,,,,,,
,,,,20610305,,,,,,,,,,,,,,,,,,,,,,,,,,,,,,,,,
,,,,20610306,,,,,,,,,,,,,,,,,,,,,,,,,,,,,,,,,
,,,,20610312,,,,,,,,,,,,,,,,,,,,,,,,,,,,,,,,,
,,,,20610313,,,,,,,,,,,,,,,,,,,,,,,,,,,,,,,,,
,,,,20610319,,,,,,,,,,,,,,,,,,,,,,,,,,,,,,,,,
,,,,20610320,,,,,,,,,,,,,,,,,,,,,,,,,,,,,,,,,
,,,,20610326,,,,,,,,,,,,,,,,,,,,,,,,,,,,,,,,,
,,,,20610327,,,,,,,,,,,,,,,,,,,,,,,,,,,,,,,,,
,,,,20610402,,,,,,,,,,,,,,,,,,,,,,,,,,,,,,,,,
,,,,20610403,,,,,,,,,,,,,,,,,,,,,,,,,,,,,,,,,
,,,,20610408,,,,,,,,,,,,,,,,,,,,,,,,,,,,,,,,,
,,,,20610409,,,,,,,,,,,,,,,,,,,,,,,,,,,,,,,,,
,,,,20610410,,,,,,,,,,,,,,,,,,,,,,,,,,,,,,,,,
,,,,20610416,,,,,,,,,,,,,,,,,,,,,,,,,,,,,,,,,
,,,,20610417,,,,,,,,,,,,,,,,,,,,,,,,,,,,,,,,,
,,,,20610423,,,,,,,,,,,,,,,,,,,,,,,,,,,,,,,,,
,,,,20610424,,,,,,,,,,,,,,,,,,,,,,,,,,,,,,,,,
,,,,20610430,,,,,,,,,,,,,,,,,,,,,,,,,,,,,,,,,
,,,,20610501,,,,,,,,,,,,,,,,,,,,,,,,,,,,,,,,,
,,,,20610507,,,,,,,,,,,,,,,,,,,,,,,,,,,,,,,,,
,,,,20610508,,,,,,,,,,,,,,,,,,,,,,,,,,,,,,,,,
,,,,20610514,,,,,,,,,,,,,,,,,,,,,,,,,,,,,,,,,
,,,,20610515,,,,,,,,,,,,,,,,,,,,,,,,,,,,,,,,,
,,,,20610521,,,,,,,,,,,,,,,,,,,,,,,,,,,,,,,,,
,,,,20610522,,,,,,,,,,,,,,,,,,,,,,,,,,,,,,,,,
,,,,20610528,,,,,,,,,,,,,,,,,,,,,,,,,,,,,,,,,
,,,,20610529,,,,,,,,,,,,,,,,,,,,,,,,,,,,,,,,,
,,,,20610530,,,,,,,,,,,,,,,,,,,,,,,,,,,,,,,,,
,,,,20610604,,,,,,,,,,,,,,,,,,,,,,,,,,,,,,,,,
,,,,20610605,,,,,,,,,,,,,,,,,,,,,,,,,,,,,,,,,
,,,,20610611,,,,,,,,,,,,,,,,,,,,,,,,,,,,,,,,,
,,,,20610612,,,,,,,,,,,,,,,,,,,,,,,,,,,,,,,,,
,,,,20610618,,,,,,,,,,,,,,,,,,,,,,,,,,,,,,,,,
,,,,20610619,,,,,,,,,,,,,,,,,,,,,,,,,,,,,,,,,
,,,,20610625,,,,,,,,,,,,,,,,,,,,,,,,,,,,,,,,,
,,,,20610626,,,,,,,,,,,,,,,,,,,,,,,,,,,,,,,,,
,,,,20610702,,,,,,,,,,,,,,,,,,,,,,,,,,,,,,,,,
,,,,20610703,,,,,,,,,,,,,,,,,,,,,,,,,,,,,,,,,
,,,,20610704,,,,,,,,,,,,,,,,,,,,,,,,,,,,,,,,,
,,,,20610709,,,,,,,,,,,,,,,,,,,,,,,,,,,,,,,,,
,,,,20610710,,,,,,,,,,,,,,,,,,,,,,,,,,,,,,,,,
,,,,20610716,,,,,,,,,,,,,,,,,,,,,,,,,,,,,,,,,
,,,,20610717,,,,,,,,,,,,,,,,,,,,,,,,,,,,,,,,,
,,,,20610723,,,,,,,,,,,,,,,,,,,,,,,,,,,,,,,,,
,,,,20610724,,,,,,,,,,,,,,,,,,,,,,,,,,,,,,,,,
,,,,20610730,,,,,,,,,,,,,,,,,,,,,,,,,,,,,,,,,
,,,,20610731,,,,,,,,,,,,,,,,,,,,,,,,,,,,,,,,,
,,,,20610806,,,,,,,,,,,,,,,,,,,,,,,,,,,,,,,,,
,,,,20610807,,,,,,,,,,,,,,,,,,,,,,,,,,,,,,,,,
,,,,20610813,,,,,,,,,,,,,,,,,,,,,,,,,,,,,,,,,
,,,,20610814,,,,,,,,,,,,,,,,,,,,,,,,,,,,,,,,,
,,,,20610820,,,,,,,,,,,,,,,,,,,,,,,,,,,,,,,,,
,,,,20610821,,,,,,,,,,,,,,,,,,,,,,,,,,,,,,,,,
,,,,20610827,,,,,,,,,,,,,,,,,,,,,,,,,,,,,,,,,
,,,,20610828,,,,,,,,,,,,,,,,,,,,,,,,,,,,,,,,,
,,,,20610903,,,,,,,,,,,,,,,,,,,,,,,,,,,,,,,,,
,,,,20610904,,,,,,,,,,,,,,,,,,,,,,,,,,,,,,,,,
,,,,20610905,,,,,,,,,,,,,,,,,,,,,,,,,,,,,,,,,
,,,,20610910,,,,,,,,,,,,,,,,,,,,,,,,,,,,,,,,,
,,,,20610911,,,,,,,,,,,,,,,,,,,,,,,,,,,,,,,,,
,,,,20610917,,,,,,,,,,,,,,,,,,,,,,,,,,,,,,,,,
,,,,20610918,,,,,,,,,,,,,,,,,,,,,,,,,,,,,,,,,
,,,,20610924,,,,,,,,,,,,,,,,,,,,,,,,,,,,,,,,,
,,,,20610925,,,,,,,,,,,,,,,,,,,,,,,,,,,,,,,,,
,,,,20611001,,,,,,,,,,,,,,,,,,,,,,,,,,,,,,,,,
,,,,20611002,,,,,,,,,,,,,,,,,,,,,,,,,,,,,,,,,
,,,,20611008,,,,,,,,,,,,,,,,,,,,,,,,,,,,,,,,,
,,,,20611009,,,,,,,,,,,,,,,,,,,,,,,,,,,,,,,,,
,,,,20611010,,,,,,,,,,,,,,,,,,,,,,,,,,,,,,,,,
,,,,20611015,,,,,,,,,,,,,,,,,,,,,,,,,,,,,,,,,
,,,,20611016,,,,,,,,,,,,,,,,,,,,,,,,,,,,,,,,,
,,,,20611022,,,,,,,,,,,,,,,,,,,,,,,,,,,,,,,,,
,,,,20611023,,,,,,,,,,,,,,,,,,,,,,,,,,,,,,,,,
,,,,20611029,,,,,,,,,,,,,,,,,,,,,,,,,,,,,,,,,
,,,,20611030,,,,,,,,,,,,,,,,,,,,,,,,,,,,,,,,,
,,,,20611105,,,,,,,,,,,,,,,,,,,,,,,,,,,,,,,,,
,,,,20611106,,,,,,,,,,,,,,,,,,,,,,,,,,,,,,,,,
,,,,20611111,,,,,,,,,,,,,,,,,,,,,,,,,,,,,,,,,
,,,,20611112,,,,,,,,,,,,,,,,,,,,,,,,,,,,,,,,,
,,,,20611113,,,,,,,,,,,,,,,,,,,,,,,,,,,,,,,,,
,,,,20611119,,,,,,,,,,,,,,,,,,,,,,,,,,,,,,,,,
,,,,20611120,,,,,,,,,,,,,,,,,,,,,,,,,,,,,,,,,
,,,,20611124,,,,,,,,,,,,,,,,,,,,,,,,,,,,,,,,,
,,,,20611126,,,,,,,,,,,,,,,,,,,,,,,,,,,,,,,,,
,,,,20611127,,,,,,,,,,,,,,,,,,,,,,,,,,,,,,,,,
,,,,20611203,,,,,,,,,,,,,,,,,,,,,,,,,,,,,,,,,
,,,,20611204,,,,,,,,,,,,,,,,,,,,,,,,,,,,,,,,,
,,,,20611210,,,,,,,,,,,,,,,,,,,,,,,,,,,,,,,,,
,,,,20611211,,,,,,,,,,,,,,,,,,,,,,,,,,,,,,,,,
,,,,20611217,,,,,,,,,,,,,,,,,,,,,,,,,,,,,,,,,
,,,,20611218,,,,,,,,,,,,,,,,,,,,,,,,,,,,,,,,,
,,,,20611224,,,,,,,,,,,,,,,,,,,,,,,,,,,,,,,,,
,,,,20611225,,,,,,,,,,,,,,,,,,,,,,,,,,,,,,,,,
,,,,20611226,,,,,,,,,,,,,,,,,,,,,,,,,,,,,,,,,
,,,,20611231,,,,,,,,,,,,,,,,,,,,,,,,,,,,,,,,,
,,,,20620101,,,,,,,,,,,,,,,,,,,,,,,,,,,,,,,,,
,,,,20620102,,,,,,,,,,,,,,,,,,,,,,,,,,,,,,,,,
,,,,20620107,,,,,,,,,,,,,,,,,,,,,,,,,,,,,,,,,
,,,,20620108,,,,,,,,,,,,,,,,,,,,,,,,,,,,,,,,,
,,,,20620114,,,,,,,,,,,,,,,,,,,,,,,,,,,,,,,,,
,,,,20620115,,,,,,,,,,,,,,,,,,,,,,,,,,,,,,,,,
,,,,20620116,,,,,,,,,,,,,,,,,,,,,,,,,,,,,,,,,
,,,,20620121,,,,,,,,,,,,,,,,,,,,,,,,,,,,,,,,,
,,,,20620122,,,,,,,,,,,,,,,,,,,,,,,,,,,,,,,,,
,,,,20620128,,,,,,,,,,,,,,,,,,,,,,,,,,,,,,,,,
,,,,20620129,,,,,,,,,,,,,,,,,,,,,,,,,,,,,,,,,
,,,,20620204,,,,,,,,,,,,,,,,,,,,,,,,,,,,,,,,,
,,,,20620205,,,,,,,,,,,,,,,,,,,,,,,,,,,,,,,,,
,,,,20620211,,,,,,,,,,,,,,,,,,,,,,,,,,,,,,,,,
,,,,20620212,,,,,,,,,,,,,,,,,,,,,,,,,,,,,,,,,
,,,,20620218,,,,,,,,,,,,,,,,,,,,,,,,,,,,,,,,,
,,,,20620219,,,,,,,,,,,,,,,,,,,,,,,,,,,,,,,,,
,,,,20620220,,,,,,,,,,,,,,,,,,,,,,,,,,,,,,,,,
,,,,20620225,,,,,,,,,,,,,,,,,,,,,,,,,,,,,,,,,
,,,,20620226,,,,,,,,,,,,,,,,,,,,,,,,,,,,,,,,,
,,,,20620304,,,,,,,,,,,,,,,,,,,,,,,,,,,,,,,,,
,,,,20620305,,,,,,,,,,,,,,,,,,,,,,,,,,,,,,,,,
,,,,20620311,,,,,,,,,,,,,,,,,,,,,,,,,,,,,,,,,
,,,,20620312,,,,,,,,,,,,,,,,,,,,,,,,,,,,,,,,,
,,,,20620318,,,,,,,,,,,,,,,,,,,,,,,,,,,,,,,,,
,,,,20620319,,,,,,,,,,,,,,,,,,,,,,,,,,,,,,,,,
,,,,20620324,,,,,,,,,,,,,,,,,,,,,,,,,,,,,,,,,
,,,,20620325,,,,,,,,,,,,,,,,,,,,,,,,,,,,,,,,,
,,,,20620326,,,,,,,,,,,,,,,,,,,,,,,,,,,,,,,,,
,,,,20620401,,,,,,,,,,,,,,,,,,,,,,,,,,,,,,,,,
,,,,20620402,,,,,,,,,,,,,,,,,,,,,,,,,,,,,,,,,
,,,,20620408,,,,,,,,,,,,,,,,,,,,,,,,,,,,,,,,,
,,,,20620409,,,,,,,,,,,,,,,,,,,,,,,,,,,,,,,,,
,,,,20620415,,,,,,,,,,,,,,,,,,,,,,,,,,,,,,,,,
,,,,20620416,,,,,,,,,,,,,,,,,,,,,,,,,,,,,,,,,
,,,,20620422,,,,,,,,,,,,,,,,,,,,,,,,,,,,,,,,,
,,,,20620423,,,,,,,,,,,,,,,,,,,,,,,,,,,,,,,,,
,,,,20620429,,,,,,,,,,,,,,,,,,,,,,,,,,,,,,,,,
,,,,20620430,,,,,,,,,,,,,,,,,,,,,,,,,,,,,,,,,
,,,,20620506,,,,,,,,,,,,,,,,,,,,,,,,,,,,,,,,,
,,,,20620507,,,,,,,,,,,,,,,,,,,,,,,,,,,,,,,,,
,,,,20620513,,,,,,,,,,,,,,,,,,,,,,,,,,,,,,,,,
,,,,20620514,,,,,,,,,,,,,,,,,,,,,,,,,,,,,,,,,
,,,,20620520,,,,,,,,,,,,,,,,,,,,,,,,,,,,,,,,,
,,,,20620521,,,,,,,,,,,,,,,,,,,,,,,,,,,,,,,,,
,,,,20620527,,,,,,,,,,,,,,,,,,,,,,,,,,,,,,,,,
,,,,20620528,,,,,,,,,,,,,,,,,,,,,,,,,,,,,,,,,
,,,,20620529,,,,,,,,,,,,,,,,,,,,,,,,,,,,,,,,,
,,,,20620603,,,,,,,,,,,,,,,,,,,,,,,,,,,,,,,,,
,,,,20620604,,,,,,,,,,,,,,,,,,,,,,,,,,,,,,,,,
,,,,20620610,,,,,,,,,,,,,,,,,,,,,,,,,,,,,,,,,
,,,,20620611,,,,,,,,,,,,,,,,,,,,,,,,,,,,,,,,,
,,,,20620617,,,,,,,,,,,,,,,,,,,,,,,,,,,,,,,,,
,,,,20620618,,,,,,,,,,,,,,,,,,,,,,,,,,,,,,,,,
,,,,20620624,,,,,,,,,,,,,,,,,,,,,,,,,,,,,,,,,
,,,,20620625,,,,,,,,,,,,,,,,,,,,,,,,,,,,,,,,,
,,,,20620701,,,,,,,,,,,,,,,,,,,,,,,,,,,,,,,,,
,,,,20620702,,,,,,,,,,,,,,,,,,,,,,,,,,,,,,,,,
,,,,20620704,,,,,,,,,,,,,,,,,,,,,,,,,,,,,,,,,
,,,,20620708,,,,,,,,,,,,,,,,,,,,,,,,,,,,,,,,,
,,,,20620709,,,,,,,,,,,,,,,,,,,,,,,,,,,,,,,,,
,,,,20620715,,,,,,,,,,,,,,,,,,,,,,,,,,,,,,,,,
,,,,20620716,,,,,,,,,,,,,,,,,,,,,,,,,,,,,,,,,
,,,,20620722,,,,,,,,,,,,,,,,,,,,,,,,,,,,,,,,,
,,,,20620723,,,,,,,,,,,,,,,,,,,,,,,,,,,,,,,,,
,,,,20620729,,,,,,,,,,,,,,,,,,,,,,,,,,,,,,,,,
,,,,20620730,,,,,,,,,,,,,,,,,,,,,,,,,,,,,,,,,
,,,,20620805,,,,,,,,,,,,,,,,,,,,,,,,,,,,,,,,,
,,,,20620806,,,,,,,,,,,,,,,,,,,,,,,,,,,,,,,,,
,,,,20620812,,,,,,,,,,,,,,,,,,,,,,,,,,,,,,,,,
,,,,20620813,,,,,,,,,,,,,,,,,,,,,,,,,,,,,,,,,
,,,,20620819,,,,,,,,,,,,,,,,,,,,,,,,,,,,,,,,,
,,,,20620820,,,,,,,,,,,,,,,,,,,,,,,,,,,,,,,,,
,,,,20620826,,,,,,,,,,,,,,,,,,,,,,,,,,,,,,,,,
,,,,20620827,,,,,,,,,,,,,,,,,,,,,,,,,,,,,,,,,
,,,,20620902,,,,,,,,,,,,,,,,,,,,,,,,,,,,,,,,,
,,,,20620903,,,,,,,,,,,,,,,,,,,,,,,,,,,,,,,,,
,,,,20620904,,,,,,,,,,,,,,,,,,,,,,,,,,,,,,,,,
,,,,20620909,,,,,,,,,,,,,,,,,,,,,,,,,,,,,,,,,
,,,,20620910,,,,,,,,,,,,,,,,,,,,,,,,,,,,,,,,,
,,,,20620916,,,,,,,,,,,,,,,,,,,,,,,,,,,,,,,,,
,,,,20620917,,,,,,,,,,,,,,,,,,,,,,,,,,,,,,,,,
,,,,20620923,,,,,,,,,,,,,,,,,,,,,,,,,,,,,,,,,
,,,,20620924,,,,,,,,,,,,,,,,,,,,,,,,,,,,,,,,,
,,,,20620930,,,,,,,,,,,,,,,,,,,,,,,,,,,,,,,,,
,,,,20621001,,,,,,,,,,,,,,,,,,,,,,,,,,,,,,,,,
,,,,20621007,,,,,,,,,,,,,,,,,,,,,,,,,,,,,,,,,
,,,,20621008,,,,,,,,,,,,,,,,,,,,,,,,,,,,,,,,,
,,,,20621009,,,,,,,,,,,,,,,,,,,,,,,,,,,,,,,,,
,,,,20621014,,,,,,,,,,,,,,,,,,,,,,,,,,,,,,,,,
,,,,20621015,,,,,,,,,,,,,,,,,,,,,,,,,,,,,,,,,
,,,,20621021,,,,,,,,,,,,,,,,,,,,,,,,,,,,,,,,,
,,,,20621022,,,,,,,,,,,,,,,,,,,,,,,,,,,,,,,,,
,,,,20621028,,,,,,,,,,,,,,,,,,,,,,,,,,,,,,,,,
,,,,20621029,,,,,,,,,,,,,,,,,,,,,,,,,,,,,,,,,
,,,,20621104,,,,,,,,,,,,,,,,,,,,,,,,,,,,,,,,,
,,,,20621105,,,,,,,,,,,,,,,,,,,,,,,,,,,,,,,,,
,,,,20621111,,,,,,,,,,,,,,,,,,,,,,,,,,,,,,,,,
,,,,20621112,,,,,,,,,,,,,,,,,,,,,,,,,,,,,,,,,
,,,,20621118,,,,,,,,,,,,,,,,,,,,,,,,,,,,,,,,,
,,,,20621119,,,,,,,,,,,,,,,,,,,,,,,,,,,,,,,,,
,,,,20621123,,,,,,,,,,,,,,,,,,,,,,,,,,,,,,,,,
,,,,20621125,,,,,,,,,,,,,,,,,,,,,,,,,,,,,,,,,
,,,,20621126,,,,,,,,,,,,,,,,,,,,,,,,,,,,,,,,,
,,,,20621202,,,,,,,,,,,,,,,,,,,,,,,,,,,,,,,,,
,,,,20621203,,,,,,,,,,,,,,,,,,,,,,,,,,,,,,,,,
,,,,20621209,,,,,,,,,,,,,,,,,,,,,,,,,,,,,,,,,
,,,,20621210,,,,,,,,,,,,,,,,,,,,,,,,,,,,,,,,,
,,,,20621216,,,,,,,,,,,,,,,,,,,,,,,,,,,,,,,,,
,,,,20621217,,,,,,,,,,,,,,,,,,,,,,,,,,,,,,,,,
,,,,20621223,,,,,,,,,,,,,,,,,,,,,,,,,,,,,,,,,
,,,,20621224,,,,,,,,,,,,,,,,,,,,,,,,,,,,,,,,,
,,,,20621225,,,,,,,,,,,,,,,,,,,,,,,,,,,,,,,,,
,,,,20621230,,,,,,,,,,,,,,,,,,,,,,,,,,,,,,,,,
,,,,20621231,,,,,,,,,,,,,,,,,,,,,,,,,,,,,,,,,
,,,,20630101,,,,,,,,,,,,,,,,,,,,,,,,,,,,,,,,,
,,,,20630106,,,,,,,,,,,,,,,,,,,,,,,,,,,,,,,,,
,,,,20630107,,,,,,,,,,,,,,,,,,,,,,,,,,,,,,,,,
,,,,20630113,,,,,,,,,,,,,,,,,,,,,,,,,,,,,,,,,
,,,,20630114,,,,,,,,,,,,,,,,,,,,,,,,,,,,,,,,,
,,,,20630115,,,,,,,,,,,,,,,,,,,,,,,,,,,,,,,,,
,,,,20630120,,,,,,,,,,,,,,,,,,,,,,,,,,,,,,,,,
,,,,20630121,,,,,,,,,,,,,,,,,,,,,,,,,,,,,,,,,
,,,,20630127,,,,,,,,,,,,,,,,,,,,,,,,,,,,,,,,,
,,,,20630128,,,,,,,,,,,,,,,,,,,,,,,,,,,,,,,,,
,,,,20630203,,,,,,,,,,,,,,,,,,,,,,,,,,,,,,,,,
,,,,20630204,,,,,,,,,,,,,,,,,,,,,,,,,,,,,,,,,
,,,,20630210,,,,,,,,,,,,,,,,,,,,,,,,,,,,,,,,,
,,,,20630211,,,,,,,,,,,,,,,,,,,,,,,,,,,,,,,,,
,,,,20630217,,,,,,,,,,,,,,,,,,,,,,,,,,,,,,,,,
,,,,20630218,,,,,,,,,,,,,,,,,,,,,,,,,,,,,,,,,
,,,,20630219,,,,,,,,,,,,,,,,,,,,,,,,,,,,,,,,,
,,,,20630224,,,,,,,,,,,,,,,,,,,,,,,,,,,,,,,,,
,,,,20630225,,,,,,,,,,,,,,,,,,,,,,,,,,,,,,,,,
,,,,20630303,,,,,,,,,,,,,,,,,,,,,,,,,,,,,,,,,
,,,,20630304,,,,,,,,,,,,,,,,,,,,,,,,,,,,,,,,,
,,,,20630310,,,,,,,,,,,,,,,,,,,,,,,,,,,,,,,,,
,,,,20630311,,,,,,,,,,,,,,,,,,,,,,,,,,,,,,,,,
,,,,20630317,,,,,,,,,,,,,,,,,,,,,,,,,,,,,,,,,
,,,,20630318,,,,,,,,,,,,,,,,,,,,,,,,,,,,,,,,,
,,,,20630324,,,,,,,,,,,,,,,,,,,,,,,,,,,,,,,,,
,,,,20630325,,,,,,,,,,,,,,,,,,,,,,,,,,,,,,,,,
,,,,20630331,,,,,,,,,,,,,,,,,,,,,,,,,,,,,,,,,
,,,,20630401,,,,,,,,,,,,,,,,,,,,,,,,,,,,,,,,,
,,,,20630407,,,,,,,,,,,,,,,,,,,,,,,,,,,,,,,,,
,,,,20630408,,,,,,,,,,,,,,,,,,,,,,,,,,,,,,,,,
,,,,20630413,,,,,,,,,,,,,,,,,,,,,,,,,,,,,,,,,
,,,,20630414,,,,,,,,,,,,,,,,,,,,,,,,,,,,,,,,,
,,,,20630415,,,,,,,,,,,,,,,,,,,,,,,,,,,,,,,,,
,,,,20630421,,,,,,,,,,,,,,,,,,,,,,,,,,,,,,,,,
,,,,20630422,,,,,,,,,,,,,,,,,,,,,,,,,,,,,,,,,
,,,,20630428,,,,,,,,,,,,,,,,,,,,,,,,,,,,,,,,,
,,,,20630429,,,,,,,,,,,,,,,,,,,,,,,,,,,,,,,,,
,,,,20630505,,,,,,,,,,,,,,,,,,,,,,,,,,,,,,,,,
,,,,20630506,,,,,,,,,,,,,,,,,,,,,,,,,,,,,,,,,
,,,,20630512,,,,,,,,,,,,,,,,,,,,,,,,,,,,,,,,,
,,,,20630513,,,,,,,,,,,,,,,,,,,,,,,,,,,,,,,,,
,,,,20630519,,,,,,,,,,,,,,,,,,,,,,,,,,,,,,,,,
,,,,20630520,,,,,,,,,,,,,,,,,,,,,,,,,,,,,,,,,
,,,,20630526,,,,,,,,,,,,,,,,,,,,,,,,,,,,,,,,,
,,,,20630527,,,,,,,,,,,,,,,,,,,,,,,,,,,,,,,,,
,,,,20630528,,,,,,,,,,,,,,,,,,,,,,,,,,,,,,,,,
,,,,20630602,,,,,,,,,,,,,,,,,,,,,,,,,,,,,,,,,
,,,,20630603,,,,,,,,,,,,,,,,,,,,,,,,,,,,,,,,,
,,,,20630609,,,,,,,,,,,,,,,,,,,,,,,,,,,,,,,,,
,,,,20630610,,,,,,,,,,,,,,,,,,,,,,,,,,,,,,,,,
,,,,20630616,,,,,,,,,,,,,,,,,,,,,,,,,,,,,,,,,
,,,,20630617,,,,,,,,,,,,,,,,,,,,,,,,,,,,,,,,,
,,,,20630623,,,,,,,,,,,,,,,,,,,,,,,,,,,,,,,,,
,,,,20630624,,,,,,,,,,,,,,,,,,,,,,,,,,,,,,,,,
,,,,20630630,,,,,,,,,,,,,,,,,,,,,,,,,,,,,,,,,
,,,,20630701,,,,,,,,,,,,,,,,,,,,,,,,,,,,,,,,,
,,,,20630704,,,,,,,,,,,,,,,,,,,,,,,,,,,,,,,,,
,,,,20630707,,,,,,,,,,,,,,,,,,,,,,,,,,,,,,,,,
,,,,20630708,,,,,,,,,,,,,,,,,,,,,,,,,,,,,,,,,
,,,,20630714,,,,,,,,,,,,,,,,,,,,,,,,,,,,,,,,,
,,,,20630715,,,,,,,,,,,,,,,,,,,,,,,,,,,,,,,,,
,,,,20630721,,,,,,,,,,,,,,,,,,,,,,,,,,,,,,,,,
,,,,20630722,,,,,,,,,,,,,,,,,,,,,,,,,,,,,,,,,
,,,,20630728,,,,,,,,,,,,,,,,,,,,,,,,,,,,,,,,,
,,,,20630729,,,,,,,,,,,,,,,,,,,,,,,,,,,,,,,,,
,,,,20630804,,,,,,,,,,,,,,,,,,,,,,,,,,,,,,,,,
,,,,20630805,,,,,,,,,,,,,,,,,,,,,,,,,,,,,,,,,
,,,,20630811,,,,,,,,,,,,,,,,,,,,,,,,,,,,,,,,,
,,,,20630812,,,,,,,,,,,,,,,,,,,,,,,,,,,,,,,,,
,,,,20630818,,,,,,,,,,,,,,,,,,,,,,,,,,,,,,,,,
,,,,20630819,,,,,,,,,,,,,,,,,,,,,,,,,,,,,,,,,
,,,,20630825,,,,,,,,,,,,,,,,,,,,,,,,,,,,,,,,,
,,,,20630826,,,,,,,,,,,,,,,,,,,,,,,,,,,,,,,,,
,,,,20630901,,,,,,,,,,,,,,,,,,,,,,,,,,,,,,,,,
,,,,20630902,,,,,,,,,,,,,,,,,,,,,,,,,,,,,,,,,
,,,,20630903,,,,,,,,,,,,,,,,,,,,,,,,,,,,,,,,,
,,,,20630908,,,,,,,,,,,,,,,,,,,,,,,,,,,,,,,,,
,,,,20630909,,,,,,,,,,,,,,,,,,,,,,,,,,,,,,,,,
,,,,20630915,,,,,,,,,,,,,,,,,,,,,,,,,,,,,,,,,
,,,,20630916,,,,,,,,,,,,,,,,,,,,,,,,,,,,,,,,,
,,,,20630922,,,,,,,,,,,,,,,,,,,,,,,,,,,,,,,,,
,,,,20630923,,,,,,,,,,,,,,,,,,,,,,,,,,,,,,,,,
,,,,20630929,,,,,,,,,,,,,,,,,,,,,,,,,,,,,,,,,
,,,,20630930,,,,,,,,,,,,,,,,,,,,,,,,,,,,,,,,,
,,,,20631006,,,,,,,,,,,,,,,,,,,,,,,,,,,,,,,,,
,,,,20631007,,,,,,,,,,,,,,,,,,,,,,,,,,,,,,,,,
,,,,20631008,,,,,,,,,,,,,,,,,,,,,,,,,,,,,,,,,
,,,,20631013,,,,,,,,,,,,,,,,,,,,,,,,,,,,,,,,,
,,,,20631014,,,,,,,,,,,,,,,,,,,,,,,,,,,,,,,,,
,,,,20631020,,,,,,,,,,,,,,,,,,,,,,,,,,,,,,,,,
,,,,20631021,,,,,,,,,,,,,,,,,,,,,,,,,,,,,,,,,
,,,,20631027,,,,,,,,,,,,,,,,,,,,,,,,,,,,,,,,,
,,,,20631028,,,,,,,,,,,,,,,,,,,,,,,,,,,,,,,,,
,,,,20631103,,,,,,,,,,,,,,,,,,,,,,,,,,,,,,,,,
,,,,20631104,,,,,,,,,,,,,,,,,,,,,,,,,,,,,,,,,
,,,,20631110,,,,,,,,,,,,,,,,,,,,,,,,,,,,,,,,,
,,,,20631111,,,,,,,,,,,,,,,,,,,,,,,,,,,,,,,,,
,,,,20631112,,,,,,,,,,,,,,,,,,,,,,,,,,,,,,,,,
,,,,20631117,,,,,,,,,,,,,,,,,,,,,,,,,,,,,,,,,
,,,,20631118,,,,,,,,,,,,,,,,,,,,,,,,,,,,,,,,,
,,,,20631122,,,,,,,,,,,,,,,,,,,,,,,,,,,,,,,,,
,,,,20631124,,,,,,,,,,,,,,,,,,,,,,,,,,,,,,,,,
,,,,20631125,,,,,,,,,,,,,,,,,,,,,,,,,,,,,,,,,
,,,,20631201,,,,,,,,,,,,,,,,,,,,,,,,,,,,,,,,,
,,,,20631202,,,,,,,,,,,,,,,,,,,,,,,,,,,,,,,,,
,,,,20631208,,,,,,,,,,,,,,,,,,,,,,,,,,,,,,,,,
,,,,20631209,,,,,,,,,,,,,,,,,,,,,,,,,,,,,,,,,
,,,,20631215,,,,,,,,,,,,,,,,,,,,,,,,,,,,,,,,,
,,,,20631216,,,,,,,,,,,,,,,,,,,,,,,,,,,,,,,,,
,,,,20631222,,,,,,,,,,,,,,,,,,,,,,,,,,,,,,,,,
,,,,20631223,,,,,,,,,,,,,,,,,,,,,,,,,,,,,,,,,
,,,,20631225,,,,,,,,,,,,,,,,,,,,,,,,,,,,,,,,,
,,,,20631229,,,,,,,,,,,,,,,,,,,,,,,,,,,,,,,,,
,,,,20631230,,,,,,,,,,,,,,,,,,,,,,,,,,,,,,,,,
,,,,20640101,,,,,,,,,,,,,,,,,,,,,,,,,,,,,,,,,
,,,,20640105,,,,,,,,,,,,,,,,,,,,,,,,,,,,,,,,,
,,,,20640106,,,,,,,,,,,,,,,,,,,,,,,,,,,,,,,,,
,,,,20640112,,,,,,,,,,,,,,,,,,,,,,,,,,,,,,,,,
,,,,20640113,,,,,,,,,,,,,,,,,,,,,,,,,,,,,,,,,
,,,,20640119,,,,,,,,,,,,,,,,,,,,,,,,,,,,,,,,,
,,,,20640120,,,,,,,,,,,,,,,,,,,,,,,,,,,,,,,,,
,,,,20640121,,,,,,,,,,,,,,,,,,,,,,,,,,,,,,,,,
,,,,20640126,,,,,,,,,,,,,,,,,,,,,,,,,,,,,,,,,
,,,,20640127,,,,,,,,,,,,,,,,,,,,,,,,,,,,,,,,,
,,,,20640202,,,,,,,,,,,,,,,,,,,,,,,,,,,,,,,,,
,,,,20640203,,,,,,,,,,,,,,,,,,,,,,,,,,,,,,,,,
,,,,20640209,,,,,,,,,,,,,,,,,,,,,,,,,,,,,,,,,
,,,,20640210,,,,,,,,,,,,,,,,,,,,,,,,,,,,,,,,,
,,,,20640216,,,,,,,,,,,,,,,,,,,,,,,,,,,,,,,,,
,,,,20640217,,,,,,,,,,,,,,,,,,,,,,,,,,,,,,,,,
,,,,20640218,,,,,,,,,,,,,,,,,,,,,,,,,,,,,,,,,
,,,,20640223,,,,,,,,,,,,,,,,,,,,,,,,,,,,,,,,,
,,,,20640224,,,,,,,,,,,,,,,,,,,,,,,,,,,,,,,,,
,,,,20640301,,,,,,,,,,,,,,,,,,,,,,,,,,,,,,,,,
,,,,20640302,,,,,,,,,,,,,,,,,,,,,,,,,,,,,,,,,
,,,,20640308,,,,,,,,,,,,,,,,,,,,,,,,,,,,,,,,,
,,,,20640309,,,,,,,,,,,,,,,,,,,,,,,,,,,,,,,,,
,,,,20640315,,,,,,,,,,,,,,,,,,,,,,,,,,,,,,,,,
,,,,20640316,,,,,,,,,,,,,,,,,,,,,,,,,,,,,,,,,
,,,,20640322,,,,,,,,,,,,,,,,,,,,,,,,,,,,,,,,,
,,,,20640323,,,,,,,,,,,,,,,,,,,,,,,,,,,,,,,,,
,,,,20640329,,,,,,,,,,,,,,,,,,,,,,,,,,,,,,,,,
,,,,20640330,,,,,,,,,,,,,,,,,,,,,,,,,,,,,,,,,
,,,,20640405,,,,,,,,,,,,,,,,,,,,,,,,,,,,,,,,,
,,,,20640406,,,,,,,,,,,,,,,,,,,,,,,,,,,,,,,,,
,,,,20640412,,,,,,,,,,,,,,,,,,,,,,,,,,,,,,,,,
,,,,20640413,,,,,,,,,,,,,,,,,,,,,,,,,,,,,,,,,
,,,,20640419,,,,,,,,,,,,,,,,,,,,,,,,,,,,,,,,,
,,,,20640420,,,,,,,,,,,,,,,,,,,,,,,,,,,,,,,,,
,,,,20640426,,,,,,,,,,,,,,,,,,,,,,,,,,,,,,,,,
,,,,20640427,,,,,,,,,,,,,,,,,,,,,,,,,,,,,,,,,
,,,,20640503,,,,,,,,,,,,,,,,,,,,,,,,,,,,,,,,,
,,,,20640504,,,,,,,,,,,,,,,,,,,,,,,,,,,,,,,,,
,,,,20640510,,,,,,,,,,,,,,,,,,,,,,,,,,,,,,,,,
,,,,20640511,,,,,,,,,,,,,,,,,,,,,,,,,,,,,,,,,
,,,,20640517,,,,,,,,,,,,,,,,,,,,,,,,,,,,,,,,,
,,,,20640518,,,,,,,,,,,,,,,,,,,,,,,,,,,,,,,,,
,,,,20640524,,,,,,,,,,,,,,,,,,,,,,,,,,,,,,,,,
,,,,20640525,,,,,,,,,,,,,,,,,,,,,,,,,,,,,,,,,
,,,,20640526,,,,,,,,,,,,,,,,,,,,,,,,,,,,,,,,,
,,,,20640531,,,,,,,,,,,,,,,,,,,,,,,,,,,,,,,,,
,,,,20640601,,,,,,,,,,,,,,,,,,,,,,,,,,,,,,,,,
,,,,20640607,,,,,,,,,,,,,,,,,,,,,,,,,,,,,,,,,
,,,,20640608,,,,,,,,,,,,,,,,,,,,,,,,,,,,,,,,,
,,,,20640614,,,,,,,,,,,,,,,,,,,,,,,,,,,,,,,,,
,,,,20640615,,,,,,,,,,,,,,,,,,,,,,,,,,,,,,,,,
,,,,20640621,,,,,,,,,,,,,,,,,,,,,,,,,,,,,,,,,
,,,,20640622,,,,,,,,,,,,,,,,,,,,,,,,,,,,,,,,,
,,,,20640628,,,,,,,,,,,,,,,,,,,,,,,,,,,,,,,,,
,,,,20640629,,,,,,,,,,,,,,,,,,,,,,,,,,,,,,,,,
,,,,20640704,,,,,,,,,,,,,,,,,,,,,,,,,,,,,,,,,
,,,,20640705,,,,,,,,,,,,,,,,,,,,,,,,,,,,,,,,,
,,,,20640706,,,,,,,,,,,,,,,,,,,,,,,,,,,,,,,,,
,,,,20640712,,,,,,,,,,,,,,,,,,,,,,,,,,,,,,,,,
,,,,20640713,,,,,,,,,,,,,,,,,,,,,,,,,,,,,,,,,
,,,,20640719,,,,,,,,,,,,,,,,,,,,,,,,,,,,,,,,,
,,,,20640720,,,,,,,,,,,,,,,,,,,,,,,,,,,,,,,,,
,,,,20640726,,,,,,,,,,,,,,,,,,,,,,,,,,,,,,,,,
,,,,20640727,,,,,,,,,,,,,,,,,,,,,,,,,,,,,,,,,
,,,,20640802,,,,,,,,,,,,,,,,,,,,,,,,,,,,,,,,,
,,,,20640803,,,,,,,,,,,,,,,,,,,,,,,,,,,,,,,,,
,,,,20640809,,,,,,,,,,,,,,,,,,,,,,,,,,,,,,,,,
,,,,20640810,,,,,,,,,,,,,,,,,,,,,,,,,,,,,,,,,
,,,,20640816,,,,,,,,,,,,,,,,,,,,,,,,,,,,,,,,,
,,,,20640817,,,,,,,,,,,,,,,,,,,,,,,,,,,,,,,,,
,,,,20640823,,,,,,,,,,,,,,,,,,,,,,,,,,,,,,,,,
,,,,20640824,,,,,,,,,,,,,,,,,,,,,,,,,,,,,,,,,
,,,,20640830,,,,,,,,,,,,,,,,,,,,,,,,,,,,,,,,,
,,,,20640831,,,,,,,,,,,,,,,,,,,,,,,,,,,,,,,,,
,,,,20640901,,,,,,,,,,,,,,,,,,,,,,,,,,,,,,,,,
,,,,20640906,,,,,,,,,,,,,,,,,,,,,,,,,,,,,,,,,
,,,,20640907,,,,,,,,,,,,,,,,,,,,,,,,,,,,,,,,,
,,,,20640913,,,,,,,,,,,,,,,,,,,,,,,,,,,,,,,,,
,,,,20640914,,,,,,,,,,,,,,,,,,,,,,,,,,,,,,,,,
,,,,20640920,,,,,,,,,,,,,,,,,,,,,,,,,,,,,,,,,
,,,,20640921,,,,,,,,,,,,,,,,,,,,,,,,,,,,,,,,,
,,,,20640927,,,,,,,,,,,,,,,,,,,,,,,,,,,,,,,,,
,,,,20640928,,,,,,,,,,,,,,,,,,,,,,,,,,,,,,,,,
,,,,20641004,,,,,,,,,,,,,,,,,,,,,,,,,,,,,,,,,
,,,,20641005,,,,,,,,,,,,,,,,,,,,,,,,,,,,,,,,,
,,,,20641011,,,,,,,,,,,,,,,,,,,,,,,,,,,,,,,,,
,,,,20641012,,,,,,,,,,,,,,,,,,,,,,,,,,,,,,,,,
,,,,20641013,,,,,,,,,,,,,,,,,,,,,,,,,,,,,,,,,
,,,,20641018,,,,,,,,,,,,,,,,,,,,,,,,,,,,,,,,,
,,,,20641019,,,,,,,,,,,,,,,,,,,,,,,,,,,,,,,,,
,,,,20641025,,,,,,,,,,,,,,,,,,,,,,,,,,,,,,,,,
,,,,20641026,,,,,,,,,,,,,,,,,,,,,,,,,,,,,,,,,
,,,,20641101,,,,,,,,,,,,,,,,,,,,,,,,,,,,,,,,,
,,,,20641102,,,,,,,,,,,,,,,,,,,,,,,,,,,,,,,,,
,,,,20641108,,,,,,,,,,,,,,,,,,,,,,,,,,,,,,,,,
,,,,20641109,,,,,,,,,,,,,,,,,,,,,,,,,,,,,,,,,
,,,,20641111,,,,,,,,,,,,,,,,,,,,,,,,,,,,,,,,,
,,,,20641115,,,,,,,,,,,,,,,,,,,,,,,,,,,,,,,,,
,,,,20641116,,,,,,,,,,,,,,,,,,,,,,,,,,,,,,,,,
,,,,20641122,,,,,,,,,,,,,,,,,,,,,,,,,,,,,,,,,
,,,,20641123,,,,,,,,,,,,,,,,,,,,,,,,,,,,,,,,,
,,,,20641127,,,,,,,,,,,,,,,,,,,,,,,,,,,,,,,,,
,,,,20641129,,,,,,,,,,,,,,,,,,,,,,,,,,,,,,,,,
,,,,20641130,,,,,,,,,,,,,,,,,,,,,,,,,,,,,,,,,
,,,,20641206,,,,,,,,,,,,,,,,,,,,,,,,,,,,,,,,,
,,,,20641207,,,,,,,,,,,,,,,,,,,,,,,,,,,,,,,,,
,,,,20641213,,,,,,,,,,,,,,,,,,,,,,,,,,,,,,,,,
,,,,20641214,,,,,,,,,,,,,,,,,,,,,,,,,,,,,,,,,
,,,,20641220,,,,,,,,,,,,,,,,,,,,,,,,,,,,,,,,,
,,,,20641221,,,,,,,,,,,,,,,,,,,,,,,,,,,,,,,,,
,,,,20641225,,,,,,,,,,,,,,,,,,,,,,,,,,,,,,,,,
,,,,20641227,,,,,,,,,,,,,,,,,,,,,,,,,,,,,,,,,
,,,,20641228,,,,,,,,,,,,,,,,,,,,,,,,,,,,,,,,,
,,,,20650101,,,,,,,,,,,,,,,,,,,,,,,,,,,,,,,,,
,,,,20650103,,,,,,,,,,,,,,,,,,,,,,,,,,,,,,,,,
,,,,20650104,,,,,,,,,,,,,,,,,,,,,,,,,,,,,,,,,
,,,,20650110,,,,,,,,,,,,,,,,,,,,,,,,,,,,,,,,,
,,,,20650111,,,,,,,,,,,,,,,,,,,,,,,,,,,,,,,,,
,,,,20650117,,,,,,,,,,,,,,,,,,,,,,,,,,,,,,,,,
,,,,20650118,,,,,,,,,,,,,,,,,,,,,,,,,,,,,,,,,
,,,,20650119,,,,,,,,,,,,,,,,,,,,,,,,,,,,,,,,,
,,,,20650124,,,,,,,,,,,,,,,,,,,,,,,,,,,,,,,,,
,,,,20650125,,,,,,,,,,,,,,,,,,,,,,,,,,,,,,,,,
,,,,20650131,,,,,,,,,,,,,,,,,,,,,,,,,,,,,,,,,
,,,,20650201,,,,,,,,,,,,,,,,,,,,,,,,,,,,,,,,,
,,,,20650207,,,,,,,,,,,,,,,,,,,,,,,,,,,,,,,,,
,,,,20650208,,,,,,,,,,,,,,,,,,,,,,,,,,,,,,,,,
,,,,20650214,,,,,,,,,,,,,,,,,,,,,,,,,,,,,,,,,
,,,,20650215,,,,,,,,,,,,,,,,,,,,,,,,,,,,,,,,,
,,,,20650216,,,,,,,,,,,,,,,,,,,,,,,,,,,,,,,,,
,,,,20650221,,,,,,,,,,,,,,,,,,,,,,,,,,,,,,,,,
,,,,20650222,,,,,,,,,,,,,,,,,,,,,,,,,,,,,,,,,
,,,,20650228,,,,,,,,,,,,,,,,,,,,,,,,,,,,,,,,,
,,,,20650301,,,,,,,,,,,,,,,,,,,,,,,,,,,,,,,,,
,,,,20650307,,,,,,,,,,,,,,,,,,,,,,,,,,,,,,,,,
,,,,20650308,,,,,,,,,,,,,,,,,,,,,,,,,,,,,,,,,
,,,,20650314,,,,,,,,,,,,,,,,,,,,,,,,,,,,,,,,,
,,,,20650315,,,,,,,,,,,,,,,,,,,,,,,,,,,,,,,,,
,,,,20650321,,,,,,,,,,,,,,,,,,,,,,,,,,,,,,,,,
,,,,20650322,,,,,,,,,,,,,,,,,,,,,,,,,,,,,,,,,
,,,,20650327,,,,,,,,,,,,,,,,,,,,,,,,,,,,,,,,,
,,,,20650328,,,,,,,,,,,,,,,,,,,,,,,,,,,,,,,,,
,,,,20650329,,,,,,,,,,,,,,,,,,,,,,,,,,,,,,,,,
,,,,20650404,,,,,,,,,,,,,,,,,,,,,,,,,,,,,,,,,
,,,,20650405,,,,,,,,,,,,,,,,,,,,,,,,,,,,,,,,,
,,,,20650411,,,,,,,,,,,,,,,,,,,,,,,,,,,,,,,,,
,,,,20650412,,,,,,,,,,,,,,,,,,,,,,,,,,,,,,,,,
,,,,20650418,,,,,,,,,,,,,,,,,,,,,,,,,,,,,,,,,
,,,,20650419,,,,,,,,,,,,,,,,,,,,,,,,,,,,,,,,,
,,,,20650425,,,,,,,,,,,,,,,,,,,,,,,,,,,,,,,,,
,,,,20650426,,,,,,,,,,,,,,,,,,,,,,,,,,,,,,,,,
,,,,20650502,,,,,,,,,,,,,,,,,,,,,,,,,,,,,,,,,
,,,,20650503,,,,,,,,,,,,,,,,,,,,,,,,,,,,,,,,,
,,,,20650509,,,,,,,,,,,,,,,,,,,,,,,,,,,,,,,,,
,,,,20650510,,,,,,,,,,,,,,,,,,,,,,,,,,,,,,,,,
,,,,20650516,,,,,,,,,,,,,,,,,,,,,,,,,,,,,,,,,
,,,,20650517,,,,,,,,,,,,,,,,,,,,,,,,,,,,,,,,,
,,,,20650523,,,,,,,,,,,,,,,,,,,,,,,,,,,,,,,,,
,,,,20650524,,,,,,,,,,,,,,,,,,,,,,,,,,,,,,,,,
,,,,20650525,,,,,,,,,,,,,,,,,,,,,,,,,,,,,,,,,
,,,,20650530,,,,,,,,,,,,,,,,,,,,,,,,,,,,,,,,,
,,,,20650531,,,,,,,,,,,,,,,,,,,,,,,,,,,,,,,,,
,,,,20650606,,,,,,,,,,,,,,,,,,,,,,,,,,,,,,,,,
,,,,20650607,,,,,,,,,,,,,,,,,,,,,,,,,,,,,,,,,
,,,,20650613,,,,,,,,,,,,,,,,,,,,,,,,,,,,,,,,,
,,,,20650614,,,,,,,,,,,,,,,,,,,,,,,,,,,,,,,,,
,,,,20650620,,,,,,,,,,,,,,,,,,,,,,,,,,,,,,,,,
,,,,20650621,,,,,,,,,,,,,,,,,,,,,,,,,,,,,,,,,
,,,,20650627,,,,,,,,,,,,,,,,,,,,,,,,,,,,,,,,,
,,,,20650628,,,,,,,,,,,,,,,,,,,,,,,,,,,,,,,,,
,,,,20650703,,,,,,,,,,,,,,,,,,,,,,,,,,,,,,,,,
,,,,20650704,,,,,,,,,,,,,,,,,,,,,,,,,,,,,,,,,
,,,,20650705,,,,,,,,,,,,,,,,,,,,,,,,,,,,,,,,,
,,,,20650711,,,,,,,,,,,,,,,,,,,,,,,,,,,,,,,,,
,,,,20650712,,,,,,,,,,,,,,,,,,,,,,,,,,,,,,,,,
,,,,20650718,,,,,,,,,,,,,,,,,,,,,,,,,,,,,,,,,
,,,,20650719,,,,,,,,,,,,,,,,,,,,,,,,,,,,,,,,,
,,,,20650725,,,,,,,,,,,,,,,,,,,,,,,,,,,,,,,,,
,,,,20650726,,,,,,,,,,,,,,,,,,,,,,,,,,,,,,,,,
,,,,20650801,,,,,,,,,,,,,,,,,,,,,,,,,,,,,,,,,
,,,,20650802,,,,,,,,,,,,,,,,,,,,,,,,,,,,,,,,,
,,,,20650808,,,,,,,,,,,,,,,,,,,,,,,,,,,,,,,,,
,,,,20650809,,,,,,,,,,,,,,,,,,,,,,,,,,,,,,,,,
,,,,20650815,,,,,,,,,,,,,,,,,,,,,,,,,,,,,,,,,
,,,,20650816,,,,,,,,,,,,,,,,,,,,,,,,,,,,,,,,,
,,,,20650822,,,,,,,,,,,,,,,,,,,,,,,,,,,,,,,,,
,,,,20650823,,,,,,,,,,,,,,,,,,,,,,,,,,,,,,,,,
,,,,20650829,,,,,,,,,,,,,,,,,,,,,,,,,,,,,,,,,
,,,,20650830,,,,,,,,,,,,,,,,,,,,,,,,,,,,,,,,,
,,,,20650905,,,,,,,,,,,,,,,,,,,,,,,,,,,,,,,,,
,,,,20650906,,,,,,,,,,,,,,,,,,,,,,,,,,,,,,,,,
,,,,20650907,,,,,,,,,,,,,,,,,,,,,,,,,,,,,,,,,
,,,,20650912,,,,,,,,,,,,,,,,,,,,,,,,,,,,,,,,,
,,,,20650913,,,,,,,,,,,,,,,,,,,,,,,,,,,,,,,,,
,,,,20650919,,,,,,,,,,,,,,,,,,,,,,,,,,,,,,,,,
,,,,20650920,,,,,,,,,,,,,,,,,,,,,,,,,,,,,,,,,
,,,,20650926,,,,,,,,,,,,,,,,,,,,,,,,,,,,,,,,,
,,,,20650927,,,,,,,,,,,,,,,,,,,,,,,,,,,,,,,,,
,,,,20651003,,,,,,,,,,,,,,,,,,,,,,,,,,,,,,,,,
,,,,20651004,,,,,,,,,,,,,,,,,,,,,,,,,,,,,,,,,
,,,,20651010,,,,,,,,,,,,,,,,,,,,,,,,,,,,,,,,,
,,,,20651011,,,,,,,,,,,,,,,,,,,,,,,,,,,,,,,,,
,,,,20651012,,,,,,,,,,,,,,,,,,,,,,,,,,,,,,,,,
,,,,20651017,,,,,,,,,,,,,,,,,,,,,,,,,,,,,,,,,
,,,,20651018,,,,,,,,,,,,,,,,,,,,,,,,,,,,,,,,,
,,,,20651024,,,,,,,,,,,,,,,,,,,,,,,,,,,,,,,,,
,,,,20651025,,,,,,,,,,,,,,,,,,,,,,,,,,,,,,,,,
,,,,20651031,,,,,,,,,,,,,,,,,,,,,,,,,,,,,,,,,
,,,,20651101,,,,,,,,,,,,,,,,,,,,,,,,,,,,,,,,,
,,,,20651107,,,,,,,,,,,,,,,,,,,,,,,,,,,,,,,,,
,,,,20651108,,,,,,,,,,,,,,,,,,,,,,,,,,,,,,,,,
,,,,20651111,,,,,,,,,,,,,,,,,,,,,,,,,,,,,,,,,
,,,,20651114,,,,,,,,,,,,,,,,,,,,,,,,,,,,,,,,,
,,,,20651115,,,,,,,,,,,,,,,,,,,,,,,,,,,,,,,,,
,,,,20651121,,,,,,,,,,,,,,,,,,,,,,,,,,,,,,,,,
,,,,20651122,,,,,,,,,,,,,,,,,,,,,,,,,,,,,,,,,
,,,,20651126,,,,,,,,,,,,,,,,,,,,,,,,,,,,,,,,,
,,,,20651128,,,,,,,,,,,,,,,,,,,,,,,,,,,,,,,,,
,,,,20651129,,,,,,,,,,,,,,,,,,,,,,,,,,,,,,,,,
,,,,20651205,,,,,,,,,,,,,,,,,,,,,,,,,,,,,,,,,
,,,,20651206,,,,,,,,,,,,,,,,,,,,,,,,,,,,,,,,,
,,,,20651212,,,,,,,,,,,,,,,,,,,,,,,,,,,,,,,,,
,,,,20651213,,,,,,,,,,,,,,,,,,,,,,,,,,,,,,,,,
,,,,20651219,,,,,,,,,,,,,,,,,,,,,,,,,,,,,,,,,
,,,,20651220,,,,,,,,,,,,,,,,,,,,,,,,,,,,,,,,,
,,,,20651225,,,,,,,,,,,,,,,,,,,,,,,,,,,,,,,,,
,,,,20651226,,,,,,,,,,,,,,,,,,,,,,,,,,,,,,,,,
,,,,20651227,,,,,,,,,,,,,,,,,,,,,,,,,,,,,,,,,
