AmB,AuB,BeB,BkB,BMA,BmB,BxB,CoB,FrB,HeB,HKB,IsB,JaB,JoB,KLB,LnB,LxB,MeB,MnB,MoB,MwB,MxB,NBR,NYB,OsB,RiB,RJB,SeB,SiB,SPB,SyB,Tgt,TkB,TpB,TrB,StB,ViB,WeB,ZuB
19990101,20020101,20070101,20020101,20150101,20020312,20130101,19990101,20020101,20020101,19990101,20060110,20070101,20020101,20020101,19990101,19990101,19990101,20020101,19990101,20010101,20060206,20130101,19990101,20000420,20090102,20130101,20040101,20000207,20060125,20020101,20000421,19940103,20060130,20020101,19990101,20020101,20020101,20020101
19990402,20020102,20070102,20020226,20150119,20020325,20130211,19990401,20020329,20020329,19990216,20060111,20070319,20020321,20020201,19990402,19990405,19990126,20020225,19990402,20010102,20060321,20130211,19990118,20000421,20090109,20130211,20040121,20000316,20060227,20020128,20000424,19940211,20060131,20020329,19990106,20020401,20020102,20020102
19990405,20040101,20070103,20020408,20150216,20020329,20130212,19990402,20020401,20020401,19990217,20060112,20070406,20020329,20020212,19990405,19990513,19990402,20020328,19990524,20010307,20060413,20130212,19990215,20000424,20090116,20130212,20040122,20000421,20060228,20020329,20000501,19940321,20060201,20020520,19990402,20020501,20020121,20020329
19990430,20040102,20070219,20020415,20150525,20020401,20130329,19990405,20020501,20020501,19990218,20060113,20070517,20020401,20020213,19990503,19990524,19990405,20020329,19990701,20010501,20060414,20130329,19990402,20000501,20090123,20130329,20040123,20000501,20060414,20020401,20001225,19940429,20060202,20020701,19990405,20020509,20020206,20020401
19990513,20040126,20070220,20020416,20150703,20020425,20130501,19990430,20020509,20020509,19990402,20060519,20070601,20020501,20020315,19990531,19990623,19990426,20020408,19990802,20010502,20060501,20130501,19990531,20000517,20090130,20130423,20040301,20000518,20060421,20020425,20001226,19940503,20060228,20020805,19990513,20020520,20020329,20020501
19990524,20040206,20070221,20020501,20150907,20020501,20130530,19990513,20020520,20020621,19990405,20060830,20070817,20020617,20020425,19990830,19991101,19990614,20020501,19990906,20010509,20061102,20130530,19990705,20000601,20090206,20130501,20040405,20000809,20060501,20020610,20010101,19940504,20060405,20020902,19990524,20020530,20020401,20020509
20000421,20040409,20070222,20020506,20151012,20020815,20131115,19990524,20020530,20021206,19990406,20061023,20071012,20020809,20020501,19991227,20000424,19990802,20020612,19991011,20010612,20061120,20131115,19990906,20000612,20090213,20130530,20040415,20001026,20060615,20020805,20010413,19940505,20060501,20021014,19990625,20020815,20020425,20020520
20000424,20040412,20070223,20020527,20151111,20020910,20131225,19990603,20021003,20021224,19990618,20061024,20071220,20020924,20020527,19991228,20000501,19991004,20020715,19991111,20011107,20061201,20131225,19991011,20001225,20090220,20130725,20040505,20001127,20060907,20021007,20010416,19940915,20060531,20021111,19991224,20021101,20020603,20020801
20000505,20040607,20070501,20020701,20151126,20020930,20131231,19991224,20021224,20021225,19990701,20061025,20071225,20021216,20021104,19991231,20000601,19991227,20021031,19991227,20011212,20061212,20140101,19991111,20001226,20090227,20130726,20040526,20010101,20061012,20021225,20010501,19940923,20061006,20021225,20000106,20021224,20021028,20021225
20000601,20041025,20070502,20020725,20151225,20021002,20140101,20000420,20021225,20021226,19991001,20070101,20071231,20021225,20021206,20000103,20000612,19991228,20021101,19991228,20020101,20061225,20140303,19991125,20010101,20090306,20131115,20040927,20010124,20061102,20021226,20011225,19941010,20061009,20021226,20000421,20021225,20021225,20021226
20000612,20041227,20070503,20020812,20160101,20021015,20140303,20000421,20021226,20030101,19991018,20070102,20080101,20021226,20021225,20000421,20000623,20000103,20021206,20000103,20020102,20070101,20140304,19991224,20010412,20090313,20131120,20040928,20010125,20061115,20030101,20011226,19941103,20061010,20030101,20000424,20021226,20021226,20030101
20001225,20041228,20070504,20021023,20160118,20021104,20140304,20000424,20021231,20030106,19991227,20070103,20080110,20030101,20030101,20000424,20000815,20000106,20021224,20000421,20020107,20070205,20140418,20000117,20010413,20090320,20131225,20040929,20010306,20061120,20030127,20011231,19941123,20070101,20030418,20000501,20030101,20030101,20030102
20001226,20050103,20070507,20021205,20160215,20021119,20140418,20000501,20030101,20030418,19991231,20070423,20080207,20030321,20030203,20000501,20001101,20000126,20021225,20000522,20020225,20070319,20140421,20000221,20010416,20090327,20131231,20050208,20010413,20061225,20030418,20020101,19941223,20070219,20030519,20000601,20030106,20030102,20030418
20010101,20050104,20071001,20021210,20160325,20021225,20140421,20000519,20030418,20030421,20000204,20070830,20080307,20030418,20030204,20000529,20001225,20000421,20021230,20000703,20020308,20070405,20140501,20000421,20010501,20090403,20140101,20050209,20010501,20061229,20030421,20020329,19950102,20070220,20030701,20000612,20030421,20030120,20030421
20010413,20050131,20071002,20021230,20160530,20030213,20140501,20000601,20030421,20030501,20000207,20071012,20080320,20030421,20030212,20000828,20001226,20000424,20021231,20000807,20020501,20070406,20140619,20000529,20010517,20090410,20140120,20050210,20010507,20070101,20030425,20020401,19950103,20070221,20030804,20000623,20030501,20030206,20030501
20010416,20050325,20071003,20021231,20160704,20030314,20140619,20000605,20030501,20030529,20000404,20071029,20080321,20030428,20030304,20001225,20010101,20000425,20030101,20000904,20020502,20070501,20141225,20000704,20010524,20090417,20140303,20050301,20010809,20070125,20030609,20020501,19950116,20070222,20030901,20001225,20030529,20030418,20030529
20010430,20050328,20071004,20030101,20160905,20030318,20141225,20000612,20030529,20030620,20000421,20071220,20080501,20030501,20030501,20001226,20010413,20000501,20030225,20001009,20020503,20071102,20150101,20000904,20010604,20090424,20140304,20050405,20011114,20070219,20030804,20021225,19950321,20070223,20031013,20001226,20030609,20030421,20030609
20010524,20050425,20071005,20030217,20161010,20030401,20141231,20000622,20030609,20031224,20000424,20071221,20080520,20030616,20030514,20010101,20010416,20000601,20030407,20001225,20020509,20071119,20150216,20001009,20011225,20090501,20140418,20050505,20011225,20070220,20031006,20021226,19950503,20070228,20031111,20010101,20030619,20030425,20030801
20010604,20050606,20071231,20030407,20161111,20030402,20150101,20001003,20030619,20031225,20000501,20080101,20080730,20030924,20030515,20010413,20010501,20000612,20030417,20001226,20020510,20071212,20150217,20001123,20011226,20090508,20140421,20050606,20020101,20070406,20031225,20030101,19950504,20070405,20031225,20010413,20030815,20030602,20031225
20011225,20051024,20080101,20030414,20161124,20030411,20150216,20001225,20031003,20031226,20000511,20080423,20080818,20031216,20030901,20010416,20010524,20000622,20030418,20010101,20020612,20071225,20150403,20001225,20020101,20090515,20140423,20050815,20020212,20070501,20031226,20030418,19950505,20070406,20031226,20010416,20031208,20031027,20031226
20011226,20051226,20080206,20030415,20161226,20030414,20150217,20001226,20031224,20040101,20000606,20080519,20080930,20031225,20031024,20010507,20010604,20000807,20030501,20010413,20021107,20080101,20150421,20010101,20020328,20090522,20140501,20050919,20020213,20070607,20040101,20030421,19950915,20070501,20040101,20010501,20031224,20031225,20040101
20020101,20051227,20080207,20030501,20170102,20030415,20150403,20010101,20031225,20040106,20000913,20080930,20081001,20031226,20031125,20010528,20010815,20000815,20030502,20010521,20021108,20080204,20150501,20010115,20020329,20090529,20140619,20051003,20020329,20070709,20040126,20030501,19951010,20070618,20040409,20010524,20031225,20031226,20040102
20020329,20060102,20080208,20030505,20170116,20030418,20150421,20010412,20031226,20040409,20001002,20081001,20081002,20040101,20031126,20010827,20011101,20001002,20030613,20010702,20021212,20080317,20150604,20010219,20020401,20090605,20140625,20060130,20020501,20070907,20040409,20031225,19951103,20070619,20040524,20010604,20031226,20040101,20040409
20020401,20060103,20080211,20030515,20170220,20030501,20150501,20010413,20031231,20040412,20001006,20081002,20081003,20040322,20031225,20011225,20011225,20001026,20031031,20010806,20021213,20080320,20150907,20010413,20020501,20090612,20140704,20060301,20020527,20071012,20040412,20031226,19951123,20070918,20040701,20010622,20040101,20040102,20040412
20020430,20060130,20080212,20030701,20170414,20030515,20150604,20010416,20040101,20040520,20001225,20081029,20081208,20040409,20040101,20011226,20011226,20001101,20031126,20010903,20030101,20080321,20151012,20010528,20020509,20090619,20141120,20060501,20020809,20071102,20040426,20040101,19960101,20070924,20040802,20011225,20040106,20040119,20040520
20020509,20060206,20080404,20030714,20170529,20030516,20150907,20010501,20040409,20040625,20001226,20081208,20081225,20040412,20040122,20020101,20020101,20001208,20031224,20011008,20030102,20080501,20151102,20010704,20020517,20090626,20141225,20060505,20021104,20071115,20040614,20040409,19960102,20070925,20040906,20011226,20040412,20040206,20040531
20020520,20060414,20080501,20030812,20170704,20030630,20151012,20010511,20040412,20041206,20010101,20081209,20081229,20040414,20040123,20020329,20040101,20001225,20031225,20011225,20030103,20080916,20151225,20010903,20020520,20090703,20141231,20060531,20021206,20071120,20040802,20040412,19960103,20071010,20041011,20020101,20040520,20040409,20050325
20021225,20060417,20080502,20031023,20170904,20030815,20151102,20010524,20040520,20041224,20010124,20081210,20090101,20040427,20040202,20020401,20040409,20001226,20031230,20011226,20030106,20081117,20160101,20011112,20021224,20090710,20150101,20060606,20021225,20071225,20041004,20050325,19960115,20080101,20041111,20020329,20040531,20040412,20050328
20021226,20060425,20080609,20031205,20171009,20030930,20151130,20010604,20040531,20050106,20010125,20081211,20090102,20040616,20040203,20020506,20040412,20001229,20031231,20020101,20030107,20081212,20160208,20011122,20021225,20090717,20150120,20060717,20030101,20071231,20041227,20050328,19960212,20080206,20041227,20020401,20040610,20040607,20050505
20030101,20060605,20080915,20031210,20171123,20031002,20151225,20010605,20040610,20050325,20010126,20090101,20090126,20040809,20040223,20020603,20040520,20010101,20040101,20040101,20030224,20081225,20160209,20011225,20021226,20090724,20150216,20060815,20030203,20080101,20041228,20051226,19960320,20080207,20041228,20020501,20041026,20041025,20050516
20030418,20061023,20080929,20031231,20171225,20031126,20151231,20010614,20041224,20050328,20010405,20090423,20090309,20040924,20040503,20020604,20040531,20010126,20040225,20040102,20030310,20090101,20160325,20020101,20030101,20090731,20150217,20061003,20030212,20080125,20050103,20060414,19960429,20080208,20050103,20020509,20041101,20041227,20050801
20030421,20061225,20080930,20040101,20180101,20031225,20160101,20011224,20041231,20050505,20010413,20090501,20090326,20041216,20040505,20020826,20040623,20010413,20040407,20040409,20030501,20090202,20160421,20020121,20030417,20090807,20150403,20061005,20030418,20080204,20050126,20060417,19960503,20080211,20050325,20020520,20041208,20041228,20051226
20030430,20061226,20081001,20040308,20180115,20040126,20160208,20011225,20050325,20050624,20010416,20090519,20090409,20041227,20040831,20021225,20041101,20010416,20040408,20040524,20030502,20090316,20160526,20020218,20030418,20090814,20150421,20061006,20030501,20080205,20050325,20060501,19960506,20080228,20050523,20020621,20041224,20050103,20060102
20030529,20070101,20081002,20040406,20180219,20040202,20160209,20011226,20050328,20051206,20010430,20090921,20090410,20050321,20041112,20021226,20050325,20010425,20040409,20040624,20030509,20090409,20160907,20020527,20030421,20090821,20150423,20061225,20030515,20080321,20050328,20061225,19960916,20080404,20050701,20021224,20050106,20050104,20060414
20030609,20070102,20081003,20040413,20180330,20040218,20160325,20011231,20050505,20051226,20010501,20090922,20090521,20050325,20041115,20030101,20050328,20010611,20040510,20040701,20030612,20090410,20161012,20020704,20030501,20090828,20150501,20070101,20031024,20080421,20050425,20061226,19960923,20080501,20050801,20021225,20050328,20050124,20060417
20031225,20070129,20090101,20040414,20180528,20040302,20160421,20020101,20050516,20060106,20010625,20091029,20090708,20050328,20041116,20030418,20050505,20011001,20041101,20040906,20030613,20090501,20161102,20020902,20030529,20090904,20150604,20070219,20031125,20080501,20050613,20070101,19961010,20080728,20050905,20021226,20050505,20050325,20060501
20031226,20070206,20090102,20040415,20180704,20040330,20160526,20020328,20050526,20060414,20010702,20091127,20090720,20050427,20050121,20030421,20050516,20011225,20041115,20041011,20031107,20090916,20161115,20021014,20030609,20090911,20150907,20070301,20031225,20080522,20050801,20070406,19961104,20080929,20051010,20021231,20050516,20050328,20060525
20040101,20070406,20090126,20040503,20180903,20040401,20160907,20020329,20051003,20060417,20011001,20091130,20090817,20050502,20050201,20030505,20050623,20011226,20041129,20041111,20031212,20091102,20170227,20021111,20031224,20090917,20151012,20070501,20040101,20080709,20051003,20070409,19961223,20081010,20051111,20030101,20050526,20050425,20060605
20040409,20070409,20090127,20040505,20181008,20040409,20161012,20020401,20051226,20060501,20011002,20100101,20090921,20050616,20050209,20030526,20050815,20020101,20041203,20041227,20040101,20091116,20170228,20021128,20031225,20090918,20151102,20070524,20040122,20081120,20051226,20070501,19961231,20090101,20051226,20030106,20050815,20050606,20060801
20040412,20070425,20090128,20040603,20181112,20040414,20161102,20020426,20060414,20060525,20011025,20100423,20090922,20050809,20050210,20030825,20051101,20040101,20041224,20041228,20040102,20091225,20170414,20021225,20031226,20090921,20151120,20070606,20040123,20081225,20051227,20071225,19970101,20090102,20051227,20030418,20051026,20051024,20061225
20040430,20070604,20090129,20040701,20181122,20040426,20161115,20020509,20060417,20060623,20011225,20100519,20090923,20051216,20050211,20031225,20051226,20040126,20041227,20050103,20040107,20100101,20170421,20030101,20040101,20090922,20151225,20070717,20040202,20081231,20060102,20071226,19970102,20090126,20060102,20030421,20051101,20051226,20061226
20040520,20071022,20090130,20040802,20181225,20040504,20161130,20020520,20060501,20061206,20011226,20100830,20091127,20051226,20050421,20031226,20060414,20040308,20041230,20050104,20040223,20100201,20170501,20030120,20040408,20090923,20151231,20070815,20040409,20090101,20060126,20080101,19970103,20090127,20060414,20030501,20051208,20051227,20070101
20040531,20071225,20090406,20040812,20190101,20040630,20161230,20020605,20060525,20061225,20020101,20100909,20091218,20060102,20050502,20040101,20060417,20040409,20041231,20050325,20040308,20100315,20170615,20030217,20040409,20090924,20160101,20070924,20040602,20090223,20060414,20080321,19970115,20090128,20060522,20030529,20051226,20060102,20070102
20050325,20071226,20090501,20041025,20190121,20040820,20170227,20021224,20060605,20061226,20020212,20100910,20091225,20060301,20050523,20040409,20060501,20040412,20050225,20050523,20040503,20100401,20170907,20030526,20040412,20090925,20160120,20070925,20040809,20090224,20060417,20080324,19970211,20090129,20060703,20030609,20060106,20060103,20070406
20050328,20080101,20090528,20041206,20190218,20040930,20170228,20021225,20060615,20070101,20020213,20101029,20100101,20060321,20050831,20040412,20060525,20040614,20050323,20050624,20040504,20100402,20171012,20030704,20040517,20091002,20160208,20070926,20041111,20090410,20060425,20080501,19970320,20090130,20060807,20030620,20060417,20060123,20070409
20050505,20080102,20090529,20041210,20190419,20041013,20170414,20021226,20061003,20070406,20020214,20101116,20100226,20060414,20051101,20040503,20060605,20041102,20050324,20050701,20040510,20100916,20171102,20030901,20040520,20091009,20160209,20071003,20041115,20090421,20060612,20081225,19970429,20090501,20060904,20031224,20060501,20060206,20070501
20050516,20080128,20091001,20041231,20190527,20041022,20170421,20030101,20061225,20070409,20020329,20101117,20100316,20060417,20051103,20040531,20060623,20041227,20050325,20050905,20040614,20100917,20171115,20031013,20040531,20091016,20160325,20071219,20050121,20090501,20060807,20081226,19970505,20090528,20061009,20031225,20060525,20060414,20070517
20051226,20080206,20091002,20050103,20190704,20041112,20170501,20030417,20061226,20070501,20020401,20101118,20100402,20060427,20051104,20040830,20060815,20041228,20050502,20051010,20041108,20101102,20171225,20031111,20041224,20091023,20160421,20071225,20050209,20090611,20061002,20090101,19970721,20090529,20061113,20031226,20060605,20060417,20070528
20060414,20080321,20091005,20050223,20190902,20041115,20170615,20030418,20070101,20070517,20020405,20101119,20100513,20060501,20051226,20041227,20061101,20050103,20050613,20051111,20041213,20101115,20180101,20031127,20050324,20091030,20160526,20080101,20050210,20090709,20061225,20090410,19970915,20090807,20061225,20031231,20060615,20060425,20070801
20060417,20080324,20091006,20050406,20191014,20041126,20170907,20030421,20070406,20070622,20020501,20110519,20100528,20060616,20060102,20041228,20061225,20050126,20050725,20051226,20050103,20110207,20180212,20031225,20050325,20091106,20160804,20080206,20050325,20090907,20061226,20090413,19970923,20100101,20061226,20040101,20060815,20060605,20071225
20060525,20080425,20091007,20050413,20191111,20050121,20171012,20030516,20070409,20071206,20020520,20110830,20100817,20060809,20060110,20050103,20061226,20050314,20050829,20051227,20050104,20110321,20180213,20040101,20050328,20091113,20160805,20080207,20050502,20091012,20070101,20090501,19971010,20100215,20070101,20040106,20061026,20061023,20071226
20060605,20080602,20091008,20050414,20191128,20050126,20171102,20030529,20070501,20071224,20020701,20110831,20100909,20060925,20060130,20050325,20070101,20050325,20051031,20060102,20050105,20110421,20180330,20040119,20050505,20091120,20160818,20080208,20050523,20091102,20070126,20091225,19971103,20100216,20070406,20040409,20061101,20061225,20080101
20061225,20081027,20100101,20050415,20191225,20050309,20171115,20030605,20070517,20071225,20021001,20110901,20100910,20061225,20060131,20050328,20070406,20050328,20051101,20060103,20050106,20110422,20180501,20040216,20050516,20091126,20160822,20080409,20050809,20091120,20070406,20100101,19971124,20100217,20070521,20040412,20061208,20061226,20080102
20061226,20081225,20100215,20050502,20200101,20050325,20171130,20030609,20070528,20071226,20021014,20111107,20100913,20061226,20060201,20050502,20070409,20050425,20051104,20060414,20050107,20110916,20180531,20040531,20050517,20091127,20160907,20080501,20051101,20091225,20070409,20100402,19971223,20100218,20070702,20040520,20061225,20070101,20080321
20070101,20081226,20100216,20050505,20200120,20050401,20171225,20031224,20070607,20080101,20021225,20111108,20101117,20070101,20060202,20050530,20070501,20050613,20051128,20060522,20050110,20111102,20180907,20040705,20051226,20091130,20161012,20080505,20051103,20091231,20070425,20100405,19971231,20100219,20070806,20040531,20061226,20070102,20080324
20070406,20090101,20100217,20050523,20200217,20050414,20171229,20031225,20071003,20080321,20021226,20111109,20101207,20070321,20060411,20050829,20070517,20051101,20051226,20060623,20050223,20111121,20181012,20040906,20060413,20091201,20161102,20080512,20051226,20100101,20070611,20110422,19980101,20100405,20070903,20040625,20070101,20070122,20080501
20070409,20090102,20100218,20050701,20200410,20050418,20180101,20031226,20071224,20080324,20030101,20120423,20101224,20070406,20060501,20051226,20070528,20051226,20051230,20060703,20050307,20111212,20181102,20041011,20060414,20091202,20161115,20080606,20060102,20100125,20070806,20110425,19980102,20100616,20071008,20041224,20070409,20070206,20080512
20070430,20090126,20100219,20050722,20200525,20050422,20180212,20031231,20071225,20080501,20030131,20120501,20110203,20070409,20060512,20051227,20070815,20051227,20060413,20060904,20050308,20120206,20181115,20041111,20060417,20091203,20161230,20080815,20060110,20100215,20070907,20111226,19980115,20100922,20071112,20041231,20070501,20070406,20080801
20070517,20090206,20100405,20050812,20200703,20050523,20180213,20040101,20071226,20080620,20030203,20120820,20110215,20070427,20060831,20060102,20071101,20060102,20060414,20061009,20050502,20120319,20181225,20041125,20060501,20091204,20170120,20080915,20060130,20100216,20071001,20120406,19980211,20110202,20071225,20050106,20070517,20070409,20081225
20070528,20090410,20100503,20051024,20200907,20050701,20180330,20040408,20071231,20081224,20030418,20120821,20110422,20070501,20061023,20060414,20071225,20060126,20060501,20061113,20050509,20120405,20190101,20050117,20060517,20091211,20170227,20081003,20060131,20100402,20071225,20120409,19980429,20110203,20071226,20050325,20070528,20070425,20081226
20071225,20090413,20100614,20051205,20201012,20050727,20180501,20040409,20080101,20081225,20030421,20120830,20110517,20070809,20061024,20060417,20071226,20060313,20060612,20061225,20050510,20120406,20190304,20050221,20060525,20091218,20170228,20081225,20060414,20100421,20071226,20120501,19980504,20110204,20080101,20050328,20070607,20070604,20090101
20071226,20090601,20100615,20051212,20201111,20050728,20180531,20040412,20080321,20081226,20030501,20121025,20110602,20070924,20061025,20060501,20080101,20060414,20060724,20061226,20050613,20120501,20190305,20050530,20060605,20091225,20170414,20090101,20060501,20100603,20080101,20121225,19980505,20110207,20080218,20050505,20070815,20071022,20090102
20080101,20091026,20100616,20060102,20201126,20050815,20180907,20040507,20080324,20090101,20030508,20121026,20110629,20071217,20061225,20060529,20080321,20060417,20060928,20070101,20051104,20121102,20190419,20050704,20061225,20100101,20170421,20090126,20060512,20100709,20080128,20121226,19980720,20110228,20080321,20050606,20071026,20071225,20090410
20080321,20091225,20100922,20060213,20201225,20050822,20181012,20040520,20080501,20090106,20030604,20121029,20110817,20071225,20070101,20060828,20080324,20060425,20060929,20070102,20060102,20121119,20190501,20050905,20061226,20100108,20170501,20090127,20060809,20100907,20080321,20130101,19980915,20110404,20080519,20050624,20071101,20071226,20090413
20080324,20091228,20100923,20060406,20210101,20050907,20181102,20040531,20080512,20090410,20030701,20130101,20110829,20071226,20070102,20061225,20080501,20060612,20061024,20070406,20060103,20121212,20190620,20051010,20070101,20100115,20170615,20090501,20061024,20101012,20080324,20130329,19980923,20110405,20080701,20051226,20071224,20080101,20090501
20080430,20100101,20100924,20060413,20210118,20050930,20181115,20041224,20080522,20090413,20030912,20130423,20110830,20080101,20070201,20061226,20080512,20061107,20061101,20070521,20060104,20121225,20191115,20051111,20070405,20100122,20170907,20090505,20061225,20101102,20080425,20130401,19981103,20110502,20080804,20060106,20071225,20080102,20090521
20080501,20100104,20101001,20060414,20210215,20051012,20181130,20041231,20081003,20090501,20031001,20130501,20110831,20080321,20070219,20070101,20080623,20061225,20061201,20070625,20060105,20130101,20191225,20051124,20070406,20100129,20171012,20091002,20070101,20101115,20080609,20130501,19981123,20110606,20080901,20060414,20071226,20080121,20090601
20080512,20100201,20101004,20060419,20210531,20051101,20181225,20050324,20081224,20090521,20031225,20130808,20110901,20080324,20070220,20070406,20080815,20061226,20061225,20070702,20060106,20130204,20200101,20051226,20070409,20100205,20171102,20091225,20070102,20101231,20080804,20131225,19981223,20110912,20081013,20060417,20080101,20080206,20091225
20081225,20100402,20101005,20060501,20210705,20051103,20181231,20050325,20081225,20090619,20031226,20130809,20110902,20080428,20070426,20070409,20081225,20070101,20061226,20070903,20060109,20130318,20200224,20060102,20070501,20100212,20171115,20100101,20070219,20110125,20081006,20131226,19981231,20111010,20081111,20060501,20080324,20080321,20100101
20081226,20100405,20101006,20060505,20210906,20051104,20190101,20050328,20081226,20091224,20040101,20130830,20111226,20080501,20070501,20070507,20081226,20070126,20070101,20071008,20060223,20130328,20200225,20060116,20070517,20100219,20171120,20100215,20070220,20110307,20081225,20140101,19990101,20120123,20081225,20060525,20080501,20080324,20100402
20090101,20100607,20101007,20060512,20211011,20051115,20190304,20050422,20081231,20091225,20040122,20131015,20120123,20080502,20070502,20070528,20090101,20070312,20070405,20071112,20060224,20130329,20200410,20060220,20070528,20100226,20171225,20100301,20070406,20110308,20081226,20140418,19990115,20120124,20081226,20060606,20080512,20080425,20100405
20090410,20101025,20110103,20060612,20211111,20060111,20190305,20050505,20090101,20100101,20040123,20131016,20120323,20080616,20070831,20070827,20090410,20070406,20070406,20071225,20060308,20130501,20200421,20060529,20071224,20100305,20171229,20100505,20070501,20110421,20090101,20140421,19990211,20120125,20090101,20060623,20080522,20080602,20100513
20090413,20101227,20110202,20060613,20211125,20060126,20190419,20050516,20090410,20100106,20040405,20131017,20120406,20080924,20071015,20071225,20090413,20070409,20070409,20071226,20060501,20130916,20200501,20060704,20071225,20100312,20180101,20100521,20070531,20110422,20090126,20140501,19990322,20120126,20090216,20061225,20080815,20081027,20100524
20090430,20101228,20110203,20060711,20211224,20060209,20190501,20051226,20090413,20100402,20040409,20131018,20120517,20081216,20071108,20071226,20090501,20070425,20070501,20080101,20060508,20131118,20200611,20060904,20071226,20100319,20180212,20100602,20070809,20110623,20090410,20141225,19990429,20120127,20090410,20061226,20081208,20081225,20110422
20090521,20110103,20110204,20060814,20220117,20060315,20190620,20060413,20090501,20100405,20040412,20131029,20120518,20081225,20071220,20080101,20090521,20070611,20070514,20080102,20060509,20131212,20200907,20061009,20080101,20100326,20180213,20100921,20071108,20110907,20090413,20141226,19990503,20120227,20090518,20070101,20081224,20081226,20110425
20090601,20110104,20110207,20060920,20220221,20060330,20191115,20060414,20090521,20100513,20040526,20140101,20120817,20081226,20071225,20080321,20090601,20071106,20070611,20080321,20060612,20131225,20201012,20061123,20080320,20100402,20180330,20100922,20071220,20111012,20090608,20150101,19990504,20120228,20090701,20070406,20081225,20090101,20110602
20091225,20110131,20110208,20061023,20220415,20060406,20191225,20060417,20090601,20100625,20040622,20140423,20120820,20090101,20080101,20080324,20090623,20071225,20070820,20080519,20061106,20140101,20201102,20061225,20080321,20100409,20180423,20100923,20071225,20111102,20090803,20150403,19990505,20120404,20090803,20070409,20081226,20090102,20110613
20100101,20110422,20110404,20061205,20220530,20060411,20191231,20060512,20090611,20101206,20040701,20140501,20120821,20090410,20080110,20080505,20091225,20071226,20070827,20080624,20070101,20140203,20201225,20070101,20080324,20100416,20180501,20110202,20080101,20111115,20091005,20150406,19990720,20120501,20090907,20070501,20090101,20090119,20110801
20100402,20110425,20110405,20061211,20220704,20060414,20200101,20060525,20091224,20101224,20040929,20140519,20120822,20090413,20080123,20080526,20100101,20080101,20071012,20080701,20070102,20140317,20210101,20070115,20080501,20100423,20180531,20110203,20080207,20111230,20091225,20150501,19990915,20120802,20091012,20070517,20090106,20090206,20111226
20100405,20110606,20110502,20070101,20220905,20060501,20200224,20060605,20091225,20110106,20041001,20140728,20121026,20090422,20080201,20080825,20100402,20080128,20071029,20080901,20070103,20140417,20210215,20070219,20080512,20100430,20180907,20110204,20080208,20120125,20091228,20151225,19990923,20121010,20091111,20070606,20090413,20090410,20120102
20100430,20111024,20110606,20070102,20221010,20060815,20200225,20061225,20091231,20110422,20041022,20140729,20121115,20090427,20080207,20081225,20100405,20080310,20071101,20081013,20070104,20140418,20210216,20070528,20081224,20100507,20181012,20110301,20080321,20120220,20100101,20160101,19991011,20121231,20091225,20070622,20090501,20090413,20120406
20100505,20111226,20110912,20070305,20221111,20061002,20200410,20061226,20100101,20110425,20041227,20140730,20121116,20090501,20080208,20081226,20100513,20080321,20071102,20081111,20070105,20140501,20210402,20070704,20081225,20100514,20181102,20110505,20080501,20120221,20100126,20160325,19991103,20130101,20091228,20071224,20090521,20090601,20120409
20100513,20111227,20111003,20070406,20221124,20061023,20200421,20070101,20100402,20110602,20050209,20141006,20121224,20090616,20080320,20090101,20100524,20080324,20071130,20081225,20070108,20140916,20210421,20070903,20081226,20100521,20181115,20110510,20080519,20120406,20100402,20160328,19991123,20130211,20100101,20071225,20090601,20091026,20120501
20100524,20120102,20111004,20070413,20221226,20061024,20200501,20070405,20100405,20110624,20050210,20141007,20121225,20090810,20080501,20090410,20100623,20080425,20071224,20081226,20070223,20141117,20210603,20071008,20090101,20100528,20181120,20110606,20081001,20120501,20100405,20161226,19991223,20130212,20100215,20071226,20090611,20091225,20120517
20110422,20120103,20111005,20070416,20230102,20061025,20200611,20070406,20100513,20111206,20050211,20141029,20121231,20090924,20080519,20090413,20101101,20080609,20071225,20090101,20070308,20141212,20210907,20071112,20090409,20100604,20181225,20110815,20081027,20120607,20100426,20170414,19991231,20130213,20100402,20071231,20091026,20091228,20120528
20110425,20120130,20111006,20070501,20230116,20061225,20200907,20070409,20100524,20111226,20050325,20150101,20130101,20091216,20080901,20090504,20110422,20081104,20071231,20090102,20070430,20141225,20211012,20071122,20090410,20100611,20181231,20110912,20081208,20120709,20100614,20170417,20000103,20130214,20100524,20080101,20091208,20100101,20120801
20110602,20120206,20111007,20070507,20230220,20070101,20201012,20070504,20100603,20120106,20050328,20150423,20130124,20091225,20081001,20090525,20110425,20081225,20080101,20090410,20070501,20150101,20211102,20071225,20090413,20100618,20190101,20110913,20081225,20120907,20100802,20170501,20000110,20130215,20100701,20080321,20091224,20100104,20121225
20110613,20120406,20120102,20070531,20230529,20070126,20201102,20070517,20101224,20120406,20050405,20150501,20130312,20100101,20081002,20090831,20110602,20081226,20080225,20090518,20070509,20150202,20211115,20080101,20090501,20100625,20190304,20111003,20090101,20121012,20101004,20171225,20000211,20130228,20100802,20080324,20091225,20100125,20121226
20111226,20120409,20120103,20070730,20230704,20070130,20201130,20070528,20101231,20120409,20050502,20150519,20130329,20100322,20081027,20091225,20110613,20090101,20080320,20090624,20070611,20150316,20220228,20080121,20090521,20100702,20190305,20120123,20090126,20121102,20101227,20171226,20000320,20130404,20100906,20080501,20100101,20100402,20130101
20120406,20120425,20120123,20070813,20230904,20070216,20201225,20070605,20110422,20120501,20050516,20150717,20130509,20100402,20081208,20091228,20110623,20090126,20080321,20090701,20070612,20150402,20220301,20080218,20090601,20100709,20190419,20120124,20090127,20121115,20101228,20180101,20000503,20130405,20101011,20080606,20100106,20100405,20130102
20120409,20120604,20120124,20071023,20231009,20070319,20201231,20071224,20110425,20120517,20050701,20150924,20130606,20100405,20081225,20100101,20110815,20090309,20080407,20090907,20071105,20150403,20220415,20080526,20091224,20100716,20190423,20120301,20090410,20121120,20110103,20180330,20000504,20130501,20101111,20080620,20100405,20100607,20130329
20120430,20121022,20120125,20071205,20231123,20070327,20210101,20071225,20110602,20120622,20050919,20150925,20130807,20100427,20081229,20100402,20111101,20090410,20080501,20091012,20071231,20150501,20220421,20080704,20091225,20100723,20190501,20120411,20090501,20121225,20110126,20180402,20000505,20130612,20101227,20081224,20100513,20101025,20130401
20120517,20121225,20120126,20071210,20231225,20070402,20210215,20071226,20110613,20121206,20051011,20151029,20130808,20100616,20090101,20100405,20111226,20090413,20080609,20091111,20080101,20150916,20220616,20080901,20100101,20100730,20190620,20120501,20090810,20121231,20110422,20180501,20000720,20130821,20101228,20081225,20100524,20101227,20130501
20120528,20121226,20120127,20071224,20240101,20070406,20210216,20071231,20110623,20121224,20051226,20160101,20130809,20100809,20090126,20100503,20120406,20090608,20080818,20091225,20080102,20151102,20220907,20081013,20100401,20100806,20191115,20120528,20090921,20130101,20110425,20181225,20000915,20130919,20110103,20081226,20100603,20101228,20130509
20121225,20130101,20120402,20071231,20240115,20070501,20210402,20080101,20111003,20121225,20051227,20160519,20131014,20100924,20090127,20100531,20120409,20091103,20080825,20091228,20080103,20151116,20221012,20081111,20100402,20100813,20191120,20120606,20091127,20130125,20110426,20181226,20001009,20130920,20110221,20081231,20101026,20110103,20130520
20121226,20130102,20120403,20080101,20240219,20070502,20210421,20080320,20111226,20121226,20060102,20160705,20131015,20101216,20090202,20100830,20120501,20091225,20081001,20100101,20080104,20151225,20221102,20081127,20100405,20100820,20191225,20120815,20091225,20130211,20110613,20190101,20001103,20131010,20110422,20090101,20101101,20110104,20130801
20130101,20130128,20120404,20080221,20240329,20070702,20210603,20080321,20120406,20130101,20060130,20160706,20131105,20101227,20090209,20101227,20120517,20091228,20081201,20100104,20080107,20160101,20221115,20081225,20100513,20100827,20191231,20121001,20100101,20130212,20110801,20190419,20001123,20140101,20110523,20090106,20101208,20110124,20131225
20130329,20130206,20120430,20080407,20240527,20070815,20210907,20080324,20120409,20130329,20060131,20160707,20131225,20110321,20090309,20101228,20120528,20100101,20081225,20100402,20080108,20160201,20230220,20090101,20100517,20100903,20200101,20121003,20100215,20130329,20111003,20190422,20010101,20140130,20110701,20090410,20101224,20110422,20131226
20130401,20130329,20120501,20080414,20240704,20070820,20211012,20080418,20120501,20130401,20060405,20160830,20131226,20110422,20090501,20110103,20120815,20100126,20081226,20100524,20080225,20160321,20230221,20090119,20100524,20100907,20200120,20121219,20100216,20130501,20111226,20190501,20010102,20140131,20110801,20090413,20110106,20110425,20140101
20130430,20130401,20120622,20080415,20240902,20071002,20211102,20080501,20120517,20130501,20060414,20160912,20140101,20110425,20090831,20110422,20121101,20100308,20081229,20100624,20080310,20160324,20230407,20090216,20101224,20100908,20200224,20121225,20100402,20130530,20111227,20191225,20010103,20140203,20110905,20090501,20110425,20110606,20140102
20130509,20130425,20121001,20080501,20241014,20071109,20211115,20080512,20120528,20130509,20060417,20160913,20140114,20110427,20090921,20110425,20121225,20100402,20081230,20100701,20080501,20160325,20230421,20090525,20110421,20100909,20200225,20130101,20100528,20130709,20120102,20191226,20010108,20140204,20111010,20090521,20110602,20111024,20140418
20130520,20130603,20121002,20080505,20241111,20071221,20211130,20080605,20120607,20130621,20060501,20160914,20140131,20110502,20090922,20110429,20121226,20100405,20081231,20100906,20080502,20160916,20230501,20090907,20110422,20100910,20200410,20130211,20100809,20131115,20120126,20200101,20010212,20140228,20111111,20090619,20110613,20111226,20140421
20131225,20131028,20121003,20080519,20241128,20071225,20211231,20081224,20121003,20131206,20060505,20160915,20140331,20110518,20091127,20110502,20130101,20100426,20090101,20101011,20080509,20161102,20230608,20091012,20110425,20100913,20200421,20130301,20100910,20131120,20120406,20200410,20010320,20140404,20111226,20091224,20110623,20111227,20140501
20131226,20131225,20121004,20080701,20241225,20080306,20220228,20081225,20121224,20131224,20060531,20170501,20140409,20110616,20091218,20110530,20130329,20100614,20090102,20101111,20080612,20161121,20230907,20091111,20110517,20100917,20200423,20130501,20101105,20131225,20120409,20200413,20010430,20140501,20111227,20091225,20110815,20120102,20140529
20140101,20131226,20121005,20080717,20250101,20080320,20220301,20081226,20121225,20131225,20061002,20170519,20140418,20110809,20091225,20110829,20130401,20101102,20090406,20101227,20080613,20161212,20231012,20091126,20110602,20100922,20200501,20130517,20101117,20131231,20120425,20200501,20010503,20140602,20120102,20091231,20111026,20120103,20140609
20140418,20140101,20130101,20080812,20250120,20080321,20220415,20081231,20121226,20131226,20061030,20170626,20140501,20111216,20100101,20111226,20130501,20101227,20090409,20101228,20081103,20170206,20231102,20091225,20110613,20100924,20200611,20130606,20110203,20140101,20120611,20201225,20010504,20140723,20120220,20100101,20111101,20120123,20140801
20140421,20140102,20130102,20081023,20250217,20080401,20220421,20090101,20121231,20140101,20061225,20170627,20140515,20111226,20100201,20111227,20130509,20101228,20090410,20110103,20081104,20170320,20231115,20100101,20111226,20101001,20200907,20130815,20110204,20140303,20120806,20210101,20010720,20140908,20120406,20100106,20111208,20120206,20141225
20140529,20140127,20130103,20081205,20250418,20080414,20220616,20090409,20130101,20140106,20061226,20170830,20140527,20111227,20100215,20120102,20130520,20110103,20090501,20110104,20090101,20170413,20231225,20100118,20120405,20101008,20201012,20130918,20110422,20140304,20121001,20210402,20010924,20141010,20120521,20100402,20111226,20120406,20141226
20140609,20140206,20130211,20081210,20250526,20080418,20220907,20090410,20130329,20140418,20070101,20170901,20140529,20120102,20100216,20120406,20130815,20110126,20090612,20110422,20090102,20170414,20240101,20100215,20120406,20101015,20201102,20130919,20110502,20140418,20121225,20210405,20011008,20150101,20120702,20100405,20120106,20120409,20150101
20141225,20140418,20130212,20081231,20250704,20080501,20221012,20090413,20130401,20140421,20070219,20170904,20140709,20120321,20100226,20120409,20131101,20110314,20090624,20110523,20090105,20170501,20240212,20100531,20120409,20101022,20201120,20130920,20110517,20140421,20121226,20220415,20011123,20150102,20120806,20100513,20120409,20120425,20150102
20141226,20140421,20130213,20090101,20250901,20080519,20221102,20090508,20130501,20140501,20070220,20180101,20140728,20120406,20100528,20120507,20131225,20110422,20090805,20110624,20090106,20171102,20240213,20100705,20120501,20101029,20201225,20131003,20110809,20140501,20130101,20220418,20011224,20150218,20120903,20100625,20120501,20120604,20150403
20150101,20140425,20130214,20090102,20251013,20080701,20221115,20090521,20130509,20140529,20070405,20180423,20140729,20120409,20100831,20120604,20131226,20110425,20090821,20110701,20090107,20171120,20240329,20100906,20120517,20101105,20201231,20131009,20110830,20140612,20130128,20221226,20011231,20150219,20121008,20101224,20120517,20121022,20150406
20150403,20140602,20130215,20090209,20251111,20080815,20221130,20090522,20130520,20140620,20070406,20180501,20140730,20120427,20100910,20120605,20140101,20110426,20090831,20110905,20090108,20171212,20240501,20101011,20120528,20101112,20210101,20131225,20111026,20140619,20130329,20230407,20020101,20150220,20121112,20101231,20120528,20121225,20150501
20150406,20141027,20130404,20090406,20251127,20080819,20221230,20090601,20130530,20141224,20070409,20180615,20140731,20120501,20100916,20120827,20140418,20110613,20090907,20111010,20090109,20171225,20240530,20101111,20121224,20101115,20210120,20140101,20111107,20140709,20130401,20230410,20020102,20150223,20121225,20110106,20120607,20121226,20150514
20150427,20141225,20130405,20090413,20251225,20080903,20230220,20090605,20131003,20141225,20070501,20180821,20141225,20120809,20101105,20121225,20140421,20111101,20090921,20111111,20090223,20180101,20241115,20101125,20121225,20101116,20210215,20140130,20111226,20141120,20130425,20230501,20020103,20150227,20121226,20110422,20120815,20130101,20150525
20150505,20141226,20130429,20090414,20260101,20080930,20230221,20091224,20131224,20141226,20070524,20180822,20141226,20120924,20101117,20121226,20140501,20111226,20091102,20111226,20090309,20180205,20241225,20110117,20121226,20101117,20210216,20140131,20120102,20141225,20130610,20231225,20020114,20150403,20130101,20110425,20121026,20130102,20151225
20150514,20150101,20130430,20090415,20260119,20081002,20230407,20091225,20131225,20150101,20070619,20180823,20150101,20121217,20101207,20130101,20140529,20111227,20091130,20111227,20090501,20180319,20250101,20110221,20130101,20101118,20210402,20140501,20120123,20141231,20130805,20231226,20020211,20150406,20130218,20110602,20121101,20130121,20160101
20150525,20150102,20130501,20090501,20260216,20081009,20230421,20091231,20131226,20150106,20070702,20180824,20150219,20121225,20101231,20130329,20140609,20120102,20091224,20120102,20090511,20180329,20250303,20110530,20130328,20101119,20210421,20140505,20120124,20150101,20131007,20240101,20020321,20150501,20130329,20110606,20121224,20130206,20160325
20151225,20150126,20130610,20090505,20260525,20081028,20230501,20100101,20131231,20150403,20070926,20180830,20150403,20121226,20110120,20130401,20140623,20120126,20091225,20120103,20090612,20180330,20250304,20110704,20130329,20101126,20210423,20140506,20120406,20150216,20131225,20240329,20020429,20150619,20130520,20110624,20121225,20130329,20160328
20160101,20150206,20130611,20090508,20260703,20081030,20230608,20100401,20140101,20150406,20071001,20181029,20150501,20130101,20110201,20130506,20140815,20120312,20091230,20120406,20091104,20180501,20250418,20110905,20130401,20101203,20210603,20140604,20120501,20150217,20131226,20240401,20020503,20150710,20130701,20111226,20121226,20130401,20160505
20160325,20150403,20130612,20090701,20260907,20081113,20230907,20100402,20140418,20150501,20071019,20190101,20150514,20130321,20110203,20130527,20141225,20120406,20091231,20120521,20100101,20181102,20250421,20111010,20130501,20101210,20210907,20140606,20120809,20150403,20140101,20240501,20020506,20150928,20130805,20120106,20130101,20130425,20160516
20160328,20150406,20130919,20090706,20261012,20081209,20231012,20100405,20140421,20150514,20071225,20190423,20150602,20130329,20110204,20130826,20141226,20120409,20100101,20120625,20100104,20181119,20250501,20111111,20130509,20101217,20211012,20140815,20120820,20150421,20140127,20241225,20020916,20150929,20130902,20120406,20130401,20130603,20160801
20160427,20150427,20130920,20090707,20261111,20081225,20231102,20100430,20140501,20150619,20071226,20190501,20150716,20130401,20110215,20131225,20150101,20120425,20100401,20120702,20100105,20181212,20250619,20111124,20130517,20101224,20211102,20140908,20121026,20150501,20140418,20241226,20020923,20151009,20131014,20120409,20130501,20131028,20161226
20160505,20150601,20131001,20090812,20261126,20090108,20231115,20100513,20140529,20151224,20080101,20190605,20150717,20130501,20110502,20131226,20150403,20120611,20100402,20120903,20100106,20181225,20251225,20111226,20130520,20101231,20211115,20140909,20121113,20150604,20140421,20250101,20021014,20160101,20131111,20120501,20130509,20131225,20170102
20160516,20151026,20131002,20091023,20261225,20090126,20231130,20100514,20140609,20151225,20080207,20190606,20150720,20130617,20110517,20140101,20150406,20121106,20100409,20121008,20100107,20190101,20260101,20120102,20131224,20110107,20211231,20140910,20121225,20150709,20140425,20250418,20021104,20160208,20131225,20120517,20130520,20131226,20170414
20161226,20151225,20131003,20091207,20270101,20090220,20231225,20100524,20140619,20160101,20080208,20190607,20150817,20130809,20110830,20140418,20150501,20121225,20100503,20121112,20100108,20190204,20260216,20120116,20131225,20110114,20220120,20141003,20130101,20150907,20140609,20250421,20021223,20160209,20131226,20120606,20130530,20140101,20170417
20170414,20151228,20131004,20091210,20270118,20090223,20231229,20101224,20141003,20160106,20080321,20190715,20150924,20130924,20110831,20140421,20150514,20121226,20100510,20121225,20100222,20190318,20260217,20120220,20131226,20110121,20220228,20141009,20130211,20151012,20140804,20250501,20021231,20160210,20140101,20120622,20130815,20140102,20170501
20170417,20160101,20131007,20091231,20270215,20090310,20240101,20101231,20141224,20160325,20080324,20190812,20151014,20131216,20110901,20140505,20150525,20130101,20100614,20121226,20100223,20190418,20260403,20120528,20140101,20110128,20220301,20141225,20130212,20151102,20141006,20251225,20030101,20160211,20140217,20121224,20131101,20140120,20170525
20170427,20160104,20140101,20100101,20270326,20090311,20240212,20110421,20141225,20160328,20080404,20190813,20151209,20131225,20110916,20140526,20150623,20130128,20100630,20130101,20100308,20190419,20260421,20120704,20140417,20110204,20220415,20150101,20130329,20151120,20141225,20251226,20030102,20160212,20140418,20121225,20131224,20140206,20170605
20170525,20160201,20140131,20100301,20270531,20090327,20240213,20110422,20141226,20160505,20080501,20190814,20151224,20131226,20111026,20140825,20151225,20130311,20100830,20130102,20100503,20190501,20260501,20120903,20140418,20110211,20220421,20150218,20130501,20151225,20141226,20260101,20030103,20160229,20140519,20121226,20131225,20140418,20170801
20170605,20160208,20140203,20100406,20270705,20090401,20240329,20110425,20141231,20160624,20080512,20190830,20151225,20140101,20111107,20141225,20160101,20130329,20100910,20130329,20100510,20190916,20260604,20121008,20140421,20110218,20220616,20150219,20130524,20151231,20150101,20260403,20030113,20160404,20140701,20121231,20131226,20140421,20171225
20171225,20160325,20140204,20100413,20270906,20090403,20240501,20110520,20150101,20161206,20080609,20191029,20160101,20140321,20111128,20141226,20160325,20130401,20101025,20130520,20100614,20191118,20260907,20121112,20140501,20110225,20220907,20150220,20130808,20160101,20150126,20260406,20030211,20160405,20140804,20130101,20140101,20140425,20171226
20171226,20160328,20140205,20100414,20271011,20090407,20240530,20110602,20150403,20161226,20080701,20200101,20160208,20140418,20111226,20150101,20160328,20130425,20101101,20130624,20101104,20191212,20261012,20121122,20140529,20110304,20221012,20150501,20130809,20160125,20150403,20260501,20030321,20160502,20140901,20130329,20140106,20140602,20180101
20180101,20160425,20140206,20100415,20271111,20090410,20241115,20110603,20150406,20170106,20080822,20200423,20160309,20140421,20120102,20150403,20160505,20130610,20101116,20130701,20101105,20191225,20261102,20121225,20140609,20110311,20221102,20150505,20131015,20160208,20150406,20261225,20030429,20160609,20141013,20130401,20140421,20141027,20180102
20180330,20160606,20140407,20100503,20271125,20090414,20241225,20110613,20150501,20170414,20080915,20200501,20160325,20140428,20120123,20150406,20160516,20131105,20101129,20130902,20110103,20200101,20261225,20130101,20141224,20110318,20221115,20150525,20131225,20160209,20150608,20270101,20030505,20160610,20141111,20130501,20140501,20141225,20180330
20180402,20161024,20140501,20100505,20271224,20090501,20241231,20111226,20150514,20170417,20081001,20200519,20160505,20140501,20120124,20150504,20160623,20131225,20101224,20131014,20110104,20200203,20270101,20130121,20141225,20110325,20221230,20150814,20140101,20160325,20150803,20270326,20030721,20160708,20141225,20130509,20140529,20141226,20180402
20180427,20161226,20140502,20100520,20280117,20090819,20250101,20120405,20150525,20170501,20081007,20200525,20160506,20140507,20120201,20150525,20160815,20131226,20101227,20131111,20110105,20200316,20270208,20130218,20141226,20110401,20230120,20150928,20140131,20160421,20151005,20270329,20030915,20160915,20141226,20130606,20140609,20150101,20180501
20180510,20161227,20140602,20100521,20280221,20090921,20250303,20120406,20150604,20170525,20081225,20200526,20160705,20140616,20120206,20150831,20161101,20140101,20101231,20131225,20110106,20200409,20270209,20130527,20150101,20110408,20230220,20150929,20140418,20160526,20151225,20280414,20030923,20160916,20150101,20130621,20140619,20150102,20180510
20180521,20170102,20140908,20100528,20280414,20090928,20250304,20120409,20151224,20170623,20081226,20200715,20160706,20140924,20120207,20151225,20161226,20140127,20110421,20131226,20110107,20200410,20270326,20130704,20150402,20110415,20230221,20151009,20140501,20160907,20151228,20280417,20031013,20160927,20150216,20131224,20140815,20150119,20180521
20181225,20170103,20141001,20100701,20280529,20090930,20250418,20120504,20151225,20171206,20090101,20200731,20160707,20141216,20120411,20151228,20170414,20140310,20110422,20140101,20110110,20200501,20270421,20130902,20150403,20110422,20230407,20151225,20140513,20161012,20160101,20280501,20031103,20160928,20150403,20131225,20141208,20150206,20180801
20181226,20170130,20141002,20100726,20280704,20091002,20250421,20120517,20151231,20171225,20090126,20200803,20160708,20141225,20120501,20160101,20170417,20140418,20110620,20140102,20110223,20200916,20270527,20131014,20150406,20110429,20230421,20160101,20140728,20161102,20160126,20281225,20031124,20161010,20150518,20131226,20141224,20150403,20181225
20190101,20170206,20141003,20100812,20280904,20091013,20250501,20120518,20160101,20171226,20090127,20201029,20160817,20141226,20120820,20160325,20170501,20140421,20110829,20140418,20110307,20201102,20270907,20131111,20150501,20110506,20230501,20160208,20141006,20161115,20160325,20281226,20031223,20170102,20150701,20131231,20141225,20150406,20181226
20190419,20170414,20141006,20100813,20281009,20091019,20250619,20120528,20160325,20180101,20090128,20210101,20160912,20150101,20120821,20160328,20170525,20140425,20110830,20140519,20110308,20201116,20271012,20131128,20150514,20110513,20230608,20160209,20141022,20161230,20160328,20290101,20031231,20170127,20150803,20140101,20141226,20150427,20190101
20190422,20170417,20141007,20101025,20281123,20091102,20251225,20120605,20160328,20180330,20090410,20210423,20161212,20150403,20120831,20160502,20170605,20140609,20110927,20140624,20110502,20201225,20271102,20131225,20150525,20110520,20230907,20160210,20141225,20170125,20160425,20290330,20040101,20170130,20150907,20140106,20150101,20150601,20190102
20190530,20170425,20150101,20101206,20281225,20091225,20251231,20121224,20160505,20180402,20090413,20210513,20161226,20150406,20120917,20160530,20170623,20141104,20111101,20140701,20110509,20210101,20271115,20140101,20151224,20110527,20231012,20160301,20150101,20170227,20160613,20290402,20040102,20170131,20151012,20140418,20150106,20151026,20190419
20190610,20170605,20150102,20101210,20290101,20091228,20260101,20121225,20160516,20180501,20090501,20210514,20170102,20150427,20121026,20160829,20170815,20141225,20111107,20140901,20110613,20210201,20280228,20140120,20151225,20110603,20231102,20160413,20150219,20170228,20160801,20290501,20040112,20170201,20151111,20140421,20150406,20151225,20190422
20191225,20171023,20150218,20101231,20290115,20100126,20260216,20121226,20160526,20180510,20090528,20210519,20170215,20150501,20121113,20161226,20171101,20141226,20111130,20141013,20111104,20210315,20280229,20140217,20160101,20110610,20231115,20160505,20150220,20170414,20161003,20291225,20040211,20170227,20151225,20140501,20150501,20151228,20190501
20191226,20171225,20150219,20110103,20290219,20100212,20260217,20121231,20161003,20180622,20090701,20210715,20170328,20150616,20121115,20161227,20171225,20150101,20111230,20141111,20120102,20210401,20280414,20140526,20160324,20110617,20231120,20160506,20150403,20170421,20161226,20291226,20040429,20170228,20151228,20140529,20150514,20160101,20190530
20200101,20171226,20150220,20110218,20290330,20100301,20260403,20130101,20161226,20181206,20091001,20210720,20170414,20150810,20121225,20170102,20171226,20150126,20120123,20141225,20120223,20210402,20280421,20140704,20160325,20110624,20231225,20160606,20150501,20170501,20161227,20300101,20040503,20170403,20160101,20140606,20150525,20160104,20190610
20200410,20180101,20150223,20110406,20290528,20100316,20260421,20130328,20170414,20181224,20091026,20210721,20170424,20150924,20130101,20170414,20180101,20150309,20120405,20141226,20120308,20210916,20280501,20140901,20160328,20110701,20231229,20160815,20150601,20170615,20170102,20300419,20040504,20170404,20160215,20140620,20150604,20160125,20190801
20200413,20180102,20150224,20110413,20290704,20100324,20260501,20130329,20170417,20181225,20091225,20210722,20170501,20151216,20130124,20170417,20180330,20150403,20120406,20150101,20120309,20211102,20280615,20141013,20160505,20110708,20240101,20160914,20150717,20170907,20170126,20300422,20040505,20170501,20160325,20141224,20151026,20160208,20191225
20200427,20180129,20150406,20110414,20290903,20100401,20260604,20130401,20170501,20181226,20100101,20210723,20170511,20151225,20130128,20170501,20180402,20150406,20120409,20150102,20120430,20211115,20280907,20141111,20160516,20110715,20240212,20160915,20150807,20171012,20170414,20300501,20040719,20170529,20160523,20141225,20151208,20160325,20191226
20200505,20180206,20150501,20110415,20291008,20100402,20260907,20130426,20170525,20190101,20100215,20210830,20170525,20160101,20130201,20170529,20180501,20150608,20120501,20150403,20120501,20220207,20281012,20141127,20160517,20110722,20240213,20160916,20150810,20171102,20170417,20301225,20040920,20170530,20160701,20141226,20151224,20160328,20200101
20200521,20180330,20150622,20110502,20291112,20100414,20261012,20130509,20170605,20190419,20100216,20211029,20170601,20160321,20130211,20170828,20180510,20151002,20120612,20150518,20120507,20220321,20281102,20141225,20161226,20110729,20240329,20161003,20150911,20171115,20170425,20301226,20040923,20171004,20160801,20141231,20151225,20160425,20200102
20200601,20180402,20150903,20110505,20291122,20100527,20261102,20130510,20170615,20190422,20100402,20220502,20170623,20160325,20130212,20171225,20180521,20151103,20120807,20150624,20120508,20220414,20281115,20150101,20170413,20110805,20240423,20170127,20150924,20171120,20170612,20310101,20041011,20171009,20160905,20150101,20160101,20160606,20200410
20201225,20180425,20150904,20110516,20291225,20100819,20261130,20130520,20171003,20190501,20100405,20220503,20170626,20160328,20130501,20171226,20180815,20151225,20120820,20150701,20120509,20220415,20281225,20150119,20170414,20110812,20240501,20170130,20151110,20171225,20170807,20310411,20041103,20171010,20161010,20150106,20160106,20161024,20200413
20210101,20180604,20151001,20110517,20300101,20100910,20261225,20130605,20171031,20190530,20100406,20220504,20170627,20160427,20130524,20180101,20181101,20151228,20120821,20150907,20120611,20220916,20290101,20150216,20170417,20110819,20240530,20170301,20151225,20171229,20171002,20310414,20041123,20180101,20161111,20150403,20160328,20161226,20200501
20210402,20181022,20151002,20110701,20300121,20100930,20261231,20131224,20171225,20190621,20100521,20220519,20170628,20160502,20130808,20180330,20181225,20160101,20120827,20151012,20120612,20221102,20290212,20150525,20170501,20110826,20241115,20170501,20160101,20180101,20171225,20310501,20041223,20180215,20161226,20150406,20160505,20161227,20200521
20210405,20181225,20151005,20110715,20300218,20101105,20270101,20131225,20171226,20191206,20100616,20220711,20170629,20160616,20130809,20180402,20181226,20160126,20121026,20151111,20121105,20221121,20290213,20150907,20170517,20110829,20241120,20170503,20160208,20180125,20171226,20311225,20041231,20180216,20161227,20150501,20160516,20170102,20200601
20210427,20181226,20151006,20110812,20300419,20101117,20270208,20131226,20180101,20191224,20100701,20220712,20170817,20160803,20130916,20180507,20190101,20160314,20121101,20151225,20121231,20221212,20290330,20151012,20170525,20110830,20241225,20170505,20160209,20180212,20180101,20311226,20050103,20180219,20170102,20150514,20160526,20170103,20201225
20210513,20190101,20151007,20111024,20300527,20101217,20270209,20131231,20180330,20191225,20100923,20220715,20170901,20160809,20131015,20180528,20190419,20160325,20121102,20151228,20130101,20230206,20290501,20151111,20170605,20110831,20241231,20170509,20160325,20180213,20180126,20320101,20050110,20180220,20170220,20150619,20160815,20170123,20210101
20210524,20190102,20160101,20111205,20300704,20110126,20270326,20140101,20180402,20191226,20101001,20220830,20170921,20161216,20131105,20180827,20190422,20160328,20121130,20160101,20130102,20230320,20290531,20151126,20171225,20110902,20250101,20170606,20160502,20180330,20180330,20320326,20050211,20180228,20170414,20151224,20161026,20170206,20210402
20220415,20190128,20160208,20111212,20300902,20110216,20270421,20140417,20180501,20200101,20101227,20230421,20171201,20161226,20131225,20181225,20190501,20160425,20121224,20160104,20130103,20230406,20290907,20151225,20171226,20110909,20250120,20170815,20160706,20180501,20180402,20320329,20050321,20180404,20170522,20151225,20161101,20170414,20210405
20220418,20190206,20160209,20120102,20301014,20110302,20270527,20140418,20180510,20200106,20110203,20230501,20171225,20161227,20140101,20181226,20190530,20160613,20121225,20160325,20130104,20230407,20291012,20160101,20180101,20110916,20250303,20171002,20160809,20180531,20180425,20330415,20050429,20180405,20170703,20151231,20161208,20170417,20210513
20220427,20190419,20160210,20120103,20301111,20110401,20270907,20140421,20180521,20200410,20110204,20230519,20171226,20170102,20140114,20190101,20190610,20160930,20121231,20160523,20130107,20230501,20291102,20160118,20180329,20110923,20250304,20171003,20160912,20180709,20180611,20330418,20050503,20180406,20170807,20160101,20161226,20170425,20210524
20220526,20190422,20160211,20120307,20301128,20110404,20271012,20140516,20180531,20200413,20110405,20230628,20180101,20170321,20140117,20190419,20190815,20161101,20130101,20160624,20130108,20231102,20291115,20160215,20180330,20110930,20250418,20171004,20161226,20180907,20180806,20331226,20050504,20180501,20170904,20160106,20170106,20170605,20220415
20220606,20190425,20160212,20120406,20301225,20110412,20271102,20140529,20181003,20200501,20110422,20230629,20180216,20170414,20140131,20190422,20191101,20161226,20130328,20160701,20130308,20231120,20291225,20160530,20180402,20111007,20250421,20171005,20170102,20181012,20181001,20340407,20050505,20180618,20171009,20160325,20170417,20171023,20220418
20221226,20190603,20160404,20120409,20310101,20110414,20271115,20140530,20181224,20200521,20110425,20230630,20180330,20170417,20140203,20190506,20191225,20161227,20130329,20160905,20130501,20231212,20300101,20160704,20180501,20111014,20250423,20171006,20170130,20181102,20181225,20340410,20050718,20180924,20171113,20160328,20170501,20171225,20220526
20230407,20191028,20160502,20120413,20310120,20110422,20271130,20140605,20181225,20200619,20110502,20230830,20180501,20170427,20140501,20190527,20191226,20170102,20130409,20161010,20130502,20231225,20300304,20160905,20180510,20111021,20250501,20171009,20170414,20181115,20181226,20340501,20050919,20181010,20171225,20160505,20170525,20171226,20220606
20230410,20191225,20160609,20120416,20310217,20110517,20271231,20140609,20181226,20201224,20110510,20240101,20180510,20170501,20140513,20190826,20200101,20170126,20130501,20161111,20130503,20240101,20300305,20161010,20180517,20111028,20250619,20171225,20170501,20181120,20190101,20341225,20050923,20181231,20171226,20160606,20170605,20180101,20220801
20230427,20191226,20160610,20120501,20310411,20110815,20280228,20141224,20181231,20201225,20110606,20240410,20180529,20170616,20140715,20191225,20200410,20170313,20130513,20161226,20130509,20240205,20300419,20161111,20180521,20111104,20251120,20180101,20170510,20181225,20190128,20341226,20051010,20190101,20180101,20160624,20170615,20180102,20221226
20230518,20200101,20160915,20120507,20310526,20110819,20280229,20141225,20190101,20210101,20110701,20240411,20180601,20170809,20140728,20191226,20200413,20170414,20130612,20161227,20130510,20240318,20300501,20161124,20181224,20111107,20251225,20180215,20170626,20181231,20190419,20350101,20051103,20190204,20180219,20161226,20170815,20180122,20230102
20230529,20200102,20160916,20120604,20310704,20110831,20280414,20141226,20190419,20210106,20110913,20240412,20180613,20170925,20140729,20200101,20200501,20170417,20130809,20170102,20130612,20240328,20300620,20161226,20181225,20111111,20251231,20180216,20170809,20190101,20190422,20350323,20051123,20190205,20180330,20170106,20171026,20180206,20230407
20231225,20200127,20161003,20120802,20310901,20110901,20280421,20141231,20190422,20210402,20110929,20240423,20180614,20171225,20140901,20200410,20200521,20170425,20130819,20170103,20131104,20240329,20301115,20170102,20181226,20111118,20260101,20180301,20170901,20190125,20190425,20350326,20051223,20190206,20180521,20170414,20171101,20180330,20230410
20231226,20200206,20161004,20120813,20311013,20110930,20280501,20150101,20190501,20210405,20111005,20240501,20180615,20171226,20140916,20200413,20200601,20170612,20130820,20170414,20140101,20240501,20301225,20170116,20190101,20111125,20260120,20180501,20171018,20190304,20190610,20350501,20060102,20190207,20180702,20170417,20171208,20180402,20230501
20240101,20200410,20161005,20121023,20311111,20111006,20280615,20150402,20190530,20210513,20111226,20240617,20180618,20180101,20141006,20200504,20200623,20170929,20130821,20170522,20140102,20240916,20310101,20170220,20190418,20111202,20260216,20180507,20171225,20190305,20190805,20351225,20060103,20190208,20180806,20170501,20171225,20180425,20230518
20240329,20200413,20161006,20121205,20311127,20111026,20280907,20150403,20190610,20210625,20111227,20240618,20180817,20180321,20141022,20200525,20201225,20171107,20130826,20170623,20140103,20241118,20310224,20170529,20190419,20111209,20260217,20180522,20180101,20190419,20191007,20351226,20060109,20190228,20180903,20170525,20171226,20180604,20230529
20240401,20200427,20161007,20121210,20311225,20111027,20281012,20150406,20190620,20211206,20120102,20240619,20180822,20180330,20141225,20200831,20210101,20171225,20131015,20170626,20140106,20241212,20310225,20170704,20190422,20111216,20260403,20180606,20180216,20190501,20191225,20360101,20060321,20190301,20181008,20170606,20180101,20181022,20230801
20240509,20200601,20170102,20121231,20320101,20111107,20281102,20150501,20191003,20211224,20120123,20240715,20180911,20180402,20150101,20201225,20210402,20171226,20131028,20170703,20140107,20241225,20310411,20170904,20190501,20111223,20260421,20180613,20180330,20190620,20191226,20360411,20060503,20190404,20181112,20170623,20180402,20181225,20231225
20240520,20201026,20170127,20130101,20320119,20111110,20281115,20150514,20191224,20220106,20120124,20240830,20181120,20180427,20150202,20201228,20210405,20180101,20131101,20170904,20140108,20250101,20310421,20171009,20190517,20111230,20260423,20180815,20180501,20190709,20200101,20360414,20060504,20190405,20181225,20171225,20180501,20181226,20231226
20241225,20201225,20170130,20130225,20320216,20111206,20281130,20150515,20191225,20220415,20120125,20241029,20181224,20180501,20150203,20210101,20210513,20180126,20131224,20171009,20140310,20250203,20310501,20171123,20190530,20120106,20260501,20180924,20180529,20191115,20200127,20360501,20060505,20190501,20181226,20171226,20180510,20190101,20240101
20241226,20201228,20170131,20130408,20320326,20120126,20281225,20150525,20191226,20220418,20120404,20250101,20181225,20180809,20150219,20210402,20210524,20180312,20131225,20171113,20140501,20250317,20310612,20171225,20190610,20120113,20260604,20180925,20180615,20191120,20200410,20361225,20060717,20190607,20190101,20180101,20180521,20190102,20240102
20250101,20210101,20170201,20130415,20320531,20120216,20281229,20150605,20191231,20220526,20120406,20250331,20190101,20180924,20150220,20210405,20210623,20180330,20131230,20171225,20140502,20250417,20311225,20180101,20191224,20120120,20260907,20180926,20180809,20191225,20200413,20361226,20060918,20190913,20190218,20180330,20180531,20190121,20240329
20250418,20210104,20170202,20130416,20320705,20120220,20290101,20151224,20200101,20220624,20120409,20250401,20190205,20181217,20150501,20210503,20211101,20180402,20131231,20171226,20140509,20250418,20320101,20180115,20191225,20120127,20261012,20181003,20180822,20191231,20200608,20370101,20061009,20191010,20190419,20180402,20180815,20190206,20240401
20250421,20210201,20170403,20130501,20320906,20120308,20290212,20151225,20200410,20221206,20120501,20250423,20190403,20181225,20150504,20210531,20220415,20180425,20140101,20180101,20140612,20250501,20320209,20180219,20191226,20120203,20261102,20181009,20181106,20200101,20200803,20370403,20061103,20191011,20190520,20180501,20181026,20190419,20240501
20250505,20210208,20170404,20130506,20321011,20120323,20290213,20151231,20200413,20221226,20120702,20250501,20190405,20181226,20150717,20210830,20220418,20180611,20140131,20180102,20140613,20250916,20320210,20180528,20200101,20120210,20261120,20181225,20181225,20200224,20201005,20370406,20061123,20200101,20190701,20180510,20181101,20190422,20240509
20250529,20210402,20170501,20130524,20321111,20120402,20290330,20160101,20200501,20230106,20121001,20250519,20190419,20190101,20150831,20211227,20220526,20180928,20140409,20180330,20141103,20251117,20320326,20180704,20200409,20120217,20261225,20190101,20190101,20200225,20201225,20370501,20070101,20200124,20190805,20180606,20181224,20190425,20240520
20250609,20210405,20170529,20130701,20321125,20120405,20290501,20160324,20200521,20230407,20121002,20250606,20190501,20190321,20150916,20211228,20220606,20181106,20140417,20180521,20141104,20251212,20320421,20180903,20200410,20120224,20261231,20190204,20190205,20200410,20201228,20371225,20070102,20200127,20190902,20180622,20181225,20190603,20240801
20251225,20210426,20170530,20130722,20321224,20120406,20290531,20160325,20200601,20230410,20121023,20250609,20190530,20190419,20150924,20220103,20220623,20181225,20140418,20180625,20150101,20251225,20320527,20181008,20200413,20120302,20270101,20190205,20190206,20200421,20210101,20380101,20070103,20200128,20191014,20181224,20181226,20191028,20241225
20251226,20210607,20171002,20130812,20330117,20120501,20290907,20160328,20200611,20230501,20121225,20250715,20190604,20190422,20151014,20220415,20220815,20181226,20140501,20180702,20150102,20260101,20320907,20181112,20200501,20120309,20270120,20190206,20190419,20200501,20210126,20380423,20070108,20200129,20191111,20181225,20190101,20191225,20241226
20260101,20211025,20171003,20131023,20330221,20120815,20291012,20160422,20201224,20230518,20121226,20251029,20190605,20190501,20151110,20220418,20221101,20190101,20140612,20180903,20150105,20260202,20321012,20181122,20200521,20120316,20270208,20190301,20190501,20200611,20210402,20380426,20070212,20200228,20191225,20181226,20190422,20191226,20250101
20260403,20211227,20171004,20131205,20330415,20120820,20291102,20160505,20201225,20230623,20130101,20260101,20190606,20190617,20151224,20220502,20221226,20190128,20140716,20181008,20150106,20260316,20321102,20181225,20200601,20120323,20270209,20190501,20190520,20200709,20210405,20390408,20070321,20200402,20191226,20181231,20190501,20200101,20250102
20260406,20211228,20171005,20131210,20330530,20120919,20291115,20160506,20201231,20231206,20130211,20260320,20190607,20190809,20151225,20220530,20230407,20190311,20140729,20181112,20150107,20260402,20321115,20190101,20201224,20120330,20270326,20190506,20190605,20200907,20210426,20390411,20070430,20200403,20200101,20190101,20190530,20200102,20250418
20260427,20220103,20171006,20131230,20330704,20121002,20291130,20160516,20210101,20231225,20130212,20260423,20191225,20190924,20160101,20220829,20230410,20190419,20140821,20181225,20150108,20260403,20330228,20190121,20201225,20120406,20270421,20190606,20190809,20201012,20210614,20391226,20070503,20200501,20200217,20190419,20190610,20200120,20250421
20260514,20220104,20180101,20131231,20330905,20121024,20291225,20161226,20210402,20231226,20130213,20260501,20191226,20191216,20160125,20221226,20230501,20190422,20140825,20181226,20150109,20260501,20330301,20190218,20210101,20120413,20270423,20190815,20190812,20201102,20210802,20400330,20070504,20200625,20200410,20190422,20190620,20200206,20250501
20260525,20220131,20180215,20140101,20331010,20121026,20291231,20170413,20210405,20240101,20130329,20260519,20200101,20191225,20160201,20221227,20230518,20190425,20140919,20190101,20150223,20260916,20330415,20190527,20210401,20120420,20270527,20190912,20191028,20201120,20211004,20400402,20070716,20200626,20200518,20190501,20190815,20200410,20250529
20261225,20220207,20180216,20140214,20331111,20121113,20300101,20170414,20210513,20240329,20130401,20260527,20200325,20191226,20160208,20230102,20230529,20190610,20141006,20190102,20150309,20261102,20330421,20190704,20210402,20120427,20270907,20190913,20191225,20201225,20211227,20400501,20070917,20201001,20200701,20190530,20191101,20200413,20250609
20270101,20220415,20180219,20140407,20331124,20121114,20300304,20170417,20210524,20240401,20130404,20260528,20200410,20200101,20160209,20230407,20230623,20190927,20141208,20190419,20150501,20261116,20330616,20190902,20210405,20120504,20271012,20191003,20200101,20201231,20211228,20401225,20070924,20201002,20200803,20190606,20191224,20200427,20250801
20270326,20220418,20180220,20140414,20331226,20121128,20300305,20170512,20210603,20240501,20130501,20260529,20200501,20200410,20160502,20230410,20230815,20191105,20141224,20190520,20150504,20261225,20330907,20191014,20210513,20120511,20271102,20191009,20200127,20210101,20220103,20401226,20071008,20201009,20200907,20190621,20191225,20200601,20251225
20270329,20220425,20180221,20140415,20340102,20121225,20300419,20170525,20211224,20240509,20130517,20260715,20200507,20200413,20160622,20230501,20231101,20191225,20141225,20190624,20150511,20270101,20331012,20191111,20210517,20120518,20271115,20191225,20200410,20210125,20220126,20410101,20071123,20210101,20201012,20191224,20191226,20201026,20251226
20270427,20220606,20180405,20140501,20340116,20130125,20300501,20170526,20211231,20240621,20130612,20261029,20200521,20200427,20160706,20230529,20231225,20191226,20141226,20190701,20150612,20270201,20331102,20191128,20210524,20120525,20271231,20200101,20200501,20210215,20220415,20410419,20071224,20210211,20201111,20191225,20200101,20201225,20260101
20270506,20221024,20180406,20140505,20340220,20130219,20300620,20170605,20220415,20241206,20130701,20270101,20200525,20200501,20160707,20230828,20231226,20200101,20141230,20190902,20151104,20270315,20331115,20191225,20211224,20120601,20280120,20200124,20200507,20210216,20220418,20410422,20071231,20210212,20201225,20191226,20200106,20201228,20260102
20270517,20221226,20180430,20140513,20340529,20130327,20301115,20171225,20220418,20241224,20130814,20270310,20200526,20200616,20160831,20231225,20240101,20200127,20141231,20191014,20160101,20270325,20340220,20200101,20220414,20120608,20280228,20200127,20200525,20210402,20220425,20410501,20080101,20210215,20201228,20191231,20200413,20210101,20260403
20280414,20221227,20180501,20140701,20340704,20130329,20301225,20171226,20220526,20241225,20130920,20270311,20200527,20200810,20160912,20231226,20240329,20200309,20150101,20191111,20160104,20270326,20340221,20200120,20220415,20120615,20280229,20200415,20200731,20210421,20220613,20411225,20080102,20210216,20210101,20200101,20200501,20210104,20260406
20280417,20230102,20180618,20140711,20340904,20130401,20301231,20180101,20220606,20241226,20131001,20270312,20200601,20200924,20160916,20240101,20240401,20200410,20150102,20191225,20160105,20270916,20340407,20200217,20220418,20120622,20280414,20200430,20200810,20210603,20220801,20411226,20080103,20210301,20210215,20200106,20200521,20210125,20260501
20280427,20230103,20180924,20140811,20341009,20130411,20310101,20180329,20220616,20250101,20131014,20270423,20200731,20201216,20161003,20240329,20240501,20200413,20150115,20191226,20160106,20271102,20340421,20200525,20220517,20120629,20280421,20200501,20201225,20210709,20221003,20420101,20080114,20210405,20210402,20200410,20200601,20210208,20260514
20280525,20230130,20181001,20140812,20341123,20130419,20310224,20180330,20221003,20250106,20131225,20270517,20200817,20201225,20161212,20240401,20240509,20200608,20150116,20200101,20160107,20271115,20340501,20200907,20220526,20120706,20280501,20200505,20210101,20210907,20221226,20420404,20080211,20210406,20210524,20200413,20200611,20210402,20260525
20280605,20230206,20181002,20141023,20341225,20130424,20310225,20180402,20221226,20250418,20131226,20270518,20200820,20210101,20161226,20240506,20240520,20200925,20150219,20200102,20160108,20280207,20340608,20201012,20220606,20120713,20280615,20200930,20210212,20211012,20221227,20420407,20080320,20210430,20210701,20200501,20201026,20210405,20261225
20281225,20230407,20181003,20141205,20350101,20130501,20310411,20180427,20230407,20250421,20140101,20270519,20201029,20210322,20170102,20240527,20240815,20201103,20150402,20200410,20160222,20280320,20340907,20201111,20221226,20120720,20280907,20201001,20210402,20211102,20230102,20420501,20080429,20210614,20210802,20200521,20201208,20210426,20270101
20281226,20230410,20181004,20141210,20350115,20130809,20310421,20180510,20230410,20250501,20140131,20270715,20201225,20210402,20170130,20240826,20241101,20201225,20150403,20200518,20160223,20280413,20341012,20201126,20230406,20120727,20281012,20201002,20210513,20211115,20230126,20421225,20080505,20210920,20210906,20200619,20201224,20210607,20270326
20290101,20230425,20181005,20141231,20350219,20130815,20310501,20180511,20230501,20250529,20140203,20270830,20210101,20210405,20170201,20241225,20241225,20201228,20150409,20200624,20160307,20280414,20341102,20201225,20230407,20120803,20281102,20201009,20210526,20211231,20230407,20421226,20080506,20210921,20211011,20201224,20201225,20211025,20270329
20290330,20230605,20181231,20150101,20350323,20130909,20310612,20180521,20230518,20250620,20140418,20271029,20210212,20210427,20170209,20241226,20241226,20210101,20150501,20200701,20160308,20280501,20341115,20210101,20230410,20120810,20281115,20201225,20210720,20220125,20230410,20430101,20080721,20211011,20211111,20201225,20210101,20211227,20270506
20290402,20231023,20190101,20150102,20350528,20131002,20311225,20180605,20230529,20251224,20140421,20280228,20210311,20210616,20170424,20250101,20250101,20210126,20150612,20200907,20160502,20281102,20341225,20210118,20230501,20120817,20281120,20210101,20210809,20220228,20230425,20430327,20080915,20211231,20211227,20201231,20210106,20211228,20270517
20290427,20231225,20190204,20150304,20350704,20131016,20311231,20181224,20230608,20251225,20140501,20280229,20210315,20210809,20170501,20250418,20250418,20210308,20150717,20201012,20160503,20281120,20350101,20210215,20230517,20120820,20281225,20210211,20211104,20220301,20230612,20430330,20080923,20220131,20211228,20210101,20210405,20220103,20280414
20290510,20231226,20190205,20150406,20350903,20131104,20320101,20181225,20231003,20251226,20140506,20280501,20210402,20210924,20170510,20250421,20250421,20210402,20150821,20201111,20160509,20281212,20350205,20210531,20230518,20120824,20281229,20210212,20220201,20220415,20230807,20430501,20081013,20220201,20220103,20210106,20210513,20220104,20280417
20290521,20240101,20190206,20150413,20351008,20131115,20320209,20181226,20231225,20260101,20140602,20280505,20210512,20211216,20170612,20250505,20250501,20210405,20150831,20201225,20160613,20281225,20350206,20210705,20230529,20120831,20290101,20210301,20220202,20220421,20231002,20431225,20081103,20220202,20220221,20210402,20210524,20220124,20280501
20291225,20240102,20190207,20150414,20351112,20131225,20320210,20181231,20231226,20260106,20140701,20280508,20210513,20211227,20170626,20250526,20250529,20210426,20150925,20201228,20161104,20290101,20350323,20210906,20231225,20120907,20290212,20210505,20220415,20220616,20231225,20440101,20081124,20220203,20220415,20210405,20210603,20220207,20280525
20291226,20240129,20190208,20150415,20351122,20140114,20320326,20190101,20240101,20260403,20140909,20280519,20210514,20220321,20170627,20250825,20250609,20210614,20151118,20210101,20170102,20290205,20350501,20211011,20231226,20120914,20290213,20210519,20220502,20220907,20231226,20440415,20081223,20220204,20220523,20210513,20211026,20220415,20280605
20300101,20240206,20190405,20150501,20351225,20140219,20320421,20190418,20240329,20260406,20141001,20280830,20210526,20220415,20170831,20251225,20250623,20210924,20151119,20210104,20170103,20290319,20350524,20211111,20240101,20120921,20290330,20210920,20220516,20221012,20240101,20440418,20081231,20220228,20220701,20210625,20211101,20220418,20280801
20300419,20240329,20190501,20150504,20360101,20140227,20320527,20190419,20240401,20260501,20141002,20290101,20210601,20220418,20170901,20251226,20250815,20211102,20151130,20210402,20170104,20290329,20350907,20211125,20240328,20120928,20290423,20210921,20220809,20221102,20240126,20441226,20090101,20220404,20220801,20211224,20211208,20220425,20281225
20300422,20240401,20190607,20150505,20360121,20140317,20320907,20190422,20240501,20260514,20141225,20290215,20210719,20220427,20170904,20260101,20251225,20211227,20151224,20210524,20170105,20290330,20351012,20220117,20240329,20121005,20290501,20210922,20221024,20221115,20240329,20450407,20090102,20220405,20220905,20211231,20211224,20220606,20281226
20300530,20240425,20190913,20150601,20360218,20140331,20321012,20190517,20240509,20260619,20141226,20290216,20210720,20220502,20170922,20260403,20251226,20211228,20151225,20210624,20170106,20290501,20351102,20220221,20240401,20121012,20290531,20220131,20221226,20221230,20240401,20450410,20090112,20220502,20221010,20220106,20220106,20221024,20290101
20300610,20240603,20191001,20150701,20360411,20140401,20321102,20190530,20240520,20261224,20150101,20290423,20210810,20220616,20171018,20260406,20260101,20220103,20151230,20210701,20170223,20291102,20351115,20220530,20240501,20121019,20290907,20220201,20230102,20230125,20240425,20450501,20090211,20220603,20221111,20220415,20220418,20221226,20290102
20301225,20241028,20191002,20150730,20360526,20140408,20321115,20190531,20240530,20261225,20150219,20290424,20210817,20220809,20171201,20260504,20260403,20220126,20151231,20210906,20170224,20291119,20351225,20220704,20240509,20121025,20291012,20220202,20230123,20230220,20240610,20451225,20090320,20220909,20221226,20220418,20220526,20221227,20290330
20301226,20241225,20191003,20150812,20360704,20140414,20321130,20190605,20241003,20270101,20150220,20290425,20211019,20221216,20171225,20260525,20260406,20220314,20160101,20211011,20170308,20291212,20360101,20220905,20240517,20121026,20291102,20220301,20230124,20230221,20240805,20451226,20090429,20221010,20221227,20220526,20220606,20230102,20290402
20310101,20241226,20191004,20151023,20360901,20140418,20321231,20190610,20241224,20270106,20150403,20290426,20211224,20221226,20180101,20260831,20260501,20220415,20160208,20211111,20170501,20291225,20360225,20221010,20240520,20121029,20291115,20220309,20230407,20230407,20241007,20460101,20090504,20230102,20230102,20220606,20220616,20230103,20290501
20310411,20250101,20191007,20151207,20361013,20140424,20330228,20191224,20241225,20270326,20150406,20290427,20220201,20230102,20180131,20261225,20260514,20220418,20160225,20211227,20170508,20300101,20360226,20221111,20241224,20121102,20291120,20220505,20230421,20230421,20241225,20460323,20090505,20230120,20230220,20220624,20220815,20230123,20290510
20310414,20250102,20200101,20151210,20361111,20140501,20330301,20191225,20241226,20270329,20150407,20290501,20220228,20230321,20180201,20261228,20260525,20220425,20160324,20211228,20170509,20300204,20360411,20221124,20241225,20121109,20291225,20220601,20230501,20230501,20241226,20460326,20090506,20230123,20230407,20221226,20221026,20230206,20290521
20310522,20250127,20200124,20151231,20361127,20140514,20330415,20191226,20241231,20270506,20150501,20290830,20220415,20230407,20180216,20270101,20260623,20220613,20160325,20220103,20170612,20300318,20360421,20221226,20241226,20121116,20291231,20220606,20230602,20230608,20250101,20460501,20090720,20230124,20230522,20230106,20221101,20230407,20290801
20310602,20250206,20200127,20160101,20361225,20140729,20330421,20191231,20250101,20270625,20150525,20291029,20220502,20230410,20180501,20270326,20261225,20220923,20160509,20220104,20171106,20300418,20360501,20230102,20250101,20121123,20300101,20220815,20230628,20230907,20250127,20461225,20090921,20230125,20230703,20230407,20221208,20230410,20291225
20311225,20250418,20200128,20160222,20370101,20140815,20330616,20200101,20250418,20271206,20150701,20300101,20220503,20230427,20180529,20270329,20270101,20221101,20160706,20220415,20180101,20300419,20360612,20230116,20250417,20121130,20300304,20220909,20230809,20231012,20250418,20461226,20090922,20230227,20230807,20230410,20221226,20230425,20291226
20311226,20250421,20200129,20160406,20370119,20140818,20330907,20200409,20250421,20271224,20150903,20300204,20220504,20230501,20180615,20270503,20270326,20221226,20160829,20220523,20180102,20300501,20361225,20230220,20250418,20121207,20300305,20220912,20231113,20231102,20250421,20470101,20090923,20230228,20230904,20230501,20230106,20230605,20300101
20320101,20250425,20200130,20160413,20370216,20140829,20331012,20200410,20250501,20280106,20150928,20300205,20220505,20230616,20180822,20270531,20270329,20221227,20160912,20220624,20180103,20300916,20370101,20230529,20250421,20121214,20300419,20221003,20231225,20231115,20250425,20470412,20091012,20230404,20231009,20230518,20230410,20231023,20300102
20320326,20250602,20200406,20160414,20370525,20141002,20331102,20200413,20250529,20280414,20151001,20300206,20220516,20230809,20180831,20270830,20270506,20230102,20161031,20220701,20180104,20301118,20370216,20230704,20250501,20121221,20300423,20230123,20240101,20231120,20250609,20470415,20091103,20230405,20231113,20230606,20230501,20231225,20300419
20320329,20251027,20200501,20160415,20370703,20141003,20331115,20200508,20250609,20280417,20151021,20300415,20220526,20230925,20180910,20271227,20270517,20230126,20161101,20220905,20180105,20301212,20370217,20230904,20250529,20121228,20300501,20230124,20240212,20231225,20250804,20470501,20091123,20230501,20231225,20230623,20230518,20231226,20300422
20320427,20251225,20200625,20160502,20370907,20141006,20331130,20200521,20250619,20280501,20151225,20300416,20220601,20231225,20180911,20271228,20270623,20230313,20161130,20221010,20180108,20301225,20370403,20231009,20250609,20130104,20300620,20230301,20240329,20231229,20251006,20471225,20091223,20230622,20231226,20231225,20230529,20240101,20300501
20320506,20251226,20200626,20160505,20371012,20141015,20331230,20200522,20251003,20280525,20160101,20300423,20220817,20231226,20180917,20280103,20271101,20230407,20161226,20221111,20180223,20310101,20370421,20231123,20251224,20130111,20301115,20230501,20240410,20240101,20251225,20471226,20091231,20230623,20240101,20231226,20230608,20240102,20300530
20320517,20260101,20201001,20160506,20371111,20141023,20340220,20200601,20251224,20280623,20160208,20300501,20221226,20240101,20181106,20280414,20280414,20230410,20161230,20221226,20180308,20310203,20370501,20231225,20251225,20130118,20301120,20230505,20240501,20240125,20251226,20480101,20100101,20230929,20240219,20240101,20230815,20240122,20300610
20330415,20260102,20201002,20160520,20371126,20141024,20340221,20200605,20251225,20281206,20160209,20300715,20230322,20240321,20181120,20280417,20280417,20230425,20170102,20221227,20180309,20310317,20370604,20240101,20251226,20130125,20301225,20230606,20240522,20240212,20260101,20480403,20100111,20231009,20240329,20240329,20231026,20240206,20300801
20330418,20260126,20201005,20160701,20371225,20141104,20340407,20201224,20251226,20281225,20160210,20300830,20230407,20240329,20181225,20280501,20280501,20230612,20170413,20230102,20180430,20310410,20370907,20240115,20260101,20130201,20301231,20230815,20240617,20240213,20260126,20480406,20100211,20231010,20240520,20240401,20231101,20240329,20301225
20330427,20260206,20201006,20160718,20380101,20141106,20340421,20201225,20251231,20281226,20160325,20301029,20230420,20240401,20190101,20280529,20280525,20230929,20170414,20230103,20180501,20310411,20371012,20240219,20260402,20130208,20310101,20230928,20240809,20240329,20260403,20480501,20100322,20240101,20240701,20240501,20231208,20240401,20301226
20330526,20260403,20201007,20160719,20380118,20141225,20340501,20201231,20260101,20290101,20160328,20310101,20230421,20240501,20190121,20280828,20280605,20231107,20170428,20230407,20180502,20310501,20371102,20240527,20260403,20130215,20310120,20230929,20241031,20240501,20260406,20481225,20100429,20240209,20240805,20240509,20231225,20240425,20310101
20330606,20260406,20201008,20160812,20380215,20150126,20340608,20210101,20260403,20290330,20160404,20310124,20230424,20240617,20190201,20281225,20280623,20231225,20170501,20230522,20180509,20310916,20371225,20240704,20260406,20130222,20310224,20231003,20241225,20240530,20260608,20490101,20100503,20240212,20240902,20240606,20231226,20240603,20310102
20331226,20260427,20210101,20161024,20380423,20150217,20340907,20210401,20260406,20290402,20160502,20310402,20230501,20240809,20190205,20281226,20280815,20231226,20170612,20230626,20180611,20311117,20380101,20240902,20260501,20130301,20310225,20231009,20250101,20240709,20260803,20490416,20100504,20240213,20241014,20240621,20240101,20241028,20310411
20340407,20260601,20210211,20161205,20380531,20150219,20341012,20210402,20260501,20290501,20160609,20310403,20230518,20240924,20190206,20290101,20281101,20240101,20170626,20230703,20180612,20311212,20380308,20241014,20260514,20130308,20310411,20231225,20250129,20241115,20261005,20490419,20100505,20240214,20241111,20241224,20240401,20241225,20310414
20340410,20261026,20210212,20161212,20380705,20150306,20341102,20210405,20260514,20290510,20160701,20310404,20230601,20241216,20190501,20290330,20281225,20240126,20170821,20230904,20181105,20311225,20380309,20241111,20260525,20130315,20310421,20240101,20250130,20241120,20261225,20500408,20100719,20240228,20241225,20241225,20240501,20241226,20310501
20340427,20261225,20210215,20170102,20380906,20150401,20341115,20210430,20260525,20290622,20160802,20310423,20230629,20241225,20190520,20290402,20281226,20240311,20170828,20231009,20181231,20320101,20380421,20241128,20261224,20130322,20310423,20240209,20250331,20241225,20261228,20500411,20100920,20240404,20241226,20241226,20240509,20250101,20310522
20340518,20261228,20210216,20170103,20381011,20150402,20341130,20210513,20260604,20291206,20160916,20310501,20230719,20241226,20190522,20290507,20290101,20240329,20170901,20231113,20190101,20320202,20380423,20241225,20261225,20130329,20310501,20240212,20250418,20241231,20270101,20501226,20100923,20240405,20250101,20241231,20240520,20250102,20310602
20340529,20270101,20210217,20170213,20381111,20150403,20341225,20210514,20261224,20291224,20161010,20310519,20230817,20250101,20190605,20290528,20290330,20240401,20170912,20231225,20190102,20320315,20380624,20250101,20270101,20130405,20310612,20240301,20250501,20250101,20270126,20510331,20101011,20240501,20250217,20250101,20240530,20250120,20310801
20341225,20270104,20210405,20170406,20381125,20150414,20341229,20210524,20261225,20291225,20161021,20310715,20230927,20250321,20190606,20290827,20290402,20240425,20171016,20231226,20190103,20320325,20380907,20250120,20270325,20130412,20311120,20240410,20250512,20250303,20270326,20510403,20101103,20240610,20250418,20250106,20240815,20250206,20311225
20341226,20270201,20210503,20170413,20381224,20150501,20350101,20211224,20261231,20291226,20161226,20311029,20231225,20250418,20190812,20291225,20290501,20240610,20171031,20240101,20190104,20320326,20381012,20250217,20270326,20130419,20311225,20240501,20250606,20250304,20270329,20510501,20101123,20240916,20250519,20250418,20241101,20250418,20311226
20350101,20270208,20210614,20170414,20390117,20150504,20350205,20211231,20270101,20300101,20161227,20320101,20231226,20250421,20190902,20291226,20290510,20240927,20171101,20240102,20190107,20320916,20381102,20250526,20270329,20130426,20311231,20240506,20251020,20250418,20270426,20511225,20101223,20240917,20250701,20250421,20241224,20250421,20320101
20350323,20270326,20210920,20170501,20390221,20150818,20350206,20220414,20270326,20300419,20170102,20320114,20240101,20250428,20190909,20300101,20290521,20241105,20171130,20240329,20190108,20321102,20381115,20250704,20270506,20130503,20320101,20240515,20251225,20250421,20270614,20511226,20101231,20241010,20250804,20250501,20241225,20250425,20320102
20350326,20270329,20210921,20170505,20390408,20150917,20350323,20220415,20270329,20300422,20170130,20320115,20240208,20250501,20190916,20300419,20290815,20241225,20171225,20240520,20190308,20321115,20390221,20250901,20270517,20130510,20320120,20240606,20260101,20250501,20270802,20520101,20110103,20241011,20250901,20250529,20241226,20250602,20320326
20350427,20270426,20211001,20170510,20390530,20150925,20350501,20220418,20270506,20300501,20170131,20320116,20240311,20250616,20191028,20300422,20291101,20241226,20171226,20240624,20190501,20330207,20390222,20251013,20271224,20130517,20320209,20240815,20260217,20250619,20271004,20520419,20110110,20250101,20251013,20250606,20250101,20251027,20320329
20350503,20270607,20211004,20170710,20390704,20151002,20350524,20220513,20270517,20300530,20170404,20320322,20240329,20250924,20191225,20300506,20291225,20250101,20180101,20240701,20190502,20330321,20390408,20251111,20280413,20130524,20320210,20240916,20260218,20250709,20271227,20520422,20110211,20250127,20251111,20250620,20250106,20251225,20320506
20350514,20271025,20211005,20170728,20390905,20151022,20350907,20220526,20270527,20300621,20170414,20320323,20240409,20251216,20200101,20300527,20291226,20250127,20180102,20240902,20190503,20330414,20390421,20251127,20280414,20130531,20320326,20240917,20260320,20251120,20271228,20520501,20110321,20250128,20251225,20251224,20250421,20251226,20320517
20351225,20271227,20211006,20170814,20391010,20151111,20351012,20220527,20271224,20301206,20170417,20320324,20240410,20251225,20200127,20300826,20300101,20250310,20180216,20241014,20190509,20330415,20390609,20251225,20280417,20130607,20320421,20240918,20260403,20251225,20280103,20521225,20110429,20250129,20251226,20251225,20250501,20260101,20330415
20351226,20271228,20211007,20171013,20391111,20151112,20351102,20220606,20271231,20301224,20170501,20320325,20240411,20251226,20200501,20301225,20300419,20250418,20180329,20241111,20190510,20330916,20390907,20260101,20280501,20130614,20320423,20241003,20260501,20251231,20280126,20521226,20110503,20250130,20260101,20251226,20250529,20260102,20330418
20360101,20280103,20220103,20171023,20391124,20151125,20351115,20221226,20280414,20301225,20170503,20320423,20240412,20260101,20200507,20301226,20300422,20250421,20180330,20241225,20190612,20331102,20391012,20260119,20280517,20130621,20320527,20241009,20260527,20260101,20280414,20530101,20110504,20250131,20260216,20251231,20250609,20260119,20330526
20360411,20280104,20220131,20171026,20391226,20151224,20351130,20230406,20280417,20301226,20170530,20320519,20240501,20260403,20200511,20310101,20300501,20250425,20180409,20241226,20191104,20331121,20391102,20260216,20280525,20130628,20320907,20241225,20260601,20260216,20280417,20530404,20110505,20250228,20260403,20260101,20250619,20260206,20330606
20360414,20280131,20220201,20171205,20400102,20151225,20351225,20230407,20280501,20310101,20170823,20320715,20240509,20260406,20200525,20310411,20300530,20250609,20180501,20250101,20200101,20331212,20391115,20260525,20280605,20130705,20321012,20250101,20260810,20260217,20280425,20530407,20110718,20250403,20260518,20260106,20250815,20260403,20330801
20360522,20280207,20220202,20171211,20400116,20160126,20351231,20230410,20280525,20310106,20171002,20320830,20240523,20260427,20200526,20310414,20300610,20250926,20180612,20250102,20200102,20340206,20400213,20260907,20281225,20130712,20321102,20250128,20261109,20260403,20280612,20530501,20110919,20250404,20260701,20260403,20251208,20260406,20331226
20360602,20280414,20220203,20180101,20400220,20160219,20360101,20230505,20280605,20310411,20171005,20321029,20240617,20260501,20200731,20310505,20300815,20251104,20180615,20250418,20200103,20340320,20400214,20261012,20281226,20130719,20321115,20250129,20261225,20260421,20280807,20531225,20110923,20250501,20260803,20260406,20251224,20260427,20340102
20361225,20280417,20220204,20180102,20400330,20160307,20360225,20230518,20280615,20310414,20171225,20330103,20241225,20260616,20200820,20310526,20301101,20251225,20180821,20250519,20200106,20340406,20400330,20261111,20290101,20130726,20321231,20250130,20270101,20260501,20281002,20531226,20111010,20250530,20260907,20260501,20251225,20260601,20340407
20361226,20280425,20220404,20180301,20400528,20160324,20360226,20230519,20281003,20310501,20171226,20330104,20241226,20260810,20200831,20310825,20301225,20251226,20180827,20250624,20200107,20340407,20400501,20261126,20290329,20130802,20330120,20250501,20270208,20260604,20281225,20540101,20111103,20251006,20261012,20260514,20251226,20261026,20340410
20370101,20280605,20220405,20180406,20400704,20160325,20360411,20230529,20281225,20310522,20180101,20330311,20250101,20260924,20200909,20311225,20301226,20260101,20181101,20250701,20200108,20340501,20400531,20261225,20290330,20130807,20330228,20250505,20270310,20260709,20281226,20540327,20111123,20251010,20261111,20260619,20260101,20261225,20340501
20370403,20281023,20220502,20180413,20400903,20160401,20360421,20230605,20281226,20310620,20180216,20330314,20250127,20261216,20200916,20311226,20310101,20260126,20181102,20250901,20200309,20341102,20400907,20270101,20290402,20130808,20330301,20250506,20270326,20260907,20290101,20540330,20111223,20260101,20261225,20261224,20260106,20261228,20340518
20370406,20281225,20220603,20180416,20401008,20160408,20360501,20231225,20290101,20311224,20180219,20330519,20250129,20261225,20201029,20320101,20310411,20260309,20181130,20251013,20200501,20341120,20401012,20270118,20290501,20130809,20330415,20250606,20270517,20261012,20290126,20540501,20120102,20260102,20261228,20261225,20260406,20270101,20340529
20370427,20281226,20220912,20180501,20401112,20160414,20360612,20231226,20290330,20311225,20180330,20330715,20250331,20270101,20201225,20320326,20310414,20260403,20181224,20251111,20200504,20341212,20401102,20270215,20290510,20130816,20330421,20250815,20270520,20261102,20290330,20541225,20120103,20260216,20270101,20261231,20260501,20270104,20340801
20370514,20290101,20221003,20180529,20401122,20160415,20361225,20240101,20290402,20311226,20180402,20330830,20250401,20270322,20210101,20320329,20310501,20260406,20181225,20251225,20200505,20341225,20401115,20270531,20290517,20130823,20330616,20251003,20270809,20261120,20290402,20550101,20120109,20260217,20270215,20270101,20260514,20270125,20341225
20370525,20290102,20221004,20180727,20401225,20160419,20361231,20240328,20290501,20320101,20180405,20331223,20250402,20270326,20210128,20320503,20310522,20260608,20181231,20251226,20200506,20350101,20401225,20270705,20290521,20130830,20330907,20251006,20271028,20261225,20290425,20550416,20120320,20260218,20270326,20270106,20260525,20270208,20341226
20371225,20290129,20221005,20180730,20410101,20160706,20370101,20240329,20290510,20320106,20180501,20340301,20250403,20270329,20210201,20320531,20310602,20260925,20190101,20260101,20200511,20350205,20410101,20270906,20291224,20130906,20331012,20251007,20280126,20261231,20290611,20550419,20120430,20260219,20270524,20270326,20260604,20270326,20350101
20380101,20290206,20221006,20180813,20410121,20160815,20370216,20240401,20290521,20320326,20180522,20340302,20250418,20270427,20210212,20320830,20310623,20261103,20190205,20260102,20200612,20350319,20410304,20271011,20291225,20130913,20331102,20251008,20280127,20270101,20290806,20560331,20120503,20260220,20270701,20270329,20261026,20270329,20350102
20380423,20290330,20221007,20181015,20410218,20160817,20370217,20240426,20290531,20320329,20180618,20340303,20250501,20270616,20210429,20321227,20310815,20261225,20190409,20260403,20201104,20350322,20410305,20271111,20291226,20130920,20331115,20251009,20280228,20270125,20291001,20560403,20120504,20260227,20270802,20270506,20261208,20270426,20350323
20380426,20290402,20230102,20181023,20410419,20160905,20370403,20240509,20291003,20320506,20180702,20340501,20250512,20270809,20210513,20321228,20311225,20261228,20190418,20260518,20210101,20350323,20410419,20271125,20300101,20130923,20331230,20251225,20280414,20270208,20291225,20560501,20120716,20260403,20270906,20270625,20261224,20270607,20350326
20380427,20290425,20230123,20181205,20410527,20160913,20370421,20240510,20291224,20320625,20180925,20340519,20250529,20270924,20210514,20330103,20311226,20270101,20190419,20260624,20210104,20350501,20410501,20280117,20300418,20130927,20340120,20260101,20280501,20270209,20291226,20561225,20120917,20260406,20271011,20271224,20261225,20271025,20350501
20380603,20290604,20230124,20181210,20410704,20161011,20370501,20240520,20291225,20321206,20181001,20340830,20250606,20271216,20210526,20330415,20320101,20270126,20190501,20260701,20210105,20351102,20410620,20280221,20300419,20131004,20340220,20260216,20280505,20270326,20300101,20561226,20121008,20260501,20271111,20271231,20270101,20271227,20350503
20380614,20291022,20230125,20181231,20410902,20161012,20370604,20240605,20291226,20321224,20181017,20341212,20250627,20271227,20210720,20330418,20320326,20270308,20190513,20260907,20210106,20351119,20411115,20280529,20300422,20131011,20340221,20260217,20280509,20270421,20300128,20570101,20121123,20260619,20271227,20280106,20270106,20271228,20350514
20390408,20291225,20230126,20190101,20411014,20161031,20370907,20241224,20291231,20330106,20181225,20341213,20250905,20280321,20210810,20330502,20320329,20270326,20190605,20261012,20210107,20351212,20411225,20280704,20300501,20131014,20340407,20260218,20280809,20270527,20300419,20570420,20121224,20260925,20271228,20280414,20270329,20280103,20350801
20390411,20291226,20230127,20190219,20411111,20161114,20371012,20241225,20300101,20330415,20181226,20341214,20251225,20280414,20210831,20330530,20320506,20270329,20190612,20261111,20210108,20351225,20420101,20280904,20300517,20131015,20340421,20260501,20281017,20270709,20300422,20570423,20121231,20261009,20280103,20280417,20270506,20280104,20351225
20390427,20300101,20230405,20190408,20411128,20161212,20371102,20241226,20300419,20330418,20190101,20350101,20251226,20280417,20210909,20330829,20320517,20270426,20190812,20261225,20210222,20360101,20420217,20281009,20300530,20131016,20340501,20260505,20281225,20270907,20300425,20570501,20130101,20270101,20280221,20280501,20270517,20280124,20351226
20390519,20300102,20230501,20190415,20411225,20170126,20371130,20241231,20300422,20330526,20190205,20350219,20260101,20280427,20210916,20331226,20320623,20270614,20190821,20261228,20210223,20360204,20420218,20281123,20300610,20131018,20340608,20260603,20290101,20271012,20300610,20571225,20130102,20270205,20280414,20280525,20270527,20280207,20360101
20390530,20300128,20230622,20190416,20420101,20170221,20371225,20250101,20300501,20330624,20190206,20350220,20260116,20280501,20211019,20331227,20321101,20270924,20190826,20270101,20210308,20360317,20420404,20281225,20301224,20131025,20340907,20260924,20290213,20271102,20300805,20571226,20130103,20270208,20280522,20280606,20271026,20280414,20360102
20391226,20300206,20230623,20190501,20420120,20170224,20371231,20250417,20300530,20331206,20190207,20350221,20260217,20280616,20211104,20340102,20330415,20271102,20191028,20270104,20210503,20360410,20420421,20290101,20301225,20131101,20341012,20260925,20290214,20271115,20301007,20580101,20130114,20270209,20280703,20280623,20271101,20280417,20360411
20400330,20300419,20230929,20190520,20420217,20170313,20380101,20250418,20300610,20331226,20190405,20350423,20260319,20280809,20220118,20340407,20330418,20271227,20191101,20270326,20210504,20360411,20420501,20290115,20301226,20131108,20341102,20261009,20290215,20271231,20301225,20580412,20130211,20270210,20280807,20281225,20271208,20280425,20360414
20400402,20300422,20231002,20190701,20420526,20170328,20380308,20250421,20300620,20340106,20190419,20350501,20260320,20280925,20220201,20340410,20330526,20271228,20191224,20270524,20210510,20360501,20420605,20290219,20310101,20131115,20341115,20261225,20290330,20280125,20301226,20580415,20130320,20270301,20280904,20281226,20271224,20280605,20360501
20400427,20300425,20231003,20190716,20420704,20170404,20380309,20250516,20301003,20340407,20190422,20350830,20260323,20281225,20220202,20340501,20330606,20280103,20191225,20270624,20210614,20360916,20421225,20290528,20310410,20131122,20341120,20270101,20290424,20280228,20310101,20580501,20130429,20270405,20281009,20290101,20280106,20281023,20360522
20400510,20300603,20231004,20190729,20420901,20170414,20380421,20250529,20301224,20340410,20190501,20351029,20260403,20281226,20220203,20340529,20330623,20280126,20191230,20270701,20211104,20361117,20430101,20290704,20310411,20131129,20341225,20270208,20290501,20280229,20310127,20581225,20130503,20270406,20281113,20290330,20280417,20281225,20360602
20400521,20301028,20231005,20190812,20421013,20170501,20380423,20250530,20301225,20340501,20190513,20351203,20260417,20290101,20220419,20340828,20330815,20280313,20191231,20270906,20211105,20361201,20430209,20290903,20310414,20131206,20341229,20270209,20290528,20280414,20310411,20581226,20130506,20270430,20281225,20290402,20280501,20281226,20360801
20401225,20301225,20231006,20191014,20421111,20170510,20380624,20250605,20301226,20340518,20190607,20360101,20260501,20290321,20220502,20341225,20331101,20280414,20200101,20271011,20220103,20361212,20430210,20291008,20310501,20131213,20350101,20270301,20290809,20280421,20310414,20590101,20130715,20270609,20281226,20290501,20280525,20290101,20361225
20401226,20301226,20240101,20191023,20421127,20170626,20380907,20250609,20301231,20340623,20190701,20360208,20260514,20290330,20220503,20341226,20331226,20280417,20200409,20271111,20220104,20361225,20430327,20291112,20310522,20131220,20350205,20270303,20291105,20280501,20310425,20590328,20130916,20270915,20290101,20290510,20280605,20290102,20361226
20410101,20310101,20240209,20191205,20421225,20170815,20381012,20251224,20310101,20341206,20191001,20360211,20260527,20290402,20220504,20350101,20340407,20280425,20200410,20271227,20220105,20370101,20430421,20291122,20310602,20131227,20350206,20270505,20291225,20280615,20310609,20590331,20130923,20271011,20290219,20290606,20280615,20290122,20370101
20410419,20310102,20240212,20191210,20430101,20170817,20381102,20251225,20310411,20341225,20191007,20360423,20260601,20290427,20220516,20350323,20340410,20280612,20200501,20271228,20220106,20370202,20430501,20291225,20311224,20140103,20350323,20270513,20300101,20280907,20310804,20590501,20131014,20271231,20290330,20290622,20280815,20290206,20370102
20410422,20310127,20240213,20191231,20430119,20170825,20381115,20251226,20310414,20341226,20191225,20360501,20260616,20290501,20220831,20350326,20340501,20280929,20200525,20280103,20220107,20370316,20430528,20300101,20311225,20140110,20350423,20270914,20300204,20281012,20311006,20591225,20131104,20280124,20290521,20291224,20281026,20290330,20370403
20410530,20310206,20240214,20200101,20430216,20171002,20381130,20251231,20310501,20350101,20191226,20360519,20260817,20290809,20220916,20350507,20340518,20281107,20200612,20280104,20220110,20370402,20430907,20300121,20311226,20140117,20350501,20270915,20300205,20281102,20311225,20591226,20131223,20280125,20290702,20291225,20281101,20290402,20370406
20410610,20310411,20240215,20200210,20430327,20171019,20381231,20260101,20310522,20350323,20200101,20360715,20260825,20290924,20221024,20350528,20340529,20281225,20200731,20280414,20220223,20370403,20431012,20300218,20320101,20140124,20350524,20270916,20300206,20281115,20311226,20600101,20131231,20280126,20290806,20291226,20281208,20290425,20370501
20411225,20310414,20240404,20200406,20430525,20171020,20390221,20260402,20310602,20350326,20200127,20361029,20261225,20291217,20221226,20350827,20340623,20281226,20200821,20280522,20220307,20370501,20431102,20300527,20320325,20140131,20350907,20280126,20300419,20281120,20320101,20600416,20140101,20280127,20290903,20291231,20281225,20290604,20370514
20411226,20310425,20240405,20200413,20430703,20171201,20390222,20260403,20310612,20350501,20200128,20361119,20270101,20291225,20230102,20351225,20340815,20290101,20200831,20280626,20220308,20370916,20431225,20300704,20320326,20140207,20351012,20280127,20300501,20281225,20320126,20600419,20140102,20280128,20291008,20300101,20281226,20291022,20370525
20420101,20310602,20240501,20200414,20430907,20171225,20390408,20260406,20311003,20350503,20200410,20361120,20270105,20291226,20230123,20351226,20341101,20290126,20201130,20280703,20220502,20371102,20440101,20300902,20320329,20140214,20351102,20280128,20300516,20281229,20320326,20610408,20140103,20280228,20291112,20300419,20290101,20291225,20371225
20420404,20311027,20240610,20200415,20431012,20180126,20390421,20260501,20311224,20350622,20200413,20361121,20270309,20300101,20230124,20360101,20341225,20290312,20201208,20280904,20220503,20371116,20440229,20301014,20320506,20140221,20351115,20280301,20300809,20290101,20320329,20610411,20140113,20280403,20291225,20300422,20290402,20291226,20380101
20420407,20311225,20240916,20200501,20431111,20180213,20390609,20260514,20311225,20351206,20200430,20370101,20270310,20300321,20230201,20360411,20341226,20290330,20201224,20281009,20220509,20371225,20440301,20301111,20320517,20140228,20351120,20280412,20301225,20290125,20320426,20611226,20140211,20280404,20291226,20300501,20290501,20300101,20380423
20420515,20311226,20240917,20200506,20431126,20180219,20390907,20260515,20311226,20351224,20200501,20370127,20270311,20300419,20230206,20360414,20350101,20290402,20201225,20281113,20220613,20380101,20440415,20301128,20321224,20140307,20351225,20280501,20310101,20290212,20320614,20620324,20140321,20280501,20300101,20300530,20290510,20300102,20380426
20420526,20320101,20241001,20200701,20431225,20180302,20391012,20260525,20311231,20351225,20200625,20370128,20270312,20300422,20230421,20360505,20350323,20290425,20201230,20281225,20221104,20380201,20440421,20301225,20330414,20140314,20351231,20280502,20310123,20290213,20320802,20620327,20140429,20280529,20300218,20300606,20290521,20300121,20380603
20421225,20320102,20241002,20200706,20440101,20180329,20391102,20260605,20320101,20351226,20200701,20370129,20270326,20300501,20230501,20360526,20350326,20290611,20201231,20281226,20230102,20380315,20440616,20310101,20330415,20140321,20360101,20280505,20310124,20290330,20321004,20620501,20140505,20281002,20300419,20300621,20290531,20300206,20380614
20421226,20320126,20241003,20200728,20440118,20180330,20391115,20261224,20320326,20360101,20201001,20370130,20270407,20300617,20230504,20360825,20350501,20290928,20210101,20290101,20230103,20380422,20440907,20310120,20330418,20140328,20360225,20280606,20310403,20290501,20321227,20621225,20140506,20281003,20300520,20301224,20290815,20300419,20390408
20430101,20320206,20241004,20200812,20440215,20180402,20391130,20261225,20320329,20360411,20201002,20370423,20270506,20300809,20230628,20361225,20350503,20291106,20210212,20290102,20230104,20380423,20441012,20310217,20330517,20140404,20360226,20280815,20310411,20290531,20321228,20621226,20140721,20281009,20300701,20301225,20291026,20300422,20390411
20430327,20320326,20241007,20201013,20440415,20180430,20391230,20261231,20320506,20360414,20201026,20370501,20270517,20300924,20230719,20361226,20350514,20291225,20210401,20290330,20230105,20380916,20441102,20310526,20330526,20140411,20360411,20281002,20310501,20290709,20330103,20630101,20140915,20281010,20300805,20301226,20291101,20300425,20390519
20430330,20320329,20250101,20201023,20440530,20180501,20400213,20270101,20320517,20360501,20201225,20370519,20270520,20301216,20230831,20370101,20350815,20291226,20210402,20290521,20230106,20381102,20441115,20310704,20330606,20140418,20360421,20281003,20310506,20290907,20330126,20630413,20140923,20290101,20300902,20301231,20291224,20300603,20390530
20430427,20320426,20250128,20201207,20440704,20180815,20400214,20270325,20320527,20360522,20210101,20370715,20270601,20301225,20230927,20370403,20351101,20300101,20210409,20290625,20230223,20381115,20450220,20310901,20331226,20140425,20360423,20281004,20311114,20291012,20330415,20630416,20141013,20290212,20301014,20310101,20291225,20301028,20390801
20430507,20320607,20250129,20201210,20440905,20180817,20400330,20270326,20321224,20360620,20210212,20371029,20270817,20301226,20231113,20370406,20351225,20300128,20210514,20290702,20230224,20390207,20450221,20311013,20340406,20140502,20360501,20281005,20311225,20291102,20330418,20630501,20141103,20290213,20301111,20310106,20291226,20301225,20391226
20430518,20321025,20250130,20201231,20441010,20180822,20400501,20270329,20321231,20361224,20210215,20371109,20271224,20310101,20231225,20370504,20351226,20300311,20210720,20290903,20230308,20390321,20450407,20311111,20340407,20140509,20360612,20281009,20320101,20291115,20330425,20631225,20141124,20290214,20301225,20310411,20300101,20301226,20400102
20431225,20321227,20250131,20210101,20441111,20180913,20400531,20270423,20330415,20361225,20210402,20371110,20280126,20310321,20240101,20370525,20360101,20300419,20210830,20291008,20230501,20390407,20450421,20311127,20340410,20140516,20361120,20281225,20320114,20291120,20330613,20631226,20141223,20290215,20301226,20310414,20300422,20310101,20400330
20440101,20321228,20250203,20210226,20441124,20180920,20400907,20270506,20330418,20361226,20210405,20380101,20280228,20310411,20240126,20370831,20360411,20300422,20211101,20291112,20230508,20390408,20450501,20311225,20340501,20140523,20361225,20290101,20320211,20291225,20330801,20640101,20141231,20290216,20310101,20310501,20300501,20310102,20400402
20440415,20330103,20250404,20210406,20441226,20181002,20401012,20270507,20330526,20370101,20210406,20380118,20280229,20310414,20240201,20371225,20360414,20300425,20211130,20291225,20230509,20390916,20450608,20320101,20340517,20140530,20361231,20290212,20320212,20291231,20331003,20640404,20150101,20290228,20310217,20310522,20300530,20310120,20400501
20440418,20330104,20250501,20210413,20450102,20181018,20401102,20270517,20330606,20370106,20210519,20380119,20280301,20310428,20240212,20371228,20360501,20300610,20211208,20291226,20230612,20391102,20450907,20320119,20340518,20140606,20370101,20290213,20320322,20300101,20331226,20640407,20150102,20290403,20310411,20310606,20300610,20310206,20400510
20440427,20330131,20250502,20210414,20450116,20181107,20401115,20271224,20330616,20370403,20210614,20380423,20280327,20310501,20240328,20380101,20360522,20300927,20211224,20300101,20231106,20391121,20451012,20320216,20340529,20140613,20370120,20290214,20320326,20300125,20331227,20640501,20150112,20290404,20310519,20310620,20300620,20310411,20400521
20440526,20330207,20250602,20210415,20450220,20181108,20401130,20271231,20331003,20370406,20210701,20380519,20280414,20310616,20240410,20380423,20360602,20301105,20211230,20300102,20240101,20391212,20451102,20320531,20341225,20140620,20370216,20290301,20320524,20300304,20340102,20641225,20150211,20290501,20310701,20311224,20300815,20310414,20400801
20440606,20330415,20251001,20210503,20450529,20181121,20401225,20280413,20331226,20370501,20210922,20380715,20280501,20310924,20240411,20380426,20360623,20301225,20211231,20300419,20240102,20400206,20451115,20320705,20341226,20140627,20370217,20290501,20320809,20300305,20340126,20641226,20150429,20290615,20310804,20311225,20301101,20310425,20401225
20441226,20330418,20251002,20210526,20450704,20181123,20401231,20280414,20340407,20370514,20211001,20380830,20280505,20311216,20240501,20380503,20360815,20301226,20220201,20300520,20240103,20400319,20451225,20320906,20350101,20140704,20370403,20290507,20321102,20300419,20340407,20650101,20150504,20290921,20310901,20311226,20301224,20310602,20401226
20450407,20330425,20251003,20210701,20450904,20181225,20410101,20280417,20340410,20370619,20211014,20381029,20280509,20311225,20240522,20380531,20361225,20310101,20220414,20300624,20240104,20400329,20460101,20321011,20350322,20140711,20370421,20290606,20330103,20300501,20340410,20650327,20150505,20291010,20311013,20311231,20301225,20311027,20410101
20450410,20330606,20251006,20210726,20451009,20190219,20410304,20280512,20340501,20371224,20211227,20390105,20280525,20311226,20240617,20380830,20361226,20310127,20220415,20300701,20240105,20400330,20460205,20321111,20350323,20140718,20370423,20290815,20330131,20300620,20340425,20650330,20150506,20291231,20311111,20320101,20301226,20311225,20410102
20450427,20331024,20251007,20210728,20451123,20190304,20410305,20280525,20340518,20371225,20220201,20390106,20280526,20320101,20240708,20381227,20370101,20310310,20220503,20300902,20240108,20400501,20460206,20321125,20350326,20140725,20370501,20290921,20330201,20300709,20340612,20650501,20150720,20300101,20311225,20320106,20310101,20311226,20410419
20450505,20331226,20251008,20210812,20451225,20190321,20410419,20280526,20340529,20380101,20220202,20390107,20280601,20320322,20240916,20381228,20370403,20310411,20220509,20301014,20240223,20401102,20460323,20330117,20350501,20140728,20370604,20290924,20330415,20301115,20340807,20651225,20150921,20300201,20311226,20320326,20310106,20320101,20410422
20450518,20331227,20260101,20211013,20460101,20190401,20410501,20280605,20340608,20380106,20220203,20390519,20280803,20320326,20240917,20390103,20370406,20310414,20220708,20301111,20240308,20401119,20460501,20330221,20350503,20140729,20370907,20291003,20330502,20301120,20341002,20660101,20150922,20300204,20320101,20320329,20310414,20320102,20410501
20450529,20340102,20260102,20211025,20460115,20190417,20410620,20281225,20341003,20380423,20220405,20390715,20280817,20320329,20241031,20390408,20370501,20310425,20220829,20301225,20240501,20401212,20460524,20330530,20350514,20140730,20371012,20291009,20330513,20301225,20341225,20660409,20150923,20300205,20320216,20320506,20310501,20320119,20410530
20451225,20340103,20260216,20211206,20460219,20190419,20411115,20281226,20341225,20380426,20220415,20390830,20281214,20320427,20241225,20390411,20370514,20310609,20221031,20301226,20240508,20401225,20460907,20330704,20350517,20140801,20371102,20291225,20330809,20301231,20341226,20660412,20151012,20300206,20320326,20320625,20310522,20320206,20410610
20451226,20340130,20260217,20211210,20460323,20190501,20411225,20290101,20341226,20380603,20220418,20391019,20281225,20320616,20250101,20390502,20370525,20310926,20221101,20310101,20240509,20410101,20461012,20330905,20351224,20140808,20371120,20300101,20331223,20310101,20350101,20670401,20151103,20300228,20320524,20321224,20310602,20320326,20410801
20460101,20340206,20260218,20211231,20460528,20190605,20411231,20290329,20350101,20380625,20220502,20391020,20281226,20320809,20250129,20390530,20370623,20311104,20221130,20310102,20240510,20410204,20461102,20331010,20351225,20140815,20371225,20300204,20331226,20310224,20350126,20670404,20151123,20300301,20320701,20321231,20310612,20320329,20411225
20460323,20340407,20260219,20220103,20460704,20190812,20420101,20290330,20350323,20381206,20220509,20391021,20290101,20320924,20250130,20390829,20371225,20311225,20221208,20310411,20240612,20410318,20461115,20331111,20351226,20140822,20371231,20300205,20340102,20310225,20350323,20671226,20151223,20300404,20320802,20330106,20310815,20320426,20411226
20460326,20340410,20260220,20220216,20460903,20190815,20420217,20290402,20350326,20381224,20220603,20391226,20290213,20321216,20250211,20391226,20380101,20311226,20221230,20310519,20241104,20410418,20461225,20331124,20360101,20140829,20380101,20300301,20340220,20310411,20350326,20680420,20151231,20300405,20320906,20330415,20311208,20320607,20420101
20460427,20340425,20260406,20220406,20461008,20190902,20420218,20290427,20350501,20390106,20220701,20391227,20290214,20321227,20250317,20391227,20380423,20320101,20230406,20310624,20250101,20410419,20470101,20331226,20360410,20140905,20380120,20300501,20340221,20310421,20350425,20680423,20160101,20300501,20321011,20330418,20311224,20321025,20420102
20460503,20340605,20260501,20220413,20461112,20190910,20420404,20290510,20350503,20390408,20221004,20391228,20290215,20330321,20250331,20400102,20380426,20320126,20230407,20310701,20250102,20410501,20470225,20340102,20360411,20140912,20380308,20300506,20340301,20310501,20350611,20680501,20160111,20300605,20321111,20330526,20311225,20321227,20420404
20460514,20341023,20260619,20220414,20461122,20191002,20420421,20290511,20350514,20390411,20221226,20391229,20290216,20330415,20250401,20400330,20380603,20320308,20230421,20310901,20250103,20410916,20470226,20340116,20360414,20140919,20380309,20300509,20340407,20310612,20350806,20681225,20160211,20300912,20321227,20330606,20311226,20321228,20420407
20461225,20341225,20260925,20220415,20461225,20191007,20420501,20290521,20350524,20390519,20221227,20400423,20290330,20330418,20250501,20400402,20380614,20320326,20230501,20311013,20250106,20411118,20470412,20340220,20360501,20140923,20380421,20300606,20340501,20310709,20351001,20681226,20160321,20300913,20321228,20330624,20320101,20330103,20420501
20461226,20341226,20261001,20220502,20470101,20191029,20420605,20290605,20351003,20390624,20230102,20400501,20290423,20330427,20250512,20400507,20380623,20320329,20230612,20311111,20250107,20411212,20470501,20340529,20360522,20140926,20380423,20300612,20340601,20311120,20351225,,20160429,20301010,20330103,20331226,20320106,20330104,20420515
20470101,20350101,20261002,20220516,20470121,20191112,20421225,20291224,20351224,20391206,20230123,20400830,20290424,20330502,20250606,20400528,20381101,20320426,20230628,20311225,20250108,20411225,20470613,20340704,20360602,20141003,20380624,20300815,20340809,20311225,20351226,,20160503,20301011,20330221,20340106,20320329,20330124,20420526
20470412,20350102,20261005,20220701,20470218,20191225,20421231,20291225,20351225,20391226,20230124,20401008,20290501,20330616,20250627,20400827,20390408,20320614,20230821,20311226,20250310,20420101,20471115,20340904,20361224,20141006,20380907,20300911,20341109,20311231,20360101,,20160504,20310101,20330415,20340407,20320506,20330207,20420801
20470415,20350129,20261006,20220713,20470412,20200219,20430101,20291226,20351226,20400106,20230125,20401009,20290510,20330809,20250901,20401225,20390411,20320924,20230828,20320101,20250501,20420203,20471225,20341009,20361225,20141010,20381012,20300912,20341212,20320101,20360128,,20160505,20310122,20330523,20340410,20320517,20330415,20421225
20470523,20350206,20261007,20220728,20470527,20200221,20430209,20291231,20351231,20400330,20230405,20401029,20290515,20331216,20250905,20401226,20390519,20321102,20231101,20320102,20250502,20420317,20480101,20341123,20361226,20141017,20381102,20300913,20341225,20320209,20360411,,20160718,20310123,20330701,20340501,20320527,20330418,20421226
20470603,20350323,20270101,20220812,20470704,20200310,20430210,20300101,20360101,20400402,20230407,20401214,20290528,20331226,20250916,20410101,20390530,20321227,20231130,20320326,20250509,20420403,20480217,20341225,20370101,20141024,20381115,20301003,20350101,20320210,20360414,,20160811,20310124,20330801,20340518,20321026,20330425,20430101
20471225,20350326,20270205,20221013,20470902,20200325,20430327,20300418,20360411,20400501,20230410,20401217,20290601,20340102,20251020,20410419,20390623,20321228,20231208,20320524,20250612,20420404,20480218,20350101,20370402,20141031,20381231,20301009,20350208,20320326,20360425,,20160919,20310127,20330905,20340606,20321101,20330606,20430102
20471226,20350425,20270208,20221024,20471014,20200401,20430421,20300419,20360414,20400510,20230501,20410101,20290724,20340321,20251225,20410422,20390815,20330103,20231225,20320624,20250613,20420501,20480403,20350115,20370403,20141107,20390120,20301225,20350209,20320421,20360609,,20160922,20310228,20331010,20340623,20321208,20331024,20430327
20480101,20350604,20270209,20221205,20471111,20200402,20430501,20300422,20360501,20400622,20230526,20410423,20290817,20340407,20260101,20410506,20391101,20330126,20240101,20320701,20251103,20420916,20480421,20350219,20370406,20141114,20390221,20310101,20350219,20320527,20360804,,20161010,20310403,20331111,20341225,20321224,20331226,20430330
20480403,20351022,20270210,20221212,20471128,20200406,20430528,20300517,20360522,20401206,20230622,20410501,20291203,20340410,20260202,20410527,20391226,20330314,20240328,20320906,20251104,20421117,20480501,20350528,20370501,20141121,20390222,20310122,20350323,20320709,20361006,,20161103,20310404,20331226,20341226,20330106,20331227,20430501
20480406,20351225,20270211,20230102,20471225,20200410,20430907,20300530,20360602,20401224,20231002,20410715,20291224,20340427,20260203,20410826,20400330,20330415,20240329,20321011,20260101,20421201,20480604,20350704,20370514,20141128,20390408,20310123,20350501,20320907,20361225,,20161123,20310501,20331227,20350101,20330418,20340102,20430507
20480427,20351226,20270405,20230306,20480101,20200414,20431012,20300531,20360612,20401225,20231023,20410830,20291225,20340501,20260217,20411225,20400402,20330418,20240409,20321111,20260102,20421212,20480907,20350903,20370525,20141205,20390421,20310124,20350522,20321012,20361226,,20161223,20310623,20340102,20350323,20330526,20340103,20430518
20480514,20360101,20270503,20230406,20480120,20200501,20431102,20300605,20361003,20401226,20231225,20410927,20300101,20340616,20260218,20411226,20400501,20330425,20240411,20321227,20260105,20421225,20481012,20351008,20371224,20141212,20390609,20310501,20350809,20321102,20370101,,20170102,20310624,20340220,20350326,20330606,20340123,20431225
20480525,20360102,20270609,20230413,20480217,20200507,20431130,20300610,20361224,20410101,20231226,20411029,20300204,20340809,20260320,20420101,20400510,20330613,20240501,20321228,20260106,20430101,20481102,20351112,20371225,20141219,20390907,20310505,20351030,20321115,20370126,,20170103,20311001,20340407,20350501,20330616,20340206,20440101
20481225,20360128,20270915,20230414,20480525,20200525,20431225,20301224,20361225,20410419,20240101,20411204,20300205,20340925,20260501,20420404,20400521,20330923,20240612,20330103,20260107,20430202,20481225,20351122,20380101,20141226,20391012,20310528,20351225,20321231,20370403,,20170109,20311010,20340522,20350503,20330815,20340407,20440415
20490101,20360206,20271001,20230501,20480703,20201002,20431231,20301225,20361226,20410422,20240212,20411205,20300206,20341225,20260527,20420407,20400815,20331101,20240617,20330104,20260108,20430316,20490101,20351225,20380422,20150102,20391102,20310606,20360101,20330125,20370406,,20170320,20320101,20340703,20350606,20331026,20340410,20440418
20490416,20360411,20271004,20230605,20480907,20201030,20440101,20301226,20361231,20410501,20240213,20411206,20300207,20341226,20260616,20420505,20401101,20331226,20240821,20330415,20260109,20430326,20490301,20360101,20380423,20150109,20391115,20310815,20360128,20330228,20370608,,20170503,20320102,20340807,20350622,20331101,20340425,20440526
20490419,20360414,20271005,20230728,20481012,20201116,20440229,20301231,20370101,20410530,20240329,20420101,20300403,20350101,20260825,20420526,20401225,20331227,20240826,20330523,20260223,20430327,20490302,20360121,20380426,20150116,20391230,20310930,20360129,20330301,20370803,,20170504,20320209,20340904,20351224,20331208,20340605,20440606
20490427,20360425,20271006,20230801,20481111,20201130,20440301,20310101,20370403,20410621,20240401,20420423,20300419,20350321,20260831,20420825,20401226,20340102,20241101,20330624,20260309,20430501,20490416,20360218,20380517,20150123,20400120,20311001,20360208,20330415,20371005,,20170505,20320210,20341009,20351225,20331226,20341023,20440801
20490527,20360602,20271007,20230814,20481126,20201225,20440415,20310410,20370406,20411206,20240404,20420501,20300501,20350323,20260916,20421225,20410101,20340126,20241224,20330701,20260501,20430916,20490421,20360526,20380603,20150130,20400213,20311002,20360411,20330421,20371225,,20170717,20320211,20341113,20351226,20340106,20341225,20441226
20490607,20361027,20280103,20231013,20481225,20210126,20440421,20310411,20370501,20411224,20240501,20420519,20300517,20350326,20261109,20421226,20410419,20340313,20241225,20330905,20260504,20431102,20490617,20360704,20380614,20150206,20400214,20311003,20360501,20330616,20371228,,20170811,20320212,20341225,20351231,20340410,20341226,20450102
20500408,20361225,20280125,20231023,20490101,20210219,20440616,20310414,20370514,20411225,20240515,20420715,20300530,20350427,20261225,20430101,20410422,20340407,20241230,20331010,20260511,20431116,20490907,20360901,20381224,20150213,20400330,20311009,20361119,20330907,20380101,,20170918,20320213,20341226,20360101,20340501,20350101,20450407
20500411,20361226,20280126,20231205,20490118,20210311,20440907,20310509,20370525,20411226,20240610,20420916,20301225,20350501,20270101,20430327,20410501,20340410,20241231,20331111,20260612,20431225,20491012,20361013,20390407,20150220,20400423,20311225,20361225,20331012,20380126,,20171009,20320227,20350101,20360411,20340518,20350102,20450410
20500427,20370101,20280127,20231211,20490215,20210329,20441012,20310522,20370604,20420101,20240701,20420917,20301226,20350809,20270122,20430330,20410530,20340425,20250101,20331226,20261104,20440101,20491102,20361111,20390408,20150227,20400501,20320101,20370101,20331102,20380423,,20171103,20320405,20350219,20360414,20340529,20350122,20450501
20500505,20370102,20280128,20240101,20490416,20210401,20441102,20310523,20371224,20420106,20240918,20420918,20310101,20350924,20270201,20430504,20410610,20340612,20250129,20331227,20270101,20440201,20491115,20361127,20390411,20150306,20400531,20320210,20370127,20331115,20380426,,20171123,20320406,20350323,20360501,20340608,20350206,20450518
20500519,20370126,20280131,20240102,20490531,20210402,20441115,20310602,20371225,20420404,20241001,20421029,20310123,20351217,20270208,20430525,20410815,20340929,20250331,20340102,20270104,20440321,20500221,20361225,20390517,20150313,20400907,20320211,20370216,20331230,20380427,,20180101,20320430,20350521,20360522,20340815,20350323,20450529
20500530,20370206,20280403,20240226,20490705,20210413,20441130,20310605,20371231,20420407,20241011,20421124,20310124,20351225,20270224,20430831,20411101,20341107,20250409,20340103,20270105,20440414,20500222,20370101,20390519,20150320,20401012,20320212,20370217,20340125,20380614,,20180102,20320611,20350702,20360606,20341026,20350326,20450801
20501226,20370403,20280404,20240408,20490906,20210414,20441230,20311224,20380101,20420501,20241225,20421125,20310127,20351226,20270310,20431225,20411225,20341225,20250417,20340407,20270106,20440415,20500408,20370119,20390530,20150327,20401102,20320301,20370403,20340220,20380802,,20180103,20320920,20350806,20360620,20341101,20350425,20451225
20510331,20370406,20280501,20240415,20491011,20210421,20450220,20311225,20380423,20420515,20241226,20421126,20310128,20360101,20270311,20431228,20411226,20341226,20250418,20340522,20270107,20440916,20500421,20370216,20391226,20150403,20401115,20320303,20370501,20340221,20381004,,20180108,20321011,20350903,20361224,20341208,20350604,20451226
20510403,20370427,20280529,20240416,20491111,20210514,20450221,20311226,20380426,20420620,20250101,20430101,20310324,20360321,20270517,20440101,20420101,20350101,20250501,20340626,20270108,20441102,20500609,20370525,20400329,20150410,20401120,20320414,20370529,20340407,20381227,,20180212,20321231,20351008,20361225,20341225,20351022,20460101
20510427,20370601,20281002,20240501,20491125,20210526,20450407,20311231,20380603,20421224,20250129,20430423,20310403,20360411,20270520,20440415,20420404,20350126,20250512,20340703,20270222,20441121,20500907,20370907,20400330,20150417,20401225,20320505,20370810,20340421,20381228,,20180321,20330131,20351112,20361226,20341226,20351225,20460102
20510511,20371026,20281003,20240522,20491224,20210721,20450421,20320101,20380614,20421225,20250130,20430501,20310411,20360414,20270607,20440418,20420407,20350312,20250606,20340904,20270223,20441212,20501012,20371012,20400402,20150424,20401231,20320920,20371106,20340501,20390103,,20180430,20330201,20351225,20361231,20350101,20351226,20460323
20510522,20371225,20281004,20240701,20500117,20210816,20450501,20320325,20380624,20421226,20250131,20430519,20310423,20360428,20270816,20440502,20420501,20350323,20250612,20341009,20270308,20450206,20501102,20371111,20400501,20150501,20410101,20320921,20371109,20340608,20390126,,20180503,20330202,20351226,20370101,20350326,20360101,20460326
20511225,20371228,20281005,20240722,20500221,20210819,20450608,20320326,20381224,20430101,20250404,20430715,20310501,20360501,20270831,20440530,20420515,20350326,20250821,20341113,20270503,20450320,20501115,20371126,20400510,20150508,20410304,20330131,20371225,20340907,20390408,,20180504,20330203,20360101,20370106,20350501,20360102,20460501
20511226,20380101,20281006,20240729,20500408,20210910,20450907,20320329,20381231,20430106,20250418,20430907,20310507,20360616,20270916,20440829,20420526,20350425,20250825,20341225,20270504,20450406,20510213,20371225,20400517,20150515,20410305,20330201,20380101,20341012,20390411,,20180716,20330204,20360218,20370403,20350503,20360121,20460503
20520101,20380104,20290101,20240812,20500530,20211015,20451012,20320423,20390408,20430327,20250421,20431029,20310522,20360924,20271028,20441226,20420623,20350611,20251027,20341226,20270510,20450407,20510214,20380101,20400521,20150522,20410419,20330202,20380204,20341102,20390425,,20180917,20330228,20360411,20370406,20350514,20360206,20460514
20520419,20380201,20290212,20241014,20500704,20211019,20451102,20320506,20390411,20430330,20250501,20431112,20310702,20361216,20280126,20441227,20420815,20350928,20251208,20350101,20270614,20450501,20510331,20380118,20401224,20150529,20410423,20330301,20380205,20341115,20390613,,20180924,20330404,20360519,20370501,20350524,20360411,20460801
20520422,20380208,20290213,20241023,20500905,20211104,20451115,20320507,20390519,20430501,20250505,20431113,20311113,20361225,20280127,20450102,20421225,20351106,20251224,20350102,20271104,20451102,20510421,20380215,20401225,20150605,20410501,20330505,20380423,20341120,20390801,,20181008,20330405,20360701,20370514,20350815,20360414,20461225
20520530,20380423,20290214,20241205,20501010,20211105,20451130,20320517,20390530,20430507,20250701,20440101,20311225,20361226,20280201,20450407,20421226,20351225,20251225,20350323,20271105,20451120,20510501,20380531,20401226,20150612,20410620,20330506,20380518,20341225,20391003,,20181123,20330502,20360804,20370619,20351026,20360425,20461226
20520610,20380426,20290215,20241210,20501111,20211119,20451225,20321224,20390609,20430619,20251001,20440519,20311226,20370101,20280209,20450410,20430101,20351226,20251226,20350521,20280103,20451212,20510601,20380705,20410101,20150619,20411115,20330606,20380809,20341229,20391226,,20181224,20330601,20360901,20371224,20351101,20360602,20470101
20521225,20380607,20290216,20241231,20501124,20220126,20451229,20321231,20391003,20431224,20251007,20440715,20320101,20370403,20280214,20450501,20430327,20360101,20251230,20350625,20280104,20451225,20510907,20380906,20410418,20150626,20411120,20330815,20381027,20350101,20391227,,20181231,20330908,20361013,20371225,20351224,20361027,20470102
20521226,20381025,20290404,20250101,20501226,20220301,20460101,20330414,20391226,20431225,20251029,20440824,20320113,20370406,20280228,20450529,20430330,20360128,20251231,20350702,20280105,20460101,20511012,20381011,20410419,20150703,20411225,20330907,20381029,20350125,20400102,,20190101,20330909,20361111,20371231,20351225,20361225,20470412
20530101,20381227,20290430,20250212,20510102,20220318,20460205,20330415,20400330,20440101,20251225,20440825,20320114,20370427,20280229,20450828,20430501,20360310,20260101,20350903,20280106,20460205,20511102,20381111,20410422,20150710,20411231,20330908,20390105,20350205,20400126,,20190102,20331010,20361225,20380101,20351226,20361226,20470415
20530404,20381228,20290501,20250407,20510116,20220401,20460206,20330418,20400402,20440106,20251226,20440826,20320115,20370501,20280501,20451225,20430507,20360411,20260102,20351008,20280107,20460319,20511115,20381125,20410501,20150717,20420101,20330909,20390124,20350206,20400330,,20190103,20340102,20361226,20380106,20360101,20370101,20470501
20530407,20390103,20290618,20250414,20510220,20220414,20460323,20330513,20400501,20440415,20260101,20440830,20320116,20370616,20280505,20451226,20430518,20360414,20260217,20351112,20280110,20460322,20511225,20390117,20410517,20150724,20420120,20331003,20390125,20350323,20400402,,20190114,20340217,20370101,20380423,20360414,20370102,20470523
20530515,20390104,20290924,20250415,20510331,20220415,20460501,20330526,20400510,20440418,20260217,20441031,20320211,20370810,20280509,20460101,20430623,20360425,20260320,20351225,20280223,20460323,20520101,20390221,20410530,20150731,20420217,20340220,20390408,20350501,20400425,,20190211,20340220,20370216,20380426,20360501,20370119,20470603
20530526,20390131,20291001,20250501,20510529,20220503,20460524,20330527,20400521,20440526,20260218,20441101,20320322,20370924,20280526,20460323,20431225,20360609,20260402,20351226,20280308,20460501,20520304,20390530,20410610,20150807,20420218,20340221,20390502,20350524,20400611,,20190321,20340221,20370403,20380603,20360522,20370206,20470801
20531225,20390207,20291002,20250512,20510704,20220516,20460907,20330606,20400531,20440624,20260219,20441102,20320326,20371216,20280803,20460326,20440101,20360926,20260403,20360101,20280501,20461102,20520305,20390704,20411224,20150814,20420404,20340301,20390809,20350709,20400806,,20190429,20340222,20370518,20380625,20360602,20370403,20471225
20531226,20390408,20291003,20250701,20510904,20220809,20461012,20331226,20401003,20441206,20260403,20441103,20320412,20371225,20280831,20460507,20440415,20361104,20260409,20360102,20280508,20461119,20520419,20390905,20411225,20150821,20420421,20340501,20391019,20350907,20401001,,20190503,20340227,20370701,20381224,20360612,20370406,20471226
20540101,20390411,20291004,20250710,20511009,20220815,20461102,20340406,20401224,20441226,20260406,20450501,20320506,20380101,20281017,20460528,20440418,20361225,20260501,20360411,20280509,20461212,20520501,20391010,20411226,20150828,20420423,20340505,20391115,20351012,20401225,,20190506,20340228,20370803,20381231,20360815,20370427,20480101
20540327,20390425,20291005,20250728,20511123,20220816,20461115,20340407,20401225,20450106,20260407,20450519,20320525,20380322,20281225,20460827,20440526,20361226,20260527,20360519,20280612,20461225,20520620,20391111,20420101,20150904,20420501,20340525,20391226,20351102,20401226,,20190715,20340404,20370907,20390106,20361208,20370601,20480102
20540330,20390606,20291231,20250812,20511225,20220831,20461130,20340410,20401226,20450407,20260501,20450814,20320601,20380423,20290101,20461225,20440606,20370101,20260612,20360624,20281106,20470101,20521115,20391124,20420403,20150911,20420605,20340531,20400102,20351115,20410101,,20190812,20340405,20371012,20390408,20361224,20371026,20480403
20540427,20391024,20300101,20251013,20520101,20221004,20461225,20340505,20401231,20450410,20260525,20450815,20320817,20380426,20290130,20461226,20440623,20370126,20260821,20360701,20290101,20470204,20521225,20391226,20420404,20150918,20421120,20340606,20400213,20351120,20410128,,20190916,20340501,20371111,20390411,20361225,20371225,20480406
20540507,20391226,20300204,20251023,20520115,20221024,20461231,20340518,20410101,20450501,20260619,20450816,20321101,20380427,20290201,20470101,20440815,20370309,20260831,20360901,20290102,20470318,20530101,20400102,20420407,20150923,20421225,20340815,20400214,20351225,20410419,,20190923,20340619,20371225,20390519,20361226,20371228,20480501
20540518,20391227,20300205,20251205,20520219,20221026,20470101,20340519,20410419,20450518,20260701,20450830,20321224,20380616,20290202,20470412,20441101,20370403,20261130,20361013,20290103,20470411,20530217,20400116,20420501,20150924,20421231,20340926,20400330,20351231,20410422,,20191014,20340620,20371228,20390606,20370101,20380101,20480514
20541225,20400102,20300206,20251210,20520419,20221108,20470225,20340529,20410422,20450623,20261001,20451020,20330103,20380809,20290213,20470415,20441226,20370406,20261208,20361111,20290104,20470412,20530218,20400220,20420515,20150925,20430101,20340927,20400501,20360101,20410425,,20191104,20340927,20380101,20390624,20370106,20380104,20480525
20550101,20400103,20300207,20251231,20520527,20230126,20470226,20340605,20410501,20451206,20261019,20451023,20330104,20380924,20290214,20470506,20450407,20370608,20261224,20361225,20290105,20470501,20530404,20400528,20420526,20151002,20430120,20340928,20400525,20360125,20410610,,20191231,20341009,20380215,20391226,20370406,20380125,20481225
20550416,20400130,20300208,20260101,20520704,20230308,20470412,20341225,20410530,20451225,20261225,20460101,20330105,20381216,20290215,20470527,20450410,20370925,20261225,20361226,20290108,20470916,20530421,20400704,20421224,20151009,20430209,20341003,20400809,20360225,20410805,,20200101,20341010,20380423,20400106,20370501,20380208,20490101
20550419,20400206,20300405,20260102,20520902,20230322,20470501,20341226,20410610,20451226,20270101,20460423,20330106,20381227,20290216,20470826,20450501,20371103,20261230,20370101,20290223,20471118,20530501,20400903,20421225,20151016,20430210,20341009,20401008,20360226,20411007,,20200102,20350101,20380524,20400330,20370514,20380423,20490416
20550427,20400330,20300501,20260303,20521014,20230330,20470613,20350101,20410620,20460101,20270208,20460501,20330131,20390321,20290424,20471225,20450518,20371225,20261231,20370102,20290308,20471212,20530605,20401008,20421226,20151023,20430327,20341225,20401225,20360411,20411225,,20200103,20350207,20380701,20400402,20370525,20380426,20490419
20550505,20400402,20300605,20260406,20521111,20230403,20471115,20350322,20411003,20460323,20270209,20460803,20330331,20390408,20290501,20471226,20450529,20371228,20270101,20370403,20290309,20471225,20531225,20401112,20430101,20151030,20430421,20350101,20410101,20360421,20411226,,20200113,20350208,20380802,20400501,20370604,20380607,20490527
20550527,20400425,20300912,20260413,20521128,20230407,20471225,20350323,20411224,20460326,20270326,20460830,20330401,20390411,20290515,20480101,20450623,20380101,20270310,20370518,20290430,20480101,20540101,20401122,20430326,20151106,20430423,20350207,20410201,20360501,20420101,,20200211,20350209,20380906,20400510,20371026,20381025,20490607
20550607,20400604,20300913,20260414,20521225,20230414,20471231,20350326,20411225,20460501,20270329,20461010,20330415,20390427,20290528,20480403,20450815,20380126,20270325,20370624,20290501,20480203,20540209,20401225,20430327,20151113,20430501,20350208,20410419,20360612,20420127,,20200224,20350212,20381011,20400606,20371208,20381227,20500408
20560331,20401022,20301001,20260415,20530101,20230501,20480101,20350420,20411226,20460503,20270405,20461011,20330526,20390502,20290724,20480406,20451101,20380308,20270326,20370701,20290509,20480316,20540210,20410101,20430330,20151120,20430528,20350209,20410501,20360709,20420404,,20200320,20350228,20381111,20400622,20371224,20381228,20500411
20560403,20401225,20301002,20260501,20530120,20230505,20480217,20350503,20411231,20460622,20270513,20461012,20330601,20390616,20290831,20480504,20451225,20380423,20270409,20370907,20290611,20480402,20540327,20410121,20430501,20151127,20430907,20350301,20410514,20361120,20420407,,20200429,20350404,20381227,20401224,20371225,20390103,20500519
20560427,20401226,20301003,20260601,20530217,20230629,20480218,20350504,20420101,20461206,20270609,20461029,20330610,20390809,20290917,20480525,20451226,20380426,20270517,20371012,20290612,20480403,20540421,20410218,20430507,20151204,20431012,20350501,20410809,20361225,20420425,,20200504,20350405,20381228,20401225,20380101,20390104,20500530
20560511,20410101,20301004,20260701,20530526,20230815,20480403,20350514,20420404,20461224,20270701,20470101,20330817,20391216,20291105,20480831,20460101,20380427,20270830,20371111,20291105,20480501,20540501,20410527,20430518,20151211,20431102,20350507,20410927,20361231,20420609,,20200505,20350406,20390103,20401226,20380106,20390124,20500801
20560522,20410102,20301007,20260728,20530704,20230816,20480421,20350605,20420407,20461225,20270916,20470423,20331021,20391226,20291225,20481225,20460323,20380614,20271101,20371225,20300101,20480916,20540528,20410704,20431224,20151218,20431120,20350515,20411023,20370101,20420804,,20200506,20350501,20390221,20401231,20380426,20390207,20501226
20561225,20410128,20310101,20260729,20530901,20230918,20480501,20351224,20420501,20461226,20271001,20470501,20331222,20400102,20300101,20481228,20460326,20380924,20271130,20371228,20300102,20481102,20540907,20410902,20431225,20151225,20431225,20350606,20411204,20370216,20421006,,20200720,20350611,20390408,20410101,20380603,20390408,20510102
20561226,20410206,20310122,20260812,20531013,20230928,20480604,20351225,20420515,20470101,20271008,20470715,20331223,20400321,20300121,20490101,20460501,20381102,20271208,20380101,20300103,20481116,20541012,20411014,20440101,20160101,20431231,20350815,20411225,20370217,20421225,,20200811,20350917,20390523,20410419,20380614,20390411,20510331
20570101,20410419,20310123,20261013,20531111,20231002,20480907,20351226,20420526,20470412,20271227,20470724,20331226,20400330,20300122,20490416,20460503,20381227,20271224,20380104,20300104,20481201,20541102,20411111,20440414,20160108,20440101,20350917,20420101,20370403,20421226,,20200921,20351010,20390701,20410422,20380624,20390425,20510403
20570420,20410422,20310124,20261023,20531127,20231023,20481012,20351231,20420605,20470415,20280126,20470725,20340301,20400402,20300201,20490419,20460514,20381228,20271230,20380423,20300107,20481225,20541225,20411128,20440415,20160115,20440120,20350918,20420122,20370421,20430101,,20200922,20351231,20390801,20410501,20381026,20390606,20510501
20570423,20410425,20310127,20261207,20531225,20231114,20481102,20360101,20421003,20470501,20280127,20470726,20340322,20400427,20300204,20490503,20460815,20390103,20271231,20380524,20300108,20490101,20550101,20411225,20440418,20160122,20440229,20351003,20420123,20370501,20430126,,20201012,20360101,20390905,20410530,20381101,20391024,20510511
20570427,20410603,20310128,20261210,20540101,20231127,20481130,20360410,20421224,20470523,20280128,20470830,20340407,20400501,20300205,20490531,20461101,20390126,20280126,20380624,20300308,20490201,20550301,20420101,20440517,20160129,20440301,20351009,20420404,20370604,20430327,,20201103,20360128,20391010,20410606,20381208,20391226,20510522
20570531,20411028,20310407,20261231,20540119,20231225,20481225,20360411,20421225,20470621,20280404,20470930,20340419,20400809,20300206,20490830,20461225,20390314,20280228,20380701,20300501,20490315,20550302,20420120,20440526,20160205,20440415,20351225,20420501,20370709,20430330,,20201123,20360129,20391111,20410621,20381224,20391227,20510801
20570611,20411225,20310501,20270101,20540216,20240126,20481231,20360414,20421226,20471206,20280414,20471001,20340501,20400924,20300207,20491227,20461226,20390408,20280413,20380906,20300502,20490415,20550416,20420217,20440606,20160212,20440421,20360101,20420602,20370907,20430608,,20201231,20360130,20391226,20411224,20390106,20400102,20511225
20571225,20411226,20310502,20270222,20540327,20240219,20490101,20360509,20421231,20471224,20280417,20471002,20340518,20401217,20300501,20491228,20470101,20390411,20280414,20381011,20300503,20490416,20550421,20420526,20441226,20160219,20440616,20360128,20420916,20371012,20430803,,20210101,20360131,20391227,20411225,20390411,20400103,20511226
20571226,20420101,20310623,20270406,20540525,20240308,20490301,20360522,20430101,20471225,20280501,20471003,20340530,20401225,20300516,20500103,20470412,20390425,20280501,20381111,20300509,20490916,20550617,20420704,20450406,20160226,20440907,20360129,20421111,20371102,20431005,,20210111,20360201,20400102,20411226,20390519,20400123,20520101
20580101,20420102,20310624,20270413,20540703,20240325,20490302,20360523,20430327,20471226,20280502,20471029,20340601,20401226,20300916,20500408,20470415,20390613,20280505,20381227,20300510,20491102,20550907,20420901,20450407,20160304,20441012,20360130,20421124,20371120,20431225,,20210211,20360228,20400220,20411231,20390530,20400206,20520102
20580412,20420127,20311001,20270414,20540907,20240329,20490416,20360602,20430330,20480101,20280529,20480101,20340602,20410101,20301225,20500411,20470501,20390923,20280508,20381228,20300612,20491115,20551012,20421013,20450410,20160311,20441102,20360409,20421225,20371225,20431228,,20210223,20360229,20400330,20420101,20390609,20400330,20520419
20580415,20420206,20311002,20270415,20541012,20240401,20490421,20360605,20430501,20480106,20281002,20480423,20340817,20410321,20310101,20500502,20470523,20391101,20280612,20390103,20301104,20500207,20551102,20421111,20450501,20160318,20441115,20360501,20430101,20371231,20440101,,20210429,20360403,20400521,20420106,20390815,20400402,20520422
20580523,20420404,20311003,20270503,20541111,20240409,20490617,20361224,20430507,20480403,20281004,20480501,20341010,20410419,20310123,20500530,20470603,20391226,20280821,20390104,20310101,20500321,20551115,20421127,20450517,20160325,20441230,20360505,20430210,20380101,20440126,,20210503,20360404,20400702,20420404,20391026,20400425,20520501
20580603,20420407,20311006,20270520,20541126,20240411,20490907,20361225,20430518,20480406,20281026,20480519,20341211,20410422,20310124,20500829,20470815,20391227,20280828,20390408,20310102,20500407,20560214,20421225,20450518,20160401,20450120,20360606,20430211,20380125,20440415,,20210504,20360501,20400806,20420407,20391101,20400604,20520530
20581225,20420425,20311007,20270701,20541225,20240417,20491012,20361226,20430528,20480501,20281225,20480713,20341212,20410501,20310127,20501226,20471101,20400102,20281030,20390523,20310103,20500408,20560215,20430101,20450529,20160408,20450220,20360815,20430327,20380308,20440418,,20210505,20360530,20400903,20420501,20391208,20401022,20520610
20581226,20420602,20311008,20270719,20550101,20240501,20491102,20361231,20431224,20480514,20281226,20480714,20341213,20410617,20310206,20501227,20471225,20400126,20281101,20390624,20310106,20500916,20560331,20430119,20451225,20160415,20450221,20361003,20430501,20380309,20440425,,20210719,20361003,20401008,20420515,20391226,20401225,20520801
20590101,20421027,20320101,20270728,20550118,20240523,20491115,20370101,20431225,20480619,20290101,20480715,20341214,20410809,20310403,20510102,20471226,20400312,20281130,20390701,20310107,20501102,20560421,20430216,20451226,20160422,20450407,20361006,20430810,20380421,20440613,,20210811,20361010,20401112,20420606,20400106,20401226,20521225
20590328,20421225,20320102,20270812,20550215,20240617,20491130,20370402,20431231,20481224,20290213,20480918,20341215,20410924,20310423,20510331,20480101,20400330,20281208,20390905,20310108,20501121,20560501,20430525,20460101,20160429,20450421,20361009,20431112,20380423,20440801,,20210920,20370101,20401225,20420620,20400402,20410101,20521226
20590331,20421226,20320210,20271013,20550416,20240717,20491231,20370403,20440101,20481225,20290214,20480921,20341225,20411216,20310501,20510403,20480403,20400402,20281225,20391010,20310310,20501212,20560601,20430907,20460322,20160506,20450501,20361225,20431225,20380624,20441003,,20210923,20370102,20401226,20421224,20400501,20410102,20530101
20590508,20430101,20320211,20271025,20550531,20240815,20500221,20370406,20440415,20490101,20290215,20481029,20341226,20411225,20310506,20510501,20480406,20400425,20290101,20391111,20310501,20510206,20560907,20431012,20460323,20160513,20450608,20370101,20440101,20380709,20441226,,20211011,20370213,20410101,20421225,20400510,20410121,20530102
20590519,20430102,20320212,20271206,20550705,20240916,20500222,20370501,20440418,20490106,20290330,20490101,20350101,20411226,20310702,20510529,20480501,20400611,20290213,20391226,20310502,20510320,20561012,20431111,20460326,20160520,20450907,20370216,20440201,20380907,20441227,,20211103,20370216,20410218,20421226,20400521,20410206,20530404
20591225,20430126,20320213,20271210,20550906,20241002,20500408,20370514,20440526,20490416,20290402,20490423,20350208,20420101,20310901,20510828,20480514,20400928,20290215,20391227,20310509,20510330,20561102,20431126,20460501,20160527,20451012,20370217,20440415,20381012,20450102,,20211123,20370217,20410419,20421231,20400531,20410419,20530407
20591226,20430206,20320216,20271231,20551011,20241101,20500421,20370515,20440606,20490419,20290404,20490519,20350219,20420321,20310916,20511225,20480525,20401106,20290329,20400102,20310612,20510331,20561115,20431225,20460503,20160603,20451102,20370304,20440502,20381102,20450126,,20211231,20370218,20410520,20430101,20400815,20410422,20530501
20600101,20430327,20320405,20280103,20551111,20241115,20500609,20370525,20440616,20490527,20290501,20490701,20350323,20420404,20311114,20511226,20480623,20401225,20290330,20400103,20310613,20510501,20561225,20440101,20460514,20160610,20451115,20370501,20440512,20381115,20450407,,20220103,20370227,20410701,20430106,20401026,20410425,20530515
20600416,20430330,20320503,20280210,20551125,20241225,20500907,20370605,20441003,20490625,20290521,20490702,20350409,20420407,20311225,20520101,20481225,20401226,20290409,20400330,20311103,20511102,20570101,20440118,20460517,20160617,20451120,20370505,20440809,20381231,20450410,,20220110,20370402,20410805,20430327,20401101,20410603,20530526
20600419,20430427,20320614,20280406,20551224,20250219,20501012,20371224,20441226,20491206,20290702,20490715,20350501,20420428,20320101,20520419,20490101,20410101,20290424,20400521,20311104,20511120,20570305,20440215,20461224,20160624,20451225,20370522,20440824,20390125,20450425,,20220211,20370403,20410902,20430330,20401224,20411028,20530801
20600427,20430601,20320920,20280413,20560117,20250226,20501102,20371225,20450407,20491224,20291001,20490830,20350503,20420501,20320102,20520422,20490416,20410128,20290501,20400625,20320101,20511212,20570306,20440530,20461225,20160701,20451229,20370923,20441020,20390221,20450612,,20220223,20370501,20411014,20430501,20401225,20411225,20531225
20600505,20431026,20321001,20280414,20560221,20250314,20501115,20371231,20450410,20500106,20291016,20490908,20350522,20420616,20320114,20520506,20490419,20410311,20290612,20400702,20320102,20511225,20570420,20440704,20461226,20160705,20460101,20370924,20441031,20390222,20450807,,20220321,20370618,20411111,20430507,20401226,20411226,20531226
20600527,20431225,20321004,20280501,20560331,20250331,20501130,20380101,20450501,20500408,20291225,20490909,20350601,20420924,20320115,20520527,20490527,20410419,20290821,20400903,20320105,20520101,20570501,20440905,20470101,20160706,20460205,20370925,20441226,20390408,20451002,,20220429,20370619,20411225,20430619,20410101,20420101,20540101
20600607,20431228,20321005,20280508,20560529,20250401,20501230,20380422,20450518,20500411,20291226,20490910,20350817,20421216,20320127,20520826,20490607,20410422,20290827,20401008,20320106,20520205,20570621,20441010,20470411,20160707,20460206,20371009,20450102,20390421,20451225,,20220503,20370924,20411226,20431224,20410422,20420102,20540102
20610408,20440101,20321006,20280706,20560704,20250410,20510213,20380423,20450529,20500519,20300101,20491029,20351130,20421225,20320202,20521225,20490623,20410425,20291101,20401112,20320107,20520318,20570907,20441111,20470412,20160708,20460323,20371225,20450217,20390609,20451226,,20220504,20370925,20420101,20431225,20410501,20420120,20540327
20610411,20440104,20321007,20280728,20560904,20250414,20510214,20380426,20450608,20500624,20300204,20500519,20351203,20421226,20320211,20521226,20491101,20410610,20291130,20401225,20320108,20520418,20571012,20441124,20470415,20160715,20460423,20380101,20450407,20390907,20460101,,20220505,20371009,20420217,20431231,20410530,20420206,20540330
20610427,20440201,20330103,20280814,20561009,20250418,20510331,20380521,20451003,20501206,20300205,20500620,20351204,20430101,20320212,20530101,20500408,20410927,20291224,20401226,20320109,20520419,20571102,20441226,20470501,20160722,20460501,20380203,20450501,20391012,20460126,,20220718,20380101,20420404,20440101,20410610,20420404,20540501
20610519,20440208,20330131,20281013,20561123,20250501,20510421,20380603,20451225,20501226,20300206,20500621,20351224,20430327,20320322,20530404,20500411,20411105,20291225,20410101,20320223,20520501,20571115,20450102,20470517,20160729,20460524,20380204,20450531,20391102,20460323,,20220811,20380203,20420519,20440106,20410620,20420407,20540507
20610530,20440415,20330201,20281023,20561225,20250512,20510501,20380604,20451226,20510106,20300405,20500622,20351225,20430330,20320412,20530407,20500519,20411225,20291231,20410102,20320308,20520916,20571225,20450116,20470523,20160805,20460907,20380205,20450809,20391115,20460326,,20220919,20380204,20420701,20440415,20410815,20420425,20540518
20611226,20440418,20330202,20281205,20570101,20250815,20510601,20380614,20460101,20510331,20300419,20500715,20360101,20430427,20320524,20530505,20500530,20411226,20300101,20410419,20320503,20521118,20580101,20450220,20470603,20160812,20461012,20380301,20450814,20391230,20460425,,20220923,20380205,20420804,20440418,20411101,20420602,20541225
20620324,20440425,20330203,20281211,20570115,20250827,20510907,20381224,20460323,20510403,20300422,20500829,20360128,20430501,20320621,20530526,20500623,20420101,20300205,20410520,20320504,20521212,20580225,20450529,20471224,20160819,20461102,20380505,20451108,20400125,20460611,,20221010,20380208,20420901,20440526,20411224,20421027,20550101
20620327,20440606,20330204,20290101,20570219,20250905,20511012,20381231,20460326,20510501,20300501,20500830,20360208,20430616,20320831,20530825,20500815,20420127,20300409,20410624,20320510,20521225,20580226,20450704,20471225,20160826,20461115,20380511,20451225,20400213,20460806,,20221103,20380301,20421013,20440606,20411225,20421225,20550416
20620427,20441024,20330404,20290102,20570420,20251002,20511102,20390407,20460501,20510511,20300509,20500831,20360228,20430810,20320916,20531225,20501101,20420310,20300412,20410701,20320614,20530101,20580412,20450904,20471226,20160902,20461120,20380602,20460101,20400214,20461001,,20221123,20380405,20421111,20440624,20411226,20421226,20550419
20620504,20441226,20330502,20290227,20570528,20251021,20511115,20390408,20460503,20510623,20300605,20510501,20360328,20430924,20321102,20531226,20501226,20420404,20300418,20410902,20321104,20530203,20580501,20451009,20480101,20160909,20461225,20380913,20460206,20400330,20461225,,20230102,20380406,20421225,20441226,20420101,20430101,20550527
20620515,20441227,20330601,20290406,20570704,20251022,20511130,20390411,20460514,20511206,20300701,20510519,20360411,20431216,20321220,20540101,20510331,20420407,20300419,20411014,20321105,20530317,20580613,20451123,20480402,20160912,20461231,20380914,20460207,20400501,20461226,,20230103,20380430,20421226,20450106,20420106,20430102,20550607
20621225,20450102,20330908,20290413,20570903,20251105,20511225,20390506,20460524,20511225,20300913,20510612,20360501,20431225,20330103,20540327,20510403,20420425,20300501,20411111,20330103,20530403,20581115,20451225,20480403,20160916,20470101,20380915,20460323,20400531,20470101,,20230109,20380607,20430101,20450407,20420407,20430119,20560331
20621226,20450103,20330909,20290416,20571008,20251225,20511229,20390519,20461003,20511226,20301001,20510817,20360509,20440101,20330104,20540330,20510501,20420609,20300612,20411225,20330104,20530404,20581225,20460101,20480406,20160922,20470225,20390124,20460501,20400709,20470128,,20230223,20380913,20430216,20450410,20420501,20430206,20560403
20630101,20450130,20331003,20290501,20571112,20260126,20520101,20390520,20461224,20520101,20301225,20510818,20360522,20440321,20330131,20540504,20510511,20420926,20300821,20411226,20330105,20530501,20590101,20460115,20480501,20160923,20470226,20390125,20460521,20400907,20470412,,20230321,20381011,20430327,20450501,20420515,20430327,20560501
20630413,20450206,20331004,20290528,20571122,20260219,20520304,20390530,20461225,20520419,20301226,20510830,20360918,20440415,20330201,20540525,20510522,20421104,20300826,20420101,20330106,20530916,20590210,20460219,20480514,20160930,20470412,20390126,20460809,20401012,20470415,,20230503,20381231,20430518,20450518,20420526,20430330,20560511
20630416,20450407,20331005,20290725,20571225,20260304,20520305,20391226,20461226,20520422,20310101,20520101,20361118,20440418,20330202,20540831,20510623,20421225,20301101,20420102,20330107,20531117,20590211,20460528,20480525,20161007,20470423,20390301,20461010,20401102,20470425,,20230504,20390124,20430701,20450606,20420605,20430427,20560522
20630427,20450410,20331006,20290730,20580101,20260319,20520419,20400329,20461231,20520501,20310123,20520423,20361119,20440427,20330401,20541225,20510815,20421226,20301224,20420404,20330110,20531212,20590328,20460704,20481224,20161014,20470501,20390505,20461029,20401115,20470610,,20230505,20390125,20430803,20450623,20420815,20430601,20560801
20630524,20450425,20331007,20290813,20580121,20260326,20520501,20400330,20470101,20520530,20310124,20520501,20361120,20440502,20330502,20541228,20511101,20430101,20301225,20420519,20330223,20531225,20590421,20460903,20481225,20161021,20470613,20390606,20461225,20401120,20470805,,20230717,20390126,20430907,20451225,20421208,20431026,20561225
20630604,20450605,20340102,20291015,20580218,20260331,20520620,20400402,20470412,20520621,20310411,20520529,20361121,20440616,20330513,20550101,20511225,20430126,20301230,20420624,20330307,20540101,20590501,20461008,20490101,20161028,20471115,20390815,20470101,20401225,20471007,,20230811,20390127,20431012,20451226,20421224,20431225,20561226
20631225,20451023,20340220,20291023,20580412,20260401,20521115,20400427,20470415,20521206,20310414,20520530,20361225,20440809,20330610,20550416,20511226,20430309,20301231,20420701,20330308,20540202,20590529,20461112,20490415,20161104,20471120,20391003,20470128,20401231,20471225,,20230918,20390128,20431111,20460101,20421225,20431228,20570101
20631226,20451225,20340221,20291205,20580527,20260403,20521225,20400510,20470501,20521224,20310501,20520531,20361226,20441216,20330831,20550419,20520101,20430327,20310101,20420901,20330502,20540316,20591225,20461122,20490416,20161111,20471225,20391004,20470412,20410101,20471226,,20231009,20390228,20431225,20460323,20421226,20440101,20570102
20640101,20451226,20340222,20291210,20580704,20260414,20521231,20400511,20470523,20521225,20310528,20520715,20370101,20441226,20330916,20550503,20520419,20430330,20310123,20421013,20330503,20540326,20600101,20461225,20490419,20161118,20471231,20391005,20470501,20410125,20480101,,20231103,20390404,20431228,20460326,20430101,20440104,20570420
20640404,20460101,20340223,20291231,20580902,20260501,20530101,20400521,20470603,20521226,20310624,20520805,20370126,20450102,20331209,20550531,20520422,20430608,20310124,20421111,20330509,20540327,20600301,20470101,20490517,20161125,20480101,20400213,20470509,20410304,20480127,,20231123,20390405,20440101,20460501,20430106,20440125,20570423
20640407,20460102,20340224,20300101,20581014,20260528,20530217,20400605,20470613,20530101,20310701,20520806,20370127,20450321,20331223,20550830,20520501,20430925,20310402,20421225,20330613,20540501,20600302,20470121,20490527,20161202,20480120,20400214,20470724,20410305,20480403,,20240101,20390502,20440215,20460503,20430330,20440208,20570501
20640515,20460129,20340405,20300218,20581111,20260626,20530218,20401224,20471003,20530106,20311001,20520807,20370216,20450407,20331226,20551227,20520530,20431103,20310409,20421226,20331104,20540916,20600416,20470218,20490607,20161209,20480217,20400301,20470809,20410419,20480406,,20240102,20390527,20440415,20460606,20430501,20440415,20570531
20640526,20460206,20340501,20300408,20581128,20260826,20530404,20401225,20471224,20530404,20311002,20520808,20370317,20450410,20340102,20551228,20520610,20431225,20310410,20430101,20340102,20541102,20600421,20470527,20491224,20161216,20480218,20400411,20470930,20410501,20480608,,20240103,20391003,20440523,20460622,20430507,20440418,20570611
20641225,20460323,20340619,20300415,20581225,20260914,20530421,20401226,20471225,20530407,20311024,20520830,20370403,20450427,20340201,20560103,20520815,20431228,20310411,20430102,20340103,20541116,20600617,20470704,20500407,20161223,20480403,20400501,20471018,20410620,20480803,,20240108,20391010,20440701,20461224,20430518,20440425,20570801
20641226,20460326,20340620,20300416,20590101,20261002,20530501,20401231,20471226,20530501,20311225,20521029,20370428,20450501,20340202,20560331,20521101,20440101,20310501,20430327,20340104,20541201,20600907,20470902,20500408,20161230,20480421,20400507,20471225,20410709,20481005,,20240212,20400102,20440801,20461225,20430528,20440606,20571225
20650101,20460425,20340927,20300501,20590120,20261020,20530605,20410101,20471231,20530515,20311226,20530101,20370501,20450616,20340220,20560403,20521225,20440126,20310512,20430518,20340105,20541225,20601012,20471014,20500411,20170106,20480423,20400518,20480101,20411115,20481225,,20240223,20400210,20440905,20461226,20431026,20441024,20571226
20650327,20460604,20341002,20300516,20590217,20261110,20531225,20410418,20480101,20530620,20320101,20530423,20370514,20450809,20340221,20560501,20521226,20440314,20310612,20430624,20340106,20550101,20601102,20471111,20500517,20170113,20480501,20400606,20480214,20411120,20481228,,20240320,20400213,20441010,20461231,20431208,20441226,20580101
20650330,20461022,20341003,20300701,20590328,20261124,20531231,20410419,20480403,20531224,20320211,20530501,20370529,20450925,20340301,20560529,20530101,20440415,20310821,20430701,20340223,20550201,20601115,20471128,20500519,20170120,20480604,20400815,20480403,20411225,20490101,,20240429,20400214,20441111,20470101,20431224,20441227,20580102
20650427,20461225,20341004,20300715,20590526,20261225,20540101,20410422,20480406,20531225,20320212,20530519,20370601,20451225,20340322,20560828,20530404,20440418,20310825,20430907,20340224,20550315,20610221,20471225,20500530,20170127,20480907,20400920,20480501,20411231,20490126,,20240503,20400215,20441226,20470412,20431225,20450102,20580412
20650505,20461226,20341005,20300729,20590704,20270126,20540209,20410517,20480501,20531226,20320213,20530520,20370817,20451226,20340501,20561225,20530407,20440425,20311027,20431012,20340308,20550415,20610222,20480101,20501226,20170203,20481012,20400921,20480527,20420101,20490416,,20240506,20400227,20441227,20470415,20440101,20450103,20580415
20650507,20470101,20341006,20300812,20590901,20270219,20540210,20410530,20480514,20540101,20320326,20530521,20370908,20460101,20340503,20561226,20530501,20440613,20311208,20431111,20340501,20550416,20610408,20480120,20510330,20170210,20481102,20401003,20480713,20420217,20490419,,20240715,20400228,20450102,20470501,20440106,20450123,20580501
20650518,20470102,20350101,20301014,20591013,20270310,20540327,20410531,20480525,20540106,20320329,20530715,20371109,20460321,20340530,20570101,20530515,20440923,20311224,20431225,20340508,20550916,20610421,20480217,20510331,20170217,20481120,20401009,20480810,20420218,20490426,,20240812,20400403,20450220,20470523,20440418,20450206,20580523
20651225,20470128,20350207,20301023,20591111,20270322,20540421,20410605,20480604,20540327,20320405,20530728,20371110,20460323,20340831,20570420,20530526,20441101,20311225,20431228,20340509,20551102,20610609,20480525,20510403,20170224,20481225,20401225,20481105,20420404,20490614,,20240916,20400404,20450407,20470606,20440526,20450407,20580603
20660101,20470206,20350208,20301205,20591127,20270326,20540501,20410610,20481224,20540330,20320517,20530729,20371111,20460326,20341109,20570423,20530623,20441226,20311226,20440101,20340612,20551115,20610907,20480907,20510501,20170303,20481231,20410101,20481225,20420421,20490802,,20240923,20400501,20450522,20470621,20440606,20450410,20580801
20660409,20470412,20350209,20301210,20591225,20270401,20540528,20411224,20481225,20540501,20320701,20531029,20371112,20460427,20341128,20570507,20530815,20441227,20311230,20440104,20341106,20560207,20611012,20481012,20510511,20170310,20490101,20410131,20490101,20420501,20491004,,20241014,20400614,20450703,20471224,20440616,20450425,20581225
20660412,20470415,20350212,20301231,20600101,20270407,20540907,20411225,20481231,20540507,20320920,20540101,20371225,20460501,20341212,20570528,20531225,20450102,20311231,20440415,20350101,20560320,20611102,20481111,20510517,20170317,20490120,20410201,20490202,20420605,20491227,,20241104,20400615,20450807,20471225,20440815,20450605,20581226
20660427,20470425,20350213,20310101,20600119,20270414,20541012,20411226,20490101,20540619,20321001,20540423,20380101,20460809,20341213,20570827,20531226,20450126,20320101,20440523,20350102,20560330,20611115,20481126,20510522,20170324,20490301,20410301,20490203,20420709,20491228,,20241231,20400920,20450904,20471226,20441026,20451023,20590101
20660520,20470603,20350405,20310307,20600216,20270415,20541102,20411231,20490416,20541224,20321012,20540501,20380204,20460924,20341225,20571225,20540101,20450313,20320102,20440624,20350103,20560331,20620206,20481225,20511225,20170331,20490302,20410501,20490416,20421120,20500103,,20250101,20400921,20451009,20471231,20441101,20451225,20590102
20660531,20471028,20350406,20310407,20600416,20270419,20541130,20420101,20490419,20541225,20321227,20540511,20380205,20461217,20350101,20571226,20540327,20450407,20320115,20440701,20350104,20560501,20620207,20490101,20511226,20170407,20490416,20410506,20490517,20421225,20500126,,20250102,20401010,20451113,20480101,20441208,20451226,20590328
20670401,20471225,20350430,20310414,20600531,20270517,20541225,20420403,20490527,20550101,20330131,20540519,20380405,20461225,20350124,20580101,20540330,20450410,20320211,20440905,20350105,20561102,20620324,20490118,20520101,20170414,20490421,20410507,20490701,20421231,20500408,,20250103,20401231,20451225,20480106,20441226,20460101,20590331
20670404,20471226,20350501,20310415,20600705,20270520,20541231,20420404,20490607,20550106,20330201,20540715,20380423,20461226,20350201,20580412,20540501,20450425,20320322,20441010,20350108,20561120,20620421,20490215,20520418,20170421,20490423,20410606,20490809,20430101,20500411,,20250113,20410101,20451226,20480403,20450106,20460102,20590501
20670427,20480101,20350611,20310501,20600906,20270616,20550101,20420407,20490617,20550416,20330202,20540716,20380519,20470101,20350208,20580415,20540507,20450612,20320325,20441111,20350223,20561212,20620501,20490531,20520419,20170428,20490617,20410815,20490908,20430209,20500425,,20250211,20410131,20460101,20480406,20450410,20460122,20590508
20670512,20480102,20350917,20310604,20601011,20271029,20550301,20420502,20491224,20550419,20330404,20540717,20380601,20470321,20350209,20580506,20540518,20450929,20320326,20441226,20350308,20561225,20620525,20490705,20520422,20170505,20490907,20410909,20491025,20430210,20500613,,20250224,20410201,20460219,20480501,20450501,20460206,20590519
20670523,20480127,20351001,20310701,20601111,20280126,20550302,20420515,20491231,20550527,20330415,20541029,20380603,20470412,20350219,20580527,20540623,20451107,20320409,20441227,20350309,20570101,20620907,20490906,20520501,20170512,20491012,20410910,20500124,20430327,20500801,,20250320,20410204,20460323,20480514,20450518,20460323,20590801
20671226,20480206,20351002,20310728,20601125,20280223,20550416,20420516,20500408,20550625,20330418,20550101,20380817,20470415,20350312,20580826,20541225,20451225,20320830,20450102,20350430,20570205,20621012,20491011,20520517,20170519,20491102,20410911,20500125,20430421,20501003,,20250429,20410205,20460521,20480619,20450529,20460326,20591225
20680420,20480403,20351003,20310804,20601224,20280327,20550421,20420526,20500411,20551206,20330502,20550423,20381028,20470501,20350501,20581225,20550101,20451226,20321101,20450103,20350501,20570319,20621102,20491111,20520530,20170526,20491115,20411003,20500408,20430501,20501226,,20250505,20410228,20460702,20481224,20450608,20460425,20591226
20680423,20480406,20351004,20310812,20610117,20280403,20550617,20420605,20500519,20551224,20330506,20550428,20381029,20470617,20350521,20581226,20550416,20460101,20321130,20450407,20350509,20570419,20621115,20491125,20520610,20170602,20491231,20411009,20500502,20430528,20501227,,20250506,20410301,20460806,20481225,20450815,20460604,20600101
20680427,20480427,20351005,20311013,20610221,20280407,20550907,20421224,20500530,20560106,20330601,20550429,20381101,20470809,20350522,20590101,20550419,20460126,20321208,20450522,20350611,20570420,20621225,20500117,20521224,20170609,20500120,20411225,20500505,20430709,20510102,,20250721,20410404,20460903,20481231,20451026,20461022,20600102
20680531,20480601,20351231,20311023,20610408,20280414,20551012,20421225,20500609,20560331,20330701,20550430,20381224,20470924,20350831,20590328,20550527,20460312,20321224,20450626,20350612,20570501,20630101,20500221,20521225,20170616,20500221,20420101,20500621,20430907,20510126,,20250811,20410405,20461008,20490101,20451101,20461225,20600416
20680611,20481026,20360101,20311205,20610530,20280501,20551102,20421226,20501003,20560403,20330909,20550519,20390105,20471216,20350917,20590331,20550607,20460323,20321230,20450703,20351105,20571102,20630226,20500530,20521226,20170623,20500222,20420121,20500809,20431012,20510331,,20250915,20410501,20461112,20490106,20451208,20461226,20600419
20681225,20481225,20360128,20311210,20610704,20280508,20551115,20421231,20501226,20560501,20331226,20550705,20390124,20471225,20351030,20590505,20550623,20460326,20321231,20450904,20360101,20571119,20630227,20500704,20530101,20170626,20500408,20420122,20500829,20431102,20510403,,20250923,20410603,20461225,20490416,20451225,20470101,20600527
20681226,20481228,20360129,20311231,20610905,20280804,20551130,20430101,20510331,20560511,20331227,20550706,20390126,20471226,20351203,20590526,20551101,20460425,20330103,20451009,20360102,20571212,20630413,20500905,20530403,20170630,20500421,20420123,20501114,20431120,20510425,,20251013,20410909,20461226,20490419,20451226,20470102,20600607
,20490101,20360130,20320101,20611010,20280814,20551231,20430326,20510403,20560623,20340102,20550707,20390325,20480101,20351225,20590825,20560331,20460611,20330131,20451113,20360103,20571225,20630501,20501010,20530404,20170707,20500609,20420305,20501226,20431225,20510612,,20251103,20410910,20470101,20490527,20460101,20470121,20610408
,20490104,20360131,20320102,20611111,20280815,20560214,20430327,20510501,20561206,20340220,20550708,20390406,20480403,20360101,20591225,20560403,20460928,20330311,20451225,20360104,20580101,20630614,20501111,20530407,20170714,20500907,20420501,20510102,20431231,20510807,,20251124,20411010,20470218,20490625,20460326,20470206,20610411
,20490201,20360201,20320225,20611124,20280823,20560215,20430330,20510511,20561225,20340221,20550715,20390408,20480406,20360128,20591226,20560501,20461106,20330414,20451226,20360107,20580204,20630907,20501124,20530501,20170721,20501012,20420505,20510213,20440101,20511002,,20251231,20411011,20470412,20491224,20460501,20470412,20610519
,20490208,20360404,20320406,20611226,20280927,20560331,20430424,20510522,20561226,20340222,20550830,20390519,20480427,20360129,20600101,20560511,20461225,20330415,20460101,20360108,20580318,20631012,20501226,20530515,20170728,20501102,20420526,20510331,20440125,20511225,,20260101,20420101,20470520,20491231,20460503,20470415,20610530
,20490416,20360501,20320413,20620102,20281002,20560421,20430507,20510601,20570101,20340405,20551029,20390601,20480501,20360201,20600416,20560522,20461226,20330829,20460102,20360310,20580411,20631102,20510102,20530526,20170804,20501115,20420604,20510501,20440229,20511226,,20260102,20420120,20470701,20500106,20460514,20470425,20610801
,20490419,20360502,20320414,20620116,20281017,20560501,20430508,20511003,20570420,20340407,20560417,20390817,20480616,20360208,20600419,20560623,20470101,20331101,20460323,20360501,20580412,20631115,20510116,20531224,20170811,20501230,20420606,20510524,20440301,20520101,,20260112,20420121,20470805,20500408,20460524,20470603,20611226
,20490426,20360530,20320415,20620220,20281019,20560601,20430518,20511225,20570423,20340410,20560418,20390818,20480810,20360211,20600503,20560815,20470128,20331130,20460521,20360502,20580501,20631225,20510220,20531225,20170818,20510120,20420815,20510809,20440415,20520126,,20260211,20420122,20470902,20500411,20460815,20471028,20620102
,20490607,20361001,20320503,20620324,20281102,20560907,20430605,20511226,20570501,20340501,20560501,20391018,20480924,20360229,20600531,20561101,20470311,20331208,20460625,20360509,20580916,20640101,20510529,20531226,20170825,20510213,20420929,20510817,20440421,20520419,,20260223,20420123,20471014,20500519,20461026,20471225,20620324
,20491025,20361002,20320524,20620529,20281225,20561012,20431224,20520101,20570531,20340525,20560519,20391019,20481216,20360501,20600830,20561225,20470412,20331223,20460702,20360612,20581118,20640218,20510704,20540101,20170831,20510214,20420930,20511102,20440616,20520422,,20260320,20420124,20471111,20500606,20461101,20471226,20620327
,20491227,20361003,20320701,20620704,20290126,20561102,20431225,20520419,20570622,20340620,20560623,20391020,20481225,20360509,20601227,20561226,20470415,20331230,20460903,20360613,20581212,20640219,20510904,20540326,20170901,20510331,20421003,20511225,20440907,20520425,,20260429,20420228,20471225,20500624,20461224,20480101,20620501
,20491228,20361006,20320722,20620904,20290215,20561115,20431231,20520422,20571206,20340928,20560626,20391021,20490101,20360901,20601228,20570101,20470425,20340301,20461008,20361103,20581225,20640404,20511009,20540327,20170908,20510421,20421009,20520101,20441012,20520610,,20260504,20420403,20471226,20501226,20461225,20480102,20620504
,20500103,20361007,20320728,20621009,20290219,20561130,20440101,20520501,20571224,20341002,20560830,20391226,20490322,20360916,20610103,20570420,20470610,20340406,20461112,20361104,20590101,20640421,20511123,20540330,20170915,20510501,20421225,20520201,20441102,20520805,,20260505,20420404,20480101,20510106,20461226,20480120,20620515
,20500104,20361008,20320812,20621123,20290301,20561225,20440414,20520530,20571225,20341020,20570101,20400314,20490416,20361106,20610408,20570423,20470927,20340407,20461225,20370101,20590203,20640501,20511225,20540501,20170922,20510601,20430101,20520202,20441115,20521007,,20260506,20420501,20480217,20510331,20470101,20480206,20620801
,20500131,20370101,20321013,20621225,20290316,20561229,20440415,20520610,20571226,20341225,20570405,20400330,20490419,20361119,20610411,20570501,20471105,20340501,20461226,20370102,20590317,20640605,20520101,20540507,20170929,20510907,20430209,20520419,20441230,20521225,,20260720,20420623,20480403,20510403,20470415,20480403,20621225
,20500207,20370102,20321025,20630101,20290330,20570101,20440418,20520620,20580101,20341226,20570406,20400501,20490427,20361120,20610502,20570531,20471225,20340508,20470101,20370105,20590327,20641225,20520115,20540518,20171006,20511012,20430210,20520501,20450125,20521226,,20260811,20420929,20480518,20510501,20470501,20480406,20621226
,20500408,20370216,20321206,20630115,20290402,20570305,20440513,20521003,20580412,20350101,20570423,20400510,20490616,20361225,20610530,20570611,20471226,20340612,20470102,20370106,20590328,20650101,20520219,20541224,20171013,20511102,20430211,20520513,20450220,20530101,,20260921,20421010,20480701,20510511,20470523,20480427,20630101
,20500411,20370217,20321210,20630219,20290423,20570306,20440526,20521224,20580415,20350208,20570501,20400601,20490809,20370101,20610829,20570815,20480101,20340821,20470412,20370107,20590501,20650209,20520527,20541225,20171020,20511115,20430501,20520530,20450221,20530127,,20260922,20430101,20480803,20510606,20470603,20480601,20630102
,20500425,20370218,20321231,20630413,20290425,20570420,20440527,20521225,20580501,20350209,20570613,20400806,20490924,20370127,20611226,20571101,20480127,20340828,20470520,20370108,20590916,20650210,20520704,20550101,20171027,20511120,20430505,20520805,20450407,20530404,,20260923,20430102,20480907,20510623,20470613,20481026,20630413
,20500606,20370219,20330103,20630528,20290426,20570501,20440606,20521226,20580523,20350323,20570614,20400817,20491216,20370202,20611227,20571225,20480309,20341030,20470624,20370109,20591117,20650327,20520902,20550415,20171103,20511225,20430916,20520809,20450421,20530407,,20261012,20430209,20481012,20511225,20470815,20481225,20630416
,20501024,20370220,20330214,20630704,20290501,20570621,20441226,20521231,20580621,20350326,20570615,20401008,20491227,20370216,20620102,20571226,20480403,20341101,20470701,20370223,20591212,20650421,20521014,20550416,20171110,20511229,20430917,20521021,20450501,20530425,,20261103,20430210,20481111,20511226,20471101,20481228,20630501
,20501226,20370406,20330406,20630903,20290525,20570907,20450406,20530101,20581206,20350405,20570830,20401009,20500321,20370217,20620324,20580101,20480406,20341130,20470902,20370309,20591225,20650501,20521111,20550419,20171117,20520101,20430918,20521225,20450608,20530609,,20261123,20430211,20481225,20520101,20471224,20490101,20630524
,20501227,20370501,20330413,20631008,20290725,20571012,20450407,20530404,20581224,20350501,20571029,20401010,20500408,20370218,20620327,20580412,20480608,20341208,20471014,20370501,20600101,20650528,20521128,20550517,20171124,20520304,20431009,20530101,20450907,20530804,,20261231,20430212,20481228,20520419,20471225,20490104,20630604
,20510102,20370618,20330414,20631112,20290814,20571102,20450410,20530407,20581225,20350515,20580101,20401224,20500411,20370428,20620501,20580415,20480925,20341213,20471111,20370504,20600202,20650907,20521225,20550527,20171201,20520305,20431225,20530219,20451012,20531006,,20270101,20430213,20490101,20520422,20471226,20490125,20630801
,20510103,20370619,20330415,20631122,20290815,20571115,20450505,20530501,20581226,20350611,20580325,20401225,20500427,20370501,20620529,20580501,20481103,20341225,20471225,20370511,20600315,20651012,20530101,20550607,20171208,20520419,20440101,20530220,20451102,20531225,,20270111,20430227,20490215,20520501,20480101,20490208,20631225
,20510130,20370924,20330502,20631225,20290911,20571130,20450518,20530515,20590101,20350702,20580326,20410101,20500502,20370529,20620828,20580523,20481225,20350101,20471226,20370612,20600415,20651102,20530120,20551224,20171215,20520423,20440129,20530404,20451115,20531226,,20270211,20430403,20490416,20520530,20480106,20490416,20631226
,20510206,20371001,20330513,20640101,20291002,20571225,20450519,20530526,20590106,20350917,20580327,20410104,20500616,20370831,20621225,20580603,20481228,20350208,20480101,20371104,20600416,20651225,20530217,20560330,20171222,20520501,20440201,20530501,20451120,20540101,,20270223,20430406,20490524,20520606,20480406,20490419,20640101
,20510331,20371002,20330701,20640121,20291016,20571231,20450529,20530605,20590328,20351001,20580423,20410201,20500809,20370916,20621226,20580815,20490101,20350219,20480102,20380101,20600916,20660101,20530526,20560331,20171229,20520620,20440301,20530519,20451225,20540126,,20270322,20430501,20490701,20520621,20480501,20490426,20640102
,20510403,20371005,20330711,20640218,20291105,20580101,20450605,20531003,20590331,20351009,20580501,20410315,20501216,20371026,20630101,20581101,20490126,20350322,20480403,20380104,20601102,20660222,20530704,20560403,20180105,20521115,20440413,20530602,20451229,20540327,,20270429,20430611,20490802,20521224,20480514,20490607,20640404
,20510425,20371006,20330728,20640526,20291107,20580225,20451225,20531224,20590501,20351225,20580603,20410402,20501226,20371106,20630413,20581225,20490308,20350323,20480518,20380105,20601115,20660223,20530901,20560501,20180112,20521120,20440505,20531110,20460101,20540330,,20270503,20430612,20490906,20521225,20480525,20491025,20640407
,20510605,20371007,20330812,20640704,20291120,20580226,20451226,20531225,20590508,20351226,20580604,20410419,20510102,20371109,20630416,20581226,20490416,20350409,20480624,20380106,20601201,20660409,20531013,20560511,20180119,20521225,20440506,20531225,20460125,20540608,,20270504,20430917,20491011,20521226,20480604,20491227,20640501
,20511023,20380101,20331013,20640901,20291225,20580412,20460101,20531226,20590620,20360101,20580605,20410501,20510321,20371110,20630507,20590101,20490419,20350501,20480701,20380107,20610207,20660421,20531111,20560517,20180126,20521231,20440606,20540101,20460205,20540803,,20270505,20430918,20491111,20521231,20481026,20491228,20640515
,20511225,20380203,20331024,20641013,20300205,20580501,20460322,20531231,20591224,20360128,20580715,20410516,20510331,20371225,20630528,20590328,20490426,20350612,20480907,20380108,20610321,20660610,20531127,20560522,20180202,20530101,20440815,20540209,20460206,20541005,,20270719,20431009,20491227,20530101,20481208,20500103,20640526
,20511226,20380204,20331205,20641111,20300219,20580613,20460323,20540101,20591225,20360129,20580830,20410530,20510403,20380101,20630827,20590331,20490614,20350821,20481012,20380222,20610407,20660907,20531225,20561225,20180209,20530120,20441003,20540210,20460323,20541225,,20270811,20440101,20491228,20530106,20481224,20500104,20640801
,20520101,20380205,20331212,20641127,20300320,20581115,20460326,20540327,20591226,20360130,20581029,20410726,20510427,20380121,20631225,20590501,20490924,20350827,20481111,20380223,20610408,20661012,20540101,20561226,20180216,20530217,20441004,20540327,20460501,20541228,,20270920,20440129,20500103,20530404,20481225,20500124,20641225
,20520102,20380208,20340102,20641225,20300401,20581225,20460420,20540330,20600101,20360404,20590101,20410926,20510501,20380201,20631226,20590508,20491102,20351101,20481225,20380308,20610916,20661102,20540119,20570101,20180223,20530218,20441005,20540501,20460524,20550101,,20270923,20440201,20500221,20530407,20490101,20500207,20641226
,20520129,20380209,20340306,20650101,20300403,20581231,20460503,20540501,20600106,20360411,20590317,20410927,20510616,20380204,20640101,20590519,20491227,20351130,20481228,20380503,20611102,20661115,20540216,20570419,20180302,20530404,20441006,20540522,20460709,20550126,,20271011,20440202,20500408,20530501,20490106,20500408,20650101
,20520206,20380405,20340406,20650119,20300412,20590101,20460504,20540507,20600416,20360414,20590423,20410930,20510809,20380205,20640404,20590623,20491228,20351203,20490101,20380504,20611121,20670214,20540525,20570420,20180309,20530421,20450216,20540716,20460907,20550416,,20271103,20440203,20500523,20530515,20490419,20500411,20650102
,20520419,20380503,20340413,20650216,20300416,20590210,20460514,20540518,20600419,20360501,20590501,20411204,20510925,20380518,20640407,20590815,20500103,20351224,20490104,20380510,20611212,20670215,20540907,20570423,20180316,20530423,20450217,20540810,20461012,20550419,,20271123,20440229,20500701,20530606,20490527,20500425,20650327
,20520422,20380607,20340414,20650327,20300419,20590211,20460605,20540528,20600527,20360530,20590519,20411225,20511225,20380831,20640505,20591225,20500126,20351225,20490416,20380614,20620206,20670401,20541012,20570501,20180323,20530501,20450301,20541030,20461102,20550426,,20271231,20440404,20500801,20530620,20490607,20500606,20650330
,20520425,20380913,20340501,20650525,20300501,20590328,20461224,20541224,20600625,20360701,20590522,20411226,20511226,20380916,20640526,20591226,20500314,20351231,20490524,20381104,20620320,20670421,20541111,20570517,20180330,20530605,20450501,20541225,20461115,20550614,,20280103,20440405,20500905,20531224,20490617,20501024,20650501
,20520603,20381001,20340601,20650703,20300514,20590421,20461225,20541225,20601206,20361001,20590523,20420101,20520101,20381027,20640825,20600101,20500408,20360101,20490624,20381105,20620323,20670602,20541126,20570531,20180406,20531120,20450505,20550101,20461120,20550802,,20280110,20440502,20501010,20531225,20491026,20501226,20650507
,20521028,20381004,20340728,20650907,20300517,20590501,20461226,20541231,20601224,20361027,20590715,20420122,20520321,20381029,20641225,20600416,20500411,20360128,20490701,20390103,20620324,20670907,20541225,20570611,20180413,20531225,20450524,20550128,20461225,20551004,,20280211,20440530,20501111,20531226,20491101,20501227,20650518
,20521225,20381005,20340731,20651012,20300814,20590529,20461231,20550101,20610106,20361225,20591029,20420304,20520419,20390105,20641226,20600419,20500425,20360207,20490906,20390104,20620501,20671012,20550101,20571224,20180420,20531231,20450606,20550129,20461231,20551227,,20280223,20440531,20501226,20531231,20491208,20510102,20651225
,20521226,20381006,20340814,20651111,20300815,20591225,20470101,20550416,20610408,20361226,20600101,20420404,20520422,20390124,20650101,20600527,20500613,20360409,20491011,20390105,20621102,20671102,20550118,20571225,20180427,20540101,20450815,20550416,20470101,20551228,,20280320,20441005,20501227,20540101,20491224,20510103,20660101
,20530101,20381007,20341013,20651126,20301002,20591231,20470411,20550419,20610411,20370101,20600304,20420501,20520501,20390125,20650327,20600607,20500923,20360410,20491111,20390106,20621120,20671115,20550215,20571226,20180504,20540120,20450925,20550428,20470125,20560103,,20280503,20441010,20510102,20540106,20500106,20510123,20660409
,20530102,20390103,20341023,20651225,20301225,20600101,20470412,20550527,20610519,20370216,20600305,20420515,20520617,20390126,20650330,20600623,20501101,20360411,20491227,20390107,20621212,20680305,20550531,20580101,20180511,20540209,20450926,20550511,20470225,20560126,,20280504,20450102,20510220,20540327,20500411,20510206,20660412
,20530127,20390124,20341205,20660101,20310219,20600301,20470415,20550607,20610624,20370217,20600423,20420604,20520809,20390201,20650504,20601101,20501226,20360501,20491228,20390110,20621225,20680306,20550705,20580411,20180518,20540210,20450927,20550705,20470226,20560331,,20280505,20450216,20510331,20540330,20500519,20510331,20660520
,20530206,20390125,20341211,20660118,20310220,20600302,20470510,20550617,20611206,20370218,20600510,20420715,20520924,20390208,20650525,20610408,20501227,20360612,20500103,20390223,20630101,20680420,20550906,20580412,20180525,20540327,20451003,20550809,20470412,20560403,,20280717,20450217,20510522,20540501,20500530,20510403,20660531
,20530404,20390126,20350101,20660215,20310324,20600416,20470523,20551224,20611226,20370403,20600511,20420915,20521216,20390406,20650831,20610411,20510102,20360821,20500104,20390307,20630205,20680501,20551011,20580415,20180601,20540421,20451009,20551019,20470501,20560425,,20280811,20450220,20510703,20540507,20500609,20510425,20670401
,20530407,20390127,20350102,20660409,20310401,20600421,20470524,20551231,20620106,20370406,20600512,20420916,20521225,20390502,20651225,20610519,20510126,20360825,20500408,20390308,20630319,20680621,20551111,20580501,20180608,20540423,20451225,20560215,20470613,20560612,,20280918,20450221,20510807,20540619,20500815,20510605,20670404
,20530425,20390128,20350222,20660531,20310402,20600617,20470603,20560331,20620324,20370501,20600513,20420917,20521226,20390831,20651228,20610530,20510313,20361120,20500523,20390502,20630412,20680907,20551125,20580517,20180614,20540501,20460101,20560216,20470709,20560807,,20280922,20450227,20510904,20541224,20501026,20511023,20670512
,20530602,20390404,20350406,20660705,20310403,20600907,20470605,20560403,20620327,20370522,20600519,20420918,20530101,20390916,20660101,20610623,20510331,20361208,20500624,20390503,20630413,20681012,20560117,20580523,20180615,20540528,20460205,20560331,20471115,20561002,,20281009,20450228,20511009,20541225,20501101,20511225,20670523
,20531027,20390405,20350413,20660906,20310411,20601012,20471224,20560501,20620501,20370618,20600715,20420919,20530321,20391005,20660409,20610815,20510403,20361224,20500701,20390509,20630501,20681102,20560221,20580603,20180618,20540907,20460206,20560417,20471120,20561225,,20281103,20450403,20511113,20541231,20501208,20511226,20670801
,20531225,20390502,20350416,20661011,20310414,20601102,20471225,20560511,20620504,20370701,20600830,20421225,20530404,20391019,20660412,20611101,20510425,20361225,20500905,20390613,20631102,20681115,20560529,20581224,20180622,20541012,20460207,20560501,20471225,20561226,,20281123,20450404,20511225,20550101,20501226,20520101,20671226
,20531226,20390527,20350501,20661111,20310501,20601115,20471226,20560522,20620623,20370925,20601029,20421226,20530407,20391020,20660503,20611226,20510612,20361226,20501010,20391104,20631119,20681225,20560704,20581225,20180629,20541102,20460301,20560529,20471231,20570101,,20290101,20450501,20511226,20550106,20510106,20520102,20680102
,20540101,20391003,20350521,20661125,20310507,20601130,20471231,20560601,20621206,20371001,20610221,20430101,20530428,20391115,20660531,20620324,20510929,20361230,20501111,20400102,20631212,,20560904,20581226,20180706,20541120,20460501,20560809,20480101,20570126,,20290102,20450619,20520101,20550416,20510403,20520122,20680420
,20540102,20391004,20350720,20661224,20310703,20601231,20480101,20561003,20621225,20371225,20610222,20430210,20530501,20391226,20660830,20620327,20511107,20361231,20501226,20400103,20631225,,20561009,20590101,20180713,20541225,20460507,20561106,20480217,20570420,,20290103,20450925,20520219,20550419,20510501,20520206,20680423
,20540126,20391005,20350730,20670117,20310814,20610221,20480402,20561225,20621226,20380101,20610223,20430327,20530616,20391227,20661227,20620501,20511225,20370101,20501227,20400104,20640101,,20561123,20590327,20180720,20541231,20460606,20561225,20480218,20570423,,20290108,20451009,20520419,20550527,20510511,20520419,20680501
,20540206,20391006,20350813,20670221,20310815,20610222,20480403,20561226,20630101,20380204,20610502,20430410,20530924,20400102,20661228,20620504,20511226,20370102,20510102,20400105,20640204,,20561225,20590328,20180727,20550101,20460613,20570101,20480403,20570425,,20290212,20451010,20520520,20550625,20510522,20520422,20680531
,20540327,20391007,20351015,20670530,20311002,20610408,20480406,20570101,20630413,20380205,20610503,20430501,20531216,20400116,20670103,20620515,20520101,20370126,20510103,20400106,20640317,,20570101,20590331,20180803,20550120,20460815,20570205,20480421,20570611,,20290223,20460101,20520701,20551224,20510601,20520425,20680611
,20540330,20400102,20351023,20670704,20311114,20610421,20480501,20570420,20630416,20380405,20610519,20430507,20531225,20400130,20670401,20620623,20520126,20370402,20510331,20400223,20640403,,20570115,20590501,20180810,20550301,20460914,20570206,20480501,20570806,,20290320,20460205,20520805,20551231,20510815,20520603,20680801
,20540427,20400213,20351205,20670905,20311128,20610609,20480514,20570423,20630501,20380423,20610715,20430601,20531226,20400201,20670404,20620815,20520311,20370403,20510522,20400224,20640404,,20570219,20590508,20180817,20550302,20460917,20570405,20480604,20571001,,20290430,20460206,20520902,20560106,20511026,20521028,20681225
,20540601,20400214,20351210,20671010,20311225,20610907,20480515,20570501,20630524,20380426,20610830,20430817,20540101,20400213,20670502,20621101,20520419,20370409,20510626,20400308,20640501,,20570528,20590519,20180820,20550416,20461003,20570420,20480709,20571225,,20290503,20460207,20521014,20560331,20511101,20521225,20681226
,20541026,20400215,20351231,20671111,20320115,20611012,20480525,20570531,20630622,20380511,20620213,20430904,20540327,20400214,20670530,20621225,20520422,20370501,20510703,20400309,20640916,,20570704,20591224,20180821,20550421,20461009,20570501,20480907,20571226,,20290504,20460208,20521111,20560403,20511208,20521226,
,20541225,20400216,20360101,20671124,20320126,20611102,20480605,20570611,20631206,20380607,20620420,20430907,20540330,20400326,20670829,20621226,20520425,20370511,20510904,20400430,20641117,,20570903,20591225,20180822,20550423,20461225,20570518,20481012,20580101,,20290716,20460209,20521225,20560501,20511225,20530101,
,20541228,20400217,20360212,20671226,20320219,20611115,20481224,20570621,20631224,20380701,20620421,20430908,20540427,20400501,20671226,20630101,20520610,20370612,20511009,20400501,20641212,,20571008,20591226,20180824,20550617,20470101,20570613,20481102,20580128,,20290917,20460228,20521226,20560511,20511226,20530102,
,20550101,20400404,20360407,20680102,20320310,20611130,20481225,20571003,20631225,20380914,20620501,20431112,20540501,20400525,20671227,20630413,20520927,20370821,20511113,20400509,20641225,,20571112,20600101,20180831,20550907,20470125,20570809,20481120,20580412,,20290924,20460403,20530101,20560606,20520101,20530120,
,20550104,20400430,20360414,20680116,20320322,20611230,20481231,20571224,20631226,20381001,20620519,20431203,20540616,20400831,20680102,20630416,20521105,20370831,20511225,20400611,20650101,,20571122,20600415,20180907,20551012,20470128,20571225,20481225,20580415,,20291008,20460404,20530217,20560623,20520422,20530206,
,20550201,20400501,20360415,20680220,20320326,20620206,20490101,20571225,20640101,20381007,20620830,20431225,20540810,20400917,20680420,20630501,20521225,20371026,20511226,20400612,20650202,,20571225,20600416,20180914,20551102,20470301,20580101,20481231,20580425,,20291123,20460501,20530404,20561225,20520501,20530404,
,20550208,20400614,20360501,20680420,20320401,20620207,20490415,20571226,20640404,20381227,20630101,20440101,20540924,20400924,20680423,20630524,20521226,20371109,20520101,20401105,20650316,,20580101,20600419,20180921,20551115,20470306,20580124,20490101,20580610,,20291231,20460608,20530519,20561226,20520530,20530407,
,20550416,20400615,20360512,20680528,20320414,20620324,20490416,20571231,20640407,20390124,20630131,20440211,20541216,20401008,20680507,20630604,20530101,20371130,20520102,20410101,20650326,,20580121,20600517,20180928,20551231,20470501,20580125,20490125,20580805,,20300101,20460914,20530701,20570101,20520610,20530425,
,20550419,20400920,20360701,20680704,20320419,20620421,20490419,20580101,20640501,20390125,20630201,20440329,20541225,20401009,20680528,20630815,20530127,20371208,20520419,20410102,20650327,,20580218,20600527,20181005,20560120,20470502,20580326,20490301,20581007,,20300102,20461010,20530804,20570420,20520620,20530602,
,20550426,20400921,20360708,20680903,20320421,20620501,20490514,20580412,20640515,20390126,20630202,20440415,20550101,20401225,20680827,20631101,20530310,20371224,20520520,20410103,20650501,,20580527,20600607,20181012,20560214,20470506,20580412,20490302,20581225,,20300103,20461231,20530901,20570423,20520815,20531027,
,20550607,20401001,20360728,20681008,20320423,20620525,20490527,20580415,20640620,20390405,20630409,20440512,20550322,20410101,20681225,20631225,20530404,20371225,20520624,20410104,20650916,,20580704,20601224,20181019,20560215,20470606,20580501,20490416,20581226,,20300114,20470101,20531013,20570501,20521101,20531225,
,20551025,20401002,20360812,20681112,20320525,20620907,20490528,20580501,20641224,20390408,20630410,20440526,20550416,20410104,20681226,20631226,20530407,20371230,20520701,20410107,20651102,,20580902,20610407,20181026,20560331,20470815,20580507,20490421,20590101,,20300211,20470125,20531111,20570531,20521224,20531226,
,20551227,20401003,20361013,20681122,20320621,20621012,20490607,20580523,20641225,20390411,20630411,20440601,20550419,20410118,,20640101,20530425,20371231,20520902,20410108,20651116,,20581014,20610408,20181102,20560421,20471003,20580603,20490617,20590127,,20300320,20470128,20531225,20570606,20521225,20540101,
,20551228,20401004,20361023,20681225,20320813,20621102,20491224,20580603,20641226,20390502,20630412,20440624,20550427,20410201,,20640404,20530609,20380101,20521014,20410308,20651225,,20581111,20610411,20181109,20560501,20471004,20580809,20490709,20590328,,20300429,20470129,20531226,20570622,20521226,20540102,
,20560103,20401005,20361205,,20320908,20621115,20491231,20580613,20650101,20390527,20630423,20440817,20550616,20410315,,20640407,20530926,20380115,20521111,20410501,20660101,,20581128,20610517,20181116,20560601,20471009,20581115,20490907,20590331,,20300503,20470130,20540101,20571224,20530101,20540119,
,20560104,20401231,20361210,,20321014,20621130,20500407,20581003,20650106,20390701,20630501,20440823,20550809,20410501,,20640501,20531104,20380204,20521225,20410502,20660201,,20581225,20610519,20181123,20560907,20471225,20581225,20491012,20590425,,20300506,20470228,20540216,20571225,20530106,20540206,
,20560131,20410101,20361231,,20321102,20621225,20500408,20581224,20650327,20391003,20630830,20440824,20550924,20410514,,20640515,20531225,20380409,20521226,20410503,20660315,,20590101,20610530,20181130,20561012,20480101,20590101,20491102,20590609,,20300715,20470301,20540327,20571226,20530407,20540327,
,20560207,20410131,20370101,,20321104,20621229,20500411,20581225,20650330,20391026,20631029,20440825,20551216,20410913,,20640526,20531226,20380422,20530101,20410509,20660408,,20590120,20611226,20181207,20561102,20480213,20590212,20491115,20590804,,20300812,20470404,20540518,20571231,20530501,20540330,
,20560331,20410201,20370102,,20321117,20630101,20500506,20581226,20650501,20391226,20640101,20440826,20551227,20410916,,20640623,20540101,20380423,20530102,20410510,20660409,,20590217,20620323,20181214,20561115,20480214,20590213,20491231,20591006,,20300916,20470405,20540701,20580101,20530515,20540427,
,20560403,20410204,20370302,,20330103,20630226,20500519,20581231,20650507,20391227,20640121,20441031,20560321,20410927,,20640815,20540126,20380830,20530404,20410612,20660916,,20590526,20620324,20181221,20561120,20480415,20590328,20500125,20591225,,20300923,20470501,20540803,20580412,20530526,20540601,
,20560425,20410205,20370406,,20330126,20630227,20500520,20590101,20650619,20400102,20640122,20441121,20560331,20411023,,20641225,20540309,20381029,20530519,20411104,20661102,,20590704,20620327,20181228,20561225,20480501,20590501,20500221,20591226,,20301014,20470529,20540907,20580415,20530605,20541026,
,20560605,20410206,20370413,,20330316,20630413,20500530,20590328,20651224,20400213,20640328,20441226,20560403,20411204,,20641226,20540327,20381101,20530624,20420101,20661115,,20590901,20620501,20190104,20561229,20480505,20590522,20500222,20600101,,20301104,20471004,20541012,20580501,20530815,20541225,
,20561023,20410404,20370414,,20330331,20630501,20501226,20590331,20651225,20400214,20640331,20450130,20560427,20411225,,20650101,20540330,20381130,20530701,20420102,20661201,,20591013,20620504,20190111,20570101,20480520,20590526,20500408,20600126,,20301231,20471010,20541111,20580523,20531208,20541228,
,20561225,20410405,20370415,,20330401,20630614,20510330,20590501,20660101,20400215,20640423,20450217,20560501,20411226,,20650327,20540608,20381208,20530901,20420103,20670207,,20591111,20620515,20190118,20570305,20480921,20591104,20500421,20600416,,20310101,20471011,20541225,20580606,20531224,20550101,
,20561226,20410501,20370501,,20330407,20630907,20510331,20590508,20660106,20400330,20640501,20450320,20560616,20420101,,20650330,20540925,20381224,20531013,20420106,20670321,,20591127,20620517,20190125,20570306,20480922,20591225,20500609,20600419,,20310102,20480101,20541228,20580621,20531225,20550104,
,20570101,20410603,20370529,,20330411,20631012,20510403,20590519,20660409,20400402,20640519,20450407,20560809,20420122,,20650501,20541103,20381230,20531111,20420107,20670331,,20591225,20621225,20190201,20570420,20480923,20600101,20500907,20600426,,20310103,20480213,20550101,20581224,20531226,20550125,
,20570102,20410909,20370701,,20330412,20631102,20510428,20590529,20660412,20400404,20640715,20450501,20560925,20420123,,20650507,20541225,20381231,20531225,20420108,20670401,,20600101,20621226,20190208,20570423,20481009,20600202,20501012,20600614,,20310113,20480214,20550215,20581225,20540101,20550208,
,20570129,20410910,20370727,,20330414,20631115,20510511,20591003,20660520,20400501,20641029,20450518,20561225,20420204,,20650518,20541228,20390105,20531226,20420310,20670916,,20600119,20630101,20190215,20570501,20481225,20600203,20501102,20600802,,20310211,20480217,20550416,20581226,20540106,20550416,
,20570206,20411001,20370728,,20330415,20631130,20510512,20591224,20660625,20400518,20650101,20450531,20561226,20420305,,20650623,20550101,20390124,20540101,20420501,20671102,,20600216,20630412,20190222,20570621,20490101,20600304,20501115,20601004,,20310224,20480218,20550524,20581231,20540330,20550419,
,20570420,20411002,20370812,,20330610,20631225,20510522,20591225,20661206,20400614,20650108,20450601,20570101,20420501,,20651225,20550126,20390407,20540102,20420502,20671121,,20600531,20630413,20190301,20570907,20490201,20600416,20501230,20601227,,20310321,20480228,20550701,20590101,20540501,20550426,
,20570423,20411003,20371013,,20330815,20631231,20510605,20591226,20661224,20400702,20650109,20450613,20570321,20420505,,20660101,20550308,20390408,20540327,20420509,20671212,,20600705,20630416,20190308,20571012,20490202,20600511,20510125,20601228,,20310429,20480402,20550802,20590106,20540507,20550607,
,20570425,20411004,20371023,,20331003,20640101,20511225,20591231,20670106,20400921,20650317,20450814,20570420,20420901,,20660409,20550416,20390829,20540518,20420612,20680206,,20600906,20630501,20190315,20571102,20490203,20600514,20510213,20610103,,20310505,20480403,20550906,20590328,20540518,20551025,
,20570604,20411007,20371207,,20331024,20640218,20511226,20600101,20670401,20401001,20650318,20450815,20570423,20420902,,20660412,20550419,20391020,20540624,20420613,20680319,,20601011,20630517,20190322,20571115,20490301,20600809,20510214,20610126,,20310506,20480501,20551011,20590331,20540528,20551227,
,20571022,20420101,20371210,,20340126,20640219,20520101,20600416,20670404,20401015,20650319,20450816,20570427,20420916,,20660520,20550426,20391101,20540701,20421103,20680419,,20601111,20630524,20190329,20571120,20490505,20610121,20510331,20610408,,20310721,20480615,20551111,20590501,20541026,20551228,
,20571225,20420121,20371231,,20340217,20640404,20520418,20600419,20670512,20401225,20650320,20450817,20570501,20420917,,20660531,20550614,20391130,20540907,20421104,20680420,,20601125,20630604,20190405,20571225,20490910,20610222,20510421,20610411,,20310811,20480921,20551227,20590508,20541208,20560103,
,20571226,20420122,20380101,,20340302,20640421,20520419,20600527,20670624,20401226,20650423,20451110,20570809,20420918,,20660623,20550924,20391208,20541012,20430101,20680501,,20610117,20631224,20190412,20571231,20490913,20610408,20510501,20610425,,20310915,20480922,20551228,20590606,20541224,20560104,
,20580101,20420123,20380219,,20340321,20640501,20520422,20600607,20671206,20410101,20650501,20451225,20570924,20421111,,20661101,20551102,20391226,20541111,20430102,20681102,,20610221,20631225,20190419,20580101,20500124,20610502,20510601,20610613,,20310923,20481009,20560103,20590620,20541225,20560124,
,20580102,20420124,20380406,,20340328,20640605,20520517,20600617,20671226,20410201,20650519,20451226,20571217,20421124,,20670401,20551227,20391230,20541225,20430105,20681119,,20610530,20631226,20190426,20580225,20500125,20610504,20510907,20610801,,20311013,20490101,20560221,20591224,20550101,20560207,
,20580128,20420127,20380413,,20340331,20641225,20520530,20601224,20680106,20410204,20650715,20460101,20571225,20421215,,20670404,20551228,20400329,20541228,20430106,20681212,,20610704,20640101,20190503,20580226,20500301,20610809,20511012,20611003,,20311103,20490201,20560331,20591225,20550106,20560331,
,20580206,20420404,20380414,,20340403,20641231,20520531,20601231,20680420,20410404,20651029,20460119,20571226,20421225,,20670512,20560103,20400330,20550101,20430107,20681225,,20610905,20640403,20190510,20580412,20500505,20611111,20511102,20611226,,20311124,20490202,20560522,20591226,20550419,20560403,
,20580412,20420501,20380415,,20340407,20650101,20520605,20610408,20680423,20410419,20651228,20460206,20580101,20430101,,20670523,20560126,20400409,20550104,20430108,,,20611010,20640404,20190517,20580423,20500601,20611226,20511115,20611227,,20311231,20490203,20560703,20591231,20550527,20560425,
,20580415,20420502,20380503,,20340414,20650209,20520610,20610411,20680501,20410422,20651229,20460323,20580321,20430126,,20670623,20560313,20400501,20550416,20430109,,,20611111,20640407,20190524,20580501,20500606,20620102,20511120,20620102,,20320101,20490204,20560807,20600101,20550607,20560605,
,20580425,20420623,20380518,,20340501,20650210,20521224,20610519,20680531,20410501,20651230,20460501,20580412,20430202,,20670815,20560331,20400514,20550524,20430223,,,20611124,20640501,20190531,20580613,20500815,20620209,20511225,20620126,,20320102,20490205,20560904,20600106,20550617,20561023,
,20580603,20421001,20380701,,20340503,20650327,20521225,20610530,20680622,20410507,20660101,20460503,20580415,20430210,,20671101,20560403,20400612,20550624,20430309,,,20611226,20640515,20190603,20581115,20500929,20620210,20511229,20620324,,20320112,20490301,20561009,20600416,20551026,20561225,
,20581028,20421002,20380716,,20340531,20650421,20521226,20610609,20681206,20410603,20660308,20460601,20580501,20430211,,20671226,20560425,20400821,20550701,20430501,,,20620102,20640526,20190604,20581120,20500930,20620324,20520101,20620327,,20320211,20490405,20561113,20600419,20551101,20561226,
,20581225,20421003,20380728,,20340815,20650501,20521231,20611003,20681224,20410701,20660309,20460803,20580617,20430223,,20680420,20560612,20400827,20550906,20430504,,,20620116,20641224,20190605,20581225,20501003,20620420,20520125,20620425,,20320223,20490406,20561225,20600527,20551208,20570101,
,20581226,20421006,20380812,,20341002,20650528,20530101,20611226,20681225,20410911,20660423,20460806,20580809,20430501,,20680423,20560929,20401008,20551011,20430511,,,20620220,20641225,20190607,20581231,20510210,20620501,20520304,20620612,,20320429,20490430,20561226,20600625,20551224,20570102,
,20590101,20421007,20381013,,20341110,20650907,20530403,20620324,20681226,20411001,20660519,20460807,20580924,20430831,,20680501,20561107,20401029,20551111,20430612,,,20620529,20641226,20190614,20590101,20510213,20620523,20520305,20620807,,20320503,20490604,20570101,20601224,20560106,20570122,
,20590102,20430101,20381025,,20341213,20651012,20530404,20620327,,20411003,20660715,20460817,20581216,20430907,,20680531,20561225,20401101,20551227,20431104,,,20620704,20650101,20190621,20590120,20510301,20620809,20520419,20621002,,20320504,20490910,20570219,20601231,20560403,20570206,
,20590127,20430102,20381206,,20341225,20651102,20530407,20620501,,20411225,20660830,20461010,20581225,20430916,,20680611,20561226,20401130,20551228,20440101,,,20620904,20650326,20190628,20590210,20510501,20621031,20520501,20621225,,20320505,20491011,20570420,20610106,20560501,20570420,
,20590206,20430209,20381210,,20350126,20651130,20530502,20620504,,20411226,20661029,20461031,20581226,20431112,,20680815,20570101,20401214,20560103,20440104,,,20621009,20650327,20190705,20590211,20510505,20621225,20520620,20621226,,20320719,20491231,20570521,20610408,20560511,20570423,
,20590328,20430210,20381231,,20350219,20651225,20530515,20620515,,20420101,20661220,20461224,20590101,20431203,,20681101,20570126,20401224,20560104,20440105,,,20621123,20650330,20190712,20590328,20510517,20630101,20520709,20630101,,20320811,20500121,20570702,20610411,20560522,20570425,
,20590331,20430211,20390103,,20350308,20651231,20530516,20620525,,20420122,20670224,20461225,20590321,20431225,,20681225,20570312,20401225,20560331,20440106,,,20621225,20650501,20190719,20590421,20510606,20630129,20521115,20630126,,20320920,20500124,20570806,20610519,20560601,20570604,
,20590425,20430212,20390208,,20350321,20660101,20530526,20621003,,20420123,20670225,20470101,20590328,20440101,,20681226,20570420,20401231,20560522,20440107,,,20630101,20650507,20190726,20590423,20510815,20630130,20521120,20630413,,20320921,20500125,20570903,20610606,20560815,20571022,
,20590602,20430213,20390406,,20350323,20660222,20530605,20621225,,20420124,20670519,20470109,20590331,20440201,,,20570423,20410101,20560626,20440108,,,20630115,20650518,20190802,20590501,20510918,20630131,20521225,20630416,,20320922,20500126,20571008,20610624,20561026,20571225,
,20591027,20430406,20390413,,20350402,20660223,20531224,20621226,,20420403,20670715,20470327,20590428,20440202,,,20570425,20410201,20560703,20440222,,,20630219,20651224,20190808,20590529,20510919,20630409,20521231,20630425,,20321011,20500228,20571112,20611226,20561101,20571226,
,20591225,20430501,20390414,,20350409,20660409,20531225,20630101,,20420404,20670830,20470412,20590501,20440211,,,20570611,20410409,20560904,20440223,,,20630528,20651225,20190809,20591120,20510920,20630413,20530101,20630611,,20321103,20500404,20571225,20620106,20561208,20580101,
,20591226,20430611,20390415,,20350416,20660421,20531226,20630413,,20420407,20671208,20470501,20590616,20440212,,,20570928,20410418,20561009,20440307,,,20630704,20660101,20190812,20591225,20511003,20630501,20530217,20630806,,20321123,20500405,20571226,20620324,20561225,20580102,
,20600101,20430612,20390502,,20350420,20660610,20531231,20630416,,20420501,20671209,20470510,20590924,20440502,,,20571106,20410419,20561113,20440308,,,20630903,20660408,20190816,20591231,20511009,20630809,20530218,20631001,,20321231,20500502,20580101,20620327,20561226,20580121,
,20600102,20430917,20390509,,20350501,20660907,20540101,20630501,,20420526,20680214,20470523,20591216,20440512,,,20571225,20410501,20561225,20440502,,,20631008,20660409,20190823,20600101,20511225,20631022,20530404,20631225,,20330103,20500623,20580218,20620501,20570101,20580206,
,20600126,20430918,20390701,,20350521,20661012,20540326,20630524,,20420623,20680215,20470723,20591225,20440811,,,20571226,20410612,20561226,20440503,,,20631112,20660412,20190830,20600120,20520101,20631225,20530421,20631226,,20330110,20500624,20580412,20620504,20570423,20580412,
,20600206,20431001,20390705,,20350522,20661102,20540327,20630604,,20420701,20680216,20470724,20591226,20440824,,,20580101,20410821,20570101,20440509,,,20631122,20660517,20190906,20600301,20520131,20640101,20530501,20640101,,20330211,20500930,20580520,20620606,20570501,20580415,
,20600416,20431002,20390728,,20350813,20661115,20540330,20630614,,20420929,20680217,20470725,20600101,20440825,,,20580128,20410826,20570102,20440613,,,20631225,20660520,20190913,20600302,20520201,20640121,20530605,20640128,,20330223,20501010,20580701,20620623,20570531,20580425,
,20600419,20431005,20390812,,20350815,20661130,20540424,20631003,,20421001,20680423,20470726,20600322,20440831,,,20580311,20410927,20570420,20441104,,,20640101,20660531,20190920,20600416,20520202,20640218,20530709,20640404,,20330321,20510102,20580805,20621225,20570611,20580603,
,20600426,20431006,20391013,,20350905,20661231,20540507,20631224,,20421022,20680501,20470930,20600416,20440916,,,20580412,20411101,20570521,20450102,,,20640121,20661224,20190923,20600421,20520301,20640219,20531120,20640407,,20330429,20510210,20580902,20621226,20570621,20581028,
,20600607,20431007,20391024,,20351002,20670214,20540508,20631225,,20421225,20680830,20471225,20600419,20441020,,,20580415,20411204,20570625,20450103,,,20640218,20670331,20190927,20600423,20520306,20640328,20531225,20640425,,20330503,20510213,20581014,20630101,20570815,20581225,
,20601025,20440101,20391205,,20351011,20670215,20540518,20631226,,20421226,20681029,20471226,20600427,20441031,,,20580425,20411224,20570702,20450104,,,20640526,20670401,20191004,20600617,20520410,20640404,20531231,20640609,,20330504,20510214,20581111,20630413,20571026,20581226,
,20601227,20440129,20391212,,20351030,20670401,20540605,20631231,,20430101,20681126,20480101,20600616,20441121,,,20580610,20411225,20570903,20450105,,,20640704,20670404,20191011,20600907,20520501,20640501,20540101,20640804,,20330505,20510215,20581225,20630416,20571101,20590101,
,20601228,20440201,20400102,,20351101,20670421,20541224,20640101,,20430210,20681127,20480214,20600809,20441226,,,20580927,20411230,20571008,20450106,,,20640901,20670512,20191018,20601012,20520506,20640530,20540209,20641006,,20330718,20510227,20581226,20630501,20571224,20590102,
,20610103,20440202,20400227,,20351115,20670602,20541225,20640404,,20430211,20681128,20480316,20600924,20450102,,,20581105,20411231,20571112,20450223,,,20641013,20670517,20191025,20601102,20520507,20641225,20540210,20641225,,20330811,20510228,20590101,20630524,20571225,20590120,
,20610104,20440203,20400406,,20351225,20670907,20541231,20640407,,20430212,,20480403,20601216,20450131,,,20581225,20420101,20571225,20450224,,,20641111,20670523,20191101,20601115,20520606,20650101,20540327,20641226,,20330919,20510404,20590217,20630606,20571226,20590206,
,20610131,20440204,20400413,,20360208,20671012,20550101,20640501,,20430327,,20480501,20601227,20450201,,,20581226,20420122,20571226,20450308,,,20641127,20671226,20191108,20601231,20520815,20650108,20540421,20650101,,20330923,20510405,20590328,20630622,20580101,20590328,
,20610207,20440404,20400416,,20360219,20671102,20550415,20640515,,20430330,,20480511,20610321,20450202,,,20590101,20420403,20580101,20450501,,,20641225,20680419,20191115,20610120,20520906,20650205,20540501,20650126,,20331010,20510501,20590519,20631224,20580415,20590331,
,20610408,20440502,20400501,,20360225,20671115,20550416,20640526,,20430406,,20480514,20610408,20450217,,,20590127,20420404,20580102,20450508,,,20650101,20680420,20191122,20610221,20520909,20650206,20540528,20650327,,20331103,20510612,20590701,20631225,20580501,20590425,
,20610411,20440530,20400525,,20360312,20671130,20550419,20640605,,20430501,,20480528,20610411,20450501,,,20590310,20420409,20580412,20450509,,,20650119,20680423,20191129,20610222,20521003,20650317,20540709,20650330,,20331123,20510613,20590804,20631226,20580523,20590602,
,20610425,20440531,20400723,,20360328,20671230,20550514,20641003,,20430611,,20480601,20610427,20450502,,,20590328,20420501,20580520,20450612,,,20650216,20680501,20191206,20610408,20521009,20650327,20540907,20650608,,20340102,20510918,20590901,20631231,20580603,20591027,
,20610606,20441003,20400730,,20360401,20680305,20550527,20641224,,20430701,,20480713,20610502,20450801,,,20590331,20420612,20580624,20451106,,,20650525,20680517,20191213,20610421,20521225,20650501,20541012,20650803,,20340103,20510919,20591013,20640101,20580613,20591225,
,20611024,20441004,20400813,,20360409,20680306,20550528,20641225,,20430918,,20480714,20610616,20450814,,,20590425,20420821,20580701,20460101,,,20650907,20680531,20191220,20610609,20530101,20650519,20541102,20651005,,20340109,20511009,20591111,20640404,20580815,20591226,
,20611226,20441005,20401015,,20360411,20680420,20550607,20641226,,20431001,,20480715,20610809,20450815,,,20590609,20420825,20580902,20460102,,,20651012,20680611,20191227,20610907,20530218,20650810,20541120,20651225,,20340223,20511010,20591225,20640407,20581101,20600101,
,20611227,20441006,20401023,,20360414,20680501,20551224,20641231,,20431012,,20480817,20611216,20450831,,,20590926,20420916,20581014,20460103,,,20651111,20681224,20200103,20611012,20530219,20651028,20541225,20651228,,20340320,20520101,20591226,20640501,20581224,20600102,
,20620102,20441007,20401205,,20360501,20680621,20551231,20650101,,20431225,,20481009,20611226,20451108,,,20591104,20421124,20581111,20460104,,,20651126,20681225,20200110,20611102,20530220,20651225,20541231,20660101,,20340503,20520131,20600101,20640515,20581225,20600119,
,20620103,20450102,20401210,,20360509,20680907,20560330,20650327,,20440101,,20481218,20620102,20451110,,,20591225,20421208,20581225,20460105,,,20651225,20681226,20200117,20611115,20530501,20651229,20550101,20660126,,20340504,20520201,20600216,20640606,20581226,20600206,
,20620130,20450216,20401231,,20360812,20681012,20560331,20650330,,20440201,,20481225,20620321,20451225,,,20591226,20421224,20581226,20460108,,,20660101,,20200124,20611230,20530505,20660101,20550125,20660409,,20340505,20520202,20600416,20640620,20590101,20600416,
,20620206,20450217,20410101,,20360815,20681102,20560403,20650501,,20440202,,20490101,20620324,20460101,,,20600101,20421225,20590101,20460223,,,20660118,,20200131,20620120,20530606,20660126,20550301,20660412,,20340717,20520205,20600524,20641224,20590106,20600419,
,20620324,20450220,20410215,,20360929,20681115,20560428,20650507,,20440404,,20490202,20620327,20460122,,,20600126,20421226,20590102,20460308,,,20660215,,20200207,20620206,20530815,20660127,20550302,20660426,,20340811,20520228,20600701,20641225,20590331,20600426,
,20620327,20450221,20410408,,20361002,20681130,20560511,20650518,,20440415,,20490416,20620427,20460201,,,20600308,20421230,20590328,20460309,,,20660531,,20200214,20620207,20530925,20660308,20550416,20660614,,20340918,20520404,20600802,20641226,20590501,20600607,
,20620425,20450222,20410415,,20361020,20681225,20560512,20650528,,20440418,,20490430,20620501,20460206,,,20600416,20421231,20590519,20460430,,,20660705,,20200221,20620324,20530926,20660409,20550421,20660802,,20341009,20520405,20600906,20641231,20590508,20601025,
,20620605,20450403,20410416,,20361103,20681231,20560522,20651224,,20440502,,20490517,20620616,20460207,,,20600419,20430101,20590624,20460501,,,20660906,,20200228,20620421,20531003,20660809,20550617,20661004,,20341103,20520501,20601011,20650101,20590519,20601227,
,20621023,20450404,20410501,,20361120,,20560605,20651225,,20440505,,20490527,20620809,20460501,,,20600426,20430102,20590701,20460509,,,20661011,,20200306,20620501,20531009,20661018,20550709,20661227,,20341123,20520531,20601111,20650106,20590529,20601228,
,20621225,20450501,20410514,,20361225,,20561225,20651231,,20440531,,20490601,20620925,20460521,,,20600614,20430210,20590901,20460611,,,20661111,,20200313,20620525,20531225,20670214,20550907,20661228,,20350101,20520906,20601227,20650327,20590815,20610103,
,20621226,20450619,20410701,,20370126,,20561226,20660101,,20440701,,20490630,20621225,20460806,,,20600924,20430326,20591013,20460612,,,20661125,,20200320,20620907,20540101,20670215,20551012,20670103,,20350102,20521010,20601228,20650330,20591208,20610104,
,20630101,20450925,20410715,,20370127,,20570101,20660409,,20441006,,20490701,20621226,20460831,,,20601102,20430327,20591111,20461105,,,20670117,,20200327,20621012,20540209,20670224,20551102,20670126,,20350103,20521011,20610103,20650501,20591224,20610124,
,20630102,20451002,20410729,,20370213,,20570419,20660412,,20441226,,20490702,20630101,20460917,,,20601227,20430409,20591225,20470101,,,20670221,,20200403,20621102,20540210,20670401,20551115,20670401,,20350108,20530101,20610221,20650507,20591225,20610207,
,20630129,20451003,20410812,,20370219,,20570420,20660520,,20441227,,20490817,20630321,20461010,,,20601228,20430501,20591226,20470102,,,20670530,,20200410,20621115,20540501,20670502,20551231,20670404,,20350212,20530217,20610408,20650619,20591226,20610408,
,20630206,20451004,20411014,,20370226,,20570423,20660531,,20450102,,20490908,20630413,20461029,,,20610103,20430511,20600101,20470103,,,20670704,,20200417,20621120,20540505,20670527,20560125,20670425,,20350223,20530218,20610523,20651224,20600101,20610411,
,20630413,20451005,20411023,,20370302,,20570518,20660610,,20450217,,20490928,20630416,20461031,,,20610126,20430612,20600102,20470104,,,20670905,,20200424,20621225,20540515,20670809,20560214,20670613,,20350321,20530219,20610701,20651225,20600106,20610425,
,20630416,20451006,20411205,,20370317,,20570531,20661224,,20450220,,20491207,20630427,20461225,,,20610314,20430821,20600416,20470107,,,20671010,,20200501,20621229,20540603,20671107,20560215,20670801,,20350430,20530220,20610801,20651231,20600419,20610606,
,20630425,20460101,20411210,,20370325,,20570601,20661231,,20450404,,20491224,20630501,20470101,,,20610408,20430831,20600524,20470108,,,20671111,,20200508,20630101,20540915,20671208,20560331,20671003,,20350503,20530221,20610905,20660101,20600527,20611024,
,20630604,20460205,20411231,,20370401,,20570605,20670401,,20450407,,20500324,20630809,20470109,,,20610411,20430904,20600624,20470308,,,20671124,,20200515,20630226,20540916,20671226,20560421,20671226,,20350504,20530228,20611010,20660106,20600607,20611226,
,20631022,20460206,20420101,,20370403,,20570611,20670404,,20450410,,20500408,20630924,20470128,,,20610425,20431026,20600701,20470501,,,20671226,,20200521,20630227,20540917,20680102,20560501,20671227,,20350716,20530403,20611111,20660409,20600617,20611227,
,20631225,20460207,20420306,,20370414,,20571224,20670512,,20450501,,20500419,20631217,20470201,,,20610613,20431112,20600906,20470502,,,20680102,,20200522,20630413,20541009,20680203,20560601,20680102,,20350917,20530404,20611226,20660412,20601026,20620102,
,20631226,20460208,20420407,,20370429,,20571225,20670523,,20450524,,20500519,20631225,20470501,,,20610923,20431130,20601011,20470503,,,20680116,,20200525,20630423,20541225,20680214,20560907,20680126,,20350924,20530501,20611227,20660520,20601101,20620103,
,20640101,20460209,20420414,,20370501,,20571226,20670602,,20450619,,20500601,20631226,20470509,,,20611101,20431208,20601111,20470509,,,20680220,,20200529,20630501,20550101,20680420,20561012,20680420,,20351008,20530620,20620102,20660625,20601208,20620123,
,20640102,20460404,20420415,,20370812,,20571231,20671003,,20450926,,20500620,20640101,20470711,,,20611226,20431224,20601227,20470510,,,20680528,,20200605,20630614,20550127,20680501,20561102,20680423,,20351123,20530926,20620220,20661224,20601224,20620206,
,20640128,20460430,20420501,,20371002,,20580101,20671226,,20451002,,20500621,20640321,20470724,,,20611227,20431225,20601228,20470612,,,20680704,,20200612,20630907,20550128,20680516,20561115,20680425,,20351231,20531010,20620324,20661231,20610106,20620324,
,20640206,20460501,20420603,,20371109,,20580411,20680420,,20451018,,20500622,20640404,20470725,,,20620102,20431230,20610103,20471104,,,20680903,,20200619,20631012,20550129,20680809,20561120,20680611,,20360101,20540101,20620522,20670106,20610411,20620327,
,20640404,20460608,20420701,,20371225,,20580412,20680423,,20451225,,20500623,20640407,20470916,,,20620126,20431231,20610104,20480101,,,20681008,,20200626,20631102,20550301,20681025,20561225,20680806,,20360102,20540102,20620703,20670401,20610519,20620425,
,20640407,20460917,20420728,,20380126,,20580415,20680501,,20451226,,20500624,20640428,20470930,,,20620313,20440101,20610408,20480102,,,20681112,,20200703,20631115,20550504,20681126,20561229,20681001,,20360103,20540206,20620807,20670404,20610530,20620605,
,20640425,20461001,20420801,,20380215,,20580510,20680531,,20460101,,20500817,20640501,20471018,,,20620324,20440414,20610523,20480103,,,20681122,,20200710,20631120,20550505,20681225,20570101,20681225,,20360114,20540209,20620904,20670512,20610609,20621023,
,20640602,20461002,20420812,,20380219,,20580523,20680611,,20460206,,20501226,20640616,20471021,,,20620327,20440415,20610624,20480106,,,20681225,,20200717,20631225,20551004,,20570125,20681226,,20360211,20540210,20621009,20670606,20610815,20621225,
,20641027,20461003,20421013,,20380304,,20580524,20680621,,20460207,,20510331,20640924,20471225,,,20620425,20440825,20610701,20480107,,,,,20200724,20631231,20551005,,20570305,,,20360320,20540211,20621113,20670624,20611026,20621226,
,20641225,20461004,20421023,,20380401,,20580603,20681003,,20460208,,20510412,20641216,20471230,,,20620612,20440829,20610905,20480108,,,,,20200730,20640101,20551006,,20570306,,,20360429,20540227,20621225,20671226,20611101,20630101,
,20641226,20461005,20421205,,20380405,,20580605,20681224,,20460323,,20510501,20641225,20480101,,,20620929,20441031,20611010,20480309,,,,,20200731,20640218,20560214,,20570420,,,20360505,20540402,20621226,20680106,20611208,20630102,
,20650101,20461231,20421210,,20380413,,20581224,20681225,,20460326,,20510511,20641226,20480130,,,20621107,20441101,20611111,20480501,,,,,20200803,20640219,20560215,,20570501,,,20360506,20540403,20630101,20680420,20611226,20630122,
,20650102,20470101,20421231,,20380414,,20581225,20681226,,20460404,,20510526,20650101,20480214,,,20621225,20441130,20611226,20480504,,,,,20200807,20640404,20560216,,20570621,,,20360721,20540501,20630219,20680423,20620106,20630206,
,20650126,20470125,20430101,,20380423,,20581226,20681231,,20460501,,20510601,20650327,20480501,,,20621226,20441208,20611227,20480505,,,,,20200814,20640421,20560301,,20570709,,,20360811,20540610,20630413,20680501,20620327,20630413,
,20650206,20470128,20430102,,20380518,,20581231,,,20460514,,20510609,20650330,20480527,,,20630101,20441230,20620102,20480506,,,,,20200821,20640423,20560412,,20570907,,,20360915,20540916,20630521,20680531,20620501,20630416,
,20650327,20470129,20430224,,20380812,,20590101,,,20460608,,20510612,20650427,20480629,,,20630126,20450217,20620103,20480511,,,,,20200828,20640501,20560501,,20571012,,,20360922,20541009,20630702,20680606,20620504,20630425,
,20650330,20470130,20430406,,20380902,,20590327,,,20460702,,20510613,20650501,20480713,,,20630312,20450406,20620324,20480612,,,,,20200904,20640605,20560505,,20571102,,,20361013,20550101,20630806,20680622,20620515,20630604,
,20650427,20470131,20430413,,20381007,,20590328,,,20461001,,20510817,20650616,20480714,,,20630413,20450407,20620522,20481104,,,,,20200911,20641120,20560522,,20571115,,,20361103,20550127,20630903,20681224,20620525,20631022,
,20650601,20470405,20430414,,20381027,,20590331,,,20461008,,20510907,20650810,20480831,,,20630416,20450501,20620626,20490101,,,,,20200918,20641225,20560606,,20571120,,,20361124,20550128,20631008,20681225,20620815,20631225,
,20651026,20470501,20430415,,20381029,,20590425,,,20461225,,20511116,20650924,20480916,,,20630425,20450612,20620703,20490104,,,,,20200923,20641231,20560815,,20571225,,,20361231,20550129,20631112,20681226,20621026,20631226,
,20651225,20470529,20430501,,20381111,,20590508,,,20461226,,20511225,20651216,20481009,,,20630611,20450815,20620904,20490105,,,,,20200925,20650101,20560925,,20571231,,,20370101,20550201,20631225,20681231,20621101,20640101,
,20651228,20471001,20430525,,20390106,,20590509,,,20470101,,20511226,20651225,20481105,,,20630928,20450821,20621009,20490106,,,,,20201002,20650120,20560926,,20580101,,,20370102,20550301,20631226,,20621208,20640102,
,20660101,20471002,20430701,,20390126,,20590519,,,20470128,,20520101,20660101,20481218,,,20631106,20450828,20621113,20490107,,,,,20201009,20650209,20561003,,20580125,,,20370112,20550405,20640101,,20621225,20640121,
,20660104,20471003,20430721,,20390204,,20590605,,,20470129,,20520201,20660322,20481225,,,20631225,20451020,20621225,20490108,,,,,20201016,20650210,20561009,,20580225,,,20370211,20550406,20640218,,20621226,20640206,
,20660201,20471004,20430728,,20390221,,20591224,,,20470405,,20520329,20660409,20490101,,,20631226,20451101,20621226,20490222,,,,,20201023,20650327,20561225,,20580226,,,20370223,20550430,20640404,,20630101,20640404,
,20660208,20471007,20430812,,20390311,,20591225,,,20470412,,20520401,20660412,20490119,,,20640101,20451130,20630101,20490223,,,,,20201030,20650421,20570101,,20580412,,,20370320,20550531,20640519,,20630416,20640407,
,20660409,20471008,20431013,,20390325,,20591226,,,20470415,,20520419,20660427,20490201,,,20640128,20451208,20630102,20490308,,,,,20201106,20650423,20570205,,20580501,,,20370429,20551004,20640701,,20630501,20640425,
,20660412,20480101,20431023,,20390401,,20591231,,,20470501,,20520501,20660616,20490202,,,20640310,20451225,20630413,20490503,,,,,20201113,20650501,20570206,,20580613,,,20370504,20551005,20640804,,20630524,20640602,
,20660426,20480213,20431207,,20390407,,20600101,,,20470502,,20520514,20660809,20490203,,,20640404,20460101,20630521,20490504,,,,,20201120,20650528,20570301,,20580709,,,20370505,20551011,20640901,,20630604,20641027,
,20660607,20480214,20431210,,20390408,,20600415,,,20470529,,20520529,20660924,20490517,,,20640407,20460206,20630625,20490510,,,,,20201127,20650907,20570307,,20581115,,,20370506,20551231,20641013,,20630614,20641225,
,20661025,20480217,20431231,,20390414,,20600416,,,20470701,,20520530,20661216,20490618,,,20640425,20460322,20630702,20490614,,,,,20201204,20651012,20570501,,20581120,,,20370720,20560214,20641111,,20630815,20641226,
,20661227,20480218,20440101,,20390812,,20600419,,,20471001,,20520531,20661227,20490702,,,20640609,20460323,20630903,20491104,,,,,20201211,20651102,20570507,,20581225,,,20370811,20560215,20641225,,20631026,20650101,
,20661228,20480219,20440215,,20390815,,20600514,,,20471028,,20520805,20670321,20490831,,,20640926,20460409,20631008,20491105,,,,,20201218,20651120,20570511,,20581231,,,20370921,20560216,20641226,,20631101,20650102,
,20670103,20480406,20440406,,20390823,,20600527,,,20471225,,20520826,20670401,20490908,,,20641104,20460501,20631112,20500103,,,,,20201225,20651225,20570606,,20590101,,,20370922,20560217,20650101,,20631224,20650119,
,20670104,20480501,20440413,,20391020,,20600528,,,20471226,,20521104,20670404,20490916,,,20641225,20460514,20631225,20500104,,,,,20210101,20651231,20570815,,20590210,,,20370923,20560218,20650216,,20631225,20650206,
,20670131,20480615,20440414,,20391026,,20600607,,,20480101,,20521225,20670427,20490928,,,20641226,20460612,20631226,20500105,,,,,20210108,20660101,20570912,,20590211,,,20371012,20560228,20650327,,20631226,20650327,
,20670207,20480921,20440415,,20391115,,20601224,,,20480214,,20521226,20670502,20491025,,,20650101,20460803,20640101,20500106,,,,,20210115,20660120,20570913,,20590328,,,20371103,20560403,20650518,,20640101,20650330,
,20670401,20480922,20440502,,20391117,,20601231,,,20480217,,20530101,20670616,20491208,,,20650126,20460821,20640102,20500107,,,,,20210122,20660222,20570914,,20590421,,,20371123,20560404,20650701,,20640407,20650427,
,20670404,20481001,20440511,,20391130,,20610407,,,20480403,,20530219,20670809,20500124,,,20650309,20460827,20640404,20500110,,,,,20210129,20660223,20571003,,20590501,,,20371231,20560501,20650803,,20640501,20650601,
,20670425,20481002,20440701,,20391226,,20610408,,,20480406,,20530318,20671216,20500125,,,20650327,20461010,20640519,20500223,,,,,20210205,20660409,20571009,,20590529,,,20380101,20560616,20650907,,20640515,20651026,
,20670606,20481005,20440711,,20400125,,20610411,,,20480501,,20530320,20671226,20500201,,,20650330,20461029,20640624,20500307,,,,,20210212,20660421,20571225,,20590709,,,20380111,20560925,20651012,,20640526,20651225,
,20671024,20481006,20440728,,20400126,,20610506,,,20480520,,20530404,20680102,20500207,,,20650608,20461101,20640701,20500308,,,,,20210219,20660423,20580101,,20591120,,,20380211,20561009,20651111,,20640605,20651228,
,20671226,20481007,20440812,,20400326,,20610519,,,20480615,,20530501,20680321,20500502,,,20650925,20461130,20640901,20500502,,,,,20210226,20660610,20580123,,20591225,,,20380223,20561010,20651225,,20640815,20660101,
,20671227,20490101,20441013,,20400329,,20610520,,,20480701,,20530515,20680420,20500505,,,20651103,20461224,20641013,20500503,,,,,20210305,20660907,20580124,,20591231,,,20380429,20570101,20651228,,20641208,20660104,
,20680102,20490201,20441024,,20400330,,20610530,,,20480923,,20530519,20680423,20500607,,,20651225,20461225,20641111,20500509,,,,,20210312,20661012,20580125,,20600101,,,20380503,20570202,20660101,,20641224,20660125,
,20680103,20490202,20441205,,20400402,,20611226,,,20481001,,20530520,20680427,20500621,,,20651228,20461231,20641225,20500613,,,,,20210319,20661102,20580301,,20600301,,,20380504,20570205,20660215,,20641225,20660208,
,20680130,20490203,20441212,,20400412,,20620323,,,20481016,,20530521,20680501,20500622,,,20660101,20470101,20641226,20501104,,,,,20210326,20661115,20580430,,20600302,,,20380505,20570206,20660409,,20641226,20660409,
,20680206,20490204,20450102,,20400420,,20620324,,,20481225,,20530522,20680809,20500829,,,20660126,20470409,20650101,20510102,,,,,20210402,20661231,20580501,,20600416,,,20380719,20570207,20660524,,20650101,20660412,
,20680420,20490205,20450302,,20400425,,20620327,,,20490101,,20530815,20680924,20500831,,,20660308,20470411,20650102,20510103,,,,,20210409,20670120,20580506,,20600421,,,20380811,20570228,20660701,,20650106,20660426,
,20680423,20490405,20450406,,20400501,,20620421,,,20490202,,20531024,20681217,20500916,,,20660409,20470412,20650327,20510104,,,,,20210416,20670214,20580606,,20600617,,,20380920,20570403,20660802,,20650330,20660607,
,20680425,20490503,20450413,,20400815,,20620504,,,20490203,,20531225,20681225,20500919,,,20660412,20470501,20650518,20510105,,,,,20210423,20670215,20580612,,20600709,,,20380923,20570404,20660906,,20650501,20661025,
,20680604,20490604,20450414,,20400910,,20620505,,,20490204,,20531226,20681226,20501114,,,20660426,20470612,20650624,20510106,,,,,20210430,20670401,20580815,,20600907,,,20381011,20570501,20661011,,20650507,20661227,
,20681022,20490913,20450501,,20401002,,20620515,,,20490405,,20540101,,20501128,,,20660614,20470725,20650701,20510223,,,,,20210507,20670421,20581001,,20601012,,,20381103,20570606,20661111,,20650518,20661228,
,20681225,20491001,20450530,,20401008,,20620605,,,20490416,,20540327,,20501226,,,20660924,20470821,20650907,20510224,,,,,20210512,20670602,20581002,,20601102,,,20381123,20570913,20661227,,20650528,20670103,
,20681226,20491004,20450728,,20401015,,20621225,,,20490419,,20540408,,20510102,,,20661102,20470826,20651012,20510308,,,,,20210513,20670907,20581003,,20601115,,,20381231,20570914,20661228,,20651026,20670104,
,,20491005,20450814,,20401105,,20621226,,,20490510,,20540501,,20510127,,,20661227,20470930,20651111,20510501,,,,,20210514,20671012,20581004,,20601231,,,20390103,20571010,20670103,,20651208,20670124,
,,20491006,20451013,,20401225,,20630101,,,20490604,,20540507,,20510201,,,20661228,20471101,20651225,20510508,,,,,20210521,20671102,20581009,,20610125,,,20390110,20571231,20670221,,20651224,20670207,
,,20491007,20451023,,20410114,,20630412,,,20490701,,20540508,,20510213,,,20670103,20471224,20651228,20510509,,,,,20210528,20671115,20581225,,20610221,,,20390211,20580101,20670401,,20651225,20670401,
,,20500103,20451205,,20410219,,20630413,,,20491001,,20540511,,20510501,,,20670126,20471225,20660101,20510612,,,,,20210604,20671230,20590101,,20610222,,,20390223,20580123,20670523,,20660101,20670404,
,,20500124,20451211,,20410301,,20630416,,,20491005,,20540512,,20510524,,,20670314,20471230,20660104,20511106,,,,,20210611,20680120,20590211,,20610408,,,20390321,20580124,20670701,,20660106,20670425,
,,20500125,20460101,,20410315,,20630511,,,20491227,,20540521,,20510529,,,20670401,20471231,20660409,20520101,,,,,20210618,20680305,20590212,,20610421,,,20390429,20580125,20670801,,20660412,20670606,
,,20500126,20460102,,20410318,,20630524,,,20500124,,20540601,,20510612,,,20670404,20480101,20660524,20520102,,,,,20210625,20680306,20590213,,20610609,,,20390503,20580128,20670905,,20660520,20671024,
,,20500127,20460220,,20410401,,20630525,,,20500125,,20540716,,20510817,,,20670425,20480214,20660624,20520103,,,,,20210702,20680420,20590501,,20610907,,,20390504,20580228,20671010,,20660531,20671226,
,,20500128,20460406,,20410402,,20630604,,,20500126,,20540805,,20510831,,,20670613,20480402,20660701,20520104,,,,,20210709,20680423,20590505,,20611012,,,20390505,20580301,20671111,,20660610,20671227,
,,20500404,20460413,,20410409,,20630605,,,20500404,,20540817,,20510907,,,20670923,20480403,20660906,20520105,,,,,20210716,20680501,20590519,,20611102,,,20390718,20580404,20671226,,20661026,20680102,
,,20500502,20460416,,20410419,,20631224,,,20500408,,20541014,,20511102,,,20671101,20480409,20661011,20520108,,,,,20210719,20680621,20590606,,20611115,,,20390811,20580405,20671227,,20661101,20680103,
,,20500623,20460501,,20410501,,20631225,,,20500411,,20541225,,20511116,,,20671226,20480501,20661111,20520223,,,,,20210720,20680907,20590815,,20611230,,,20390919,20580501,20680102,,20661208,20680123,
,,20500624,20460521,,20410516,,20631226,,,20500502,,20550101,,20511225,,,20671227,20480612,20661227,20520308,,,,,20210721,20681012,20590922,,20620125,,,20390923,20580624,20680220,,20661224,20680206,
,,20500930,20460717,,20410815,,20631231,,,20500623,,20550128,,20520101,,,20680102,20480713,20661228,20520501,,,,,20210723,20681102,20590923,,20620206,,,20391010,20580625,20680420,,20670106,20680420,
,,20501003,20460730,,20410830,,20640101,,,20500701,,20550224,,20520201,,,20680126,20480821,20670103,20520508,,,,,20210730,20681115,20591003,,20620207,,,20391103,20581002,20680521,,20670404,20680423,
,,20501004,20460813,,20410927,,20640403,,,20501024,,20550329,,20520202,,,20680312,20480831,20670104,20520509,,,,,20210806,20681120,20591009,,20620324,,,20391123,20581010,20680702,,20670512,20680425,
,,20501005,20461015,,20411002,,20640404,,,20501226,,20550416,,20520213,,,20680420,20480918,20670401,20520510,,,,,20210813,20681225,20591225,,20620421,,,20400102,20581011,20680806,,20670523,20680604,
,,20501006,20461023,,20411024,,20640407,,,20501227,,20550427,,20520501,,,20680423,20481130,20670523,20520612,,,,,20210820,20681231,20600101,,20620501,,,20400103,20590101,20680903,,20670602,20681022,
,,20501007,20461205,,20411108,,20640502,,,20510102,,20550428,,20520513,,,20680425,20481208,20670624,20521104,,,,,20210827,,20600202,,20620525,,,20400109,20590210,20681008,,20670815,20681225,
,,20510102,20461210,,20411205,,20640515,,,20510213,,20550429,,20520516,,,20680611,20481224,20670701,20530101,,,,,20210903,,20600203,,20620907,,,20400223,20590211,20681112,,20671026,20681226,
,,20510210,20461231,,20411225,,20640516,,,20510214,,20550430,,20520530,,,20680928,20481225,20670905,20530102,,,,,20210910,,20600204,,20621012,,,20400320,20590212,20681225,,20671101,,
,,20510213,20470101,,20420103,,20640526,,,20510331,,20550511,,20520531,,,20681106,20481230,20671010,20530103,,,,,20210917,,20600301,,20621102,,,20400430,20590213,20681226,,20671208,,
,,20510214,20470211,,20420218,,20640605,,,20510403,,20550527,,20520805,,,20681225,20481231,20671111,20530106,,,,,20210923,,20600414,,20621115,,,20400503,20590214,,,20671226,,
,,20510215,20470408,,20420219,,20641224,,,20510405,,20550601,,20520826,,,20681226,20490101,20671226,20530107,,,,,20210924,,20600505,,20621120,,,20400504,20590228,,,20680106,,
,,20510216,20470415,,20420305,,20641225,,,20510501,,20550705,,20520916,,,,20490202,20671227,20530108,,,,,20211001,,20600507,,20621225,,,20400716,20590403,,,20680423,,
,,20510405,20470416,,20420307,,20641226,,,20510517,,20550726,,20521021,,,,20490409,20680102,20530310,,,,,20211008,,20600908,,20621229,,,20400917,20590404,,,20680501,,
,,20510501,20470501,,20420401,,20641231,,,20510613,,20550817,,20521104,,,,20490415,20680103,20530501,,,,,20211015,,20600909,,20630101,,,20401008,20590501,,,20680531,,
,,20510612,20470508,,20420403,,20650101,,,20510920,,20551224,,20521225,,,,20490416,20680420,20530502,,,,,20211022,,20600910,,20630125,,,20401123,20590613,,,20680611,,
,,20510613,20470701,,20420404,,20650326,,,20511002,,20560215,,20530101,,,,20490510,20680521,20530509,,,,,20211029,,20610121,,20630226,,,20401231,20590922,,,20680621,,
,,20510918,20470708,,20420414,,20650327,,,20511013,,20560317,,20530203,,,,20490702,20680625,20530612,,,,,20211105,,20610124,,20630227,,,20410101,20591010,,,20680815,,
,,20510919,20470729,,20420501,,20650330,,,20511225,,20560331,,20530219,,,,20490830,20680702,20530613,,,,,20211112,,20610301,,20630413,,,20410102,20600101,,,20681026,,
,,20511002,20470812,,20420505,,20650424,,,20511226,,20560417,,20530220,,,,20490908,20680903,20531103,,,,,20211119,,20610505,,20630501,,,20410103,20600102,,,20681101,,
,,20511003,20471014,,20420811,,20650507,,,20520101,,20560418,,20530501,,,,20491025,20681008,20531104,,,,,20211126,,20610526,,20630614,,,20410114,20600202,,,20681224,,
,,20511004,20471023,,20420815,,20650508,,,20520201,,20560419,,20530506,,,,20491101,20681112,20540101,,,,,20211203,,20610606,,20630709,,,20410211,20600203,,,20681225,,
,,20511005,20471205,,20420916,,20650518,,,20520202,,20560501,,20530519,,,,20491130,20681225,20540102,,,,,20211210,,20610815,,20630907,,,20410320,20600204,,,20681226,,
,,20511006,20471210,,20420918,,20650605,,,20520404,,20560511,,20530520,,,,20491208,20681226,20540105,,,,,20211217,,20610927,,20631012,,,20410429,20600205,,,,,
,,20520101,20471231,,20421002,,20651224,,,20520419,,20560529,,20530815,,,,20491224,,20540106,,,,,20211224,,20610928,,20631102,,,20410503,20600206,,,,,
,,20520131,20480101,,20421024,,20651225,,,20520422,,20560601,,20530901,,,,20491230,,20540107,,,,,20211231,,20610929,,20631115,,,20410506,20600227,,,,,
,,20520201,20480228,,20421112,,20651231,,,20520501,,20560714,,20530916,,,,20491231,,20540108,,,,,20220107,,20611003,,20631120,,,20410715,20600405,,,,,
,,20520202,20480406,,20421113,,20660101,,,20520506,,20560817,,20531024,,,,20500407,,20540109,,,,,20220114,,20620208,,20631225,,,20410812,20600406,,,,,
,,20520205,20480413,,20421124,,20660408,,,20520701,,20560922,,20531110,,,,20500408,,20540223,,,,,20220121,,20620209,,20631231,,,20410916,20600430,,,,,
,,20520206,20480414,,20421127,,20660409,,,20521001,,20561225,,20531225,,,,20500621,,20540309,,,,,20220128,,20620210,,20640101,,,20410923,20600603,,,,,
,,20520404,20480415,,20421225,,20660412,,,20521030,,20561226,,20540101,,,,20500829,,20540501,,,,,20220204,,20620301,,20640125,,,20411014,20600604,,,,,
,,20520405,20480501,,20430126,,20660507,,,20521225,,20570101,,20540202,,,,20501101,,20540504,,,,,20220211,,20620308,,20640218,,,20411104,20600909,,,,,
,,20520501,20480527,,20430219,,20660520,,,20521226,,20570202,,20540209,,,,20501130,,20540511,,,,,20220218,,20620501,,20640219,,,20411231,20600910,,,,,
,,20520603,20480701,,20430223,,20660521,,,20530101,,20570404,,20540210,,,,20501208,,20540612,,,,,20220225,,20620505,,20640404,,,20420101,20601011,,,,,
,,20520909,20480727,,20430309,,20660531,,,20530219,,20570405,,20540501,,,,20501230,,20541104,,,,,20220304,,20620516,,20640421,,,20420102,20601231,,,,,
,,20521001,20480728,,20430326,,20661224,,,20530220,,20570406,,20540511,,,,20510330,,20550101,,,,,20220311,,20620531,,20640501,,,20420103,20610120,,,,,
,,20521002,20480812,,20430327,,20661231,,,20530221,,20570420,,20540522,,,,20510331,,20550104,,,,,20220318,,20620606,,20640605,,,20420113,20610121,,,,,
,,20521003,20481013,,20430401,,20670331,,,20530403,,20570501,,20540716,,,,20510501,,20550105,,,,,20220325,,20620815,,20640709,,,20420211,20610124,,,,,
,,20521004,20481023,,20430410,,20670401,,,20530404,,20570531,,20540805,,,,20510612,,20550106,,,,,20220401,,20620918,,20641120,,,20420224,20610125,,,,,
,,20521007,20481207,,20430414,,20670404,,,20530407,,20570601,,20540831,,,,20510817,,20550107,,,,,20220408,,20620919,,20641225,,,20420320,20610228,,,,,
,,20530101,20481210,,20430417,,20670429,,,20530501,,20570613,,20540916,,,,20510821,,20550108,,,,,20220415,,20621003,,20641231,,,20420429,20610404,,,,,
,,20530218,20481231,,20430421,,20670512,,,20530526,,20570703,,20541014,,,,20510828,,20550222,,,,,20220422,,20621009,,20650101,,,20420505,20610405,,,,,
,,20530219,20490101,,20430501,,20670513,,,20530620,,20570817,,20541030,,,,20511101,,20550223,,,,,20220429,,20621225,,20650209,,,20420506,20610502,,,,,
,,20530220,20490217,,20430811,,20670523,,,20530701,,20570911,,20541225,,,,20511130,,20550308,,,,,20220502,,20630101,,20650210,,,20420721,20610622,,,,,
,,20530221,20490406,,20430907,,20671226,,,20531001,,20571224,,20550101,,,,20511208,,20550503,,,,,20220503,,20630129,,20650327,,,20420811,20610928,,,,,
,,20530224,20490413,,20431002,,20680419,,,20531020,,20571225,,20550128,,,,20511225,,20550504,,,,,20220506,,20630130,,20650421,,,20420915,20611010,,,,,
,,20530404,20490414,,20431013,,20680420,,,20531225,,20580101,,20550129,,,,20520101,,20550510,,,,,20220513,,20630131,,20650501,,,20420923,20620102,,,,,
,,20530501,20490415,,20431102,,20680423,,,20531226,,20580122,,20550201,,,,20520201,,20550614,,,,,20220520,,20630301,,20650528,,,20421013,20620208,,,,,
,,20530502,20490503,,20431113,,20680518,,,20540101,,20580124,,20550210,,,,20520409,,20551104,,,,,20220527,,20630501,,20650709,,,20421103,20620209,,,,,
,,20530620,20490517,,20431116,,20680531,,,20540209,,20580325,,20550415,,,,20520418,,20551105,,,,,20220603,,20630507,,20650907,,,20421124,20620210,,,,,
,,20530926,20490701,,20431225,,20680601,,,20540210,,20580326,,20550428,,,,20520419,,20560103,,,,,20220610,,20630606,,20651012,,,20421231,20620213,,,,,
,,20531001,20490714,,20440126,,20680605,,,20540211,,20580327,,20550429,,,,20520501,,20560104,,,,,20220617,,20630815,,20651102,,,20430101,20620227,,,,,
,,20531002,20490728,,20440212,,20680611,,,20540327,,20580328,,20550511,,,,20520513,,20560105,,,,,20220624,,20631003,,20651120,,,20430102,20620228,,,,,
,,20531003,20490812,,20440219,,20681224,,,20540330,,20580412,,20550705,,,,20520530,,20560106,,,,,20220701,,20631005,,20651225,,,20430112,20620403,,,,,
,,20531006,20491013,,20440314,,20681225,,,20540501,,20580424,,20550726,,,,20520612,,20560107,,,,,20220707,,20631008,,20651231,,,20430211,20620404,,,,,
,,20531007,20491025,,20440330,,20681226,,,20540515,,20580501,,20550831,,,,20520805,,20560110,,,,,20220708,,20631009,,20660101,,,20430223,20620501,,,,,
,,20540101,20491206,,20440401,,20681231,,,20540610,,20580508,,20550916,,,,20520821,,20560223,,,,,20220711,,20631225,,20660125,,,20430429,20620612,,,,,
,,20540102,20491210,,20440406,,,,,20540701,,20580523,,20551004,,,,20520826,,20560308,,,,,20220715,,20640101,,20660222,,,20430504,20620918,,,,,
,,20540209,20491231,,20440414,,,,,20540917,,20581225,,20551019,,,,20521028,,20560501,,,,,20220722,,20640218,,20660223,,,20430505,20621009,,,,,
,,20540210,20500103,,20440415,,,,,20541001,,20581226,,20560201,,,,20521101,,20560508,,,,,20220729,,20640219,,20660409,,,20430506,20621010,,,,,
,,20540211,20500307,,20440511,,,,,20541009,,20590101,,20560202,,,,20521224,,20560509,,,,,20220805,,20640409,,20660421,,,20430720,20630101,,,,,
,,20540212,20500406,,20440810,,,,,20541225,,20590212,,20560215,,,,20521225,,20560612,,,,,20220812,,20640501,,20660610,,,20430811,20630129,,,,,
,,20540213,20500413,,20440815,,,,,20550101,,20590314,,20560216,,,,20521230,,20561106,,,,,20220819,,20640505,,20660709,,,20430921,20630130,,,,,
,,20540406,20500414,,20440825,,,,,20550128,,20590317,,20560403,,,,20521231,,20570101,,,,,20220826,,20640523,,20660907,,,20430922,20630131,,,,,
,,20540501,20500415,,20440826,,,,,20550129,,20590318,,20560417,,,,20530101,,20570102,,,,,20220902,,20640606,,20661012,,,20430923,20630201,,,,,
,,20540610,20500502,,20441020,,,,,20550405,,20590328,,20560418,,,,20530219,,20570103,,,,,20220909,,20640815,,20661102,,,20431012,20630202,,,,,
,,20540916,20500606,,20441021,,,,,20550416,,20590414,,20560501,,,,20530403,,20570104,,,,,20220916,,20640924,,20661115,,,20431103,20630228,,,,,
,,20541001,20500701,,20441101,,,,,20550419,,20590501,,20560529,,,,20530404,,20570105,,,,,20220922,,20640925,,20661231,,,20431123,20630404,,,,,
,,20541002,20500728,,20441201,,,,,20550504,,20590508,,20560714,,,,20530409,,20570108,,,,,20220923,,20640926,,20670125,,,20431231,20630405,,,,,
,,20541005,20500802,,20450126,,,,,20550531,,20590522,,20560831,,,,20530501,,20570223,,,,,20220930,,20641003,,20670214,,,20440101,20630406,,,,,
,,20541006,20500812,,20450131,,,,,20550701,,20590527,,20560922,,,,20530520,,20570308,,,,,20221007,,20641009,,20670215,,,20440111,20630501,,,,,
,,20541007,20501013,,20450215,,,,,20551001,,20590612,,20561106,,,,20530612,,20570309,,,,,20221014,,20641225,,20670401,,,20440211,20630601,,,,,
,,20550101,20501024,,20450303,,,,,20551006,,20590821,,20561225,,,,20530725,,20570430,,,,,20221021,,20650101,,20670421,,,20440223,20631005,,,,,
,,20550127,20501205,,20450327,,,,,20551028,,20591225,,20570101,,,,20530821,,20570501,,,,,20221028,,20650204,,20670602,,,20440321,20631010,,,,,
,,20550128,20501212,,20450331,,,,,20551227,,20591226,,20570122,,,,20530825,,20570509,,,,,20221104,,20650205,,20670907,,,20440429,20631231,,,,,
,,20550129,20510102,,20450407,,,,,20560215,,20600101,,20570201,,,,20531208,,20570611,,,,,20221111,,20650206,,20671012,,,20440503,20640101,,,,,
,,20550201,20510227,,20450414,,,,,20560216,,20600202,,20570205,,,,20531224,,20570612,,,,,20221118,,20650501,,20671102,,,20440504,20640215,,,,,
,,20550202,20510406,,20450501,,,,,20560217,,20600303,,20570206,,,,20531225,,20571105,,,,,20221125,,20650505,,20671115,,,20440505,20640218,,,,,
,,20550405,20510413,,20450810,,,,,20560331,,20600304,,20570323,,,,20531226,,20580101,,,,,20221202,,20650512,,20671230,,,20440718,20640219,,,,,
,,20550503,20510414,,20450815,,,,,20560403,,20600305,,20570405,,,,20531230,,20580102,,,,,20221209,,20650914,,20680125,,,20440811,20640220,,,,,
,,20550531,20510501,,20450914,,,,,20560404,,20600401,,20570406,,,,20531231,,20580103,,,,,20221216,,20650915,,20680305,,,20440919,20640228,,,,,
,,20551001,20510524,,20451002,,,,,20560501,,20600416,,20570501,,,,20540101,,20580104,,,,,20221223,,20650916,,20680306,,,20440922,20640229,,,,,
,,20551004,20510724,,20451020,,,,,20560522,,20600510,,20570518,,,,20540102,,20580107,,,,,20221230,,20651009,,20680420,,,20441010,20640403,,,,,
,,20551005,20510728,,20451108,,,,,20560925,,20600511,,20570613,,,,20540326,,20580108,,,,,20230106,,20651225,,20680501,,,20441103,20640404,,,,,
,,20551006,20510814,,20451109,,,,,20561002,,20600527,,20570703,,,,20540327,,20580308,,,,,20230113,,20660101,,20680621,,,20441123,20640501,,,,,
,,20551007,20511013,,20451120,,,,,20561017,,20600531,,20570831,,,,20540409,,20580501,,,,,20230120,,20660125,,20680709,,,20450102,20640619,,,,,
,,20551008,20511023,,20451124,,,,,20561225,,20600601,,20570911,,,,20540501,,20580502,,,,,20230127,,20660126,,20680907,,,20450103,20640620,,,,,
,,20560103,20511205,,20451225,,,,,20561226,,20600809,,20570917,,,,20540511,,20580503,,,,,20230203,,20660127,,20681012,,,20450109,20640925,,,,,
,,20560214,20511211,,20460126,,,,,20570101,,20600817,,20571225,,,,20540612,,20580509,,,,,20230210,,20660301,,20681102,,,20450223,20640926,,,,,
,,20560215,20520101,,20460219,,,,,20570205,,20601220,,20580101,,,,20540715,,20580510,,,,,20230217,,20660505,,20681115,,,20450320,20641010,,,,,
,,20560216,20520102,,20460305,,,,,20570206,,20601224,,20580124,,,,20540821,,20580612,,,,,20230224,,20660602,,20681120,,,20450503,20650101,,,,,
,,20560217,20520214,,20460322,,,,,20570207,,20610121,,20580125,,,,20540831,,20581104,,,,,20230303,,20661004,,20681225,,,20450504,20650102,,,,,
,,20560218,20520408,,20460323,,,,,20570404,,20610221,,20580201,,,,20541130,,20590101,,,,,20230310,,20661005,,20681231,,,20450505,20650204,,,,,
,,20560403,20520415,,20460402,,,,,20570420,,20610222,,20580207,,,,20541208,,20590102,,,,,20230317,,20670214,,,,,20450717,20650205,,,,,
,,20560404,20520416,,20460419,,,,,20570423,,20610223,,20580312,,,,20541224,,20590103,,,,,20230324,,20670215,,,,,20450811,20650206,,,,,
,,20560501,20520501,,20460501,,,,,20570501,,20610224,,20580326,,,,20541225,,20590106,,,,,20230331,,20670216,,,,,20450918,20650209,,,,,
,,20560619,20520513,,20460810,,,,,20570511,,20610408,,20580327,,,,20541230,,20590107,,,,,20230407,,20670301,,,,,20450922,20650227,,,,,
,,20560925,20520701,,20460815,,,,,20570606,,20610420,,20580501,,,,20541231,,20590108,,,,,20230414,,20670309,,,,,20451009,20650402,,,,,
,,20561002,20520711,,20460903,,,,,20570702,,20610504,,20580507,,,,20550101,,20590310,,,,,20230420,,20670505,,,,,20451103,20650403,,,,,
,,20561003,20520729,,20461002,,,,,20570914,,20610519,,20580603,,,,20550128,,20590501,,,,,20230421,,20670520,,,,,20451123,20650501,,,,,
,,20561004,20520812,,20461008,,,,,20571001,,20610601,,20580916,,,,20550409,,20590502,,,,,20230424,,20670606,,,,,20460101,20650608,,,,,
,,20561005,20521014,,20461011,,,,,20571225,,20610729,,20581115,,,,20550415,,20590509,,,,,20230428,,20670815,,,,,20460102,20650914,,,,,
,,20561006,20521023,,20461029,,,,,20571226,,20610817,,20581225,,,,20550416,,20590612,,,,,20230505,,20670922,,,,,20460103,20650915,,,,,
,,20570101,20521205,,20461030,,,,,20580101,,20611226,,20590101,,,,20550429,,20590613,,,,,20230512,,20670923,,,,,20460108,20651009,,,,,
,,20570205,20521210,,20461109,,,,,20580124,,20620209,,20590128,,,,20550510,,20591103,,,,,20230519,,20671003,,,,,20460212,20660101,,,,,
,,20570206,20521231,,20461113,,,,,20580125,,20620210,,20590212,,,,20550705,,20591104,,,,,20230526,,20680202,,,,,20460223,20660125,,,,,
,,20570207,20530101,,20461225,,,,,20580404,,20620213,,20590213,,,,20550830,,20600101,,,,,20230602,,20680203,,,,,20460320,20660126,,,,,
,,20570208,20530304,,20470109,,,,,20580412,,20620214,,20590303,,,,20551025,,20600102,,,,,20230609,,20680301,,,,,20460430,20660127,,,,,
,,20570209,20530407,,20470219,,,,,20580415,,20620324,,20590317,,,,20551101,,20600105,,,,,20230616,,20680411,,,,,20460503,20660128,,,,,
,,20570404,20530414,,20470222,,,,,20580430,,20620410,,20590501,,,,20551130,,20600106,,,,,20230623,,20680501,,,,,20460504,20660129,,,,,
,,20570430,20530415,,20470312,,,,,20580501,,20620420,,20590522,,,,20551208,,20600107,,,,,20230627,,20680507,,,,,20460716,20660301,,,,,
,,20570501,20530501,,20470327,,,,,20580625,,20620501,,20590526,,,,20551224,,20600108,,,,,20230628,,20680509,,,,,20460917,20660405,,,,,
,,20570606,20530602,,20470401,,,,,20580701,,20620504,,20590612,,,,20551230,,20600109,,,,,20230629,,20680606,,,,,20460924,20660406,,,,,
,,20570913,20530701,,20470404,,,,,20581001,,20620511,,20590820,,,,20551231,,20600223,,,,,20230630,,20680815,,,,,20461008,20660430,,,,,
,,20570914,20530728,,20470408,,,,,20581003,,20620523,,20590901,,,,20560215,,20600308,,,,,20230707,,20680910,,,,,20461123,20660528,,,,,
,,20571001,20530730,,20470412,,,,,20581025,,20620601,,20590916,,,,20560330,,20600503,,,,,20230714,,20680911,,,,,20461231,20661004,,,,,
,,20571002,20530812,,20470501,,,,,20581225,,20620719,,20591104,,,,20560331,,20600504,,,,,20230721,,20680912,,,,,20470101,20661011,,,,,
,,20571003,20531013,,20470509,,,,,20581226,,20620817,,20591225,,,,20560417,,20600510,,,,,20230728,,20681003,,,,,20470102,20661231,,,,,
,,20571004,20531023,,20470725,,,,,20590101,,20621129,,20600101,,,,20560501,,20600614,,,,,20230804,,20681009,,,,,20470103,20670214,,,,,
,,20571005,20531205,,20470815,,,,,20590212,,20621225,,20600119,,,,20560612,,20601104,,,,,20230811,,20681225,,,,,20470114,20670215,,,,,
,,20571231,20531210,,20471001,,,,,20590213,,20621226,,20600202,,,,20560623,,20601105,,,,,20230818,,,,,,,20470211,20670216,,,,,
,,20580101,20531231,,20471002,,,,,20590214,,20630101,,20600203,,,,20560821,,20610103,,,,,20230825,,,,,,,20470321,20670217,,,,,
,,20580123,20540101,,20471018,,,,,20590328,,20630129,,20600204,,,,20560828,,20610104,,,,,20230901,,,,,,,20470429,20670218,,,,,
,,20580124,20540102,,20471030,,,,,20590331,,20630130,,20600219,,,,20561101,,20610105,,,,,20230908,,,,,,,20470503,20670228,,,,,
,,20580125,20540223,,20471225,,,,,20590501,,20630131,,20600304,,,,20561130,,20610106,,,,,20230915,,,,,,,20470506,20670404,,,,,
,,20580128,20540406,,20480212,,,,,20590519,,20630201,,20600305,,,,20561208,,20610107,,,,,20230922,,,,,,,20470715,20670405,,,,,
,,20580129,20540413,,20480219,,,,,20590701,,20630202,,20600511,,,,20561225,,20610110,,,,,20230929,,,,,,,20470812,20670502,,,,,
,,20580404,20540414,,20480401,,,,,20590922,,20630330,,20600514,,,,20570101,,20610223,,,,,20231006,,,,,,,20470916,20670616,,,,,
,,20580405,20540415,,20480403,,,,,20591001,,20630409,,20600531,,,,20570406,,20610307,,,,,20231013,,,,,,,20470923,20670617,,,,,
,,20580501,20540501,,20480414,,,,,20591014,,20630413,,20600809,,,,20570409,,20610308,,,,,20231020,,,,,,,20471014,20670923,,,,,
,,20580624,20540521,,20480422,,,,,20591225,,20630430,,20600831,,,,20570419,,20610502,,,,,20231027,,,,,,,20471104,20671010,,,,,
,,20580625,20540701,,20480501,,,,,20591226,,20630501,,20600916,,,,20570420,,20610503,,,,,20231103,,,,,,,20471231,20680102,,,,,
,,20581001,20540720,,20480527,,,,,20600101,,20630524,,20610121,,,,20570501,,20610509,,,,,20231110,,,,,,,20480101,20680202,,,,,
,,20581002,20540728,,20480713,,,,,20600202,,20630601,,20610201,,,,20570612,,20610613,,,,,20231117,,,,,,,20480102,20680203,,,,,
,,20581003,20540812,,20480911,,,,,20600203,,20630709,,20610204,,,,20570821,,20611104,,,,,20231124,,,,,,,20480103,20680206,,,,,
,,20581004,20541013,,20481002,,,,,20600204,,20630817,,20610208,,,,20570827,,20620102,,,,,20231201,,,,,,,20480113,20680207,,,,,
,,20581007,20541023,,20481016,,,,,20600405,,20631224,,20610221,,,,20571101,,20620103,,,,,20231208,,,,,,,20480211,20680227,,,,,
,,20581008,20541207,,20481019,,,,,20600416,,20631225,,20610222,,,,20571130,,20620104,,,,,20231215,,,,,,,20480224,20680228,,,,,
,,20590101,20541210,,20481105,,,,,20600419,,20640101,,20610502,,,,20571224,,20620105,,,,,20231222,,,,,,,20480320,20680403,,,,,
,,20590211,20541231,,20481120,,,,,20600507,,20640121,,20610504,,,,20571225,,20620106,,,,,20231229,,,,,,,20480429,20680404,,,,,
,,20590212,20550101,,20481218,,,,,20600603,,20640122,,20610729,,,,20571231,,20620223,,,,,20240105,,,,,,,20480504,20680501,,,,,
,,20590213,20550211,,20481225,,,,,20600701,,20640123,,20610831,,,,20580101,,20620224,,,,,20240112,,,,,,,20480505,20680604,,,,,
,,20590214,20550406,,20490126,,,,,20600910,,20640328,,20610916,,,,20580124,,20620308,,,,,20240119,,,,,,,20480506,20680910,,,,,
,,20590217,20550413,,20490219,,,,,20601001,,20640404,,20611111,,,,20580326,,20620501,,,,,20240126,,,,,,,20480720,20680911,,,,,
,,20590407,20550414,,20490302,,,,,20601227,,20640417,,20611226,,,,20580409,,20620508,,,,,20240202,,,,,,,20480811,20681010,,,,,
,,20590501,20550415,,20490401,,,,,20610121,,20640418,,20620102,,,,20580411,,20620509,,,,,20240209,,,,,,,20480921,20681231,,,,,
,,20590502,20550503,,20490414,,,,,20610124,,20640501,,20620125,,,,20580412,,20620612,,,,,20240216,,,,,,,20480922,,,,,,
,,20590616,20550510,,20490416,,,,,20610404,,20640515,,20620201,,,,20580501,,20621106,,,,,20240223,,,,,,,20481012,,,,,,
,,20590922,20550701,,20490517,,,,,20610408,,20640530,,20620209,,,,20580513,,20630101,,,,,20240301,,,,,,,20481103,,,,,,
,,20591001,20550708,,20490702,,,,,20610411,,20640627,,20620210,,,,20580531,,20630102,,,,,20240308,,,,,,,20481123,,,,,,
,,20591002,20550728,,20490809,,,,,20610502,,20641107,,20620213,,,,20580612,,20630103,,,,,20240315,,,,,,,20481231,,,,,,
,,20591003,20550812,,20490901,,,,,20610526,,20641225,,20620420,,,,20580821,,20630104,,,,,20240322,,,,,,,20490101,,,,,,
,,20591006,20551013,,20490908,,,,,20610622,,20641226,,20620501,,,,20580826,,20630105,,,,,20240329,,,,,,,20490111,,,,,,
,,20591007,20551025,,20491006,,,,,20610701,,20650101,,20620510,,,,20581028,,20630108,,,,,20240405,,,,,,,20490211,,,,,,
,,20600101,20551206,,20491008,,,,,20610929,,20650107,,20620523,,,,20581101,,20630223,,,,,20240409,,,,,,,20490223,,,,,,
,,20600102,20551210,,20491026,,,,,20611021,,20650108,,20620719,,,,20581224,,20630308,,,,,20240410,,,,,,,20490429,,,,,,
,,20600202,20551231,,20491027,,,,,20611226,,20650109,,20620831,,,,20581225,,20630309,,,,,20240411,,,,,,,20490503,,,,,,
,,20600203,20560103,,20491109,,,,,20611227,,20650205,,20621031,,,,20581230,,20630430,,,,,20240412,,,,,,,20490504,,,,,,
,,20600204,20560229,,20491208,,,,,20620102,,20650316,,20621225,,,,20581231,,20630501,,,,,20240419,,,,,,,20490505,,,,,,
,,20600205,20560406,,20500126,,,,,20620209,,20650317,,20630101,,,,20590101,,20630509,,,,,20240426,,,,,,,20490719,,,,,,
,,20600206,20560413,,20500309,,,,,20620210,,20650327,,20630117,,,,20590212,,20630611,,,,,20240503,,,,,,,20490811,,,,,,
,,20600405,20560414,,20500323,,,,,20620324,,20650406,,20630129,,,,20590317,,20630612,,,,,20240510,,,,,,,20490920,,,,,,
,,20600503,20560501,,20500331,,,,,20620327,,20650407,,20630130,,,,20590327,,20631105,,,,,20240517,,,,,,,20490921,,,,,,
,,20600603,20560529,,20500401,,,,,20620404,,20650501,,20630131,,,,20590328,,20640101,,,,,20240524,,,,,,,20490922,,,,,,
,,20600604,20560727,,20500404,,,,,20620501,,20650507,,20630201,,,,20590409,,20640102,,,,,20240531,,,,,,,20491011,,,,,,
,,20600909,20560728,,20500408,,,,,20620516,,20650520,,20630202,,,,20590501,,20640103,,,,,20240607,,,,,,,20491103,,,,,,
,,20600910,20560814,,20500414,,,,,20620612,,20650601,,20630212,,,,20590522,,20640104,,,,,20240613,,,,,,,20491123,,,,,,
,,20601001,20561013,,20500506,,,,,20620918,,20650617,,20630409,,,,20590612,,20640107,,,,,20240614,,,,,,,20491231,,,,,,
,,20601004,20561023,,20500621,,,,,20621002,,20650817,,20630430,,,,20590821,,20640108,,,,,20240617,,,,,,,20500103,,,,,,
,,20601005,20561205,,20500809,,,,,20621011,,20651027,,20630501,,,,20590825,,20640310,,,,,20240621,,,,,,,20500110,,,,,,
,,20601006,20561211,,20500815,,,,,20621225,,20651225,,20630709,,,,20591208,,20640501,,,,,20240628,,,,,,,20500211,,,,,,
,,20601007,20570101,,20500920,,,,,20621226,,20651228,,20630831,,,,20591224,,20640502,,,,,20240705,,,,,,,20500223,,,,,,
,,20610103,20570102,,20500927,,,,,20630101,,20651229,,20630917,,,,20591225,,20640509,,,,,20240712,,,,,,,20500321,,,,,,
,,20610120,20570219,,20501025,,,,,20630129,,20651230,,20631022,,,,20591226,,20640612,,,,,20240719,,,,,,,20500429,,,,,,
,,20610121,20570406,,20501115,,,,,20630130,,20651231,,20631225,,,,20591230,,20640613,,,,,20240726,,,,,,,20500503,,,,,,
,,20610124,20570413,,20501128,,,,,20630131,,20660101,,20640101,,,,20591231,,20641103,,,,,20240802,,,,,,,20500504,,,,,,
,,20610125,20570416,,20510126,,,,,20630405,,20660126,,20640107,,,,20600101,,20641104,,,,,20240809,,,,,,,20500505,,,,,,
,,20610126,20570501,,20510327,,,,,20630413,,20660409,,20640121,,,,20600102,,20650101,,,,,20240816,,,,,,,20500718,,,,,,
,,20610404,20570518,,20510331,,,,,20630416,,20660426,,20640122,,,,20600202,,20650102,,,,,20240823,,,,,,,20500811,,,,,,
,,20610502,20570716,,20510411,,,,,20630501,,20660510,,20640201,,,,20600305,,20650105,,,,,20240830,,,,,,,20500919,,,,,,
,,20610622,20570730,,20510414,,,,,20630601,,20660520,,20640218,,,,20600409,,20650106,,,,,20240906,,,,,,,20500923,,,,,,
,,20610928,20570813,,20510419,,,,,20630702,,20660601,,20640219,,,,20600415,,20650107,,,,,20240913,,,,,,,20501010,,,,,,
,,20611003,20571015,,20510501,,,,,20631001,,20660817,,20640328,,,,20600416,,20650108,,,,,20240920,,,,,,,20501103,,,,,,
,,20611004,20571023,,20510525,,,,,20631030,,20661217,,20640418,,,,20600510,,20650109,,,,,20240923,,,,,,,20501123,,,,,,
,,20611005,20571205,,20510809,,,,,20631225,,20661220,,20640501,,,,20600830,,20650223,,,,,20240927,,,,,,,20510102,,,,,,
,,20611006,20571210,,20510815,,,,,20631226,,20661221,,20640502,,,,20601101,,20650309,,,,,20241004,,,,,,,20510103,,,,,,
,,20611007,20571231,,20510818,,,,,20640101,,20661224,,20640627,,,,20601130,,20650501,,,,,20241011,,,,,,,20510109,,,,,,
,,20620102,20580101,,20511002,,,,,20640218,,20670214,,20640901,,,,20601208,,20650504,,,,,20241018,,,,,,,20510223,,,,,,
,,20620208,20580208,,20511103,,,,,20640219,,20670224,,20640916,,,,20601224,,20650511,,,,,20241025,,,,,,,20510321,,,,,,
,,20620209,20580408,,20511117,,,,,20640220,,20670317,,20641225,,,,20601230,,20650612,,,,,20241101,,,,,,,20510503,,,,,,
,,20620210,20580415,,20511225,,,,,20640403,,20670401,,20641226,,,,20601231,,20651104,,,,,20241108,,,,,,,20510504,,,,,,
,,20620213,20580416,,20520126,,,,,20640404,,20670415,,20650101,,,,20610121,,20660101,,,,,20241115,,,,,,,20510505,,,,,,
,,20620214,20580501,,20520219,,,,,20640407,,20670512,,20650108,,,,20610222,,20660104,,,,,20241122,,,,,,,20510717,,,,,,
,,20620403,20580507,,20520228,,,,,20640501,,20670526,,20650109,,,,20610407,,20660105,,,,,20241129,,,,,,,20510811,,,,,,
,,20620404,20580701,,20520315,,,,,20640523,,20670601,,20650122,,,,20610408,,20660106,,,,,20241206,,,,,,,20510918,,,,,,
,,20620501,20580705,,20520401,,,,,20640619,,20670817,,20650202,,,,20610429,,20660107,,,,,20241213,,,,,,,20511009,,,,,,
,,20620612,20580729,,20520411,,,,,20640701,,20671006,,20650205,,,,20610509,,20660108,,,,,20241220,,,,,,,20511103,,,,,,
,,20620918,20580812,,20520419,,,,,20640926,,20671207,,20650206,,,,20610829,,20660222,,,,,20241227,,,,,,,20511123,,,,,,
,,20621002,20581014,,20520501,,,,,20641001,,20671208,,20650317,,,,20611031,,20660223,,,,,20250103,,,,,,,20520101,,,,,,
,,20621003,20581023,,20520513,,,,,20641225,,20671209,,20650407,,,,20611101,,20660308,,,,,20250110,,,,,,,20520102,,,,,,
,,20621004,20581205,,20520530,,,,,20641226,,20671226,,20650501,,,,20611130,,20660503,,,,,20250117,,,,,,,20520103,,,,,,
,,20621005,20581210,,20520806,,,,,20650101,,20680203,,20650519,,,,20611208,,20660504,,,,,20250124,,,,,,,20520108,,,,,,
,,20621006,20581231,,20520808,,,,,20650205,,20680213,,20650616,,,,20611230,,20660510,,,,,20250131,,,,,,,20520212,,,,,,
,,20630101,20590101,,20520815,,,,,20650206,,20680214,,20650831,,,,20620209,,20660614,,,,,20250207,,,,,,,20520223,,,,,,
,,20630129,20590226,,20520828,,,,,20650327,,20680305,,20650916,,,,20620210,,20661104,,,,,20250214,,,,,,,20520320,,,,,,
,,20630130,20590407,,20520904,,,,,20650330,,20680403,,20651028,,,,20620323,,20661105,,,,,20250221,,,,,,,20520429,,,,,,
,,20630131,20590414,,20521002,,,,,20650501,,20680420,,20651215,,,,20620324,,20670103,,,,,20250228,,,,,,,20520503,,,,,,
,,20630201,20590415,,20521003,,,,,20650512,,20680501,,20651225,,,,20620420,,20670104,,,,,20250307,,,,,,,20520506,,,,,,
,,20630202,20590501,,20521022,,,,,20650608,,20680514,,20651229,,,,20620501,,20670105,,,,,20250314,,,,,,,20520715,,,,,,
,,20630405,20590526,,20521023,,,,,20650701,,20680517,,20651230,,,,20620612,,20670106,,,,,20250321,,,,,,,20520812,,,,,,
,,20630406,20590701,,20521105,,,,,20650916,,20680531,,20660101,,,,20620821,,20670107,,,,,20250327,,,,,,,20520916,,,,,,
,,20630430,20590724,,20521106,,,,,20651001,,20680601,,20660126,,,,20620828,,20670110,,,,,20250328,,,,,,,20520923,,,,,,
,,20630501,20590728,,20521225,,,,,20651008,,20680817,,20660127,,,,20621101,,20670223,,,,,20250331,,,,,,,20521014,,,,,,
,,20630601,20590812,,20530219,,,,,20651225,,20680924,,20660201,,,,20621130,,20670307,,,,,20250404,,,,,,,20521104,,,,,,
,,20631001,20591013,,20530305,,,,,20660101,,20681126,,20660209,,,,20621208,,20670308,,,,,20250411,,,,,,,20521231,,,,,,
,,20631002,20591023,,20530321,,,,,20660126,,20681127,,20660308,,,,20621225,,20670502,,,,,20250418,,,,,,,20530101,,,,,,
,,20631003,20591205,,20530328,,,,,20660127,,20681128,,20660607,,,,20630101,,20670503,,,,,20250425,,,,,,,20530102,,,,,,
,,20631004,20591210,,20530401,,,,,20660128,,20681129,,20660831,,,,20630129,,20670509,,,,,20250502,,,,,,,20530103,,,,,,
,,20631005,20591231,,20530402,,,,,20660405,,20681224,,20660916,,,,20630131,,20670613,,,,,20250509,,,,,,,20530113,,,,,,
,,20631008,20600101,,20530404,,,,,20660409,,20681225,,20661018,,,,20630409,,20671104,,,,,20250516,,,,,,,20530211,,,,,,
,,20631231,20600102,,20530414,,,,,20660412,,,,20661206,,,,20630412,,20680102,,,,,20250523,,,,,,,20530224,,,,,,
,,20640101,20600216,,20530501,,,,,20660503,,,,20661220,,,,20630413,,20680103,,,,,20250530,,,,,,,20530320,,,,,,
,,20640218,20600406,,20530502,,,,,20660528,,,,20670131,,,,20630501,,20680104,,,,,20250605,,,,,,,20530429,,,,,,
,,20640219,20600413,,20530520,,,,,20660701,,,,20670201,,,,20630612,,20680105,,,,,20250606,,,,,,,20530505,,,,,,
,,20640220,20600414,,20530808,,,,,20661001,,,,20670214,,,,20630821,,20680106,,,,,20250609,,,,,,,20530506,,,,,,
,,20640221,20600415,,20530815,,,,,20661004,,,,20670215,,,,20630827,,20680223,,,,,20250613,,,,,,,20530721,,,,,,
,,20640222,20600503,,20530825,,,,,20661027,,,,20670224,,,,20631101,,20680224,,,,,20250620,,,,,,,20530811,,,,,,
,,20640404,20600514,,20530915,,,,,20661227,,,,20670317,,,,20631130,,20680308,,,,,20250627,,,,,,,20530915,,,,,,
,,20640501,20600701,,20531002,,,,,20670214,,,,20670502,,,,20631224,,20680309,,,,,20250704,,,,,,,20530922,,,,,,
,,20640502,20600712,,20531021,,,,,20670215,,,,20670526,,,,20631225,,20680430,,,,,20250711,,,,,,,20531013,,,,,,
,,20640619,20600728,,20531111,,,,,20670216,,,,20670527,,,,20631231,,20680501,,,,,20250718,,,,,,,20531103,,,,,,
,,20640620,20600812,,20531125,,,,,20670401,,,,20670831,,,,20640101,,20680509,,,,,20250725,,,,,,,20531124,,,,,,
,,20640925,20601013,,20531225,,,,,20670404,,,,20670916,,,,20640121,,20680611,,,,,20250801,,,,,,,20531231,,,,,,
,,20641001,20601025,,20540126,,,,,20670405,,,,20671107,,,,20640328,,20680612,,,,,20250808,,,,,,,20540101,,,,,,
,,20641002,20601206,,20540219,,,,,20670502,,,,20671124,,,,20640403,,20681105,,,,,20250815,,,,,,,20540102,,,,,,
,,20641003,20601210,,20540324,,,,,20670520,,,,20671208,,,,20640404,,,,,,,20250822,,,,,,,20540112,,,,,,
,,20641006,20601231,,20540327,,,,,20670616,,,,20671209,,,,20640409,,,,,,,20250829,,,,,,,20540211,,,,,,
,,20641007,20610103,,20540401,,,,,20670701,,,,20671226,,,,20640501,,,,,,,20250905,,,,,,,20540223,,,,,,
,,20650101,20610307,,20540409,,,,,20671017,,,,20680102,,,,20640512,,,,,,,20250912,,,,,,,20540320,,,,,,
,,20650102,20610406,,20540414,,,,,20671226,,,,20680120,,,,20640612,,,,,,,20250919,,,,,,,20540429,,,,,,
,,20650204,20610413,,20540416,,,,,20671227,,,,20680201,,,,20640821,,,,,,,20250923,,,,,,,20540504,,,,,,
,,20650205,20610414,,20540420,,,,,20680102,,,,20680203,,,,20640825,,,,,,,20250926,,,,,,,20540505,,,,,,
,,20650206,20610415,,20540501,,,,,20680203,,,,20680214,,,,20641027,,,,,,,20251003,,,,,,,20540506,,,,,,
,,20650209,20610502,,20540521,,,,,20680206,,,,20680305,,,,20641208,,,,,,,20251010,,,,,,,20540720,,,,,,
,,20650210,20610602,,20540716,,,,,20680404,,,,20680501,,,,20641224,,,,,,,20251017,,,,,,,20540811,,,,,,
,,20650406,20610701,,20541002,,,,,20680420,,,,20680514,,,,20641225,,,,,,,20251024,,,,,,,20540921,,,,,,
,,20650501,20610728,,20541014,,,,,20680423,,,,20680516,,,,20641226,,,,,,,20251031,,,,,,,20540922,,,,,,
,,20650608,20610801,,20541030,,,,,20680501,,,,20680831,,,,20641230,,,,,,,20251107,,,,,,,20540923,,,,,,
,,20650914,20610812,,20541225,,,,,20680509,,,,20680917,,,,20641231,,,,,,,20251114,,,,,,,20541012,,,,,,
,,20650915,20611013,,20550126,,,,,20680604,,,,20681025,,,,20650101,,,,,,,20251121,,,,,,,20541103,,,,,,
,,20651001,20611024,,20550219,,,,,20680702,,,,20681113,,,,20650102,,,,,,,20251128,,,,,,,20541123,,,,,,
,,20651002,20611205,,20550224,,,,,20680912,,,,20681126,,,,20650109,,,,,,,20251205,,,,,,,20541231,,,,,,
,,20651005,20611212,,20550329,,,,,20681001,,,,20681127,,,,20650205,,,,,,,20251212,,,,,,,20550101,,,,,,
,,20651006,20620102,,20550401,,,,,20681004,,,,20681225,,,,20650317,,,,,,,20251219,,,,,,,20550111,,,,,,
,,20651007,20620224,,20550406,,,,,20681225,,,,,,,,20650326,,,,,,,20251226,,,,,,,20550211,,,,,,
,,20660101,20620406,,20550414,,,,,20681226,,,,,,,,20650327,,,,,,,20260102,,,,,,,20550223,,,,,,
,,20660125,20620413,,20550416,,,,,,,,,,,,,20650409,,,,,,,20260109,,,,,,,20550322,,,,,,
,,20660126,20620414,,20550429,,,,,,,,,,,,,20650501,,,,,,,20260116,,,,,,,20550429,,,,,,
,,20660127,20620501,,20550511,,,,,,,,,,,,,20650612,,,,,,,20260123,,,,,,,20550503,,,,,,
,,20660128,20620523,,20550706,,,,,,,,,,,,,20650821,,,,,,,20260130,,,,,,,20550504,,,,,,
,,20660129,20620721,,20550804,,,,,,,,,,,,,20650831,,,,,,,20260206,,,,,,,20550505,,,,,,
,,20660405,20620728,,20550825,,,,,,,,,,,,,20651130,,,,,,,20260213,,,,,,,20550719,,,,,,
,,20660503,20620814,,20550929,,,,,,,,,,,,,20651208,,,,,,,20260220,,,,,,,20550811,,,,,,
,,20660528,20621013,,20551004,,,,,,,,,,,,,20651224,,,,,,,20260227,,,,,,,20550920,,,,,,
,,20661001,20621023,,20551020,,,,,,,,,,,,,20651225,,,,,,,20260306,,,,,,,20550923,,,,,,
,,20661004,20621205,,20551021,,,,,,,,,,,,,20651229,,,,,,,20260313,,,,,,,20551011,,,,,,
,,20661005,20621211,,20551104,,,,,,,,,,,,,20651230,,,,,,,20260319,,,,,,,20551103,,,,,,
,,20661006,20630101,,20560126,,,,,,,,,,,,,20651231,,,,,,,20260320,,,,,,,20551123,,,,,,
,,20661007,20630102,,20560302,,,,,,,,,,,,,20660101,,,,,,,20260323,,,,,,,20551231,,,,,,
,,20661008,20630213,,20560317,,,,,,,,,,,,,20660126,,,,,,,20260327,,,,,,,20560103,,,,,,
,,20670103,20630406,,20560329,,,,,,,,,,,,,20660305,,,,,,,20260403,,,,,,,20560110,,,,,,
,,20670214,20630413,,20560331,,,,,,,,,,,,,20660407,,,,,,,20260410,,,,,,,20560211,,,,,,
,,20670215,20630416,,20560414,,,,,,,,,,,,,20660408,,,,,,,20260417,,,,,,,20560223,,,,,,
,,20670216,20630501,,20560417,,,,,,,,,,,,,20660409,,,,,,,20260424,,,,,,,20560320,,,,,,
,,20670217,20630514,,20560501,,,,,,,,,,,,,20660830,,,,,,,20260501,,,,,,,20560503,,,,,,
,,20670218,20630710,,20560529,,,,,,,,,,,,,20661101,,,,,,,20260508,,,,,,,20560504,,,,,,
,,20670404,20630730,,20560724,,,,,,,,,,,,,20661130,,,,,,,20260515,,,,,,,20560505,,,,,,
,,20670405,20630813,,20560807,,,,,,,,,,,,,20661208,,,,,,,20260522,,,,,,,20560717,,,,,,
,,20670502,20631015,,20560815,,,,,,,,,,,,,20661220,,,,,,,20260526,,,,,,,20560811,,,,,,
,,20670616,20631023,,20560913,,,,,,,,,,,,,20661224,,,,,,,20260527,,,,,,,20560918,,,,,,
,,20670617,20631205,,20561002,,,,,,,,,,,,,20661230,,,,,,,20260528,,,,,,,20560922,,,,,,
,,20670923,20631210,,20561017,,,,,,,,,,,,,20661231,,,,,,,20260529,,,,,,,20561009,,,,,,
,,20671003,20631231,,20561107,,,,,,,,,,,,,20670214,,,,,,,20260605,,,,,,,20561103,,,,,,
,,20671004,20640101,,20561108,,,,,,,,,,,,,20670224,,,,,,,20260612,,,,,,,20561123,,,,,,
,,20671005,20640303,,20561122,,,,,,,,,,,,,20670331,,,,,,,20260619,,,,,,,20570101,,,,,,
,,20671006,20640407,,20561225,,,,,,,,,,,,,20670401,,,,,,,20260626,,,,,,,20570102,,,,,,
,,20671007,20640414,,20570126,,,,,,,,,,,,,20670509,,,,,,,20260703,,,,,,,20570103,,,,,,
,,20680102,20640415,,20570219,,,,,,,,,,,,,20670829,,,,,,,20260710,,,,,,,20570108,,,,,,
,,20680202,20640501,,20570321,,,,,,,,,,,,,20671031,,,,,,,20260717,,,,,,,20570212,,,,,,
,,20680203,20640530,,20570402,,,,,,,,,,,,,20671101,,,,,,,20260724,,,,,,,20570223,,,,,,
,,20680206,20640701,,20570405,,,,,,,,,,,,,20671130,,,,,,,20260731,,,,,,,20570320,,,,,,
,,20680207,20640728,,20570406,,,,,,,,,,,,,20671208,,,,,,,20260807,,,,,,,20570430,,,,,,
,,20680208,20640812,,20570413,,,,,,,,,,,,,20671209,,,,,,,20260814,,,,,,,20570503,,,,,,
,,20680404,20641013,,20570417,,,,,,,,,,,,,20671230,,,,,,,20260821,,,,,,,20570504,,,,,,
,,20680430,20641023,,20570420,,,,,,,,,,,,,20680203,,,,,,,20260828,,,,,,,20570716,,,,,,
,,20680501,20641205,,20570501,,,,,,,,,,,,,20680213,,,,,,,20260904,,,,,,,20570917,,,,,,
,,20680604,20641210,,20570518,,,,,,,,,,,,,20680409,,,,,,,20260911,,,,,,,20571008,,,,,,
,,20680910,20641231,,20570613,,,,,,,,,,,,,20680419,,,,,,,20260918,,,,,,,20571123,,,,,,
,,20680911,20650101,,20570713,,,,,,,,,,,,,20680420,,,,,,,20260923,,,,,,,20571231,,,,,,
,,20681001,20650102,,20570807,,,,,,,,,,,,,20680501,,,,,,,20260925,,,,,,,20580101,,,,,,
,,20681002,20650220,,20570815,,,,,,,,,,,,,20680612,,,,,,,20261002,,,,,,,20580102,,,,,,
,,20681003,20650406,,20570912,,,,,,,,,,,,,20680821,,,,,,,20261009,,,,,,,20580103,,,,,,
,,20681004,20650413,,20571002,,,,,,,,,,,,,20680827,,,,,,,20261016,,,,,,,20580114,,,,,,
,,20681005,20650414,,20571029,,,,,,,,,,,,,20681101,,,,,,,20261023,,,,,,,20580211,,,,,,
,,20681231,20650415,,20571225,,,,,,,,,,,,,20681127,,,,,,,20261030,,,,,,,20580320,,,,,,
,,,20650501,,20580219,,,,,,,,,,,,,20681130,,,,,,,20261106,,,,,,,20580429,,,,,,
,,,20650519,,20580221,,,,,,,,,,,,,20681224,,,,,,,20261113,,,,,,,20580503,,,,,,
,,,20650701,,20580325,,,,,,,,,,,,,20681225,,,,,,,20261120,,,,,,,20580506,,,,,,
,,,20650717,,20580326,,,,,,,,,,,,,20681231,,,,,,,20261127,,,,,,,20580715,,,,,,
,,,20650728,,20580401,,,,,,,,,,,,,,,,,,,,20261204,,,,,,,20580812,,,,,,
,,,20650812,,20580402,,,,,,,,,,,,,,,,,,,,20261211,,,,,,,20580916,,,,,,
,,,20651013,,20580412,,,,,,,,,,,,,,,,,,,,20261218,,,,,,,20580923,,,,,,
,,,20651023,,20580501,,,,,,,,,,,,,,,,,,,,20261225,,,,,,,20581014,,,,,,
,,,20651207,,20580508,,,,,,,,,,,,,,,,,,,,20270101,,,,,,,20581104,,,,,,
,,,20651210,,20580702,,,,,,,,,,,,,,,,,,,,20270108,,,,,,,20581231,,,,,,
,,,20651231,,20580807,,,,,,,,,,,,,,,,,,,,20270115,,,,,,,20590101,,,,,,
,,,20660101,,20580815,,,,,,,,,,,,,,,,,,,,20270122,,,,,,,20590102,,,,,,
,,,20660209,,20580823,,,,,,,,,,,,,,,,,,,,20270129,,,,,,,20590103,,,,,,
,,,20660406,,20581002,,,,,,,,,,,,,,,,,,,,20270205,,,,,,,20590113,,,,,,
,,,20660413,,20581115,,,,,,,,,,,,,,,,,,,,20270212,,,,,,,20590211,,,,,,
,,,20660414,,20581225,,,,,,,,,,,,,,,,,,,,20270219,,,,,,,20590224,,,,,,
,,,20660415,,20590219,,,,,,,,,,,,,,,,,,,,20270226,,,,,,,20590320,,,,,,
,,,20660503,,20590312,,,,,,,,,,,,,,,,,,,,20270305,,,,,,,20590429,,,,,,
,,,20660510,,20590328,,,,,,,,,,,,,,,,,,,,20270308,,,,,,,20590505,,,,,,
,,,20660701,,20590401,,,,,,,,,,,,,,,,,,,,20270309,,,,,,,20590506,,,,,,
,,,20660706,,20590414,,,,,,,,,,,,,,,,,,,,20270310,,,,,,,20590721,,,,,,
,,,20660728,,20590421,,,,,,,,,,,,,,,,,,,,20270312,,,,,,,20590811,,,,,,
,,,20660812,,20590425,,,,,,,,,,,,,,,,,,,,20270319,,,,,,,20590915,,,,,,
,,,20661013,,20590501,,,,,,,,,,,,,,,,,,,,20270326,,,,,,,20590923,,,,,,
,,,20661025,,20590523,,,,,,,,,,,,,,,,,,,,20270402,,,,,,,20591013,,,,,,
,,,20661206,,20590527,,,,,,,,,,,,,,,,,,,,20270409,,,,,,,20591103,,,,,,
,,,20661210,,20590807,,,,,,,,,,,,,,,,,,,,20270416,,,,,,,20591124,,,,,,
,,,20661231,,20590815,,,,,,,,,,,,,,,,,,,,20270423,,,,,,,20591231,,,,,,
,,,20670103,,20590821,,,,,,,,,,,,,,,,,,,,20270430,,,,,,,20600101,,,,,,
,,,20670228,,20590911,,,,,,,,,,,,,,,,,,,,20270507,,,,,,,20600102,,,,,,
,,,20670406,,20591002,,,,,,,,,,,,,,,,,,,,20270513,,,,,,,20600112,,,,,,
,,,20670413,,20591016,,,,,,,,,,,,,,,,,,,,20270514,,,,,,,20600211,,,,,,
,,,20670414,,20591104,,,,,,,,,,,,,,,,,,,,20270517,,,,,,,20600223,,,,,,
,,,20670415,,20591106,,,,,,,,,,,,,,,,,,,,20270521,,,,,,,20600429,,,,,,
,,,20670502,,20591119,,,,,,,,,,,,,,,,,,,,20270528,,,,,,,20600503,,,,,,
,,,20670527,,20591225,,,,,,,,,,,,,,,,,,,,20270604,,,,,,,20600504,,,,,,
,,,20670701,,20600126,,,,,,,,,,,,,,,,,,,,20270611,,,,,,,20600505,,,,,,
,,,20670726,,20600219,,,,,,,,,,,,,,,,,,,,20270618,,,,,,,20600719,,,,,,
,,,20670728,,20600301,,,,,,,,,,,,,,,,,,,,20270625,,,,,,,20600811,,,,,,
,,,20670812,,20600304,,,,,,,,,,,,,,,,,,,,20270702,,,,,,,20600920,,,,,,
,,,20671013,,20600317,,,,,,,,,,,,,,,,,,,,20270709,,,,,,,20600921,,,,,,
,,,20671024,,20600401,,,,,,,,,,,,,,,,,,,,20270716,,,,,,,20600922,,,,,,
,,,20671205,,20600402,,,,,,,,,,,,,,,,,,,,20270723,,,,,,,20601011,,,,,,
,,,20671212,,20600409,,,,,,,,,,,,,,,,,,,,20270730,,,,,,,20601103,,,,,,
,,,20680102,,20600413,,,,,,,,,,,,,,,,,,,,20270806,,,,,,,20601123,,,,,,
,,,20680220,,20600414,,,,,,,,,,,,,,,,,,,,20270813,,,,,,,20601231,,,,,,
,,,20680406,,20600416,,,,,,,,,,,,,,,,,,,,20270820,,,,,,,20610103,,,,,,
,,,20680413,,20600511,,,,,,,,,,,,,,,,,,,,20270827,,,,,,,20610110,,,,,,
,,,20680416,,20600610,,,,,,,,,,,,,,,,,,,,20270903,,,,,,,20610211,,,,,,
,,,20680501,,20600806,,,,,,,,,,,,,,,,,,,,20270910,,,,,,,20610223,,,,,,
,,,20680516,,20600809,,,,,,,,,,,,,,,,,,,,20270917,,,,,,,20610321,,,,,,
,,,20680716,,20601004,,,,,,,,,,,,,,,,,,,,20270923,,,,,,,20610429,,,,,,
,,,20680730,,20601025,,,,,,,,,,,,,,,,,,,,20270924,,,,,,,20610503,,,,,,
,,,20680813,,20601108,,,,,,,,,,,,,,,,,,,,20271001,,,,,,,20610504,,,,,,
,,,20681015,,20610126,,,,,,,,,,,,,,,,,,,,20271008,,,,,,,20610505,,,,,,
,,,20681023,,20610218,,,,,,,,,,,,,,,,,,,,20271015,,,,,,,20610718,,,,,,
,,,20681205,,20610222,,,,,,,,,,,,,,,,,,,,20271022,,,,,,,20610811,,,,,,
,,,20681210,,20610322,,,,,,,,,,,,,,,,,,,,20271029,,,,,,,20610919,,,,,,
,,,20681231,,20610329,,,,,,,,,,,,,,,,,,,,20271105,,,,,,,20610922,,,,,,
,,,,,20610401,,,,,,,,,,,,,,,,,,,,20271112,,,,,,,20611010,,,,,,
,,,,,20610408,,,,,,,,,,,,,,,,,,,,20271119,,,,,,,20611103,,,,,,
,,,,,20610414,,,,,,,,,,,,,,,,,,,,20271126,,,,,,,20611123,,,,,,
,,,,,20610504,,,,,,,,,,,,,,,,,,,,20271203,,,,,,,20620102,,,,,,
,,,,,20610530,,,,,,,,,,,,,,,,,,,,20271210,,,,,,,20620103,,,,,,
,,,,,20610815,,,,,,,,,,,,,,,,,,,,20271217,,,,,,,20620109,,,,,,
,,,,,20611111,,,,,,,,,,,,,,,,,,,,20271224,,,,,,,20620223,,,,,,
,,,,,20620126,,,,,,,,,,,,,,,,,,,,20271231,,,,,,,20620320,,,,,,
,,,,,20620309,,,,,,,,,,,,,,,,,,,,20280107,,,,,,,20620503,,,,,,
,,,,,20620324,,,,,,,,,,,,,,,,,,,,20280114,,,,,,,20620504,,,,,,
,,,,,20620410,,,,,,,,,,,,,,,,,,,,20280121,,,,,,,20620505,,,,,,
,,,,,20620414,,,,,,,,,,,,,,,,,,,,20280128,,,,,,,20620717,,,,,,
,,,,,20620417,,,,,,,,,,,,,,,,,,,,20280204,,,,,,,20620811,,,,,,
,,,,,20620421,,,,,,,,,,,,,,,,,,,,20280211,,,,,,,20620918,,,,,,
,,,,,20620501,,,,,,,,,,,,,,,,,,,,20280218,,,,,,,20621009,,,,,,
,,,,,20620523,,,,,,,,,,,,,,,,,,,,20280224,,,,,,,20621103,,,,,,
,,,,,20620719,,,,,,,,,,,,,,,,,,,,20280225,,,,,,,20621123,,,,,,
,,,,,20620815,,,,,,,,,,,,,,,,,,,,20280228,,,,,,,20630101,,,,,,
,,,,,20620906,,,,,,,,,,,,,,,,,,,,20280303,,,,,,,20630102,,,,,,
,,,,,20621002,,,,,,,,,,,,,,,,,,,,20280310,,,,,,,20630103,,,,,,
,,,,,20621012,,,,,,,,,,,,,,,,,,,,20280317,,,,,,,20630108,,,,,,
,,,,,20621031,,,,,,,,,,,,,,,,,,,,20280324,,,,,,,20630212,,,,,,
,,,,,20621102,,,,,,,,,,,,,,,,,,,,20280331,,,,,,,20630223,,,,,,
,,,,,20621116,,,,,,,,,,,,,,,,,,,,20280407,,,,,,,20630320,,,,,,
,,,,,20621225,,,,,,,,,,,,,,,,,,,,20280414,,,,,,,20630430,,,,,,
,,,,,20630126,,,,,,,,,,,,,,,,,,,,20280421,,,,,,,20630503,,,,,,
,,,,,20630201,,,,,,,,,,,,,,,,,,,,20280428,,,,,,,20630504,,,,,,
,,,,,20630219,,,,,,,,,,,,,,,,,,,,20280504,,,,,,,20630716,,,,,,
,,,,,20630226,,,,,,,,,,,,,,,,,,,,20280505,,,,,,,20630917,,,,,,
,,,,,20630315,,,,,,,,,,,,,,,,,,,,20280508,,,,,,,20630924,,,,,,
,,,,,20630402,,,,,,,,,,,,,,,,,,,,20280512,,,,,,,20631008,,,,,,
,,,,,20630410,,,,,,,,,,,,,,,,,,,,20280519,,,,,,,20631123,,,,,,
,,,,,20630411,,,,,,,,,,,,,,,,,,,,20280526,,,,,,,20631231,,,,,,
,,,,,20630413,,,,,,,,,,,,,,,,,,,,20280602,,,,,,,20640101,,,,,,
,,,,,20630501,,,,,,,,,,,,,,,,,,,,20280609,,,,,,,20640102,,,,,,
,,,,,20630509,,,,,,,,,,,,,,,,,,,,20280616,,,,,,,20640103,,,,,,
,,,,,20630709,,,,,,,,,,,,,,,,,,,,20280623,,,,,,,20640114,,,,,,
,,,,,20630806,,,,,,,,,,,,,,,,,,,,20280630,,,,,,,20640211,,,,,,
,,,,,20630815,,,,,,,,,,,,,,,,,,,,20280707,,,,,,,20640320,,,,,,
,,,,,20630827,,,,,,,,,,,,,,,,,,,,20280714,,,,,,,20640429,,,,,,
,,,,,20631001,,,,,,,,,,,,,,,,,,,,20280721,,,,,,,20640505,,,,,,
,,,,,20631002,,,,,,,,,,,,,,,,,,,,20280728,,,,,,,20640506,,,,,,
,,,,,20631022,,,,,,,,,,,,,,,,,,,,20280804,,,,,,,20640721,,,,,,
,,,,,20631106,,,,,,,,,,,,,,,,,,,,20280811,,,,,,,20640811,,,,,,
,,,,,20631225,,,,,,,,,,,,,,,,,,,,20280818,,,,,,,20640915,,,,,,
,,,,,20640121,,,,,,,,,,,,,,,,,,,,20280825,,,,,,,20640922,,,,,,
,,,,,20640215,,,,,,,,,,,,,,,,,,,,20280901,,,,,,,20641013,,,,,,
,,,,,20640219,,,,,,,,,,,,,,,,,,,,20280908,,,,,,,20641103,,,,,,
,,,,,20640303,,,,,,,,,,,,,,,,,,,,20280915,,,,,,,20641124,,,,,,
,,,,,20640319,,,,,,,,,,,,,,,,,,,,20280922,,,,,,,20641231,,,,,,
,,,,,20640327,,,,,,,,,,,,,,,,,,,,20280929,,,,,,,20650101,,,,,,
,,,,,20640331,,,,,,,,,,,,,,,,,,,,20281006,,,,,,,20650102,,,,,,
,,,,,20640401,,,,,,,,,,,,,,,,,,,,20281013,,,,,,,20650112,,,,,,
,,,,,20640404,,,,,,,,,,,,,,,,,,,,20281020,,,,,,,20650211,,,,,,
,,,,,20640414,,,,,,,,,,,,,,,,,,,,20281027,,,,,,,20650223,,,,,,
,,,,,20640428,,,,,,,,,,,,,,,,,,,,20281103,,,,,,,20650320,,,,,,
,,,,,20640501,,,,,,,,,,,,,,,,,,,,20281110,,,,,,,20650429,,,,,,
,,,,,20640805,,,,,,,,,,,,,,,,,,,,20281117,,,,,,,20650504,,,,,,
,,,,,20640815,,,,,,,,,,,,,,,,,,,,20281124,,,,,,,20650505,,,,,,
,,,,,20641002,,,,,,,,,,,,,,,,,,,,20281201,,,,,,,20650506,,,,,,
,,,,,20641225,,,,,,,,,,,,,,,,,,,,20281208,,,,,,,20650720,,,,,,
,,,,,20650109,,,,,,,,,,,,,,,,,,,,20281215,,,,,,,20650811,,,,,,
,,,,,20650126,,,,,,,,,,,,,,,,,,,,20281222,,,,,,,20650921,,,,,,
,,,,,20650219,,,,,,,,,,,,,,,,,,,,20281229,,,,,,,20650922,,,,,,
,,,,,20650305,,,,,,,,,,,,,,,,,,,,20290105,,,,,,,20651012,,,,,,
,,,,,20650318,,,,,,,,,,,,,,,,,,,,20290112,,,,,,,20651103,,,,,,
,,,,,20650327,,,,,,,,,,,,,,,,,,,,20290119,,,,,,,20651123,,,,,,
,,,,,20650401,,,,,,,,,,,,,,,,,,,,20290126,,,,,,,20651231,,,,,,
,,,,,20650406,,,,,,,,,,,,,,,,,,,,20290202,,,,,,,20660101,,,,,,
,,,,,20650414,,,,,,,,,,,,,,,,,,,,20290209,,,,,,,20660111,,,,,,
,,,,,20650415,,,,,,,,,,,,,,,,,,,,20290213,,,,,,,20660211,,,,,,
,,,,,20650417,,,,,,,,,,,,,,,,,,,,20290214,,,,,,,20660223,,,,,,
,,,,,20650501,,,,,,,,,,,,,,,,,,,,20290215,,,,,,,20660429,,,,,,
,,,,,20650520,,,,,,,,,,,,,,,,,,,,20290216,,,,,,,20660503,,,,,,
,,,,,20650617,,,,,,,,,,,,,,,,,,,,20290223,,,,,,,20660504,,,,,,
,,,,,20650805,,,,,,,,,,,,,,,,,,,,20290302,,,,,,,20660505,,,,,,
,,,,,20650904,,,,,,,,,,,,,,,,,,,,20290309,,,,,,,20660719,,,,,,
,,,,,20651002,,,,,,,,,,,,,,,,,,,,20290316,,,,,,,20660811,,,,,,
,,,,,20651008,,,,,,,,,,,,,,,,,,,,20290323,,,,,,,20660920,,,,,,
,,,,,20651029,,,,,,,,,,,,,,,,,,,,20290330,,,,,,,20660923,,,,,,
,,,,,20651030,,,,,,,,,,,,,,,,,,,,20290406,,,,,,,20661011,,,,,,
,,,,,20651112,,,,,,,,,,,,,,,,,,,,20290413,,,,,,,20661103,,,,,,
,,,,,20651225,,,,,,,,,,,,,,,,,,,,20290420,,,,,,,20661123,,,,,,
,,,,,20660126,,,,,,,,,,,,,,,,,,,,20290423,,,,,,,20661231,,,,,,
,,,,,20660219,,,,,,,,,,,,,,,,,,,,20290424,,,,,,,20670103,,,,,,
,,,,,20660222,,,,,,,,,,,,,,,,,,,,20290425,,,,,,,20670110,,,,,,
,,,,,20660312,,,,,,,,,,,,,,,,,,,,20290427,,,,,,,20670211,,,,,,
,,,,,20660326,,,,,,,,,,,,,,,,,,,,20290504,,,,,,,20670223,,,,,,
,,,,,20660401,,,,,,,,,,,,,,,,,,,,20290511,,,,,,,20670321,,,,,,
,,,,,20660406,,,,,,,,,,,,,,,,,,,,20290518,,,,,,,20670429,,,,,,
,,,,,20660408,,,,,,,,,,,,,,,,,,,,20290525,,,,,,,20670503,,,,,,
,,,,,20660409,,,,,,,,,,,,,,,,,,,,20290601,,,,,,,20670504,,,,,,
,,,,,20660414,,,,,,,,,,,,,,,,,,,,20290608,,,,,,,20670505,,,,,,
,,,,,20660805,,,,,,,,,,,,,,,,,,,,20290615,,,,,,,20670718,,,,,,
,,,,,20660824,,,,,,,,,,,,,,,,,,,,20290622,,,,,,,20670811,,,,,,
,,,,,20660928,,,,,,,,,,,,,,,,,,,,20290629,,,,,,,20670919,,,,,,
,,,,,20661018,,,,,,,,,,,,,,,,,,,,20290706,,,,,,,20670923,,,,,,
,,,,,20661020,,,,,,,,,,,,,,,,,,,,20290713,,,,,,,20671010,,,,,,
,,,,,20661102,,,,,,,,,,,,,,,,,,,,20290720,,,,,,,20671103,,,,,,
,,,,,20670126,,,,,,,,,,,,,,,,,,,,20290727,,,,,,,20671123,,,,,,
,,,,,20670225,,,,,,,,,,,,,,,,,,,,20290803,,,,,,,20680102,,,,,,
,,,,,20670301,,,,,,,,,,,,,,,,,,,,20290810,,,,,,,20680103,,,,,,
,,,,,20670316,,,,,,,,,,,,,,,,,,,,20290817,,,,,,,20680109,,,,,,
,,,,,20670401,,,,,,,,,,,,,,,,,,,,20290824,,,,,,,20680223,,,,,,
,,,,,20670414,,,,,,,,,,,,,,,,,,,,20290831,,,,,,,20680320,,,,,,
,,,,,20670427,,,,,,,,,,,,,,,,,,,,20290907,,,,,,,20680430,,,,,,
,,,,,20670526,,,,,,,,,,,,,,,,,,,,20290914,,,,,,,20680503,,,,,,
,,,,,20670805,,,,,,,,,,,,,,,,,,,,20290921,,,,,,,20680504,,,,,,
,,,,,20670815,,,,,,,,,,,,,,,,,,,,20290928,,,,,,,20680716,,,,,,
,,,,,20670912,,,,,,,,,,,,,,,,,,,,20291005,,,,,,,20680917,,,,,,
,,,,,20671017,,,,,,,,,,,,,,,,,,,,20291012,,,,,,,20681008,,,,,,
,,,,,20671107,,,,,,,,,,,,,,,,,,,,20291019,,,,,,,20681123,,,,,,
,,,,,20671208,,,,,,,,,,,,,,,,,,,,20291026,,,,,,,20681231,,,,,,
,,,,,20680126,,,,,,,,,,,,,,,,,,,,20291102,,,,,,,,,,,,,
,,,,,20680214,,,,,,,,,,,,,,,,,,,,20291109,,,,,,,,,,,,,
,,,,,20680302,,,,,,,,,,,,,,,,,,,,20291116,,,,,,,,,,,,,
,,,,,20680315,,,,,,,,,,,,,,,,,,,,20291123,,,,,,,,,,,,,
,,,,,20680319,,,,,,,,,,,,,,,,,,,,20291130,,,,,,,,,,,,,
,,,,,20680402,,,,,,,,,,,,,,,,,,,,20291207,,,,,,,,,,,,,
,,,,,20680403,,,,,,,,,,,,,,,,,,,,20291214,,,,,,,,,,,,,
,,,,,20680410,,,,,,,,,,,,,,,,,,,,20291221,,,,,,,,,,,,,
,,,,,20680420,,,,,,,,,,,,,,,,,,,,20291228,,,,,,,,,,,,,
,,,,,20680501,,,,,,,,,,,,,,,,,,,,20300104,,,,,,,,,,,,,
,,,,,20680515,,,,,,,,,,,,,,,,,,,,20300111,,,,,,,,,,,,,
,,,,,20680517,,,,,,,,,,,,,,,,,,,,20300118,,,,,,,,,,,,,
,,,,,20680815,,,,,,,,,,,,,,,,,,,,20300125,,,,,,,,,,,,,
,,,,,20680831,,,,,,,,,,,,,,,,,,,,20300201,,,,,,,,,,,,,
,,,,,20681002,,,,,,,,,,,,,,,,,,,,20300204,,,,,,,,,,,,,
,,,,,20681025,,,,,,,,,,,,,,,,,,,,20300205,,,,,,,,,,,,,
,,,,,20681109,,,,,,,,,,,,,,,,,,,,20300208,,,,,,,,,,,,,
,,,,,20681127,,,,,,,,,,,,,,,,,,,,20300215,,,,,,,,,,,,,
,,,,,20681225,,,,,,,,,,,,,,,,,,,,20300222,,,,,,,,,,,,,
,,,,,,,,,,,,,,,,,,,,,,,,,20300301,,,,,,,,,,,,,
,,,,,,,,,,,,,,,,,,,,,,,,,20300308,,,,,,,,,,,,,
,,,,,,,,,,,,,,,,,,,,,,,,,20300315,,,,,,,,,,,,,
,,,,,,,,,,,,,,,,,,,,,,,,,20300322,,,,,,,,,,,,,
,,,,,,,,,,,,,,,,,,,,,,,,,20300329,,,,,,,,,,,,,
,,,,,,,,,,,,,,,,,,,,,,,,,20300405,,,,,,,,,,,,,
,,,,,,,,,,,,,,,,,,,,,,,,,20300411,,,,,,,,,,,,,
,,,,,,,,,,,,,,,,,,,,,,,,,20300412,,,,,,,,,,,,,
,,,,,,,,,,,,,,,,,,,,,,,,,20300415,,,,,,,,,,,,,
,,,,,,,,,,,,,,,,,,,,,,,,,20300419,,,,,,,,,,,,,
,,,,,,,,,,,,,,,,,,,,,,,,,20300426,,,,,,,,,,,,,
,,,,,,,,,,,,,,,,,,,,,,,,,20300503,,,,,,,,,,,,,
,,,,,,,,,,,,,,,,,,,,,,,,,20300510,,,,,,,,,,,,,
,,,,,,,,,,,,,,,,,,,,,,,,,20300517,,,,,,,,,,,,,
,,,,,,,,,,,,,,,,,,,,,,,,,20300524,,,,,,,,,,,,,
,,,,,,,,,,,,,,,,,,,,,,,,,20300531,,,,,,,,,,,,,
,,,,,,,,,,,,,,,,,,,,,,,,,20300607,,,,,,,,,,,,,
,,,,,,,,,,,,,,,,,,,,,,,,,20300614,,,,,,,,,,,,,
,,,,,,,,,,,,,,,,,,,,,,,,,20300621,,,,,,,,,,,,,
,,,,,,,,,,,,,,,,,,,,,,,,,20300628,,,,,,,,,,,,,
,,,,,,,,,,,,,,,,,,,,,,,,,20300705,,,,,,,,,,,,,
,,,,,,,,,,,,,,,,,,,,,,,,,20300712,,,,,,,,,,,,,
,,,,,,,,,,,,,,,,,,,,,,,,,20300719,,,,,,,,,,,,,
,,,,,,,,,,,,,,,,,,,,,,,,,20300726,,,,,,,,,,,,,
,,,,,,,,,,,,,,,,,,,,,,,,,20300802,,,,,,,,,,,,,
,,,,,,,,,,,,,,,,,,,,,,,,,20300809,,,,,,,,,,,,,
,,,,,,,,,,,,,,,,,,,,,,,,,20300816,,,,,,,,,,,,,
,,,,,,,,,,,,,,,,,,,,,,,,,20300823,,,,,,,,,,,,,
,,,,,,,,,,,,,,,,,,,,,,,,,20300830,,,,,,,,,,,,,
,,,,,,,,,,,,,,,,,,,,,,,,,20300906,,,,,,,,,,,,,
,,,,,,,,,,,,,,,,,,,,,,,,,20300913,,,,,,,,,,,,,
,,,,,,,,,,,,,,,,,,,,,,,,,20300920,,,,,,,,,,,,,
,,,,,,,,,,,,,,,,,,,,,,,,,20300923,,,,,,,,,,,,,
,,,,,,,,,,,,,,,,,,,,,,,,,20300927,,,,,,,,,,,,,
,,,,,,,,,,,,,,,,,,,,,,,,,20301004,,,,,,,,,,,,,
,,,,,,,,,,,,,,,,,,,,,,,,,20301011,,,,,,,,,,,,,
,,,,,,,,,,,,,,,,,,,,,,,,,20301018,,,,,,,,,,,,,
,,,,,,,,,,,,,,,,,,,,,,,,,20301025,,,,,,,,,,,,,
,,,,,,,,,,,,,,,,,,,,,,,,,20301101,,,,,,,,,,,,,
,,,,,,,,,,,,,,,,,,,,,,,,,20301108,,,,,,,,,,,,,
,,,,,,,,,,,,,,,,,,,,,,,,,20301115,,,,,,,,,,,,,
,,,,,,,,,,,,,,,,,,,,,,,,,20301122,,,,,,,,,,,,,
,,,,,,,,,,,,,,,,,,,,,,,,,20301129,,,,,,,,,,,,,
,,,,,,,,,,,,,,,,,,,,,,,,,20301206,,,,,,,,,,,,,
,,,,,,,,,,,,,,,,,,,,,,,,,20301213,,,,,,,,,,,,,
,,,,,,,,,,,,,,,,,,,,,,,,,20301220,,,,,,,,,,,,,
,,,,,,,,,,,,,,,,,,,,,,,,,20301227,,,,,,,,,,,,,
,,,,,,,,,,,,,,,,,,,,,,,,,20310103,,,,,,,,,,,,,
,,,,,,,,,,,,,,,,,,,,,,,,,20310110,,,,,,,,,,,,,
,,,,,,,,,,,,,,,,,,,,,,,,,20310117,,,,,,,,,,,,,
,,,,,,,,,,,,,,,,,,,,,,,,,20310123,,,,,,,,,,,,,
,,,,,,,,,,,,,,,,,,,,,,,,,20310124,,,,,,,,,,,,,
,,,,,,,,,,,,,,,,,,,,,,,,,20310127,,,,,,,,,,,,,
,,,,,,,,,,,,,,,,,,,,,,,,,20310131,,,,,,,,,,,,,
,,,,,,,,,,,,,,,,,,,,,,,,,20310207,,,,,,,,,,,,,
,,,,,,,,,,,,,,,,,,,,,,,,,20310214,,,,,,,,,,,,,
,,,,,,,,,,,,,,,,,,,,,,,,,20310221,,,,,,,,,,,,,
,,,,,,,,,,,,,,,,,,,,,,,,,20310228,,,,,,,,,,,,,
,,,,,,,,,,,,,,,,,,,,,,,,,20310307,,,,,,,,,,,,,
,,,,,,,,,,,,,,,,,,,,,,,,,20310314,,,,,,,,,,,,,
,,,,,,,,,,,,,,,,,,,,,,,,,20310321,,,,,,,,,,,,,
,,,,,,,,,,,,,,,,,,,,,,,,,20310328,,,,,,,,,,,,,
,,,,,,,,,,,,,,,,,,,,,,,,,20310401,,,,,,,,,,,,,
,,,,,,,,,,,,,,,,,,,,,,,,,20310402,,,,,,,,,,,,,
,,,,,,,,,,,,,,,,,,,,,,,,,20310403,,,,,,,,,,,,,
,,,,,,,,,,,,,,,,,,,,,,,,,20310404,,,,,,,,,,,,,
,,,,,,,,,,,,,,,,,,,,,,,,,20310411,,,,,,,,,,,,,
,,,,,,,,,,,,,,,,,,,,,,,,,20310418,,,,,,,,,,,,,
,,,,,,,,,,,,,,,,,,,,,,,,,20310425,,,,,,,,,,,,,
,,,,,,,,,,,,,,,,,,,,,,,,,20310502,,,,,,,,,,,,,
,,,,,,,,,,,,,,,,,,,,,,,,,20310509,,,,,,,,,,,,,
,,,,,,,,,,,,,,,,,,,,,,,,,20310516,,,,,,,,,,,,,
,,,,,,,,,,,,,,,,,,,,,,,,,20310523,,,,,,,,,,,,,
,,,,,,,,,,,,,,,,,,,,,,,,,20310530,,,,,,,,,,,,,
,,,,,,,,,,,,,,,,,,,,,,,,,20310606,,,,,,,,,,,,,
,,,,,,,,,,,,,,,,,,,,,,,,,20310613,,,,,,,,,,,,,
,,,,,,,,,,,,,,,,,,,,,,,,,20310620,,,,,,,,,,,,,
,,,,,,,,,,,,,,,,,,,,,,,,,20310627,,,,,,,,,,,,,
,,,,,,,,,,,,,,,,,,,,,,,,,20310704,,,,,,,,,,,,,
,,,,,,,,,,,,,,,,,,,,,,,,,20310711,,,,,,,,,,,,,
,,,,,,,,,,,,,,,,,,,,,,,,,20310718,,,,,,,,,,,,,
,,,,,,,,,,,,,,,,,,,,,,,,,20310725,,,,,,,,,,,,,
,,,,,,,,,,,,,,,,,,,,,,,,,20310801,,,,,,,,,,,,,
,,,,,,,,,,,,,,,,,,,,,,,,,20310808,,,,,,,,,,,,,
,,,,,,,,,,,,,,,,,,,,,,,,,20310815,,,,,,,,,,,,,
,,,,,,,,,,,,,,,,,,,,,,,,,20310822,,,,,,,,,,,,,
,,,,,,,,,,,,,,,,,,,,,,,,,20310829,,,,,,,,,,,,,
,,,,,,,,,,,,,,,,,,,,,,,,,20310905,,,,,,,,,,,,,
,,,,,,,,,,,,,,,,,,,,,,,,,20310912,,,,,,,,,,,,,
,,,,,,,,,,,,,,,,,,,,,,,,,20310919,,,,,,,,,,,,,
,,,,,,,,,,,,,,,,,,,,,,,,,20310923,,,,,,,,,,,,,
,,,,,,,,,,,,,,,,,,,,,,,,,20310926,,,,,,,,,,,,,
,,,,,,,,,,,,,,,,,,,,,,,,,20311003,,,,,,,,,,,,,
,,,,,,,,,,,,,,,,,,,,,,,,,20311010,,,,,,,,,,,,,
,,,,,,,,,,,,,,,,,,,,,,,,,20311017,,,,,,,,,,,,,
,,,,,,,,,,,,,,,,,,,,,,,,,20311024,,,,,,,,,,,,,
,,,,,,,,,,,,,,,,,,,,,,,,,20311031,,,,,,,,,,,,,
,,,,,,,,,,,,,,,,,,,,,,,,,20311107,,,,,,,,,,,,,
,,,,,,,,,,,,,,,,,,,,,,,,,20311114,,,,,,,,,,,,,
,,,,,,,,,,,,,,,,,,,,,,,,,20311121,,,,,,,,,,,,,
,,,,,,,,,,,,,,,,,,,,,,,,,20311128,,,,,,,,,,,,,
,,,,,,,,,,,,,,,,,,,,,,,,,20311205,,,,,,,,,,,,,
,,,,,,,,,,,,,,,,,,,,,,,,,20311212,,,,,,,,,,,,,
,,,,,,,,,,,,,,,,,,,,,,,,,20311219,,,,,,,,,,,,,
,,,,,,,,,,,,,,,,,,,,,,,,,20311226,,,,,,,,,,,,,
,,,,,,,,,,,,,,,,,,,,,,,,,20320102,,,,,,,,,,,,,
,,,,,,,,,,,,,,,,,,,,,,,,,20320109,,,,,,,,,,,,,
,,,,,,,,,,,,,,,,,,,,,,,,,20320113,,,,,,,,,,,,,
,,,,,,,,,,,,,,,,,,,,,,,,,20320114,,,,,,,,,,,,,
,,,,,,,,,,,,,,,,,,,,,,,,,20320115,,,,,,,,,,,,,
,,,,,,,,,,,,,,,,,,,,,,,,,20320116,,,,,,,,,,,,,
,,,,,,,,,,,,,,,,,,,,,,,,,20320123,,,,,,,,,,,,,
,,,,,,,,,,,,,,,,,,,,,,,,,20320130,,,,,,,,,,,,,
,,,,,,,,,,,,,,,,,,,,,,,,,20320206,,,,,,,,,,,,,
,,,,,,,,,,,,,,,,,,,,,,,,,20320213,,,,,,,,,,,,,
,,,,,,,,,,,,,,,,,,,,,,,,,20320220,,,,,,,,,,,,,
,,,,,,,,,,,,,,,,,,,,,,,,,20320227,,,,,,,,,,,,,
,,,,,,,,,,,,,,,,,,,,,,,,,20320305,,,,,,,,,,,,,
,,,,,,,,,,,,,,,,,,,,,,,,,20320312,,,,,,,,,,,,,
,,,,,,,,,,,,,,,,,,,,,,,,,20320319,,,,,,,,,,,,,
,,,,,,,,,,,,,,,,,,,,,,,,,20320322,,,,,,,,,,,,,
,,,,,,,,,,,,,,,,,,,,,,,,,20320323,,,,,,,,,,,,,
,,,,,,,,,,,,,,,,,,,,,,,,,20320326,,,,,,,,,,,,,
,,,,,,,,,,,,,,,,,,,,,,,,,20320402,,,,,,,,,,,,,
,,,,,,,,,,,,,,,,,,,,,,,,,20320409,,,,,,,,,,,,,
,,,,,,,,,,,,,,,,,,,,,,,,,20320416,,,,,,,,,,,,,
,,,,,,,,,,,,,,,,,,,,,,,,,20320423,,,,,,,,,,,,,
,,,,,,,,,,,,,,,,,,,,,,,,,20320430,,,,,,,,,,,,,
,,,,,,,,,,,,,,,,,,,,,,,,,20320507,,,,,,,,,,,,,
,,,,,,,,,,,,,,,,,,,,,,,,,20320514,,,,,,,,,,,,,
,,,,,,,,,,,,,,,,,,,,,,,,,20320521,,,,,,,,,,,,,
,,,,,,,,,,,,,,,,,,,,,,,,,20320528,,,,,,,,,,,,,
,,,,,,,,,,,,,,,,,,,,,,,,,20320604,,,,,,,,,,,,,
,,,,,,,,,,,,,,,,,,,,,,,,,20320611,,,,,,,,,,,,,
,,,,,,,,,,,,,,,,,,,,,,,,,20320618,,,,,,,,,,,,,
,,,,,,,,,,,,,,,,,,,,,,,,,20320625,,,,,,,,,,,,,
,,,,,,,,,,,,,,,,,,,,,,,,,20320702,,,,,,,,,,,,,
,,,,,,,,,,,,,,,,,,,,,,,,,20320709,,,,,,,,,,,,,
,,,,,,,,,,,,,,,,,,,,,,,,,20320716,,,,,,,,,,,,,
,,,,,,,,,,,,,,,,,,,,,,,,,20320723,,,,,,,,,,,,,
,,,,,,,,,,,,,,,,,,,,,,,,,20320730,,,,,,,,,,,,,
,,,,,,,,,,,,,,,,,,,,,,,,,20320806,,,,,,,,,,,,,
,,,,,,,,,,,,,,,,,,,,,,,,,20320813,,,,,,,,,,,,,
,,,,,,,,,,,,,,,,,,,,,,,,,20320820,,,,,,,,,,,,,
,,,,,,,,,,,,,,,,,,,,,,,,,20320827,,,,,,,,,,,,,
,,,,,,,,,,,,,,,,,,,,,,,,,20320903,,,,,,,,,,,,,
,,,,,,,,,,,,,,,,,,,,,,,,,20320910,,,,,,,,,,,,,
,,,,,,,,,,,,,,,,,,,,,,,,,20320917,,,,,,,,,,,,,
,,,,,,,,,,,,,,,,,,,,,,,,,20320923,,,,,,,,,,,,,
,,,,,,,,,,,,,,,,,,,,,,,,,20320924,,,,,,,,,,,,,
,,,,,,,,,,,,,,,,,,,,,,,,,20321001,,,,,,,,,,,,,
,,,,,,,,,,,,,,,,,,,,,,,,,20321008,,,,,,,,,,,,,
,,,,,,,,,,,,,,,,,,,,,,,,,20321015,,,,,,,,,,,,,
,,,,,,,,,,,,,,,,,,,,,,,,,20321022,,,,,,,,,,,,,
,,,,,,,,,,,,,,,,,,,,,,,,,20321029,,,,,,,,,,,,,
,,,,,,,,,,,,,,,,,,,,,,,,,20321105,,,,,,,,,,,,,
,,,,,,,,,,,,,,,,,,,,,,,,,20321112,,,,,,,,,,,,,
,,,,,,,,,,,,,,,,,,,,,,,,,20321119,,,,,,,,,,,,,
,,,,,,,,,,,,,,,,,,,,,,,,,20321126,,,,,,,,,,,,,
,,,,,,,,,,,,,,,,,,,,,,,,,20321203,,,,,,,,,,,,,
,,,,,,,,,,,,,,,,,,,,,,,,,20321210,,,,,,,,,,,,,
,,,,,,,,,,,,,,,,,,,,,,,,,20321217,,,,,,,,,,,,,
,,,,,,,,,,,,,,,,,,,,,,,,,20321224,,,,,,,,,,,,,
,,,,,,,,,,,,,,,,,,,,,,,,,20321230,,,,,,,,,,,,,
,,,,,,,,,,,,,,,,,,,,,,,,,20321231,,,,,,,,,,,,,
,,,,,,,,,,,,,,,,,,,,,,,,,20330103,,,,,,,,,,,,,
,,,,,,,,,,,,,,,,,,,,,,,,,20330107,,,,,,,,,,,,,
,,,,,,,,,,,,,,,,,,,,,,,,,20330114,,,,,,,,,,,,,
,,,,,,,,,,,,,,,,,,,,,,,,,20330121,,,,,,,,,,,,,
,,,,,,,,,,,,,,,,,,,,,,,,,20330128,,,,,,,,,,,,,
,,,,,,,,,,,,,,,,,,,,,,,,,20330204,,,,,,,,,,,,,
,,,,,,,,,,,,,,,,,,,,,,,,,20330211,,,,,,,,,,,,,
,,,,,,,,,,,,,,,,,,,,,,,,,20330218,,,,,,,,,,,,,
,,,,,,,,,,,,,,,,,,,,,,,,,20330225,,,,,,,,,,,,,
,,,,,,,,,,,,,,,,,,,,,,,,,20330304,,,,,,,,,,,,,
,,,,,,,,,,,,,,,,,,,,,,,,,20330310,,,,,,,,,,,,,
,,,,,,,,,,,,,,,,,,,,,,,,,20330311,,,,,,,,,,,,,
,,,,,,,,,,,,,,,,,,,,,,,,,20330314,,,,,,,,,,,,,
,,,,,,,,,,,,,,,,,,,,,,,,,20330318,,,,,,,,,,,,,
,,,,,,,,,,,,,,,,,,,,,,,,,20330325,,,,,,,,,,,,,
,,,,,,,,,,,,,,,,,,,,,,,,,20330401,,,,,,,,,,,,,
,,,,,,,,,,,,,,,,,,,,,,,,,20330408,,,,,,,,,,,,,
,,,,,,,,,,,,,,,,,,,,,,,,,20330415,,,,,,,,,,,,,
,,,,,,,,,,,,,,,,,,,,,,,,,20330422,,,,,,,,,,,,,
,,,,,,,,,,,,,,,,,,,,,,,,,20330429,,,,,,,,,,,,,
,,,,,,,,,,,,,,,,,,,,,,,,,20330506,,,,,,,,,,,,,
,,,,,,,,,,,,,,,,,,,,,,,,,20330513,,,,,,,,,,,,,
,,,,,,,,,,,,,,,,,,,,,,,,,20330520,,,,,,,,,,,,,
,,,,,,,,,,,,,,,,,,,,,,,,,20330527,,,,,,,,,,,,,
,,,,,,,,,,,,,,,,,,,,,,,,,20330603,,,,,,,,,,,,,
,,,,,,,,,,,,,,,,,,,,,,,,,20330610,,,,,,,,,,,,,
,,,,,,,,,,,,,,,,,,,,,,,,,20330617,,,,,,,,,,,,,
,,,,,,,,,,,,,,,,,,,,,,,,,20330624,,,,,,,,,,,,,
,,,,,,,,,,,,,,,,,,,,,,,,,20330701,,,,,,,,,,,,,
,,,,,,,,,,,,,,,,,,,,,,,,,20330708,,,,,,,,,,,,,
,,,,,,,,,,,,,,,,,,,,,,,,,20330715,,,,,,,,,,,,,
,,,,,,,,,,,,,,,,,,,,,,,,,20330722,,,,,,,,,,,,,
,,,,,,,,,,,,,,,,,,,,,,,,,20330729,,,,,,,,,,,,,
,,,,,,,,,,,,,,,,,,,,,,,,,20330805,,,,,,,,,,,,,
,,,,,,,,,,,,,,,,,,,,,,,,,20330812,,,,,,,,,,,,,
,,,,,,,,,,,,,,,,,,,,,,,,,20330819,,,,,,,,,,,,,
,,,,,,,,,,,,,,,,,,,,,,,,,20330826,,,,,,,,,,,,,
,,,,,,,,,,,,,,,,,,,,,,,,,20330902,,,,,,,,,,,,,
,,,,,,,,,,,,,,,,,,,,,,,,,20330909,,,,,,,,,,,,,
,,,,,,,,,,,,,,,,,,,,,,,,,20330916,,,,,,,,,,,,,
,,,,,,,,,,,,,,,,,,,,,,,,,20330922,,,,,,,,,,,,,
,,,,,,,,,,,,,,,,,,,,,,,,,20330923,,,,,,,,,,,,,
,,,,,,,,,,,,,,,,,,,,,,,,,20330930,,,,,,,,,,,,,
,,,,,,,,,,,,,,,,,,,,,,,,,20331007,,,,,,,,,,,,,
,,,,,,,,,,,,,,,,,,,,,,,,,20331014,,,,,,,,,,,,,
,,,,,,,,,,,,,,,,,,,,,,,,,20331021,,,,,,,,,,,,,
,,,,,,,,,,,,,,,,,,,,,,,,,20331028,,,,,,,,,,,,,
,,,,,,,,,,,,,,,,,,,,,,,,,20331104,,,,,,,,,,,,,
,,,,,,,,,,,,,,,,,,,,,,,,,20331111,,,,,,,,,,,,,
,,,,,,,,,,,,,,,,,,,,,,,,,20331118,,,,,,,,,,,,,
,,,,,,,,,,,,,,,,,,,,,,,,,20331125,,,,,,,,,,,,,
,,,,,,,,,,,,,,,,,,,,,,,,,20331202,,,,,,,,,,,,,
,,,,,,,,,,,,,,,,,,,,,,,,,20331209,,,,,,,,,,,,,
,,,,,,,,,,,,,,,,,,,,,,,,,20331216,,,,,,,,,,,,,
,,,,,,,,,,,,,,,,,,,,,,,,,20331222,,,,,,,,,,,,,
,,,,,,,,,,,,,,,,,,,,,,,,,20331223,,,,,,,,,,,,,
,,,,,,,,,,,,,,,,,,,,,,,,,20331226,,,,,,,,,,,,,
,,,,,,,,,,,,,,,,,,,,,,,,,20331230,,,,,,,,,,,,,
,,,,,,,,,,,,,,,,,,,,,,,,,20340106,,,,,,,,,,,,,
,,,,,,,,,,,,,,,,,,,,,,,,,20340113,,,,,,,,,,,,,
,,,,,,,,,,,,,,,,,,,,,,,,,20340120,,,,,,,,,,,,,
,,,,,,,,,,,,,,,,,,,,,,,,,20340127,,,,,,,,,,,,,
,,,,,,,,,,,,,,,,,,,,,,,,,20340203,,,,,,,,,,,,,
,,,,,,,,,,,,,,,,,,,,,,,,,20340210,,,,,,,,,,,,,
,,,,,,,,,,,,,,,,,,,,,,,,,20340217,,,,,,,,,,,,,
,,,,,,,,,,,,,,,,,,,,,,,,,20340224,,,,,,,,,,,,,
,,,,,,,,,,,,,,,,,,,,,,,,,20340228,,,,,,,,,,,,,
,,,,,,,,,,,,,,,,,,,,,,,,,20340301,,,,,,,,,,,,,
,,,,,,,,,,,,,,,,,,,,,,,,,20340302,,,,,,,,,,,,,
,,,,,,,,,,,,,,,,,,,,,,,,,20340303,,,,,,,,,,,,,
,,,,,,,,,,,,,,,,,,,,,,,,,20340310,,,,,,,,,,,,,
,,,,,,,,,,,,,,,,,,,,,,,,,20340317,,,,,,,,,,,,,
,,,,,,,,,,,,,,,,,,,,,,,,,20340324,,,,,,,,,,,,,
,,,,,,,,,,,,,,,,,,,,,,,,,20340331,,,,,,,,,,,,,
,,,,,,,,,,,,,,,,,,,,,,,,,20340407,,,,,,,,,,,,,
,,,,,,,,,,,,,,,,,,,,,,,,,20340414,,,,,,,,,,,,,
,,,,,,,,,,,,,,,,,,,,,,,,,20340421,,,,,,,,,,,,,
,,,,,,,,,,,,,,,,,,,,,,,,,20340428,,,,,,,,,,,,,
,,,,,,,,,,,,,,,,,,,,,,,,,20340505,,,,,,,,,,,,,
,,,,,,,,,,,,,,,,,,,,,,,,,20340512,,,,,,,,,,,,,
,,,,,,,,,,,,,,,,,,,,,,,,,20340519,,,,,,,,,,,,,
,,,,,,,,,,,,,,,,,,,,,,,,,20340526,,,,,,,,,,,,,
,,,,,,,,,,,,,,,,,,,,,,,,,20340602,,,,,,,,,,,,,
,,,,,,,,,,,,,,,,,,,,,,,,,20340609,,,,,,,,,,,,,
,,,,,,,,,,,,,,,,,,,,,,,,,20340616,,,,,,,,,,,,,
,,,,,,,,,,,,,,,,,,,,,,,,,20340623,,,,,,,,,,,,,
,,,,,,,,,,,,,,,,,,,,,,,,,20340630,,,,,,,,,,,,,
,,,,,,,,,,,,,,,,,,,,,,,,,20340707,,,,,,,,,,,,,
,,,,,,,,,,,,,,,,,,,,,,,,,20340714,,,,,,,,,,,,,
,,,,,,,,,,,,,,,,,,,,,,,,,20340721,,,,,,,,,,,,,
,,,,,,,,,,,,,,,,,,,,,,,,,20340728,,,,,,,,,,,,,
,,,,,,,,,,,,,,,,,,,,,,,,,20340804,,,,,,,,,,,,,
,,,,,,,,,,,,,,,,,,,,,,,,,20340811,,,,,,,,,,,,,
,,,,,,,,,,,,,,,,,,,,,,,,,20340818,,,,,,,,,,,,,
,,,,,,,,,,,,,,,,,,,,,,,,,20340825,,,,,,,,,,,,,
,,,,,,,,,,,,,,,,,,,,,,,,,20340901,,,,,,,,,,,,,
,,,,,,,,,,,,,,,,,,,,,,,,,20340908,,,,,,,,,,,,,
,,,,,,,,,,,,,,,,,,,,,,,,,20340915,,,,,,,,,,,,,
,,,,,,,,,,,,,,,,,,,,,,,,,20340922,,,,,,,,,,,,,
,,,,,,,,,,,,,,,,,,,,,,,,,20340929,,,,,,,,,,,,,
,,,,,,,,,,,,,,,,,,,,,,,,,20341006,,,,,,,,,,,,,
,,,,,,,,,,,,,,,,,,,,,,,,,20341013,,,,,,,,,,,,,
,,,,,,,,,,,,,,,,,,,,,,,,,20341020,,,,,,,,,,,,,
,,,,,,,,,,,,,,,,,,,,,,,,,20341027,,,,,,,,,,,,,
,,,,,,,,,,,,,,,,,,,,,,,,,20341103,,,,,,,,,,,,,
,,,,,,,,,,,,,,,,,,,,,,,,,20341110,,,,,,,,,,,,,
,,,,,,,,,,,,,,,,,,,,,,,,,20341117,,,,,,,,,,,,,
,,,,,,,,,,,,,,,,,,,,,,,,,20341124,,,,,,,,,,,,,
,,,,,,,,,,,,,,,,,,,,,,,,,20341201,,,,,,,,,,,,,
,,,,,,,,,,,,,,,,,,,,,,,,,20341208,,,,,,,,,,,,,
,,,,,,,,,,,,,,,,,,,,,,,,,20341211,,,,,,,,,,,,,
,,,,,,,,,,,,,,,,,,,,,,,,,20341212,,,,,,,,,,,,,
,,,,,,,,,,,,,,,,,,,,,,,,,20341213,,,,,,,,,,,,,
,,,,,,,,,,,,,,,,,,,,,,,,,20341215,,,,,,,,,,,,,
,,,,,,,,,,,,,,,,,,,,,,,,,20341222,,,,,,,,,,,,,
,,,,,,,,,,,,,,,,,,,,,,,,,20341229,,,,,,,,,,,,,
,,,,,,,,,,,,,,,,,,,,,,,,,20350105,,,,,,,,,,,,,
,,,,,,,,,,,,,,,,,,,,,,,,,20350112,,,,,,,,,,,,,
,,,,,,,,,,,,,,,,,,,,,,,,,20350119,,,,,,,,,,,,,
,,,,,,,,,,,,,,,,,,,,,,,,,20350126,,,,,,,,,,,,,
,,,,,,,,,,,,,,,,,,,,,,,,,20350202,,,,,,,,,,,,,
,,,,,,,,,,,,,,,,,,,,,,,,,20350209,,,,,,,,,,,,,
,,,,,,,,,,,,,,,,,,,,,,,,,20350215,,,,,,,,,,,,,
,,,,,,,,,,,,,,,,,,,,,,,,,20350216,,,,,,,,,,,,,
,,,,,,,,,,,,,,,,,,,,,,,,,20350219,,,,,,,,,,,,,
,,,,,,,,,,,,,,,,,,,,,,,,,20350223,,,,,,,,,,,,,
,,,,,,,,,,,,,,,,,,,,,,,,,20350302,,,,,,,,,,,,,
,,,,,,,,,,,,,,,,,,,,,,,,,20350309,,,,,,,,,,,,,
,,,,,,,,,,,,,,,,,,,,,,,,,20350316,,,,,,,,,,,,,
,,,,,,,,,,,,,,,,,,,,,,,,,20350323,,,,,,,,,,,,,
,,,,,,,,,,,,,,,,,,,,,,,,,20350330,,,,,,,,,,,,,
,,,,,,,,,,,,,,,,,,,,,,,,,20350406,,,,,,,,,,,,,
,,,,,,,,,,,,,,,,,,,,,,,,,20350413,,,,,,,,,,,,,
,,,,,,,,,,,,,,,,,,,,,,,,,20350420,,,,,,,,,,,,,
,,,,,,,,,,,,,,,,,,,,,,,,,20350427,,,,,,,,,,,,,
,,,,,,,,,,,,,,,,,,,,,,,,,20350504,,,,,,,,,,,,,
,,,,,,,,,,,,,,,,,,,,,,,,,20350511,,,,,,,,,,,,,
,,,,,,,,,,,,,,,,,,,,,,,,,20350518,,,,,,,,,,,,,
,,,,,,,,,,,,,,,,,,,,,,,,,20350525,,,,,,,,,,,,,
,,,,,,,,,,,,,,,,,,,,,,,,,20350601,,,,,,,,,,,,,
,,,,,,,,,,,,,,,,,,,,,,,,,20350608,,,,,,,,,,,,,
,,,,,,,,,,,,,,,,,,,,,,,,,20350615,,,,,,,,,,,,,
,,,,,,,,,,,,,,,,,,,,,,,,,20350622,,,,,,,,,,,,,
,,,,,,,,,,,,,,,,,,,,,,,,,20350629,,,,,,,,,,,,,
,,,,,,,,,,,,,,,,,,,,,,,,,20350706,,,,,,,,,,,,,
,,,,,,,,,,,,,,,,,,,,,,,,,20350713,,,,,,,,,,,,,
,,,,,,,,,,,,,,,,,,,,,,,,,20350720,,,,,,,,,,,,,
,,,,,,,,,,,,,,,,,,,,,,,,,20350727,,,,,,,,,,,,,
,,,,,,,,,,,,,,,,,,,,,,,,,20350803,,,,,,,,,,,,,
,,,,,,,,,,,,,,,,,,,,,,,,,20350810,,,,,,,,,,,,,
,,,,,,,,,,,,,,,,,,,,,,,,,20350817,,,,,,,,,,,,,
,,,,,,,,,,,,,,,,,,,,,,,,,20350824,,,,,,,,,,,,,
,,,,,,,,,,,,,,,,,,,,,,,,,20350831,,,,,,,,,,,,,
,,,,,,,,,,,,,,,,,,,,,,,,,20350907,,,,,,,,,,,,,
,,,,,,,,,,,,,,,,,,,,,,,,,20350914,,,,,,,,,,,,,
,,,,,,,,,,,,,,,,,,,,,,,,,20350921,,,,,,,,,,,,,
,,,,,,,,,,,,,,,,,,,,,,,,,20350928,,,,,,,,,,,,,
,,,,,,,,,,,,,,,,,,,,,,,,,20351005,,,,,,,,,,,,,
,,,,,,,,,,,,,,,,,,,,,,,,,20351012,,,,,,,,,,,,,
,,,,,,,,,,,,,,,,,,,,,,,,,20351019,,,,,,,,,,,,,
,,,,,,,,,,,,,,,,,,,,,,,,,20351026,,,,,,,,,,,,,
,,,,,,,,,,,,,,,,,,,,,,,,,20351102,,,,,,,,,,,,,
,,,,,,,,,,,,,,,,,,,,,,,,,20351109,,,,,,,,,,,,,
,,,,,,,,,,,,,,,,,,,,,,,,,20351116,,,,,,,,,,,,,
,,,,,,,,,,,,,,,,,,,,,,,,,20351123,,,,,,,,,,,,,
,,,,,,,,,,,,,,,,,,,,,,,,,20351129,,,,,,,,,,,,,
,,,,,,,,,,,,,,,,,,,,,,,,,20351130,,,,,,,,,,,,,
,,,,,,,,,,,,,,,,,,,,,,,,,20351203,,,,,,,,,,,,,
,,,,,,,,,,,,,,,,,,,,,,,,,20351207,,,,,,,,,,,,,
,,,,,,,,,,,,,,,,,,,,,,,,,20351214,,,,,,,,,,,,,
,,,,,,,,,,,,,,,,,,,,,,,,,20351221,,,,,,,,,,,,,
,,,,,,,,,,,,,,,,,,,,,,,,,20351228,,,,,,,,,,,,,
,,,,,,,,,,,,,,,,,,,,,,,,,20360104,,,,,,,,,,,,,
,,,,,,,,,,,,,,,,,,,,,,,,,20360111,,,,,,,,,,,,,
,,,,,,,,,,,,,,,,,,,,,,,,,20360118,,,,,,,,,,,,,
,,,,,,,,,,,,,,,,,,,,,,,,,20360125,,,,,,,,,,,,,
,,,,,,,,,,,,,,,,,,,,,,,,,20360201,,,,,,,,,,,,,
,,,,,,,,,,,,,,,,,,,,,,,,,20360206,,,,,,,,,,,,,
,,,,,,,,,,,,,,,,,,,,,,,,,20360207,,,,,,,,,,,,,
,,,,,,,,,,,,,,,,,,,,,,,,,20360208,,,,,,,,,,,,,
,,,,,,,,,,,,,,,,,,,,,,,,,20360215,,,,,,,,,,,,,
,,,,,,,,,,,,,,,,,,,,,,,,,20360222,,,,,,,,,,,,,
,,,,,,,,,,,,,,,,,,,,,,,,,20360229,,,,,,,,,,,,,
,,,,,,,,,,,,,,,,,,,,,,,,,20360307,,,,,,,,,,,,,
,,,,,,,,,,,,,,,,,,,,,,,,,20360314,,,,,,,,,,,,,
,,,,,,,,,,,,,,,,,,,,,,,,,20360321,,,,,,,,,,,,,
,,,,,,,,,,,,,,,,,,,,,,,,,20360328,,,,,,,,,,,,,
,,,,,,,,,,,,,,,,,,,,,,,,,20360404,,,,,,,,,,,,,
,,,,,,,,,,,,,,,,,,,,,,,,,20360411,,,,,,,,,,,,,
,,,,,,,,,,,,,,,,,,,,,,,,,20360418,,,,,,,,,,,,,
,,,,,,,,,,,,,,,,,,,,,,,,,20360425,,,,,,,,,,,,,
,,,,,,,,,,,,,,,,,,,,,,,,,20360502,,,,,,,,,,,,,
,,,,,,,,,,,,,,,,,,,,,,,,,20360509,,,,,,,,,,,,,
,,,,,,,,,,,,,,,,,,,,,,,,,20360516,,,,,,,,,,,,,
,,,,,,,,,,,,,,,,,,,,,,,,,20360523,,,,,,,,,,,,,
,,,,,,,,,,,,,,,,,,,,,,,,,20360530,,,,,,,,,,,,,
,,,,,,,,,,,,,,,,,,,,,,,,,20360606,,,,,,,,,,,,,
,,,,,,,,,,,,,,,,,,,,,,,,,20360613,,,,,,,,,,,,,
,,,,,,,,,,,,,,,,,,,,,,,,,20360620,,,,,,,,,,,,,
,,,,,,,,,,,,,,,,,,,,,,,,,20360627,,,,,,,,,,,,,
,,,,,,,,,,,,,,,,,,,,,,,,,20360704,,,,,,,,,,,,,
,,,,,,,,,,,,,,,,,,,,,,,,,20360711,,,,,,,,,,,,,
,,,,,,,,,,,,,,,,,,,,,,,,,20360718,,,,,,,,,,,,,
,,,,,,,,,,,,,,,,,,,,,,,,,20360725,,,,,,,,,,,,,
,,,,,,,,,,,,,,,,,,,,,,,,,20360801,,,,,,,,,,,,,
,,,,,,,,,,,,,,,,,,,,,,,,,20360808,,,,,,,,,,,,,
,,,,,,,,,,,,,,,,,,,,,,,,,20360815,,,,,,,,,,,,,
,,,,,,,,,,,,,,,,,,,,,,,,,20360822,,,,,,,,,,,,,
,,,,,,,,,,,,,,,,,,,,,,,,,20360829,,,,,,,,,,,,,
,,,,,,,,,,,,,,,,,,,,,,,,,20360905,,,,,,,,,,,,,
,,,,,,,,,,,,,,,,,,,,,,,,,20360912,,,,,,,,,,,,,
,,,,,,,,,,,,,,,,,,,,,,,,,20360919,,,,,,,,,,,,,
,,,,,,,,,,,,,,,,,,,,,,,,,20360923,,,,,,,,,,,,,
,,,,,,,,,,,,,,,,,,,,,,,,,20360926,,,,,,,,,,,,,
,,,,,,,,,,,,,,,,,,,,,,,,,20361003,,,,,,,,,,,,,
,,,,,,,,,,,,,,,,,,,,,,,,,20361010,,,,,,,,,,,,,
,,,,,,,,,,,,,,,,,,,,,,,,,20361017,,,,,,,,,,,,,
,,,,,,,,,,,,,,,,,,,,,,,,,20361024,,,,,,,,,,,,,
,,,,,,,,,,,,,,,,,,,,,,,,,20361031,,,,,,,,,,,,,
,,,,,,,,,,,,,,,,,,,,,,,,,20361107,,,,,,,,,,,,,
,,,,,,,,,,,,,,,,,,,,,,,,,20361114,,,,,,,,,,,,,
,,,,,,,,,,,,,,,,,,,,,,,,,20361118,,,,,,,,,,,,,
,,,,,,,,,,,,,,,,,,,,,,,,,20361119,,,,,,,,,,,,,
,,,,,,,,,,,,,,,,,,,,,,,,,20361120,,,,,,,,,,,,,
,,,,,,,,,,,,,,,,,,,,,,,,,20361121,,,,,,,,,,,,,
,,,,,,,,,,,,,,,,,,,,,,,,,20361128,,,,,,,,,,,,,
,,,,,,,,,,,,,,,,,,,,,,,,,20361205,,,,,,,,,,,,,
,,,,,,,,,,,,,,,,,,,,,,,,,20361212,,,,,,,,,,,,,
,,,,,,,,,,,,,,,,,,,,,,,,,20361219,,,,,,,,,,,,,
,,,,,,,,,,,,,,,,,,,,,,,,,20361226,,,,,,,,,,,,,
,,,,,,,,,,,,,,,,,,,,,,,,,20370102,,,,,,,,,,,,,
,,,,,,,,,,,,,,,,,,,,,,,,,20370109,,,,,,,,,,,,,
,,,,,,,,,,,,,,,,,,,,,,,,,20370116,,,,,,,,,,,,,
,,,,,,,,,,,,,,,,,,,,,,,,,20370123,,,,,,,,,,,,,
,,,,,,,,,,,,,,,,,,,,,,,,,20370126,,,,,,,,,,,,,
,,,,,,,,,,,,,,,,,,,,,,,,,20370127,,,,,,,,,,,,,
,,,,,,,,,,,,,,,,,,,,,,,,,20370130,,,,,,,,,,,,,
,,,,,,,,,,,,,,,,,,,,,,,,,20370206,,,,,,,,,,,,,
,,,,,,,,,,,,,,,,,,,,,,,,,20370213,,,,,,,,,,,,,
,,,,,,,,,,,,,,,,,,,,,,,,,20370220,,,,,,,,,,,,,
,,,,,,,,,,,,,,,,,,,,,,,,,20370227,,,,,,,,,,,,,
,,,,,,,,,,,,,,,,,,,,,,,,,20370306,,,,,,,,,,,,,
,,,,,,,,,,,,,,,,,,,,,,,,,20370313,,,,,,,,,,,,,
,,,,,,,,,,,,,,,,,,,,,,,,,20370320,,,,,,,,,,,,,
,,,,,,,,,,,,,,,,,,,,,,,,,20370327,,,,,,,,,,,,,
,,,,,,,,,,,,,,,,,,,,,,,,,20370403,,,,,,,,,,,,,
,,,,,,,,,,,,,,,,,,,,,,,,,20370410,,,,,,,,,,,,,
,,,,,,,,,,,,,,,,,,,,,,,,,20370417,,,,,,,,,,,,,
,,,,,,,,,,,,,,,,,,,,,,,,,20370424,,,,,,,,,,,,,
,,,,,,,,,,,,,,,,,,,,,,,,,20370501,,,,,,,,,,,,,
,,,,,,,,,,,,,,,,,,,,,,,,,20370508,,,,,,,,,,,,,
,,,,,,,,,,,,,,,,,,,,,,,,,20370515,,,,,,,,,,,,,
,,,,,,,,,,,,,,,,,,,,,,,,,20370522,,,,,,,,,,,,,
,,,,,,,,,,,,,,,,,,,,,,,,,20370529,,,,,,,,,,,,,
,,,,,,,,,,,,,,,,,,,,,,,,,20370605,,,,,,,,,,,,,
,,,,,,,,,,,,,,,,,,,,,,,,,20370612,,,,,,,,,,,,,
,,,,,,,,,,,,,,,,,,,,,,,,,20370619,,,,,,,,,,,,,
,,,,,,,,,,,,,,,,,,,,,,,,,20370626,,,,,,,,,,,,,
,,,,,,,,,,,,,,,,,,,,,,,,,20370703,,,,,,,,,,,,,
,,,,,,,,,,,,,,,,,,,,,,,,,20370710,,,,,,,,,,,,,
,,,,,,,,,,,,,,,,,,,,,,,,,20370717,,,,,,,,,,,,,
,,,,,,,,,,,,,,,,,,,,,,,,,20370724,,,,,,,,,,,,,
,,,,,,,,,,,,,,,,,,,,,,,,,20370731,,,,,,,,,,,,,
,,,,,,,,,,,,,,,,,,,,,,,,,20370807,,,,,,,,,,,,,
,,,,,,,,,,,,,,,,,,,,,,,,,20370814,,,,,,,,,,,,,
,,,,,,,,,,,,,,,,,,,,,,,,,20370821,,,,,,,,,,,,,
,,,,,,,,,,,,,,,,,,,,,,,,,20370828,,,,,,,,,,,,,
,,,,,,,,,,,,,,,,,,,,,,,,,20370904,,,,,,,,,,,,,
,,,,,,,,,,,,,,,,,,,,,,,,,20370911,,,,,,,,,,,,,
,,,,,,,,,,,,,,,,,,,,,,,,,20370918,,,,,,,,,,,,,
,,,,,,,,,,,,,,,,,,,,,,,,,20370923,,,,,,,,,,,,,
,,,,,,,,,,,,,,,,,,,,,,,,,20370925,,,,,,,,,,,,,
,,,,,,,,,,,,,,,,,,,,,,,,,20371002,,,,,,,,,,,,,
,,,,,,,,,,,,,,,,,,,,,,,,,20371009,,,,,,,,,,,,,
,,,,,,,,,,,,,,,,,,,,,,,,,20371016,,,,,,,,,,,,,
,,,,,,,,,,,,,,,,,,,,,,,,,20371023,,,,,,,,,,,,,
,,,,,,,,,,,,,,,,,,,,,,,,,20371030,,,,,,,,,,,,,
,,,,,,,,,,,,,,,,,,,,,,,,,20371105,,,,,,,,,,,,,
,,,,,,,,,,,,,,,,,,,,,,,,,20371106,,,,,,,,,,,,,
,,,,,,,,,,,,,,,,,,,,,,,,,20371109,,,,,,,,,,,,,
,,,,,,,,,,,,,,,,,,,,,,,,,20371113,,,,,,,,,,,,,
,,,,,,,,,,,,,,,,,,,,,,,,,20371120,,,,,,,,,,,,,
,,,,,,,,,,,,,,,,,,,,,,,,,20371127,,,,,,,,,,,,,
,,,,,,,,,,,,,,,,,,,,,,,,,20371204,,,,,,,,,,,,,
,,,,,,,,,,,,,,,,,,,,,,,,,20371211,,,,,,,,,,,,,
,,,,,,,,,,,,,,,,,,,,,,,,,20371218,,,,,,,,,,,,,
,,,,,,,,,,,,,,,,,,,,,,,,,20371225,,,,,,,,,,,,,
,,,,,,,,,,,,,,,,,,,,,,,,,20380101,,,,,,,,,,,,,
,,,,,,,,,,,,,,,,,,,,,,,,,20380108,,,,,,,,,,,,,
,,,,,,,,,,,,,,,,,,,,,,,,,20380114,,,,,,,,,,,,,
,,,,,,,,,,,,,,,,,,,,,,,,,20380115,,,,,,,,,,,,,
,,,,,,,,,,,,,,,,,,,,,,,,,20380118,,,,,,,,,,,,,
,,,,,,,,,,,,,,,,,,,,,,,,,20380122,,,,,,,,,,,,,
,,,,,,,,,,,,,,,,,,,,,,,,,20380129,,,,,,,,,,,,,
,,,,,,,,,,,,,,,,,,,,,,,,,20380205,,,,,,,,,,,,,
,,,,,,,,,,,,,,,,,,,,,,,,,20380212,,,,,,,,,,,,,
,,,,,,,,,,,,,,,,,,,,,,,,,20380219,,,,,,,,,,,,,
,,,,,,,,,,,,,,,,,,,,,,,,,20380226,,,,,,,,,,,,,
,,,,,,,,,,,,,,,,,,,,,,,,,20380305,,,,,,,,,,,,,
,,,,,,,,,,,,,,,,,,,,,,,,,20380312,,,,,,,,,,,,,
,,,,,,,,,,,,,,,,,,,,,,,,,20380319,,,,,,,,,,,,,
,,,,,,,,,,,,,,,,,,,,,,,,,20380326,,,,,,,,,,,,,
,,,,,,,,,,,,,,,,,,,,,,,,,20380402,,,,,,,,,,,,,
,,,,,,,,,,,,,,,,,,,,,,,,,20380409,,,,,,,,,,,,,
,,,,,,,,,,,,,,,,,,,,,,,,,20380416,,,,,,,,,,,,,
,,,,,,,,,,,,,,,,,,,,,,,,,20380423,,,,,,,,,,,,,
,,,,,,,,,,,,,,,,,,,,,,,,,20380430,,,,,,,,,,,,,
,,,,,,,,,,,,,,,,,,,,,,,,,20380507,,,,,,,,,,,,,
,,,,,,,,,,,,,,,,,,,,,,,,,20380514,,,,,,,,,,,,,
,,,,,,,,,,,,,,,,,,,,,,,,,20380521,,,,,,,,,,,,,
,,,,,,,,,,,,,,,,,,,,,,,,,20380528,,,,,,,,,,,,,
,,,,,,,,,,,,,,,,,,,,,,,,,20380604,,,,,,,,,,,,,
,,,,,,,,,,,,,,,,,,,,,,,,,20380611,,,,,,,,,,,,,
,,,,,,,,,,,,,,,,,,,,,,,,,20380618,,,,,,,,,,,,,
,,,,,,,,,,,,,,,,,,,,,,,,,20380625,,,,,,,,,,,,,
,,,,,,,,,,,,,,,,,,,,,,,,,20380702,,,,,,,,,,,,,
,,,,,,,,,,,,,,,,,,,,,,,,,20380709,,,,,,,,,,,,,
,,,,,,,,,,,,,,,,,,,,,,,,,20380716,,,,,,,,,,,,,
,,,,,,,,,,,,,,,,,,,,,,,,,20380723,,,,,,,,,,,,,
,,,,,,,,,,,,,,,,,,,,,,,,,20380730,,,,,,,,,,,,,
,,,,,,,,,,,,,,,,,,,,,,,,,20380806,,,,,,,,,,,,,
,,,,,,,,,,,,,,,,,,,,,,,,,20380813,,,,,,,,,,,,,
,,,,,,,,,,,,,,,,,,,,,,,,,20380820,,,,,,,,,,,,,
,,,,,,,,,,,,,,,,,,,,,,,,,20380827,,,,,,,,,,,,,
,,,,,,,,,,,,,,,,,,,,,,,,,20380903,,,,,,,,,,,,,
,,,,,,,,,,,,,,,,,,,,,,,,,20380910,,,,,,,,,,,,,
,,,,,,,,,,,,,,,,,,,,,,,,,20380917,,,,,,,,,,,,,
,,,,,,,,,,,,,,,,,,,,,,,,,20380923,,,,,,,,,,,,,
,,,,,,,,,,,,,,,,,,,,,,,,,20380924,,,,,,,,,,,,,
,,,,,,,,,,,,,,,,,,,,,,,,,20381001,,,,,,,,,,,,,
,,,,,,,,,,,,,,,,,,,,,,,,,20381008,,,,,,,,,,,,,
,,,,,,,,,,,,,,,,,,,,,,,,,20381015,,,,,,,,,,,,,
,,,,,,,,,,,,,,,,,,,,,,,,,20381022,,,,,,,,,,,,,
,,,,,,,,,,,,,,,,,,,,,,,,,20381028,,,,,,,,,,,,,
,,,,,,,,,,,,,,,,,,,,,,,,,20381029,,,,,,,,,,,,,
,,,,,,,,,,,,,,,,,,,,,,,,,20381101,,,,,,,,,,,,,
,,,,,,,,,,,,,,,,,,,,,,,,,20381105,,,,,,,,,,,,,
,,,,,,,,,,,,,,,,,,,,,,,,,20381112,,,,,,,,,,,,,
,,,,,,,,,,,,,,,,,,,,,,,,,20381119,,,,,,,,,,,,,
,,,,,,,,,,,,,,,,,,,,,,,,,20381126,,,,,,,,,,,,,
,,,,,,,,,,,,,,,,,,,,,,,,,20381203,,,,,,,,,,,,,
,,,,,,,,,,,,,,,,,,,,,,,,,20381210,,,,,,,,,,,,,
,,,,,,,,,,,,,,,,,,,,,,,,,20381217,,,,,,,,,,,,,
,,,,,,,,,,,,,,,,,,,,,,,,,20381224,,,,,,,,,,,,,
,,,,,,,,,,,,,,,,,,,,,,,,,20381231,,,,,,,,,,,,,
,,,,,,,,,,,,,,,,,,,,,,,,,20390104,,,,,,,,,,,,,
,,,,,,,,,,,,,,,,,,,,,,,,,20390105,,,,,,,,,,,,,
,,,,,,,,,,,,,,,,,,,,,,,,,20390106,,,,,,,,,,,,,
,,,,,,,,,,,,,,,,,,,,,,,,,20390107,,,,,,,,,,,,,
,,,,,,,,,,,,,,,,,,,,,,,,,20390114,,,,,,,,,,,,,
,,,,,,,,,,,,,,,,,,,,,,,,,20390121,,,,,,,,,,,,,
,,,,,,,,,,,,,,,,,,,,,,,,,20390128,,,,,,,,,,,,,
,,,,,,,,,,,,,,,,,,,,,,,,,20390204,,,,,,,,,,,,,
,,,,,,,,,,,,,,,,,,,,,,,,,20390211,,,,,,,,,,,,,
,,,,,,,,,,,,,,,,,,,,,,,,,20390218,,,,,,,,,,,,,
,,,,,,,,,,,,,,,,,,,,,,,,,20390225,,,,,,,,,,,,,
,,,,,,,,,,,,,,,,,,,,,,,,,20390304,,,,,,,,,,,,,
,,,,,,,,,,,,,,,,,,,,,,,,,20390311,,,,,,,,,,,,,
,,,,,,,,,,,,,,,,,,,,,,,,,20390318,,,,,,,,,,,,,
,,,,,,,,,,,,,,,,,,,,,,,,,20390325,,,,,,,,,,,,,
,,,,,,,,,,,,,,,,,,,,,,,,,20390401,,,,,,,,,,,,,
,,,,,,,,,,,,,,,,,,,,,,,,,20390408,,,,,,,,,,,,,
,,,,,,,,,,,,,,,,,,,,,,,,,20390415,,,,,,,,,,,,,
,,,,,,,,,,,,,,,,,,,,,,,,,20390422,,,,,,,,,,,,,
,,,,,,,,,,,,,,,,,,,,,,,,,20390429,,,,,,,,,,,,,
,,,,,,,,,,,,,,,,,,,,,,,,,20390506,,,,,,,,,,,,,
,,,,,,,,,,,,,,,,,,,,,,,,,20390513,,,,,,,,,,,,,
,,,,,,,,,,,,,,,,,,,,,,,,,20390520,,,,,,,,,,,,,
,,,,,,,,,,,,,,,,,,,,,,,,,20390527,,,,,,,,,,,,,
,,,,,,,,,,,,,,,,,,,,,,,,,20390603,,,,,,,,,,,,,
,,,,,,,,,,,,,,,,,,,,,,,,,20390610,,,,,,,,,,,,,
,,,,,,,,,,,,,,,,,,,,,,,,,20390617,,,,,,,,,,,,,
,,,,,,,,,,,,,,,,,,,,,,,,,20390624,,,,,,,,,,,,,
,,,,,,,,,,,,,,,,,,,,,,,,,20390701,,,,,,,,,,,,,
,,,,,,,,,,,,,,,,,,,,,,,,,20390708,,,,,,,,,,,,,
,,,,,,,,,,,,,,,,,,,,,,,,,20390715,,,,,,,,,,,,,
,,,,,,,,,,,,,,,,,,,,,,,,,20390722,,,,,,,,,,,,,
,,,,,,,,,,,,,,,,,,,,,,,,,20390729,,,,,,,,,,,,,
,,,,,,,,,,,,,,,,,,,,,,,,,20390805,,,,,,,,,,,,,
,,,,,,,,,,,,,,,,,,,,,,,,,20390812,,,,,,,,,,,,,
,,,,,,,,,,,,,,,,,,,,,,,,,20390819,,,,,,,,,,,,,
,,,,,,,,,,,,,,,,,,,,,,,,,20390826,,,,,,,,,,,,,
,,,,,,,,,,,,,,,,,,,,,,,,,20390902,,,,,,,,,,,,,
,,,,,,,,,,,,,,,,,,,,,,,,,20390909,,,,,,,,,,,,,
,,,,,,,,,,,,,,,,,,,,,,,,,20390916,,,,,,,,,,,,,
,,,,,,,,,,,,,,,,,,,,,,,,,20390922,,,,,,,,,,,,,
,,,,,,,,,,,,,,,,,,,,,,,,,20390923,,,,,,,,,,,,,
,,,,,,,,,,,,,,,,,,,,,,,,,20390930,,,,,,,,,,,,,
,,,,,,,,,,,,,,,,,,,,,,,,,20391007,,,,,,,,,,,,,
,,,,,,,,,,,,,,,,,,,,,,,,,20391014,,,,,,,,,,,,,
,,,,,,,,,,,,,,,,,,,,,,,,,20391018,,,,,,,,,,,,,
,,,,,,,,,,,,,,,,,,,,,,,,,20391019,,,,,,,,,,,,,
,,,,,,,,,,,,,,,,,,,,,,,,,20391020,,,,,,,,,,,,,
,,,,,,,,,,,,,,,,,,,,,,,,,20391021,,,,,,,,,,,,,
,,,,,,,,,,,,,,,,,,,,,,,,,20391028,,,,,,,,,,,,,
,,,,,,,,,,,,,,,,,,,,,,,,,20391104,,,,,,,,,,,,,
,,,,,,,,,,,,,,,,,,,,,,,,,20391111,,,,,,,,,,,,,
,,,,,,,,,,,,,,,,,,,,,,,,,20391118,,,,,,,,,,,,,
,,,,,,,,,,,,,,,,,,,,,,,,,20391125,,,,,,,,,,,,,
,,,,,,,,,,,,,,,,,,,,,,,,,20391202,,,,,,,,,,,,,
,,,,,,,,,,,,,,,,,,,,,,,,,20391209,,,,,,,,,,,,,
,,,,,,,,,,,,,,,,,,,,,,,,,20391216,,,,,,,,,,,,,
,,,,,,,,,,,,,,,,,,,,,,,,,20391223,,,,,,,,,,,,,
,,,,,,,,,,,,,,,,,,,,,,,,,20391226,,,,,,,,,,,,,
,,,,,,,,,,,,,,,,,,,,,,,,,20391227,,,,,,,,,,,,,
,,,,,,,,,,,,,,,,,,,,,,,,,20391230,,,,,,,,,,,,,
,,,,,,,,,,,,,,,,,,,,,,,,,20400106,,,,,,,,,,,,,
,,,,,,,,,,,,,,,,,,,,,,,,,20400113,,,,,,,,,,,,,
,,,,,,,,,,,,,,,,,,,,,,,,,20400120,,,,,,,,,,,,,
,,,,,,,,,,,,,,,,,,,,,,,,,20400127,,,,,,,,,,,,,
,,,,,,,,,,,,,,,,,,,,,,,,,20400203,,,,,,,,,,,,,
,,,,,,,,,,,,,,,,,,,,,,,,,20400210,,,,,,,,,,,,,
,,,,,,,,,,,,,,,,,,,,,,,,,20400217,,,,,,,,,,,,,
,,,,,,,,,,,,,,,,,,,,,,,,,20400224,,,,,,,,,,,,,
,,,,,,,,,,,,,,,,,,,,,,,,,20400302,,,,,,,,,,,,,
,,,,,,,,,,,,,,,,,,,,,,,,,20400309,,,,,,,,,,,,,
,,,,,,,,,,,,,,,,,,,,,,,,,20400316,,,,,,,,,,,,,
,,,,,,,,,,,,,,,,,,,,,,,,,20400323,,,,,,,,,,,,,
,,,,,,,,,,,,,,,,,,,,,,,,,20400330,,,,,,,,,,,,,
,,,,,,,,,,,,,,,,,,,,,,,,,20400406,,,,,,,,,,,,,
,,,,,,,,,,,,,,,,,,,,,,,,,20400413,,,,,,,,,,,,,
,,,,,,,,,,,,,,,,,,,,,,,,,20400420,,,,,,,,,,,,,
,,,,,,,,,,,,,,,,,,,,,,,,,20400427,,,,,,,,,,,,,
,,,,,,,,,,,,,,,,,,,,,,,,,20400504,,,,,,,,,,,,,
,,,,,,,,,,,,,,,,,,,,,,,,,20400511,,,,,,,,,,,,,
,,,,,,,,,,,,,,,,,,,,,,,,,20400518,,,,,,,,,,,,,
,,,,,,,,,,,,,,,,,,,,,,,,,20400525,,,,,,,,,,,,,
,,,,,,,,,,,,,,,,,,,,,,,,,20400601,,,,,,,,,,,,,
,,,,,,,,,,,,,,,,,,,,,,,,,20400608,,,,,,,,,,,,,
,,,,,,,,,,,,,,,,,,,,,,,,,20400615,,,,,,,,,,,,,
,,,,,,,,,,,,,,,,,,,,,,,,,20400622,,,,,,,,,,,,,
,,,,,,,,,,,,,,,,,,,,,,,,,20400629,,,,,,,,,,,,,
,,,,,,,,,,,,,,,,,,,,,,,,,20400706,,,,,,,,,,,,,
,,,,,,,,,,,,,,,,,,,,,,,,,20400713,,,,,,,,,,,,,
,,,,,,,,,,,,,,,,,,,,,,,,,20400720,,,,,,,,,,,,,
,,,,,,,,,,,,,,,,,,,,,,,,,20400727,,,,,,,,,,,,,
,,,,,,,,,,,,,,,,,,,,,,,,,20400803,,,,,,,,,,,,,
,,,,,,,,,,,,,,,,,,,,,,,,,20400810,,,,,,,,,,,,,
,,,,,,,,,,,,,,,,,,,,,,,,,20400817,,,,,,,,,,,,,
,,,,,,,,,,,,,,,,,,,,,,,,,20400824,,,,,,,,,,,,,
,,,,,,,,,,,,,,,,,,,,,,,,,20400831,,,,,,,,,,,,,
,,,,,,,,,,,,,,,,,,,,,,,,,20400907,,,,,,,,,,,,,
,,,,,,,,,,,,,,,,,,,,,,,,,20400914,,,,,,,,,,,,,
,,,,,,,,,,,,,,,,,,,,,,,,,20400921,,,,,,,,,,,,,
,,,,,,,,,,,,,,,,,,,,,,,,,20400928,,,,,,,,,,,,,
,,,,,,,,,,,,,,,,,,,,,,,,,20401004,,,,,,,,,,,,,
,,,,,,,,,,,,,,,,,,,,,,,,,20401005,,,,,,,,,,,,,
,,,,,,,,,,,,,,,,,,,,,,,,,20401008,,,,,,,,,,,,,
,,,,,,,,,,,,,,,,,,,,,,,,,20401012,,,,,,,,,,,,,
,,,,,,,,,,,,,,,,,,,,,,,,,20401019,,,,,,,,,,,,,
,,,,,,,,,,,,,,,,,,,,,,,,,20401026,,,,,,,,,,,,,
,,,,,,,,,,,,,,,,,,,,,,,,,20401102,,,,,,,,,,,,,
,,,,,,,,,,,,,,,,,,,,,,,,,20401109,,,,,,,,,,,,,
,,,,,,,,,,,,,,,,,,,,,,,,,20401116,,,,,,,,,,,,,
,,,,,,,,,,,,,,,,,,,,,,,,,20401123,,,,,,,,,,,,,
,,,,,,,,,,,,,,,,,,,,,,,,,20401130,,,,,,,,,,,,,
,,,,,,,,,,,,,,,,,,,,,,,,,20401207,,,,,,,,,,,,,
,,,,,,,,,,,,,,,,,,,,,,,,,20401213,,,,,,,,,,,,,
,,,,,,,,,,,,,,,,,,,,,,,,,20401214,,,,,,,,,,,,,
,,,,,,,,,,,,,,,,,,,,,,,,,20401217,,,,,,,,,,,,,
,,,,,,,,,,,,,,,,,,,,,,,,,20401221,,,,,,,,,,,,,
,,,,,,,,,,,,,,,,,,,,,,,,,20401228,,,,,,,,,,,,,
,,,,,,,,,,,,,,,,,,,,,,,,,20410104,,,,,,,,,,,,,
,,,,,,,,,,,,,,,,,,,,,,,,,20410111,,,,,,,,,,,,,
,,,,,,,,,,,,,,,,,,,,,,,,,20410118,,,,,,,,,,,,,
,,,,,,,,,,,,,,,,,,,,,,,,,20410125,,,,,,,,,,,,,
,,,,,,,,,,,,,,,,,,,,,,,,,20410201,,,,,,,,,,,,,
,,,,,,,,,,,,,,,,,,,,,,,,,20410208,,,,,,,,,,,,,
,,,,,,,,,,,,,,,,,,,,,,,,,20410215,,,,,,,,,,,,,
,,,,,,,,,,,,,,,,,,,,,,,,,20410222,,,,,,,,,,,,,
,,,,,,,,,,,,,,,,,,,,,,,,,20410301,,,,,,,,,,,,,
,,,,,,,,,,,,,,,,,,,,,,,,,20410308,,,,,,,,,,,,,
,,,,,,,,,,,,,,,,,,,,,,,,,20410315,,,,,,,,,,,,,
,,,,,,,,,,,,,,,,,,,,,,,,,20410322,,,,,,,,,,,,,
,,,,,,,,,,,,,,,,,,,,,,,,,20410329,,,,,,,,,,,,,
,,,,,,,,,,,,,,,,,,,,,,,,,20410405,,,,,,,,,,,,,
,,,,,,,,,,,,,,,,,,,,,,,,,20410412,,,,,,,,,,,,,
,,,,,,,,,,,,,,,,,,,,,,,,,20410419,,,,,,,,,,,,,
,,,,,,,,,,,,,,,,,,,,,,,,,20410426,,,,,,,,,,,,,
,,,,,,,,,,,,,,,,,,,,,,,,,20410503,,,,,,,,,,,,,
,,,,,,,,,,,,,,,,,,,,,,,,,20410510,,,,,,,,,,,,,
,,,,,,,,,,,,,,,,,,,,,,,,,20410517,,,,,,,,,,,,,
,,,,,,,,,,,,,,,,,,,,,,,,,20410524,,,,,,,,,,,,,
,,,,,,,,,,,,,,,,,,,,,,,,,20410531,,,,,,,,,,,,,
,,,,,,,,,,,,,,,,,,,,,,,,,20410607,,,,,,,,,,,,,
,,,,,,,,,,,,,,,,,,,,,,,,,20410614,,,,,,,,,,,,,
,,,,,,,,,,,,,,,,,,,,,,,,,20410621,,,,,,,,,,,,,
,,,,,,,,,,,,,,,,,,,,,,,,,20410628,,,,,,,,,,,,,
,,,,,,,,,,,,,,,,,,,,,,,,,20410705,,,,,,,,,,,,,
,,,,,,,,,,,,,,,,,,,,,,,,,20410712,,,,,,,,,,,,,
,,,,,,,,,,,,,,,,,,,,,,,,,20410719,,,,,,,,,,,,,
,,,,,,,,,,,,,,,,,,,,,,,,,20410726,,,,,,,,,,,,,
,,,,,,,,,,,,,,,,,,,,,,,,,20410802,,,,,,,,,,,,,
,,,,,,,,,,,,,,,,,,,,,,,,,20410809,,,,,,,,,,,,,
,,,,,,,,,,,,,,,,,,,,,,,,,20410816,,,,,,,,,,,,,
,,,,,,,,,,,,,,,,,,,,,,,,,20410823,,,,,,,,,,,,,
,,,,,,,,,,,,,,,,,,,,,,,,,20410830,,,,,,,,,,,,,
,,,,,,,,,,,,,,,,,,,,,,,,,20410906,,,,,,,,,,,,,
,,,,,,,,,,,,,,,,,,,,,,,,,20410913,,,,,,,,,,,,,
,,,,,,,,,,,,,,,,,,,,,,,,,20410920,,,,,,,,,,,,,
,,,,,,,,,,,,,,,,,,,,,,,,,20410923,,,,,,,,,,,,,
,,,,,,,,,,,,,,,,,,,,,,,,,20410925,,,,,,,,,,,,,
,,,,,,,,,,,,,,,,,,,,,,,,,20410926,,,,,,,,,,,,,
,,,,,,,,,,,,,,,,,,,,,,,,,20410927,,,,,,,,,,,,,
,,,,,,,,,,,,,,,,,,,,,,,,,20411004,,,,,,,,,,,,,
,,,,,,,,,,,,,,,,,,,,,,,,,20411011,,,,,,,,,,,,,
,,,,,,,,,,,,,,,,,,,,,,,,,20411018,,,,,,,,,,,,,
,,,,,,,,,,,,,,,,,,,,,,,,,20411025,,,,,,,,,,,,,
,,,,,,,,,,,,,,,,,,,,,,,,,20411101,,,,,,,,,,,,,
,,,,,,,,,,,,,,,,,,,,,,,,,20411108,,,,,,,,,,,,,
,,,,,,,,,,,,,,,,,,,,,,,,,20411115,,,,,,,,,,,,,
,,,,,,,,,,,,,,,,,,,,,,,,,20411122,,,,,,,,,,,,,
,,,,,,,,,,,,,,,,,,,,,,,,,20411129,,,,,,,,,,,,,
,,,,,,,,,,,,,,,,,,,,,,,,,20411203,,,,,,,,,,,,,
,,,,,,,,,,,,,,,,,,,,,,,,,20411204,,,,,,,,,,,,,
,,,,,,,,,,,,,,,,,,,,,,,,,20411205,,,,,,,,,,,,,
,,,,,,,,,,,,,,,,,,,,,,,,,20411206,,,,,,,,,,,,,
,,,,,,,,,,,,,,,,,,,,,,,,,20411213,,,,,,,,,,,,,
,,,,,,,,,,,,,,,,,,,,,,,,,20411220,,,,,,,,,,,,,
,,,,,,,,,,,,,,,,,,,,,,,,,20411227,,,,,,,,,,,,,
,,,,,,,,,,,,,,,,,,,,,,,,,20420103,,,,,,,,,,,,,
,,,,,,,,,,,,,,,,,,,,,,,,,20420110,,,,,,,,,,,,,
,,,,,,,,,,,,,,,,,,,,,,,,,20420117,,,,,,,,,,,,,
,,,,,,,,,,,,,,,,,,,,,,,,,20420124,,,,,,,,,,,,,
,,,,,,,,,,,,,,,,,,,,,,,,,20420131,,,,,,,,,,,,,
,,,,,,,,,,,,,,,,,,,,,,,,,20420207,,,,,,,,,,,,,
,,,,,,,,,,,,,,,,,,,,,,,,,20420214,,,,,,,,,,,,,
,,,,,,,,,,,,,,,,,,,,,,,,,20420221,,,,,,,,,,,,,
,,,,,,,,,,,,,,,,,,,,,,,,,20420228,,,,,,,,,,,,,
,,,,,,,,,,,,,,,,,,,,,,,,,20420307,,,,,,,,,,,,,
,,,,,,,,,,,,,,,,,,,,,,,,,20420314,,,,,,,,,,,,,
,,,,,,,,,,,,,,,,,,,,,,,,,20420321,,,,,,,,,,,,,
,,,,,,,,,,,,,,,,,,,,,,,,,20420328,,,,,,,,,,,,,
,,,,,,,,,,,,,,,,,,,,,,,,,20420404,,,,,,,,,,,,,
,,,,,,,,,,,,,,,,,,,,,,,,,20420411,,,,,,,,,,,,,
,,,,,,,,,,,,,,,,,,,,,,,,,20420418,,,,,,,,,,,,,
,,,,,,,,,,,,,,,,,,,,,,,,,20420425,,,,,,,,,,,,,
,,,,,,,,,,,,,,,,,,,,,,,,,20420502,,,,,,,,,,,,,
,,,,,,,,,,,,,,,,,,,,,,,,,20420509,,,,,,,,,,,,,
,,,,,,,,,,,,,,,,,,,,,,,,,20420516,,,,,,,,,,,,,
,,,,,,,,,,,,,,,,,,,,,,,,,20420523,,,,,,,,,,,,,
,,,,,,,,,,,,,,,,,,,,,,,,,20420530,,,,,,,,,,,,,
,,,,,,,,,,,,,,,,,,,,,,,,,20420606,,,,,,,,,,,,,
,,,,,,,,,,,,,,,,,,,,,,,,,20420613,,,,,,,,,,,,,
,,,,,,,,,,,,,,,,,,,,,,,,,20420620,,,,,,,,,,,,,
,,,,,,,,,,,,,,,,,,,,,,,,,20420627,,,,,,,,,,,,,
,,,,,,,,,,,,,,,,,,,,,,,,,20420704,,,,,,,,,,,,,
,,,,,,,,,,,,,,,,,,,,,,,,,20420711,,,,,,,,,,,,,
,,,,,,,,,,,,,,,,,,,,,,,,,20420718,,,,,,,,,,,,,
,,,,,,,,,,,,,,,,,,,,,,,,,20420725,,,,,,,,,,,,,
,,,,,,,,,,,,,,,,,,,,,,,,,20420801,,,,,,,,,,,,,
,,,,,,,,,,,,,,,,,,,,,,,,,20420808,,,,,,,,,,,,,
,,,,,,,,,,,,,,,,,,,,,,,,,20420815,,,,,,,,,,,,,
,,,,,,,,,,,,,,,,,,,,,,,,,20420822,,,,,,,,,,,,,
,,,,,,,,,,,,,,,,,,,,,,,,,20420829,,,,,,,,,,,,,
,,,,,,,,,,,,,,,,,,,,,,,,,20420905,,,,,,,,,,,,,
,,,,,,,,,,,,,,,,,,,,,,,,,20420912,,,,,,,,,,,,,
,,,,,,,,,,,,,,,,,,,,,,,,,20420915,,,,,,,,,,,,,
,,,,,,,,,,,,,,,,,,,,,,,,,20420916,,,,,,,,,,,,,
,,,,,,,,,,,,,,,,,,,,,,,,,20420919,,,,,,,,,,,,,
,,,,,,,,,,,,,,,,,,,,,,,,,20420923,,,,,,,,,,,,,
,,,,,,,,,,,,,,,,,,,,,,,,,20420926,,,,,,,,,,,,,
,,,,,,,,,,,,,,,,,,,,,,,,,20421003,,,,,,,,,,,,,
,,,,,,,,,,,,,,,,,,,,,,,,,20421010,,,,,,,,,,,,,
,,,,,,,,,,,,,,,,,,,,,,,,,20421017,,,,,,,,,,,,,
,,,,,,,,,,,,,,,,,,,,,,,,,20421024,,,,,,,,,,,,,
,,,,,,,,,,,,,,,,,,,,,,,,,20421031,,,,,,,,,,,,,
,,,,,,,,,,,,,,,,,,,,,,,,,20421107,,,,,,,,,,,,,
,,,,,,,,,,,,,,,,,,,,,,,,,20421114,,,,,,,,,,,,,
,,,,,,,,,,,,,,,,,,,,,,,,,20421120,,,,,,,,,,,,,
,,,,,,,,,,,,,,,,,,,,,,,,,20421121,,,,,,,,,,,,,
,,,,,,,,,,,,,,,,,,,,,,,,,20421124,,,,,,,,,,,,,
,,,,,,,,,,,,,,,,,,,,,,,,,20421128,,,,,,,,,,,,,
,,,,,,,,,,,,,,,,,,,,,,,,,20421205,,,,,,,,,,,,,
,,,,,,,,,,,,,,,,,,,,,,,,,20421212,,,,,,,,,,,,,
,,,,,,,,,,,,,,,,,,,,,,,,,20421219,,,,,,,,,,,,,
,,,,,,,,,,,,,,,,,,,,,,,,,20421226,,,,,,,,,,,,,
,,,,,,,,,,,,,,,,,,,,,,,,,20430102,,,,,,,,,,,,,
,,,,,,,,,,,,,,,,,,,,,,,,,20430109,,,,,,,,,,,,,
,,,,,,,,,,,,,,,,,,,,,,,,,20430116,,,,,,,,,,,,,
,,,,,,,,,,,,,,,,,,,,,,,,,20430123,,,,,,,,,,,,,
,,,,,,,,,,,,,,,,,,,,,,,,,20430130,,,,,,,,,,,,,
,,,,,,,,,,,,,,,,,,,,,,,,,20430206,,,,,,,,,,,,,
,,,,,,,,,,,,,,,,,,,,,,,,,20430213,,,,,,,,,,,,,
,,,,,,,,,,,,,,,,,,,,,,,,,20430220,,,,,,,,,,,,,
,,,,,,,,,,,,,,,,,,,,,,,,,20430227,,,,,,,,,,,,,
,,,,,,,,,,,,,,,,,,,,,,,,,20430306,,,,,,,,,,,,,
,,,,,,,,,,,,,,,,,,,,,,,,,20430313,,,,,,,,,,,,,
,,,,,,,,,,,,,,,,,,,,,,,,,20430320,,,,,,,,,,,,,
,,,,,,,,,,,,,,,,,,,,,,,,,20430327,,,,,,,,,,,,,
,,,,,,,,,,,,,,,,,,,,,,,,,20430403,,,,,,,,,,,,,
,,,,,,,,,,,,,,,,,,,,,,,,,20430410,,,,,,,,,,,,,
,,,,,,,,,,,,,,,,,,,,,,,,,20430417,,,,,,,,,,,,,
,,,,,,,,,,,,,,,,,,,,,,,,,20430424,,,,,,,,,,,,,
,,,,,,,,,,,,,,,,,,,,,,,,,20430501,,,,,,,,,,,,,
,,,,,,,,,,,,,,,,,,,,,,,,,20430508,,,,,,,,,,,,,
,,,,,,,,,,,,,,,,,,,,,,,,,20430515,,,,,,,,,,,,,
,,,,,,,,,,,,,,,,,,,,,,,,,20430522,,,,,,,,,,,,,
,,,,,,,,,,,,,,,,,,,,,,,,,20430529,,,,,,,,,,,,,
,,,,,,,,,,,,,,,,,,,,,,,,,20430605,,,,,,,,,,,,,
,,,,,,,,,,,,,,,,,,,,,,,,,20430612,,,,,,,,,,,,,
,,,,,,,,,,,,,,,,,,,,,,,,,20430619,,,,,,,,,,,,,
,,,,,,,,,,,,,,,,,,,,,,,,,20430626,,,,,,,,,,,,,
,,,,,,,,,,,,,,,,,,,,,,,,,20430703,,,,,,,,,,,,,
,,,,,,,,,,,,,,,,,,,,,,,,,20430710,,,,,,,,,,,,,
,,,,,,,,,,,,,,,,,,,,,,,,,20430717,,,,,,,,,,,,,
,,,,,,,,,,,,,,,,,,,,,,,,,20430724,,,,,,,,,,,,,
,,,,,,,,,,,,,,,,,,,,,,,,,20430731,,,,,,,,,,,,,
,,,,,,,,,,,,,,,,,,,,,,,,,20430807,,,,,,,,,,,,,
,,,,,,,,,,,,,,,,,,,,,,,,,20430814,,,,,,,,,,,,,
,,,,,,,,,,,,,,,,,,,,,,,,,20430821,,,,,,,,,,,,,
,,,,,,,,,,,,,,,,,,,,,,,,,20430828,,,,,,,,,,,,,
,,,,,,,,,,,,,,,,,,,,,,,,,20430903,,,,,,,,,,,,,
,,,,,,,,,,,,,,,,,,,,,,,,,20430904,,,,,,,,,,,,,
,,,,,,,,,,,,,,,,,,,,,,,,,20430907,,,,,,,,,,,,,
,,,,,,,,,,,,,,,,,,,,,,,,,20430911,,,,,,,,,,,,,
,,,,,,,,,,,,,,,,,,,,,,,,,20430918,,,,,,,,,,,,,
,,,,,,,,,,,,,,,,,,,,,,,,,20430923,,,,,,,,,,,,,
,,,,,,,,,,,,,,,,,,,,,,,,,20430925,,,,,,,,,,,,,
,,,,,,,,,,,,,,,,,,,,,,,,,20431002,,,,,,,,,,,,,
,,,,,,,,,,,,,,,,,,,,,,,,,20431009,,,,,,,,,,,,,
,,,,,,,,,,,,,,,,,,,,,,,,,20431016,,,,,,,,,,,,,
,,,,,,,,,,,,,,,,,,,,,,,,,20431023,,,,,,,,,,,,,
,,,,,,,,,,,,,,,,,,,,,,,,,20431030,,,,,,,,,,,,,
,,,,,,,,,,,,,,,,,,,,,,,,,20431106,,,,,,,,,,,,,
,,,,,,,,,,,,,,,,,,,,,,,,,20431111,,,,,,,,,,,,,
,,,,,,,,,,,,,,,,,,,,,,,,,20431112,,,,,,,,,,,,,
,,,,,,,,,,,,,,,,,,,,,,,,,20431113,,,,,,,,,,,,,
,,,,,,,,,,,,,,,,,,,,,,,,,20431120,,,,,,,,,,,,,
,,,,,,,,,,,,,,,,,,,,,,,,,20431127,,,,,,,,,,,,,
,,,,,,,,,,,,,,,,,,,,,,,,,20431204,,,,,,,,,,,,,
,,,,,,,,,,,,,,,,,,,,,,,,,20431211,,,,,,,,,,,,,
,,,,,,,,,,,,,,,,,,,,,,,,,20431218,,,,,,,,,,,,,
,,,,,,,,,,,,,,,,,,,,,,,,,20431225,,,,,,,,,,,,,
,,,,,,,,,,,,,,,,,,,,,,,,,20440101,,,,,,,,,,,,,
,,,,,,,,,,,,,,,,,,,,,,,,,20440108,,,,,,,,,,,,,
,,,,,,,,,,,,,,,,,,,,,,,,,20440115,,,,,,,,,,,,,
,,,,,,,,,,,,,,,,,,,,,,,,,20440122,,,,,,,,,,,,,
,,,,,,,,,,,,,,,,,,,,,,,,,20440129,,,,,,,,,,,,,
,,,,,,,,,,,,,,,,,,,,,,,,,20440205,,,,,,,,,,,,,
,,,,,,,,,,,,,,,,,,,,,,,,,20440212,,,,,,,,,,,,,
,,,,,,,,,,,,,,,,,,,,,,,,,20440219,,,,,,,,,,,,,
,,,,,,,,,,,,,,,,,,,,,,,,,20440226,,,,,,,,,,,,,
,,,,,,,,,,,,,,,,,,,,,,,,,20440304,,,,,,,,,,,,,
,,,,,,,,,,,,,,,,,,,,,,,,,20440311,,,,,,,,,,,,,
,,,,,,,,,,,,,,,,,,,,,,,,,20440318,,,,,,,,,,,,,
,,,,,,,,,,,,,,,,,,,,,,,,,20440325,,,,,,,,,,,,,
,,,,,,,,,,,,,,,,,,,,,,,,,20440401,,,,,,,,,,,,,
,,,,,,,,,,,,,,,,,,,,,,,,,20440408,,,,,,,,,,,,,
,,,,,,,,,,,,,,,,,,,,,,,,,20440415,,,,,,,,,,,,,
,,,,,,,,,,,,,,,,,,,,,,,,,20440422,,,,,,,,,,,,,
,,,,,,,,,,,,,,,,,,,,,,,,,20440429,,,,,,,,,,,,,
,,,,,,,,,,,,,,,,,,,,,,,,,20440506,,,,,,,,,,,,,
,,,,,,,,,,,,,,,,,,,,,,,,,20440513,,,,,,,,,,,,,
,,,,,,,,,,,,,,,,,,,,,,,,,20440520,,,,,,,,,,,,,
,,,,,,,,,,,,,,,,,,,,,,,,,20440527,,,,,,,,,,,,,
,,,,,,,,,,,,,,,,,,,,,,,,,20440603,,,,,,,,,,,,,
,,,,,,,,,,,,,,,,,,,,,,,,,20440610,,,,,,,,,,,,,
,,,,,,,,,,,,,,,,,,,,,,,,,20440617,,,,,,,,,,,,,
,,,,,,,,,,,,,,,,,,,,,,,,,20440624,,,,,,,,,,,,,
,,,,,,,,,,,,,,,,,,,,,,,,,20440701,,,,,,,,,,,,,
,,,,,,,,,,,,,,,,,,,,,,,,,20440708,,,,,,,,,,,,,
,,,,,,,,,,,,,,,,,,,,,,,,,20440715,,,,,,,,,,,,,
,,,,,,,,,,,,,,,,,,,,,,,,,20440722,,,,,,,,,,,,,
,,,,,,,,,,,,,,,,,,,,,,,,,20440729,,,,,,,,,,,,,
,,,,,,,,,,,,,,,,,,,,,,,,,20440805,,,,,,,,,,,,,
,,,,,,,,,,,,,,,,,,,,,,,,,20440812,,,,,,,,,,,,,
,,,,,,,,,,,,,,,,,,,,,,,,,20440819,,,,,,,,,,,,,
,,,,,,,,,,,,,,,,,,,,,,,,,20440823,,,,,,,,,,,,,
,,,,,,,,,,,,,,,,,,,,,,,,,20440824,,,,,,,,,,,,,
,,,,,,,,,,,,,,,,,,,,,,,,,20440825,,,,,,,,,,,,,
,,,,,,,,,,,,,,,,,,,,,,,,,20440826,,,,,,,,,,,,,
,,,,,,,,,,,,,,,,,,,,,,,,,20440902,,,,,,,,,,,,,
,,,,,,,,,,,,,,,,,,,,,,,,,20440909,,,,,,,,,,,,,
,,,,,,,,,,,,,,,,,,,,,,,,,20440916,,,,,,,,,,,,,
,,,,,,,,,,,,,,,,,,,,,,,,,20440922,,,,,,,,,,,,,
,,,,,,,,,,,,,,,,,,,,,,,,,20440923,,,,,,,,,,,,,
,,,,,,,,,,,,,,,,,,,,,,,,,20440930,,,,,,,,,,,,,
,,,,,,,,,,,,,,,,,,,,,,,,,20441007,,,,,,,,,,,,,
,,,,,,,,,,,,,,,,,,,,,,,,,20441014,,,,,,,,,,,,,
,,,,,,,,,,,,,,,,,,,,,,,,,20441021,,,,,,,,,,,,,
,,,,,,,,,,,,,,,,,,,,,,,,,20441028,,,,,,,,,,,,,
,,,,,,,,,,,,,,,,,,,,,,,,,20441031,,,,,,,,,,,,,
,,,,,,,,,,,,,,,,,,,,,,,,,20441101,,,,,,,,,,,,,
,,,,,,,,,,,,,,,,,,,,,,,,,20441104,,,,,,,,,,,,,
,,,,,,,,,,,,,,,,,,,,,,,,,20441111,,,,,,,,,,,,,
,,,,,,,,,,,,,,,,,,,,,,,,,20441118,,,,,,,,,,,,,
,,,,,,,,,,,,,,,,,,,,,,,,,20441125,,,,,,,,,,,,,
,,,,,,,,,,,,,,,,,,,,,,,,,20441202,,,,,,,,,,,,,
,,,,,,,,,,,,,,,,,,,,,,,,,20441209,,,,,,,,,,,,,
,,,,,,,,,,,,,,,,,,,,,,,,,20441216,,,,,,,,,,,,,
,,,,,,,,,,,,,,,,,,,,,,,,,20441223,,,,,,,,,,,,,
,,,,,,,,,,,,,,,,,,,,,,,,,20441230,,,,,,,,,,,,,
,,,,,,,,,,,,,,,,,,,,,,,,,20450106,,,,,,,,,,,,,
,,,,,,,,,,,,,,,,,,,,,,,,,20450113,,,,,,,,,,,,,
,,,,,,,,,,,,,,,,,,,,,,,,,20450120,,,,,,,,,,,,,
,,,,,,,,,,,,,,,,,,,,,,,,,20450127,,,,,,,,,,,,,
,,,,,,,,,,,,,,,,,,,,,,,,,20450203,,,,,,,,,,,,,
,,,,,,,,,,,,,,,,,,,,,,,,,20450210,,,,,,,,,,,,,
,,,,,,,,,,,,,,,,,,,,,,,,,20450217,,,,,,,,,,,,,
,,,,,,,,,,,,,,,,,,,,,,,,,20450224,,,,,,,,,,,,,
,,,,,,,,,,,,,,,,,,,,,,,,,20450303,,,,,,,,,,,,,
,,,,,,,,,,,,,,,,,,,,,,,,,20450310,,,,,,,,,,,,,
,,,,,,,,,,,,,,,,,,,,,,,,,20450317,,,,,,,,,,,,,
,,,,,,,,,,,,,,,,,,,,,,,,,20450324,,,,,,,,,,,,,
,,,,,,,,,,,,,,,,,,,,,,,,,20450331,,,,,,,,,,,,,
,,,,,,,,,,,,,,,,,,,,,,,,,20450407,,,,,,,,,,,,,
,,,,,,,,,,,,,,,,,,,,,,,,,20450414,,,,,,,,,,,,,
,,,,,,,,,,,,,,,,,,,,,,,,,20450421,,,,,,,,,,,,,
,,,,,,,,,,,,,,,,,,,,,,,,,20450428,,,,,,,,,,,,,
,,,,,,,,,,,,,,,,,,,,,,,,,20450505,,,,,,,,,,,,,
,,,,,,,,,,,,,,,,,,,,,,,,,20450512,,,,,,,,,,,,,
,,,,,,,,,,,,,,,,,,,,,,,,,20450519,,,,,,,,,,,,,
,,,,,,,,,,,,,,,,,,,,,,,,,20450526,,,,,,,,,,,,,
,,,,,,,,,,,,,,,,,,,,,,,,,20450602,,,,,,,,,,,,,
,,,,,,,,,,,,,,,,,,,,,,,,,20450609,,,,,,,,,,,,,
,,,,,,,,,,,,,,,,,,,,,,,,,20450616,,,,,,,,,,,,,
,,,,,,,,,,,,,,,,,,,,,,,,,20450623,,,,,,,,,,,,,
,,,,,,,,,,,,,,,,,,,,,,,,,20450630,,,,,,,,,,,,,
,,,,,,,,,,,,,,,,,,,,,,,,,20450707,,,,,,,,,,,,,
,,,,,,,,,,,,,,,,,,,,,,,,,20450714,,,,,,,,,,,,,
,,,,,,,,,,,,,,,,,,,,,,,,,20450721,,,,,,,,,,,,,
,,,,,,,,,,,,,,,,,,,,,,,,,20450728,,,,,,,,,,,,,
,,,,,,,,,,,,,,,,,,,,,,,,,20450804,,,,,,,,,,,,,
,,,,,,,,,,,,,,,,,,,,,,,,,20450811,,,,,,,,,,,,,
,,,,,,,,,,,,,,,,,,,,,,,,,20450814,,,,,,,,,,,,,
,,,,,,,,,,,,,,,,,,,,,,,,,20450815,,,,,,,,,,,,,
,,,,,,,,,,,,,,,,,,,,,,,,,20450818,,,,,,,,,,,,,
,,,,,,,,,,,,,,,,,,,,,,,,,20450825,,,,,,,,,,,,,
,,,,,,,,,,,,,,,,,,,,,,,,,20450901,,,,,,,,,,,,,
,,,,,,,,,,,,,,,,,,,,,,,,,20450908,,,,,,,,,,,,,
,,,,,,,,,,,,,,,,,,,,,,,,,20450915,,,,,,,,,,,,,
,,,,,,,,,,,,,,,,,,,,,,,,,20450922,,,,,,,,,,,,,
,,,,,,,,,,,,,,,,,,,,,,,,,20450929,,,,,,,,,,,,,
,,,,,,,,,,,,,,,,,,,,,,,,,20451006,,,,,,,,,,,,,
,,,,,,,,,,,,,,,,,,,,,,,,,20451013,,,,,,,,,,,,,
,,,,,,,,,,,,,,,,,,,,,,,,,20451019,,,,,,,,,,,,,
,,,,,,,,,,,,,,,,,,,,,,,,,20451020,,,,,,,,,,,,,
,,,,,,,,,,,,,,,,,,,,,,,,,20451023,,,,,,,,,,,,,
,,,,,,,,,,,,,,,,,,,,,,,,,20451027,,,,,,,,,,,,,
,,,,,,,,,,,,,,,,,,,,,,,,,20451103,,,,,,,,,,,,,
,,,,,,,,,,,,,,,,,,,,,,,,,20451110,,,,,,,,,,,,,
,,,,,,,,,,,,,,,,,,,,,,,,,20451117,,,,,,,,,,,,,
,,,,,,,,,,,,,,,,,,,,,,,,,20451124,,,,,,,,,,,,,
,,,,,,,,,,,,,,,,,,,,,,,,,20451201,,,,,,,,,,,,,
,,,,,,,,,,,,,,,,,,,,,,,,,20451208,,,,,,,,,,,,,
,,,,,,,,,,,,,,,,,,,,,,,,,20451215,,,,,,,,,,,,,
,,,,,,,,,,,,,,,,,,,,,,,,,20451222,,,,,,,,,,,,,
,,,,,,,,,,,,,,,,,,,,,,,,,20451229,,,,,,,,,,,,,
,,,,,,,,,,,,,,,,,,,,,,,,,20460105,,,,,,,,,,,,,
,,,,,,,,,,,,,,,,,,,,,,,,,20460112,,,,,,,,,,,,,
,,,,,,,,,,,,,,,,,,,,,,,,,20460119,,,,,,,,,,,,,
,,,,,,,,,,,,,,,,,,,,,,,,,20460126,,,,,,,,,,,,,
,,,,,,,,,,,,,,,,,,,,,,,,,20460202,,,,,,,,,,,,,
,,,,,,,,,,,,,,,,,,,,,,,,,20460209,,,,,,,,,,,,,
,,,,,,,,,,,,,,,,,,,,,,,,,20460216,,,,,,,,,,,,,
,,,,,,,,,,,,,,,,,,,,,,,,,20460223,,,,,,,,,,,,,
,,,,,,,,,,,,,,,,,,,,,,,,,20460302,,,,,,,,,,,,,
,,,,,,,,,,,,,,,,,,,,,,,,,20460309,,,,,,,,,,,,,
,,,,,,,,,,,,,,,,,,,,,,,,,20460316,,,,,,,,,,,,,
,,,,,,,,,,,,,,,,,,,,,,,,,20460323,,,,,,,,,,,,,
,,,,,,,,,,,,,,,,,,,,,,,,,20460330,,,,,,,,,,,,,
,,,,,,,,,,,,,,,,,,,,,,,,,20460406,,,,,,,,,,,,,
,,,,,,,,,,,,,,,,,,,,,,,,,20460413,,,,,,,,,,,,,
,,,,,,,,,,,,,,,,,,,,,,,,,20460420,,,,,,,,,,,,,
,,,,,,,,,,,,,,,,,,,,,,,,,20460427,,,,,,,,,,,,,
,,,,,,,,,,,,,,,,,,,,,,,,,20460504,,,,,,,,,,,,,
,,,,,,,,,,,,,,,,,,,,,,,,,20460511,,,,,,,,,,,,,
,,,,,,,,,,,,,,,,,,,,,,,,,20460518,,,,,,,,,,,,,
,,,,,,,,,,,,,,,,,,,,,,,,,20460525,,,,,,,,,,,,,
,,,,,,,,,,,,,,,,,,,,,,,,,20460601,,,,,,,,,,,,,
,,,,,,,,,,,,,,,,,,,,,,,,,20460608,,,,,,,,,,,,,
,,,,,,,,,,,,,,,,,,,,,,,,,20460615,,,,,,,,,,,,,
,,,,,,,,,,,,,,,,,,,,,,,,,20460622,,,,,,,,,,,,,
,,,,,,,,,,,,,,,,,,,,,,,,,20460629,,,,,,,,,,,,,
,,,,,,,,,,,,,,,,,,,,,,,,,20460706,,,,,,,,,,,,,
,,,,,,,,,,,,,,,,,,,,,,,,,20460713,,,,,,,,,,,,,
,,,,,,,,,,,,,,,,,,,,,,,,,20460720,,,,,,,,,,,,,
,,,,,,,,,,,,,,,,,,,,,,,,,20460727,,,,,,,,,,,,,
,,,,,,,,,,,,,,,,,,,,,,,,,20460802,,,,,,,,,,,,,
,,,,,,,,,,,,,,,,,,,,,,,,,20460803,,,,,,,,,,,,,
,,,,,,,,,,,,,,,,,,,,,,,,,20460806,,,,,,,,,,,,,
,,,,,,,,,,,,,,,,,,,,,,,,,20460810,,,,,,,,,,,,,
,,,,,,,,,,,,,,,,,,,,,,,,,20460817,,,,,,,,,,,,,
,,,,,,,,,,,,,,,,,,,,,,,,,20460824,,,,,,,,,,,,,
,,,,,,,,,,,,,,,,,,,,,,,,,20460831,,,,,,,,,,,,,
,,,,,,,,,,,,,,,,,,,,,,,,,20460907,,,,,,,,,,,,,
,,,,,,,,,,,,,,,,,,,,,,,,,20460914,,,,,,,,,,,,,
,,,,,,,,,,,,,,,,,,,,,,,,,20460921,,,,,,,,,,,,,
,,,,,,,,,,,,,,,,,,,,,,,,,20460928,,,,,,,,,,,,,
,,,,,,,,,,,,,,,,,,,,,,,,,20461005,,,,,,,,,,,,,
,,,,,,,,,,,,,,,,,,,,,,,,,20461009,,,,,,,,,,,,,
,,,,,,,,,,,,,,,,,,,,,,,,,20461010,,,,,,,,,,,,,
,,,,,,,,,,,,,,,,,,,,,,,,,20461011,,,,,,,,,,,,,
,,,,,,,,,,,,,,,,,,,,,,,,,20461012,,,,,,,,,,,,,
,,,,,,,,,,,,,,,,,,,,,,,,,20461019,,,,,,,,,,,,,
,,,,,,,,,,,,,,,,,,,,,,,,,20461026,,,,,,,,,,,,,
,,,,,,,,,,,,,,,,,,,,,,,,,20461102,,,,,,,,,,,,,
,,,,,,,,,,,,,,,,,,,,,,,,,20461109,,,,,,,,,,,,,
,,,,,,,,,,,,,,,,,,,,,,,,,20461116,,,,,,,,,,,,,
,,,,,,,,,,,,,,,,,,,,,,,,,20461123,,,,,,,,,,,,,
,,,,,,,,,,,,,,,,,,,,,,,,,20461130,,,,,,,,,,,,,
,,,,,,,,,,,,,,,,,,,,,,,,,20461207,,,,,,,,,,,,,
,,,,,,,,,,,,,,,,,,,,,,,,,20461214,,,,,,,,,,,,,
,,,,,,,,,,,,,,,,,,,,,,,,,20461221,,,,,,,,,,,,,
,,,,,,,,,,,,,,,,,,,,,,,,,20461228,,,,,,,,,,,,,
,,,,,,,,,,,,,,,,,,,,,,,,,20470104,,,,,,,,,,,,,
,,,,,,,,,,,,,,,,,,,,,,,,,20470111,,,,,,,,,,,,,
,,,,,,,,,,,,,,,,,,,,,,,,,20470118,,,,,,,,,,,,,
,,,,,,,,,,,,,,,,,,,,,,,,,20470125,,,,,,,,,,,,,
,,,,,,,,,,,,,,,,,,,,,,,,,20470201,,,,,,,,,,,,,
,,,,,,,,,,,,,,,,,,,,,,,,,20470208,,,,,,,,,,,,,
,,,,,,,,,,,,,,,,,,,,,,,,,20470215,,,,,,,,,,,,,
,,,,,,,,,,,,,,,,,,,,,,,,,20470222,,,,,,,,,,,,,
,,,,,,,,,,,,,,,,,,,,,,,,,20470301,,,,,,,,,,,,,
,,,,,,,,,,,,,,,,,,,,,,,,,20470308,,,,,,,,,,,,,
,,,,,,,,,,,,,,,,,,,,,,,,,20470315,,,,,,,,,,,,,
,,,,,,,,,,,,,,,,,,,,,,,,,20470322,,,,,,,,,,,,,
,,,,,,,,,,,,,,,,,,,,,,,,,20470329,,,,,,,,,,,,,
,,,,,,,,,,,,,,,,,,,,,,,,,20470405,,,,,,,,,,,,,
,,,,,,,,,,,,,,,,,,,,,,,,,20470412,,,,,,,,,,,,,
,,,,,,,,,,,,,,,,,,,,,,,,,20470419,,,,,,,,,,,,,
,,,,,,,,,,,,,,,,,,,,,,,,,20470426,,,,,,,,,,,,,
,,,,,,,,,,,,,,,,,,,,,,,,,20470503,,,,,,,,,,,,,
,,,,,,,,,,,,,,,,,,,,,,,,,20470510,,,,,,,,,,,,,
,,,,,,,,,,,,,,,,,,,,,,,,,20470517,,,,,,,,,,,,,
,,,,,,,,,,,,,,,,,,,,,,,,,20470524,,,,,,,,,,,,,
,,,,,,,,,,,,,,,,,,,,,,,,,20470531,,,,,,,,,,,,,
,,,,,,,,,,,,,,,,,,,,,,,,,20470607,,,,,,,,,,,,,
,,,,,,,,,,,,,,,,,,,,,,,,,20470614,,,,,,,,,,,,,
,,,,,,,,,,,,,,,,,,,,,,,,,20470621,,,,,,,,,,,,,
,,,,,,,,,,,,,,,,,,,,,,,,,20470628,,,,,,,,,,,,,
,,,,,,,,,,,,,,,,,,,,,,,,,20470705,,,,,,,,,,,,,
,,,,,,,,,,,,,,,,,,,,,,,,,20470712,,,,,,,,,,,,,
,,,,,,,,,,,,,,,,,,,,,,,,,20470719,,,,,,,,,,,,,
,,,,,,,,,,,,,,,,,,,,,,,,,20470723,,,,,,,,,,,,,
,,,,,,,,,,,,,,,,,,,,,,,,,20470724,,,,,,,,,,,,,
,,,,,,,,,,,,,,,,,,,,,,,,,20470725,,,,,,,,,,,,,
,,,,,,,,,,,,,,,,,,,,,,,,,20470726,,,,,,,,,,,,,
,,,,,,,,,,,,,,,,,,,,,,,,,20470802,,,,,,,,,,,,,
,,,,,,,,,,,,,,,,,,,,,,,,,20470809,,,,,,,,,,,,,
,,,,,,,,,,,,,,,,,,,,,,,,,20470816,,,,,,,,,,,,,
,,,,,,,,,,,,,,,,,,,,,,,,,20470823,,,,,,,,,,,,,
,,,,,,,,,,,,,,,,,,,,,,,,,20470830,,,,,,,,,,,,,
,,,,,,,,,,,,,,,,,,,,,,,,,20470906,,,,,,,,,,,,,
,,,,,,,,,,,,,,,,,,,,,,,,,20470913,,,,,,,,,,,,,
,,,,,,,,,,,,,,,,,,,,,,,,,20470920,,,,,,,,,,,,,
,,,,,,,,,,,,,,,,,,,,,,,,,20470923,,,,,,,,,,,,,
,,,,,,,,,,,,,,,,,,,,,,,,,20470927,,,,,,,,,,,,,
,,,,,,,,,,,,,,,,,,,,,,,,,20470930,,,,,,,,,,,,,
,,,,,,,,,,,,,,,,,,,,,,,,,20471001,,,,,,,,,,,,,
,,,,,,,,,,,,,,,,,,,,,,,,,20471004,,,,,,,,,,,,,
,,,,,,,,,,,,,,,,,,,,,,,,,20471011,,,,,,,,,,,,,
,,,,,,,,,,,,,,,,,,,,,,,,,20471018,,,,,,,,,,,,,
,,,,,,,,,,,,,,,,,,,,,,,,,20471025,,,,,,,,,,,,,
,,,,,,,,,,,,,,,,,,,,,,,,,20471101,,,,,,,,,,,,,
,,,,,,,,,,,,,,,,,,,,,,,,,20471108,,,,,,,,,,,,,
,,,,,,,,,,,,,,,,,,,,,,,,,20471115,,,,,,,,,,,,,
,,,,,,,,,,,,,,,,,,,,,,,,,20471122,,,,,,,,,,,,,
,,,,,,,,,,,,,,,,,,,,,,,,,20471129,,,,,,,,,,,,,
,,,,,,,,,,,,,,,,,,,,,,,,,20471206,,,,,,,,,,,,,
,,,,,,,,,,,,,,,,,,,,,,,,,20471213,,,,,,,,,,,,,
,,,,,,,,,,,,,,,,,,,,,,,,,20471220,,,,,,,,,,,,,
,,,,,,,,,,,,,,,,,,,,,,,,,20471227,,,,,,,,,,,,,
,,,,,,,,,,,,,,,,,,,,,,,,,20480103,,,,,,,,,,,,,
,,,,,,,,,,,,,,,,,,,,,,,,,20480110,,,,,,,,,,,,,
,,,,,,,,,,,,,,,,,,,,,,,,,20480117,,,,,,,,,,,,,
,,,,,,,,,,,,,,,,,,,,,,,,,20480124,,,,,,,,,,,,,
,,,,,,,,,,,,,,,,,,,,,,,,,20480131,,,,,,,,,,,,,
,,,,,,,,,,,,,,,,,,,,,,,,,20480207,,,,,,,,,,,,,
,,,,,,,,,,,,,,,,,,,,,,,,,20480214,,,,,,,,,,,,,
,,,,,,,,,,,,,,,,,,,,,,,,,20480221,,,,,,,,,,,,,
,,,,,,,,,,,,,,,,,,,,,,,,,20480228,,,,,,,,,,,,,
,,,,,,,,,,,,,,,,,,,,,,,,,20480306,,,,,,,,,,,,,
,,,,,,,,,,,,,,,,,,,,,,,,,20480313,,,,,,,,,,,,,
,,,,,,,,,,,,,,,,,,,,,,,,,20480320,,,,,,,,,,,,,
,,,,,,,,,,,,,,,,,,,,,,,,,20480327,,,,,,,,,,,,,
,,,,,,,,,,,,,,,,,,,,,,,,,20480403,,,,,,,,,,,,,
,,,,,,,,,,,,,,,,,,,,,,,,,20480410,,,,,,,,,,,,,
,,,,,,,,,,,,,,,,,,,,,,,,,20480417,,,,,,,,,,,,,
,,,,,,,,,,,,,,,,,,,,,,,,,20480424,,,,,,,,,,,,,
,,,,,,,,,,,,,,,,,,,,,,,,,20480501,,,,,,,,,,,,,
,,,,,,,,,,,,,,,,,,,,,,,,,20480508,,,,,,,,,,,,,
,,,,,,,,,,,,,,,,,,,,,,,,,20480515,,,,,,,,,,,,,
,,,,,,,,,,,,,,,,,,,,,,,,,20480522,,,,,,,,,,,,,
,,,,,,,,,,,,,,,,,,,,,,,,,20480529,,,,,,,,,,,,,
,,,,,,,,,,,,,,,,,,,,,,,,,20480605,,,,,,,,,,,,,
,,,,,,,,,,,,,,,,,,,,,,,,,20480612,,,,,,,,,,,,,
,,,,,,,,,,,,,,,,,,,,,,,,,20480619,,,,,,,,,,,,,
,,,,,,,,,,,,,,,,,,,,,,,,,20480626,,,,,,,,,,,,,
,,,,,,,,,,,,,,,,,,,,,,,,,20480703,,,,,,,,,,,,,
,,,,,,,,,,,,,,,,,,,,,,,,,20480709,,,,,,,,,,,,,
,,,,,,,,,,,,,,,,,,,,,,,,,20480710,,,,,,,,,,,,,
,,,,,,,,,,,,,,,,,,,,,,,,,20480713,,,,,,,,,,,,,
,,,,,,,,,,,,,,,,,,,,,,,,,20480717,,,,,,,,,,,,,
,,,,,,,,,,,,,,,,,,,,,,,,,20480724,,,,,,,,,,,,,
,,,,,,,,,,,,,,,,,,,,,,,,,20480731,,,,,,,,,,,,,
,,,,,,,,,,,,,,,,,,,,,,,,,20480807,,,,,,,,,,,,,
,,,,,,,,,,,,,,,,,,,,,,,,,20480814,,,,,,,,,,,,,
,,,,,,,,,,,,,,,,,,,,,,,,,20480821,,,,,,,,,,,,,
,,,,,,,,,,,,,,,,,,,,,,,,,20480828,,,,,,,,,,,,,
,,,,,,,,,,,,,,,,,,,,,,,,,20480904,,,,,,,,,,,,,
,,,,,,,,,,,,,,,,,,,,,,,,,20480911,,,,,,,,,,,,,
,,,,,,,,,,,,,,,,,,,,,,,,,20480917,,,,,,,,,,,,,
,,,,,,,,,,,,,,,,,,,,,,,,,20480918,,,,,,,,,,,,,
,,,,,,,,,,,,,,,,,,,,,,,,,20480921,,,,,,,,,,,,,
,,,,,,,,,,,,,,,,,,,,,,,,,20480923,,,,,,,,,,,,,
,,,,,,,,,,,,,,,,,,,,,,,,,20480925,,,,,,,,,,,,,
,,,,,,,,,,,,,,,,,,,,,,,,,20481002,,,,,,,,,,,,,
,,,,,,,,,,,,,,,,,,,,,,,,,20481009,,,,,,,,,,,,,
,,,,,,,,,,,,,,,,,,,,,,,,,20481016,,,,,,,,,,,,,
,,,,,,,,,,,,,,,,,,,,,,,,,20481023,,,,,,,,,,,,,
,,,,,,,,,,,,,,,,,,,,,,,,,20481030,,,,,,,,,,,,,
,,,,,,,,,,,,,,,,,,,,,,,,,20481106,,,,,,,,,,,,,
,,,,,,,,,,,,,,,,,,,,,,,,,20481113,,,,,,,,,,,,,
,,,,,,,,,,,,,,,,,,,,,,,,,20481120,,,,,,,,,,,,,
,,,,,,,,,,,,,,,,,,,,,,,,,20481127,,,,,,,,,,,,,
,,,,,,,,,,,,,,,,,,,,,,,,,20481204,,,,,,,,,,,,,
,,,,,,,,,,,,,,,,,,,,,,,,,20481211,,,,,,,,,,,,,
,,,,,,,,,,,,,,,,,,,,,,,,,20481218,,,,,,,,,,,,,
,,,,,,,,,,,,,,,,,,,,,,,,,20481225,,,,,,,,,,,,,
,,,,,,,,,,,,,,,,,,,,,,,,,20490101,,,,,,,,,,,,,
,,,,,,,,,,,,,,,,,,,,,,,,,20490108,,,,,,,,,,,,,
,,,,,,,,,,,,,,,,,,,,,,,,,20490115,,,,,,,,,,,,,
,,,,,,,,,,,,,,,,,,,,,,,,,20490122,,,,,,,,,,,,,
,,,,,,,,,,,,,,,,,,,,,,,,,20490129,,,,,,,,,,,,,
,,,,,,,,,,,,,,,,,,,,,,,,,20490205,,,,,,,,,,,,,
,,,,,,,,,,,,,,,,,,,,,,,,,20490212,,,,,,,,,,,,,
,,,,,,,,,,,,,,,,,,,,,,,,,20490219,,,,,,,,,,,,,
,,,,,,,,,,,,,,,,,,,,,,,,,20490226,,,,,,,,,,,,,
,,,,,,,,,,,,,,,,,,,,,,,,,20490305,,,,,,,,,,,,,
,,,,,,,,,,,,,,,,,,,,,,,,,20490312,,,,,,,,,,,,,
,,,,,,,,,,,,,,,,,,,,,,,,,20490319,,,,,,,,,,,,,
,,,,,,,,,,,,,,,,,,,,,,,,,20490326,,,,,,,,,,,,,
,,,,,,,,,,,,,,,,,,,,,,,,,20490402,,,,,,,,,,,,,
,,,,,,,,,,,,,,,,,,,,,,,,,20490409,,,,,,,,,,,,,
,,,,,,,,,,,,,,,,,,,,,,,,,20490416,,,,,,,,,,,,,
,,,,,,,,,,,,,,,,,,,,,,,,,20490423,,,,,,,,,,,,,
,,,,,,,,,,,,,,,,,,,,,,,,,20490430,,,,,,,,,,,,,
,,,,,,,,,,,,,,,,,,,,,,,,,20490507,,,,,,,,,,,,,
,,,,,,,,,,,,,,,,,,,,,,,,,20490514,,,,,,,,,,,,,
,,,,,,,,,,,,,,,,,,,,,,,,,20490521,,,,,,,,,,,,,
,,,,,,,,,,,,,,,,,,,,,,,,,20490528,,,,,,,,,,,,,
,,,,,,,,,,,,,,,,,,,,,,,,,20490604,,,,,,,,,,,,,
,,,,,,,,,,,,,,,,,,,,,,,,,20490611,,,,,,,,,,,,,
,,,,,,,,,,,,,,,,,,,,,,,,,20490618,,,,,,,,,,,,,
,,,,,,,,,,,,,,,,,,,,,,,,,20490625,,,,,,,,,,,,,
,,,,,,,,,,,,,,,,,,,,,,,,,20490630,,,,,,,,,,,,,
,,,,,,,,,,,,,,,,,,,,,,,,,20490701,,,,,,,,,,,,,
,,,,,,,,,,,,,,,,,,,,,,,,,20490702,,,,,,,,,,,,,
,,,,,,,,,,,,,,,,,,,,,,,,,20490709,,,,,,,,,,,,,
,,,,,,,,,,,,,,,,,,,,,,,,,20490716,,,,,,,,,,,,,
,,,,,,,,,,,,,,,,,,,,,,,,,20490723,,,,,,,,,,,,,
,,,,,,,,,,,,,,,,,,,,,,,,,20490730,,,,,,,,,,,,,
,,,,,,,,,,,,,,,,,,,,,,,,,20490806,,,,,,,,,,,,,
,,,,,,,,,,,,,,,,,,,,,,,,,20490813,,,,,,,,,,,,,
,,,,,,,,,,,,,,,,,,,,,,,,,20490820,,,,,,,,,,,,,
,,,,,,,,,,,,,,,,,,,,,,,,,20490827,,,,,,,,,,,,,
,,,,,,,,,,,,,,,,,,,,,,,,,20490903,,,,,,,,,,,,,
,,,,,,,,,,,,,,,,,,,,,,,,,20490907,,,,,,,,,,,,,
,,,,,,,,,,,,,,,,,,,,,,,,,20490908,,,,,,,,,,,,,
,,,,,,,,,,,,,,,,,,,,,,,,,20490909,,,,,,,,,,,,,
,,,,,,,,,,,,,,,,,,,,,,,,,20490910,,,,,,,,,,,,,
,,,,,,,,,,,,,,,,,,,,,,,,,20490917,,,,,,,,,,,,,
,,,,,,,,,,,,,,,,,,,,,,,,,20490923,,,,,,,,,,,,,
,,,,,,,,,,,,,,,,,,,,,,,,,20490924,,,,,,,,,,,,,
,,,,,,,,,,,,,,,,,,,,,,,,,20491001,,,,,,,,,,,,,
,,,,,,,,,,,,,,,,,,,,,,,,,20491008,,,,,,,,,,,,,
,,,,,,,,,,,,,,,,,,,,,,,,,20491015,,,,,,,,,,,,,
,,,,,,,,,,,,,,,,,,,,,,,,,20491022,,,,,,,,,,,,,
,,,,,,,,,,,,,,,,,,,,,,,,,20491029,,,,,,,,,,,,,
,,,,,,,,,,,,,,,,,,,,,,,,,20491105,,,,,,,,,,,,,
,,,,,,,,,,,,,,,,,,,,,,,,,20491112,,,,,,,,,,,,,
,,,,,,,,,,,,,,,,,,,,,,,,,20491119,,,,,,,,,,,,,
,,,,,,,,,,,,,,,,,,,,,,,,,20491126,,,,,,,,,,,,,
,,,,,,,,,,,,,,,,,,,,,,,,,20491203,,,,,,,,,,,,,
,,,,,,,,,,,,,,,,,,,,,,,,,20491210,,,,,,,,,,,,,
,,,,,,,,,,,,,,,,,,,,,,,,,20491217,,,,,,,,,,,,,
,,,,,,,,,,,,,,,,,,,,,,,,,20491224,,,,,,,,,,,,,
,,,,,,,,,,,,,,,,,,,,,,,,,20491231,,,,,,,,,,,,,
,,,,,,,,,,,,,,,,,,,,,,,,,20500107,,,,,,,,,,,,,
,,,,,,,,,,,,,,,,,,,,,,,,,20500114,,,,,,,,,,,,,
,,,,,,,,,,,,,,,,,,,,,,,,,20500121,,,,,,,,,,,,,
,,,,,,,,,,,,,,,,,,,,,,,,,20500128,,,,,,,,,,,,,
,,,,,,,,,,,,,,,,,,,,,,,,,20500204,,,,,,,,,,,,,
,,,,,,,,,,,,,,,,,,,,,,,,,20500211,,,,,,,,,,,,,
,,,,,,,,,,,,,,,,,,,,,,,,,20500218,,,,,,,,,,,,,
,,,,,,,,,,,,,,,,,,,,,,,,,20500225,,,,,,,,,,,,,
,,,,,,,,,,,,,,,,,,,,,,,,,20500304,,,,,,,,,,,,,
,,,,,,,,,,,,,,,,,,,,,,,,,20500311,,,,,,,,,,,,,
,,,,,,,,,,,,,,,,,,,,,,,,,20500318,,,,,,,,,,,,,
,,,,,,,,,,,,,,,,,,,,,,,,,20500325,,,,,,,,,,,,,
,,,,,,,,,,,,,,,,,,,,,,,,,20500401,,,,,,,,,,,,,
,,,,,,,,,,,,,,,,,,,,,,,,,20500408,,,,,,,,,,,,,
,,,,,,,,,,,,,,,,,,,,,,,,,20500415,,,,,,,,,,,,,
,,,,,,,,,,,,,,,,,,,,,,,,,20500422,,,,,,,,,,,,,
,,,,,,,,,,,,,,,,,,,,,,,,,20500429,,,,,,,,,,,,,
,,,,,,,,,,,,,,,,,,,,,,,,,20500506,,,,,,,,,,,,,
,,,,,,,,,,,,,,,,,,,,,,,,,20500513,,,,,,,,,,,,,
,,,,,,,,,,,,,,,,,,,,,,,,,20500520,,,,,,,,,,,,,
,,,,,,,,,,,,,,,,,,,,,,,,,20500527,,,,,,,,,,,,,
,,,,,,,,,,,,,,,,,,,,,,,,,20500603,,,,,,,,,,,,,
,,,,,,,,,,,,,,,,,,,,,,,,,20500610,,,,,,,,,,,,,
,,,,,,,,,,,,,,,,,,,,,,,,,20500617,,,,,,,,,,,,,
,,,,,,,,,,,,,,,,,,,,,,,,,20500620,,,,,,,,,,,,,
,,,,,,,,,,,,,,,,,,,,,,,,,20500621,,,,,,,,,,,,,
,,,,,,,,,,,,,,,,,,,,,,,,,20500624,,,,,,,,,,,,,
,,,,,,,,,,,,,,,,,,,,,,,,,20500701,,,,,,,,,,,,,
,,,,,,,,,,,,,,,,,,,,,,,,,20500708,,,,,,,,,,,,,
,,,,,,,,,,,,,,,,,,,,,,,,,20500715,,,,,,,,,,,,,
,,,,,,,,,,,,,,,,,,,,,,,,,20500722,,,,,,,,,,,,,
,,,,,,,,,,,,,,,,,,,,,,,,,20500729,,,,,,,,,,,,,
,,,,,,,,,,,,,,,,,,,,,,,,,20500805,,,,,,,,,,,,,
,,,,,,,,,,,,,,,,,,,,,,,,,20500812,,,,,,,,,,,,,
,,,,,,,,,,,,,,,,,,,,,,,,,20500819,,,,,,,,,,,,,
,,,,,,,,,,,,,,,,,,,,,,,,,20500825,,,,,,,,,,,,,
,,,,,,,,,,,,,,,,,,,,,,,,,20500826,,,,,,,,,,,,,
,,,,,,,,,,,,,,,,,,,,,,,,,20500829,,,,,,,,,,,,,
,,,,,,,,,,,,,,,,,,,,,,,,,20500902,,,,,,,,,,,,,
,,,,,,,,,,,,,,,,,,,,,,,,,20500909,,,,,,,,,,,,,
,,,,,,,,,,,,,,,,,,,,,,,,,20500916,,,,,,,,,,,,,
,,,,,,,,,,,,,,,,,,,,,,,,,20500922,,,,,,,,,,,,,
,,,,,,,,,,,,,,,,,,,,,,,,,20500923,,,,,,,,,,,,,
,,,,,,,,,,,,,,,,,,,,,,,,,20500930,,,,,,,,,,,,,
,,,,,,,,,,,,,,,,,,,,,,,,,20501007,,,,,,,,,,,,,
,,,,,,,,,,,,,,,,,,,,,,,,,20501014,,,,,,,,,,,,,
,,,,,,,,,,,,,,,,,,,,,,,,,20501021,,,,,,,,,,,,,
,,,,,,,,,,,,,,,,,,,,,,,,,20501028,,,,,,,,,,,,,
,,,,,,,,,,,,,,,,,,,,,,,,,20501104,,,,,,,,,,,,,
,,,,,,,,,,,,,,,,,,,,,,,,,20501111,,,,,,,,,,,,,
,,,,,,,,,,,,,,,,,,,,,,,,,20501118,,,,,,,,,,,,,
,,,,,,,,,,,,,,,,,,,,,,,,,20501125,,,,,,,,,,,,,
,,,,,,,,,,,,,,,,,,,,,,,,,20501202,,,,,,,,,,,,,
,,,,,,,,,,,,,,,,,,,,,,,,,20501209,,,,,,,,,,,,,
,,,,,,,,,,,,,,,,,,,,,,,,,20501216,,,,,,,,,,,,,
,,,,,,,,,,,,,,,,,,,,,,,,,20501223,,,,,,,,,,,,,
,,,,,,,,,,,,,,,,,,,,,,,,,20501230,,,,,,,,,,,,,
,,,,,,,,,,,,,,,,,,,,,,,,,20510106,,,,,,,,,,,,,
,,,,,,,,,,,,,,,,,,,,,,,,,20510113,,,,,,,,,,,,,
,,,,,,,,,,,,,,,,,,,,,,,,,20510120,,,,,,,,,,,,,
,,,,,,,,,,,,,,,,,,,,,,,,,20510127,,,,,,,,,,,,,
,,,,,,,,,,,,,,,,,,,,,,,,,20510203,,,,,,,,,,,,,
,,,,,,,,,,,,,,,,,,,,,,,,,20510210,,,,,,,,,,,,,
,,,,,,,,,,,,,,,,,,,,,,,,,20510217,,,,,,,,,,,,,
,,,,,,,,,,,,,,,,,,,,,,,,,20510224,,,,,,,,,,,,,
,,,,,,,,,,,,,,,,,,,,,,,,,20510303,,,,,,,,,,,,,
,,,,,,,,,,,,,,,,,,,,,,,,,20510310,,,,,,,,,,,,,
,,,,,,,,,,,,,,,,,,,,,,,,,20510317,,,,,,,,,,,,,
,,,,,,,,,,,,,,,,,,,,,,,,,20510324,,,,,,,,,,,,,
,,,,,,,,,,,,,,,,,,,,,,,,,20510331,,,,,,,,,,,,,
,,,,,,,,,,,,,,,,,,,,,,,,,20510407,,,,,,,,,,,,,
,,,,,,,,,,,,,,,,,,,,,,,,,20510414,,,,,,,,,,,,,
,,,,,,,,,,,,,,,,,,,,,,,,,20510421,,,,,,,,,,,,,
,,,,,,,,,,,,,,,,,,,,,,,,,20510428,,,,,,,,,,,,,
,,,,,,,,,,,,,,,,,,,,,,,,,20510505,,,,,,,,,,,,,
,,,,,,,,,,,,,,,,,,,,,,,,,20510512,,,,,,,,,,,,,
,,,,,,,,,,,,,,,,,,,,,,,,,20510519,,,,,,,,,,,,,
,,,,,,,,,,,,,,,,,,,,,,,,,20510526,,,,,,,,,,,,,
,,,,,,,,,,,,,,,,,,,,,,,,,20510602,,,,,,,,,,,,,
,,,,,,,,,,,,,,,,,,,,,,,,,20510608,,,,,,,,,,,,,
,,,,,,,,,,,,,,,,,,,,,,,,,20510609,,,,,,,,,,,,,
,,,,,,,,,,,,,,,,,,,,,,,,,20510612,,,,,,,,,,,,,
,,,,,,,,,,,,,,,,,,,,,,,,,20510616,,,,,,,,,,,,,
,,,,,,,,,,,,,,,,,,,,,,,,,20510623,,,,,,,,,,,,,
,,,,,,,,,,,,,,,,,,,,,,,,,20510630,,,,,,,,,,,,,
,,,,,,,,,,,,,,,,,,,,,,,,,20510707,,,,,,,,,,,,,
,,,,,,,,,,,,,,,,,,,,,,,,,20510714,,,,,,,,,,,,,
,,,,,,,,,,,,,,,,,,,,,,,,,20510721,,,,,,,,,,,,,
,,,,,,,,,,,,,,,,,,,,,,,,,20510728,,,,,,,,,,,,,
,,,,,,,,,,,,,,,,,,,,,,,,,20510804,,,,,,,,,,,,,
,,,,,,,,,,,,,,,,,,,,,,,,,20510811,,,,,,,,,,,,,
,,,,,,,,,,,,,,,,,,,,,,,,,20510816,,,,,,,,,,,,,
,,,,,,,,,,,,,,,,,,,,,,,,,20510817,,,,,,,,,,,,,
,,,,,,,,,,,,,,,,,,,,,,,,,20510818,,,,,,,,,,,,,
,,,,,,,,,,,,,,,,,,,,,,,,,20510825,,,,,,,,,,,,,
,,,,,,,,,,,,,,,,,,,,,,,,,20510901,,,,,,,,,,,,,
,,,,,,,,,,,,,,,,,,,,,,,,,20510908,,,,,,,,,,,,,
,,,,,,,,,,,,,,,,,,,,,,,,,20510915,,,,,,,,,,,,,
,,,,,,,,,,,,,,,,,,,,,,,,,20510922,,,,,,,,,,,,,
,,,,,,,,,,,,,,,,,,,,,,,,,20510929,,,,,,,,,,,,,
,,,,,,,,,,,,,,,,,,,,,,,,,20511006,,,,,,,,,,,,,
,,,,,,,,,,,,,,,,,,,,,,,,,20511013,,,,,,,,,,,,,
,,,,,,,,,,,,,,,,,,,,,,,,,20511020,,,,,,,,,,,,,
,,,,,,,,,,,,,,,,,,,,,,,,,20511027,,,,,,,,,,,,,
,,,,,,,,,,,,,,,,,,,,,,,,,20511103,,,,,,,,,,,,,
,,,,,,,,,,,,,,,,,,,,,,,,,20511110,,,,,,,,,,,,,
,,,,,,,,,,,,,,,,,,,,,,,,,20511117,,,,,,,,,,,,,
,,,,,,,,,,,,,,,,,,,,,,,,,20511124,,,,,,,,,,,,,
,,,,,,,,,,,,,,,,,,,,,,,,,20511201,,,,,,,,,,,,,
,,,,,,,,,,,,,,,,,,,,,,,,,20511208,,,,,,,,,,,,,
,,,,,,,,,,,,,,,,,,,,,,,,,20511215,,,,,,,,,,,,,
,,,,,,,,,,,,,,,,,,,,,,,,,20511222,,,,,,,,,,,,,
,,,,,,,,,,,,,,,,,,,,,,,,,20511229,,,,,,,,,,,,,
,,,,,,,,,,,,,,,,,,,,,,,,,20520105,,,,,,,,,,,,,
,,,,,,,,,,,,,,,,,,,,,,,,,20520112,,,,,,,,,,,,,
,,,,,,,,,,,,,,,,,,,,,,,,,20520119,,,,,,,,,,,,,
,,,,,,,,,,,,,,,,,,,,,,,,,20520126,,,,,,,,,,,,,
,,,,,,,,,,,,,,,,,,,,,,,,,20520202,,,,,,,,,,,,,
,,,,,,,,,,,,,,,,,,,,,,,,,20520209,,,,,,,,,,,,,
,,,,,,,,,,,,,,,,,,,,,,,,,20520216,,,,,,,,,,,,,
,,,,,,,,,,,,,,,,,,,,,,,,,20520223,,,,,,,,,,,,,
,,,,,,,,,,,,,,,,,,,,,,,,,20520301,,,,,,,,,,,,,
,,,,,,,,,,,,,,,,,,,,,,,,,20520308,,,,,,,,,,,,,
,,,,,,,,,,,,,,,,,,,,,,,,,20520315,,,,,,,,,,,,,
,,,,,,,,,,,,,,,,,,,,,,,,,20520322,,,,,,,,,,,,,
,,,,,,,,,,,,,,,,,,,,,,,,,20520329,,,,,,,,,,,,,
,,,,,,,,,,,,,,,,,,,,,,,,,20520405,,,,,,,,,,,,,
,,,,,,,,,,,,,,,,,,,,,,,,,20520412,,,,,,,,,,,,,
,,,,,,,,,,,,,,,,,,,,,,,,,20520419,,,,,,,,,,,,,
,,,,,,,,,,,,,,,,,,,,,,,,,20520426,,,,,,,,,,,,,
,,,,,,,,,,,,,,,,,,,,,,,,,20520503,,,,,,,,,,,,,
,,,,,,,,,,,,,,,,,,,,,,,,,20520510,,,,,,,,,,,,,
,,,,,,,,,,,,,,,,,,,,,,,,,20520517,,,,,,,,,,,,,
,,,,,,,,,,,,,,,,,,,,,,,,,20520524,,,,,,,,,,,,,
,,,,,,,,,,,,,,,,,,,,,,,,,20520528,,,,,,,,,,,,,
,,,,,,,,,,,,,,,,,,,,,,,,,20520529,,,,,,,,,,,,,
,,,,,,,,,,,,,,,,,,,,,,,,,20520530,,,,,,,,,,,,,
,,,,,,,,,,,,,,,,,,,,,,,,,20520531,,,,,,,,,,,,,
,,,,,,,,,,,,,,,,,,,,,,,,,20520607,,,,,,,,,,,,,
,,,,,,,,,,,,,,,,,,,,,,,,,20520614,,,,,,,,,,,,,
,,,,,,,,,,,,,,,,,,,,,,,,,20520621,,,,,,,,,,,,,
,,,,,,,,,,,,,,,,,,,,,,,,,20520628,,,,,,,,,,,,,
,,,,,,,,,,,,,,,,,,,,,,,,,20520705,,,,,,,,,,,,,
,,,,,,,,,,,,,,,,,,,,,,,,,20520712,,,,,,,,,,,,,
,,,,,,,,,,,,,,,,,,,,,,,,,20520719,,,,,,,,,,,,,
,,,,,,,,,,,,,,,,,,,,,,,,,20520726,,,,,,,,,,,,,
,,,,,,,,,,,,,,,,,,,,,,,,,20520802,,,,,,,,,,,,,
,,,,,,,,,,,,,,,,,,,,,,,,,20520805,,,,,,,,,,,,,
,,,,,,,,,,,,,,,,,,,,,,,,,20520806,,,,,,,,,,,,,
,,,,,,,,,,,,,,,,,,,,,,,,,20520809,,,,,,,,,,,,,
,,,,,,,,,,,,,,,,,,,,,,,,,20520816,,,,,,,,,,,,,
,,,,,,,,,,,,,,,,,,,,,,,,,20520823,,,,,,,,,,,,,
,,,,,,,,,,,,,,,,,,,,,,,,,20520830,,,,,,,,,,,,,
,,,,,,,,,,,,,,,,,,,,,,,,,20520906,,,,,,,,,,,,,
,,,,,,,,,,,,,,,,,,,,,,,,,20520913,,,,,,,,,,,,,
,,,,,,,,,,,,,,,,,,,,,,,,,20520920,,,,,,,,,,,,,
,,,,,,,,,,,,,,,,,,,,,,,,,20520923,,,,,,,,,,,,,
,,,,,,,,,,,,,,,,,,,,,,,,,20520927,,,,,,,,,,,,,
,,,,,,,,,,,,,,,,,,,,,,,,,20521004,,,,,,,,,,,,,
,,,,,,,,,,,,,,,,,,,,,,,,,20521011,,,,,,,,,,,,,
,,,,,,,,,,,,,,,,,,,,,,,,,20521018,,,,,,,,,,,,,
,,,,,,,,,,,,,,,,,,,,,,,,,20521025,,,,,,,,,,,,,
,,,,,,,,,,,,,,,,,,,,,,,,,20521101,,,,,,,,,,,,,
,,,,,,,,,,,,,,,,,,,,,,,,,20521108,,,,,,,,,,,,,
,,,,,,,,,,,,,,,,,,,,,,,,,20521115,,,,,,,,,,,,,
,,,,,,,,,,,,,,,,,,,,,,,,,20521122,,,,,,,,,,,,,
,,,,,,,,,,,,,,,,,,,,,,,,,20521129,,,,,,,,,,,,,
,,,,,,,,,,,,,,,,,,,,,,,,,20521206,,,,,,,,,,,,,
,,,,,,,,,,,,,,,,,,,,,,,,,20521213,,,,,,,,,,,,,
,,,,,,,,,,,,,,,,,,,,,,,,,20521220,,,,,,,,,,,,,
,,,,,,,,,,,,,,,,,,,,,,,,,20521227,,,,,,,,,,,,,
,,,,,,,,,,,,,,,,,,,,,,,,,20530103,,,,,,,,,,,,,
,,,,,,,,,,,,,,,,,,,,,,,,,20530110,,,,,,,,,,,,,
,,,,,,,,,,,,,,,,,,,,,,,,,20530117,,,,,,,,,,,,,
,,,,,,,,,,,,,,,,,,,,,,,,,20530124,,,,,,,,,,,,,
,,,,,,,,,,,,,,,,,,,,,,,,,20530131,,,,,,,,,,,,,
,,,,,,,,,,,,,,,,,,,,,,,,,20530207,,,,,,,,,,,,,
,,,,,,,,,,,,,,,,,,,,,,,,,20530214,,,,,,,,,,,,,
,,,,,,,,,,,,,,,,,,,,,,,,,20530221,,,,,,,,,,,,,
,,,,,,,,,,,,,,,,,,,,,,,,,20530228,,,,,,,,,,,,,
,,,,,,,,,,,,,,,,,,,,,,,,,20530307,,,,,,,,,,,,,
,,,,,,,,,,,,,,,,,,,,,,,,,20530314,,,,,,,,,,,,,
,,,,,,,,,,,,,,,,,,,,,,,,,20530321,,,,,,,,,,,,,
,,,,,,,,,,,,,,,,,,,,,,,,,20530328,,,,,,,,,,,,,
,,,,,,,,,,,,,,,,,,,,,,,,,20530404,,,,,,,,,,,,,
,,,,,,,,,,,,,,,,,,,,,,,,,20530411,,,,,,,,,,,,,
,,,,,,,,,,,,,,,,,,,,,,,,,20530418,,,,,,,,,,,,,
,,,,,,,,,,,,,,,,,,,,,,,,,20530425,,,,,,,,,,,,,
,,,,,,,,,,,,,,,,,,,,,,,,,20530502,,,,,,,,,,,,,
,,,,,,,,,,,,,,,,,,,,,,,,,20530509,,,,,,,,,,,,,
,,,,,,,,,,,,,,,,,,,,,,,,,20530516,,,,,,,,,,,,,
,,,,,,,,,,,,,,,,,,,,,,,,,20530519,,,,,,,,,,,,,
,,,,,,,,,,,,,,,,,,,,,,,,,20530520,,,,,,,,,,,,,
,,,,,,,,,,,,,,,,,,,,,,,,,20530523,,,,,,,,,,,,,
,,,,,,,,,,,,,,,,,,,,,,,,,20530530,,,,,,,,,,,,,
,,,,,,,,,,,,,,,,,,,,,,,,,20530606,,,,,,,,,,,,,
,,,,,,,,,,,,,,,,,,,,,,,,,20530613,,,,,,,,,,,,,
,,,,,,,,,,,,,,,,,,,,,,,,,20530620,,,,,,,,,,,,,
,,,,,,,,,,,,,,,,,,,,,,,,,20530627,,,,,,,,,,,,,
,,,,,,,,,,,,,,,,,,,,,,,,,20530704,,,,,,,,,,,,,
,,,,,,,,,,,,,,,,,,,,,,,,,20530711,,,,,,,,,,,,,
,,,,,,,,,,,,,,,,,,,,,,,,,20530718,,,,,,,,,,,,,
,,,,,,,,,,,,,,,,,,,,,,,,,20530724,,,,,,,,,,,,,
,,,,,,,,,,,,,,,,,,,,,,,,,20530725,,,,,,,,,,,,,
,,,,,,,,,,,,,,,,,,,,,,,,,20530728,,,,,,,,,,,,,
,,,,,,,,,,,,,,,,,,,,,,,,,20530801,,,,,,,,,,,,,
,,,,,,,,,,,,,,,,,,,,,,,,,20530808,,,,,,,,,,,,,
,,,,,,,,,,,,,,,,,,,,,,,,,20530815,,,,,,,,,,,,,
,,,,,,,,,,,,,,,,,,,,,,,,,20530822,,,,,,,,,,,,,
,,,,,,,,,,,,,,,,,,,,,,,,,20530829,,,,,,,,,,,,,
,,,,,,,,,,,,,,,,,,,,,,,,,20530905,,,,,,,,,,,,,
,,,,,,,,,,,,,,,,,,,,,,,,,20530912,,,,,,,,,,,,,
,,,,,,,,,,,,,,,,,,,,,,,,,20530919,,,,,,,,,,,,,
,,,,,,,,,,,,,,,,,,,,,,,,,20530923,,,,,,,,,,,,,
,,,,,,,,,,,,,,,,,,,,,,,,,20530926,,,,,,,,,,,,,
,,,,,,,,,,,,,,,,,,,,,,,,,20531003,,,,,,,,,,,,,
,,,,,,,,,,,,,,,,,,,,,,,,,20531010,,,,,,,,,,,,,
,,,,,,,,,,,,,,,,,,,,,,,,,20531017,,,,,,,,,,,,,
,,,,,,,,,,,,,,,,,,,,,,,,,20531024,,,,,,,,,,,,,
,,,,,,,,,,,,,,,,,,,,,,,,,20531031,,,,,,,,,,,,,
,,,,,,,,,,,,,,,,,,,,,,,,,20531107,,,,,,,,,,,,,
,,,,,,,,,,,,,,,,,,,,,,,,,20531114,,,,,,,,,,,,,
,,,,,,,,,,,,,,,,,,,,,,,,,20531121,,,,,,,,,,,,,
,,,,,,,,,,,,,,,,,,,,,,,,,20531128,,,,,,,,,,,,,
,,,,,,,,,,,,,,,,,,,,,,,,,20531205,,,,,,,,,,,,,
,,,,,,,,,,,,,,,,,,,,,,,,,20531212,,,,,,,,,,,,,
,,,,,,,,,,,,,,,,,,,,,,,,,20531219,,,,,,,,,,,,,
,,,,,,,,,,,,,,,,,,,,,,,,,20531226,,,,,,,,,,,,,
,,,,,,,,,,,,,,,,,,,,,,,,,20540102,,,,,,,,,,,,,
,,,,,,,,,,,,,,,,,,,,,,,,,20540109,,,,,,,,,,,,,
,,,,,,,,,,,,,,,,,,,,,,,,,20540116,,,,,,,,,,,,,
,,,,,,,,,,,,,,,,,,,,,,,,,20540123,,,,,,,,,,,,,
,,,,,,,,,,,,,,,,,,,,,,,,,20540130,,,,,,,,,,,,,
,,,,,,,,,,,,,,,,,,,,,,,,,20540206,,,,,,,,,,,,,
,,,,,,,,,,,,,,,,,,,,,,,,,20540213,,,,,,,,,,,,,
,,,,,,,,,,,,,,,,,,,,,,,,,20540220,,,,,,,,,,,,,
,,,,,,,,,,,,,,,,,,,,,,,,,20540227,,,,,,,,,,,,,
,,,,,,,,,,,,,,,,,,,,,,,,,20540306,,,,,,,,,,,,,
,,,,,,,,,,,,,,,,,,,,,,,,,20540313,,,,,,,,,,,,,
,,,,,,,,,,,,,,,,,,,,,,,,,20540320,,,,,,,,,,,,,
,,,,,,,,,,,,,,,,,,,,,,,,,20540327,,,,,,,,,,,,,
,,,,,,,,,,,,,,,,,,,,,,,,,20540403,,,,,,,,,,,,,
,,,,,,,,,,,,,,,,,,,,,,,,,20540410,,,,,,,,,,,,,
,,,,,,,,,,,,,,,,,,,,,,,,,20540417,,,,,,,,,,,,,
,,,,,,,,,,,,,,,,,,,,,,,,,20540424,,,,,,,,,,,,,
,,,,,,,,,,,,,,,,,,,,,,,,,20540501,,,,,,,,,,,,,
,,,,,,,,,,,,,,,,,,,,,,,,,20540507,,,,,,,,,,,,,
,,,,,,,,,,,,,,,,,,,,,,,,,20540508,,,,,,,,,,,,,
,,,,,,,,,,,,,,,,,,,,,,,,,20540511,,,,,,,,,,,,,
,,,,,,,,,,,,,,,,,,,,,,,,,20540515,,,,,,,,,,,,,
,,,,,,,,,,,,,,,,,,,,,,,,,20540522,,,,,,,,,,,,,
,,,,,,,,,,,,,,,,,,,,,,,,,20540529,,,,,,,,,,,,,
,,,,,,,,,,,,,,,,,,,,,,,,,20540605,,,,,,,,,,,,,
,,,,,,,,,,,,,,,,,,,,,,,,,20540612,,,,,,,,,,,,,
,,,,,,,,,,,,,,,,,,,,,,,,,20540619,,,,,,,,,,,,,
,,,,,,,,,,,,,,,,,,,,,,,,,20540626,,,,,,,,,,,,,
,,,,,,,,,,,,,,,,,,,,,,,,,20540703,,,,,,,,,,,,,
,,,,,,,,,,,,,,,,,,,,,,,,,20540710,,,,,,,,,,,,,
,,,,,,,,,,,,,,,,,,,,,,,,,20540714,,,,,,,,,,,,,
,,,,,,,,,,,,,,,,,,,,,,,,,20540715,,,,,,,,,,,,,
,,,,,,,,,,,,,,,,,,,,,,,,,20540716,,,,,,,,,,,,,
,,,,,,,,,,,,,,,,,,,,,,,,,20540717,,,,,,,,,,,,,
,,,,,,,,,,,,,,,,,,,,,,,,,20540724,,,,,,,,,,,,,
,,,,,,,,,,,,,,,,,,,,,,,,,20540731,,,,,,,,,,,,,
,,,,,,,,,,,,,,,,,,,,,,,,,20540807,,,,,,,,,,,,,
,,,,,,,,,,,,,,,,,,,,,,,,,20540814,,,,,,,,,,,,,
,,,,,,,,,,,,,,,,,,,,,,,,,20540821,,,,,,,,,,,,,
,,,,,,,,,,,,,,,,,,,,,,,,,20540828,,,,,,,,,,,,,
,,,,,,,,,,,,,,,,,,,,,,,,,20540904,,,,,,,,,,,,,
,,,,,,,,,,,,,,,,,,,,,,,,,20540911,,,,,,,,,,,,,
,,,,,,,,,,,,,,,,,,,,,,,,,20540918,,,,,,,,,,,,,
,,,,,,,,,,,,,,,,,,,,,,,,,20540923,,,,,,,,,,,,,
,,,,,,,,,,,,,,,,,,,,,,,,,20540925,,,,,,,,,,,,,
,,,,,,,,,,,,,,,,,,,,,,,,,20541002,,,,,,,,,,,,,
,,,,,,,,,,,,,,,,,,,,,,,,,20541009,,,,,,,,,,,,,
,,,,,,,,,,,,,,,,,,,,,,,,,20541016,,,,,,,,,,,,,
,,,,,,,,,,,,,,,,,,,,,,,,,20541023,,,,,,,,,,,,,
,,,,,,,,,,,,,,,,,,,,,,,,,20541030,,,,,,,,,,,,,
,,,,,,,,,,,,,,,,,,,,,,,,,20541106,,,,,,,,,,,,,
,,,,,,,,,,,,,,,,,,,,,,,,,20541113,,,,,,,,,,,,,
,,,,,,,,,,,,,,,,,,,,,,,,,20541120,,,,,,,,,,,,,
,,,,,,,,,,,,,,,,,,,,,,,,,20541127,,,,,,,,,,,,,
,,,,,,,,,,,,,,,,,,,,,,,,,20541204,,,,,,,,,,,,,
,,,,,,,,,,,,,,,,,,,,,,,,,20541211,,,,,,,,,,,,,
,,,,,,,,,,,,,,,,,,,,,,,,,20541218,,,,,,,,,,,,,
,,,,,,,,,,,,,,,,,,,,,,,,,20541225,,,,,,,,,,,,,
,,,,,,,,,,,,,,,,,,,,,,,,,20550101,,,,,,,,,,,,,
,,,,,,,,,,,,,,,,,,,,,,,,,20550108,,,,,,,,,,,,,
,,,,,,,,,,,,,,,,,,,,,,,,,20550115,,,,,,,,,,,,,
,,,,,,,,,,,,,,,,,,,,,,,,,20550122,,,,,,,,,,,,,
,,,,,,,,,,,,,,,,,,,,,,,,,20550129,,,,,,,,,,,,,
,,,,,,,,,,,,,,,,,,,,,,,,,20550205,,,,,,,,,,,,,
,,,,,,,,,,,,,,,,,,,,,,,,,20550212,,,,,,,,,,,,,
,,,,,,,,,,,,,,,,,,,,,,,,,20550219,,,,,,,,,,,,,
,,,,,,,,,,,,,,,,,,,,,,,,,20550226,,,,,,,,,,,,,
,,,,,,,,,,,,,,,,,,,,,,,,,20550305,,,,,,,,,,,,,
,,,,,,,,,,,,,,,,,,,,,,,,,20550312,,,,,,,,,,,,,
,,,,,,,,,,,,,,,,,,,,,,,,,20550319,,,,,,,,,,,,,
,,,,,,,,,,,,,,,,,,,,,,,,,20550326,,,,,,,,,,,,,
,,,,,,,,,,,,,,,,,,,,,,,,,20550402,,,,,,,,,,,,,
,,,,,,,,,,,,,,,,,,,,,,,,,20550409,,,,,,,,,,,,,
,,,,,,,,,,,,,,,,,,,,,,,,,20550416,,,,,,,,,,,,,
,,,,,,,,,,,,,,,,,,,,,,,,,20550423,,,,,,,,,,,,,
,,,,,,,,,,,,,,,,,,,,,,,,,20550427,,,,,,,,,,,,,
,,,,,,,,,,,,,,,,,,,,,,,,,20550428,,,,,,,,,,,,,
,,,,,,,,,,,,,,,,,,,,,,,,,20550429,,,,,,,,,,,,,
,,,,,,,,,,,,,,,,,,,,,,,,,20550430,,,,,,,,,,,,,
,,,,,,,,,,,,,,,,,,,,,,,,,20550507,,,,,,,,,,,,,
,,,,,,,,,,,,,,,,,,,,,,,,,20550514,,,,,,,,,,,,,
,,,,,,,,,,,,,,,,,,,,,,,,,20550521,,,,,,,,,,,,,
,,,,,,,,,,,,,,,,,,,,,,,,,20550528,,,,,,,,,,,,,
,,,,,,,,,,,,,,,,,,,,,,,,,20550604,,,,,,,,,,,,,
,,,,,,,,,,,,,,,,,,,,,,,,,20550611,,,,,,,,,,,,,
,,,,,,,,,,,,,,,,,,,,,,,,,20550618,,,,,,,,,,,,,
,,,,,,,,,,,,,,,,,,,,,,,,,20550625,,,,,,,,,,,,,
,,,,,,,,,,,,,,,,,,,,,,,,,20550702,,,,,,,,,,,,,
,,,,,,,,,,,,,,,,,,,,,,,,,20550705,,,,,,,,,,,,,
,,,,,,,,,,,,,,,,,,,,,,,,,20550706,,,,,,,,,,,,,
,,,,,,,,,,,,,,,,,,,,,,,,,20550709,,,,,,,,,,,,,
,,,,,,,,,,,,,,,,,,,,,,,,,20550716,,,,,,,,,,,,,
,,,,,,,,,,,,,,,,,,,,,,,,,20550723,,,,,,,,,,,,,
,,,,,,,,,,,,,,,,,,,,,,,,,20550730,,,,,,,,,,,,,
,,,,,,,,,,,,,,,,,,,,,,,,,20550806,,,,,,,,,,,,,
,,,,,,,,,,,,,,,,,,,,,,,,,20550813,,,,,,,,,,,,,
,,,,,,,,,,,,,,,,,,,,,,,,,20550820,,,,,,,,,,,,,
,,,,,,,,,,,,,,,,,,,,,,,,,20550827,,,,,,,,,,,,,
,,,,,,,,,,,,,,,,,,,,,,,,,20550903,,,,,,,,,,,,,
,,,,,,,,,,,,,,,,,,,,,,,,,20550910,,,,,,,,,,,,,
,,,,,,,,,,,,,,,,,,,,,,,,,20550917,,,,,,,,,,,,,
,,,,,,,,,,,,,,,,,,,,,,,,,20550923,,,,,,,,,,,,,
,,,,,,,,,,,,,,,,,,,,,,,,,20550924,,,,,,,,,,,,,
,,,,,,,,,,,,,,,,,,,,,,,,,20551001,,,,,,,,,,,,,
,,,,,,,,,,,,,,,,,,,,,,,,,20551008,,,,,,,,,,,,,
,,,,,,,,,,,,,,,,,,,,,,,,,20551015,,,,,,,,,,,,,
,,,,,,,,,,,,,,,,,,,,,,,,,20551022,,,,,,,,,,,,,
,,,,,,,,,,,,,,,,,,,,,,,,,20551029,,,,,,,,,,,,,
,,,,,,,,,,,,,,,,,,,,,,,,,20551105,,,,,,,,,,,,,
,,,,,,,,,,,,,,,,,,,,,,,,,20551112,,,,,,,,,,,,,
,,,,,,,,,,,,,,,,,,,,,,,,,20551119,,,,,,,,,,,,,
,,,,,,,,,,,,,,,,,,,,,,,,,20551126,,,,,,,,,,,,,
,,,,,,,,,,,,,,,,,,,,,,,,,20551203,,,,,,,,,,,,,
,,,,,,,,,,,,,,,,,,,,,,,,,20551210,,,,,,,,,,,,,
,,,,,,,,,,,,,,,,,,,,,,,,,20551217,,,,,,,,,,,,,
,,,,,,,,,,,,,,,,,,,,,,,,,20551224,,,,,,,,,,,,,
,,,,,,,,,,,,,,,,,,,,,,,,,20551231,,,,,,,,,,,,,
,,,,,,,,,,,,,,,,,,,,,,,,,20560107,,,,,,,,,,,,,
,,,,,,,,,,,,,,,,,,,,,,,,,20560114,,,,,,,,,,,,,
,,,,,,,,,,,,,,,,,,,,,,,,,20560121,,,,,,,,,,,,,
,,,,,,,,,,,,,,,,,,,,,,,,,20560128,,,,,,,,,,,,,
,,,,,,,,,,,,,,,,,,,,,,,,,20560204,,,,,,,,,,,,,
,,,,,,,,,,,,,,,,,,,,,,,,,20560211,,,,,,,,,,,,,
,,,,,,,,,,,,,,,,,,,,,,,,,20560218,,,,,,,,,,,,,
,,,,,,,,,,,,,,,,,,,,,,,,,20560225,,,,,,,,,,,,,
,,,,,,,,,,,,,,,,,,,,,,,,,20560303,,,,,,,,,,,,,
,,,,,,,,,,,,,,,,,,,,,,,,,20560310,,,,,,,,,,,,,
,,,,,,,,,,,,,,,,,,,,,,,,,20560317,,,,,,,,,,,,,
,,,,,,,,,,,,,,,,,,,,,,,,,20560324,,,,,,,,,,,,,
,,,,,,,,,,,,,,,,,,,,,,,,,20560331,,,,,,,,,,,,,
,,,,,,,,,,,,,,,,,,,,,,,,,20560407,,,,,,,,,,,,,
,,,,,,,,,,,,,,,,,,,,,,,,,20560413,,,,,,,,,,,,,
,,,,,,,,,,,,,,,,,,,,,,,,,20560414,,,,,,,,,,,,,
,,,,,,,,,,,,,,,,,,,,,,,,,20560417,,,,,,,,,,,,,
,,,,,,,,,,,,,,,,,,,,,,,,,20560421,,,,,,,,,,,,,
,,,,,,,,,,,,,,,,,,,,,,,,,20560428,,,,,,,,,,,,,
,,,,,,,,,,,,,,,,,,,,,,,,,20560505,,,,,,,,,,,,,
,,,,,,,,,,,,,,,,,,,,,,,,,20560512,,,,,,,,,,,,,
,,,,,,,,,,,,,,,,,,,,,,,,,20560519,,,,,,,,,,,,,
,,,,,,,,,,,,,,,,,,,,,,,,,20560526,,,,,,,,,,,,,
,,,,,,,,,,,,,,,,,,,,,,,,,20560602,,,,,,,,,,,,,
,,,,,,,,,,,,,,,,,,,,,,,,,20560609,,,,,,,,,,,,,
,,,,,,,,,,,,,,,,,,,,,,,,,20560616,,,,,,,,,,,,,
,,,,,,,,,,,,,,,,,,,,,,,,,20560622,,,,,,,,,,,,,
,,,,,,,,,,,,,,,,,,,,,,,,,20560623,,,,,,,,,,,,,
,,,,,,,,,,,,,,,,,,,,,,,,,20560626,,,,,,,,,,,,,
,,,,,,,,,,,,,,,,,,,,,,,,,20560630,,,,,,,,,,,,,
,,,,,,,,,,,,,,,,,,,,,,,,,20560707,,,,,,,,,,,,,
,,,,,,,,,,,,,,,,,,,,,,,,,20560714,,,,,,,,,,,,,
,,,,,,,,,,,,,,,,,,,,,,,,,20560721,,,,,,,,,,,,,
,,,,,,,,,,,,,,,,,,,,,,,,,20560728,,,,,,,,,,,,,
,,,,,,,,,,,,,,,,,,,,,,,,,20560804,,,,,,,,,,,,,
,,,,,,,,,,,,,,,,,,,,,,,,,20560811,,,,,,,,,,,,,
,,,,,,,,,,,,,,,,,,,,,,,,,20560818,,,,,,,,,,,,,
,,,,,,,,,,,,,,,,,,,,,,,,,20560825,,,,,,,,,,,,,
,,,,,,,,,,,,,,,,,,,,,,,,,20560901,,,,,,,,,,,,,
,,,,,,,,,,,,,,,,,,,,,,,,,20560908,,,,,,,,,,,,,
,,,,,,,,,,,,,,,,,,,,,,,,,20560915,,,,,,,,,,,,,
,,,,,,,,,,,,,,,,,,,,,,,,,20560922,,,,,,,,,,,,,
,,,,,,,,,,,,,,,,,,,,,,,,,20560929,,,,,,,,,,,,,
,,,,,,,,,,,,,,,,,,,,,,,,,20561006,,,,,,,,,,,,,
,,,,,,,,,,,,,,,,,,,,,,,,,20561013,,,,,,,,,,,,,
,,,,,,,,,,,,,,,,,,,,,,,,,20561020,,,,,,,,,,,,,
,,,,,,,,,,,,,,,,,,,,,,,,,20561027,,,,,,,,,,,,,
,,,,,,,,,,,,,,,,,,,,,,,,,20561103,,,,,,,,,,,,,
,,,,,,,,,,,,,,,,,,,,,,,,,20561110,,,,,,,,,,,,,
,,,,,,,,,,,,,,,,,,,,,,,,,20561117,,,,,,,,,,,,,
,,,,,,,,,,,,,,,,,,,,,,,,,20561124,,,,,,,,,,,,,
,,,,,,,,,,,,,,,,,,,,,,,,,20561201,,,,,,,,,,,,,
,,,,,,,,,,,,,,,,,,,,,,,,,20561208,,,,,,,,,,,,,
,,,,,,,,,,,,,,,,,,,,,,,,,20561215,,,,,,,,,,,,,
,,,,,,,,,,,,,,,,,,,,,,,,,20561222,,,,,,,,,,,,,
,,,,,,,,,,,,,,,,,,,,,,,,,20561229,,,,,,,,,,,,,
,,,,,,,,,,,,,,,,,,,,,,,,,20570105,,,,,,,,,,,,,
,,,,,,,,,,,,,,,,,,,,,,,,,20570112,,,,,,,,,,,,,
,,,,,,,,,,,,,,,,,,,,,,,,,20570119,,,,,,,,,,,,,
,,,,,,,,,,,,,,,,,,,,,,,,,20570126,,,,,,,,,,,,,
,,,,,,,,,,,,,,,,,,,,,,,,,20570202,,,,,,,,,,,,,
,,,,,,,,,,,,,,,,,,,,,,,,,20570209,,,,,,,,,,,,,
,,,,,,,,,,,,,,,,,,,,,,,,,20570216,,,,,,,,,,,,,
,,,,,,,,,,,,,,,,,,,,,,,,,20570223,,,,,,,,,,,,,
,,,,,,,,,,,,,,,,,,,,,,,,,20570302,,,,,,,,,,,,,
,,,,,,,,,,,,,,,,,,,,,,,,,20570309,,,,,,,,,,,,,
,,,,,,,,,,,,,,,,,,,,,,,,,20570316,,,,,,,,,,,,,
,,,,,,,,,,,,,,,,,,,,,,,,,20570323,,,,,,,,,,,,,
,,,,,,,,,,,,,,,,,,,,,,,,,20570330,,,,,,,,,,,,,
,,,,,,,,,,,,,,,,,,,,,,,,,20570404,,,,,,,,,,,,,
,,,,,,,,,,,,,,,,,,,,,,,,,20570405,,,,,,,,,,,,,
,,,,,,,,,,,,,,,,,,,,,,,,,20570406,,,,,,,,,,,,,
,,,,,,,,,,,,,,,,,,,,,,,,,20570413,,,,,,,,,,,,,
,,,,,,,,,,,,,,,,,,,,,,,,,20570420,,,,,,,,,,,,,
,,,,,,,,,,,,,,,,,,,,,,,,,20570427,,,,,,,,,,,,,
,,,,,,,,,,,,,,,,,,,,,,,,,20570504,,,,,,,,,,,,,
,,,,,,,,,,,,,,,,,,,,,,,,,20570511,,,,,,,,,,,,,
,,,,,,,,,,,,,,,,,,,,,,,,,20570518,,,,,,,,,,,,,
,,,,,,,,,,,,,,,,,,,,,,,,,20570525,,,,,,,,,,,,,
,,,,,,,,,,,,,,,,,,,,,,,,,20570601,,,,,,,,,,,,,
,,,,,,,,,,,,,,,,,,,,,,,,,20570608,,,,,,,,,,,,,
,,,,,,,,,,,,,,,,,,,,,,,,,20570611,,,,,,,,,,,,,
,,,,,,,,,,,,,,,,,,,,,,,,,20570612,,,,,,,,,,,,,
,,,,,,,,,,,,,,,,,,,,,,,,,20570613,,,,,,,,,,,,,
,,,,,,,,,,,,,,,,,,,,,,,,,20570615,,,,,,,,,,,,,
,,,,,,,,,,,,,,,,,,,,,,,,,20570622,,,,,,,,,,,,,
,,,,,,,,,,,,,,,,,,,,,,,,,20570629,,,,,,,,,,,,,
,,,,,,,,,,,,,,,,,,,,,,,,,20570706,,,,,,,,,,,,,
,,,,,,,,,,,,,,,,,,,,,,,,,20570713,,,,,,,,,,,,,
,,,,,,,,,,,,,,,,,,,,,,,,,20570720,,,,,,,,,,,,,
,,,,,,,,,,,,,,,,,,,,,,,,,20570727,,,,,,,,,,,,,
,,,,,,,,,,,,,,,,,,,,,,,,,20570803,,,,,,,,,,,,,
,,,,,,,,,,,,,,,,,,,,,,,,,20570810,,,,,,,,,,,,,
,,,,,,,,,,,,,,,,,,,,,,,,,20570817,,,,,,,,,,,,,
,,,,,,,,,,,,,,,,,,,,,,,,,20570824,,,,,,,,,,,,,
,,,,,,,,,,,,,,,,,,,,,,,,,20570831,,,,,,,,,,,,,
,,,,,,,,,,,,,,,,,,,,,,,,,20570907,,,,,,,,,,,,,
,,,,,,,,,,,,,,,,,,,,,,,,,20570914,,,,,,,,,,,,,
,,,,,,,,,,,,,,,,,,,,,,,,,20570921,,,,,,,,,,,,,
,,,,,,,,,,,,,,,,,,,,,,,,,20570928,,,,,,,,,,,,,
,,,,,,,,,,,,,,,,,,,,,,,,,20571005,,,,,,,,,,,,,
,,,,,,,,,,,,,,,,,,,,,,,,,20571012,,,,,,,,,,,,,
,,,,,,,,,,,,,,,,,,,,,,,,,20571019,,,,,,,,,,,,,
,,,,,,,,,,,,,,,,,,,,,,,,,20571026,,,,,,,,,,,,,
,,,,,,,,,,,,,,,,,,,,,,,,,20571102,,,,,,,,,,,,,
,,,,,,,,,,,,,,,,,,,,,,,,,20571109,,,,,,,,,,,,,
,,,,,,,,,,,,,,,,,,,,,,,,,20571116,,,,,,,,,,,,,
,,,,,,,,,,,,,,,,,,,,,,,,,20571123,,,,,,,,,,,,,
,,,,,,,,,,,,,,,,,,,,,,,,,20571130,,,,,,,,,,,,,
,,,,,,,,,,,,,,,,,,,,,,,,,20571207,,,,,,,,,,,,,
,,,,,,,,,,,,,,,,,,,,,,,,,20571214,,,,,,,,,,,,,
,,,,,,,,,,,,,,,,,,,,,,,,,20571221,,,,,,,,,,,,,
,,,,,,,,,,,,,,,,,,,,,,,,,20571228,,,,,,,,,,,,,
,,,,,,,,,,,,,,,,,,,,,,,,,20580104,,,,,,,,,,,,,
,,,,,,,,,,,,,,,,,,,,,,,,,20580111,,,,,,,,,,,,,
,,,,,,,,,,,,,,,,,,,,,,,,,20580118,,,,,,,,,,,,,
,,,,,,,,,,,,,,,,,,,,,,,,,20580125,,,,,,,,,,,,,
,,,,,,,,,,,,,,,,,,,,,,,,,20580201,,,,,,,,,,,,,
,,,,,,,,,,,,,,,,,,,,,,,,,20580208,,,,,,,,,,,,,
,,,,,,,,,,,,,,,,,,,,,,,,,20580215,,,,,,,,,,,,,
,,,,,,,,,,,,,,,,,,,,,,,,,20580222,,,,,,,,,,,,,
,,,,,,,,,,,,,,,,,,,,,,,,,20580301,,,,,,,,,,,,,
,,,,,,,,,,,,,,,,,,,,,,,,,20580308,,,,,,,,,,,,,
,,,,,,,,,,,,,,,,,,,,,,,,,20580315,,,,,,,,,,,,,
,,,,,,,,,,,,,,,,,,,,,,,,,20580322,,,,,,,,,,,,,
,,,,,,,,,,,,,,,,,,,,,,,,,20580325,,,,,,,,,,,,,
,,,,,,,,,,,,,,,,,,,,,,,,,20580326,,,,,,,,,,,,,
,,,,,,,,,,,,,,,,,,,,,,,,,20580329,,,,,,,,,,,,,
,,,,,,,,,,,,,,,,,,,,,,,,,20580405,,,,,,,,,,,,,
,,,,,,,,,,,,,,,,,,,,,,,,,20580412,,,,,,,,,,,,,
,,,,,,,,,,,,,,,,,,,,,,,,,20580419,,,,,,,,,,,,,
,,,,,,,,,,,,,,,,,,,,,,,,,20580426,,,,,,,,,,,,,
,,,,,,,,,,,,,,,,,,,,,,,,,20580503,,,,,,,,,,,,,
,,,,,,,,,,,,,,,,,,,,,,,,,20580510,,,,,,,,,,,,,
,,,,,,,,,,,,,,,,,,,,,,,,,20580517,,,,,,,,,,,,,
,,,,,,,,,,,,,,,,,,,,,,,,,20580524,,,,,,,,,,,,,
,,,,,,,,,,,,,,,,,,,,,,,,,20580530,,,,,,,,,,,,,
,,,,,,,,,,,,,,,,,,,,,,,,,20580531,,,,,,,,,,,,,
,,,,,,,,,,,,,,,,,,,,,,,,,20580603,,,,,,,,,,,,,
,,,,,,,,,,,,,,,,,,,,,,,,,20580607,,,,,,,,,,,,,
,,,,,,,,,,,,,,,,,,,,,,,,,20580614,,,,,,,,,,,,,
,,,,,,,,,,,,,,,,,,,,,,,,,20580621,,,,,,,,,,,,,
,,,,,,,,,,,,,,,,,,,,,,,,,20580628,,,,,,,,,,,,,
,,,,,,,,,,,,,,,,,,,,,,,,,20580705,,,,,,,,,,,,,
,,,,,,,,,,,,,,,,,,,,,,,,,20580712,,,,,,,,,,,,,
,,,,,,,,,,,,,,,,,,,,,,,,,20580719,,,,,,,,,,,,,
,,,,,,,,,,,,,,,,,,,,,,,,,20580726,,,,,,,,,,,,,
,,,,,,,,,,,,,,,,,,,,,,,,,20580802,,,,,,,,,,,,,
,,,,,,,,,,,,,,,,,,,,,,,,,20580809,,,,,,,,,,,,,
,,,,,,,,,,,,,,,,,,,,,,,,,20580816,,,,,,,,,,,,,
,,,,,,,,,,,,,,,,,,,,,,,,,20580823,,,,,,,,,,,,,
,,,,,,,,,,,,,,,,,,,,,,,,,20580830,,,,,,,,,,,,,
,,,,,,,,,,,,,,,,,,,,,,,,,20580906,,,,,,,,,,,,,
,,,,,,,,,,,,,,,,,,,,,,,,,20580913,,,,,,,,,,,,,
,,,,,,,,,,,,,,,,,,,,,,,,,20580920,,,,,,,,,,,,,
,,,,,,,,,,,,,,,,,,,,,,,,,20580923,,,,,,,,,,,,,
,,,,,,,,,,,,,,,,,,,,,,,,,20580927,,,,,,,,,,,,,
,,,,,,,,,,,,,,,,,,,,,,,,,20581004,,,,,,,,,,,,,
,,,,,,,,,,,,,,,,,,,,,,,,,20581011,,,,,,,,,,,,,
,,,,,,,,,,,,,,,,,,,,,,,,,20581018,,,,,,,,,,,,,
,,,,,,,,,,,,,,,,,,,,,,,,,20581025,,,,,,,,,,,,,
,,,,,,,,,,,,,,,,,,,,,,,,,20581101,,,,,,,,,,,,,
,,,,,,,,,,,,,,,,,,,,,,,,,20581108,,,,,,,,,,,,,
,,,,,,,,,,,,,,,,,,,,,,,,,20581115,,,,,,,,,,,,,
,,,,,,,,,,,,,,,,,,,,,,,,,20581122,,,,,,,,,,,,,
,,,,,,,,,,,,,,,,,,,,,,,,,20581129,,,,,,,,,,,,,
,,,,,,,,,,,,,,,,,,,,,,,,,20581206,,,,,,,,,,,,,
,,,,,,,,,,,,,,,,,,,,,,,,,20581213,,,,,,,,,,,,,
,,,,,,,,,,,,,,,,,,,,,,,,,20581220,,,,,,,,,,,,,
,,,,,,,,,,,,,,,,,,,,,,,,,20581227,,,,,,,,,,,,,
,,,,,,,,,,,,,,,,,,,,,,,,,20590103,,,,,,,,,,,,,
,,,,,,,,,,,,,,,,,,,,,,,,,20590110,,,,,,,,,,,,,
,,,,,,,,,,,,,,,,,,,,,,,,,20590117,,,,,,,,,,,,,
,,,,,,,,,,,,,,,,,,,,,,,,,20590124,,,,,,,,,,,,,
,,,,,,,,,,,,,,,,,,,,,,,,,20590131,,,,,,,,,,,,,
,,,,,,,,,,,,,,,,,,,,,,,,,20590207,,,,,,,,,,,,,
,,,,,,,,,,,,,,,,,,,,,,,,,20590214,,,,,,,,,,,,,
,,,,,,,,,,,,,,,,,,,,,,,,,20590221,,,,,,,,,,,,,
,,,,,,,,,,,,,,,,,,,,,,,,,20590228,,,,,,,,,,,,,
,,,,,,,,,,,,,,,,,,,,,,,,,20590307,,,,,,,,,,,,,
,,,,,,,,,,,,,,,,,,,,,,,,,20590313,,,,,,,,,,,,,
,,,,,,,,,,,,,,,,,,,,,,,,,20590314,,,,,,,,,,,,,
,,,,,,,,,,,,,,,,,,,,,,,,,20590317,,,,,,,,,,,,,
,,,,,,,,,,,,,,,,,,,,,,,,,20590321,,,,,,,,,,,,,
,,,,,,,,,,,,,,,,,,,,,,,,,20590328,,,,,,,,,,,,,
,,,,,,,,,,,,,,,,,,,,,,,,,20590404,,,,,,,,,,,,,
,,,,,,,,,,,,,,,,,,,,,,,,,20590411,,,,,,,,,,,,,
,,,,,,,,,,,,,,,,,,,,,,,,,20590418,,,,,,,,,,,,,
,,,,,,,,,,,,,,,,,,,,,,,,,20590425,,,,,,,,,,,,,
,,,,,,,,,,,,,,,,,,,,,,,,,20590502,,,,,,,,,,,,,
,,,,,,,,,,,,,,,,,,,,,,,,,20590509,,,,,,,,,,,,,
,,,,,,,,,,,,,,,,,,,,,,,,,20590516,,,,,,,,,,,,,
,,,,,,,,,,,,,,,,,,,,,,,,,20590521,,,,,,,,,,,,,
,,,,,,,,,,,,,,,,,,,,,,,,,20590522,,,,,,,,,,,,,
,,,,,,,,,,,,,,,,,,,,,,,,,20590523,,,,,,,,,,,,,
,,,,,,,,,,,,,,,,,,,,,,,,,20590530,,,,,,,,,,,,,
,,,,,,,,,,,,,,,,,,,,,,,,,20590606,,,,,,,,,,,,,
,,,,,,,,,,,,,,,,,,,,,,,,,20590613,,,,,,,,,,,,,
,,,,,,,,,,,,,,,,,,,,,,,,,20590620,,,,,,,,,,,,,
,,,,,,,,,,,,,,,,,,,,,,,,,20590627,,,,,,,,,,,,,
,,,,,,,,,,,,,,,,,,,,,,,,,20590704,,,,,,,,,,,,,
,,,,,,,,,,,,,,,,,,,,,,,,,20590711,,,,,,,,,,,,,
,,,,,,,,,,,,,,,,,,,,,,,,,20590718,,,,,,,,,,,,,
,,,,,,,,,,,,,,,,,,,,,,,,,20590725,,,,,,,,,,,,,
,,,,,,,,,,,,,,,,,,,,,,,,,20590801,,,,,,,,,,,,,
,,,,,,,,,,,,,,,,,,,,,,,,,20590808,,,,,,,,,,,,,
,,,,,,,,,,,,,,,,,,,,,,,,,20590815,,,,,,,,,,,,,
,,,,,,,,,,,,,,,,,,,,,,,,,20590822,,,,,,,,,,,,,
,,,,,,,,,,,,,,,,,,,,,,,,,20590829,,,,,,,,,,,,,
,,,,,,,,,,,,,,,,,,,,,,,,,20590905,,,,,,,,,,,,,
,,,,,,,,,,,,,,,,,,,,,,,,,20590912,,,,,,,,,,,,,
,,,,,,,,,,,,,,,,,,,,,,,,,20590919,,,,,,,,,,,,,
,,,,,,,,,,,,,,,,,,,,,,,,,20590923,,,,,,,,,,,,,
,,,,,,,,,,,,,,,,,,,,,,,,,20590926,,,,,,,,,,,,,
,,,,,,,,,,,,,,,,,,,,,,,,,20591003,,,,,,,,,,,,,
,,,,,,,,,,,,,,,,,,,,,,,,,20591010,,,,,,,,,,,,,
,,,,,,,,,,,,,,,,,,,,,,,,,20591017,,,,,,,,,,,,,
,,,,,,,,,,,,,,,,,,,,,,,,,20591024,,,,,,,,,,,,,
,,,,,,,,,,,,,,,,,,,,,,,,,20591031,,,,,,,,,,,,,
,,,,,,,,,,,,,,,,,,,,,,,,,20591107,,,,,,,,,,,,,
,,,,,,,,,,,,,,,,,,,,,,,,,20591114,,,,,,,,,,,,,
,,,,,,,,,,,,,,,,,,,,,,,,,20591121,,,,,,,,,,,,,
,,,,,,,,,,,,,,,,,,,,,,,,,20591128,,,,,,,,,,,,,
,,,,,,,,,,,,,,,,,,,,,,,,,20591205,,,,,,,,,,,,,
,,,,,,,,,,,,,,,,,,,,,,,,,20591212,,,,,,,,,,,,,
,,,,,,,,,,,,,,,,,,,,,,,,,20591219,,,,,,,,,,,,,
,,,,,,,,,,,,,,,,,,,,,,,,,20591226,,,,,,,,,,,,,
,,,,,,,,,,,,,,,,,,,,,,,,,20600102,,,,,,,,,,,,,
,,,,,,,,,,,,,,,,,,,,,,,,,20600109,,,,,,,,,,,,,
,,,,,,,,,,,,,,,,,,,,,,,,,20600116,,,,,,,,,,,,,
,,,,,,,,,,,,,,,,,,,,,,,,,20600123,,,,,,,,,,,,,
,,,,,,,,,,,,,,,,,,,,,,,,,20600130,,,,,,,,,,,,,
,,,,,,,,,,,,,,,,,,,,,,,,,20600206,,,,,,,,,,,,,
,,,,,,,,,,,,,,,,,,,,,,,,,20600213,,,,,,,,,,,,,
,,,,,,,,,,,,,,,,,,,,,,,,,20600220,,,,,,,,,,,,,
,,,,,,,,,,,,,,,,,,,,,,,,,20600227,,,,,,,,,,,,,
,,,,,,,,,,,,,,,,,,,,,,,,,20600303,,,,,,,,,,,,,
,,,,,,,,,,,,,,,,,,,,,,,,,20600304,,,,,,,,,,,,,
,,,,,,,,,,,,,,,,,,,,,,,,,20600305,,,,,,,,,,,,,
,,,,,,,,,,,,,,,,,,,,,,,,,20600312,,,,,,,,,,,,,
,,,,,,,,,,,,,,,,,,,,,,,,,20600319,,,,,,,,,,,,,
,,,,,,,,,,,,,,,,,,,,,,,,,20600326,,,,,,,,,,,,,
,,,,,,,,,,,,,,,,,,,,,,,,,20600402,,,,,,,,,,,,,
,,,,,,,,,,,,,,,,,,,,,,,,,20600409,,,,,,,,,,,,,
,,,,,,,,,,,,,,,,,,,,,,,,,20600416,,,,,,,,,,,,,
,,,,,,,,,,,,,,,,,,,,,,,,,20600423,,,,,,,,,,,,,
,,,,,,,,,,,,,,,,,,,,,,,,,20600430,,,,,,,,,,,,,
,,,,,,,,,,,,,,,,,,,,,,,,,20600507,,,,,,,,,,,,,
,,,,,,,,,,,,,,,,,,,,,,,,,20600510,,,,,,,,,,,,,
,,,,,,,,,,,,,,,,,,,,,,,,,20600511,,,,,,,,,,,,,
,,,,,,,,,,,,,,,,,,,,,,,,,20600514,,,,,,,,,,,,,
,,,,,,,,,,,,,,,,,,,,,,,,,20600521,,,,,,,,,,,,,
,,,,,,,,,,,,,,,,,,,,,,,,,20600528,,,,,,,,,,,,,
,,,,,,,,,,,,,,,,,,,,,,,,,20600604,,,,,,,,,,,,,
,,,,,,,,,,,,,,,,,,,,,,,,,20600611,,,,,,,,,,,,,
,,,,,,,,,,,,,,,,,,,,,,,,,20600618,,,,,,,,,,,,,
,,,,,,,,,,,,,,,,,,,,,,,,,20600625,,,,,,,,,,,,,
,,,,,,,,,,,,,,,,,,,,,,,,,20600702,,,,,,,,,,,,,
,,,,,,,,,,,,,,,,,,,,,,,,,20600709,,,,,,,,,,,,,
,,,,,,,,,,,,,,,,,,,,,,,,,20600716,,,,,,,,,,,,,
,,,,,,,,,,,,,,,,,,,,,,,,,20600723,,,,,,,,,,,,,
,,,,,,,,,,,,,,,,,,,,,,,,,20600730,,,,,,,,,,,,,
,,,,,,,,,,,,,,,,,,,,,,,,,20600806,,,,,,,,,,,,,
,,,,,,,,,,,,,,,,,,,,,,,,,20600813,,,,,,,,,,,,,
,,,,,,,,,,,,,,,,,,,,,,,,,20600820,,,,,,,,,,,,,
,,,,,,,,,,,,,,,,,,,,,,,,,20600827,,,,,,,,,,,,,
,,,,,,,,,,,,,,,,,,,,,,,,,20600903,,,,,,,,,,,,,
,,,,,,,,,,,,,,,,,,,,,,,,,20600910,,,,,,,,,,,,,
,,,,,,,,,,,,,,,,,,,,,,,,,20600917,,,,,,,,,,,,,
,,,,,,,,,,,,,,,,,,,,,,,,,20600923,,,,,,,,,,,,,
,,,,,,,,,,,,,,,,,,,,,,,,,20600924,,,,,,,,,,,,,
,,,,,,,,,,,,,,,,,,,,,,,,,20601001,,,,,,,,,,,,,
,,,,,,,,,,,,,,,,,,,,,,,,,20601008,,,,,,,,,,,,,
,,,,,,,,,,,,,,,,,,,,,,,,,20601015,,,,,,,,,,,,,
,,,,,,,,,,,,,,,,,,,,,,,,,20601022,,,,,,,,,,,,,
,,,,,,,,,,,,,,,,,,,,,,,,,20601029,,,,,,,,,,,,,
,,,,,,,,,,,,,,,,,,,,,,,,,20601105,,,,,,,,,,,,,
,,,,,,,,,,,,,,,,,,,,,,,,,20601112,,,,,,,,,,,,,
,,,,,,,,,,,,,,,,,,,,,,,,,20601119,,,,,,,,,,,,,
,,,,,,,,,,,,,,,,,,,,,,,,,20601126,,,,,,,,,,,,,
,,,,,,,,,,,,,,,,,,,,,,,,,20601203,,,,,,,,,,,,,
,,,,,,,,,,,,,,,,,,,,,,,,,20601210,,,,,,,,,,,,,
,,,,,,,,,,,,,,,,,,,,,,,,,20601217,,,,,,,,,,,,,
,,,,,,,,,,,,,,,,,,,,,,,,,20601224,,,,,,,,,,,,,
,,,,,,,,,,,,,,,,,,,,,,,,,20601231,,,,,,,,,,,,,
,,,,,,,,,,,,,,,,,,,,,,,,,20610107,,,,,,,,,,,,,
,,,,,,,,,,,,,,,,,,,,,,,,,20610114,,,,,,,,,,,,,
,,,,,,,,,,,,,,,,,,,,,,,,,20610121,,,,,,,,,,,,,
,,,,,,,,,,,,,,,,,,,,,,,,,20610128,,,,,,,,,,,,,
,,,,,,,,,,,,,,,,,,,,,,,,,20610204,,,,,,,,,,,,,
,,,,,,,,,,,,,,,,,,,,,,,,,20610211,,,,,,,,,,,,,
,,,,,,,,,,,,,,,,,,,,,,,,,20610218,,,,,,,,,,,,,
,,,,,,,,,,,,,,,,,,,,,,,,,20610221,,,,,,,,,,,,,
,,,,,,,,,,,,,,,,,,,,,,,,,20610222,,,,,,,,,,,,,
,,,,,,,,,,,,,,,,,,,,,,,,,20610225,,,,,,,,,,,,,
,,,,,,,,,,,,,,,,,,,,,,,,,20610304,,,,,,,,,,,,,
,,,,,,,,,,,,,,,,,,,,,,,,,20610311,,,,,,,,,,,,,
,,,,,,,,,,,,,,,,,,,,,,,,,20610318,,,,,,,,,,,,,
,,,,,,,,,,,,,,,,,,,,,,,,,20610325,,,,,,,,,,,,,
,,,,,,,,,,,,,,,,,,,,,,,,,20610401,,,,,,,,,,,,,
,,,,,,,,,,,,,,,,,,,,,,,,,20610408,,,,,,,,,,,,,
,,,,,,,,,,,,,,,,,,,,,,,,,20610415,,,,,,,,,,,,,
,,,,,,,,,,,,,,,,,,,,,,,,,20610422,,,,,,,,,,,,,
,,,,,,,,,,,,,,,,,,,,,,,,,20610428,,,,,,,,,,,,,
,,,,,,,,,,,,,,,,,,,,,,,,,20610429,,,,,,,,,,,,,
,,,,,,,,,,,,,,,,,,,,,,,,,20610502,,,,,,,,,,,,,
,,,,,,,,,,,,,,,,,,,,,,,,,20610506,,,,,,,,,,,,,
,,,,,,,,,,,,,,,,,,,,,,,,,20610513,,,,,,,,,,,,,
,,,,,,,,,,,,,,,,,,,,,,,,,20610520,,,,,,,,,,,,,
,,,,,,,,,,,,,,,,,,,,,,,,,20610527,,,,,,,,,,,,,
,,,,,,,,,,,,,,,,,,,,,,,,,20610603,,,,,,,,,,,,,
,,,,,,,,,,,,,,,,,,,,,,,,,20610610,,,,,,,,,,,,,
,,,,,,,,,,,,,,,,,,,,,,,,,20610617,,,,,,,,,,,,,
,,,,,,,,,,,,,,,,,,,,,,,,,20610624,,,,,,,,,,,,,
,,,,,,,,,,,,,,,,,,,,,,,,,20610701,,,,,,,,,,,,,
,,,,,,,,,,,,,,,,,,,,,,,,,20610708,,,,,,,,,,,,,
,,,,,,,,,,,,,,,,,,,,,,,,,20610715,,,,,,,,,,,,,
,,,,,,,,,,,,,,,,,,,,,,,,,20610722,,,,,,,,,,,,,
,,,,,,,,,,,,,,,,,,,,,,,,,20610729,,,,,,,,,,,,,
,,,,,,,,,,,,,,,,,,,,,,,,,20610805,,,,,,,,,,,,,
,,,,,,,,,,,,,,,,,,,,,,,,,20610812,,,,,,,,,,,,,
,,,,,,,,,,,,,,,,,,,,,,,,,20610819,,,,,,,,,,,,,
,,,,,,,,,,,,,,,,,,,,,,,,,20610826,,,,,,,,,,,,,
,,,,,,,,,,,,,,,,,,,,,,,,,20610902,,,,,,,,,,,,,
,,,,,,,,,,,,,,,,,,,,,,,,,20610909,,,,,,,,,,,,,
,,,,,,,,,,,,,,,,,,,,,,,,,20610916,,,,,,,,,,,,,
,,,,,,,,,,,,,,,,,,,,,,,,,20610922,,,,,,,,,,,,,
,,,,,,,,,,,,,,,,,,,,,,,,,20610923,,,,,,,,,,,,,
,,,,,,,,,,,,,,,,,,,,,,,,,20610930,,,,,,,,,,,,,
,,,,,,,,,,,,,,,,,,,,,,,,,20611007,,,,,,,,,,,,,
,,,,,,,,,,,,,,,,,,,,,,,,,20611014,,,,,,,,,,,,,
,,,,,,,,,,,,,,,,,,,,,,,,,20611021,,,,,,,,,,,,,
,,,,,,,,,,,,,,,,,,,,,,,,,20611028,,,,,,,,,,,,,
,,,,,,,,,,,,,,,,,,,,,,,,,20611104,,,,,,,,,,,,,
,,,,,,,,,,,,,,,,,,,,,,,,,20611111,,,,,,,,,,,,,
,,,,,,,,,,,,,,,,,,,,,,,,,20611118,,,,,,,,,,,,,
,,,,,,,,,,,,,,,,,,,,,,,,,20611125,,,,,,,,,,,,,
,,,,,,,,,,,,,,,,,,,,,,,,,20611202,,,,,,,,,,,,,
,,,,,,,,,,,,,,,,,,,,,,,,,20611209,,,,,,,,,,,,,
,,,,,,,,,,,,,,,,,,,,,,,,,20611216,,,,,,,,,,,,,
,,,,,,,,,,,,,,,,,,,,,,,,,20611223,,,,,,,,,,,,,
,,,,,,,,,,,,,,,,,,,,,,,,,20611230,,,,,,,,,,,,,
,,,,,,,,,,,,,,,,,,,,,,,,,20620106,,,,,,,,,,,,,
,,,,,,,,,,,,,,,,,,,,,,,,,20620113,,,,,,,,,,,,,
,,,,,,,,,,,,,,,,,,,,,,,,,20620120,,,,,,,,,,,,,
,,,,,,,,,,,,,,,,,,,,,,,,,20620127,,,,,,,,,,,,,
,,,,,,,,,,,,,,,,,,,,,,,,,20620203,,,,,,,,,,,,,
,,,,,,,,,,,,,,,,,,,,,,,,,20620209,,,,,,,,,,,,,
,,,,,,,,,,,,,,,,,,,,,,,,,20620210,,,,,,,,,,,,,
,,,,,,,,,,,,,,,,,,,,,,,,,20620213,,,,,,,,,,,,,
,,,,,,,,,,,,,,,,,,,,,,,,,20620217,,,,,,,,,,,,,
,,,,,,,,,,,,,,,,,,,,,,,,,20620224,,,,,,,,,,,,,
,,,,,,,,,,,,,,,,,,,,,,,,,20620303,,,,,,,,,,,,,
,,,,,,,,,,,,,,,,,,,,,,,,,20620310,,,,,,,,,,,,,
,,,,,,,,,,,,,,,,,,,,,,,,,20620317,,,,,,,,,,,,,
,,,,,,,,,,,,,,,,,,,,,,,,,20620324,,,,,,,,,,,,,
,,,,,,,,,,,,,,,,,,,,,,,,,20620331,,,,,,,,,,,,,
,,,,,,,,,,,,,,,,,,,,,,,,,20620407,,,,,,,,,,,,,
,,,,,,,,,,,,,,,,,,,,,,,,,20620414,,,,,,,,,,,,,
,,,,,,,,,,,,,,,,,,,,,,,,,20620419,,,,,,,,,,,,,
,,,,,,,,,,,,,,,,,,,,,,,,,20620420,,,,,,,,,,,,,
,,,,,,,,,,,,,,,,,,,,,,,,,20620421,,,,,,,,,,,,,
,,,,,,,,,,,,,,,,,,,,,,,,,20620428,,,,,,,,,,,,,
,,,,,,,,,,,,,,,,,,,,,,,,,20620505,,,,,,,,,,,,,
,,,,,,,,,,,,,,,,,,,,,,,,,20620512,,,,,,,,,,,,,
,,,,,,,,,,,,,,,,,,,,,,,,,20620519,,,,,,,,,,,,,
,,,,,,,,,,,,,,,,,,,,,,,,,20620526,,,,,,,,,,,,,
,,,,,,,,,,,,,,,,,,,,,,,,,20620602,,,,,,,,,,,,,
,,,,,,,,,,,,,,,,,,,,,,,,,20620609,,,,,,,,,,,,,
,,,,,,,,,,,,,,,,,,,,,,,,,20620616,,,,,,,,,,,,,
,,,,,,,,,,,,,,,,,,,,,,,,,20620623,,,,,,,,,,,,,
,,,,,,,,,,,,,,,,,,,,,,,,,20620630,,,,,,,,,,,,,
,,,,,,,,,,,,,,,,,,,,,,,,,20620707,,,,,,,,,,,,,
,,,,,,,,,,,,,,,,,,,,,,,,,20620714,,,,,,,,,,,,,
,,,,,,,,,,,,,,,,,,,,,,,,,20620721,,,,,,,,,,,,,
,,,,,,,,,,,,,,,,,,,,,,,,,20620728,,,,,,,,,,,,,
,,,,,,,,,,,,,,,,,,,,,,,,,20620804,,,,,,,,,,,,,
,,,,,,,,,,,,,,,,,,,,,,,,,20620811,,,,,,,,,,,,,
,,,,,,,,,,,,,,,,,,,,,,,,,20620818,,,,,,,,,,,,,
,,,,,,,,,,,,,,,,,,,,,,,,,20620825,,,,,,,,,,,,,
,,,,,,,,,,,,,,,,,,,,,,,,,20620901,,,,,,,,,,,,,
,,,,,,,,,,,,,,,,,,,,,,,,,20620908,,,,,,,,,,,,,
,,,,,,,,,,,,,,,,,,,,,,,,,20620915,,,,,,,,,,,,,
,,,,,,,,,,,,,,,,,,,,,,,,,20620922,,,,,,,,,,,,,
,,,,,,,,,,,,,,,,,,,,,,,,,20620929,,,,,,,,,,,,,
,,,,,,,,,,,,,,,,,,,,,,,,,20621006,,,,,,,,,,,,,
,,,,,,,,,,,,,,,,,,,,,,,,,20621013,,,,,,,,,,,,,
,,,,,,,,,,,,,,,,,,,,,,,,,20621020,,,,,,,,,,,,,
,,,,,,,,,,,,,,,,,,,,,,,,,20621027,,,,,,,,,,,,,
,,,,,,,,,,,,,,,,,,,,,,,,,20621103,,,,,,,,,,,,,
,,,,,,,,,,,,,,,,,,,,,,,,,20621110,,,,,,,,,,,,,
,,,,,,,,,,,,,,,,,,,,,,,,,20621117,,,,,,,,,,,,,
,,,,,,,,,,,,,,,,,,,,,,,,,20621124,,,,,,,,,,,,,
,,,,,,,,,,,,,,,,,,,,,,,,,20621201,,,,,,,,,,,,,
,,,,,,,,,,,,,,,,,,,,,,,,,20621208,,,,,,,,,,,,,
,,,,,,,,,,,,,,,,,,,,,,,,,20621215,,,,,,,,,,,,,
,,,,,,,,,,,,,,,,,,,,,,,,,20621222,,,,,,,,,,,,,
,,,,,,,,,,,,,,,,,,,,,,,,,20621229,,,,,,,,,,,,,
,,,,,,,,,,,,,,,,,,,,,,,,,20630105,,,,,,,,,,,,,
,,,,,,,,,,,,,,,,,,,,,,,,,20630112,,,,,,,,,,,,,
,,,,,,,,,,,,,,,,,,,,,,,,,20630119,,,,,,,,,,,,,
,,,,,,,,,,,,,,,,,,,,,,,,,20630126,,,,,,,,,,,,,
,,,,,,,,,,,,,,,,,,,,,,,,,20630130,,,,,,,,,,,,,
,,,,,,,,,,,,,,,,,,,,,,,,,20630131,,,,,,,,,,,,,
,,,,,,,,,,,,,,,,,,,,,,,,,20630201,,,,,,,,,,,,,
,,,,,,,,,,,,,,,,,,,,,,,,,20630202,,,,,,,,,,,,,
,,,,,,,,,,,,,,,,,,,,,,,,,20630209,,,,,,,,,,,,,
,,,,,,,,,,,,,,,,,,,,,,,,,20630216,,,,,,,,,,,,,
,,,,,,,,,,,,,,,,,,,,,,,,,20630223,,,,,,,,,,,,,
,,,,,,,,,,,,,,,,,,,,,,,,,20630302,,,,,,,,,,,,,
,,,,,,,,,,,,,,,,,,,,,,,,,20630309,,,,,,,,,,,,,
,,,,,,,,,,,,,,,,,,,,,,,,,20630316,,,,,,,,,,,,,
,,,,,,,,,,,,,,,,,,,,,,,,,20630323,,,,,,,,,,,,,
,,,,,,,,,,,,,,,,,,,,,,,,,20630330,,,,,,,,,,,,,
,,,,,,,,,,,,,,,,,,,,,,,,,20630406,,,,,,,,,,,,,
,,,,,,,,,,,,,,,,,,,,,,,,,20630409,,,,,,,,,,,,,
,,,,,,,,,,,,,,,,,,,,,,,,,20630410,,,,,,,,,,,,,
,,,,,,,,,,,,,,,,,,,,,,,,,20630413,,,,,,,,,,,,,
,,,,,,,,,,,,,,,,,,,,,,,,,20630420,,,,,,,,,,,,,
,,,,,,,,,,,,,,,,,,,,,,,,,20630427,,,,,,,,,,,,,
,,,,,,,,,,,,,,,,,,,,,,,,,20630504,,,,,,,,,,,,,
,,,,,,,,,,,,,,,,,,,,,,,,,20630511,,,,,,,,,,,,,
,,,,,,,,,,,,,,,,,,,,,,,,,20630518,,,,,,,,,,,,,
,,,,,,,,,,,,,,,,,,,,,,,,,20630525,,,,,,,,,,,,,
,,,,,,,,,,,,,,,,,,,,,,,,,20630601,,,,,,,,,,,,,
,,,,,,,,,,,,,,,,,,,,,,,,,20630608,,,,,,,,,,,,,
,,,,,,,,,,,,,,,,,,,,,,,,,20630615,,,,,,,,,,,,,
,,,,,,,,,,,,,,,,,,,,,,,,,20630622,,,,,,,,,,,,,
,,,,,,,,,,,,,,,,,,,,,,,,,20630629,,,,,,,,,,,,,
,,,,,,,,,,,,,,,,,,,,,,,,,20630706,,,,,,,,,,,,,
,,,,,,,,,,,,,,,,,,,,,,,,,20630713,,,,,,,,,,,,,
,,,,,,,,,,,,,,,,,,,,,,,,,20630720,,,,,,,,,,,,,
,,,,,,,,,,,,,,,,,,,,,,,,,20630727,,,,,,,,,,,,,
,,,,,,,,,,,,,,,,,,,,,,,,,20630803,,,,,,,,,,,,,
,,,,,,,,,,,,,,,,,,,,,,,,,20630810,,,,,,,,,,,,,
,,,,,,,,,,,,,,,,,,,,,,,,,20630817,,,,,,,,,,,,,
,,,,,,,,,,,,,,,,,,,,,,,,,20630824,,,,,,,,,,,,,
,,,,,,,,,,,,,,,,,,,,,,,,,20630831,,,,,,,,,,,,,
,,,,,,,,,,,,,,,,,,,,,,,,,20630907,,,,,,,,,,,,,
,,,,,,,,,,,,,,,,,,,,,,,,,20630914,,,,,,,,,,,,,
,,,,,,,,,,,,,,,,,,,,,,,,,20630921,,,,,,,,,,,,,
,,,,,,,,,,,,,,,,,,,,,,,,,20630928,,,,,,,,,,,,,
,,,,,,,,,,,,,,,,,,,,,,,,,20631005,,,,,,,,,,,,,
,,,,,,,,,,,,,,,,,,,,,,,,,20631012,,,,,,,,,,,,,
,,,,,,,,,,,,,,,,,,,,,,,,,20631019,,,,,,,,,,,,,
,,,,,,,,,,,,,,,,,,,,,,,,,20631026,,,,,,,,,,,,,
,,,,,,,,,,,,,,,,,,,,,,,,,20631102,,,,,,,,,,,,,
,,,,,,,,,,,,,,,,,,,,,,,,,20631109,,,,,,,,,,,,,
,,,,,,,,,,,,,,,,,,,,,,,,,20631116,,,,,,,,,,,,,
,,,,,,,,,,,,,,,,,,,,,,,,,20631123,,,,,,,,,,,,,
,,,,,,,,,,,,,,,,,,,,,,,,,20631130,,,,,,,,,,,,,
,,,,,,,,,,,,,,,,,,,,,,,,,20631207,,,,,,,,,,,,,
,,,,,,,,,,,,,,,,,,,,,,,,,20631214,,,,,,,,,,,,,
,,,,,,,,,,,,,,,,,,,,,,,,,20631221,,,,,,,,,,,,,
,,,,,,,,,,,,,,,,,,,,,,,,,20631228,,,,,,,,,,,,,
,,,,,,,,,,,,,,,,,,,,,,,,,20640104,,,,,,,,,,,,,
,,,,,,,,,,,,,,,,,,,,,,,,,20640111,,,,,,,,,,,,,
,,,,,,,,,,,,,,,,,,,,,,,,,20640117,,,,,,,,,,,,,
,,,,,,,,,,,,,,,,,,,,,,,,,20640118,,,,,,,,,,,,,
,,,,,,,,,,,,,,,,,,,,,,,,,20640121,,,,,,,,,,,,,
,,,,,,,,,,,,,,,,,,,,,,,,,20640125,,,,,,,,,,,,,
,,,,,,,,,,,,,,,,,,,,,,,,,20640201,,,,,,,,,,,,,
,,,,,,,,,,,,,,,,,,,,,,,,,20640208,,,,,,,,,,,,,
,,,,,,,,,,,,,,,,,,,,,,,,,20640215,,,,,,,,,,,,,
,,,,,,,,,,,,,,,,,,,,,,,,,20640222,,,,,,,,,,,,,
,,,,,,,,,,,,,,,,,,,,,,,,,20640229,,,,,,,,,,,,,
,,,,,,,,,,,,,,,,,,,,,,,,,20640307,,,,,,,,,,,,,
,,,,,,,,,,,,,,,,,,,,,,,,,20640314,,,,,,,,,,,,,
,,,,,,,,,,,,,,,,,,,,,,,,,20640321,,,,,,,,,,,,,
,,,,,,,,,,,,,,,,,,,,,,,,,20640327,,,,,,,,,,,,,
,,,,,,,,,,,,,,,,,,,,,,,,,20640328,,,,,,,,,,,,,
,,,,,,,,,,,,,,,,,,,,,,,,,20640331,,,,,,,,,,,,,
,,,,,,,,,,,,,,,,,,,,,,,,,20640404,,,,,,,,,,,,,
,,,,,,,,,,,,,,,,,,,,,,,,,20640411,,,,,,,,,,,,,
,,,,,,,,,,,,,,,,,,,,,,,,,20640418,,,,,,,,,,,,,
,,,,,,,,,,,,,,,,,,,,,,,,,20640425,,,,,,,,,,,,,
,,,,,,,,,,,,,,,,,,,,,,,,,20640502,,,,,,,,,,,,,
,,,,,,,,,,,,,,,,,,,,,,,,,20640509,,,,,,,,,,,,,
,,,,,,,,,,,,,,,,,,,,,,,,,20640516,,,,,,,,,,,,,
,,,,,,,,,,,,,,,,,,,,,,,,,20640523,,,,,,,,,,,,,
,,,,,,,,,,,,,,,,,,,,,,,,,20640530,,,,,,,,,,,,,
,,,,,,,,,,,,,,,,,,,,,,,,,20640606,,,,,,,,,,,,,
,,,,,,,,,,,,,,,,,,,,,,,,,20640613,,,,,,,,,,,,,
,,,,,,,,,,,,,,,,,,,,,,,,,20640620,,,,,,,,,,,,,
,,,,,,,,,,,,,,,,,,,,,,,,,20640627,,,,,,,,,,,,,
,,,,,,,,,,,,,,,,,,,,,,,,,20640704,,,,,,,,,,,,,
,,,,,,,,,,,,,,,,,,,,,,,,,20640711,,,,,,,,,,,,,
,,,,,,,,,,,,,,,,,,,,,,,,,20640718,,,,,,,,,,,,,
,,,,,,,,,,,,,,,,,,,,,,,,,20640725,,,,,,,,,,,,,
,,,,,,,,,,,,,,,,,,,,,,,,,20640801,,,,,,,,,,,,,
,,,,,,,,,,,,,,,,,,,,,,,,,20640808,,,,,,,,,,,,,
,,,,,,,,,,,,,,,,,,,,,,,,,20640815,,,,,,,,,,,,,
,,,,,,,,,,,,,,,,,,,,,,,,,20640822,,,,,,,,,,,,,
,,,,,,,,,,,,,,,,,,,,,,,,,20640829,,,,,,,,,,,,,
,,,,,,,,,,,,,,,,,,,,,,,,,20640905,,,,,,,,,,,,,
,,,,,,,,,,,,,,,,,,,,,,,,,20640912,,,,,,,,,,,,,
,,,,,,,,,,,,,,,,,,,,,,,,,20640919,,,,,,,,,,,,,
,,,,,,,,,,,,,,,,,,,,,,,,,20640923,,,,,,,,,,,,,
,,,,,,,,,,,,,,,,,,,,,,,,,20640926,,,,,,,,,,,,,
,,,,,,,,,,,,,,,,,,,,,,,,,20641003,,,,,,,,,,,,,
,,,,,,,,,,,,,,,,,,,,,,,,,20641010,,,,,,,,,,,,,
,,,,,,,,,,,,,,,,,,,,,,,,,20641017,,,,,,,,,,,,,
,,,,,,,,,,,,,,,,,,,,,,,,,20641024,,,,,,,,,,,,,
,,,,,,,,,,,,,,,,,,,,,,,,,20641031,,,,,,,,,,,,,
,,,,,,,,,,,,,,,,,,,,,,,,,20641107,,,,,,,,,,,,,
,,,,,,,,,,,,,,,,,,,,,,,,,20641114,,,,,,,,,,,,,
,,,,,,,,,,,,,,,,,,,,,,,,,20641121,,,,,,,,,,,,,
,,,,,,,,,,,,,,,,,,,,,,,,,20641128,,,,,,,,,,,,,
,,,,,,,,,,,,,,,,,,,,,,,,,20641205,,,,,,,,,,,,,
,,,,,,,,,,,,,,,,,,,,,,,,,20641212,,,,,,,,,,,,,
,,,,,,,,,,,,,,,,,,,,,,,,,20641219,,,,,,,,,,,,,
,,,,,,,,,,,,,,,,,,,,,,,,,20641226,,,,,,,,,,,,,
,,,,,,,,,,,,,,,,,,,,,,,,,20650102,,,,,,,,,,,,,
,,,,,,,,,,,,,,,,,,,,,,,,,20650107,,,,,,,,,,,,,
,,,,,,,,,,,,,,,,,,,,,,,,,20650108,,,,,,,,,,,,,
,,,,,,,,,,,,,,,,,,,,,,,,,20650109,,,,,,,,,,,,,
,,,,,,,,,,,,,,,,,,,,,,,,,20650116,,,,,,,,,,,,,
,,,,,,,,,,,,,,,,,,,,,,,,,20650123,,,,,,,,,,,,,
,,,,,,,,,,,,,,,,,,,,,,,,,20650130,,,,,,,,,,,,,
,,,,,,,,,,,,,,,,,,,,,,,,,20650206,,,,,,,,,,,,,
,,,,,,,,,,,,,,,,,,,,,,,,,20650213,,,,,,,,,,,,,
,,,,,,,,,,,,,,,,,,,,,,,,,20650220,,,,,,,,,,,,,
,,,,,,,,,,,,,,,,,,,,,,,,,20650227,,,,,,,,,,,,,
,,,,,,,,,,,,,,,,,,,,,,,,,20650306,,,,,,,,,,,,,
,,,,,,,,,,,,,,,,,,,,,,,,,20650313,,,,,,,,,,,,,
,,,,,,,,,,,,,,,,,,,,,,,,,20650316,,,,,,,,,,,,,
,,,,,,,,,,,,,,,,,,,,,,,,,20650317,,,,,,,,,,,,,
,,,,,,,,,,,,,,,,,,,,,,,,,20650318,,,,,,,,,,,,,
,,,,,,,,,,,,,,,,,,,,,,,,,20650320,,,,,,,,,,,,,
,,,,,,,,,,,,,,,,,,,,,,,,,20650327,,,,,,,,,,,,,
,,,,,,,,,,,,,,,,,,,,,,,,,20650403,,,,,,,,,,,,,
,,,,,,,,,,,,,,,,,,,,,,,,,20650410,,,,,,,,,,,,,
,,,,,,,,,,,,,,,,,,,,,,,,,20650417,,,,,,,,,,,,,
,,,,,,,,,,,,,,,,,,,,,,,,,20650424,,,,,,,,,,,,,
,,,,,,,,,,,,,,,,,,,,,,,,,20650501,,,,,,,,,,,,,
,,,,,,,,,,,,,,,,,,,,,,,,,20650508,,,,,,,,,,,,,
,,,,,,,,,,,,,,,,,,,,,,,,,20650515,,,,,,,,,,,,,
,,,,,,,,,,,,,,,,,,,,,,,,,20650522,,,,,,,,,,,,,
,,,,,,,,,,,,,,,,,,,,,,,,,20650529,,,,,,,,,,,,,
,,,,,,,,,,,,,,,,,,,,,,,,,20650605,,,,,,,,,,,,,
,,,,,,,,,,,,,,,,,,,,,,,,,20650612,,,,,,,,,,,,,
,,,,,,,,,,,,,,,,,,,,,,,,,20650619,,,,,,,,,,,,,
,,,,,,,,,,,,,,,,,,,,,,,,,20650626,,,,,,,,,,,,,
,,,,,,,,,,,,,,,,,,,,,,,,,20650703,,,,,,,,,,,,,
,,,,,,,,,,,,,,,,,,,,,,,,,20650710,,,,,,,,,,,,,
,,,,,,,,,,,,,,,,,,,,,,,,,20650717,,,,,,,,,,,,,
,,,,,,,,,,,,,,,,,,,,,,,,,20650724,,,,,,,,,,,,,
,,,,,,,,,,,,,,,,,,,,,,,,,20650731,,,,,,,,,,,,,
,,,,,,,,,,,,,,,,,,,,,,,,,20650807,,,,,,,,,,,,,
,,,,,,,,,,,,,,,,,,,,,,,,,20650814,,,,,,,,,,,,,
,,,,,,,,,,,,,,,,,,,,,,,,,20650821,,,,,,,,,,,,,
,,,,,,,,,,,,,,,,,,,,,,,,,20650828,,,,,,,,,,,,,
,,,,,,,,,,,,,,,,,,,,,,,,,20650904,,,,,,,,,,,,,
,,,,,,,,,,,,,,,,,,,,,,,,,20650911,,,,,,,,,,,,,
,,,,,,,,,,,,,,,,,,,,,,,,,20650918,,,,,,,,,,,,,
,,,,,,,,,,,,,,,,,,,,,,,,,20650923,,,,,,,,,,,,,
,,,,,,,,,,,,,,,,,,,,,,,,,20650925,,,,,,,,,,,,,
,,,,,,,,,,,,,,,,,,,,,,,,,20651002,,,,,,,,,,,,,
,,,,,,,,,,,,,,,,,,,,,,,,,20651009,,,,,,,,,,,,,
,,,,,,,,,,,,,,,,,,,,,,,,,20651016,,,,,,,,,,,,,
,,,,,,,,,,,,,,,,,,,,,,,,,20651023,,,,,,,,,,,,,
,,,,,,,,,,,,,,,,,,,,,,,,,20651030,,,,,,,,,,,,,
,,,,,,,,,,,,,,,,,,,,,,,,,20651106,,,,,,,,,,,,,
,,,,,,,,,,,,,,,,,,,,,,,,,20651113,,,,,,,,,,,,,
,,,,,,,,,,,,,,,,,,,,,,,,,20651120,,,,,,,,,,,,,
,,,,,,,,,,,,,,,,,,,,,,,,,20651127,,,,,,,,,,,,,
,,,,,,,,,,,,,,,,,,,,,,,,,20651204,,,,,,,,,,,,,
,,,,,,,,,,,,,,,,,,,,,,,,,20651211,,,,,,,,,,,,,
,,,,,,,,,,,,,,,,,,,,,,,,,20651218,,,,,,,,,,,,,
,,,,,,,,,,,,,,,,,,,,,,,,,20651225,,,,,,,,,,,,,
,,,,,,,,,,,,,,,,,,,,,,,,,20651228,,,,,,,,,,,,,
,,,,,,,,,,,,,,,,,,,,,,,,,20651229,,,,,,,,,,,,,
,,,,,,,,,,,,,,,,,,,,,,,,,20660101,,,,,,,,,,,,,
,,,,,,,,,,,,,,,,,,,,,,,,,20660108,,,,,,,,,,,,,
,,,,,,,,,,,,,,,,,,,,,,,,,20660115,,,,,,,,,,,,,
,,,,,,,,,,,,,,,,,,,,,,,,,20660122,,,,,,,,,,,,,
,,,,,,,,,,,,,,,,,,,,,,,,,20660129,,,,,,,,,,,,,
,,,,,,,,,,,,,,,,,,,,,,,,,20660205,,,,,,,,,,,,,
,,,,,,,,,,,,,,,,,,,,,,,,,20660212,,,,,,,,,,,,,
,,,,,,,,,,,,,,,,,,,,,,,,,20660219,,,,,,,,,,,,,
,,,,,,,,,,,,,,,,,,,,,,,,,20660226,,,,,,,,,,,,,
,,,,,,,,,,,,,,,,,,,,,,,,,20660304,,,,,,,,,,,,,
,,,,,,,,,,,,,,,,,,,,,,,,,20660305,,,,,,,,,,,,,
,,,,,,,,,,,,,,,,,,,,,,,,,20660308,,,,,,,,,,,,,
,,,,,,,,,,,,,,,,,,,,,,,,,20660312,,,,,,,,,,,,,
,,,,,,,,,,,,,,,,,,,,,,,,,20660319,,,,,,,,,,,,,
,,,,,,,,,,,,,,,,,,,,,,,,,20660326,,,,,,,,,,,,,
,,,,,,,,,,,,,,,,,,,,,,,,,20660402,,,,,,,,,,,,,
,,,,,,,,,,,,,,,,,,,,,,,,,20660409,,,,,,,,,,,,,
,,,,,,,,,,,,,,,,,,,,,,,,,20660416,,,,,,,,,,,,,
,,,,,,,,,,,,,,,,,,,,,,,,,20660423,,,,,,,,,,,,,
,,,,,,,,,,,,,,,,,,,,,,,,,20660430,,,,,,,,,,,,,
,,,,,,,,,,,,,,,,,,,,,,,,,20660507,,,,,,,,,,,,,
,,,,,,,,,,,,,,,,,,,,,,,,,20660514,,,,,,,,,,,,,
,,,,,,,,,,,,,,,,,,,,,,,,,20660521,,,,,,,,,,,,,
,,,,,,,,,,,,,,,,,,,,,,,,,20660528,,,,,,,,,,,,,
,,,,,,,,,,,,,,,,,,,,,,,,,20660604,,,,,,,,,,,,,
,,,,,,,,,,,,,,,,,,,,,,,,,20660611,,,,,,,,,,,,,
,,,,,,,,,,,,,,,,,,,,,,,,,20660618,,,,,,,,,,,,,
,,,,,,,,,,,,,,,,,,,,,,,,,20660625,,,,,,,,,,,,,
,,,,,,,,,,,,,,,,,,,,,,,,,20660702,,,,,,,,,,,,,
,,,,,,,,,,,,,,,,,,,,,,,,,20660709,,,,,,,,,,,,,
,,,,,,,,,,,,,,,,,,,,,,,,,20660716,,,,,,,,,,,,,
,,,,,,,,,,,,,,,,,,,,,,,,,20660723,,,,,,,,,,,,,
,,,,,,,,,,,,,,,,,,,,,,,,,20660730,,,,,,,,,,,,,
,,,,,,,,,,,,,,,,,,,,,,,,,20660806,,,,,,,,,,,,,
,,,,,,,,,,,,,,,,,,,,,,,,,20660813,,,,,,,,,,,,,
,,,,,,,,,,,,,,,,,,,,,,,,,20660820,,,,,,,,,,,,,
,,,,,,,,,,,,,,,,,,,,,,,,,20660827,,,,,,,,,,,,,
,,,,,,,,,,,,,,,,,,,,,,,,,20660903,,,,,,,,,,,,,
,,,,,,,,,,,,,,,,,,,,,,,,,20660910,,,,,,,,,,,,,
,,,,,,,,,,,,,,,,,,,,,,,,,20660917,,,,,,,,,,,,,
,,,,,,,,,,,,,,,,,,,,,,,,,20660923,,,,,,,,,,,,,
,,,,,,,,,,,,,,,,,,,,,,,,,20660924,,,,,,,,,,,,,
,,,,,,,,,,,,,,,,,,,,,,,,,20661001,,,,,,,,,,,,,
,,,,,,,,,,,,,,,,,,,,,,,,,20661008,,,,,,,,,,,,,
,,,,,,,,,,,,,,,,,,,,,,,,,20661015,,,,,,,,,,,,,
,,,,,,,,,,,,,,,,,,,,,,,,,20661022,,,,,,,,,,,,,
,,,,,,,,,,,,,,,,,,,,,,,,,20661029,,,,,,,,,,,,,
,,,,,,,,,,,,,,,,,,,,,,,,,20661105,,,,,,,,,,,,,
,,,,,,,,,,,,,,,,,,,,,,,,,20661112,,,,,,,,,,,,,
,,,,,,,,,,,,,,,,,,,,,,,,,20661119,,,,,,,,,,,,,
,,,,,,,,,,,,,,,,,,,,,,,,,20661126,,,,,,,,,,,,,
,,,,,,,,,,,,,,,,,,,,,,,,,20661203,,,,,,,,,,,,,
,,,,,,,,,,,,,,,,,,,,,,,,,20661210,,,,,,,,,,,,,
,,,,,,,,,,,,,,,,,,,,,,,,,20661216,,,,,,,,,,,,,
,,,,,,,,,,,,,,,,,,,,,,,,,20661217,,,,,,,,,,,,,
,,,,,,,,,,,,,,,,,,,,,,,,,20661220,,,,,,,,,,,,,
,,,,,,,,,,,,,,,,,,,,,,,,,20661224,,,,,,,,,,,,,
,,,,,,,,,,,,,,,,,,,,,,,,,20661231,,,,,,,,,,,,,
,,,,,,,,,,,,,,,,,,,,,,,,,20670107,,,,,,,,,,,,,
,,,,,,,,,,,,,,,,,,,,,,,,,20670114,,,,,,,,,,,,,
,,,,,,,,,,,,,,,,,,,,,,,,,20670121,,,,,,,,,,,,,
,,,,,,,,,,,,,,,,,,,,,,,,,20670128,,,,,,,,,,,,,
,,,,,,,,,,,,,,,,,,,,,,,,,20670204,,,,,,,,,,,,,
,,,,,,,,,,,,,,,,,,,,,,,,,20670211,,,,,,,,,,,,,
,,,,,,,,,,,,,,,,,,,,,,,,,20670218,,,,,,,,,,,,,
,,,,,,,,,,,,,,,,,,,,,,,,,20670223,,,,,,,,,,,,,
,,,,,,,,,,,,,,,,,,,,,,,,,20670224,,,,,,,,,,,,,
,,,,,,,,,,,,,,,,,,,,,,,,,20670225,,,,,,,,,,,,,
,,,,,,,,,,,,,,,,,,,,,,,,,20670304,,,,,,,,,,,,,
,,,,,,,,,,,,,,,,,,,,,,,,,20670311,,,,,,,,,,,,,
,,,,,,,,,,,,,,,,,,,,,,,,,20670318,,,,,,,,,,,,,
,,,,,,,,,,,,,,,,,,,,,,,,,20670325,,,,,,,,,,,,,
,,,,,,,,,,,,,,,,,,,,,,,,,20670401,,,,,,,,,,,,,
,,,,,,,,,,,,,,,,,,,,,,,,,20670408,,,,,,,,,,,,,
,,,,,,,,,,,,,,,,,,,,,,,,,20670415,,,,,,,,,,,,,
,,,,,,,,,,,,,,,,,,,,,,,,,20670422,,,,,,,,,,,,,
,,,,,,,,,,,,,,,,,,,,,,,,,20670429,,,,,,,,,,,,,
,,,,,,,,,,,,,,,,,,,,,,,,,20670506,,,,,,,,,,,,,
,,,,,,,,,,,,,,,,,,,,,,,,,20670513,,,,,,,,,,,,,
,,,,,,,,,,,,,,,,,,,,,,,,,20670520,,,,,,,,,,,,,
,,,,,,,,,,,,,,,,,,,,,,,,,20670527,,,,,,,,,,,,,
,,,,,,,,,,,,,,,,,,,,,,,,,20670603,,,,,,,,,,,,,
,,,,,,,,,,,,,,,,,,,,,,,,,20670610,,,,,,,,,,,,,
,,,,,,,,,,,,,,,,,,,,,,,,,20670617,,,,,,,,,,,,,
,,,,,,,,,,,,,,,,,,,,,,,,,20670624,,,,,,,,,,,,,
,,,,,,,,,,,,,,,,,,,,,,,,,20670701,,,,,,,,,,,,,
,,,,,,,,,,,,,,,,,,,,,,,,,20670708,,,,,,,,,,,,,
,,,,,,,,,,,,,,,,,,,,,,,,,20670715,,,,,,,,,,,,,
,,,,,,,,,,,,,,,,,,,,,,,,,20670722,,,,,,,,,,,,,
,,,,,,,,,,,,,,,,,,,,,,,,,20670729,,,,,,,,,,,,,
,,,,,,,,,,,,,,,,,,,,,,,,,20670805,,,,,,,,,,,,,
,,,,,,,,,,,,,,,,,,,,,,,,,20670812,,,,,,,,,,,,,
,,,,,,,,,,,,,,,,,,,,,,,,,20670819,,,,,,,,,,,,,
,,,,,,,,,,,,,,,,,,,,,,,,,20670826,,,,,,,,,,,,,
,,,,,,,,,,,,,,,,,,,,,,,,,20670902,,,,,,,,,,,,,
,,,,,,,,,,,,,,,,,,,,,,,,,20670909,,,,,,,,,,,,,
,,,,,,,,,,,,,,,,,,,,,,,,,20670916,,,,,,,,,,,,,
,,,,,,,,,,,,,,,,,,,,,,,,,20670922,,,,,,,,,,,,,
,,,,,,,,,,,,,,,,,,,,,,,,,20670923,,,,,,,,,,,,,
,,,,,,,,,,,,,,,,,,,,,,,,,20670930,,,,,,,,,,,,,
,,,,,,,,,,,,,,,,,,,,,,,,,20671007,,,,,,,,,,,,,
,,,,,,,,,,,,,,,,,,,,,,,,,20671014,,,,,,,,,,,,,
,,,,,,,,,,,,,,,,,,,,,,,,,20671021,,,,,,,,,,,,,
,,,,,,,,,,,,,,,,,,,,,,,,,20671028,,,,,,,,,,,,,
,,,,,,,,,,,,,,,,,,,,,,,,,20671104,,,,,,,,,,,,,
,,,,,,,,,,,,,,,,,,,,,,,,,20671111,,,,,,,,,,,,,
,,,,,,,,,,,,,,,,,,,,,,,,,20671118,,,,,,,,,,,,,
,,,,,,,,,,,,,,,,,,,,,,,,,20671125,,,,,,,,,,,,,
,,,,,,,,,,,,,,,,,,,,,,,,,20671202,,,,,,,,,,,,,
,,,,,,,,,,,,,,,,,,,,,,,,,20671207,,,,,,,,,,,,,
,,,,,,,,,,,,,,,,,,,,,,,,,20671208,,,,,,,,,,,,,
,,,,,,,,,,,,,,,,,,,,,,,,,20671209,,,,,,,,,,,,,
,,,,,,,,,,,,,,,,,,,,,,,,,20671216,,,,,,,,,,,,,
,,,,,,,,,,,,,,,,,,,,,,,,,20671223,,,,,,,,,,,,,
,,,,,,,,,,,,,,,,,,,,,,,,,20671230,,,,,,,,,,,,,
,,,,,,,,,,,,,,,,,,,,,,,,,20680106,,,,,,,,,,,,,
,,,,,,,,,,,,,,,,,,,,,,,,,20680113,,,,,,,,,,,,,
,,,,,,,,,,,,,,,,,,,,,,,,,20680120,,,,,,,,,,,,,
,,,,,,,,,,,,,,,,,,,,,,,,,20680127,,,,,,,,,,,,,
,,,,,,,,,,,,,,,,,,,,,,,,,20680203,,,,,,,,,,,,,
,,,,,,,,,,,,,,,,,,,,,,,,,20680210,,,,,,,,,,,,,
,,,,,,,,,,,,,,,,,,,,,,,,,20680213,,,,,,,,,,,,,
,,,,,,,,,,,,,,,,,,,,,,,,,20680214,,,,,,,,,,,,,
,,,,,,,,,,,,,,,,,,,,,,,,,20680217,,,,,,,,,,,,,
,,,,,,,,,,,,,,,,,,,,,,,,,20680224,,,,,,,,,,,,,
,,,,,,,,,,,,,,,,,,,,,,,,,20680302,,,,,,,,,,,,,
,,,,,,,,,,,,,,,,,,,,,,,,,20680309,,,,,,,,,,,,,
,,,,,,,,,,,,,,,,,,,,,,,,,20680316,,,,,,,,,,,,,
,,,,,,,,,,,,,,,,,,,,,,,,,20680323,,,,,,,,,,,,,
,,,,,,,,,,,,,,,,,,,,,,,,,20680330,,,,,,,,,,,,,
,,,,,,,,,,,,,,,,,,,,,,,,,20680406,,,,,,,,,,,,,
,,,,,,,,,,,,,,,,,,,,,,,,,20680413,,,,,,,,,,,,,
,,,,,,,,,,,,,,,,,,,,,,,,,20680420,,,,,,,,,,,,,
,,,,,,,,,,,,,,,,,,,,,,,,,20680427,,,,,,,,,,,,,
,,,,,,,,,,,,,,,,,,,,,,,,,20680504,,,,,,,,,,,,,
,,,,,,,,,,,,,,,,,,,,,,,,,20680511,,,,,,,,,,,,,
,,,,,,,,,,,,,,,,,,,,,,,,,20680518,,,,,,,,,,,,,
,,,,,,,,,,,,,,,,,,,,,,,,,20680525,,,,,,,,,,,,,
,,,,,,,,,,,,,,,,,,,,,,,,,20680601,,,,,,,,,,,,,
,,,,,,,,,,,,,,,,,,,,,,,,,20680608,,,,,,,,,,,,,
,,,,,,,,,,,,,,,,,,,,,,,,,20680615,,,,,,,,,,,,,
,,,,,,,,,,,,,,,,,,,,,,,,,20680622,,,,,,,,,,,,,
,,,,,,,,,,,,,,,,,,,,,,,,,20680629,,,,,,,,,,,,,
,,,,,,,,,,,,,,,,,,,,,,,,,20680706,,,,,,,,,,,,,
,,,,,,,,,,,,,,,,,,,,,,,,,20680713,,,,,,,,,,,,,
,,,,,,,,,,,,,,,,,,,,,,,,,20680720,,,,,,,,,,,,,
,,,,,,,,,,,,,,,,,,,,,,,,,20680727,,,,,,,,,,,,,
,,,,,,,,,,,,,,,,,,,,,,,,,20680803,,,,,,,,,,,,,
,,,,,,,,,,,,,,,,,,,,,,,,,20680810,,,,,,,,,,,,,
,,,,,,,,,,,,,,,,,,,,,,,,,20680817,,,,,,,,,,,,,
,,,,,,,,,,,,,,,,,,,,,,,,,20680824,,,,,,,,,,,,,
,,,,,,,,,,,,,,,,,,,,,,,,,20680831,,,,,,,,,,,,,
,,,,,,,,,,,,,,,,,,,,,,,,,20680907,,,,,,,,,,,,,
,,,,,,,,,,,,,,,,,,,,,,,,,20680914,,,,,,,,,,,,,
,,,,,,,,,,,,,,,,,,,,,,,,,20680921,,,,,,,,,,,,,
,,,,,,,,,,,,,,,,,,,,,,,,,20680928,,,,,,,,,,,,,
,,,,,,,,,,,,,,,,,,,,,,,,,20681005,,,,,,,,,,,,,
,,,,,,,,,,,,,,,,,,,,,,,,,20681012,,,,,,,,,,,,,
,,,,,,,,,,,,,,,,,,,,,,,,,20681019,,,,,,,,,,,,,
,,,,,,,,,,,,,,,,,,,,,,,,,20681026,,,,,,,,,,,,,
,,,,,,,,,,,,,,,,,,,,,,,,,20681102,,,,,,,,,,,,,
,,,,,,,,,,,,,,,,,,,,,,,,,20681109,,,,,,,,,,,,,
,,,,,,,,,,,,,,,,,,,,,,,,,20681116,,,,,,,,,,,,,
,,,,,,,,,,,,,,,,,,,,,,,,,20681123,,,,,,,,,,,,,
,,,,,,,,,,,,,,,,,,,,,,,,,20681126,,,,,,,,,,,,,
,,,,,,,,,,,,,,,,,,,,,,,,,20681127,,,,,,,,,,,,,
,,,,,,,,,,,,,,,,,,,,,,,,,20681130,,,,,,,,,,,,,
,,,,,,,,,,,,,,,,,,,,,,,,,20681207,,,,,,,,,,,,,
,,,,,,,,,,,,,,,,,,,,,,,,,20681214,,,,,,,,,,,,,
,,,,,,,,,,,,,,,,,,,,,,,,,20681221,,,,,,,,,,,,,
,,,,,,,,,,,,,,,,,,,,,,,,,20681228,,,,,,,,,,,,,
