AdB,AeB,AmB,AnB,AtB,AuB,BAB,BMA,BRV,BbB,BcB,BdB,BeB,BfB,BkB,BkS,BmB,BmS,BoB,BrB,BtB,BxB,CBT,CMF,CMM,Ced,ChS,CnB,CoB,DEL,DbB,DoB,DrB,DuB,Ecl,FrB,FrS,GTB,GeB,HKB,HKS,HaB,HaS,HeB,HmB,HoB,IsB,IvB,JaB,JaS,JoB,KLB,KLS,KdQ,LIF,LaB,LbB,LmB,LnB,LsB,LxB,MCV,MdB,MeB,MiB,MnB,MnS,MoB,MwB,MxB,NBR,NSS,NYB,NYM,NYO,NYS,Ndq,OSA,OsB,PCB,PaB,PeB,PfS,PrB,RJB,RTB,RiB,RkB,RmB,SOF,SOM,SON,SPB,SaB,SeB,SeS,ShB,SiB,SiS,SoB,StB,SxB,SyB,SyF,SyS,SzB,TYO,Tgt,TkB,TpB,TpS,TrB,ViB,WaB,WeB,WeS,XBR,ZaB,ZuB
20150101,20070101,20020101,20120423,20020101,20040101,20020101,20150101,20200101,20130101,20020101,20050314,20070101,20180115,20020101,20150101,20020126,20150126,20060109,20020101,20050106,20130101,20150101,20150101,20200101,20040101,20150101,20150101,20020101,20140101,20120101,20180213,20150101,20020101,20040101,20020101,20190101,20150101,20040101,20020101,20140101,20150101,20150101,20020101,20050103,20150101,20060110,20190101,20070101,20150101,20020101,20020101,20150101,20150101,20150101,20130101,20060102,20060413,20020101,20020101,20040101,20200101,20020101,20040101,20020101,20020101,20150101,20040101,20020101,20060206,20130101,20150101,20020101,20150101,20180101,20140101,20140101,20150101,20020101,20180101,20020101,20150101,20200101,20050328,20130101,20150101,20090917,20080101,20150101,20150101,20150101,20150101,20060125,20060414,20040101,20150101,20140101,20020101,20150101,20060102,20020101,20130101,20020101,20150101,20190101,20150101,20150921,20020101,20020101,20060130,20150101,20020101,20020101,20050328,20020101,20150101,20150101,20060106,20020101
20150126,20070120,20020329,20120501,20020318,20040102,20020204,20150119,20200120,20130128,20020102,20050315,20070102,20180126,20020226,20150102,20020223,20150217,20060320,20020329,20050325,20130211,20150119,20150119,20200120,20061225,20150119,20150126,20020328,20140120,20120204,20180304,20150126,20020318,20061225,20020329,20190419,20150126,20040102,20020212,20140131,20150102,20150102,20020329,20050325,20150126,20060111,20190422,20070319,20150219,20020321,20020201,20150202,20150218,20150403,20130124,20060208,20060414,20020329,20020212,20040409,20200120,20020107,20040126,20020401,20020225,20150102,20040102,20020102,20060321,20130211,20150126,20020121,20150119,20180115,20140120,20140120,20150102,20020328,20180109,20020329,20150126,20200120,20050705,20130211,20150302,20090919,20080102,20150106,20150403,20150403,20150403,20060227,20060501,20040121,20150218,20140131,20020212,20150219,20060303,20020329,20130329,20020128,20150126,20190128,20150403,20150922,20020329,20020102,20060131,20150102,20020329,20020401,20050503,20020102,20150102,20150216,20060417,20020102
20150309,20070331,20020401,20120820,20020325,20040126,20020205,20150216,20200217,20130329,20020501,20050328,20070103,20180213,20020408,20150304,20020312,20150306,20060413,20020401,20050328,20130212,20150216,20150216,20200217,20070101,20150216,20150309,20020329,20140418,20120617,20180617,20150403,20020329,20070101,20020401,20190422,20150218,20040409,20020213,20140203,20150216,20150216,20020401,20050524,20150209,20060112,20190501,20070406,20150403,20020329,20020212,20150203,20150219,20150406,20130201,20060417,20060501,20020401,20020329,20040412,20200203,20020319,20040308,20020425,20020328,20150115,20040409,20020107,20060413,20130212,20150403,20020218,20150216,20180219,20140217,20140217,20150112,20020329,20180212,20020401,20150302,20200217,20050706,20130212,20150309,20090920,20080320,20150406,20150406,20150406,20150406,20060228,20060612,20040122,20150219,20140203,20020213,20150220,20060424,20020401,20130401,20020329,20150403,20190419,20150406,20150923,20020401,20020103,20060201,20150216,20020520,20020501,20050526,20020121,20150206,20150217,20060501,20020329
20150403,20071013,20020430,20120821,20020503,20040206,20020328,20150525,20200224,20130401,20020502,20050516,20070219,20180329,20020415,20150406,20020325,20150402,20060414,20020501,20050705,20130329,20150525,20150403,20200410,20071225,20150403,20150403,20020401,20140526,20120819,20180618,20150406,20020401,20071225,20020501,20190501,20150403,20040412,20020214,20140418,20150217,20150217,20020501,20050613,20150309,20060113,20190530,20070517,20150501,20020401,20020213,20150219,20150220,20150504,20130211,20060427,20060629,20020506,20020425,20040520,20200217,20020328,20040409,20020501,20020329,20150116,20040524,20020225,20060414,20130329,20150406,20020527,20150403,20180330,20140418,20140418,20150211,20020401,20180213,20020501,20150403,20200410,20050928,20130329,20150403,20090921,20080321,20150501,20150501,20150501,20150501,20060414,20060626,20040123,20150220,20140204,20020223,20150403,20060501,20020501,20130501,20020401,20150406,20190422,20150504,20160321,20020501,20020114,20060202,20150217,20020701,20020509,20050815,20020206,20150403,20150403,20060615,20020401
20150406,20071202,20020509,20120830,20020506,20040409,20020329,20150703,20200225,20130425,20020503,20051031,20070220,20180330,20020416,20150413,20020329,20150403,20060501,20020509,20050829,20130501,20150703,20150525,20200525,20080101,20150525,20150406,20020426,20140704,20120820,20180619,20150504,20020506,20080101,20020509,20190610,20150406,20040520,20020329,20140421,20150218,20150218,20020509,20050728,20150403,20060519,20190604,20070601,20150514,20020501,20020223,20150220,20150501,20150525,20130212,20060501,20060728,20020603,20020501,20040531,20200316,20020329,20040412,20020815,20020408,20150219,20040624,20020308,20060501,20130501,20150608,20020704,20150525,20180528,20140526,20140526,20150429,20020501,20180214,20020508,20150406,20200525,20051028,20130423,20150406,20090922,20080324,20150602,20150525,20150525,20150525,20060421,20060815,20040301,20150501,20140205,20020329,20150501,20060524,20020509,20130509,20020425,20150608,20190425,20150525,20170320,20021225,20020211,20060228,20150218,20020805,20020520,20051101,20020329,20150406,20150421,20060622,20020501
20150608,20071218,20020520,20121025,20020507,20040412,20020401,20150907,20200410,20130610,20020506,20051101,20070221,20180402,20020501,20150414,20020401,20150414,20060529,20020510,20050901,20130530,20150907,20150703,20200703,20081225,20150703,20150608,20020509,20140901,20120821,20180820,20150608,20020603,20081225,20020520,20191003,20150518,20040531,20020401,20140501,20150219,20150219,20020621,20050729,20150406,20060830,20190610,20070817,20150602,20020617,20020315,20150501,20150505,20150831,20130501,20060502,20060830,20020604,20020530,20040623,20200409,20020501,20040614,20021101,20020501,20150402,20040701,20020501,20061102,20130530,20151225,20020902,20150703,20180704,20140704,20140704,20150504,20020509,20180330,20020509,20150427,20200703,20051117,20130501,20150525,20090923,20080424,20150629,20151224,20151224,20151224,20060501,20060918,20040405,20150505,20140206,20020501,20150601,20060906,20020520,20130520,20020610,20151225,20190610,20150831,20200320,20021226,20020321,20060405,20150219,20020902,20020530,20051111,20020401,20150427,20150501,20060815,20020509
20151005,20071219,20021225,20121026,20020624,20040607,20020422,20151012,20200421,20130814,20021225,20051226,20070222,20180418,20020506,20150415,20020413,20150501,20060619,20020520,20050915,20131115,20151012,20150907,20200907,20090101,20150907,20150803,20020520,20141104,20121025,20180821,20150724,20020805,20090101,20020530,20191224,20150615,20040909,20020405,20140506,20150220,20150220,20021206,20050905,20150407,20061023,20190807,20071012,20150716,20020809,20020425,20150504,20150525,20151225,20130524,20060815,20061101,20020826,20020610,20041101,20200410,20020502,20041102,20021225,20020612,20150403,20040906,20020502,20061120,20131115,20151228,20021014,20150907,20180903,20140901,20140901,20150505,20020517,20180501,20020520,20150601,20200907,20051226,20130530,20150629,20090924,20080501,20151208,20151225,20151225,20151225,20060615,20060919,20040415,20150525,20140407,20020527,20150717,20060922,20020621,20130530,20020805,20151228,20191225,20151225,20200921,20030101,20020429,20060501,20150220,20021014,20020815,20051226,20020425,20150601,20150604,20061101,20020520
20151225,20071220,20021226,20121029,20020815,20041025,20020423,20151111,20200501,20131007,20021226,20060315,20070223,20180501,20020527,20150501,20020425,20150917,20060626,20020815,20051101,20131225,20151111,20151126,20201126,20091225,20151126,20150928,20020605,20141111,20121027,20180822,20150803,20021028,20091225,20021003,20191225,20150706,20041231,20020501,20140602,20150223,20150223,20021224,20051111,20150608,20061024,20190812,20071015,20150717,20020924,20020501,20150717,20150814,20151228,20130530,20061031,20061208,20021225,20020613,20050325,20200501,20020515,20041227,20021226,20020715,20150409,20041011,20020503,20061201,20131225,20160101,20021111,20151126,20181122,20141127,20141127,20150506,20020520,20181105,20020815,20150928,20201126,20060417,20131115,20150803,20091126,20080512,20151225,20151231,20151231,20151231,20060907,20061009,20040505,20150814,20140501,20020809,20150807,20061225,20021224,20131003,20021007,20160101,20191226,20151228,20200922,20030418,20020503,20060531,20150223,20021111,20021101,20060417,20020603,20151026,20150907,20061225,20020801
20151228,20080101,20030101,20130101,20021028,20041227,20020424,20151126,20200525,20131225,20021231,20060417,20070501,20180616,20020701,20150504,20020501,20150925,20060703,20021101,20051117,20131231,20151126,20151225,20201225,20100101,20151225,20151005,20021224,20141127,20121028,20180823,20151225,20021225,20100101,20021224,20191226,20151109,20050325,20020520,20140701,20150428,20150428,20021225,20051226,20151022,20061025,20190815,20071016,20150720,20021216,20020525,20150831,20150928,20160101,20130531,20061101,20061225,20021226,20020815,20050328,20200525,20020815,20041228,20030101,20021031,20150501,20041111,20020509,20061212,20140101,20160126,20021128,20151225,20181225,20141225,20141225,20150720,20021224,20181128,20021101,20151225,20201225,20060501,20131120,20150804,20091128,20080617,20160101,20160101,20160101,20160101,20061012,20061101,20040526,20150928,20140502,20021104,20150810,20061226,20021225,20131101,20021225,20160126,20200101,20160101,20210920,20030421,20020506,20061006,20150227,20021225,20021224,20060501,20021028,20151225,20151012,20061226,20021225
20160101,20080110,20030418,20130423,20021225,20041228,20020425,20151225,20200611,20131226,20030101,20060501,20070502,20180815,20020725,20150505,20020525,20151002,20060720,20021111,20051226,20140101,20151225,20160101,20210101,20121225,20160101,20151225,20021225,20141128,20121115,20181218,20151228,20021226,20121225,20021225,20191231,20151225,20050328,20020701,20140909,20150429,20150429,20021226,20051227,20151225,20070101,20191101,20071220,20150721,20021225,20020527,20150916,20150929,20160325,20130808,20061225,20070101,20030101,20021101,20050505,20200907,20021101,20050103,20030106,20021101,20150612,20041227,20020510,20061225,20140303,20160325,20021225,20160101,20190101,20150101,20150101,20150921,20021225,20181225,20021111,20151228,20210101,20060508,20131225,20150805,20091129,20080804,20160106,20160325,20160325,20160325,20061102,20061208,20040927,20150929,20140602,20021206,20150911,20070101,20021226,20131224,20021226,20160325,20200127,20160325,20220321,20030501,20020916,20061009,20150403,20021226,20021225,20060503,20021225,20151228,20151102,20070101,20021226
20160126,20080320,20030421,20130501,20021226,20050103,20020501,20160101,20200907,20140101,20030102,20060605,20070503,20180822,20020812,20150601,20020629,20151022,20060807,20021225,20060106,20140303,20160101,20160118,20210118,20130101,20160118,20151228,20021226,20141225,20121202,20190101,20160101,20021227,20130101,20021226,20200101,20151228,20050505,20021001,20141001,20150430,20150430,20030101,20060102,20151228,20070102,20191115,20071225,20150817,20021226,20020601,20150924,20151009,20160328,20130809,20061226,20070405,20030418,20021224,20050516,20200916,20021206,20050126,20030421,20021206,20150717,20041228,20020612,20070101,20140304,20160328,20030101,20160118,20190121,20150119,20150119,20150922,20021226,20190101,20021225,20160101,20210118,20060705,20131231,20150827,20091130,20081224,20160328,20160328,20160328,20160328,20061115,20061225,20040928,20151009,20140908,20021225,20150924,20070102,20021231,20131225,20030101,20160328,20200410,20160328,20240320,20031225,20020923,20061010,20150406,20030101,20021226,20060615,20021226,20160101,20151225,20070409,20030101
20160314,20080731,20030430,20130808,20030101,20050104,20020617,20160118,20201012,20140127,20030103,20061023,20070504,20180913,20021023,20150701,20020815,20151112,20060821,20021226,20060414,20140304,20160118,20160215,20210215,20131225,20160215,20160101,20030101,20141226,20130101,20190212,20160126,20030101,20131225,20021231,20200410,20160101,20050516,20021014,20141002,20150501,20150501,20030106,20060414,20160101,20070103,20191225,20071231,20150924,20030101,20020831,20151014,20151225,20160502,20130916,20070101,20070406,20030421,20021225,20050623,20201012,20021225,20050314,20030425,20021224,20150821,20050103,20021107,20070205,20140418,20160425,20030120,20160215,20190218,20150216,20150216,20150923,20030101,20190109,20021226,20160126,20210215,20060706,20140101,20151019,20091201,20081225,20160425,20161226,20160516,20161226,20061120,20070101,20040929,20151225,20141001,20030101,20151110,20070409,20030101,20131226,20030127,20160425,20200413,20160502,20250320,20031226,20021014,20070101,20150501,20030418,20030101,20060815,20030101,20160104,20151231,20070501,20030102
20160325,20080930,20030529,20130809,20030106,20050131,20020709,20160215,20201102,20140418,20030428,20061101,20070507,20180921,20021205,20150730,20020910,20151125,20061016,20030101,20060417,20140418,20160215,20160325,20210531,20140101,20160325,20160126,20030417,20150101,20130124,20190303,20160325,20030317,20140101,20030101,20200413,20160125,20050801,20021225,20141225,20150902,20150902,20030418,20060524,20160126,20070423,20200101,20080101,20151014,20030321,20021104,20151110,20151231,20160530,20131015,20070102,20070501,20030505,20030101,20050815,20201102,20030101,20050325,20030501,20021225,20150831,20050104,20021108,20070319,20140421,20160613,20030217,20160325,20190419,20150403,20150403,20151012,20030417,20190304,20030101,20160307,20210402,20060928,20140120,20151225,20091202,20081226,20160602,20170414,20161003,20170414,20061225,20070406,20050208,20151231,20141002,20030201,20151225,20070430,20030106,20131231,20030418,20160613,20200608,20160509,20260320,20040101,20021104,20070219,20150619,20030519,20030106,20061101,20030102,20160208,20160101,20070607,20030418
20160328,20081001,20030609,20130830,20030310,20050325,20020819,20160325,20201111,20140421,20030501,20061225,20071001,20181002,20021210,20150812,20020930,20151225,20061106,20030418,20060501,20140421,20160325,20160530,20210705,20141225,20160530,20160314,20030418,20150119,20130606,20190604,20160328,20030418,20141225,20030418,20200501,20160210,20050908,20021226,20141226,20160101,20160101,20030421,20060612,20160208,20070830,20200413,20080110,20151209,20030418,20021206,20151224,20160101,20160829,20131105,20070208,20070629,20030526,20030304,20051101,20201111,20030106,20050328,20030602,20021230,20150925,20050325,20021212,20070405,20140501,20161226,20030526,20160530,20190527,20150525,20150525,20151103,20030418,20190305,20030418,20160325,20210531,20061117,20140303,20151228,20091203,20090101,20160629,20170417,20161226,20170417,20061229,20070501,20050209,20160101,20141003,20030203,20160101,20070501,20030418,20140101,20030421,20161226,20201225,20160530,20260921,20040409,20021223,20070220,20150710,20030701,20030421,20061225,20030120,20160325,20160208,20070622,20030421
20160425,20081002,20031225,20131015,20030325,20050328,20021014,20160530,20201126,20140425,20031201,20061226,20071002,20181008,20021230,20151023,20021002,20160126,20061113,20030421,20060508,20140501,20160530,20160704,20210906,20150101,20160704,20160325,20030421,20150403,20130808,20190605,20160425,20030421,20150101,20030421,20200601,20160325,20051226,20030101,20150101,20160208,20160208,20030501,20060803,20160314,20071012,20200501,20080207,20151224,20030421,20021207,20151225,20160208,20161226,20131225,20070409,20070830,20030825,20030418,20051226,20201116,20030417,20050425,20030815,20021231,20151118,20050523,20021213,20070406,20140619,20161227,20030704,20160704,20190704,20150703,20150703,20151123,20030421,20190306,20030421,20160328,20210705,20061225,20140304,20160101,20100907,20090409,20160815,20170501,20170414,20170501,20070101,20070521,20050210,20160208,20141006,20030212,20160208,20070524,20030421,20140106,20030425,20161227,20201228,20160829,20260922,20040412,20021231,20070221,20150928,20030804,20030501,20061226,20030206,20160328,20160209,20070625,20030501
20160613,20081202,20031226,20131016,20030425,20050425,20021106,20160704,20201225,20140609,20031225,20070101,20071003,20181018,20021231,20151207,20021015,20160307,20061208,20030501,20060705,20140619,20160704,20160905,20211125,20151225,20160905,20160328,20030516,20150525,20130810,20190606,20160502,20030505,20151225,20030501,20201224,20160328,20060102,20030131,20150219,20160209,20160209,20030529,20060804,20160325,20071029,20200520,20080307,20151225,20030428,20021225,20160101,20160209,20161227,20140101,20070427,20071008,20031225,20030425,20060414,20201126,20030418,20050613,20031208,20030101,20151119,20050624,20030101,20070501,20141225,20170102,20030901,20160905,20190902,20150907,20150907,20151223,20030501,20190419,20030501,20160425,20210906,20061226,20140418,20160307,20100908,20090410,20161101,20171225,20170417,20171225,20070125,20070702,20050301,20160209,20141007,20030418,20160209,20070525,20030501,20140418,20030609,20170102,20210101,20161226,20260923,20050325,20030101,20070222,20150929,20030901,20030529,20070101,20030418,20160425,20160325,20070815,20030529
20161003,20081203,20040101,20131017,20030428,20050606,20021225,20160905,20210101,20140813,20031226,20070315,20071004,20181019,20030101,20151210,20021104,20160324,20061225,20030529,20060829,20141225,20160905,20161124,20211224,20160101,20161124,20160425,20030529,20150703,20131014,20190811,20160613,20030602,20160101,20030529,20201225,20160516,20060414,20030203,20150220,20160210,20160210,20030620,20060904,20160328,20071220,20200521,20080320,20151231,20030501,20030101,20160125,20160210,20170102,20140114,20070501,20071101,20031226,20030501,20060417,20201225,20030501,20051101,20031225,20030225,20151130,20050701,20030102,20071102,20150101,20170126,20031013,20161124,20191128,20151126,20151126,20151231,20030529,20190501,20030508,20160606,20211125,20070101,20140421,20160314,20100909,20090413,20161208,20171226,20170501,20171226,20070219,20070716,20050405,20160210,20150101,20030501,20160325,20070906,20030529,20140421,20030804,20170126,20210126,20161227,20270322,20050328,20030102,20070223,20151009,20031013,20030609,20070409,20030421,20160606,20160421,20071008,20030609
20161226,20081207,20040409,20131018,20030501,20051024,20021231,20161010,20210118,20141006,20040101,20070316,20071005,20181024,20030217,20151231,20021119,20160325,20061229,20030530,20060901,20141231,20161010,20161226,20220117,20171225,20161226,20160613,20030605,20150907,20131015,20190812,20160722,20030804,20171225,20030609,20201231,20160613,20060417,20030418,20150403,20160211,20160211,20031224,20060911,20160329,20071221,20200601,20080321,20160101,20030616,20030201,20160201,20160301,20170414,20140131,20070502,20071225,20040101,20030610,20060501,20210101,20030502,20051226,20031226,20030407,20151224,20050905,20030103,20071119,20150216,20170414,20031111,20161226,20191225,20151225,20151225,20160101,20030609,20190701,20030529,20160926,20211224,20070409,20140423,20160325,20100911,20090423,20161226,20180101,20170605,20180101,20070220,20070815,20050505,20160301,20150102,20030515,20160502,20070907,20030609,20140501,20031006,20170414,20210402,20170102,20270920,20051226,20030103,20070228,20160101,20031111,20030619,20070501,20030425,20161024,20160526,20071101,20030801
20161227,20081208,20040412,20131029,20030616,20051226,20030101,20161111,20210215,20141114,20040102,20070409,20071231,20181101,20030407,20160101,20021207,20160414,20070101,20030609,20060915,20150101,20161111,20170102,20220221,20180101,20170102,20160801,20030609,20151111,20131016,20190813,20160801,20031027,20180101,20030619,20210101,20160704,20060501,20030421,20150406,20160212,20160212,20031225,20061113,20160425,20080101,20200731,20080501,20160208,20030924,20030203,20160208,20160413,20170417,20140203,20070625,20080101,20040409,20030613,20060525,20210118,20030515,20051227,20040101,20030417,20151225,20051010,20030106,20071212,20150217,20170417,20031127,20170102,20200101,20160101,20160101,20160111,20031224,20191104,20030609,20161226,20220117,20070501,20140501,20160328,20100912,20090501,20170106,20180330,20171003,20180330,20070406,20070917,20050606,20160413,20150218,20030809,20160706,20071224,20030620,20140529,20031225,20170417,20210405,20170414,20280320,20060414,20030113,20070405,20160204,20031225,20030815,20070503,20030602,20161226,20160907,20071225,20031225
20170102,20081209,20040430,20140101,20030815,20051227,20030331,20161124,20210216,20141225,20040412,20070430,20080101,20181106,20030414,20160222,20021225,20160415,20070108,20030721,20061101,20150216,20161124,20170116,20220415,20181225,20170116,20160926,20031224,20151126,20131017,20191218,20161226,20031225,20181225,20031003,20210402,20161114,20060525,20030501,20150407,20160418,20160418,20031226,20061225,20160613,20080423,20200807,20080520,20160309,20031216,20030204,20160209,20160505,20170501,20140501,20070815,20080320,20040412,20030619,20060605,20210201,20030815,20060102,20040106,20030418,20151230,20051111,20030107,20071225,20150403,20170425,20031225,20170116,20200120,20160118,20160118,20160211,20031225,20191105,20030714,20161227,20220221,20070508,20140619,20160421,20100913,20090521,20170417,20180402,20171225,20180402,20070501,20070918,20050815,20160505,20150219,20031024,20160809,20071225,20031224,20140609,20031226,20170425,20210614,20170417,20290320,20060417,20030211,20070406,20160205,20031226,20031208,20070607,20031027,20161227,20161012,20071226,20031226
20170126,20081210,20040520,20140423,20031028,20060102,20030417,20161226,20210402,20141226,20041201,20070501,20080206,20181108,20030415,20160406,20030213,20160419,20070319,20030815,20061117,20150217,20161226,20170220,20220530,20190101,20170220,20161003,20031225,20151127,20131102,20191219,20161227,20031226,20190101,20031224,20210405,20161226,20060605,20030508,20150501,20160502,20160502,20040101,20061226,20161020,20080519,20201029,20080730,20160325,20031225,20030212,20160502,20160606,20170529,20140513,20071031,20080321,20040503,20030815,20060623,20210215,20030909,20060126,20040412,20030501,20151231,20051226,20030224,20080101,20150421,20170612,20040101,20170220,20200217,20160215,20160215,20160321,20031226,20191111,20030815,20170102,20220415,20070705,20140625,20160516,20100922,20090601,20170425,20180501,20171226,20180501,20070607,20070919,20050919,20160606,20150220,20031125,20160912,20071226,20031225,20140619,20040101,20170612,20211227,20170501,20300320,20060501,20030321,20070501,20160208,20040101,20031224,20070815,20031225,20170102,20161102,20080101,20040101
20170313,20081228,20040531,20140501,20031225,20060103,20030418,20170102,20210421,20150101,20050502,20070528,20080207,20181121,20030501,20160413,20030301,20160706,20070405,20031111,20061225,20150403,20170102,20170414,20220704,20191225,20170414,20161226,20031226,20151225,20131130,20200101,20170102,20031229,20191225,20031225,20210524,20161227,20060801,20030604,20150525,20160503,20160503,20040106,20070101,20161226,20080930,20201225,20080818,20160505,20031226,20030304,20160622,20160815,20170828,20140530,20071101,20080501,20040531,20031201,20060815,20210315,20031208,20060313,20040602,20030502,20160101,20051227,20030310,20080204,20150501,20171225,20040119,20170414,20200410,20160325,20160325,20160429,20040101,20191128,20031111,20170126,20220530,20070706,20140704,20160701,20101113,20090617,20170501,20181224,20180101,20181224,20070709,20071015,20051003,20160815,20150223,20031225,20161226,20071231,20031226,20141003,20040126,20171225,20211228,20170509,20320920,20061225,20030429,20070618,20160209,20040409,20031225,20071101,20031226,20170103,20161115,20080324,20040102
20170414,20090101,20050325,20140519,20031226,20060130,20030501,20170116,20210531,20150126,20050630,20070820,20080208,20181126,20030505,20160414,20030314,20160815,20070406,20031225,20061226,20150421,20170116,20170529,20220905,20200101,20170529,20161227,20031231,20160101,20131201,20200211,20170126,20040101,20200101,20031226,20211224,20170102,20060907,20030701,20150701,20160902,20160902,20040409,20070406,20161227,20081001,20210101,20080930,20160506,20040101,20030501,20160706,20160914,20171225,20140715,20071225,20080515,20040830,20031208,20061101,20210401,20031225,20060414,20041101,20030613,20160208,20060102,20030501,20080317,20150604,20171226,20040216,20170529,20200525,20160530,20160530,20160503,20040408,20191209,20031225,20170306,20220704,20070928,20141120,20160801,20101114,20090803,20170602,20181225,20180330,20181225,20070907,20071101,20060130,20160914,20150224,20040101,20170102,20080101,20031231,20141224,20040409,20171226,20220103,20170529,20320921,20061226,20030505,20070619,20160210,20040524,20031226,20071225,20040101,20170206,20161230,20080501,20040409
20170417,20090308,20050328,20140728,20040101,20060206,20030616,20170220,20210603,20150403,20050701,20071022,20080211,20181225,20030515,20160415,20030318,20160905,20070501,20031226,20070101,20150501,20170220,20170704,20221124,20201225,20170704,20170102,20040101,20160118,20140101,20200301,20170414,20040317,20201225,20031231,20211231,20170123,20061225,20030912,20150903,20170102,20170102,20040412,20070524,20170102,20081002,20210405,20081001,20160704,20040322,20030514,20160707,20160915,20171226,20140728,20071226,20080516,20041227,20031224,20061225,20210402,20040101,20060417,20041208,20031031,20160225,20060103,20030502,20080320,20150907,20180101,20040531,20170704,20200703,20160704,20160704,20160504,20040409,20191225,20031226,20170414,20220905,20071224,20141225,20160802,20101115,20091224,20170629,20181226,20180402,20181226,20071012,20071225,20060301,20160915,20150406,20040122,20170130,20080303,20040101,20141225,20040412,20180101,20220126,20170828,20320922,20070101,20030721,20070918,20160211,20040701,20040101,20071226,20040102,20170414,20170227,20080522,20040412
20170425,20090719,20050505,20140729,20040106,20060414,20030709,20170414,20210705,20150406,20051201,20071023,20080212,20190115,20030701,20160502,20030401,20160913,20070521,20040101,20070406,20150604,20170414,20170904,20221226,20210101,20170904,20170126,20040408,20160325,20140111,20200524,20170417,20040409,20210101,20040101,20220415,20170301,20061226,20031001,20150928,20170126,20170126,20040520,20070605,20170126,20081029,20210513,20081002,20160705,20040409,20030515,20160831,20160916,20180101,20140729,20080101,20080728,20041228,20031225,20061226,20210531,20040106,20060425,20050106,20031126,20160324,20060414,20030509,20080321,20151012,20180126,20040705,20170904,20200907,20160905,20160905,20160505,20040412,20200101,20040101,20170417,20221124,20071225,20141231,20160803,20101116,20091225,20170815,20181231,20180501,20181231,20071102,20071231,20060501,20160916,20150501,20040123,20170414,20080428,20040106,20141226,20040426,20180126,20220415,20171225,20330321,20070406,20030915,20070924,20160212,20040802,20040106,20080101,20040119,20170417,20170228,20080625,20040520
20170612,20090920,20050516,20140730,20040223,20060417,20030818,20170529,20210906,20150608,20051226,20071101,20080404,20190122,20030714,20160505,20030402,20161011,20070611,20040409,20070409,20150907,20170529,20171123,20230102,20231225,20171123,20170313,20040409,20160530,20140525,20200525,20170425,20040412,20231225,20040409,20220418,20170414,20070101,20031225,20151001,20170127,20170127,20040625,20070611,20170213,20081208,20210524,20081003,20160706,20040412,20030607,20160912,20161003,20180330,20140901,20080102,20080729,20050103,20040101,20070101,20210705,20040319,20060612,20050328,20031224,20160325,20060522,20030612,20080501,20151102,20180330,20040906,20171123,20201126,20161124,20161124,20160718,20040517,20200109,20040409,20170425,20221226,20071226,20150101,20161021,20101117,20100101,20171101,20190101,20180521,20190101,20071115,20080101,20060505,20161003,20150622,20040202,20170501,20080501,20040409,20141231,20040614,20180330,20220418,20171226,20340320,20070409,20030923,20070925,20160229,20040906,20040412,20080324,20040206,20170425,20170414,20080805,20040531
20171002,20090921,20051226,20141006,20040325,20060425,20031106,20170704,20210907,20150812,20060102,20071102,20080501,20190304,20030812,20160506,20030411,20161012,20070618,20040412,20070501,20151012,20170704,20171225,20230116,20240101,20171225,20170414,20040412,20160704,20140728,20200526,20170501,20040503,20240101,20040412,20220606,20170417,20070102,20031226,20151021,20170130,20170130,20041206,20070802,20170313,20081209,20210720,20081208,20160707,20040414,20030901,20160916,20161230,20180402,20140916,20080208,20081008,20050325,20040224,20070406,20210906,20040408,20061107,20050425,20031225,20160509,20060623,20030613,20080916,20151225,20180402,20041011,20171225,20201225,20161226,20161226,20160811,20040520,20200224,20040412,20170605,20230102,20080101,20150120,20161226,20101118,20100401,20171208,20190419,20181224,20190419,20071120,20080321,20060531,20161230,20150903,20040409,20170510,20080502,20040412,20150101,20040802,20180402,20220425,20180101,20360320,20070501,20031013,20071010,20160404,20041011,20040520,20080501,20040409,20170605,20170421,20080815,20050325
20171225,20090922,20060414,20141007,20040409,20060605,20031208,20170904,20211011,20151005,20060424,20071224,20080502,20190401,20031023,20160520,20030414,20161031,20070702,20040520,20070508,20151102,20170904,20180101,20230220,20241225,20180101,20170417,20040507,20160905,20140729,20200527,20170612,20040607,20241225,20040520,20221003,20170515,20070406,20040101,20151225,20170131,20170131,20041224,20070803,20170414,20081210,20211018,20081225,20160708,20040427,20031024,20161003,20170127,20180507,20141006,20080324,20081120,20050328,20040409,20070409,20210916,20040409,20061225,20050602,20031230,20160706,20060703,20031107,20081117,20160101,20180425,20041111,20180101,20210101,20170102,20170102,20160919,20040531,20200225,20040520,20170925,20230116,20080324,20150216,20161227,20110226,20100402,20171225,20190422,20181225,20190422,20071225,20080501,20060606,20170127,20150904,20040501,20170626,20080505,20040520,20150106,20041004,20180425,20220613,20180330,20360922,20071225,20031103,20080101,20160405,20041111,20040531,20080522,20040412,20171023,20170501,20081008,20050328
20171226,20091126,20060417,20141029,20040412,20061023,20031224,20171009,20211012,20151225,20060501,20071225,20080609,20190406,20031205,20160701,20030415,20161114,20070720,20040521,20070705,20151130,20171009,20180115,20230529,20250101,20180115,20170425,20040520,20161108,20140730,20200528,20170728,20040802,20250101,20040531,20221226,20170612,20070409,20040122,20160101,20170201,20170201,20050106,20070903,20170417,20081211,20211101,20081229,20160817,20040616,20031125,20161212,20170130,20180528,20141022,20080501,20081121,20050502,20040610,20070501,20211011,20040816,20061226,20050815,20031231,20160829,20060904,20031212,20081212,20160208,20180611,20041125,20180115,20210118,20170116,20170116,20160922,20041224,20200226,20040531,20171225,20230220,20080501,20150217,20170102,20110829,20100405,20171226,20190501,20181226,20190501,20071231,20080521,20060717,20170130,20151001,20040602,20170809,20080506,20040531,20150403,20041227,20180611,20221226,20180402,20370320,20071226,20031124,20080206,20160502,20041227,20040610,20080815,20040607,20171225,20170615,20081225,20050505
20180101,20091128,20060525,20150101,20040531,20061225,20031225,20171123,20211102,20151228,20061201,20071226,20080915,20190417,20031210,20160718,20030418,20170126,20070807,20040531,20070829,20151225,20171123,20180219,20230704,20251225,20180219,20170612,20040531,20161111,20141004,20200730,20170807,20041025,20251225,20040610,20230407,20170703,20070501,20040123,20160208,20170202,20170202,20050325,20071112,20170418,20090101,20211115,20090101,20160912,20040809,20031126,20161226,20170301,20180827,20141225,20080502,20081208,20050530,20041005,20070517,20211102,20041012,20070101,20051101,20040101,20160912,20061009,20040101,20081225,20160209,20181225,20050117,20180219,20210215,20170220,20170220,20161010,20050324,20200410,20040714,20171226,20230407,20080508,20150403,20170306,20110830,20100422,20180101,20191224,20181231,20191224,20080101,20080716,20060815,20170301,20151002,20040809,20170901,20080922,20040625,20150406,20041228,20181225,20221227,20180507,20370921,20080101,20031223,20080207,20160609,20041228,20041026,20081111,20041025,20171226,20170907,20081226,20050516
20180126,20091129,20060605,20150423,20040813,20061226,20031231,20171225,20211111,20160101,20061225,20071231,20080929,20190418,20031231,20160719,20030501,20170224,20070820,20040721,20071101,20151231,20171225,20180330,20230904,20260101,20180330,20170807,20041224,20161124,20141005,20200802,20171225,20041227,20260101,20041224,20230410,20171113,20070517,20040405,20160209,20170203,20170203,20050328,20071225,20170425,20090423,20220418,20090102,20161212,20040924,20031225,20170102,20170501,20181225,20150101,20080625,20081225,20050829,20041101,20070528,20211111,20041101,20070126,20051208,20040225,20161031,20061113,20040102,20090101,20160325,20181226,20050221,20180330,20210402,20170414,20170414,20161103,20050325,20200501,20041101,20180101,20230529,20081028,20150421,20170313,20110831,20100513,20180402,20191225,20190101,20191225,20080125,20080815,20061003,20170501,20151005,20041111,20171018,20081224,20041224,20150501,20050103,20181226,20230102,20180509,20370922,20080321,20031231,20080208,20160610,20050103,20041101,20081225,20041227,20180101,20171012,20090101,20050801
20180312,20091202,20061225,20150501,20041028,20070101,20040101,20180101,20211115,20160126,20061226,20080101,20080930,20190419,20040101,20160812,20030515,20170313,20071015,20040816,20071224,20160101,20180101,20180528,20231123,20261225,20180528,20170925,20041231,20161125,20141025,20200803,20171226,20041228,20261225,20041231,20230501,20171225,20070528,20040409,20160210,20170406,20170406,20050505,20071226,20170612,20090501,20220428,20090126,20161226,20041216,20040101,20170130,20170503,20181226,20150202,20080815,20081226,20051226,20041201,20070815,20211115,20041109,20070312,20051226,20040407,20161101,20061225,20040107,20090202,20160421,20190101,20050530,20180528,20210531,20170529,20170529,20161123,20050328,20201103,20041111,20180126,20230704,20081117,20150423,20170414,20110924,20100524,20180425,20191226,20190419,20191226,20080204,20080918,20061005,20170503,20151006,20041115,20171225,20081225,20041231,20150514,20050126,20190101,20230126,20180528,20370923,20080324,20040101,20080211,20160915,20050325,20041208,20081226,20041228,20180102,20171102,20090106,20051226
20180330,20091203,20061226,20150519,20050106,20070102,20040405,20180115,20211125,20160325,20070101,20080324,20081001,20190501,20040308,20161024,20030516,20170404,20071105,20041101,20071225,20160208,20180115,20180704,20231225,20270101,20180704,20171002,20050324,20161226,20141202,20200804,20180101,20041229,20270101,20050325,20230529,20171226,20070801,20040412,20160325,20170407,20170407,20050624,20080101,20171026,20090519,20220502,20090309,20170328,20041227,20040122,20170201,20170505,20190101,20150219,20081031,20090101,20051227,20041208,20071101,20211125,20041206,20070406,20060106,20040408,20161130,20061226,20040223,20090316,20160526,20190128,20050704,20180704,20210705,20170704,20170704,20161223,20050505,20201104,20050325,20180305,20230904,20081224,20150501,20170417,20111105,20100617,20180501,20191231,20190422,20191231,20080205,20080919,20061006,20170505,20151007,20041225,20180101,20081226,20050106,20150525,20050325,20190128,20230407,20180827,20380920,20080501,20040102,20080228,20160916,20050523,20041224,20090101,20050103,20180206,20171115,20090413,20060102
20180402,20100911,20070101,20150717,20050314,20070129,20040408,20180219,20220117,20160328,20070102,20080501,20081002,20190507,20040406,20161205,20030630,20170414,20071112,20041111,20071226,20160209,20180219,20180903,20240101,20281225,20180903,20171225,20050325,20170102,20150101,20201217,20180126,20050103,20281225,20050328,20231003,20180101,20070906,20040526,20160328,20170501,20170501,20051206,20080321,20171225,20090921,20220526,20090326,20170414,20050321,20040123,20170209,20170606,20190419,20150220,20081225,20090102,20060102,20041224,20071225,20220117,20041208,20070409,20060417,20040409,20161230,20070101,20040308,20090409,20160907,20190419,20050905,20180903,20210906,20170904,20170904,20170102,20050516,20201105,20050328,20180330,20231123,20081225,20150604,20170605,20111106,20100802,20180629,20200101,20190501,20200101,20080321,20081031,20061225,20170606,20160101,20050101,20180216,20081231,20050325,20150604,20050328,20190419,20230410,20181225,20390321,20081225,20040112,20080404,20161010,20050701,20050106,20090413,20050104,20180330,20171225,20090501,20060414
20180425,20100912,20070406,20150924,20050325,20070206,20040409,20180330,20220221,20160425,20070409,20080502,20081003,20190605,20040413,20161212,20030815,20170501,20071225,20050325,20080101,20160325,20180330,20181122,20240115,20290101,20181122,20171226,20050328,20170116,20150103,20210209,20180330,20050317,20290101,20050505,20231225,20180122,20071225,20040622,20160404,20170502,20170502,20051226,20080526,20171226,20090922,20220606,20090409,20170424,20050325,20040202,20170501,20170815,20190422,20150501,20081226,20090409,20060414,20050208,20071226,20220207,20050106,20070425,20060425,20040510,20170413,20070102,20040503,20090410,20161012,20190422,20051010,20181122,20211125,20171123,20171123,20170103,20050517,20201110,20050505,20180402,20231225,20081226,20150907,20170703,20111107,20101224,20180815,20200410,20190610,20200410,20080421,20081208,20070101,20170815,20160208,20050121,20180330,20090101,20050328,20151224,20050425,20190422,20230425,20181226,20400320,20081226,20040211,20080501,20170102,20050801,20050328,20090501,20050124,20180402,20171229,20090611,20060417
20180611,20101115,20070409,20150925,20050429,20070406,20040525,20180528,20220228,20160502,20070501,20080512,20090101,20190812,20040414,20170102,20030930,20170626,20071231,20050328,20080321,20160421,20180528,20181225,20240219,20291225,20181225,20180101,20050422,20170414,20150516,20210307,20180402,20050325,20291225,20050516,20231226,20180214,20071226,20040701,20160502,20170904,20170904,20060106,20080616,20180101,20091029,20220808,20090410,20170501,20050328,20040203,20170510,20171003,20190506,20150504,20090101,20090410,20060417,20050325,20080101,20220221,20050324,20070611,20060501,20041101,20170414,20070406,20040504,20090501,20161102,20190425,20051111,20181225,20211224,20171225,20171225,20170109,20051226,20201208,20050714,20180425,20240101,20090101,20151012,20170807,20120818,20110421,20181101,20200413,20191003,20200413,20080501,20081225,20070219,20171003,20160209,20050209,20180501,20090102,20050505,20151225,20050613,20190425,20230612,20190101,20410320,20090101,20040429,20080728,20170125,20050905,20050505,20090611,20050325,20180425,20180101,20090622,20060501
20181001,20101116,20070430,20151029,20050502,20070409,20040621,20180704,20220301,20160810,20071225,20080820,20090102,20190815,20040415,20170213,20031002,20170815,20080101,20050505,20080324,20160526,20180704,20190101,20240329,20300101,20190101,20180126,20050505,20170529,20150718,20210513,20180425,20050328,20300101,20050526,20240101,20180330,20071231,20040929,20160609,20180101,20180101,20060414,20080731,20180126,20091127,20220815,20090521,20170511,20050427,20040223,20170612,20171004,20190527,20150601,20090102,20090501,20060501,20050425,20080321,20220321,20050325,20071106,20060602,20041115,20170501,20070521,20040510,20090916,20161115,20190610,20051124,20190101,20220117,20180101,20180101,20170320,20060413,20201225,20050815,20180604,20240115,20090413,20151102,20170808,20120819,20110422,20181225,20200501,20191224,20200501,20080522,20081231,20070301,20171004,20160210,20050210,20180529,20090302,20050606,20151231,20050801,20190610,20231225,20190419,20420320,20090410,20040503,20080929,20170126,20051010,20050516,20091111,20050328,20180604,20180212,20090625,20060525
20181225,20101117,20070517,20160101,20050620,20070425,20040709,20180903,20220415,20161003,20071226,20081023,20090126,20190902,20040503,20170406,20031004,20170825,20080107,20050506,20080501,20160907,20180903,20190121,20240527,20301225,20190121,20180312,20050516,20170704,20150719,20210516,20180507,20050502,20301225,20051003,20240329,20180402,20080101,20041001,20160701,20180214,20180123,20060417,20080801,20180212,20091130,20221101,20090708,20170525,20050502,20040501,20170626,20171005,20190826,20150717,20090413,20090629,20060529,20050526,20080324,20220414,20050502,20071225,20060815,20041129,20170612,20070625,20040614,20091102,20170227,20191225,20051226,20190121,20220221,20180115,20180115,20170503,20060414,20210101,20051101,20180924,20240219,20090501,20151120,20170809,20120820,20110425,20181226,20201224,20191225,20201224,20080709,20090101,20070501,20171005,20160211,20050325,20180615,20090303,20050624,20160101,20051003,20191225,20231226,20190422,20430921,20090413,20040504,20081010,20170127,20051111,20050526,20091225,20050425,20181022,20180213,20090805,20060605
20181226,20101118,20070528,20160519,20050815,20070604,20040816,20181008,20220421,20161226,20071231,20081024,20090127,20190910,20040505,20170413,20031025,20171002,20080320,20050516,20080508,20161012,20181008,20190218,20240704,20310101,20190218,20180330,20051226,20170904,20150923,20210517,20180611,20050606,20310101,20051226,20240401,20180521,20080102,20041022,20160916,20180215,20180124,20060501,20080901,20180312,20100101,20221115,20090720,20170623,20050616,20040503,20170627,20171006,20191225,20150831,20090427,20090727,20060828,20050610,20080501,20220415,20050503,20071226,20061101,20041203,20170626,20070702,20041108,20091116,20170228,20191226,20060102,20190218,20220415,20180219,20180219,20170504,20060417,20210215,20051111,20181225,20240329,20090508,20151225,20171023,20120923,20110602,20190101,20201225,20191226,20201225,20081120,20090410,20070524,20171006,20160212,20050502,20180809,20090420,20051226,20160106,20051226,20191226,20240101,20190506,20440321,20090501,20040505,20090101,20170130,20051226,20050815,20100101,20050606,20181225,20180330,20091008,20060801
20190101,20101202,20071225,20160705,20051028,20071022,20041011,20181112,20220530,20161227,20080101,20081224,20090128,20191002,20040603,20170414,20031108,20171020,20080321,20050721,20080829,20161102,20181112,20190419,20240902,20311225,20190419,20180402,20060413,20171110,20150924,20210719,20180727,20050801,20311225,20060414,20240501,20180611,20080321,20041227,20161010,20180216,20180214,20060525,20081013,20180330,20100423,20221226,20090817,20170626,20050809,20040505,20170831,20171009,20191226,20150916,20090501,20090728,20061225,20050613,20080512,20220530,20050725,20080101,20061208,20041224,20170821,20070903,20041213,20091225,20170414,20200101,20060116,20190419,20220530,20180330,20180330,20170505,20060501,20210216,20051226,20181226,20240527,20090706,20151231,20171225,20121025,20110613,20190422,20201231,20191231,20201231,20081225,20090501,20070606,20171009,20160404,20050523,20180822,20090501,20060106,20160325,20051227,20200101,20240126,20190509,20450320,20091225,20040719,20090102,20170131,20051227,20051026,20100405,20051024,20181226,20180501,20091225,20061225
20190128,20110101,20071226,20160706,20051226,20071225,20041208,20181122,20220616,20170102,20080102,20081225,20090129,20191007,20040701,20170501,20031126,20171225,20080324,20050815,20080901,20161115,20181122,20190527,20241128,20320101,20190527,20180425,20060414,20171123,20151015,20210720,20180806,20051031,20320101,20060417,20240520,20180702,20080324,20050209,20161226,20180219,20180215,20060623,20081111,20180402,20100519,20230410,20090921,20170627,20051216,20040605,20170901,20171220,20200101,20150924,20090625,20090729,20061226,20050815,20080623,20220704,20050815,20080128,20061225,20041227,20170828,20071008,20050103,20100101,20170421,20200127,20060220,20190527,20220704,20180528,20180528,20170717,20060517,20210217,20060414,20190101,20240704,20090928,20160101,20171226,20121027,20110617,20190425,20210101,20200101,20210101,20081231,20090521,20070717,20171220,20160502,20050809,20181106,20090504,20060414,20160328,20060102,20200127,20240329,20190527,20460320,20100101,20040920,20090126,20170201,20060102,20051101,20100503,20051226,20190101,20180531,20100101,20061226
20190311,20110217,20080101,20160707,20060106,20071226,20041231,20181225,20220704,20170126,20080428,20081226,20090130,20191008,20040802,20170505,20031225,20180126,20080501,20051101,20080915,20161130,20181225,20190704,20241225,20341225,20190704,20180528,20060417,20171124,20151202,20210721,20181225,20051226,20341225,20060501,20241003,20181112,20080501,20050210,20161227,20180220,20180216,20061206,20081225,20180403,20100830,20230418,20090922,20170628,20051226,20040831,20170921,20171225,20200410,20151014,20091225,20091008,20070101,20051005,20080815,20220905,20050909,20080310,20061226,20041230,20170901,20071112,20050104,20100201,20170501,20200410,20060529,20190704,20220905,20180704,20180704,20170811,20060525,20210402,20060417,20190128,20240902,20091028,20160120,20180101,20121028,20110801,20190501,20210402,20200410,20210402,20090101,20090629,20070815,20171225,20160609,20050827,20181225,20090505,20060417,20160505,20060126,20200410,20240401,20190826,20480320,20100402,20040923,20090127,20170227,20060414,20051208,20100603,20051227,20190102,20180907,20100106,20070101
20190419,20110630,20080321,20160830,20060306,20080101,20050324,20190101,20220905,20170414,20080501,20090101,20090406,20191029,20040812,20170510,20040126,20180213,20080505,20051111,20081117,20161230,20190101,20190902,20250101,20350101,20190902,20180611,20060512,20171225,20151203,20210722,20181226,20051227,20350101,20060525,20241224,20181225,20080512,20050211,20170102,20180425,20180219,20061225,20081226,20180425,20100909,20230421,20090923,20170817,20060102,20041112,20171018,20171229,20200413,20151110,20100101,20091009,20070406,20051101,20081225,20220916,20051012,20080321,20070101,20041231,20171101,20071225,20050105,20100315,20170615,20200413,20060704,20190902,20221124,20180903,20180903,20170918,20060605,20211103,20060501,20190304,20241128,20091117,20160208,20180305,20121029,20111226,20190815,20210405,20200413,20210405,20090223,20090716,20070924,20171229,20160610,20051101,20190101,20090506,20060501,20160516,20060414,20200413,20240425,20191225,20480921,20100405,20041011,20090128,20170228,20060522,20051226,20101101,20060102,20190206,20181012,20100405,20070102
20190422,20110830,20080324,20160912,20060421,20080102,20050325,20190121,20220907,20170417,20081201,20090102,20090501,20191101,20041025,20170710,20040202,20180302,20080526,20051226,20081224,20170227,20190121,20191128,20250120,20351225,20191128,20180806,20060525,20180101,20151224,20211219,20190101,20051228,20351225,20060605,20241225,20181226,20080801,20050325,20170130,20180430,20180220,20061226,20090101,20180611,20100910,20230501,20091127,20170901,20060301,20041115,20171201,20180101,20200508,20151224,20100208,20091208,20070409,20051201,20081226,20221010,20051101,20080324,20070409,20050225,20171130,20071226,20050106,20100401,20170907,20200608,20060904,20191128,20221226,20181122,20181122,20171009,20061225,20211104,20060508,20190419,20241225,20091224,20160209,20180312,20130807,20120405,20191101,20211224,20200501,20211224,20090224,20090918,20070925,20180101,20160915,20051103,20190205,20090921,20060525,20160526,20060417,20200608,20240610,20191226,20480922,20110422,20041103,20090129,20170403,20060703,20060106,20101111,20060103,20190419,20181102,20100603,20070406
20190425,20110831,20080430,20160913,20060424,20080128,20050525,20190218,20221010,20170425,20081225,20090413,20090528,20191115,20041206,20170814,20040218,20180329,20080602,20060414,20081225,20170228,20190218,20191225,20250217,20360101,20191225,20181001,20060605,20180115,20160505,20220208,20190128,20060102,20360101,20060615,20241226,20190101,20080911,20050328,20170131,20180501,20180425,20070101,20090410,20181025,20101029,20230518,20091218,20170921,20060321,20041116,20171225,20180215,20200525,20151225,20100405,20091224,20070507,20051208,20090101,20221102,20051109,20080425,20070425,20050323,20171225,20080101,20050107,20100402,20171012,20201225,20061009,20191225,20230102,20181225,20181225,20171103,20061226,20211105,20060525,20190422,20250101,20091225,20160325,20180330,20130808,20120406,20191225,20211231,20200601,20211231,20090410,20091012,20070926,20180215,20160916,20051226,20190206,20090922,20060606,20161003,20060425,20201225,20241225,20200101,20490920,20110425,20041123,20090130,20170404,20060807,20060417,20110106,20060123,20190422,20181115,20100622,20070409
20190610,20110901,20080501,20160914,20060501,20080206,20050620,20190419,20221012,20170501,20081226,20090501,20090529,20191225,20041210,20171023,20040302,20180330,20080630,20060417,20081226,20170414,20190419,20200101,20250418,20361225,20200101,20181225,20061225,20180330,20160706,20220306,20190419,20060317,20361225,20061003,20241231,20190128,20081225,20050405,20170404,20180903,20180430,20070406,20090525,20181225,20101116,20230529,20091225,20171201,20060414,20041225,20180101,20180216,20200831,20160101,20100427,20091225,20070528,20060228,20090410,20221111,20051206,20080609,20070501,20050324,20180101,20080102,20050110,20100916,20171102,20201228,20061123,20200101,20230116,20190101,20190101,20171123,20070101,20211110,20060714,20190425,20250120,20100101,20160421,20180402,20130811,20120409,20191226,20220415,20201224,20220415,20090421,20091208,20071003,20180216,20161003,20060102,20190419,20091224,20060623,20161101,20060612,20201228,20241226,20200410,,20111226,20041223,20090501,20170501,20060904,20060501,20110425,20060206,20190425,20181225,20100625,20070501
20191007,20111105,20080512,20160915,20060612,20080321,20050815,20190527,20221102,20170816,20090101,20090601,20091001,20200115,20041231,20171205,20040330,20180501,20080807,20060501,20090101,20170421,20190527,20200120,20250526,20370101,20200120,20181226,20061226,20180528,20160707,20220502,20190422,20060414,20370101,20061225,20250101,20190306,20081226,20050502,20170414,20190101,20180501,20070409,20090615,20181226,20101117,20230628,20100101,20171225,20060417,20050101,20180131,20180301,20201225,20160201,20100625,20091231,20070827,20060414,20090413,20221121,20051208,20081104,20070815,20050325,20180102,20080321,20050223,20100917,20171115,20210101,20061225,20200120,20230220,20190121,20190121,20180101,20070405,20211129,20060815,20190603,20250217,20100405,20160526,20180521,20130923,20120419,20200101,20220418,20201225,20220418,20090501,20091225,20071219,20180301,20161004,20060110,20190501,20091225,20061225,20161226,20060807,20210101,20250101,20200413,,20120406,20041231,20090528,20170529,20061009,20060525,20110503,20060414,20190603,20181231,20100805,20070517
20191225,20111106,20081225,20170501,20060815,20080324,20051010,20190704,20221111,20171002,20090102,20090820,20091002,20200221,20050103,20171211,20040401,20180815,20080818,20060525,20090106,20170501,20190704,20200217,20250704,20371225,20200217,20190101,20070101,20180704,20160910,20220503,20190425,20060417,20371225,20061226,20250418,20190328,20081231,20050516,20170417,20190204,20180903,20070501,20090730,20190101,20101118,20230807,20100226,20171226,20060427,20050121,20180201,20180501,20201228,20160208,20101101,20100101,20071225,20060425,20090501,20221124,20060106,20081225,20071101,20050502,20180216,20080519,20050307,20101102,20171225,20210126,20070101,20200217,20230407,20190218,20190218,20180102,20070406,20211208,20061101,20190930,20250418,20100705,20160907,20180702,20131014,20120501,20200106,20221226,20201231,20221226,20090611,20091231,20071225,20180501,20161005,20060130,20190520,20091231,20061226,20170106,20061002,20210126,20250127,20200504,,20120409,20050103,20090529,20170530,20061113,20060605,20110623,20060417,20191028,20190101,20101008,20070528
20191226,20111107,20081226,20170519,20061225,20080425,20051208,20190902,20221115,20171225,20090420,20090821,20091005,20200325,20050223,20180101,20040403,20180822,20081013,20060526,20090410,20170615,20190902,20200316,20250901,20380101,20200410,20190128,20070405,20180903,20160911,20220504,20190506,20060501,20380101,20070101,20250421,20190419,20090101,20050701,20170501,20190205,20181231,20070517,20090731,20190128,20101119,20230815,20100316,20180101,20060501,20050201,20180216,20180507,20210101,20160209,20110208,20100401,20071226,20060501,20090521,20221212,20060320,20081226,20071225,20050613,20180329,20080624,20050308,20101115,20180101,20210402,20070115,20200410,20230529,20190419,20190419,20180103,20070409,20220228,20061225,20191225,20250526,20100706,20161012,20180806,20131015,20120517,20200413,20230407,20210101,20230407,20090709,20100101,20080101,20180507,20161006,20060131,20190605,20100101,20070101,20170414,20061225,20210402,20250418,20200508,,20120501,20050110,20090807,20171004,20061225,20060615,20110815,20060425,20191225,20190304,20101101,20070801
20200101,20111201,20090101,20170626,20061226,20080602,20051230,20191014,20221124,20171226,20090501,20091023,20091006,20200401,20050406,20180102,20040409,20180913,20081103,20060605,20090413,20170907,20191014,20200317,20251127,20401225,20200525,20190311,20070406,20181106,20160912,20220505,20190610,20060605,20401225,20070406,20250501,20190422,20090102,20050919,20170503,20190206,20190101,20070622,20090907,20190211,20110519,20230927,20100402,20180216,20060616,20050209,20180501,20180522,20210402,20160502,20110425,20100402,20080101,20060613,20090601,20221226,20060413,20090101,20071226,20050725,20180330,20080701,20050502,20110207,20180212,20210405,20070219,20200525,20230704,20190527,20190527,20180108,20070501,20220301,20061226,20191226,20250704,20100928,20161102,20180807,20131016,20120528,20200501,20230410,20210402,20230410,20090907,20100402,20080206,20180522,20161007,20060414,20190809,20100303,20070406,20170417,20061226,20210405,20250421,20200525,,20121225,20050211,20100101,20171009,20061226,20060815,20111101,20060605,20191226,20190305,20110106,20071225
20200127,20111203,20090410,20170627,20070101,20081027,20060324,20191111,20221226,20180101,20090608,20091224,20091007,20200406,20050413,20180301,20040414,20180920,20081117,20060721,20090501,20171012,20191111,20200318,20251225,20410101,20200703,20190419,20070409,20181112,20160913,20220710,20190726,20060807,20410101,20070409,20250609,20190520,20090410,20051011,20170530,20190207,20190204,20071206,20091111,20190311,20110830,20231101,20100513,20180330,20060809,20050210,20180529,20180606,20210405,20160530,20110427,20100628,20080321,20060615,20090623,20230102,20060414,20090126,20080101,20050829,20180409,20080901,20050509,20110321,20180213,20210614,20070528,20200703,20230904,20190704,20190704,20180212,20070517,20220302,20070101,20200101,20250901,20101028,20161115,20180808,20140727,20120806,20200602,20230501,20210405,20230501,20091012,20100521,20080207,20180606,20170102,20060501,20190812,20100402,20070409,20170501,20070101,20210426,20250425,20200831,,20121226,20050321,20100215,20171010,20070101,20061026,20111111,20061023,20200101,20190419,20110425,20071226
20200309,20120101,20090413,20170830,20070219,20081225,20060413,20191128,20230102,20180126,20091201,20091225,20091008,20200410,20050414,20180406,20040426,20181002,20081208,20060815,20090508,20171102,20191128,20200319,20260101,20411225,20200907,20190422,20070504,20181122,20161002,20220711,20190805,20061030,20411225,20070501,20251003,20190610,20090413,20051226,20171002,20190208,20190205,20071224,20091225,20190419,20110831,20231115,20100528,20180501,20060925,20050211,20180615,20180613,20210503,20160531,20110502,20100629,20080324,20060815,20091225,20230116,20060501,20090309,20080324,20051031,20180501,20081013,20050510,20110421,20180330,20211227,20070704,20200907,20231123,20190902,20190902,20180321,20070528,20220415,20070406,20200127,20251127,20101117,20161230,20181022,20140728,20121224,20200629,20230529,20210524,20230529,20091102,20100628,20080208,20180613,20170127,20060506,20191028,20100405,20070501,20170525,20070126,20210614,20250609,20201225,,20130101,20050429,20100216,20180101,20070406,20061101,20111226,20061225,20200102,20190501,20110622,20080101
20200410,20120204,20090430,20170901,20070406,20081226,20060414,20191225,20230116,20180330,20091225,20100101,20100101,20200414,20050415,20180413,20040501,20181018,20081225,20061101,20090901,20171115,20191225,20200320,20260119,20420101,20201126,20190425,20070517,20181123,20161130,20220712,20191225,20061225,20420101,20070517,20251224,20190701,20090501,20051227,20171005,20190415,20190206,20071225,20091228,20190422,20110901,20231225,20100817,20180510,20061225,20050421,20180822,20180815,20210531,20160622,20110815,20100728,20080505,20061005,20100101,20230206,20060502,20090410,20080425,20051101,20180612,20081111,20050613,20110422,20180501,20211228,20070903,20201126,20231225,20191128,20191128,20180430,20071224,20220502,20070409,20200302,20251225,20101224,20170120,20181225,20140729,20121225,20201208,20231225,20211224,20231225,20091120,20100716,20080409,20180815,20170130,20060512,20191225,20100506,20070517,20170605,20070406,20211227,20251225,20201228,,20130329,20050503,20100217,20180213,20070521,20061208,20120106,20061226,20200206,20190620,20110623,20080102
20200413,20120617,20090521,20170904,20070409,20090101,20060501,20200101,20230220,20180402,20100101,20100315,20100215,20200501,20050502,20180416,20040504,20181108,20081231,20061225,20090915,20171130,20200101,20200323,20260216,20421225,20201225,20190527,20070528,20181225,20161203,20220713,20191226,20061226,20421225,20070528,20251225,20191111,20090521,20060102,20171225,20190429,20190207,20071226,20100101,20190423,20111107,20240101,20100909,20180529,20061226,20050502,20180831,20180924,20210830,20160706,20111031,20100729,20080526,20061101,20100402,20230220,20060515,20090413,20080501,20051104,20180615,20081225,20051104,20110916,20180531,20220103,20071008,20201225,20240101,20191225,20191225,20180503,20071225,20221103,20070501,20200410,20260101,20110425,20170227,20181226,20140730,20121226,20201225,20231226,20211231,20231226,20091225,20100917,20080501,20180924,20170131,20060809,20200101,20100507,20070606,20170615,20070409,20211228,20251226,20210101,,20130401,20050504,20100218,20180214,20070702,20061225,20120409,20070101,20200410,20191115,20110805,20080321
20200608,20120819,20090601,20180101,20070501,20090102,20060525,20200120,20230221,20180425,20100405,20100405,20100216,20200525,20050505,20180501,20040630,20181123,20090101,20061226,20091117,20171225,20200120,20200324,20260525,20430101,20210101,20190610,20070605,20190101,20161211,20220714,20200101,20061227,20430101,20070607,20251226,20191219,20090601,20060130,20171226,20190430,20190208,20080101,20100402,20190425,20111108,20240401,20100910,20180601,20070101,20050523,20180910,20180925,20211227,20160707,20111101,20100730,20080825,20061201,20100405,20230320,20060815,20090608,20080602,20051128,20180821,20081226,20060102,20111102,20180907,20220126,20071112,20210101,20240115,20200101,20200101,20180504,20071226,20221104,20070508,20200413,20260119,20110705,20170228,20190101,20140923,20130101,20210101,20240101,20220415,20240101,20091231,20100920,20080505,20180925,20170201,20061024,20200127,20100524,20070622,20171003,20070425,20220103,20260101,20210402,,20130501,20050505,20100219,20180215,20070806,20061226,20120501,20070102,20200413,20191225,20110815,20080324
20201005,20120820,20091225,20180423,20070528,20090126,20060619,20200217,20230407,20180507,20100524,20100524,20100217,20200801,20050523,20180529,20040820,20181225,20090112,20070101,20091224,20171229,20200217,20200325,20260703,20431225,20210118,20190805,20071224,20190121,20170101,20221218,20200127,20070101,20431225,20071003,20251231,20191225,20090910,20060131,20180101,20190501,20190415,20080321,20100524,20190610,20111109,20240410,20100913,20180613,20070321,20050604,20180911,20180926,20211228,20160831,20111226,20100830,20081225,20061208,20100513,20230406,20061012,20091103,20080815,20051226,20180827,20090101,20060103,20111121,20181012,20220415,20071122,20210118,20240219,20200120,20200120,20180716,20080101,20221110,20070517,20200427,20260216,20110706,20170414,20190304,20141005,20130328,20210106,20240329,20220418,20240329,20100101,20101011,20080512,20180926,20170202,20061225,20200410,20100906,20071224,20171031,20070611,20220126,20260126,20210405,,20131225,20050718,20100405,20180216,20070903,20070101,20120503,20070122,20200427,20191231,20111101,20080501
20201225,20120821,20100101,20180501,20070815,20090206,20060821,20200410,20230421,20180815,20101201,20100820,20100218,20200815,20050701,20180727,20040918,20190304,20090323,20070406,20091225,20180101,20200316,20200326,20260907,20440101,20210215,20191007,20071225,20190419,20170424,20230101,20200410,20070319,20440101,20071224,20260101,20191226,20091225,20060405,20180216,20190902,20190429,20080324,20100621,20191024,20120423,20240501,20101117,20180614,20070406,20050831,20180917,20181003,20220103,20160912,20120102,20101008,20081226,20061225,20100524,20230407,20061101,20091225,20081208,20051230,20181101,20090102,20060104,20111212,20181102,20220418,20071225,20210215,20240329,20200217,20200217,20180917,20080320,20221128,20070815,20200601,20260403,20110928,20170421,20190311,20141006,20130329,20210405,20240401,20220606,20240401,20100125,20101101,20080606,20181003,20170403,20070101,20200501,20100922,20071225,20171101,20070806,20220415,20260403,20210503,,20131226,20050919,20100616,20180219,20071008,20070409,20120607,20070206,20200601,20200101,20111226,20080512
20201228,20121025,20100402,20180615,20071225,20090410,20061016,20200525,20230501,20181001,20110425,20101101,20100219,20200917,20050722,20180730,20040930,20190321,20090409,20070409,20100101,20180212,20200317,20200327,20261126,20451225,20210402,20191225,20071226,20190527,20170625,20230214,20200413,20070406,20451225,20071225,20260403,20200101,20091231,20060414,20180219,20200101,20190430,20080501,20100729,20191225,20120501,20240509,20101207,20180615,20070409,20051101,20181106,20181009,20220415,20160916,20120208,20101101,20090101,20070101,20100623,20230501,20061109,20091228,20081225,20060413,20181102,20090410,20060105,20120206,20181115,20220425,20080101,20210402,20240527,20200410,20200410,20180924,20080321,20221208,20071101,20200928,20260525,20111028,20170501,20190419,20150719,20130401,20210602,20240501,20221003,20240501,20100215,20101208,20080815,20181009,20170404,20070102,20200507,20101224,20071226,20171225,20070907,20220418,20260406,20210531,,20140101,20050923,20100922,20180220,20071112,20070501,20120815,20070406,20201026,20200224,20120106,20080801
20210101,20121027,20100405,20180821,20071226,20090413,20061106,20200703,20230529,20181225,20110613,20101224,20100405,20201002,20050812,20180813,20041002,20190417,20090410,20070501,20100106,20180213,20200318,20200330,20261225,20460101,20210531,20191226,20071231,20190704,20170626,20230305,20200504,20070409,20460101,20071226,20260406,20200127,20100101,20060417,20180330,20200123,20190501,20080620,20100730,20191226,20120820,20240520,20101224,20180618,20070427,20051103,20181120,20181225,20220418,20161003,20120409,20101208,20090410,20070220,20101101,20230529,20061206,20100101,20081226,20060414,20181130,20090518,20060106,20120319,20181225,20220613,20080121,20210531,20240704,20200525,20200525,20181008,20080324,20221226,20071225,20201225,20260703,20111117,20170615,20190422,20150923,20130425,20210629,20241224,20221226,20241224,20100216,20101231,20080915,20181225,20170501,20070219,20200525,20101231,20071231,20171226,20071001,20220425,20260608,20210830,,20140418,20051010,20110202,20180228,20071225,20070517,20121101,20070409,20201225,20200225,20120409,20081225
20210126,20121028,20100430,20180822,20080101,20090601,20061208,20200907,20230608,20181226,20110815,20110314,20100503,20201026,20051024,20181015,20041013,20190419,20090501,20070517,20100402,20180330,20200319,20200331,20270101,20461225,20210705,20200101,20080101,20190902,20170627,20230423,20200608,20070507,20461225,20071231,20260501,20200226,20100402,20060501,20180402,20200124,20190902,20081224,20100906,20200101,20120821,20240617,20110203,20180619,20070501,20051104,20181225,20181231,20220502,20161212,20120427,20101224,20090413,20070406,20110422,20230704,20061208,20100126,20090101,20060501,20181224,20090624,20060109,20120405,20190101,20221226,20080218,20210705,20240902,20200703,20200703,20181123,20080501,20230102,20071226,20201228,20260907,20111226,20170907,20190607,20150924,20130501,20211101,20241225,20230407,20241225,20100402,20110422,20081003,20181231,20170529,20070220,20200710,20110303,20080101,20180101,20071225,20220613,20261225,20210927,,20140421,20051103,20110203,20180404,20071226,20070528,20121225,20070425,20201228,20200410,20120501,20081226
20210308,20121115,20100505,20180823,20080304,20091026,20061225,20201012,20230704,20190101,20111201,20110315,20100614,20201030,20051205,20181023,20041022,20190429,20090525,20070518,20100405,20180501,20200320,20200401,20270118,20470101,20210906,20200127,20080320,20191111,20170831,20230424,20200724,20070604,20470101,20080101,20260525,20200410,20100405,20060505,20180405,20200127,20200101,20081225,20100920,20200127,20120830,20240807,20110215,20180817,20070809,20051226,20190101,20190101,20220530,20161226,20120501,20101231,20090504,20070425,20110425,20230904,20061225,20100308,20090106,20060612,20181225,20090701,20060223,20120406,20190304,20221227,20080526,20210906,20241128,20200907,20200907,20181224,20080512,20230109,20080101,20210101,20261126,20120409,20171012,20190610,20160705,20130509,20211208,20241226,20230410,20241226,20100421,20110627,20081225,20190101,20170530,20070406,20200731,20110304,20080321,20180330,20071226,20221226,20261228,20211227,,20140501,20051123,20110204,20180405,20080101,20070607,20121226,20070604,20210101,20200421,20120607,20090101
20210402,20121202,20100513,20180824,20080305,20091225,20061229,20201111,20230904,20190128,20111226,20110425,20100615,20201031,20051212,20181205,20041112,20190501,20090615,20070528,20100705,20180531,20200323,20200402,20270215,20471225,20211125,20200309,20080321,20191128,20170902,20230425,20200803,20070806,20471225,20080321,20261224,20200413,20100513,20060531,20180501,20200128,20200123,20081226,20101111,20200210,20121025,20240815,20110422,20180822,20070924,20060102,20190121,20190204,20220829,20170102,20120502,20110421,20090525,20070501,20110602,20231009,20070101,20100402,20090413,20060724,20181231,20090907,20060224,20120501,20190305,20230102,20080704,20211125,20241225,20201126,20201126,20181231,20081224,20230220,20080321,20210126,20261225,20120501,20171102,20190701,20160706,20130520,20220106,20241231,20230501,20241231,20100603,20110815,20090101,20190204,20171002,20070501,20200810,20110422,20080324,20180402,20080101,20221227,20270101,20211228,,20141225,20051223,20110207,20180406,20080218,20070815,20130101,20071022,20210104,20200501,20120622,20090102
20210405,20130101,20100524,20180830,20080310,20091228,20070101,20201126,20230907,20190419,20120102,20110613,20100616,20201116,20060102,20181210,20041115,20190605,20090622,20070815,20100901,20180907,20200324,20200403,20270326,20480101,20211224,20200410,20080324,20191129,20170903,20230628,20201225,20071029,20480101,20080324,20261225,20200518,20100524,20061002,20180522,20200129,20200124,20090101,20101227,20200309,20121026,20241101,20110517,20180911,20071217,20060110,20190201,20190205,20221226,20170130,20120625,20110422,20090831,20070607,20110613,20231102,20070405,20100405,20090501,20060821,20190101,20091012,20060308,20121102,20190419,20230126,20080901,20211224,20250101,20201225,20201225,20190101,20081225,20230221,20080324,20210301,20270101,20120508,20171115,20190805,20160707,20130617,20220418,20250101,20230529,20250101,20100709,20110919,20090126,20190205,20171003,20070531,20201225,20110425,20080501,20180501,20080128,20230102,20270126,20220103,,20141226,20060102,20110228,20180501,20080321,20071026,20130401,20071225,20210208,20200611,20120625,20090410
20210426,20130124,20110422,20181029,20080319,20100101,20070402,20201225,20231009,20190422,20120103,20111031,20100922,20201203,20060213,20181231,20041126,20190812,20090629,20071101,20100915,20181012,20200325,20200406,20270531,20481225,20220117,20200413,20080418,20191224,20170921,20230629,20201228,20071225,20481225,20080501,20261231,20200615,20100909,20061030,20180618,20200402,20200127,20090106,20101228,20200410,20121029,20241115,20110602,20181120,20071225,20060130,20190205,20190206,20221227,20170201,20120815,20110629,20091225,20070613,20110623,20231120,20070406,20100426,20090602,20060928,20190205,20091111,20060501,20121119,20190501,20230407,20081013,20220117,20250120,20210101,20210101,20190102,20081226,20230222,20080501,20210402,20270118,20120705,20171120,20190806,20160908,20130805,20220425,20250418,20231003,20250418,20100907,20111010,20090127,20190206,20171004,20070809,20210101,20110506,20080606,20180510,20080321,20230126,20270326,20220415,,20150101,20060103,20110404,20180618,20080519,20071101,20130501,20071226,20210402,20200907,20120815,20090413
20210614,20130606,20110425,20190101,20080320,20100104,20070405,20210101,20231012,20190425,20120416,20111101,20100923,20201225,20060406,20190101,20041225,20190815,20090720,20071225,20101101,20181102,20200326,20200407,20270705,20490101,20220221,20200427,20080501,20191225,20171130,20231218,20210101,20071226,20490101,20080512,20270101,20200706,20101231,20061225,20180702,20200430,20200128,20090410,20110103,20200413,20130101,20241225,20110629,20181224,20071226,20060131,20190206,20190301,20230102,20170501,20121031,20110728,20091228,20070815,20110815,20231123,20070501,20100614,20091208,20060929,20190225,20091225,20060508,20121212,20190620,20230410,20081111,20220221,20250217,20210118,20210118,20190103,20090101,20230407,20080508,20210405,20270215,20120706,20171225,20190807,20160911,20131224,20220602,20250421,20231225,20250421,20101012,20111031,20090501,20190301,20171005,20071108,20210212,20110523,20080620,20180521,20080324,20230407,20270329,20220418,,20150403,20060109,20110405,20180924,20080701,20071224,20130503,20080101,20210405,20201012,20121008,20090501
20211004,20130808,20110602,20190423,20080321,20100201,20070406,20210118,20231102,20190506,20120501,20111226,20100924,20210114,20060413,20190219,20050121,20190902,20090807,20071226,20101117,20181115,20200327,20200408,20270906,20511225,20220415,20200601,20080512,20200101,20171202,20240101,20210126,20071227,20511225,20080522,20270326,20201109,20110422,20061226,20180925,20200501,20200129,20090413,20110422,20200414,20130423,20250101,20110817,20181225,20080101,20060201,20190501,20190501,20230407,20170510,20121101,20110729,20100101,20071005,20111101,20231212,20070502,20101102,20091225,20061024,20190409,20091228,20060509,20121225,20191115,20230425,20081127,20220415,20250418,20210215,20210215,20190114,20090409,20230501,20080512,20210426,20270326,20120928,20171229,20190828,20160912,20131225,20220629,20250501,20231226,20250501,20101102,20111101,20090505,20190501,20171006,20071220,20210402,20110524,20081224,20180531,20080425,20230410,20270614,20220502,,20150406,20060321,20110502,20181010,20080804,20071225,20130530,20080102,20210426,20201102,20121101,20090521
20211227,20130810,20110613,20190501,20080324,20100402,20070501,20210215,20231115,20190814,20120604,20120315,20101001,20210126,20060414,20190408,20050126,20190910,20090817,20080101,20101224,20181130,20200330,20200409,20271125,20520101,20220530,20200608,20080605,20200120,20171203,20240213,20210402,20080101,20520101,20081003,20270329,20201225,20110425,20070101,20181001,20200902,20200402,20090501,20110524,20200608,20130501,20250327,20110829,20181231,20080321,20060202,20190520,20190506,20230410,20170530,20121225,20110829,20100402,20071101,20111226,20231225,20070515,20101227,20100101,20061101,20190418,20100101,20060612,20130101,20191225,20230612,20081225,20220530,20250526,20210402,20210402,20190211,20090410,20231103,20080714,20210607,20270531,20121224,20180101,20190920,20160922,20131226,20220815,20251224,20240101,20251224,20101115,20111208,20091002,20190506,20180101,20071225,20210513,20110905,20081225,20181003,20080609,20230425,20271227,20220509,,20150501,20060503,20110606,20181231,20080901,20071226,20130815,20080121,20210607,20201225,20121225,20090601
20211228,20131014,20111226,20190604,20080325,20100405,20070525,20210531,20231123,20191007,20120815,20120316,20101004,20210311,20060419,20190415,20050309,20191002,20091012,20080321,20110106,20181225,20200331,20200410,20271224,20521225,20220704,20200803,20081224,20200410,20180101,20240303,20210405,20080317,20521225,20081224,20270517,20201228,20110602,20070219,20181017,20210101,20200430,20090521,20110620,20201022,20130808,20250331,20110830,20190101,20080324,20060411,20190522,20190606,20230501,20170531,20121226,20110830,20100405,20071224,20120406,20240101,20070815,20101228,20100106,20061201,20190419,20100104,20061106,20130204,20200101,20231225,20090101,20220704,20250704,20210531,20210531,20190321,20090413,20231106,20080815,20210927,20270705,20121225,20180212,20190924,20170622,20140101,20221101,20251225,20240329,20251225,20101231,20120406,20091225,20190606,20180215,20080101,20210526,20110906,20081226,20181101,20080804,20230612,20271228,20220530,,20151225,20060504,20110912,20190101,20081013,20080101,20131101,20080206,20211025,20201231,20121226,20091225
20220103,20131015,20120406,20190605,20080425,20100607,20070618,20210705,20231225,20191225,20121130,20120409,20101005,20210401,20060501,20190416,20050325,20191008,20091102,20080324,20110422,20181231,20200401,20200413,20280117,20530101,20220905,20201005,20081225,20200525,20180616,20240410,20210426,20080321,20530101,20081225,20271224,20210101,20110613,20070220,20181225,20210210,20200501,20090619,20110728,20201225,20130809,20250421,20110831,20190205,20080428,20060501,20190605,20190815,20230529,20170612,20130101,20111031,20100503,20071225,20120409,20240115,20071012,20110103,20100405,20061225,20190501,20100402,20070101,20130318,20200224,20231226,20090119,20220905,20250901,20210705,20210705,20190429,20090501,20231110,20081111,20211227,20270906,20121226,20180213,20191021,20170625,20140417,20221208,20251226,20240401,20251226,20110125,20120501,20100101,20190815,20180216,20080207,20210720,20110922,20081231,20181224,20081006,20231225,20280103,20220829,,20160101,20060505,20111010,20190131,20081111,20080324,20131111,20080321,20211227,20210101,20130101,20100101
20220126,20131016,20120409,20190606,20080428,20101025,20070709,20210906,20240101,20191226,20121225,20120430,20101006,20210402,20060505,20190501,20050326,20191021,20091116,20080501,20110425,20190101,20200402,20200414,20280221,20531225,20221124,20201225,20081226,20200619,20180617,20240411,20210503,20080324,20531225,20081226,20271231,20210125,20110801,20070405,20181226,20210211,20200902,20091224,20110729,20201228,20130830,20250501,20110901,20190307,20080501,20060512,20190606,20190912,20230828,20170626,20130208,20111101,20100531,20080101,20120501,20240205,20071101,20110126,20100602,20061226,20190513,20100524,20070102,20130328,20200225,20240101,20090216,20221124,20251127,20210906,20210906,20190430,20090521,20231128,20081225,20211228,20271125,20130101,20180330,20191211,20170626,20140418,20221226,20251231,20240501,20251231,20110307,20120521,20100215,20190912,20180219,20080208,20210809,20110923,20090101,20181225,20081225,20231226,20280126,20221226,,20160325,20060717,20120123,20190201,20081225,20080501,20131225,20080324,20211228,20210215,20130401,20100402
20220314,20131017,20120430,20190715,20080501,20101227,20070820,20211011,20240115,20200101,20121226,20120501,20101007,20210413,20060512,20190506,20050401,20191028,20091208,20080502,20110705,20190304,20200403,20200415,20280414,20540101,20221226,20201228,20081231,20200703,20180820,20240616,20210614,20080505,20540101,20081231,20280414,20210217,20110908,20070406,20190101,20210212,20210101,20091225,20110905,20210101,20131015,20250529,20110902,20190403,20080502,20060831,20190730,20190913,20231225,20170627,20130401,20111208,20100830,20080205,20120517,20240219,20071109,20110314,20101101,20070101,20190605,20100624,20070103,20130329,20200410,20240126,20090525,20221226,20251225,20211125,20211125,20190501,20090601,20231208,20081226,20220103,20271224,20130401,20180423,20191225,20170831,20140421,20230106,20260101,20240520,20260101,20110308,20120702,20100301,20190913,20180220,20080321,20211104,20111226,20090106,20181226,20081226,20240101,20280414,20221227,,20160328,20060918,20120124,20190204,20081226,20080512,20131226,20080425,20220103,20210216,20130501,20100405
20220415,20131102,20120517,20190812,20080616,20101228,20071015,20211111,20240212,20200127,20130101,20120528,20110103,20210414,20060612,20190520,20050409,20191112,20091225,20080512,20110829,20190305,20200406,20200416,20280529,20541225,20230102,20210101,20090101,20200907,20180821,20240617,20210723,20080602,20541225,20090101,20280417,20210402,20111226,20070409,20190205,20210215,20210210,20100101,20111111,20210126,20131016,20250606,20111226,20190417,20080616,20061023,20190812,20191003,20231226,20170831,20130501,20111223,20101227,20080321,20120528,20240318,20071206,20110422,20101208,20070405,20190612,20100701,20070104,20130501,20200421,20240329,20090907,20230102,20260101,20211224,20211224,20190502,20091224,20231225,20090101,20220126,20280117,20130501,20180501,20191226,20170903,20140424,20230410,20260403,20241003,20260403,20110421,20120716,20100505,20191003,20180221,20080501,20220201,20120102,20090410,20181231,20090101,20240126,20280417,20230102,,20161226,20061009,20120125,20190205,20090101,20080522,20140101,20080602,20220104,20210402,20130530,20100513
20220418,20131130,20120528,20190813,20080815,20110103,20071106,20211125,20240213,20200410,20130102,20120820,20110202,20210501,20060613,20190603,20050414,20191225,20091231,20080721,20110901,20190419,20200407,20200417,20280704,20550101,20230116,20210126,20090409,20201103,20180822,20240618,20210802,20080804,20550101,20090410,20280501,20210405,20120102,20070501,20190206,20210216,20210211,20100106,20111226,20210208,20131017,20250609,20120123,20190419,20080924,20061024,20190902,20191009,20240101,20170901,20130502,20111230,20101228,20080425,20120815,20240328,20071225,20110425,20110106,20070406,20190812,20100906,20070105,20130916,20200501,20240401,20091012,20230116,20260119,20220117,20220117,20190503,20091225,20240101,20090410,20220307,20280221,20130508,20180531,20200101,20170904,20140501,20230425,20260406,20241224,20260406,20110422,20120815,20100521,20191009,20180405,20080519,20220202,20120413,20090413,20190101,20090126,20240329,20280425,20230407,,20170414,20061103,20120126,20190206,20090216,20080815,20140106,20081027,20220207,20210421,20130625,20100524
20220425,20131201,20121225,20190814,20081028,20110104,20071224,20211224,20240219,20200413,20130501,20121022,20110203,20210514,20060711,20190716,20050418,20200221,20100101,20080815,20110915,20190501,20200408,20200420,20280904,20561225,20230220,20210308,20090410,20201111,20180911,20241218,20211227,20081027,20561225,20090413,20280605,20210517,20120406,20070524,20190207,20210421,20210212,20100402,20111227,20210308,20131018,20250807,20120323,20190501,20081216,20061025,20190909,20191225,20240329,20170921,20130625,20120405,20110103,20080501,20121101,20240329,20080101,20110426,20110317,20070409,20190821,20101011,20070108,20131118,20200611,20240425,20091111,20230220,20260216,20220221,20220221,20190506,20100101,20240109,20090413,20220415,20280414,20130705,20180907,20200302,20170924,20140529,20230501,20260501,20241225,20260501,20110623,20120917,20100602,20191225,20180406,20081001,20220415,20120416,20090501,20190419,20090410,20240401,20280612,20230410,,20170417,20061123,20120127,20190207,20090410,20081208,20140421,20081225,20220415,20210603,20130805,20110422
20220613,20140101,20121226,20190830,20081225,20110131,20071225,20220117,20240329,20200504,20130506,20121023,20110204,20210515,20060814,20190729,20050422,20200310,20100111,20081111,20111101,20190620,20200409,20200421,20281123,20570101,20230407,20210402,20090413,20201126,20181120,20250101,20211228,20081225,20570101,20090501,20281003,20210614,20120409,20070619,20190405,20210430,20210215,20100405,20120102,20210402,20131029,20250815,20120406,20190530,20081225,20061225,20190916,20191231,20240401,20171018,20130815,20120406,20110422,20080522,20121225,20240501,20080107,20110613,20110425,20070501,20190826,20101111,20070223,20131212,20200907,20240610,20091126,20230407,20260403,20220415,20220415,20190715,20100401,20240212,20090501,20220418,20280529,20131028,20181012,20200309,20180614,20140609,20230602,20260525,20241226,20260525,20110907,20120918,20100921,20191231,20180430,20081027,20220502,20120430,20090521,20190422,20090413,20240425,20281225,20230501,,20170501,20070101,20120227,20190208,20090518,20081224,20140501,20081226,20220418,20210907,20130815,20110425
20221003,20140111,20130101,20191029,20081226,20110422,20071231,20220221,20240501,20200814,20130624,20121101,20110207,20210721,20060920,20190812,20050523,20200402,20100322,20081225,20111117,20191115,20200410,20200422,20281225,20571225,20230529,20210405,20090508,20201127,20181202,20250211,20220103,20081226,20571225,20090521,20281225,20210705,20120501,20070702,20190419,20210503,20210216,20100513,20120406,20210405,20140101,20250904,20120517,20190603,20081226,20070101,20191028,20200101,20240506,20171201,20131031,20120430,20110425,20080610,20121226,20240527,20080320,20111101,20110602,20070514,20191101,20101227,20070308,20131225,20201012,20241225,20091225,20230529,20260525,20220530,20220530,20190812,20100402,20240213,20090508,20220425,20280704,20131224,20181102,20200410,20180617,20140617,20230629,20261224,20241231,20261224,20111012,20120919,20100922,20200101,20180501,20081208,20220516,20120501,20090619,20190501,20090608,20240610,20281226,20230509,,20171225,20070102,20120228,20190228,20090701,20081225,20140619,20090101,20220425,20211012,20131008,20110602
20221226,20140525,20130329,20200101,20090101,20110425,20080101,20220415,20240527,20201005,20130815,20121102,20110208,20210819,20061023,20191014,20050701,20200406,20100401,20081226,20111226,20191225,20200413,20200423,20290101,20580101,20230704,20210426,20090521,20201225,20181203,20250302,20220126,20081229,20580101,20090601,20281226,20211115,20120517,20070926,20190422,20210902,20210421,20100625,20120524,20210406,20140423,20251225,20120518,20190604,20090101,20070102,20191225,20200124,20240527,20171225,20131101,20120501,20110429,20080613,20130101,20240704,20080321,20111226,20110815,20070611,20191224,20101228,20070430,20140101,20201102,20241226,20100101,20230704,20260703,20220704,20220704,20190916,20100405,20240214,20090521,20220606,20280904,20131225,20181115,20200413,20180618,20140804,20230815,20261225,20250101,20261225,20111102,20121015,20100923,20200124,20180618,20081225,20220809,20120524,20091224,20190530,20090803,20241225,20290101,20230529,,20171226,20070103,20120404,20190301,20090803,20081226,20140815,20090102,20220606,20211102,20131101,20110613
20221227,20140728,20130401,20200423,20090106,20110606,20080320,20220530,20240530,20201225,20131225,20121224,20110404,20210910,20061205,20191023,20050727,20200410,20100402,20090101,20120106,20191231,20200414,20200424,20290115,20581225,20230904,20210531,20090522,20210101,20190101,20250330,20220415,20090101,20581225,20090611,20290101,20211227,20120528,20071001,20190501,20210903,20210430,20101206,20120618,20210614,20140501,20260101,20120817,20190605,20090410,20070201,20200101,20200127,20240826,20180101,20131225,20120629,20110502,20080815,20130329,20240902,20080501,20111227,20111101,20070820,20191225,20110103,20070501,20140203,20201225,20250101,20100118,20230904,20260907,20220905,20220905,20190923,20100513,20240329,20090601,20220926,20281123,20131226,20181120,20200601,20180820,20141224,20231101,20261231,20250418,20261231,20111115,20121101,20110202,20200127,20180924,20090101,20221024,20120525,20091225,20190610,20091005,20241226,20290126,20230828,,20180101,20070108,20120501,20190404,20090907,20090101,20141111,20090119,20221024,20211115,20131225,20110801
20230102,20140729,20130430,20200501,20090302,20111024,20080321,20220704,20240704,20201228,20131226,20121225,20110405,20211002,20061211,20191205,20050728,20200414,20100517,20090410,20120406,20200101,20200415,20200427,20290219,20590101,20231123,20210614,20090601,20210118,20190603,20250331,20220418,20090317,20590101,20091224,20290330,20211228,20120801,20071019,20190513,20220103,20210503,20101224,20120802,20211021,20140519,20260316,20120820,20190606,20090413,20070219,20200127,20200415,20241225,20180201,20131226,20120727,20110530,20081201,20130401,20240916,20080502,20120102,20111208,20070827,20191230,20110104,20070509,20140317,20210101,20250127,20100215,20231123,20261126,20221124,20221124,20191014,20100517,20240501,20090714,20221226,20281225,20140101,20181225,20200612,20180821,20141225,20231208,20270101,20250421,20270101,20111230,20121102,20110203,20200415,20181001,20090126,20221226,20120906,20091231,20190620,20091225,20250101,20290330,20231225,,20180330,20070212,20120802,20190405,20091012,20090106,20141225,20090206,20221226,20211231,20131226,20111226
20230126,20140730,20130509,20200519,20090325,20111226,20080324,20220905,20240902,20210101,20140101,20121226,20110502,20211006,20070101,20191210,20050815,20200501,20100607,20090413,20120409,20200224,20200416,20200428,20290330,20591225,20231225,20210802,20090605,20210402,20190604,20250401,20220425,20090410,20591225,20091225,20290402,20220103,20120906,20071225,20190607,20220131,20210902,20110106,20120803,20211227,20140728,20260320,20120821,20190607,20090422,20070220,20200501,20200430,20241226,20180216,20140101,20120830,20110829,20081208,20130501,20241014,20080515,20120126,20111226,20071012,20191231,20110422,20070611,20140417,20210215,20250418,20100531,20231225,20261225,20221226,20221226,20191022,20100524,20240701,20091111,20221227,20290101,20140421,20181231,20200629,20180822,20141226,20231225,20270326,20250501,20270326,20120125,20121225,20110204,20200430,20181002,20090127,20230102,20120907,20100101,20191003,20091228,20250127,20290402,20231226,,20180402,20070321,20121010,20190501,20091111,20090413,20141226,20090410,20221227,20220228,20140101,20120102
20230313,20141004,20130520,20200525,20090417,20111227,20080402,20221010,20241014,20210126,20140102,20121231,20110606,20211014,20070102,20191231,20050822,20200525,20100614,20090501,20120501,20200225,20200417,20200429,20290528,20600101,20240101,20211004,20091224,20210531,20190605,20250605,20220502,20090413,20600101,20091231,20290501,20220124,20121225,20071226,20190701,20220201,20210903,20110422,20120903,20211228,20140729,20260406,20120822,20191224,20090427,20070426,20200507,20200501,20250101,20180501,20140421,20120831,20111226,20081224,20130509,20241111,20080725,20120312,20120106,20071029,20200101,20110523,20070612,20140418,20210216,20250421,20100705,20240101,20270101,20230102,20230102,20191104,20101224,20241104,20091225,20230102,20290115,20140501,20190101,20200803,20180923,20150101,20231226,20270329,20250609,20270329,20120220,20121231,20110301,20200501,20181003,20090410,20230123,20121224,20100106,20191101,20100101,20250418,20290425,20240101,,20180501,20070430,20121231,20190607,20091225,20090501,20150101,20090413,20230102,20220301,20140106,20120406
20230407,20141005,20131225,20200526,20090420,20120102,20080501,20221111,20241111,20210402,20140421,20130101,20110912,20211015,20070305,20200101,20050907,20201002,20100705,20090521,20120508,20200410,20200420,20200430,20290704,20621225,20240115,20211227,20091225,20210705,20190606,20250608,20220613,20090504,20621225,20100101,20290521,20220302,20121226,20080101,20191001,20220202,20220103,20110425,20121112,20220103,20140730,20260501,20121026,20191225,20090501,20070501,20200511,20200505,20250418,20180529,20140501,20121001,20111227,20081225,20130520,20241118,20080815,20120406,20120409,20071101,20200113,20110624,20071105,20140501,20210402,20250425,20100906,20240115,20270118,20230116,20230116,20191231,20110421,20241105,20100101,20230126,20290219,20140508,20190304,20200804,20190604,20150402,20240101,20271224,20251003,20271224,20120221,20130101,20110505,20200505,20181004,20090501,20230124,20121225,20100402,20191224,20100126,20250421,20290611,20240329,,20181225,20070503,20130101,20190809,20091228,20090521,20150106,20090601,20230103,20220415,20140421,20120409
20230410,20141025,20131226,20200715,20090501,20120103,20080616,20221124,20241115,20210405,20140501,20130315,20111003,20211019,20070406,20200210,20050930,20201116,20100720,20090522,20120705,20200421,20200421,20200501,20290903,20630101,20240219,20211228,20091231,20210906,20190810,20250609,20220722,20090601,20630101,20100402,20291003,20220415,20121231,20080207,20191007,20220203,20220131,20110602,20121225,20220126,20141006,20260514,20121115,20191231,20090616,20070502,20200525,20200817,20250421,20180530,20140502,20121002,20120102,20090101,20130815,20241128,20080909,20120409,20120425,20071102,20200225,20110701,20071231,20140916,20210421,20250609,20101011,20240219,20270215,20230220,20230220,20200101,20110422,20241111,20100402,20230306,20290330,20141028,20190305,20200805,20190605,20150403,20240401,20271231,20251224,20271231,20120406,20130329,20110510,20200817,20181005,20090810,20230407,20121226,20100405,20191225,20100402,20250425,20291225,20240401,,20181226,20070504,20130211,20190913,20100101,20090601,20150406,20091026,20230206,20220421,20140501,20120501
20230425,20141202,20140101,20200731,20090608,20120130,20080709,20221226,20241128,20210426,20140609,20130401,20111004,20211020,20070413,20200406,20051012,20201130,20100816,20090601,20120829,20200501,20200422,20200504,20291122,20631225,20240329,20220103,20100101,20211111,20190811,20250610,20220801,20090803,20631225,20100405,20291224,20220418,20130101,20080208,20191225,20220204,20220201,20110624,20121226,20220214,20141007,20260525,20121116,20200101,20090810,20070831,20200526,20200930,20250505,20180531,20140625,20121008,20120406,20090224,20131101,20241212,20081208,20120425,20120501,20071130,20200317,20110905,20080101,20141117,20210603,20251225,20101111,20240329,20270326,20230407,20230407,20200102,20110425,20241128,20100405,20230407,20290528,20141117,20190419,20201023,20190606,20150406,20240425,20280414,20251225,20280414,20120501,20130501,20110606,20200930,20181231,20090921,20230421,20121231,20100513,20191226,20100405,20250609,20291226,20240506,,20190101,20070716,20130212,20190930,20100215,20090611,20150501,20091225,20230407,20220616,20140619,20120517
20230612,20150101,20140418,20200803,20091028,20120206,20080818,20230102,20241225,20210503,20140815,20130501,20111005,20211101,20070416,20200501,20051101,20201225,20101018,20090721,20121101,20200611,20200423,20200505,20291225,20640101,20240527,20220126,20100401,20211125,20190812,20251218,20221226,20091026,20640101,20100513,20291225,20220516,20130102,20080321,20191226,20220411,20220202,20111206,20130101,20220314,20141029,20260527,20121224,20200325,20090924,20071015,20200608,20201001,20250526,20180615,20140815,20121101,20120409,20090410,20131225,20241225,20081225,20120611,20120815,20071224,20200318,20111010,20080102,20141212,20210907,20251226,20101125,20240527,20270531,20230529,20230529,20200103,20110517,20241209,20100513,20230410,20290704,20141224,20190423,20201225,20190811,20150423,20240501,20280417,20251226,20280417,20120607,20130521,20110815,20201001,20190101,20091127,20230501,20130101,20100625,20191231,20100426,20251225,20300101,20240509,,20190419,20070917,20130213,20191010,20100402,20091026,20150604,20091228,20230410,20220907,20140625,20120528
20231002,20150103,20140421,20201029,20091225,20120406,20081013,20230116,20250101,20210811,20141201,20130520,20111006,20211104,20070501,20200504,20051103,20210126,20101101,20091111,20121224,20200907,20200424,20200506,20300101,20641225,20240704,20220314,20100402,20211126,20190813,20260101,20221227,20091225,20641225,20100524,20291226,20220613,20130329,20080324,20200101,20220502,20220203,20111226,20130329,20220415,20150101,20260807,20121225,20200410,20091216,20071108,20200731,20201002,20250825,20180822,20141031,20121102,20120507,20090501,20131226,20250101,20090101,20121106,20121101,20071225,20200409,20111111,20080103,20141225,20211012,20260101,20110117,20240704,20270705,20230704,20230704,20200113,20110602,20241225,20100524,20230425,20290903,20141225,20190501,20201228,20190812,20150501,20240815,20280501,20251231,20280501,20120709,20130716,20110912,20201002,20190204,20091225,20230602,20130501,20101224,20200101,20100614,20251226,20300128,20240527,,20190422,20070924,20130214,20191011,20100524,20091208,20151111,20100101,20230425,20221012,20140805,20120801
20231225,20150516,20140529,20210101,20100101,20120409,20081106,20230220,20250120,20211004,20141225,20130819,20111007,20211105,20070507,20200506,20051104,20210311,20101115,20091225,20121225,20201012,20200427,20200507,20300121,20650101,20240902,20220415,20100405,20211224,20190831,20260210,20230102,20091228,20650101,20100603,20291231,20220704,20130401,20080404,20200127,20220503,20220204,20120106,20130524,20220418,20150423,20260825,20121231,20200501,20091225,20071220,20200820,20201009,20251225,20180831,20141225,20121224,20120604,20090610,20140101,20250120,20090106,20121225,20121225,20071231,20200410,20111226,20080104,20150101,20211102,20260126,20110221,20240902,20270906,20230904,20230904,20200211,20110613,20250101,20100714,20230605,20291122,20141226,20190620,20210101,20190923,20150514,20241101,20281225,20260101,20281225,20120907,20130815,20110913,20201009,20190205,20100101,20230628,20130502,20101231,20200106,20100802,20260101,20300419,20240826,,20190501,20071008,20130215,20200101,20100701,20091224,20151225,20100104,20230605,20221102,20140815,20121225
20231226,20150718,20140609,20210423,20100106,20120425,20081208,20230529,20250217,20211227,20141226,20130820,20120102,20211122,20070531,20200603,20051115,20210329,20101208,20100101,20121226,20201102,20200428,20200508,20300218,20651225,20241128,20220418,20100430,20211231,20191109,20260301,20230126,20091229,20651225,20101224,20300101,20221114,20130501,20080501,20200128,20220902,20220411,20120406,20130617,20220419,20150501,20261225,20130101,20200507,20100101,20071225,20200831,20201225,20251226,20180910,20141226,20121225,20120605,20090611,20140418,20250203,20090319,20121226,20121226,20080101,20200501,20111227,20080107,20150202,20211115,20260403,20110530,20241128,20271125,20231123,20231123,20200224,20111226,20250109,20101101,20230925,20291225,20150101,20191115,20210301,20200524,20150525,20241225,20281226,20260403,20281226,20121012,20130918,20111003,20201225,20190206,20100215,20230809,20130503,20110106,20200410,20101004,20260126,20300422,20241225,,20191225,20071123,20130228,20200121,20100802,20091225,20160101,20100125,20231023,20221115,20141008,20121226
20240101,20150719,20141225,20210513,20100215,20120604,20081225,20230704,20250303,20211228,20150101,20131023,20120103,20220115,20070730,20200706,20060111,20210402,20101231,20100402,20130101,20201130,20200429,20200511,20300419,20660101,20241225,20220425,20100513,20220117,20191201,20260322,20230407,20100101,20660101,20101231,20300419,20221226,20130509,20080512,20200410,20220905,20220502,20120409,20130801,20220425,20150519,20270101,20130124,20200521,20100322,20080101,20200916,20201231,20260101,20180911,20150101,20121231,20120827,20091005,20140421,20250217,20090409,20130101,20130101,20080225,20200525,20120102,20080108,20150316,20220228,20260406,20110704,20241225,20271224,20231225,20231225,20200320,20120405,20250303,20101111,20231225,20300101,20150406,20191120,20210308,20200525,20150617,20241226,20290101,20260406,20290101,20121102,20130919,20120123,20201231,20190207,20100216,20231113,20130506,20110422,20200413,20101227,20260403,20300425,20241226,,20191226,20071224,20130404,20200122,20100906,20100101,20160106,20100402,20231225,20221230,20141225,20130101
20240126,20150923,20141226,20210514,20100325,20121022,20090101,20230904,20250304,20220103,20150102,20131101,20120123,20220126,20070813,20200727,20060126,20210414,20110110,20100405,20130329,20201225,20200430,20200512,20300527,20681225,20250101,20220530,20100514,20220415,20191202,20260323,20230410,20100317,20681225,20110422,20300422,20221227,20130520,20080609,20200413,20230102,20220503,20120501,20130802,20220613,20150717,20270309,20130312,20200522,20100402,20080110,20201029,20210101,20260403,20180917,20150406,20130101,20121225,20091201,20140501,20250317,20090410,20130128,20130401,20080320,20200612,20120103,20080225,20150402,20220301,20260608,20110905,20250101,20280117,20240101,20240101,20200429,20120406,20250304,20110422,20231226,20300121,20150501,20191225,20210402,20200730,20150803,20250101,20290330,20260501,20290330,20121115,20130920,20120124,20210101,20190208,20100402,20231225,20130524,20110425,20200501,20101228,20260406,20300610,20250101,,20200101,20071231,20130405,20200123,20101011,20100106,20160328,20100405,20231226,20230220,20141226,20130102
20240311,20150924,20150101,20210519,20100402,20121225,20090324,20231009,20250418,20220126,20150413,20131224,20120124,20220301,20071023,20200728,20060209,20210421,20110321,20100513,20130401,20201231,20200501,20200513,20300704,20690101,20250120,20220613,20100524,20220530,20191203,20260324,20230425,20100402,20690101,20110425,20300501,20230102,20130801,20080701,20200430,20230123,20220902,20120517,20130902,20221020,20150924,20270329,20130329,20200525,20100405,20080123,20201225,20210211,20260406,20181106,20150427,20130211,20121226,20091208,20140529,20250417,20090501,20130311,20130425,20080321,20200731,20120406,20080310,20150403,20220415,20261225,20111010,20250120,20280221,20240115,20240115,20200504,20120409,20250305,20110425,20240101,20300218,20150508,20191231,20210405,20200802,20151224,20250106,20290402,20260525,20290402,20121120,20131031,20120301,20210211,20190405,20100528,20240101,20130906,20110602,20200521,20110103,20260608,20301225,20250418,,20200410,20080101,20130501,20200124,20101111,20100405,20160503,20100607,20240101,20230221,20150101,20130329
20240329,20151015,20150403,20210715,20100405,20121226,20090402,20231123,20250421,20220415,20150501,20131225,20120125,20220401,20071205,20200812,20060315,20210514,20110421,20100514,20130501,20210101,20200504,20200514,20300902,,20250217,20220801,20101224,20220704,20200101,20260527,20230501,20100405,,20110602,20300610,20230123,20130905,20080822,20200501,20230124,20220905,20120622,20131111,20221226,20150925,20270506,20130509,20200601,20100427,20080201,20210101,20210212,20260504,20181120,20150501,20130328,20130101,20091224,20140609,20250418,20090515,20130329,20130501,20080407,20200821,20120521,20080501,20150501,20220421,20261228,20111111,20250217,20280414,20240219,20240219,20200505,20120501,20250418,20110602,20240126,20300419,20150706,20200101,20210524,20200923,20151225,20250421,20290501,20261224,20290501,20121225,20131101,20120411,20210212,20190501,20100809,20240212,20131223,20110606,20200601,20110126,20261225,20301226,20250421,,20200413,20080102,20130612,20200127,20101227,20100513,20160526,20101025,20240102,20230407,20150106,20130401
20240401,20151202,20150406,20210720,20100524,20130101,20090409,20231225,20250501,20220418,20150601,20131226,20120126,20220402,20071210,20201013,20060330,20210721,20110422,20100524,20130508,20210215,20200505,20200515,20301128,,20250418,20221003,20101231,20220905,20200523,20260528,20230612,20100503,,20110613,20301003,20230222,20131225,20080915,20200625,20230125,20230102,20121206,20131225,20221227,20151029,20270517,20130606,20200731,20100616,20080207,20210128,20210301,20260525,20181225,20150625,20130329,20130329,20091225,20140623,20250501,20090611,20130401,20130815,20080501,20200831,20120625,20080502,20150916,20220616,20270101,20111124,20250418,20280529,20240329,20240329,20200506,20120517,20250501,20110613,20240304,20300527,20150928,20200120,20210702,20210512,20160101,20250425,20291224,20261225,20291224,20121231,20131225,20120501,20210301,20190502,20100910,20240329,20131224,20110624,20200611,20110422,20261228,20310101,20250505,,20200501,20080103,20130821,20200128,20101228,20100524,20160815,20101227,20240206,20230421,20150406,20130501
20240425,20151203,20150427,20210721,20101028,20130102,20090410,20240101,20250526,20220425,20151130,20131227,20120127,20220414,20071224,20201023,20060401,20210819,20110606,20100721,20130705,20210216,20200506,20200518,20301225,,20250526,20221226,20110421,20221108,20200524,20261217,20230728,20100607,,20110623,20301224,20230407,20131226,20081001,20200701,20230126,20230123,20121224,20131226,20230102,20160101,20271101,20130807,20200817,20100809,20080208,20210201,20210505,20260831,20190101,20151225,20130501,20130401,20100101,20140815,20250526,20091012,20130425,20131101,20080609,20201102,20120702,20080509,20151102,20220907,20270126,20111226,20250526,20280704,20240527,20240527,20200723,20120528,20251103,20110714,20240329,20300704,20151028,20200224,20210802,20210513,20160324,20250501,20291225,20261231,20291225,20130101,20131231,20120528,20210505,20190503,20101105,20240410,20131225,20111226,20201224,20110425,20270101,20310127,20250509,,20201225,20080114,20130919,20200129,20110103,20100603,20161101,20101228,20240329,20230501,20150501,20130509
20240610,20151224,20150505,20210722,20110106,20130128,20090501,20240115,20250619,20220502,20151201,20140101,20120402,20220415,20071231,20201207,20060406,20210910,20110627,20101101,20130829,20210402,20200507,20200519,20310101,,20250704,20221227,20110422,20221111,20200525,20270209,20230807,20100802,,20111003,20301225,20230410,20131231,20081007,20201001,20230127,20230124,20121225,20140101,20230126,20160519,20271115,20130808,20200820,20100924,20080320,20210212,20210519,20261225,20190201,20160101,20130628,20130506,20100216,20141225,20250704,20091109,20130610,20131225,20080818,20201130,20120903,20080612,20151116,20221012,20270326,20120102,20250704,20280904,20240704,20240704,20200724,20121224,20251104,20110815,20240401,20300902,20151117,20200225,20210803,20210516,20160325,20250602,20291226,20270101,20291226,20130125,20140101,20120606,20210519,20190607,20101117,20240501,20131226,20120106,20201225,20110426,20270126,20310411,20250526,,20210101,20080211,20130920,20200228,20110221,20101026,20161111,20110103,20240401,20230608,20150604,20130520
20241007,20160505,20150514,20210723,20110307,20130206,20090525,20240219,20250704,20220810,20151225,20140421,20120403,20220503,20080101,20201210,20060411,20211015,20110704,20101111,20131101,20210421,20200508,20200520,20310120,,20250901,20230102,20110425,20221124,20200526,20270307,20231225,20101025,,20111226,20301226,20230515,20140101,20081225,20201002,20230501,20230125,20121226,20140418,20230213,20160705,20280223,20130809,20200821,20101216,20080501,20210429,20210920,20261228,20190205,20160208,20130729,20130527,20100402,20141226,20250901,20091208,20131105,20131226,20080825,20201208,20121008,20080613,20151225,20221102,20270329,20120116,20250901,20281123,20240902,20240902,20200810,20121225,20251105,20111101,20240425,20301128,20151224,20200410,20210804,20210719,20160328,20250815,20291231,20270326,20291231,20130211,20140418,20120815,20210920,20190913,20110203,20240522,20131231,20120406,20201231,20110613,20270326,20310414,20250825,,20210402,20080320,20131010,20200402,20110422,20101101,20161226,20110104,20240425,20230907,20150622,20130801
20241225,20160706,20150525,20210830,20110325,20130329,20090615,20240329,20250901,20221003,20160101,20140501,20120404,20220504,20080221,20201231,20060414,20211105,20110720,20110422,20131224,20210603,20200511,20200521,20310217,,20251127,20230126,20110520,20221125,20200730,20270309,20231226,20101227,,20120406,20301231,20230619,20140102,20081226,20201026,20230502,20230126,20130101,20140526,20230313,20160706,20280417,20131014,20201028,20101227,20080519,20210513,20210921,20270101,20190206,20160328,20130730,20130826,20100603,20150101,20250916,20091225,20131225,20140101,20081001,20201224,20121112,20081103,20160101,20221115,20270614,20120220,20251127,20281225,20241128,20241128,20200921,20121226,20251110,20111111,20240603,20301225,20151225,20200421,20211022,20210720,20160421,20251208,20300101,20270329,20300101,20130212,20140501,20121001,20210921,20191001,20110204,20240617,20140101,20120409,20210101,20110801,20270329,20310425,20251225,,20210405,20080429,20140101,20200403,20110523,20101208,20170106,20110124,20240603,20231012,20150625,20131225
20241226,20160707,20151225,20211029,20110422,20130401,20090709,20240527,20251013,20221226,20160502,20140502,20120430,20220809,20080407,20210101,20060501,20211119,20110815,20110425,20131225,20210907,20200512,20200522,20310411,,20251225,20230313,20110602,20221226,20200801,20270310,20240101,20101228,,20120409,20310101,20230703,20140418,20090101,20201225,20230904,20230127,20130329,20140616,20230407,20160707,20280501,20131015,20201029,20110321,20080901,20210514,20210922,20270326,20190501,20160427,20130830,20131225,20100610,20150403,20251013,20100101,20131226,20140106,20081201,20201225,20121225,20081104,20160201,20230220,20271227,20120528,20251225,20290101,20241225,20241225,20200922,20130101,20251128,20111226,20240930,20310101,20160101,20200423,20211227,20210721,20160505,20251225,20300419,20270517,20300419,20130329,20140521,20121003,20210922,20191002,20110422,20240809,20140303,20120501,20210106,20111003,20270426,20310609,20251226,,20220415,20080505,20140130,20200501,20110701,20101224,20170417,20110422,20241028,20231102,20150805,20131226
20250101,20160910,20160101,20220502,20110425,20130425,20090710,20240704,20251111,20221227,20160620,20140609,20120501,20220815,20080414,20210226,20060513,20220126,20111017,20110602,20131226,20211012,20200513,20200525,20310526,,20260101,20230407,20110603,20230102,20200820,20270311,20240126,20101229,,20120501,20310411,20231113,20140421,20090126,20210101,20230905,20230501,20130401,20140731,20230410,20160830,20280505,20131105,20201030,20110422,20081001,20210526,20211231,20270329,20190520,20160502,20131007,20131226,20101005,20150406,20251111,20100106,20140101,20140421,20081225,20201230,20121226,20090101,20160321,20230221,20271228,20120704,20260101,20290115,20250101,20250101,20201103,20130328,20251208,20120406,20241225,20310120,20160325,20200501,20220103,20210923,20160516,20251226,20300422,20271224,20300422,20130501,20140716,20121219,20211231,20191003,20110502,20241031,20140418,20120517,20210402,20111226,20270614,20311225,20260101,,20220418,20080506,20140131,20200625,20110801,20110106,20170501,20110425,20241225,20231115,20151008,20140101
20250127,20160911,20160325,20220503,20110613,20130603,20090817,20240902,20251127,20230102,20160815,20140820,20120622,20220831,20080415,20210406,20060701,20220301,20111107,20110603,20140101,20211102,20200514,20200526,20310704,,20260119,20230410,20110613,20230116,20201029,20270516,20240329,20110103,,20120517,20310414,20231225,20140501,20090127,20210212,20240101,20230502,20130501,20140801,20230411,20160912,20280525,20131225,20201224,20110425,20081002,20210607,20220131,20270503,20190522,20160815,20131008,20140101,20101101,20150501,20251117,20100319,20140127,20140425,20081226,20201231,20130101,20090102,20160324,20230407,20280103,20120903,20260119,20290219,20250120,20250120,20201123,20130329,20251225,20120409,20241226,20310217,20160328,20200611,20220307,20220501,20160617,20260101,20300501,20271231,20300501,20130530,20140815,20121225,20220131,20191004,20110517,20241225,20140421,20120606,20210405,20111227,20271227,20311226,20260403,,20221226,20080721,20140203,20200626,20110905,20110425,20170503,20110606,20241226,20231225,20151225,20140102
20250310,20160912,20160328,20220504,20110815,20131028,20091012,20241014,20251225,20230126,20161130,20141023,20121001,20221004,20080501,20210413,20060815,20220318,20111114,20110613,20140106,20211115,20200515,20200527,20310901,,20260216,20230425,20111226,20230407,20201201,20270517,20240401,20110317,,20120528,20310501,20231226,20140529,20090128,20210215,20240208,20230904,20130509,20140901,20230425,20160913,20280605,20131226,20201225,20110427,20081027,20210720,20220201,20270531,20190530,20161031,20131101,20140418,20101201,20150514,20251127,20100401,20140310,20140501,20081229,20210101,20130102,20090105,20160325,20230421,20280126,20121008,20260216,20290330,20250217,20250217,20201231,20130401,20260101,20120501,20250101,20310411,20160705,20200907,20220314,20220502,20160801,20260106,20301224,20280414,20301224,20130709,20140918,20130101,20220201,20191007,20110809,20250101,20140501,20120622,20210513,20120102,20271228,20320101,20260406,,20230407,20080915,20140204,20201001,20111010,20110602,20170615,20111024,20250101,20231229,20160101,20140418
20250418,20160913,20160427,20220519,20111028,20131225,20091106,20241111,20260101,20230407,20161201,20141024,20121002,20221005,20080505,20210414,20060930,20220414,20111208,20110721,20140418,20211130,20200518,20200528,20311127,,20260403,20230529,20120405,20230529,20201202,20270518,20240425,20110422,,20120607,20310602,20240101,20140609,20090410,20210402,20240209,20230905,20130621,20141017,20230612,20160914,20280803,20140101,20201228,20110502,20081208,20210810,20220202,20270830,20190531,20161101,20131225,20140421,20101208,20150525,20251212,20100402,20140418,20140602,20081230,20210212,20130329,20090106,20160916,20230501,20280414,20121112,20260403,20290528,20250418,20250418,20210101,20130501,20260109,20120508,20250127,20310526,20160706,20201012,20220415,20220503,20161226,20260406,20301225,20280417,20301225,20131115,20140919,20130211,20220202,20200101,20110830,20250129,20140502,20121224,20210524,20120126,20280103,20320126,20260504,,20230410,20080923,20140228,20201002,20111111,20110613,20170815,20111226,20250102,20240101,20160106,20140421
20250421,20161002,20160505,20220711,20111226,20131226,20091208,20241128,20260119,20230410,20161226,20141224,20121003,20221024,20080519,20210415,20061002,20220415,20111230,20110815,20140421,20211231,20200519,20200529,20311225,,20260525,20230612,20120406,20230704,20201203,20271219,20240506,20110425,,20121003,20311003,20240122,20140801,20090413,20210405,20240212,20240101,20131206,20141111,20231026,20160915,20280807,20140114,20201229,20110518,20081225,20210831,20220301,20271227,20190605,20161226,20131231,20140505,20101224,20150623,20251225,20100603,20140421,20140815,20081231,20210225,20130520,20090107,20161102,20230608,20280417,20121122,20260525,20290704,20250526,20250526,20210111,20130509,20260216,20120517,20250303,20310704,20160928,20201102,20220418,20220707,20170413,20260501,20301226,20280501,20301226,20131120,20141031,20130301,20220301,20200124,20111026,20250130,20140505,20121225,20210603,20120406,20280126,20320326,20260525,,20230501,20081013,20140404,20201009,20111226,20110623,20171101,20111227,20250206,20240212,20160328,20140501
20250425,20161130,20160516,20220712,20120106,20140101,20091225,20241225,20260216,20230425,20170102,20141225,20121004,20221026,20080701,20210503,20061021,20220503,20120109,20111101,20140501,20220228,20200520,20200601,20320101,,20260703,20230807,20120409,20230904,20210513,20280208,20240610,20110502,,20121224,20311224,20240214,20140911,20090501,20210406,20240213,20240208,20131224,20141225,20231225,20170501,20280815,20140131,20201230,20110616,20081229,20210916,20220309,20271228,20190606,20170208,20140101,20140526,20110308,20151225,20260101,20101012,20140425,20141208,20090101,20210401,20130624,20090108,20161121,20230907,20280425,20121225,20260703,20290903,20250704,20250704,20210211,20130517,20260217,20120528,20250418,20310901,20161028,20201120,20220606,20220710,20170414,20260602,20301231,20280605,20301231,20131225,20141208,20130501,20220309,20200127,20111107,20250331,20140506,20121226,20211101,20120409,20280414,20320329,20260831,,20231225,20081103,20140501,20210101,20111227,20110815,20171225,20120102,20250418,20240213,20160526,20140529
20250609,20161203,20161226,20220715,20120227,20140102,20091231,20250101,20260217,20230501,20170417,20141226,20121005,20221101,20080717,20210504,20061024,20220809,20120319,20111111,20140508,20220301,20200521,20200602,20320119,,20260907,20231002,20120504,20231110,20210515,20280227,20240726,20110606,,20121225,20311225,20240329,20141225,20090528,20210519,20240214,20240209,20131225,20141226,20231226,20170519,20281101,20140331,20201231,20110809,20090101,20211019,20220505,20280103,20190730,20170417,20140417,20140825,20110422,20160101,20260119,20101101,20140609,20141225,20090102,20210402,20130701,20090109,20161212,20231012,20280612,20130101,20260907,20291122,20250901,20250901,20210223,20130520,20260218,20120815,20250421,20311127,20161117,20201225,20220701,20220711,20170417,20260629,20310101,20281003,20310101,20131231,20141225,20130517,20220505,20200128,20111226,20250418,20140922,20121231,20211224,20120425,20280417,20320614,20261225,,20231226,20081124,20140602,20210208,20120102,20111026,20171226,20120103,20250421,20240329,20160622,20140609
20251006,20161211,20170414,20220830,20120413,20140127,20100101,20250120,20260403,20230816,20170501,20150101,20130101,20221111,20080812,20210526,20061025,20220815,20120405,20111226,20140829,20220415,20200522,20200603,20320216,,20261126,20231225,20120517,20231123,20210719,20280228,20240805,20110801,,20121226,20311226,20240401,20141226,20090701,20210614,20240418,20240212,20131226,20150101,20240101,20170626,20281115,20140409,20210101,20111216,20090126,20211104,20220601,20280414,20190812,20170427,20140418,20141225,20110425,20160325,20260202,20101109,20141104,20141226,20090406,20210409,20130902,20090223,20170206,20231102,20281225,20130121,20261126,20291225,20251127,20251127,20210429,20131224,20260403,20121101,20250425,20311225,20161226,20201231,20220801,20220922,20170420,20261208,20310411,20281225,20310411,20140101,20141231,20130606,20220601,20200129,20120102,20250501,20141224,20130101,20211231,20120611,20280425,20321227,20261228,,20240101,20081223,20140723,20210209,20120220,20111101,20180101,20120123,20250425,20240501,20160805,20140801
20251225,20170101,20170417,20230421,20120416,20140206,20100324,20250217,20260421,20231002,20170605,20150102,20130102,20230126,20081023,20210603,20061225,20220831,20120406,20120406,20140901,20220421,20200525,20200604,20320326,,20261225,20231226,20120518,20231124,20210720,20280229,20241225,20111031,,20121231,20311231,20240520,20141231,20091001,20210701,20240419,20240213,20140101,20150403,20240126,20170627,20281225,20140418,20210212,20111226,20090127,20220118,20220606,20280417,20190902,20170501,20140501,20141226,20110610,20160328,20260216,20101206,20141225,20150101,20090409,20210514,20131014,20090309,20170320,20231115,20281226,20130218,20261225,20300101,20251225,20251225,20210503,20131225,20260501,20121225,20250602,20320101,20170414,20210101,20220802,20230420,20170501,20261225,20310414,20281226,20310414,20140303,20150101,20130815,20220606,20200130,20120123,20250512,20141225,20130329,20220106,20120806,20280612,20321228,20270101,,20240329,20081231,20140908,20210210,20120406,20111208,20180402,20120206,20250602,20240530,20160815,20141225
20251226,20170424,20170427,20230501,20120501,20140418,20100401,20250418,20260501,20231225,20170815,20150406,20130103,20230218,20081205,20210726,20070101,20221004,20120501,20120409,20140915,20220616,20200526,20200605,20320531,,20270101,20240101,20120528,20231225,20210721,20280305,20241226,20111226,,20130101,20320101,20240617,20150101,20091026,20210922,20240429,20240214,20140106,20150525,20240212,20170830,20290101,20140501,20210311,20111227,20090202,20220201,20220815,20280501,20190909,20170502,20140728,20150101,20110613,20160505,20260316,20101208,20141226,20150106,20090410,20210720,20131111,20090501,20170413,20231225,20290101,20130527,20270101,20300121,20260101,20260101,20210504,20131226,20261103,20121226,20250929,20320119,20170417,20210120,20220803,20230423,20170525,20270101,20310501,20290101,20310501,20140304,20150403,20130918,20220815,20200131,20120124,20250606,20141226,20130401,20220415,20121001,20281225,20330103,20270326,,20240401,20090101,20141010,20210211,20120521,20111226,20180501,20120406,20251027,20241115,20161101,20141226
20260101,20170625,20170525,20230519,20120604,20140421,20100402,20250526,20260525,20231226,20171130,20150501,20130211,20230322,20081210,20210728,20070126,20221026,20120521,20120501,20141117,20220907,20200527,20200608,20320705,,20270118,20240126,20120605,20240101,20210809,20280504,20250101,20111227,,20130329,20320326,20240701,20150102,20091225,20211001,20240430,20240418,20140418,20150615,20240311,20170901,20290214,20140515,20210315,20120102,20090209,20220202,20220909,20280529,20190916,20170815,20140729,20150403,20110623,20160516,20260402,20110106,20150101,20150406,20090501,20210830,20131225,20090511,20170414,20240101,20290126,20130704,20270118,20300218,20260119,20260119,20210505,20140101,20261104,20130101,20251225,20320216,20170501,20210215,20221021,20230424,20170605,20270106,20311224,20290330,20311224,20140418,20150501,20130919,20220909,20200406,20120406,20251020,20141231,20130501,20220418,20121225,20281226,20330126,20270329,,20240501,20090102,20150101,20210212,20120702,20120106,20180503,20120409,20251225,20241225,20161226,20150101
20260126,20170626,20170605,20230628,20120815,20140425,20100524,20250704,20260604,20240101,20171201,20150525,20130212,20230401,20081231,20210812,20070130,20221108,20120611,20120517,20141224,20221012,20200528,20200609,20320906,,20270215,20240311,20121224,20240115,20211018,20280507,20250127,20111228,,20130401,20320329,20241111,20150403,20100101,20211014,20240501,20240419,20140421,20150730,20240329,20170904,20290402,20140527,20210402,20120321,20090309,20220203,20220912,20280828,20191028,20171031,20141008,20150406,20110815,20160623,20260403,20110421,20150126,20150501,20090612,20211101,20131226,20090612,20170501,20240212,20290330,20130902,20270215,20300419,20260216,20260216,20210719,20140417,20261105,20130329,20251226,20320326,20170508,20210216,20221226,20230627,20170807,20270329,20311225,20290402,20311225,20140421,20150521,20130920,20220912,20200501,20120501,20251225,20150101,20130509,20220526,20121226,20290101,20330415,20270503,,20241225,20090112,20150102,20210215,20120806,20120409,20180531,20120425,20251226,20241231,20170106,20150102
20260309,20170627,20171225,20230629,20121225,20140602,20100525,20250901,20260907,20240126,20171225,20150820,20130213,20230403,20090101,20211013,20070216,20230126,20120618,20120518,20141225,20221102,20200529,20200610,20321125,,20270326,20240329,20121225,20240329,20211130,20280508,20250418,20120102,,20130501,20320517,20241225,20150406,20100215,20211227,20240902,20240429,20140501,20150731,20240401,20180101,20290424,20140529,20210510,20120406,20090501,20220419,20221003,20281225,20191225,20171101,20141208,20150504,20111005,20160815,20260501,20110422,20150309,20150602,20090624,20211130,20140101,20091104,20171102,20240213,20290402,20131014,20270326,20300527,20260403,20260403,20210811,20140418,20261110,20130401,20260101,20320531,20170705,20210402,20221227,20230628,20171225,20270602,20311226,20290501,20311226,20140501,20150629,20131003,20221003,20200504,20120809,20260101,20150102,20130606,20220606,20130101,20290126,20330418,20270531,,20241226,20090211,20150218,20210216,20120903,20120501,20180815,20120604,20260101,20250101,20170417,20150403
20260403,20170831,20171226,20230630,20121226,20141027,20100621,20251013,20261012,20240329,20171226,20150821,20130214,20230407,20090102,20211025,20070319,20230308,20120702,20120528,20141226,20221115,20200601,20200611,20321224,,20270531,20240401,20121226,20240527,20211202,20280509,20250421,20120319,,20130509,20321224,20241226,20150501,20100216,20220201,20240903,20240430,20140529,20150907,20240402,20180423,20290501,20140709,20210511,20120409,20090831,20220502,20221230,20281226,20200101,20171225,20141225,20150525,20111101,20161101,20260525,20110502,20150403,20151208,20090805,20211208,20140102,20100101,20171120,20240329,20290425,20131111,20270531,20300704,20260525,20260525,20210920,20140421,20261208,20130501,20260126,20320705,20170706,20210421,20230102,20230629,20171226,20270629,20311231,20290521,20311231,20140612,20150716,20131009,20221230,20200505,20120820,20260217,20150302,20130621,20220616,20130128,20290330,20330425,20270830,,20250101,20090320,20150219,20210301,20121008,20120517,20181101,20121022,20260102,20250303,20170501,20150406
20260406,20170902,20180101,20230830,20130101,20141225,20100709,20251111,20261102,20240401,20180101,20151023,20130215,20230414,20090209,20211206,20070327,20230330,20120720,20120815,20150101,20221130,20200602,20200612,20330117,,20270705,20240425,20121231,20240704,20220101,20281218,20250425,20120406,,20130520,20321231,20250101,20150514,20100402,20220202,20250101,20240501,20140620,20151111,20240425,20180501,20290510,20140728,20210512,20120427,20090921,20220503,20230123,20290101,20200127,20171226,20150101,20150831,20111201,20161226,20260907,20110623,20150406,20151225,20090821,20211224,20140418,20100104,20171212,20240501,20290611,20131128,20270705,20300902,20260703,20260703,20210923,20140501,20261225,20130508,20260302,20320906,20170928,20210423,20230306,20230924,20180101,20271101,20320101,20291003,20320101,20140619,20150918,20131225,20230123,20200625,20121026,20260218,20150303,20131224,20221003,20130329,20290402,20330613,20271227,,20250418,20090429,20150220,20210402,20121112,20120528,20181225,20121225,20260206,20250304,20170615,20150501
20260608,20170903,20180330,20240101,20130318,20141226,20100816,20251127,20261111,20240425,20180102,20151224,20130404,20230501,20090406,20211210,20070331,20230403,20120807,20121101,20150106,20221230,20200603,20200615,20330221,,20270906,20240527,20130101,20240902,20220502,20290101,20250505,20120409,,20130530,20330415,20250127,20150525,20100405,20220203,20250127,20240902,20141224,20151225,20240610,20180615,20290521,20140729,20210513,20120501,20090922,20220504,20230124,20290330,20200501,20180101,20150102,20151225,20111208,20170414,20260916,20110725,20150608,20160101,20090831,20211230,20140519,20100105,20171225,20240530,20291225,20131225,20270906,20301128,20260907,20260907,20211011,20140529,20270101,20130509,20260403,20321125,20171117,20210603,20230313,20240409,20180329,20271208,20320326,20291224,20320326,20140709,20151012,20140101,20230124,20200626,20121113,20260320,20150410,20131225,20221101,20130401,20290425,20331226,20271228,,20250421,20090504,20150223,20210405,20121225,20120607,20181226,20121226,20260403,20250418,20170622,20150514
20261005,20170921,20180402,20240410,20130325,20150101,20101011,20251225,20261126,20240506,20180124,20151225,20130405,20230629,20090413,20211231,20070402,20230407,20120820,20121225,20150403,20230220,20200604,20200616,20330415,,20271125,20240610,20130328,20241105,20220503,20290213,20250609,20120507,,20131003,20330418,20250305,20150910,20100406,20220405,20250128,20240903,20141225,20151228,20241024,20180821,20290724,20140730,20210514,20120809,20091127,20220516,20230301,20290402,20200507,20180102,20150402,20151228,20120221,20170417,20261012,20110815,20151002,20160106,20090907,20211231,20140624,20100106,20180101,20241115,20291226,20140101,20271125,20301225,20261126,20261126,20211103,20140609,20270208,20130520,20260406,20321224,20171225,20210907,20230407,20240410,20180330,20280106,20320329,20291225,20320329,20141120,20151208,20140130,20230301,20201001,20121225,20260403,20150413,20131226,20221226,20130425,20290611,20331227,20280103,,20250501,20090505,20150227,20210614,20121226,20120815,20190101,20130101,20260406,20250421,20170815,20150525
20261225,20171130,20180427,20240411,20130503,20150102,20101027,20260101,20261225,20240814,20180409,20160101,20130429,20230729,20090414,20220103,20070406,20230414,20121015,20121226,20150406,20230221,20200605,20200617,20330530,,20271224,20240805,20130329,20241111,20220504,20290214,20250725,20120604,,20131224,20330606,20250418,20151225,20100521,20220415,20250129,20250101,20141226,20160101,20241225,20180822,20290807,20140731,20210526,20120924,20091218,20220606,20230501,20290507,20200511,20180208,20150403,20160101,20120406,20170501,20261102,20110909,20151103,20160328,20090921,20220201,20140701,20100107,20180205,20241225,20300101,20140120,20271224,20310101,20261225,20261225,20211123,20141224,20270209,20130815,20260427,20330117,20171226,20211012,20230410,20240411,20180402,20280417,20321224,20291226,20321224,20141225,20151225,20140131,20230501,20201002,20130101,20260501,20150501,20131231,20230106,20130610,20291225,20340102,20280414,,20251225,20090506,20150403,20210920,20130101,20121026,20190422,20130102,20260427,20250501,20171101,20151225
20261228,20171202,20180510,20240412,20130506,20150126,20101122,20260119,20270101,20241007,20180501,20160314,20130430,20230815,20090415,20220216,20070414,20230501,20121105,20130101,20150501,20230407,20200608,20200618,20330704,,20280117,20241007,20130401,20241128,20220709,20290215,20250804,20120806,,20131225,20331003,20250421,20151231,20100616,20220418,20250130,20250127,20150101,20160325,20241226,20180823,20290815,20141225,20210601,20121217,20091225,20220831,20230505,20290528,20200525,20180402,20150501,20160325,20120425,20170525,20261111,20111012,20151225,20160425,20091102,20220225,20140901,20100108,20180319,20250101,20300128,20140217,20280117,20310120,20270101,20270101,20211231,20141225,20270210,20131101,20260601,20330221,20180101,20211102,20230529,20240613,20180419,20280425,20321231,20291231,20321231,20141231,20151231,20140501,20230505,20201005,20130211,20260527,20150506,20140101,20230407,20130805,20291226,20340126,20280417,,20251226,20090720,20150406,20210921,20130218,20121101,20190501,20130121,20260601,20250619,20171225,20160101
20270101,20171203,20180521,20240423,20130507,20150206,20101208,20260216,20270118,20241225,20180528,20160315,20130501,20230918,20090501,20220406,20070501,20230629,20121112,20130329,20150508,20230421,20200609,20200619,20330905,,20280221,20241225,20130426,20241129,20220710,20290304,20251225,20121029,,20131226,20331226,20250519,20160101,20100701,20220502,20250131,20250128,20150106,20160524,20250101,20180824,20291101,20141226,20210719,20121225,20100101,20220916,20230606,20290827,20200526,20180427,20150629,20160328,20120501,20170605,20261116,20111101,20151228,20160602,20091130,20220414,20141013,20100222,20180329,20250303,20300419,20140526,20280221,20310217,20270118,20270118,20220103,20141226,20270326,20131111,20260928,20330415,20180330,20211115,20230630,20240616,20180501,20280501,20330415,20300101,20330415,20150101,20160101,20140505,20230606,20201006,20130212,20260601,20150921,20140106,20230410,20131007,20300101,20340407,20280501,,20260101,20090921,20150501,20211011,20130329,20121224,20190503,20130206,20261026,20251225,20171226,20160325
20270126,20180101,20181225,20240501,20130624,20150403,20110307,20260525,20270208,20241226,20180601,20160328,20130610,20230928,20090505,20220413,20070502,20230815,20121225,20130401,20150901,20230501,20200610,20200622,20331124,,20280414,20241226,20130509,20241225,20220730,20290423,20251226,20121225,,20131231,20340407,20250616,20160325,20100923,20220509,20250407,20250129,20150403,20160620,20250127,20180830,20291115,20150101,20210720,20121226,20100201,20221024,20230815,20291225,20200601,20180501,20150727,20160502,20120607,20170623,20261126,20111109,20160101,20160815,20091224,20220415,20141111,20100223,20180330,20250304,20300422,20140704,20280414,20310411,20270215,20270215,20220110,20150101,20271103,20131225,20261225,20330530,20180402,20211231,20230807,20240617,20180510,20280602,20330418,20300419,20330418,20150216,20160325,20140506,20230815,20201007,20130329,20260810,20150922,20140418,20230501,20131225,20300128,20340410,20280509,,20260403,20090922,20150619,20211231,20130520,20121225,20190620,20130329,20261225,20251231,20180101,20160328
20270308,20180616,20181226,20240617,20130815,20150406,20110308,20260703,20270209,20250101,20180815,20160516,20130611,20231002,20090508,20220414,20070702,20230918,20121231,20130501,20150915,20230608,20200611,20200623,20331226,,20280529,20250101,20130510,20250101,20221008,20290424,20260101,20121226,,20140101,20340410,20250707,20160328,20101001,20220603,20250430,20250130,20150406,20160728,20250210,20181029,20291225,20150219,20210810,20130101,20100215,20221226,20230928,20291226,20200608,20180502,20150728,20160530,20120613,20170815,20261225,20111206,20160126,20161101,20091225,20220503,20141225,20100308,20180501,20250418,20300425,20140901,20280529,20310526,20270326,20270326,20220211,20150402,20271104,20131226,20261228,20330704,20180501,20220120,20230808,20240923,20180521,20280629,20331226,20300422,20331226,20150217,20160627,20140604,20230928,20201008,20130501,20261109,20151224,20140421,20230518,20131226,20300419,20340425,20280529,,20260406,20090923,20150710,20220127,20130701,20121226,20190815,20130401,20261228,20260101,20180402,20160505
20270326,20180617,20190101,20240618,20131028,20150427,20110324,20260907,20270215,20250127,20181130,20161031,20130612,20231023,20090701,20220415,20070815,20231002,20130101,20130509,20151117,20230907,20200612,20200624,20340102,,20280704,20250127,20130520,20250120,20221130,20290425,20260126,20121227,,20140418,20340501,20251110,20160505,20101227,20220701,20250501,20250131,20150501,20160729,20250310,20190101,20300101,20150403,20210817,20130321,20100216,20230102,20230929,20300101,20200731,20180625,20150729,20160829,20120815,20171101,20270101,20111208,20160314,20161208,20091230,20220509,20141226,20100503,20181102,20250421,20300610,20141013,20280704,20310704,20270531,20270531,20220223,20150403,20271105,20140101,20270101,20330905,20180508,20220228,20230809,20250327,20180806,20280815,20340407,20300501,20340407,20150403,20160815,20140606,20230929,20210101,20130524,20261225,20151225,20140501,20230529,20140101,20300422,20340612,20280828,,20260501,20091012,20150928,20220128,20130805,20130101,20191101,20130425,20270101,20260216,20180501,20160516
20270329,20180820,20190419,20240619,20131225,20150601,20110325,20261012,20270326,20250418,20181225,20161101,20130919,20231024,20090706,20220502,20070820,20231023,20130107,20130510,20151224,20231012,20200615,20200625,20340116,,20280904,20250310,20130605,20250418,20221203,20290426,20260403,20130101,,20140421,20340529,20251225,20160516,20110203,20220912,20250502,20250407,20150514,20160905,20250418,20190423,20300131,20150501,20211019,20130329,20100226,20230123,20231003,20300419,20200820,20180815,20151008,20161226,20121005,20171225,20270118,20120106,20160325,20161226,20091231,20220708,20150101,20100510,20181119,20250501,20301225,20141111,20280904,20310901,20270705,20270705,20220321,20150406,20271110,20140418,20270126,20331124,20180705,20220301,20231020,20250330,20181224,20281101,20340410,20300610,20340410,20150421,20160919,20140815,20231003,20210211,20130808,20270101,20151231,20140529,20230608,20140127,20300425,20341225,20281225,,20261225,20091103,20150929,20220131,20130902,20130401,20191111,20130603,20270104,20260217,20180531,20160801
20270426,20180821,20190422,20240715,20131226,20151026,20110421,20261111,20270421,20250421,20181226,20161226,20130920,20231101,20090707,20220504,20070915,20231113,20130325,20130520,20151225,20231102,20200616,20200626,20340220,,20281123,20250418,20131224,20250526,20230101,20291218,20260406,20130318,,20140501,20341003,20251226,20160801,20110204,20221004,20250901,20250430,20150619,20161111,20250421,20190501,20300204,20150514,20211224,20130401,20100528,20230124,20231009,20300422,20200831,20181031,20151009,20161227,20121101,20171226,20270201,20120319,20160328,20170106,20100101,20220829,20150102,20100614,20181212,20250619,20301226,20141127,20281123,20311127,20270906,20270906,20220429,20150501,20271129,20140421,20270301,20331226,20180706,20220415,20231225,20250331,20181225,20281208,20340501,20301003,20340501,20150501,20161010,20140908,20231009,20210212,20130809,20270208,20160101,20140606,20231003,20140418,20300610,20341226,20281226,,20270101,20091123,20151009,20220201,20131014,20130501,20191225,20131028,20270208,20260403,20180622,20161226
20270614,20180822,20190530,20240830,20140101,20151225,20110422,20261126,20270527,20250425,20190101,20170315,20131001,20231114,20090812,20220516,20070929,20231114,20130328,20130815,20160101,20231115,20200617,20200629,20340529,,20281225,20250421,20131225,20250704,20230422,20300101,20260504,20130329,,20140529,20341225,20260101,20160908,20110405,20221226,20250902,20250501,20151224,20161226,20250422,20190604,20300422,20150602,20211231,20130501,20100831,20230201,20231225,20300506,20200916,20181101,20151208,20170102,20121224,20180101,20270215,20120405,20160425,20170417,20100401,20221101,20150403,20101104,20181225,20251225,20310101,20141225,20281225,20311225,20271125,20271125,20220503,20150514,20271208,20140501,20270326,20340102,20180928,20220421,20231226,20250605,20181226,20281225,20340529,20301224,20340529,20150604,20161031,20140909,20231225,20210215,20131015,20270310,20160303,20140620,20231101,20140421,20301225,20350101,20290101,,20270326,20091223,20160101,20220202,20131111,20130509,20191226,20131225,20270326,20260421,20180625,20170102
20271004,20180911,20190610,20241029,20140106,20151228,20110525,20261225,20270531,20250505,20190102,20170417,20131002,20231130,20091023,20220603,20071002,20231127,20130329,20131101,20160106,20231130,20200618,20200630,20340704,,20290101,20250425,20131226,20250901,20230423,20300204,20260608,20130401,,20140609,20341226,20260126,20161226,20110422,20221227,20260101,20250502,20151225,20161227,20250425,20190605,20300501,20150716,20220201,20130617,20100910,20230206,20231229,20300527,20201029,20181225,20151225,20170414,20121225,20180330,20270315,20120406,20160613,20170425,20100402,20221130,20150518,20101105,20190101,20260101,20310127,20150101,20290101,20320101,20271224,20271224,20220504,20150525,20280228,20140508,20270329,20340116,20181224,20220616,20240101,20250608,20190101,20281226,20341225,20301225,20341225,20150709,20161101,20140910,20231229,20210216,20131225,20270326,20160304,20141224,20231225,20140425,20301226,20350126,20290330,,20270329,20091231,20160208,20220203,20131225,20130520,20200101,20131226,20270329,20260501,20180815,20170414
20271227,20181120,20191225,20250101,20140303,20160101,20110620,20270101,20270705,20250813,20190124,20170501,20131003,20231225,20091207,20220713,20071109,20231225,20130501,20131111,20160325,20231225,20200619,20200701,20340904,,20290115,20250602,20131231,20251111,20230627,20300205,20260724,20130506,,20140619,20350101,20260218,20170102,20110425,20230102,20260102,20250901,20160101,20170102,20250609,20190606,20300530,20150717,20220228,20130809,20100916,20230421,20240101,20300826,20201225,20181226,20160101,20170417,20130101,20180402,20270325,20120501,20160930,20170501,20100409,20221208,20150624,20110103,20190204,20260216,20310411,20150119,20290115,20320119,20280117,20280117,20220505,20151224,20280229,20140529,20270426,20340220,20181225,20220907,20240304,20250609,20190418,20290101,20341226,20301226,20341226,20150907,20161208,20141003,20240101,20210217,20140101,20270517,20160429,20141225,20231226,20140609,20310101,20350323,20290402,,20280414,20100101,20160209,20220204,20131226,20130530,20200106,20140101,20270426,20260604,20181008,20170417
20271228,20181202,20191226,20250331,20140325,20160104,20110822,20270118,20270906,20251006,20190426,20170605,20131004,20240115,20091210,20220728,20071124,20240126,20130513,20131225,20160328,20231229,20200622,20200702,20341123,,20290219,20250609,20140101,20251127,20230628,20300206,20260803,20130603,,20141003,20350323,20260403,20170414,20110502,20230123,20260216,20250902,20160106,20170414,20251023,20190715,20300610,20150720,20220415,20130924,20101105,20230501,20240209,20301225,20210101,20190101,20160324,20170501,20130212,20180501,20270326,20120502,20161101,20170602,20100503,20221230,20150701,20110104,20190318,20260217,20310414,20150216,20290219,20320216,20280221,20280221,20220718,20151225,20280301,20140609,20270607,20340407,20181226,20221012,20240311,20250923,20190419,20290402,20350101,20301231,20350101,20151012,20170414,20141009,20240209,20210405,20140131,20270520,20160502,20141226,20240101,20140804,20310127,20350326,20290507,,20280417,20100111,20160210,20220228,20140101,20130815,20200413,20140102,20270607,20260907,20181101,20170501
20280103,20181203,20200101,20250401,20140418,20160201,20111010,20270215,20270907,20251225,20190429,20171023,20131007,20240126,20091231,20220812,20071221,20240308,20130603,20131226,20160705,20240101,20200623,20200703,20341225,,20290330,20250804,20140417,20251128,20230629,20300207,20261225,20130805,,20141224,20350326,20260406,20170417,20110510,20230124,20260217,20260101,20160325,20170524,20251225,20190812,20300807,20150817,20220502,20131216,20101117,20230504,20240212,20301226,20210201,20190102,20160325,20170529,20130329,20180510,20270531,20120515,20161226,20170815,20100510,20230406,20150907,20110105,20190418,20260403,20310425,20150525,20290330,20320326,20280414,20280414,20220811,20160101,20280414,20140714,20270927,20340529,20190101,20221102,20240329,20260319,20190422,20290425,20350323,20310101,20350323,20151102,20170419,20141225,20240212,20210503,20140418,20270809,20160506,20141231,20240329,20141006,20310411,20350425,20290509,,20280501,20100211,20160211,20220404,20140217,20131101,20200501,20140120,20271025,20261012,20181225,20170525
20280126,20190101,20200410,20250423,20140421,20160208,20111128,20270326,20271011,20251226,20190501,20171101,20140101,20240308,20100101,20221013,20071225,20240325,20130610,20140101,20160829,20240212,20200624,20200706,20350101,,20290528,20251006,20140418,20251225,20230719,20300212,20261228,20131028,,20141225,20350501,20260518,20170501,20110606,20230125,20260218,20260102,20160328,20170619,20251226,20190813,20300815,20150924,20220503,20131225,20101207,20230605,20240301,20310101,20210212,20190208,20160629,20170828,20130425,20180521,20270705,20120815,20161227,20171101,20100614,20230407,20151012,20110106,20190419,20260421,20310609,20150907,20290528,20320531,20280529,20280529,20220919,20160324,20280501,20140815,20271227,20340704,20190419,20221115,20240401,20260322,20190425,20290501,20350326,20310411,20350326,20151120,20170501,20150101,20240301,20210614,20140501,20271028,20160523,20150101,20240401,20141225,20310414,20350611,20290528,,20281225,20100322,20160212,20220405,20140418,20131224,20200611,20140206,20271227,20261102,20181226,20170605
20280313,20190603,20200413,20250501,20140501,20160325,20111208,20270531,20271012,20260101,20190617,20171225,20140131,20240329,20100301,20221024,20080119,20240329,20130701,20140418,20160901,20240213,20200625,20200707,20350115,,20290704,20251225,20140421,20260101,20230927,20300303,20270101,20131225,,20141226,20350514,20260615,20170525,20110701,20230405,20260219,20260216,20160505,20170803,20260101,20190814,20301101,20151014,20220504,20131226,20101231,20230628,20240410,20310411,20210429,20190422,20160728,20171225,20130501,20180815,20270906,20121012,20170102,20171208,20100630,20230421,20151111,20110107,20190501,20260501,20311225,20151012,20290704,20320705,20280704,20280704,20220923,20160325,20281103,20141111,20271228,20340904,20190422,20221230,20240520,20260323,20190501,20290629,20350501,20310414,20350501,20151225,20170626,20150218,20240410,20210920,20140513,20280126,20160524,20150106,20240501,20141226,20310425,20351225,20290827,,20281226,20100429,20160229,20220502,20140519,20131225,20201111,20140418,20271228,20261225,20190101,20170801
20280414,20190604,20200427,20250519,20140609,20160328,20111209,20270705,20271102,20260126,20190815,20171226,20140203,20240401,20100406,20221205,20080126,20240411,20130807,20140421,20160915,20240329,20200626,20200708,20350219,,20290903,20251226,20140516,20260119,20231130,20300414,20270126,20131226,,20141231,20351003,20260706,20170605,20110913,20230407,20260220,20260217,20160624,20170804,20260126,20190830,20301115,20151209,20220505,20140101,20110120,20230719,20240501,20310414,20210513,20190501,20160729,20171226,20130610,20181101,20270916,20121101,20170126,20171225,20100830,20230501,20151225,20110110,20190916,20260604,20311226,20151111,20290903,20320906,20280904,20280904,20221010,20160328,20281106,20141225,20280103,20341123,20190501,20230120,20240701,20260526,20190530,20290815,20351224,20310501,20351224,20151231,20170815,20150219,20240501,20210921,20140728,20280127,20160905,20150403,20240509,20150101,20310609,20351226,20291225,,20290101,20100503,20160404,20220603,20140701,20131226,20201225,20140421,20280103,20261231,20190422,20171225
20280417,20190605,20200505,20250606,20140815,20160425,20111226,20270906,20271111,20260403,20191225,20180101,20140204,20240409,20100413,20221212,20080306,20240417,20130819,20140501,20161101,20240501,20200629,20200709,20350323,,20291122,20260101,20140529,20260403,20231202,20300415,20270326,20131227,,20150101,20351224,20261109,20170801,20110929,20230410,20260427,20260218,20161206,20170904,20260209,20191029,20301225,20151224,20220506,20140321,20110201,20230831,20240506,20310505,20210514,20190502,20160830,20180101,20130613,20181225,20271011,20121109,20170313,20171226,20100910,20230612,20151228,20110223,20191118,20260907,20320101,20151126,20291122,20321125,20281123,20281123,20221103,20160505,20281110,20141226,20280126,20341225,20190508,20230220,20240805,20260527,20190610,20291101,20351225,20310602,20351225,20160101,20170918,20150220,20240506,20211001,20141006,20280228,20160906,20150406,20240520,20150126,20311225,20360101,20291226,,20290330,20100504,20160405,20220909,20140804,20140101,20210101,20140425,20280104,20270101,20190501,20171226
20280425,20190606,20200521,20250609,20141028,20160606,20120102,20271011,20271115,20260406,20191226,20180315,20140205,20240411,20100414,20230102,20080320,20240501,20131014,20140529,20161117,20240530,20200630,20200710,20350528,,20291225,20260126,20140530,20260525,20231203,20300416,20270329,20140101,,20150403,20351225,20261225,20170907,20111005,20230501,20260430,20260219,20161226,20171113,20260309,20200101,20310101,20151225,20220516,20140418,20110203,20230927,20240515,20310526,20210526,20190625,20161101,20180330,20130815,20181226,20271102,20121206,20170414,20180101,20101025,20230628,20160101,20110307,20191212,20261012,20320126,20151225,20291225,20321224,20281225,20281225,20221123,20160516,20281128,20150101,20280306,20350101,20190705,20230221,20240806,20260528,20190617,20291225,20351226,20311003,20351226,20160125,20170919,20150501,20240515,20211004,20141022,20280414,20160922,20150501,20240530,20150403,20311226,20360128,20300101,,20290402,20100505,20160502,20221010,20140901,20140106,20210106,20140602,20280207,20270208,20190620,20180101
20280612,20190810,20200601,20250715,20141225,20161024,20120220,20271111,20271125,20260504,20200101,20180316,20140206,20240501,20100415,20230306,20080321,20240617,20131104,20140530,20161226,20241115,20200701,20200713,20350704,,20300101,20260309,20140605,20260703,20240101,20300417,20270426,20140317,,20150406,20351226,20261228,20171225,20111226,20230526,20260501,20260220,20170106,20171225,20260403,20200423,20310121,20160101,20220526,20140421,20110204,20231113,20240606,20310825,20210531,20190815,20161208,20180402,20131224,20190101,20271111,20121225,20170417,20180402,20101101,20230821,20160104,20110308,20191225,20261102,20320326,20160101,20300101,20330117,20290101,20290101,20230102,20160517,20281208,20150403,20280414,20350115,20191028,20230407,20240807,20260923,20190805,20291226,20351231,20311224,20351231,20160208,20171009,20150505,20240606,20211005,20141225,20280501,20160923,20150514,20241003,20150406,20320101,20360411,20300419,,20290501,20100719,20160609,20230102,20141013,20140421,20210405,20141027,20280414,20270209,20190625,20180102
20281002,20190811,20201225,20251029,20141226,20161226,20120221,20271125,20280117,20260812,20200102,20180330,20140407,20240510,20100503,20230406,20080322,20240717,20131111,20140609,20170106,20241225,20200702,20200714,20350903,,20300121,20260403,20140609,20260907,20240410,20300418,20270503,20140418,,20150501,20351231,20270101,20171226,20111227,20230622,20260902,20260427,20170414,20171226,20260406,20200501,20310124,20160208,20220601,20140428,20110215,20231225,20240815,20311225,20210601,20191031,20170413,20180507,20131225,20190419,20271115,20130101,20170425,20180425,20101116,20230828,20160325,20110502,20200101,20261225,20320329,20160118,20300121,20330221,20290115,20290115,20230103,20161226,20281225,20150406,20280417,20350219,20191224,20230421,20241021,20270308,20191224,20300101,20360101,20311225,20360101,20160209,20171027,20150525,20240815,20211006,20150101,20280505,20161226,20150619,20241101,20150608,20320126,20360414,20300422,,20291225,20100920,20160610,20230118,20141111,20140501,20210503,20141225,20280417,20270326,20190805,20180330
20281225,20190812,20210101,20260101,20150101,20161227,20120227,20271224,20280221,20261005,20200124,20180402,20140501,20240617,20100505,20230413,20080401,20240815,20131225,20140721,20170414,20241231,20200703,20200715,20351122,,20300218,20260406,20141224,20261103,20240411,20301218,20270614,20140421,,20150514,20360101,20270125,20180101,20120102,20231002,20260903,20260430,20170417,20180101,20260407,20200519,20310402,20160309,20220817,20140501,20110502,20240101,20240916,20311226,20210607,20191101,20170414,20180528,20140101,20190422,20271125,20130107,20170612,20180501,20101129,20231101,20160523,20110509,20200203,20270101,20320614,20160215,20300218,20330415,20290219,20290219,20230109,20170413,20290101,20150501,20280425,20350323,20191225,20230501,20241225,20270309,20191225,20300422,20360411,20311226,20360411,20160325,20171101,20150814,20240916,20211007,20150219,20280509,20170102,20151224,20241224,20150803,20320326,20360425,20300506,,20291226,20100923,20160915,20230119,20141225,20140529,20210603,20141226,20280425,20270421,20190815,20180402
20281226,20190813,20210402,20260320,20150106,20170102,20120402,20280117,20280228,20261225,20200417,20180430,20140502,20240717,20100520,20230414,20080414,20241002,20131231,20140815,20170417,20250101,20200706,20200716,20351225,,20300419,20260601,20141225,20261111,20240615,20310101,20270723,20140505,,20150525,20360411,20270210,20180102,20120123,20231023,20270101,20260501,20170501,20180330,20260608,20200525,20310414,20160325,20221226,20140507,20110517,20240126,20240917,20320101,20210720,20191225,20170501,20180827,20140304,20190501,20280117,20130318,20170929,20180815,20101224,20231130,20160624,20110613,20200316,20270208,20321227,20160530,20300419,20330530,20290330,20290330,20230223,20170414,20290109,20150508,20280605,20350528,20191226,20230608,20241226,20270310,20191226,20300425,20360414,20311231,20360414,20160421,20171208,20150928,20240917,20220103,20150220,20280809,20170303,20151225,20241225,20151005,20320329,20360609,20300509,,20300101,20101011,20160916,20230120,20141226,20140609,20211101,20150101,20280605,20270527,20191008,20180501
20290101,20190831,20210405,20260423,20150223,20170103,20120405,20280221,20280229,20261228,20200420,20180501,20140602,20240815,20100521,20230501,20080418,20241115,20140101,20141111,20170501,20250303,20200707,20200717,20360101,,20300527,20260608,20141226,20261126,20240616,20310126,20270802,20140602,,20150604,20360414,20270326,20180330,20120124,20231225,20270204,20260902,20170525,20180525,20261022,20200526,20310501,20160505,20230322,20140616,20110830,20240201,20240918,20320326,20210810,20191226,20170629,20181225,20140418,20190509,20280207,20130328,20171107,20181101,20101227,20231208,20160701,20111104,20200409,20270209,20321228,20160704,20300527,20330704,20290528,20290528,20230321,20170417,20290212,20150514,20280925,20350704,20200101,20230907,20250101,20270513,20200101,20300501,20360501,20320101,20360501,20160526,20171225,20150929,20240918,20220131,20150403,20281017,20170414,20151231,20241226,20151225,20320426,20361225,20300527,,20300419,20101103,20161010,20230123,20150101,20140619,20211111,20150102,20281023,20270907,20191101,20180510
20290126,20191109,20210427,20260501,20150325,20170130,20120406,20280414,20280414,20270101,20200501,20180521,20140908,20240907,20100528,20230504,20080501,20241225,20140106,20141225,20170508,20250304,20200708,20200720,20360121,,20300704,20260803,20141231,20261127,20240617,20310127,20271227,20140804,,20151224,20360501,20270329,20180402,20120125,20231226,20270205,20260903,20170623,20180618,20261225,20200715,20310522,20160506,20230407,20140924,20110831,20240212,20241003,20320329,20210831,20200101,20170728,20181226,20140425,20190530,20280221,20130329,20171225,20181225,20101231,20231225,20160905,20120102,20200410,20270326,20330103,20160905,20300704,20330905,20290704,20290704,20230503,20170501,20290213,20150525,20281225,20350903,20200410,20231012,20250303,20270516,20200409,20300815,20361224,20320326,20361224,20160907,20180101,20151009,20241003,20220201,20150501,20281225,20170417,20160101,20241231,20151228,20320614,20361226,20300826,,20300422,20101123,20170102,20230124,20150216,20140815,20220106,20150119,20281225,20271012,20191225,20180521
20290312,20191201,20210513,20260519,20150410,20170206,20120430,20280529,20280421,20270126,20200601,20180820,20141001,20240916,20100701,20230605,20080519,20250226,20140324,20141226,20170705,20250418,20200709,20200721,20360218,,20300902,20261005,20150101,20261225,20240707,20310128,20271228,20141027,,20151225,20360602,20270517,20180501,20120404,20240101,20270208,20270101,20171206,20180802,20261228,20200731,20310602,20160705,20230419,20141216,20110901,20240328,20241009,20320503,20210916,20200102,20170830,20190101,20140501,20190610,20280320,20130501,20171226,20181226,20110421,20240101,20161010,20120223,20200501,20270421,20330126,20161010,20300902,20331124,20290903,20290903,20230504,20170517,20290214,20150714,20281226,20351122,20200413,20231102,20250310,20270517,20200410,20301101,20361225,20320329,20361225,20161012,20180116,20151225,20241009,20220202,20150601,20290101,20170501,20160106,20250101,20160101,20321227,20370101,20301225,,20300501,20101223,20170127,20230125,20150403,20141208,20220418,20150206,20281226,20271102,20191226,20180801
20290330,20191202,20210524,20260527,20150413,20170414,20120501,20280704,20280501,20270326,20200608,20181022,20141002,20241002,20100726,20230728,20080701,20250314,20140417,20150101,20170829,20250421,20200710,20200722,20360411,,20301128,20261225,20150402,20270101,20240915,20310211,20280103,20141225,,20151231,20361003,20270614,20180510,20120406,20240212,20270209,20270204,20171225,20180803,20270101,20200803,20310702,20160706,20230420,20141225,20110916,20240410,20241225,20320531,20211019,20200413,20171101,20190419,20140610,20190815,20280413,20130502,20180101,20190101,20110422,20240328,20161111,20120308,20200916,20270527,20330415,20161111,20301128,20331226,20291122,20291122,20230505,20170525,20290330,20151111,20290101,20351225,20200501,20231115,20250418,20270923,20200413,20301225,20361226,20320517,20361226,20161102,20180330,20160101,20241225,20220203,20150717,20290213,20170524,20160325,20250106,20160126,20321228,20370126,20301226,,20301225,20101231,20170130,20230126,20150518,20141224,20220503,20150403,20290101,20271115,20200101,20181225
20290402,20191203,20220415,20260528,20150501,20170417,20120525,20280904,20280529,20270329,20201130,20181023,20141003,20241017,20100812,20230801,20080815,20250331,20140418,20150403,20170901,20250501,20200713,20200723,20360526,,20301225,20261228,20150403,20270118,20241130,20310302,20280126,20141226,,20160101,20361224,20270705,20180521,20120409,20240213,20270210,20270205,20171226,20180903,20270126,20201029,20310807,20160707,20230421,20141226,20111026,20240411,20241231,20320830,20211104,20200427,20171208,20190422,20140613,20191101,20280414,20130515,20180126,20190422,20110620,20240329,20161226,20120309,20201102,20270907,20330418,20161124,20301225,20340102,20291225,20291225,20230717,20170605,20290501,20151225,20290126,20360101,20200508,20231120,20250421,20280224,20200423,20301226,20361231,20321224,20361231,20161115,20180501,20160208,20241231,20220204,20150807,20290214,20170906,20160328,20250418,20160325,20330103,20370403,20310101,,20301226,20110103,20170131,20230127,20150701,20141225,20220616,20150406,20290102,20271231,20200106,20181226
20290425,20200101,20220418,20260529,20150601,20170425,20120620,20281009,20280615,20270426,20201201,20181101,20141006,20241031,20100813,20230814,20080819,20250410,20140501,20150406,20170915,20250619,20200714,20200724,20360704,,20310101,20270101,20150406,20270326,20241202,20310402,20280414,20141229,,20160325,20361225,20271115,20180801,20120501,20240329,20270416,20270208,20180101,20181112,20270208,20210101,20310815,20160708,20230424,20150101,20111107,20240501,20250101,20321227,20220201,20200501,20171225,20190506,20140815,20191225,20280501,20130815,20180312,20190425,20110829,20240409,20161227,20120430,20201116,20271012,20330425,20161226,20310101,20340116,20300101,20300101,20230811,20171225,20290702,20160101,20290305,20360121,20200706,20231225,20250609,20280227,20200501,20310101,20370101,20321231,20370101,20161230,20180521,20160209,20250101,20220404,20150810,20290215,20170922,20160505,20250421,20160328,20330126,20370406,20310411,,20310101,20110110,20170201,20230227,20150803,20141226,20220815,20150427,20290206,20280228,20200413,20190101
20290611,20200523,20220427,20260715,20150629,20170605,20120709,20281123,20280704,20270503,20201225,20181102,20141007,20241101,20101025,20231013,20080903,20250414,20140602,20150501,20171101,20251225,20200715,20200727,20360901,,20310120,20270126,20150501,20270531,20241203,20310403,20280417,20150101,,20160328,20361226,20271227,20180906,20120702,20240401,20270430,20270209,20180330,20181225,20270308,20210423,20311225,20160817,20230425,20150403,20111128,20240522,20250128,20321228,20220202,20200625,20180101,20190527,20141208,20191226,20280529,20131101,20180330,20190501,20110830,20240411,20170102,20120501,20201225,20271102,20330613,20170102,20310120,20340220,20300121,20300121,20230918,20171226,20291105,20160325,20290330,20360218,20200928,20231229,20250630,20280228,20200521,20310106,20370403,20330415,20370403,20170125,20180702,20160210,20250128,20220405,20150911,20290330,20171225,20160606,20250501,20160425,20330415,20370608,20310414,,20310411,20110211,20170227,20230228,20150907,20150101,20221101,20150601,20290330,20280229,20200501,20190102
20291001,20200524,20220526,20261029,20150630,20171023,20120820,20281225,20280904,20270811,20210101,20181224,20150101,20241102,20101206,20231023,20080930,20250418,20140623,20150514,20171117,20251231,20200716,20200728,20361127,,20310217,20270308,20150514,20270705,20250101,20311218,20280425,20150317,,20160505,20361231,20271228,20181225,20121001,20240404,20270503,20270210,20180402,20181226,20270326,20210513,20320101,20160912,20230501,20150406,20111226,20240603,20250129,20330103,20220203,20201225,20180102,20190826,20141224,20200101,20280704,20131206,20180402,20190815,20110927,20240501,20170103,20120507,20210101,20271115,20331226,20170116,20310217,20340407,20300218,20300218,20231009,20180101,20291128,20160328,20290402,20360411,20201028,20240101,20250804,20280504,20200601,20310414,20370406,20330418,20370406,20170227,20180716,20160301,20250129,20220502,20150924,20290424,20171226,20160624,20250529,20160613,20330418,20371225,20310505,,20310414,20110321,20170228,20230404,20151012,20150106,20221111,20151026,20290402,20280414,20200611,20190419
20291225,20200525,20220606,20270101,20150701,20171225,20120924,20290101,20280907,20271004,20210430,20181225,20150102,20241118,20101210,20231205,20081002,20250501,20140630,20150515,20171225,20260101,20200717,20200729,20361225,,20310411,20270326,20150515,20270906,20250329,20320101,20280501,20150403,,20160516,20370101,20280103,20181226,20121002,20240501,20270902,20270416,20180501,20190101,20270329,20210514,20320114,20161212,20230518,20150427,20120102,20240617,20250130,20330415,20220419,20210101,20180329,20191225,20141225,20200410,20280904,20131225,20180425,20191101,20111101,20240612,20170414,20120508,20210201,20280228,20331227,20170220,20310411,20340529,20300419,20300419,20231103,20180329,20291225,20160505,20290425,20360526,20201117,20240212,20250805,20280507,20200617,20310425,20370501,20330606,20370501,20170228,20180815,20160413,20250130,20220603,20151110,20290501,20180101,20161226,20250609,20160801,20330425,20371228,20310509,,20310501,20110429,20170403,20230405,20151111,20150406,20221226,20151225,20290425,20280421,20200622,20190422
20291226,20200526,20221226,20270309,20150702,20171226,20121008,20290115,20281009,20271227,20210503,20181226,20150218,20241225,20101231,20231211,20081009,20250815,20140807,20150525,20171226,20260216,20200720,20200730,20370101,,20310526,20270329,20150525,20271111,20250330,20320114,20280612,20150406,,20160526,20370403,20280124,20181231,20121023,20240515,20270903,20270430,20180510,20190419,20270330,20210519,20320322,20161226,20230601,20150501,20120123,20240708,20250501,20330418,20220502,20210208,20180330,20191226,20150101,20200413,20281009,20140101,20180611,20191225,20111107,20240617,20170522,20120509,20210315,20280229,20340102,20170529,20310526,20340704,20300527,20300527,20231123,20180330,20300101,20160516,20290604,20360704,20201224,20240213,20250806,20280508,20200803,20310501,20370525,20331003,20370525,20170414,20180917,20160505,20250501,20220912,20151225,20290528,20180305,20170106,20250619,20161003,20330613,20380101,20310526,,20311225,20110503,20170404,20230501,20151225,20150501,20230106,20151228,20290604,20280501,20200805,20190501
20300101,20200730,20230407,20270310,20150703,20180101,20121106,20290219,20281012,20271228,20210601,20181231,20150219,20250114,20110103,20240101,20081028,20250827,20140818,20150721,20180101,20260217,20200721,20200731,20370119,,20310704,20270426,20150605,20271125,20250331,20320115,20280728,20150504,,20161003,20370406,20280301,20190101,20121225,20240610,20280103,20270503,20180622,20190524,20270614,20210715,20320329,20170328,20230629,20150616,20120124,20240916,20250505,20330502,20220503,20210405,20180413,20200101,20150217,20200501,20281102,20140106,20180928,20191226,20111130,20240821,20170623,20120611,20210401,20280414,20340126,20170704,20310704,20340904,20300704,20300704,20240101,20180402,20300109,20160714,20290924,20360901,20201225,20240329,20251020,20280924,20201224,20310602,20371224,20331226,20371224,20170421,20180918,20160606,20250505,20221003,20160101,20290809,20180406,20170414,20251003,20161226,20331226,20380126,20310825,,20311226,20110504,20170501,20230622,20151228,20150514,20230410,20160101,20291022,20280615,20201118,20190530
20300128,20200801,20230410,20270311,20150706,20180102,20121126,20290330,20281102,20280103,20210621,20190101,20150220,20250226,20110218,20240102,20081030,20251002,20141013,20151111,20180330,20260403,20200722,20200803,20370216,,20310901,20270531,20151224,20271126,20250401,20320210,20280807,20150601,,20161226,20370501,20280414,20190102,20121226,20240701,20280124,20270902,20181206,20190617,20271021,20210720,20320506,20170414,20230719,20150810,20120201,20240917,20250506,20330530,20220504,20210427,20180501,20200410,20150403,20200521,20281120,20140417,20181106,20200101,20111230,20240826,20170703,20120612,20210402,20280421,20340407,20170904,20310901,20341123,20300902,20300902,20240102,20180501,20300304,20160815,20291225,20361127,20210101,20240423,20251225,20290213,20201225,20310815,20371225,20340407,20371225,20170501,20180919,20160815,20250506,20221004,20160208,20291105,20180409,20170417,20251224,20161227,20331227,20380423,20311225,,20320101,20110505,20170529,20230623,20160101,20150525,20230501,20160104,20291225,20280907,20201225,20190610
20300311,20200820,20230427,20270423,20150707,20180129,20121224,20290528,20281115,20280126,20211130,20190315,20150223,20250331,20110406,20240226,20081113,20251022,20141103,20151225,20180402,20260421,20200723,20200804,20370525,,20311127,20270614,20151225,20271224,20250605,20320307,20281225,20150803,,20170414,20370525,20280417,20190419,20130101,20240918,20280125,20270903,20181224,20190801,20271227,20210721,20320517,20170424,20230817,20150924,20120206,20241031,20250606,20330829,20220516,20210625,20180629,20200413,20150501,20200601,20281123,20140418,20181225,20200106,20120123,20241101,20170904,20121105,20210916,20280501,20340410,20171009,20311127,20341225,20301128,20301128,20240103,20180510,20300305,20161101,20291226,20361225,20210402,20240501,20251226,20290214,20210101,20311208,20371231,20340410,20371231,20170615,20181015,20160914,20250606,20221005,20160209,20291225,20180501,20170501,20251225,20170102,20340102,20380426,20311226,,20320326,20110718,20170530,20230929,20160215,20150604,20230503,20160125,20291226,20281012,20210101,20190801
20300419,20201029,20230518,20270517,20150708,20180206,20121225,20290704,20281123,20280414,20211201,20190419,20150224,20250401,20110413,20240408,20081209,20251105,20141117,20160101,20180501,20260501,20200724,20200805,20370703,,20311225,20270802,20151231,20271231,20250607,20320321,20281226,20151026,,20170417,20371224,20280515,20190422,20130211,20241001,20280126,20280103,20181225,20190802,20271228,20210722,20321101,20170501,20230927,20151216,20120207,20241225,20250815,20331226,20220530,20211101,20180830,20200508,20150610,20200623,20281212,20140501,20181226,20200413,20120405,20241224,20171009,20121231,20211102,20280615,20340425,20171123,20311225,20350101,20301225,20301225,20240108,20180517,20300306,20161111,20300101,20370101,20210405,20240530,20260101,20290215,20210401,20311225,20380101,20340501,20380101,20170907,20181101,20160915,20250815,20221006,20160325,20300101,20180507,20170525,20251226,20170126,20340126,20380614,20320101,,20320329,20110919,20171004,20231009,20160325,20151026,20230608,20160208,20300101,20281102,20210106,20191225
20300422,20201201,20230529,20270518,20150709,20180330,20130101,20290903,20281225,20280417,20220124,20190422,20150406,20250410,20110414,20240415,20081225,20251225,20141208,20160325,20180508,20260604,20200727,20200806,20370907,,20320101,20271004,20160101,20280117,20250626,20320322,20290101,20151225,,20170501,20371225,20280619,20190501,20130212,20241011,20280127,20280124,20181226,20190902,20280103,20210723,20321115,20170511,20231225,20151225,20120411,20250101,20251003,20331227,20220531,20220208,20181008,20200525,20151208,20201225,20281225,20140502,20190101,20200501,20120406,20241225,20171113,20130101,20211115,20280907,20340612,20171225,20320101,20350115,20310101,20310101,20240212,20180521,20300419,20161226,20300128,20370119,20210705,20241115,20260302,20290423,20210402,20311226,20380423,20340529,20380423,20171012,20181102,20160916,20251003,20221007,20160502,20300204,20180524,20170606,20251231,20170414,20340407,20381227,20320326,,20330415,20110923,20171009,20231010,20160523,20151208,20230815,20160325,20300102,20281115,20210405,20191226
20300425,20201202,20231225,20270519,20150710,20180402,20130131,20291008,20290101,20280425,20220422,20190501,20150501,20250414,20110415,20240416,20090108,20260126,20141225,20160328,20180705,20260907,20200728,20200807,20371126,,20320119,20271227,20160324,20280414,20250904,20320323,20290126,20151228,,20170525,20371231,20280703,20190530,20130213,20241225,20280128,20280125,20190101,20190919,20280126,20210830,20321230,20170525,20231226,20160101,20120501,20250129,20251006,20340102,20220606,20220418,20181101,20200831,20151224,20210101,20290101,20140515,20190128,20200602,20120409,20241230,20171225,20130102,20220207,20281012,20341225,20180101,20320119,20350219,20310120,20310120,20240223,20181224,20300501,20170414,20300304,20370216,20210706,20241120,20260309,20290424,20210405,20320101,20380426,20341003,20380426,20171102,20181225,20161003,20251006,20230102,20160706,20300205,20180906,20170623,20260101,20170417,20340410,20381228,20320329,,20330418,20111010,20171010,20240101,20160701,20151224,20231101,20160328,20300206,20281225,20210603,20200101
20300610,20201203,20231226,20270715,20150713,20180425,20130211,20291112,20290115,20280501,20220425,20190610,20150622,20250418,20110502,20240501,20090126,20260304,20141231,20160505,20180829,20261012,20200729,20200810,20371225,,20320216,20271228,20160325,20280529,20251130,20321219,20290330,20151229,,20170605,20380101,20281113,20190610,20130329,20241226,20280403,20280126,20190419,20191104,20280214,20211029,20330103,20170623,20240101,20160321,20120820,20250130,20251007,20340407,20220831,20220427,20181225,20201225,20151225,20210402,20290115,20140619,20190311,20201208,20120501,20241231,20171226,20130103,20220321,20281102,20341226,20180115,20320216,20350323,20310217,20310217,20240320,20181225,20301104,20170417,20300419,20370403,20210928,20241225,20260403,20290425,20210422,20320106,20381224,20341225,20381224,20171115,20181231,20170127,20251007,20230123,20160809,20300206,20180924,20171225,20260106,20170425,20340425,20390103,20320503,,20331226,20111103,20180101,20240206,20160801,20151225,20231225,20160425,20300419,20281229,20210622,20200102
20301007,20210513,20240101,20270830,20150714,20180604,20130212,20291122,20290212,20280816,20220601,20190819,20150903,20250430,20110505,20240506,20090220,20260326,20150101,20160506,20181101,20261102,20200730,20200811,20380101,,20320326,20280103,20160328,20280704,20251202,20330102,20290402,20160101,,20170615,20380423,20281225,20190801,20130401,20250101,20280404,20280127,20190422,20191111,20280313,20220502,20330311,20170626,20240208,20160325,20120821,20250211,20251008,20340410,20220916,20220502,20190101,20201228,20160101,20210405,20290205,20140815,20190419,20201225,20120612,20250101,20180101,20130104,20220414,20281115,20350101,20180219,20320326,20350528,20310411,20310411,20240429,20181226,20301105,20170501,20300422,20370525,20211028,20241231,20260406,20290923,20210513,20320329,20381231,20341226,20381231,20171120,20190101,20170130,20251008,20230124,20160912,20300419,20181224,20171226,20260403,20170612,20340612,20390126,20320531,,20340407,20111123,20180215,20240207,20160905,20160101,20231226,20160606,20300422,20290101,20210805,20200410
20301225,20210515,20240329,20271029,20150715,20181022,20130220,20291225,20290213,20281002,20220613,20190820,20150904,20250501,20110516,20240522,20090223,20260331,20150112,20160516,20181224,20261130,20200731,20200812,20380118,,20320531,20280126,20160422,20280904,20251203,20330103,20290425,20160317,,20171003,20380426,20281226,20190905,20130404,20250129,20280501,20280128,20190501,20191225,20280414,20220503,20330418,20170627,20240311,20160328,20120831,20250317,20251009,20340501,20221024,20220815,20190418,20210101,20160209,20210513,20290219,20141110,20190422,20210101,20120807,20250129,20180102,20130107,20220415,20281225,20350126,20180528,20320531,20350704,20310526,20310526,20240503,20190101,20301111,20170508,20300425,20370703,20211117,20250101,20260525,20300203,20210524,20320602,20390408,20350101,20390408,20171225,20190419,20170301,20251009,20230125,20161226,20300501,20181225,20180101,20260406,20170807,20341225,20390408,20320830,,20340410,20111223,20180216,20240208,20161010,20160106,20240101,20161024,20300425,20290212,20211101,20200413
20301226,20210719,20240401,20280228,20150716,20181225,20130328,20300101,20290219,20281225,20220815,20191023,20151001,20250607,20110517,20240603,20090310,20260403,20150323,20160721,20181225,20261225,20200803,20200813,20380215,,20320705,20280313,20160505,20281107,20260101,20330104,20290507,20160325,,20171225,20380614,20290101,20191225,20130501,20250130,20280502,20280403,20190530,20191226,20280417,20220504,20330502,20170628,20240329,20160427,20120917,20250331,20251225,20340529,20221226,20221031,20190419,20210402,20160325,20210524,20290319,20141208,20190425,20210106,20120820,20250225,20180330,20130108,20220916,20290101,20350323,20180704,20320705,20350903,20310704,20310704,20240506,20190418,20301128,20170525,20300603,20370907,20211224,20250120,20260629,20300204,20210617,20320629,20390411,20350323,20390411,20171229,20190501,20170501,20251225,20230126,20170102,20300516,20181226,20180330,20260501,20171002,20341226,20390411,20321227,,20340501,20120102,20180219,20240209,20161111,20160328,20240401,20161226,20300603,20290213,20211118,20200501
20310101,20210720,20240509,20280229,20150717,20181226,20130329,20300121,20290330,20281226,20221130,20191101,20151002,20250815,20110701,20240722,20090311,20260414,20150402,20160815,20181226,20261231,20200804,20200814,20380423,,20320906,20280414,20160506,20281110,20260321,20330208,20290611,20160328,,20171226,20381224,20290122,20191226,20130517,20250131,20280904,20280404,20190621,20200101,20280418,20220519,20330526,20170817,20240408,20160502,20121026,20250401,20251231,20340828,20230102,20221101,20190501,20210405,20160425,20210623,20290329,20141225,20190610,20210405,20120821,20250331,20180521,20130308,20221102,20290212,20350326,20180903,20320906,20351122,20310901,20310901,20240715,20190419,20301209,20170605,20300930,20371126,20220415,20250303,20260803,20300205,20210802,20321101,20390530,20350326,20390530,20180101,20190521,20170503,20251231,20230127,20170130,20300809,20181231,20180402,20260514,20171225,20350101,20390425,20321228,,20341225,20120103,20180220,20240212,20161226,20160505,20240501,20161227,20301028,20290330,20220106,20200521
20310127,20210721,20240520,20280501,20151028,20190101,20130401,20300218,20290501,20290101,20221201,20191224,20151005,20250827,20110715,20240729,20090327,20260501,20150403,20161101,20190101,20270101,20200805,20200817,20380531,,20321125,20280417,20160516,20281123,20260322,20330306,20290727,20160502,,20180101,20381231,20290214,20191231,20130612,20250404,20280905,20280501,20191206,20200410,20280425,20220711,20330606,20170901,20240409,20160616,20121113,20250501,20260101,20341225,20230123,20221226,20190729,20210503,20160526,20211101,20290330,20150101,20190927,20210602,20120827,20250409,20180625,20130501,20221121,20290213,20350425,20181008,20321125,20351225,20311127,20311127,20240812,20190422,20301225,20170714,20301225,20371225,20220418,20250304,20260804,20300411,20211224,20321208,20391226,20350501,20391226,20180125,20190716,20170505,20260101,20230405,20170414,20301225,20190101,20180501,20260525,20171226,20350126,20390613,20330103,,20341226,20120109,20180228,20240213,20161227,20160516,20240503,20170102,20301225,20290501,20220418,20200601
20310310,20210809,20241225,20280505,20151225,20190102,20130402,20300419,20290528,20290126,20221226,20191225,20151006,20250905,20110812,20240812,20090401,20260528,20150501,20161111,20190419,20270208,20200806,20200818,20380705,,20321224,20280425,20161226,20281124,20260526,20330310,20290806,20160606,,20180330,20390408,20290330,20200101,20130701,20250418,20290101,20280502,20191224,20200529,20280612,20220712,20330609,20170921,20240410,20160809,20121115,20250512,20260216,20341226,20230124,20230102,20190730,20210531,20160610,20220415,20290501,20150106,20191105,20211101,20121026,20250417,20180702,20130502,20221212,20290330,20350611,20181112,20321224,20360101,20311225,20311225,20240916,20190501,20310101,20170815,20301226,20380101,20220705,20250418,20260805,20300414,20220414,20330106,20400330,20350514,20400330,20180212,20190815,20170606,20260216,20230501,20170501,20310101,20190304,20180510,20260604,20180101,20350323,20391226,20330415,,20350101,20120320,20180404,20240214,20170102,20160526,20240530,20170103,20301226,20290531,20220530,20201225
20310411,20211018,20241226,20280508,20160101,20190128,20130501,20300527,20290531,20290330,20230102,20191226,20151007,20251001,20111024,20241014,20090403,20260626,20150518,20161226,20190422,20270209,20200807,20200819,20380906,,20330117,20280529,20170413,20281225,20260527,20330313,20291225,20160801,,20180402,20390411,20290402,20200102,20130814,20250421,20290212,20280904,20191225,20200615,20281026,20220715,20330808,20171201,20240411,20161216,20121225,20250602,20260217,20350101,20230201,20230208,20190829,20210830,20160613,20220418,20290528,20150319,20191225,20211208,20121101,20250418,20180903,20130503,20230206,20290501,20351225,20181122,20330117,20360121,20320101,20320101,20240923,20190517,20310109,20171101,20310101,20380118,20220706,20250421,20261019,20300415,20220415,20330418,20400402,20351003,20400402,20180213,20190918,20170815,20260217,20230622,20170510,20310123,20190426,20180606,20261224,20180126,20350326,20391227,20330418,,20350323,20120430,20180405,20240228,20170220,20160815,20240815,20170123,20310101,20290907,20220616,20210101
20310414,20211130,20250101,20280519,20160106,20190206,20130620,20300704,20290704,20290402,20230124,20191227,20160101,20251002,20111205,20241023,20090407,20260914,20150608,20170414,20190501,20270326,20200810,20200820,20381125,,20330221,20280612,20170414,20290101,20260528,20330314,20291226,20161031,,20180501,20390530,20290521,20200410,20130920,20250501,20290213,20280905,20191226,20200730,20281225,20220830,20330815,20171225,20240412,20161226,20130101,20250606,20260218,20350323,20230421,20230410,20190830,20211227,20160815,20220509,20290704,20150402,20191226,20220106,20121102,20250501,20181008,20130509,20230320,20290531,20351226,20181225,20330221,20360218,20320119,20320119,20241014,20190530,20310224,20171225,20310127,20380215,20220928,20250423,20261225,20300923,20220418,20330425,20400501,20351224,20400501,20180330,20190919,20171003,20260218,20230623,20170626,20310124,20190429,20180622,20261225,20180330,20350425,20400102,20330502,,20350326,20120503,20180406,20240404,20170414,20161026,20241101,20170206,20310102,20291012,20220622,20210402
20310425,20211202,20250418,20280830,20160314,20190419,20130621,20300902,20290903,20290425,20230414,20200101,20160208,20251007,20111212,20241205,20090410,20261002,20150615,20170417,20190508,20270421,20200811,20200821,20381224,,20330415,20280807,20170417,20290115,20260616,20330315,20300101,20161226,,20180510,20391003,20290618,20200413,20131001,20250505,20290214,20290101,20200101,20200731,20281226,20230421,20331101,20171226,20240501,20170102,20130124,20250627,20260501,20350326,20230501,20230427,20191008,20211228,20161005,20220526,20290903,20150403,20200101,20220418,20121130,20250512,20181112,20130510,20230406,20290907,20360101,20190101,20330415,20360411,20320216,20320216,20241104,20190610,20310225,20171226,20310303,20380423,20221028,20250501,20261228,20310123,20220421,20330602,20401224,20351225,20401224,20180501,20190920,20171004,20260501,20230929,20170809,20310403,20190501,20181224,20261231,20180402,20350611,20400126,20330509,,20350501,20120504,20180501,20240405,20170522,20161101,20241111,20170414,20310206,20291102,20220805,20210405
20310609,20220101,20250421,20290101,20160325,20190422,20130709,20301014,20290907,20290507,20230417,20200410,20160209,20251020,20120102,20241210,20090414,20261020,20150629,20170501,20190705,20270527,20200812,20200824,20390117,,20330530,20281002,20170512,20290330,20260825,20331218,20300128,20161227,,20180521,20391226,20290702,20200501,20131014,20250701,20290215,20290212,20200106,20200907,20290101,20230501,20331115,20180101,20240509,20170321,20130128,20250901,20260505,20350507,20230504,20230501,20191031,20220103,20161101,20220606,20291008,20150501,20200127,20220425,20121224,20250606,20181225,20130612,20230407,20291012,20360128,20190121,20330530,20360526,20320326,20320326,20241231,20191224,20310226,20180101,20310411,20380531,20221117,20250619,20270101,20310126,20220526,20330629,20401225,20351226,20401225,20180531,20191031,20171005,20260505,20231002,20170901,20310411,20190506,20181225,20270101,20180425,20351225,20400330,20330530,,20351225,20120716,20180618,20240501,20170703,20161208,20241225,20170417,20310411,20291115,20220815,20210513
20311006,20220502,20250505,20290215,20160429,20190425,20130819,20301111,20291008,20290815,20230501,20200413,20160210,20251022,20120103,20241231,20090501,20261109,20150720,20170525,20190829,20270907,20200813,20200825,20390221,,20330704,20281225,20170525,20290528,20261130,20331225,20300419,20161228,,20180531,20400330,20291112,20200521,20131225,20251001,20290216,20290213,20200410,20201111,20290126,20230519,20331219,20180216,20240523,20170414,20130201,20250905,20260603,20350528,20230530,20230502,20191101,20220415,20161201,20220623,20291102,20150515,20200309,20220602,20121225,20250612,20181226,20131104,20230501,20291102,20360411,20190218,20330704,20360704,20320531,20320531,20250101,20191225,20310411,20180330,20310414,20380705,20221226,20251120,20270301,20310127,20220606,20330815,20401226,20351231,20401226,20180709,20191101,20171006,20260603,20231003,20171018,20310501,20190524,20181226,20270106,20180611,20351226,20400402,20330829,,20351226,20120917,20180924,20240610,20170807,20161226,20241226,20170425,20310414,20291225,20221101,20210524
20311225,20220503,20250529,20290216,20160502,20190603,20131014,20301128,20291012,20291001,20230601,20200501,20160211,20251101,20120307,20250101,20090509,20261110,20150807,20170526,20191101,20271012,20200814,20200826,20390408,,20330905,20281226,20170526,20290704,20261202,20331226,20300422,20170102,,20181003,20400402,20291225,20200601,20131226,20251007,20290423,20290214,20200413,20201225,20290212,20230628,20331223,20180330,20240617,20170417,20130211,20250916,20260924,20350827,20230531,20230815,20191225,20220418,20161208,20220815,20291112,20150604,20200410,20220815,20121231,20250821,20190101,20140101,20231102,20291115,20360414,20190527,20330905,20360901,20320705,20320705,20250102,20191226,20310501,20180402,20310425,20380906,20230407,20251225,20270308,20310401,20220617,20331101,20401231,20360101,20401231,20180907,20191225,20171009,20260924,20231004,20171225,20310506,20190906,20181231,20270326,20180806,20360101,20400425,20331226,,20360101,20121008,20181010,20240916,20170904,20170106,20250101,20170605,20310425,20291231,20221118,20220415
20311226,20220504,20250609,20290423,20160503,20191028,20131106,20301225,20291102,20291225,20230605,20200601,20160212,20251225,20120406,20250212,20090815,20261124,20150817,20170605,20191224,20271102,20200817,20200827,20390530,,20331124,20290101,20170605,20290903,20261203,20331227,20300425,20170317,,20181224,20400501,20291226,20200910,20140101,20251029,20290430,20290215,20200501,20201228,20290312,20230629,20331226,20180501,20241224,20170427,20130212,20251020,20260925,20351225,20230605,20231031,20200101,20220502,20170228,20221101,20291119,20151012,20200413,20221101,20130101,20250825,20190102,20140102,20231120,20291225,20360425,20190704,20331124,20361127,20320906,20320906,20250103,20200101,20311103,20180501,20310602,20381125,20230410,20251231,20270326,20310402,20220801,20331208,20410101,20360411,20410101,20181012,20191231,20171220,20260925,20231005,20180101,20311114,20190923,20190101,20270329,20181001,20360128,20400611,20331227,,20360411,20121123,20181231,20240917,20171009,20170417,20250106,20171023,20310602,20300101,20221226,20220418
20320101,20220709,20251225,20290424,20160620,20191225,20131125,20310101,20291112,20291226,20230815,20200820,20160404,20260115,20120409,20250407,20090819,20261225,20151012,20170721,20191225,20271115,20200818,20200828,20390704,,20331226,20290126,20171225,20291112,20270308,20340101,20300506,20170414,,20181225,20400521,20300101,20201225,20140131,20251225,20290501,20290216,20200521,20210101,20290330,20230630,20340301,20180510,20241225,20170501,20130501,20251225,20261009,20351226,20230628,20231101,20200409,20220530,20170414,20221226,20291122,20151109,20200608,20221208,20130328,20251208,20190419,20140103,20231212,20300101,20360609,20190902,20331226,20361225,20321125,20321125,20250113,20200409,20311104,20180508,20310929,20381224,20230501,20260101,20270329,20310403,20221226,20331226,20410419,20360414,20410419,20181102,20200101,20171225,20261009,20231006,20180216,20311225,20191224,20190419,20270506,20181225,20360411,20401225,20340102,,20360414,20121224,20190101,20241010,20171113,20170501,20250421,20171225,20311027,20300304,20230106,20220526
20320126,20220710,20251226,20290425,20160815,20191226,20131225,20310120,20291115,20300101,20231130,20200821,20160502,20260126,20120413,20250414,20090921,20270126,20151102,20170815,20191226,20271130,20200819,20200907,20390905,,20340102,20290312,20171226,20291122,20270309,20340214,20300610,20170417,,20181226,20401003,20300128,20201231,20140203,20251226,20290903,20290423,20200619,20210402,20290402,20230830,20340410,20180529,20241231,20170616,20130524,20260101,20261225,20360101,20230719,20231225,20200410,20220829,20170425,20230407,20291212,20151208,20200925,20221226,20130329,20251224,20190520,20140106,20231225,20300304,20361225,20191014,20340102,20370101,20321224,20321224,20250211,20200410,20311105,20180510,20311225,20390117,20230508,20260120,20270517,20310923,20230406,20340106,20410422,20360501,20410422,20181115,20200410,20180101,20261225,20240101,20180330,20320101,20191225,20190422,20270517,20181226,20360414,20401226,20340407,,20360501,20121231,20190204,20241011,20171225,20170525,20250501,20171226,20311225,20300305,20230410,20220606
20320308,20220730,20260101,20290426,20161028,20200101,20140101,20310217,20291122,20300128,20231201,20201023,20160609,20260319,20120416,20250415,20090928,20270310,20151116,20171101,20200101,20271231,20200820,20201126,20391124,,20340116,20290330,20180101,20291123,20270310,20340301,20300726,20170501,,20181231,20401224,20300306,20210101,20140418,20260101,20290904,20290430,20201224,20210528,20290403,20240101,20340501,20180601,20250101,20170809,20130808,20260202,20261231,20360411,20230831,20231226,20200501,20221226,20170501,20230410,20291225,20151225,20201103,20230106,20130409,20251225,20190624,20140107,20240101,20300305,20361226,20191111,20340116,20370119,20330117,20330117,20250224,20200413,20311110,20180521,20311226,20390221,20230705,20260216,20270702,20320113,20230407,20340410,20410501,20360602,20410501,20181120,20200501,20180215,20261231,20240209,20180501,20320114,20191226,20190501,20270527,20190101,20360425,20410101,20340410,,20361225,20130101,20190205,20250101,20171226,20170605,20250619,20180101,20311226,20300419,20230501,20220801
20320326,20221008,20260403,20290427,20161226,20200102,20140303,20310411,20291225,20300419,20231225,20201224,20160610,20260321,20120501,20250501,20090930,20270322,20151208,20171225,20200106,20280228,20200821,20201225,20391226,,20340220,20290402,20180329,20291225,20270311,20340302,20300805,20170605,,20190101,20401225,20300419,20210402,20140421,20260217,20300101,20290501,20201225,20210621,20290425,20240410,20340518,20180613,20250127,20170925,20130809,20260203,20270101,20360414,20230927,20240101,20200629,20221227,20170613,20230501,20300101,20160101,20201225,20230410,20130501,20251226,20190701,20140108,20240205,20300419,20370101,20191128,20340220,20370216,20330221,20330221,20250320,20200501,20311128,20180815,20320101,20390408,20230706,20260217,20270802,20320114,20230410,20340425,20411224,20361003,20411224,20181225,20200521,20180216,20270101,20240212,20180529,20320211,20200101,20190530,20271101,20190128,20360609,20410128,20340501,,20361226,20130102,20190206,20250123,20180101,20170615,20250815,20180102,20320101,20300501,20230530,20221226
20320329,20221130,20260406,20290501,20170106,20200127,20140304,20310526,20300101,20300422,20231226,20201225,20160915,20260330,20120507,20250505,20091002,20270326,20151225,20171226,20200410,20280229,20200824,20210101,20400102,,20340407,20290425,20180330,20300101,20270515,20340305,20301225,20170807,,20190419,20401226,20300422,20210405,20140501,20260218,20300131,20290903,20210101,20210729,20290611,20240411,20340529,20180614,20250129,20171225,20130916,20260217,20270208,20360505,20231113,20240102,20200728,20230102,20170615,20230509,20300121,20160106,20201228,20230425,20130513,20251230,20190902,20140310,20240318,20300501,20370126,20191225,20340407,20370403,20330415,20330415,20250429,20200521,20311208,20181101,20320126,20390530,20230928,20260403,20270803,20320115,20230420,20340501,20411225,20361224,20411225,20181231,20200629,20180301,20270208,20240213,20180615,20320212,20200303,20190606,20271224,20190419,20361225,20410419,20340509,,20370101,20130103,20190207,20250124,20180219,20170815,20251111,20180122,20320102,20300620,20230608,20230102
20320426,20221203,20260427,20290830,20170227,20200206,20140324,20310704,20300121,20300425,20240101,20210101,20160916,20260401,20120604,20250512,20091013,20270414,20151231,20180101,20200413,20280414,20200825,20210118,20400116,,20340529,20290528,20180402,20300121,20270516,20341212,20301226,20171030,,20190422,20401231,20300520,20210513,20140506,20260219,20300201,20290904,20210106,20210730,20291025,20240412,20340530,20180615,20250331,20171226,20131015,20260218,20270209,20360526,20231225,20240208,20201008,20230407,20170815,20230518,20300204,20160324,20210101,20230501,20130612,20251231,20191014,20140501,20240328,20300620,20370403,20200101,20340529,20370525,20330530,20330530,20250505,20200601,20311225,20181225,20320301,20390704,20231117,20260421,20270804,20320321,20230501,20340602,20411226,20361225,20411226,20190101,20200716,20180501,20270209,20240214,20180809,20320322,20200417,20190621,20271231,20190422,20361226,20410422,20340529,,20370403,20130114,20190208,20250127,20180330,20171026,20251225,20180206,20320206,20301115,20230622,20230407
20320614,20230101,20260514,20291029,20170414,20200410,20140402,20310901,20300218,20300506,20240102,20210315,20161003,20260403,20120802,20250603,20091017,20270415,20160101,20180330,20200501,20280421,20200826,20210215,20400220,,20340704,20290611,20180427,20300419,20270517,20341213,20310101,20171225,,20190501,20410101,20300617,20210524,20140602,20260403,20300204,20291231,20210402,20210906,20291225,20240423,20340807,20180618,20250401,20180101,20131105,20260320,20270301,20360825,20240101,20240401,20201009,20230410,20171005,20230529,20300218,20160325,20210126,20230602,20130809,20260101,20191111,20140502,20240329,20301115,20370406,20200120,20340704,20370703,20330704,20330704,20250506,20201224,20320101,20181226,20320326,20390905,20231225,20260423,20271022,20320322,20230518,20340629,20411231,20361226,20411231,20190125,20200918,20180507,20270301,20240215,20180822,20320326,20200420,20191224,20280106,20190425,20370101,20410425,20340828,,20370406,20130211,20190228,20250128,20180521,20171101,20251226,20180330,20320326,20301225,20230815,20230410
20321004,20230422,20260525,20300101,20170417,20200413,20140417,20311013,20300304,20300814,20240124,20210402,20161004,20260414,20120813,20250710,20091019,20270419,20160111,20180402,20200508,20280501,20200827,20210402,20400330,,20340904,20290806,20180510,20300527,20270606,20341214,20310127,20171226,,20190530,20410419,20300701,20210909,20140701,20260406,20300205,20300101,20210405,20211111,20291226,20240501,20340815,20180817,20250402,20180321,20131225,20260501,20270303,20361225,20240201,20240501,20201208,20230501,20171101,20230623,20300318,20160502,20210308,20230815,20130819,20260102,20191225,20140509,20240501,20301225,20370608,20200217,20340904,20370907,20330905,20330905,20250721,20201225,20320109,20190101,20320329,20391124,20231226,20260501,20271227,20320323,20230529,20340815,20420101,20361231,20420101,20190304,20201012,20180522,20270303,20240404,20181106,20320524,20200501,20191225,20280414,20190610,20370126,20410610,20341225,,20370501,20130320,20190301,20250129,20180702,20171208,20260101,20180402,20320329,20301231,20231101,20230501
20321227,20230423,20261225,20300204,20170501,20200427,20140418,20311111,20300305,20301007,20240501,20210405,20161005,20260420,20121023,20250728,20091102,20270517,20160321,20180501,20200901,20280615,20200828,20210531,20400528,,20341123,20291001,20180511,20300704,20270814,20341218,20310411,20171227,,20190610,20410422,20301111,20211231,20140909,20260407,20300206,20300131,20210513,20211227,20300101,20240617,20341101,20180822,20250403,20180330,20140101,20260527,20270505,20361226,20240212,20240502,20201225,20230529,20171201,20230815,20300418,20160516,20210402,20231101,20130820,20260217,20191226,20140612,20240916,20310101,20371225,20200525,20341123,20371126,20331124,20331124,20250811,20210101,20320209,20190419,20320426,20391226,20240101,20260604,20280103,20320923,20230807,20341101,20420404,20370101,20420404,20190305,20201208,20180606,20270505,20240405,20181225,20320809,20200506,20191226,20280417,20190805,20370403,20411225,20341226,,20371225,20130429,20190404,20250130,20180806,20171225,20260106,20180425,20320426,20310101,20231225,20230518
20321228,20230627,20270101,20300205,20170605,20200601,20140501,20311127,20300419,20301225,20240503,20210524,20161006,20260501,20121205,20250812,20091128,20270616,20160324,20180510,20200915,20280907,20200907,20210705,20400704,,20341225,20291225,20180521,20300902,20271130,20350101,20310414,20180101,,20190620,20410501,20301225,20220415,20141001,20260501,20300412,20300201,20210625,20211228,20300128,20240618,20341115,20180911,20250404,20180402,20140114,20260601,20270513,20370101,20240328,20240625,20201231,20230828,20171208,20231101,20300419,20160725,20210405,20231208,20130821,20260225,20200101,20140613,20241118,20310224,20371228,20200907,20341225,20371225,20331226,20331226,20250915,20210401,20320210,20190422,20320607,20400102,20240329,20260907,20280306,20321230,20231225,20341208,20420407,20370403,20420407,20190419,20201225,20180613,20270513,20240501,20190101,20321102,20200525,20191231,20280501,20191007,20370406,20411226,20350101,,20380101,20130503,20190405,20250131,20180903,20171226,20260406,20180604,20320607,20310224,20231226,20230529
20330103,20230628,20270326,20300206,20170815,20201026,20140502,20311225,20300501,20301226,20240506,20210820,20161007,20260528,20121210,20251013,20091225,20280126,20160325,20180511,20201117,20281012,20201012,20210906,20400903,,20350101,20291226,20180605,20301105,20271202,20350213,20310425,20180319,,20191003,20410610,20301226,20220418,20141002,20260525,20300429,20300204,20211206,20220103,20300211,20240619,20341208,20181120,20250418,20180427,20140117,20260616,20270914,20370403,20240410,20240815,20210101,20231225,20171225,20231225,20300501,20160815,20210614,20231225,20130826,20260320,20200102,20141103,20241212,20310225,20380101,20201012,20350101,20380101,20340102,20340102,20250923,20210402,20320211,20190501,20320927,20400116,20240401,20261012,20280313,20330102,20231226,20341225,20420501,20370406,20420501,20190501,20201231,20180815,20270914,20240610,20190205,20330103,20200907,20200101,20280525,20191225,20370608,20420101,20350323,,20380423,20130506,20190501,20250228,20181008,20180101,20260501,20181022,20321025,20310225,20240101,20230801
20330126,20230629,20270329,20300415,20171225,20201225,20140620,20320101,20300527,20310101,20240624,20211101,20170102,20260626,20121231,20251023,20091228,20280223,20160509,20180521,20201224,20281102,20201111,20211125,20401122,,20350115,20300101,20181224,20301111,20280101,20350218,20310505,20180330,,20191224,20411003,20310101,20220526,20141225,20260619,20300430,20300205,20211224,20220415,20300311,20240715,20341212,20181224,20250501,20180501,20140131,20260825,20270915,20370406,20240411,20241031,20210401,20231226,20180101,20231226,20300527,20161012,20211001,20231226,20131015,20260402,20200410,20141104,20241225,20310411,20380126,20201111,20350115,20380118,20340116,20340116,20251013,20210405,20320326,20190508,20321227,20400220,20240501,20261102,20280414,20330103,20240101,20341226,20420526,20370501,20420526,20190620,20210101,20180924,20270915,20240916,20190206,20330131,20200922,20200106,20280605,20191226,20371225,20420127,20350326,,20380426,20130715,20190607,20250403,20181112,20180402,20260604,20181225,20321227,20310411,20240401,20231225
20330314,20230719,20270427,20300416,20171226,20201228,20140709,20320119,20300620,20310127,20240815,20211224,20170127,20260815,20130101,20251205,20100126,20280403,20160530,20180815,20201225,20281115,20201126,20211224,20401225,,20350219,20300128,20181225,20301128,20280226,20350219,20310609,20180402,,20191225,20411224,20310127,20220606,20141226,20260701,20300501,20300206,20220106,20220527,20300419,20240830,20341225,20181225,20250512,20180809,20140203,20260831,20270916,20370504,20240501,20241101,20210402,20240101,20180213,20240101,20300704,20161101,20211102,20240101,20131028,20260403,20200518,20150101,20250101,20310421,20380423,20201126,20350219,20380215,20340220,20340220,20251103,20210513,20321103,20190530,20321228,20400330,20240508,20261120,20280417,20330310,20240328,20350101,20421224,20370525,20421224,20190709,20210402,20180925,20270916,20240917,20190419,20330201,20201224,20200410,20280615,20200101,20371228,20420404,20350507,,20390408,20130916,20190809,20250404,20181225,20180501,20261111,20181226,20321228,20310421,20240501,20231226
20330415,20230927,20270506,20300423,20180101,20210101,20140818,20320216,20300704,20310411,20241225,20220314,20170130,20260826,20130225,20251210,20100212,20280407,20160606,20181101,20210101,20281130,20201225,20220117,20410101,,20350323,20300311,20181226,20301129,20280227,20350220,20310725,20180507,,20191226,20411225,20310226,20220801,20150101,20261001,20300902,20300412,20220415,20220620,20300422,20241029,20350101,20190101,20250529,20180924,20140501,20260916,20271231,20370525,20240522,20241225,20210629,20240329,20180330,20240329,20300902,20161109,20211227,20240401,20131101,20260409,20200624,20150102,20250203,20310501,20380426,20201225,20350323,20380423,20340407,20340407,20251124,20210517,20321104,20190610,20330103,20400528,20240705,20261225,20280605,20330313,20240329,20350326,20421225,20371224,20421225,20191115,20210521,20180926,20271231,20241001,20190501,20330415,20201225,20200413,20281003,20200127,20380101,20420407,20350509,,20390411,20130923,20190913,20250501,20181226,20180510,20261225,20190101,20330103,20310501,20240530,20240101
20330418,20231130,20270517,20300501,20180219,20210104,20141013,20320326,20300902,20310414,20241226,20220315,20170131,20260914,20130408,20251231,20100227,20280414,20160704,20181225,20210106,20281225,20210101,20220221,20410121,,20350528,20300419,20181231,20301225,20280228,20350304,20310804,20180604,,20191231,20411226,20310411,20220908,20150219,20261019,20300903,20300429,20220418,20220728,20300423,20250101,20350219,20190205,20250606,20181217,20140513,20261109,20280126,20370831,20240530,20241226,20210728,20240401,20180425,20240401,20300916,20161206,20211228,20240425,20131224,20260501,20200701,20150105,20250317,20310612,20380614,20210101,20350528,20380531,20340529,20340529,20251231,20210524,20321105,20190815,20330126,20400704,20241028,20261231,20280630,20330314,20240401,20350425,20421226,20371225,20421226,20191120,20210628,20181003,20280126,20241002,20190520,20330502,20201228,20200501,20281101,20200410,20380126,20420425,20350528,,20391226,20131014,20190930,20250530,20190101,20180521,20270101,20190102,20330104,20310612,20240805,20240102
20330425,20231202,20280414,20300715,20180406,20210201,20141106,20320531,20301014,20310425,20250101,20220415,20170201,20261002,20130415,20260101,20100301,20280501,20160720,20181226,20210402,20281229,20210118,20220415,20410218,,20350704,20300422,20190101,20310101,20280504,20351202,20311225,20180806,,20200101,20411231,20310414,20221226,20150220,20261225,20310101,20300430,20220526,20220729,20300425,20250331,20350326,20190307,20250627,20181225,20140715,20261225,20280127,20371225,20240531,20250101,20210729,20240506,20180501,20240501,20301014,20161208,20220103,20240501,20131225,20260527,20200907,20150106,20250417,20311225,20381227,20210118,20350704,20380705,20340704,20340704,20260101,20211224,20321110,20191101,20330307,20400903,20241224,20270101,20280807,20330922,20240425,20350501,20421231,20371231,20421231,20191225,20210716,20181009,20280127,20241003,20190605,20330513,20210101,20200521,20281225,20200413,20380423,20420609,20350827,,20400330,20131104,20191010,20251006,20190218,20180531,20270106,20190121,20330207,20311225,20240815,20240329
20330613,20231203,20280417,20300830,20180409,20210208,20141124,20320705,20301111,20310505,20250102,20220418,20170202,20261020,20130416,20260102,20100316,20280815,20160815,20190101,20210405,20290101,20210215,20220530,20410419,,20350903,20300425,20190418,20310120,20280506,20351203,20311226,20181029,,20200410,20420101,20310519,20230102,20150403,20270101,20310120,20300501,20220624,20220905,20300610,20250401,20350501,20190403,20250905,20181226,20140728,20270101,20280128,20371228,20240603,20250102,20210830,20240527,20180531,20240509,20301111,20161226,20220126,20240815,20131230,20260612,20201012,20150107,20250418,20320101,20381228,20210215,20350903,20380906,20340904,20340904,20260102,20220414,20321129,20191111,20330415,20401122,20241225,20270120,20280808,20331222,20240501,20350629,20430101,20380101,20430101,20191231,20210917,20181225,20280128,20241004,20190809,20330809,20210303,20200619,20281226,20200608,20380426,20421225,20351225,,20400402,20131223,20191011,20251010,20190419,20180815,20270329,20190206,20330415,20311231,20241101,20240401
20331003,20240101,20280427,20301029,20180501,20210402,20141208,20320906,20301115,20310813,20250124,20220606,20170403,20261021,20130501,20260303,20100324,20280823,20161017,20190419,20210705,20290212,20210531,20220704,20410527,,20351122,20300527,20190419,20310411,20280525,20351204,20320101,20181225,,20200413,20420404,20310616,20230407,20150406,20270208,20310121,20300902,20221206,20221111,20301024,20250423,20350503,20190417,20251224,20190101,20140729,20270122,20280301,20380101,20240617,20250421,20211008,20240826,20180613,20240520,20301118,20170106,20220314,20241101,20131231,20260821,20201111,20150108,20250501,20320209,20390103,20210531,20351122,20381125,20341123,20341123,20260112,20220415,20321208,20191225,20330418,20401225,20241226,20270208,20280809,20331225,20240509,20350815,20430327,20380423,20430327,20200101,20211011,20190101,20280301,20241007,20190812,20331223,20210430,20201224,20290101,20200803,20380427,20421226,20351226,,20400501,20131231,20200101,20260101,20190520,20181026,20270503,20190419,20330418,20320101,20241118,20240501
20331226,20240410,20280525,20310101,20180528,20210405,20141225,20321011,20301128,20311006,20250418,20221031,20170404,20261026,20130506,20260406,20100401,20280927,20161107,20190422,20210901,20290213,20210705,20220905,20410704,,20351225,20300610,20190422,20310526,20280803,20351218,20320126,20181226,,20200501,20420407,20310707,20230410,20150407,20270209,20310122,20300903,20221226,20221226,20301225,20250501,20350514,20190419,20251225,20190321,20140901,20270201,20280412,20380423,20240708,20250501,20211101,20241225,20180815,20240815,20301128,20170320,20220415,20241225,20140101,20260831,20201225,20150109,20250916,20320210,20390126,20210705,20351225,20381224,20341225,20341225,20260211,20220418,20330228,20191226,20330425,20410101,20250101,20270209,20281020,20331226,20240520,20351101,20430330,20380426,20430330,20200224,20211101,20190204,20280412,20250101,20191028,20331226,20210503,20201225,20290330,20201005,20380614,20430101,20360101,,20401225,20140101,20200123,20260102,20190701,20181101,20270527,20190422,20330425,20320209,20241225,20240509
20331227,20240411,20280605,20310124,20180815,20210426,20141226,20321111,20301225,20311225,20250421,20221101,20170501,20261110,20130524,20260413,20100402,20281002,20161114,20190501,20210915,20290330,20210906,20221124,20410902,,20360101,20300805,20190517,20310704,20281130,20360101,20320326,20181227,,20200521,20420501,20311110,20230501,20150501,20270326,20310123,20310101,20230106,20221227,20301226,20250519,20350807,20190501,20251226,20190419,20140916,20270208,20280501,20380426,20240916,20250502,20211208,20241226,20181005,20241101,20301212,20170413,20220418,20241226,20140131,20261130,20201228,20150223,20251117,20320326,20390408,20210906,20360101,20390117,20350101,20350101,20260223,20220517,20330301,20200101,20330606,20410121,20250418,20270326,20281225,20340228,20240617,20351225,20430501,20380614,20430501,20200225,20211208,20190205,20280501,20250128,20191225,20340102,20210506,20201231,20290402,20201225,20381227,20430126,20360411,,20401226,20140102,20200124,20260212,20190805,20181224,20271101,20190425,20330606,20320210,20241226,20240520
20340102,20240615,20281225,20310402,20181225,20210607,20141231,20321125,20310101,20311226,20250501,20221226,20170529,20261127,20130701,20260414,20100414,20281018,20161208,20190530,20211101,20290501,20211011,20221226,20411128,,20360121,20301007,20190530,20310901,20281202,20360206,20320329,20190101,,20200601,20420526,20311225,20230518,20150525,20270329,20310124,20310120,20230407,20230102,20310101,20250606,20350815,20190530,20251231,20190422,20141006,20270224,20280502,20380503,20240917,20250625,20220414,20250101,20181101,20241225,20301225,20170414,20220425,20250101,20140409,20261208,20210101,20150309,20251212,20320421,20390411,20211011,20360121,20390221,20350115,20350115,20260320,20220526,20330302,20200410,20330926,20410218,20250421,20270421,20281226,20340301,20240805,20351226,20431224,20381224,20431224,20200410,20211231,20190206,20280502,20250129,20200101,20340220,20210524,20210101,20290501,20201228,20381228,20430327,20360414,,20410101,20140103,20200127,20260213,20190902,20181225,20271111,20190603,20331024,20320326,20250101,20240801
20340126,20240616,20281226,20310403,20181226,20211025,20150101,20321224,20310120,20320101,20250609,20230315,20170530,20261225,20130722,20260415,20100501,20281102,20161230,20190531,20211117,20290531,20211111,20230102,20411225,,20360218,20301225,20190531,20311111,20281203,20360207,20320426,20190318,,20200611,20421003,20311226,20230529,20150701,20270405,20310127,20310121,20230410,20230407,20310127,20250609,20351101,20190603,20260101,20190501,20141022,20270310,20280505,20380531,20241031,20250815,20220415,20250418,20181224,20241226,20310101,20170501,20220613,20250106,20140417,20261224,20210104,20150501,20251225,20320527,20390425,20211111,20360218,20390408,20350219,20350219,20260429,20220606,20330415,20200413,20331226,20410419,20250501,20270423,20290101,20340302,20241224,20360101,20431225,20381231,20431225,20200421,20220415,20190301,20280505,20250130,20200127,20340221,20210906,20210106,20290510,20210101,20390103,20430330,20360505,,20410419,20140113,20200128,20260216,20191014,20181226,20280106,20191028,20331226,20320421,20250106,20241225
20340313,20240617,20290101,20310404,20190101,20211227,20150216,20330117,20310217,20320126,20250815,20230407,20171002,20270115,20130812,20260501,20100527,20281225,20170109,20190610,20211224,20290907,20211125,20230116,20420101,,20360411,20301226,20190605,20311127,20290101,20360212,20320503,20190419,,20201224,20421224,20320101,20230801,20150903,20270513,20310331,20310122,20230501,20230526,20310210,20250715,20351115,20190604,20260116,20190508,20141225,20270311,20280606,20380830,20241225,20251031,20220629,20250421,20181225,20250101,20310120,20170502,20220930,20250421,20140418,20261225,20210402,20150504,20260101,20320907,20390613,20211125,20360411,20390530,20350323,20350323,20260504,20221226,20330502,20200501,20331227,20410527,20250508,20270527,20290305,20340924,20241225,20360414,20431231,20390408,20431231,20200501,20220627,20190501,20280606,20250131,20200410,20340301,20210922,20210402,20290521,20210126,20390126,20430608,20360509,,20410422,20140211,20200129,20260217,20191111,20190101,20280417,20191225,20331227,20320527,20250421,20241226
20340407,20240707,20290330,20310423,20190311,20211228,20150217,20330221,20310224,20320326,20251201,20230410,20171003,20270126,20131023,20260504,20100819,20290126,20170320,20190815,20220106,20291012,20211224,20230220,20420120,,20360526,20310101,20190610,20311128,20290214,20360302,20320614,20190422,,20201225,20421225,20320126,20230907,20150928,20270609,20310401,20310123,20230518,20230619,20310310,20251029,20351127,20190605,20260217,20190617,20150101,20270517,20280815,20381227,20250101,20251225,20220728,20250505,20190101,20250418,20310203,20170515,20221101,20250425,20140501,20261230,20210524,20150511,20260202,20321012,20391226,20220117,20360526,20390704,20350528,20350528,20260505,20230406,20331103,20200508,20340102,20410704,20251028,20270907,20290312,20341211,20241226,20360425,20440101,20390411,20440101,20200611,20220815,20190506,20280815,20250203,20200501,20340407,20211224,20210405,20290531,20210402,20390408,20431225,20360526,,20410501,20140321,20200228,20260218,20191225,20190422,20280501,20191226,20340102,20320907,20250501,20250101
20340410,20240915,20290402,20310501,20190325,20220103,20150323,20330415,20310225,20320329,20251225,20230501,20171004,20270306,20131205,20260601,20100910,20290215,20170413,20191101,20220415,20291102,20220117,20230407,20420217,,20360704,20310127,20191224,20311225,20290215,20361119,20320723,20190506,,20201231,20421226,20320211,20231225,20151001,20270701,20310430,20310124,20230623,20230803,20310411,20260101,20351225,20190606,20260318,20190809,20150202,20270520,20281002,20381228,20250129,20251226,20220729,20250526,20190305,20250421,20310217,20170815,20221226,20250501,20140612,20261231,20210624,20150612,20260316,20321102,20391227,20220221,20360704,20390905,20350704,20350704,20260506,20230407,20331104,20200521,20340126,20410902,20251117,20271012,20290330,20341212,20250101,20360501,20440415,20390530,20440415,20200907,20220919,20190606,20281002,20250404,20200507,20340501,20211227,20210513,20291003,20210405,20390411,20431228,20360825,,20411225,20140429,20200402,20260219,20191226,20190501,20280503,20200101,20340103,20321012,20250530,20250102
20340425,20241130,20290427,20310519,20190426,20220104,20150324,20330530,20310411,20320426,20251226,20230529,20171005,20270310,20131210,20260603,20100911,20290301,20170414,20191111,20220418,20291115,20220221,20230529,20420526,,20360901,20310310,20191225,20320101,20290423,20361120,20320802,20190603,,20210101,20421231,20320326,20231226,20151021,20270916,20310501,20310127,20231206,20230804,20310414,20260320,20360101,20190607,20260319,20190924,20150203,20270607,20281003,20390103,20250130,20260101,20220830,20250825,20190419,20250501,20310317,20171012,20221227,20250602,20140716,20270101,20210701,20151104,20260402,20321115,20400102,20220530,20360901,20391124,20350903,20350903,20260720,20230410,20331110,20200601,20340306,20411128,20251224,20271102,20290402,20341213,20250417,20360602,20440418,20391003,20440418,20201012,20221010,20190815,20281003,20250501,20200525,20340601,20211228,20210625,20291101,20210614,20390425,20440101,20361225,,20411226,20140505,20200403,20260220,20200101,20190530,20280615,20200102,20340206,20321102,20250619,20250418
20340612,20241202,20290510,20310715,20190429,20220131,20150402,20330704,20310421,20320503,20260101,20231023,20171006,20270326,20131230,20260728,20100930,20290330,20170501,20191225,20220705,20291130,20220415,20230704,20420704,,20361127,20310411,20191226,20320119,20290424,20361218,20321227,20190805,,20210402,20430101,20320329,20240101,20151225,20271001,20310502,20310331,20231225,20230904,20310415,20260423,20360207,20191224,20260320,20191216,20150219,20270608,20281004,20390408,20250317,20260102,20221101,20251225,20190425,20250509,20310410,20171101,20230102,20250815,20140729,20270225,20210906,20160101,20260403,20330228,20400126,20220704,20361127,20391226,20351122,20351122,20260811,20230501,20331128,20200714,20340407,20411225,20251225,20271115,20290521,20350215,20250418,20360815,20441226,20391226,20441226,20201102,20221031,20190912,20281004,20250502,20200710,20340809,20220103,20211224,20291224,20210802,20390613,20440126,20361226,,20420101,20140506,20200501,20260227,20200217,20190610,20280815,20200120,20340407,20321115,20250805,20250421
20341002,20241203,20290521,20311029,20190501,20220207,20150403,20330905,20310501,20320811,20260102,20231101,20180101,20270401,20131231,20260729,20101002,20290423,20170529,20191226,20220829,20291225,20220530,20230904,20420901,,20361225,20310414,20191231,20320326,20290425,20370101,20321228,20191028,,20210405,20430327,20320517,20240102,20160101,20271008,20310901,20310401,20231226,20231113,20310425,20260501,20360414,20191225,20260323,20191225,20150220,20270816,20281005,20390411,20250331,20260406,20221208,20251226,20190501,20250529,20310411,20171109,20230126,20251208,20140821,20270310,20211011,20160104,20260501,20330301,20400330,20220905,20361225,20400102,20351225,20351225,20260921,20230517,20331208,20201111,20340410,20420101,20251226,20271231,20290702,20350218,20250421,20361208,20450407,20400330,20450407,20201225,20221101,20190913,20281005,20250602,20200731,20341109,20220303,20211231,20291225,20211004,20391226,20440415,20370101,,20420404,20140721,20200625,20260403,20200410,20190620,20281101,20200206,20340410,20321231,20250815,20250501
20341225,20250101,20291225,20320101,20190617,20220415,20150501,20331010,20310526,20321004,20260410,20231225,20180215,20270407,20140101,20260812,20101105,20290425,20170619,20200101,20220901,20291231,20220704,20231123,20421127,,20370101,20310425,20200101,20320531,20290514,20370125,20330103,20191225,,20210513,20430330,20320614,20240329,20160208,20271227,20310902,20310430,20240101,20231225,20310609,20260519,20360501,20200101,20260324,20191226,20150501,20270831,20281009,20390502,20250401,20260427,20230406,20260101,20190610,20250609,20310501,20171206,20230313,20251225,20140825,20270325,20211111,20160105,20260916,20330415,20400402,20221010,20370101,20400116,20360101,20360101,20260922,20230518,20331226,20201225,20340425,20420120,20260101,20280120,20290806,20350219,20250424,20361225,20450410,20400402,20450410,20201231,20221208,20191003,20281009,20251001,20200810,20341212,20220422,20220106,20291226,20211227,20391227,20440418,20370403,,20420407,20140915,20200626,20260406,20200518,20190815,20281225,20200410,20340425,20330228,20251118,20250529
20341226,20250329,20291226,20320114,20190815,20220418,20150525,20331111,20310612,20321227,20260413,20231226,20180216,20270414,20140214,20261013,20101117,20290426,20170626,20200410,20220915,20300101,20220905,20231225,20421225,,20370119,20310602,20200409,20320705,20290724,20370126,20330126,20191226,,20210524,20430501,20320705,20240401,20160209,20280126,20320101,20310501,20240329,20231226,20311023,20260527,20360508,20200325,20260403,20200101,20150504,20270916,20281225,20390530,20250501,20260501,20230407,20260403,20190613,20250623,20310526,20171208,20230407,20251226,20140919,20270326,20211227,20160106,20261102,20330421,20400425,20221111,20370119,20400220,20360121,20360121,20260923,20230529,20340102,20210101,20340605,20420217,20260403,20280228,20290807,20350923,20250501,20361226,20450501,20400501,20450501,20210101,20230102,20191009,20281225,20251002,20201225,20341225,20220425,20220415,20291231,20211228,20400102,20440425,20370406,,20420501,20140923,20201001,20260501,20200701,20191101,20281226,20200413,20340605,20330301,20251225,20250609
20350101,20250330,20300101,20320115,20191028,20220425,20150709,20331124,20310704,20321228,20260501,20240101,20180219,20270501,20140407,20261023,20101217,20290501,20170703,20200413,20221101,20300304,20221010,20240101,20430101,,20370216,20310609,20200410,20320906,20291202,20370127,20330415,20191227,,20210603,20430518,20321115,20240501,20160210,20280127,20320102,20310502,20240401,20240101,20311225,20260528,20360522,20200410,20260417,20200410,20150717,20271028,20281229,20390829,20250512,20260625,20230501,20260406,20190620,20250815,20310704,20171225,20230410,20260101,20141006,20270409,20211228,20160107,20261116,20330616,20400611,20221124,20370216,20400330,20360218,20360218,20261012,20231225,20340109,20210402,20340925,20420404,20260406,20280229,20290808,20351129,20250529,20370101,20450529,20400521,20450529,20210125,20230407,20191225,20281229,20251003,20210101,20350101,20220502,20220418,20300101,20220103,20400126,20440613,20370504,,20421225,20141013,20201002,20260619,20200803,20191224,20290101,20200427,20341023,20330415,20251226,20250801
20350126,20250331,20300419,20320116,20191225,20220606,20150817,20331226,20310901,20330103,20260601,20240315,20180220,20270517,20140414,20261207,20101225,20290525,20170720,20200501,20221117,20300305,20221111,20240115,20430119,,20370403,20310804,20200413,20321102,20291203,20370210,20330418,20200101,,20211224,20431224,20321227,20240509,20160325,20280128,20320209,20310901,20240501,20240329,20311226,20260529,20360602,20200501,20260501,20200413,20150831,20280126,20290101,20391226,20250530,20261225,20230629,20260504,20190815,20251225,20310901,20180101,20230425,20260106,20141208,20270517,20220103,20160108,20261225,20330907,20401225,20221226,20370403,20400528,20360411,20360411,20261103,20231226,20340220,20210405,20341225,20420526,20260501,20280414,20291022,20351202,20250609,20370106,20451225,20401003,20451225,20210215,20230501,20200101,20290101,20251006,20210212,20350208,20220506,20220526,20300419,20220126,20400330,20441226,20370525,,20421226,20141103,20201009,20260925,20200907,20191225,20290402,20200601,20341225,20330421,20260101,20251225
20350312,20250401,20300422,20320322,20191226,20221024,20151012,20340102,20311013,20330126,20261130,20240329,20180221,20270616,20140415,20261210,20110126,20290815,20170807,20200521,20221226,20300419,20221124,20240219,20430216,,20370525,20311006,20200508,20321111,20300101,20370301,20330425,20200317,,20211231,20431225,20321228,20240520,20160328,20280404,20320210,20310902,20240509,20240524,20320101,20260715,20360807,20200507,20260514,20200427,20150916,20280127,20290212,20391227,20250602,20270101,20230728,20260525,20191101,20251226,20310916,20180329,20230612,20260406,20141224,20270830,20220104,20160222,20270101,20331012,20401226,20230102,20370525,20400704,20360526,20360526,20261123,20240101,20340221,20210513,20341226,20420704,20260508,20280421,20291225,20351203,20250617,20370406,20451226,20401224,20451226,20210216,20230626,20200124,20290212,20251007,20210402,20350209,20220524,20220606,20300422,20220415,20400402,20441227,20370831,,20430101,20141124,20210101,20261009,20201012,20191226,20290501,20201026,20341226,20330616,20260106,20251226
20350323,20250605,20300530,20320323,20200101,20221226,20151106,20340116,20311111,20330415,20261201,20240401,20180405,20270904,20140501,20261231,20110216,20290911,20170821,20200522,20230106,20300501,20221226,20240329,20430327,,20370703,20311225,20200521,20321125,20300204,20371108,20330502,20200410,,20220415,20431231,20330103,20240801,20160404,20280414,20320211,20320101,20240621,20240617,20320126,20261029,20360815,20200521,20260527,20200501,20150924,20280201,20290213,20400102,20250606,20270208,20230830,20260831,20191224,20260101,20311013,20180330,20230929,20260501,20141225,20271101,20220415,20160223,20270201,20331102,20410101,20230116,20370703,20400903,20360704,20360704,20261231,20240328,20340222,20210524,20350101,20420901,20260706,20280501,20291226,20360206,20250804,20370501,20460101,20401225,20460101,20210402,20230815,20200127,20290213,20251008,20210513,20350219,20220906,20220624,20300501,20220418,20400425,20450102,20371225,,20430327,20141223,20210210,20270101,20201111,20200101,20290503,20201225,20350101,20330907,20260406,20260101
20350326,20250607,20300610,20320324,20200106,20221227,20151127,20340220,20311127,20330418,20261225,20240501,20180406,20270929,20140505,20270101,20110219,20291002,20171016,20200601,20230407,20300620,20230102,20240527,20430525,,20370907,20311226,20200522,20321126,20300205,20371109,20330613,20200413,,20220418,20440101,20330124,20240905,20160502,20280417,20320212,20320102,20241206,20240801,20320209,20270101,20361119,20200522,20260601,20200616,20151014,20280209,20290214,20400330,20250627,20270329,20231101,20261225,20191225,20260403,20311111,20180501,20231107,20260602,20141226,20271130,20220523,20160307,20270315,20331115,20410128,20230220,20370907,20401122,20360901,20360901,20270101,20240329,20340407,20210714,20350126,20421127,20260928,20280615,20300101,20360207,20251224,20370602,20460323,20401226,20460323,20210421,20230918,20200415,20290214,20260101,20210526,20350323,20220922,20221226,20300530,20220425,20400611,20450126,20371228,,20430330,20141231,20210211,20270202,20201225,20200106,20290531,20201228,20350102,20331012,20260501,20260102
20350425,20250626,20301225,20320325,20200302,20230102,20151207,20340529,20311225,20330425,20270101,20240520,20180430,20271002,20140513,20270222,20110302,20291016,20171106,20200721,20230410,20301115,20230116,20240704,20430703,,20371126,20320101,20200601,20321224,20300206,20371110,20330722,20200504,,20220526,20440415,20330302,20241225,20160609,20280501,20320213,20320209,20241224,20240802,20320308,20270309,20361225,20200525,20260616,20200810,20151110,20280214,20290301,20400402,20250901,20270427,20231208,20261228,20200101,20260406,20311117,20180502,20231225,20261208,20141230,20271208,20220624,20160308,20270325,20340220,20410419,20230529,20371126,20401225,20361127,20361127,20270111,20240401,20340501,20211101,20350305,20421225,20261028,20280907,20300304,20360210,20251225,20370629,20460326,20401231,20460326,20210603,20230919,20200430,20290301,20260102,20210720,20350501,20221226,20230106,20300610,20220613,20401225,20450407,20380101,,20430501,20150101,20210212,20270203,20201228,20200413,20290815,20210101,20350206,20331102,20260604,20260403
20350611,20250904,20301226,20320423,20200325,20230103,20151208,20340704,20320101,20330502,20270430,20240819,20180501,20271015,20140701,20270406,20110401,20291107,20171113,20201111,20230501,20301225,20230220,20240902,20430907,,20371225,20320126,20200605,20321231,20300413,20371217,20330801,20200601,,20220606,20440418,20330415,20241226,20160701,20280502,20320419,20320210,20241225,20240902,20320326,20270310,20370101,20200601,20260817,20200924,20151224,20280228,20290501,20400507,20250905,20270625,20231225,20270101,20200225,20260501,20311127,20180515,20231226,20261225,20141231,20271224,20220701,20160502,20270326,20340221,20410422,20230704,20371225,20410101,20361225,20361225,20270211,20240501,20341103,20211111,20350323,20430101,20261117,20281012,20300311,20360923,20251226,20371208,20460501,20410101,20460501,20210709,20231009,20200501,20290501,20260216,20210809,20350522,20221227,20230407,20300620,20220801,20401226,20450410,20380423,,20431225,20150102,20210215,20270204,20210101,20200501,20291101,20210104,20350323,20331115,20260622,20260406
20351001,20251130,20310101,20320519,20200417,20230130,20151225,20340904,20320119,20330810,20270503,20240820,20180618,20271028,20140711,20270413,20110404,20291120,20171208,20201225,20230508,20301231,20230529,20241128,20431126,,20380101,20320308,20201224,20330117,20300414,20380117,20331226,20200803,,20220616,20440606,20330418,20241231,20160916,20280529,20320430,20320211,20241226,20241111,20320329,20270311,20370126,20200731,20260825,20201216,20151225,20280229,20290507,20400528,20250916,20271101,20240101,20270326,20200410,20260514,20311212,20180815,20240101,20270101,20150101,20271230,20220905,20160503,20270916,20340407,20410425,20230904,20380101,20410121,20370101,20370101,20270223,20240509,20341106,20220415,20350326,20430119,20261224,20281102,20300419,20361118,20260101,20371225,20461224,20410419,20461224,20210907,20231027,20200505,20290507,20260217,20211104,20350809,20221228,20230410,20301003,20221003,20410101,20450425,20380426,,20440101,20150112,20210216,20270205,20210215,20200521,20291225,20210125,20350326,20331230,20260805,20260501
20351225,20251202,20310411,20320715,20200420,20230206,20160101,20341009,20320209,20331003,20270601,20241023,20180924,20271030,20140811,20270414,20110412,20291225,20171225,20210101,20230705,20310101,20230704,20241225,20431225,,20380118,20320326,20201225,20330415,20300504,20380118,20331227,20201026,,20221003,20441003,20330516,20250101,20161010,20281002,20320503,20320212,20250101,20241225,20320330,20270423,20370406,20200817,20261224,20201225,20160101,20280501,20290606,20400827,20251020,20280208,20240328,20270329,20200501,20260525,20311225,20181012,20240126,20270106,20150102,20271231,20221010,20160509,20271102,20340421,20410610,20231009,20380118,20410218,20370119,20370119,20270322,20240517,20341110,20220418,20350425,20430216,20261225,20281115,20300422,20361119,20260402,20380101,20461225,20410422,20461225,20211012,20231101,20200817,20290606,20260218,20220201,20351030,20230102,20230501,20301101,20221226,20410128,20450612,20380503,,20440415,20150211,20210301,20270208,20210402,20200601,20291226,20210208,20350425,20340220,20261118,20260514
20351226,20251203,20310414,20320830,20200501,20230407,20160208,20341123,20320210,20331226,20270621,20241101,20181001,20271101,20140812,20270415,20110414,20300205,20171229,20210402,20230829,20310224,20230904,20250101,20440101,,20380215,20320329,20201231,20330530,20300713,20380119,20340102,20201225,,20221226,20441226,20330613,20250102,20161226,20281004,20320902,20320213,20250106,20241226,20320614,20270517,20370428,20200820,20261225,20210101,20160125,20280505,20290815,20401225,20251225,20280417,20240329,20270503,20200610,20260623,20320101,20181101,20240311,20270329,20150115,20280126,20221111,20160613,20271115,20340501,20411225,20231123,20380215,20410419,20370216,20370216,20270429,20240520,20341128,20220526,20350604,20430327,20270101,20281120,20300610,20361120,20260403,20380106,20461226,20410501,20461226,20211102,20231208,20200930,20290815,20260219,20220202,20351225,20230303,20230518,20301224,20221227,20410419,20451225,20380531,,20440418,20150429,20210402,20270209,20210524,20200611,20300101,20210402,20350604,20340221,20261225,20260525
20360101,20260101,20310522,20321029,20200608,20230410,20160209,20341225,20320216,20331227,20271130,20241224,20181002,20271116,20141023,20270503,20110416,20300320,20180101,20210405,20230901,20310225,20231009,20250120,20440118,,20380423,20320426,20210101,20330704,20301130,20380120,20340126,20201228,,20230407,20450407,20330704,20250418,20161227,20281026,20320903,20320419,20250418,20250101,20321021,20270518,20370501,20200821,20261231,20210322,20160201,20280509,20290921,20401226,20260101,20280427,20240501,20270531,20200611,20261225,20320119,20181109,20240329,20270602,20150116,20280225,20221226,20161104,20280207,20340608,20411226,20231225,20380423,20410527,20370403,20370403,20270503,20241224,20341208,20220606,20350924,20430525,20270326,20281225,20300701,20370125,20260406,20380426,20461231,20410610,20461231,20211115,20231225,20201001,20290921,20260220,20220415,20360101,20230414,20230606,20301225,20230102,20410422,20451226,20380830,,20441226,20150504,20210405,20270210,20210701,20201026,20300422,20210405,20351022,20340407,20270101,20261225
20360128,20260321,20310602,20330103,20201028,20230425,20160324,20350101,20320326,20340102,20271201,20241225,20181003,20280115,20141205,20270504,20110422,20300412,20180108,20210513,20230915,20310411,20231123,20250217,20440215,,20380531,20320531,20210401,20330905,20301202,20380121,20340407,20201229,,20230410,20450410,20331114,20250421,20170102,20281225,20330103,20320430,20250421,20250418,20321227,20270519,20370514,20201028,20270101,20210402,20160208,20280526,20290924,20410101,20260202,20280501,20240729,20270830,20201005,20270101,20320202,20181206,20240401,20271101,20150219,20280228,20221227,20170102,20280320,20340907,20420101,20240101,20380531,20410704,20370525,20370525,20270504,20241225,20341225,20220714,20351225,20430703,20270329,20281229,20300805,20370126,20260423,20380602,20470101,20411003,20470101,20211231,20240101,20201002,20290924,20260406,20220502,20360128,20230417,20230623,20301226,20230126,20410425,20460101,20381227,,20450407,20150505,20210614,20270301,20210802,20201208,20300501,20210426,20351225,20340421,20270106,20270101
20360310,20260322,20311225,20330104,20201225,20230605,20160325,20350115,20320421,20340126,20280124,20241226,20181004,20280126,20141210,20270520,20110517,20300416,20180319,20210514,20231101,20310421,20231225,20250418,20440415,,20380705,20320614,20210402,20331111,20301203,20380209,20340410,20210101,,20230501,20450501,20331226,20250501,20170130,20281226,20330131,20320503,20250501,20250530,20321228,20270715,20370525,20201029,20270105,20210405,20160209,20280605,20291003,20410419,20260217,20280502,20240830,20271227,20201201,20270326,20320216,20181225,20240425,20271208,20150402,20280413,20230102,20170103,20280413,20341012,20420127,20240115,20380705,20410902,20370703,20370703,20270505,20241226,20350101,20220815,20351226,20430907,20270705,20290101,20300806,20370127,20260501,20380629,20470412,20411224,20470412,20220125,20240329,20201009,20291003,20260501,20220516,20360129,20230501,20231225,20301231,20230407,20410610,20460126,20381228,,20450410,20150506,20210920,20270405,20210906,20201224,20300503,20210607,20351226,20340501,20270329,20270326
20360411,20260526,20311226,20330311,20210101,20231023,20160525,20350219,20320527,20340407,20280414,20241227,20181005,20280223,20141231,20270603,20110815,20300419,20180329,20210524,20231117,20310501,20240101,20250526,20440530,,20380906,20320802,20210405,20331124,20310101,20380307,20340425,20210317,,20230518,20450529,20331227,20250529,20170131,20290101,20330201,20320902,20250529,20250616,20330103,20270830,20370807,20201030,20270308,20210427,20160502,20280803,20291009,20410422,20260218,20280815,20241008,20271228,20201208,20270329,20320315,20190101,20240610,20280106,20150403,20280414,20230103,20170104,20280414,20341102,20420404,20240219,20380906,20411128,20370907,20370907,20270719,20250101,20350109,20221101,20360101,20431126,20270706,20290212,20300807,20370923,20260514,20381101,20470415,20411225,20470415,20220228,20240501,20201225,20291009,20260619,20220809,20360208,20230508,20231226,20310101,20230410,20411225,20460323,20390103,,20450501,20150720,20210921,20270406,20211011,20201225,20300620,20211025,20360101,20340608,20270527,20270329
20360414,20260527,20320101,20330314,20210106,20231225,20160620,20350323,20320531,20340410,20280417,20250101,20181231,20280327,20150101,20270719,20110819,20300501,20180330,20210721,20231225,20310612,20240115,20250704,20440704,,20381125,20321004,20210430,20331125,20310125,20381031,20340501,20210402,,20230529,20451003,20340102,20250609,20170404,20290213,20330202,20320903,20250620,20250731,20330126,20271029,20371105,20201224,20270309,20210616,20160622,20280831,20291225,20410506,20260320,20281031,20241101,20280103,20201224,20270506,20320325,20190107,20240927,20280417,20150409,20280501,20230407,20170105,20280501,20341115,20420407,20240527,20381125,20411225,20371126,20371126,20270811,20250417,20350205,20221111,20360128,20431225,20270928,20290213,20301021,20371105,20260525,20381208,20470501,20411226,20470501,20220301,20240521,20210101,20291225,20260925,20221024,20360411,20230524,20240101,20310106,20230425,20411226,20460326,20390408,,20451225,20150921,20211011,20270609,20211111,20210101,20300815,20211227,20360102,20340907,20270622,20270506
20360425,20260528,20320326,20330519,20210315,20231226,20160708,20350528,20320705,20340425,20280501,20250418,20190101,20280401,20150102,20270728,20110831,20300514,20180501,20211101,20231226,20311225,20240219,20250901,20440905,,20381224,20321227,20210513,20331226,20310126,20381101,20340612,20210405,,20230608,20451225,20340123,20250801,20170414,20290214,20330203,20330103,20251224,20250801,20330214,20280228,20371109,20201225,20270310,20210809,20160706,20281017,20291231,20410527,20260501,20281101,20241225,20280414,20201225,20270517,20320326,20190418,20241105,20280425,20150501,20280505,20230522,20170106,20281102,20341225,20420425,20240704,20381224,20420101,20371225,20371225,20270920,20250418,20350206,20221226,20360303,20440101,20271028,20290330,20301225,20371108,20260617,20390106,20471224,20411231,20471224,20220415,20240716,20210211,20291231,20261001,20221226,20360501,20230906,20240329,20310411,20230612,20420101,20460425,20390411,,20451226,20150922,20211231,20270915,20211227,20210106,20301101,20211228,20360206,20341012,20270805,20270517
20360609,20260616,20320329,20330715,20210325,20240101,20160815,20350704,20320906,20340501,20280601,20250421,20190204,20280407,20150304,20270812,20110901,20300815,20180514,20211111,20240101,20311231,20240329,20251127,20441124,,20390117,20321228,20210514,20340102,20310401,20381102,20340728,20210503,,20231003,20451226,20340222,20250911,20170417,20290215,20330204,20330131,20251225,20250901,20330314,20280229,20371225,20201228,20270311,20210924,20160707,20281225,20300101,20410826,20260527,20281225,20250101,20280417,20210101,20270623,20320531,20190419,20241225,20280501,20150612,20280508,20230626,20170109,20281120,20350101,20420609,20240902,20390117,20420120,20380101,20380101,20270923,20250421,20350207,20230407,20360411,20440118,20271117,20290423,20301226,20371109,20260803,20390411,20471225,20420101,20471225,20220421,20240815,20210212,20300101,20261002,20230102,20361119,20230922,20240401,20310414,20230807,20420127,20460611,20390502,,20460101,20150923,20220131,20271011,20211228,20210405,20301111,20220103,20360411,20341102,20271101,20280414
20361006,20260825,20320427,20330830,20210430,20240102,20161010,20350903,20320907,20340816,20280605,20250501,20190205,20280414,20150406,20271013,20110930,20301002,20180604,20220415,20240329,20320101,20240527,20251225,20441226,,20390221,20330103,20210524,20340116,20310402,20381219,20340807,20210607,,20231225,20460101,20340407,20251225,20170501,20290330,20330411,20330201,20251226,20251111,20330415,20280501,20380101,20201229,20270312,20211216,20160831,20290101,20300204,20411225,20260601,20281226,20250417,20280501,20210216,20271101,20320705,20190501,20241226,20280602,20150717,20280612,20230703,20170223,20281212,20350205,20421225,20241014,20390221,20420217,20380118,20380118,20271011,20250501,20350323,20230410,20360414,20440215,20271224,20290501,20310101,20380114,20261224,20390425,20471226,20420404,20471226,20220616,20240918,20210301,20300204,20261005,20230123,20361225,20231225,20240501,20310501,20231002,20420404,20461225,20390509,,20460323,20151012,20220201,20271231,20220103,20210513,20301225,20220104,20360414,20341115,20271118,20280417
20361225,20261130,20320506,20331223,20210503,20240129,20161128,20351008,20321011,20341002,20280815,20250502,20190206,20280427,20150413,20271025,20111006,20301225,20180611,20220418,20240401,20320209,20240704,20260101,20450102,,20390408,20330126,20211224,20340407,20310403,20390105,20341225,20210802,,20231226,20460323,20340410,20251226,20170503,20290402,20330502,20330202,20260101,20251225,20330418,20280505,20380426,20201230,20270326,20211227,20160912,20290130,20300205,20411226,20260602,20290101,20250418,20280529,20210402,20280414,20320906,20190502,20250101,20280815,20150821,20280821,20230904,20170308,20281225,20350206,20421226,20241111,20390408,20420404,20380215,20380215,20271103,20250529,20350501,20230501,20360425,20440415,20280414,20290531,20310303,20380117,20261225,20390602,20471231,20420407,20471231,20220907,20240919,20210505,20300205,20261006,20230124,20370101,20231226,20240509,20310522,20231225,20420407,20461226,20390530,,20460326,20151103,20220202,20280120,20220221,20210524,20301226,20220124,20360425,20341225,20280106,20280501
20361226,20261202,20320517,20340301,20210621,20240206,20161208,20351112,20321012,20341225,20281130,20250609,20190207,20280501,20150414,20271206,20111026,20310220,20180702,20220526,20240501,20320210,20240902,20260119,20450116,,20390530,20330314,20211231,20340529,20310423,20390106,20341226,20211025,,20240101,20460326,20340515,20251231,20170530,20290404,20330503,20330203,20260106,20251226,20330419,20280508,20380603,20201231,20270407,20220321,20160916,20290201,20300301,20420101,20260616,20290102,20250501,20280828,20210603,20280417,20320916,20190515,20250127,20281101,20150831,20280828,20231009,20170501,20290101,20350323,20430101,20241128,20390530,20420526,20380423,20380423,20271123,20250609,20351105,20230508,20360602,20440530,20280417,20290907,20310310,20380118,20270101,20390629,20480101,20420501,20480101,20221012,20240920,20210519,20300301,20261007,20230407,20370127,20231227,20240606,20310602,20231226,20420425,20470101,20390829,,20460501,20151123,20220203,20280121,20220415,20210603,20310101,20220207,20360602,20341229,20280417,20280525
20370101,20261203,20330415,20340302,20211028,20240329,20161209,20351122,20321102,20341226,20281201,20250820,20190208,20280506,20150415,20271210,20111027,20310401,20180720,20220527,20240508,20320326,20241014,20260216,20450220,,20390704,20330415,20220414,20340704,20310702,20390208,20350101,20211227,,20240329,20460501,20340619,20260101,20171002,20290501,20330902,20330204,20260403,20260101,20330425,20280519,20380614,20210101,20270506,20220415,20161003,20290202,20300501,20420404,20260825,20290208,20250728,20281225,20210610,20280501,20321011,20190815,20250310,20281208,20150925,20281101,20231113,20170502,20290205,20350501,20430126,20241225,20390704,20420704,20380531,20380531,20271231,20251224,20351128,20230518,20360929,20440704,20280501,20291012,20310411,20380923,20270325,20390815,20480403,20420526,20480403,20221102,20241031,20210920,20300501,20270101,20230421,20370216,20240101,20240621,20310612,20240101,20420609,20470128,20391226,,20461225,20151223,20220204,20280124,20220523,20211026,20310106,20220415,20361027,20350101,20280501,20280605
20370126,20270308,20330418,20340303,20220106,20240401,20170227,20351225,20321111,20350101,20281225,20251023,20190405,20280804,20150501,20271231,20111107,20310403,20180807,20220606,20240705,20320421,20241111,20260403,20450529,,20390905,20330418,20220415,20340904,20311130,20390306,20350126,20211228,,20240401,20460514,20340703,20260102,20171005,20290521,20330905,20330411,20260406,20260403,20330613,20280830,20381026,20210212,20270517,20220418,20161212,20290213,20300506,20420407,20260831,20290402,20250729,20281226,20211005,20280509,20321102,20191101,20250418,20281225,20151118,20281130,20231225,20170508,20290319,20350524,20430327,20250101,20390905,20420901,20380705,20380705,20280103,20251225,20351225,20230529,20361225,20440905,20280508,20291102,20310414,20381028,20270326,20391101,20480406,20421003,20480406,20221115,20241101,20210921,20300506,20270205,20230501,20370217,20240304,20241224,20311003,20240126,20421225,20470412,20391227,,20461226,20151231,20220228,20280125,20220701,20211101,20310414,20220418,20361225,20350205,20280530,20280801
20370309,20270309,20330427,20340501,20220307,20240425,20170228,20360101,20321115,20350126,20281226,20251024,20190501,20280815,20150504,20280103,20111110,20310411,20180820,20220721,20240829,20320527,20241128,20260525,20450704,,20391124,20330425,20220418,20341107,20311202,20391019,20350323,20211229,,20240501,20461003,20341113,20260403,20171225,20290702,20340102,20330502,20260501,20260529,20331020,20290101,20381029,20210311,20270520,20220427,20161226,20290214,20300509,20420505,20260916,20290427,20251008,20290101,20211101,20280525,20321111,20191206,20250421,20281226,20151119,20281208,20231226,20170509,20290329,20350907,20430330,20250120,20391124,20421127,20380906,20380906,20280110,20251226,20360101,20230714,20361226,20441124,20280705,20291115,20310602,20381031,20270329,20391208,20480501,20421224,20480501,20221230,20241225,20210922,20300509,20270208,20230602,20370403,20240501,20241225,20311224,20240329,20421226,20470415,20400102,,20470101,20160101,20220404,20280126,20220801,20211208,20310501,20220425,20361226,20350206,20280615,20281225
20370403,20270310,20330526,20340519,20220325,20240603,20170324,20360121,20321125,20350323,20290101,20251224,20190502,20280823,20150505,20280210,20111206,20310414,20181015,20220815,20241101,20320907,20241225,20260703,20450904,,20391226,20330530,20220513,20341110,20311203,20391020,20350326,20220103,,20240509,20461224,20341225,20260406,20171226,20290924,20340220,20330503,20260514,20260615,20331226,20290215,20381101,20210315,20270601,20220502,20170102,20290215,20300606,20420526,20261109,20290501,20251208,20290330,20211201,20280605,20321115,20191209,20250425,20290101,20151130,20281225,20240101,20170612,20290330,20351012,20430608,20250217,20391226,20421225,20381125,20381125,20280211,20260101,20360109,20230815,20370101,20441226,20280706,20291120,20310630,20381101,20270422,20391226,20480525,20421225,20480525,20230125,20241231,20220131,20300606,20270209,20230628,20370501,20240503,20241226,20311225,20240401,20430101,20470425,20400330,,20470412,20160111,20220405,20280127,20220905,20211224,20310612,20220606,20370101,20350323,20280622,20281226
20370406,20270311,20330606,20340830,20220422,20241028,20170413,20360218,20330117,20350326,20290102,20251225,20190503,20280918,20150601,20280406,20120126,20310501,20181105,20221101,20241224,20321012,20250101,20260907,20451123,,20400102,20330613,20220526,20341123,20320101,20391218,20350425,20220317,,20240520,20461225,20341226,20260501,20180101,20291001,20340221,20330902,20260619,20260730,20331227,20290216,20381115,20210402,20270817,20220616,20170130,20290216,20300612,20420825,20261225,20290502,20251225,20290402,20211208,20280623,20321125,20191225,20250609,20290402,20151224,20290101,20240102,20171106,20290501,20351102,20431225,20250526,20400102,20430101,20381224,20381224,20280223,20260402,20360225,20231101,20370126,20450102,20280928,20291225,20310804,20390104,20270506,20400106,20481224,20421226,20481224,20230220,20250101,20220201,20300612,20270210,20230809,20370529,20240506,20241231,20311226,20240425,20430126,20470610,20400402,,20470415,20160211,20220502,20280128,20221010,20220106,20310815,20221024,20370102,20350501,20280815,20290101
20370608,20270515,20331226,20341212,20220425,20241225,20170414,20360411,20330221,20350425,20290124,20251226,20190607,20280927,20150701,20280413,20120216,20310815,20181112,20221111,20241225,20321102,20250120,20261126,20451225,,20400116,20330801,20220527,20341124,20320114,20391225,20350507,20220415,,20240530,20461226,20350101,20260514,20180216,20291016,20340222,20330905,20261224,20260731,20340102,20290423,20390105,20210512,20271224,20220809,20170201,20290424,20300815,20421225,20270101,20290625,20260101,20290507,20211224,20280815,20330117,20200101,20250926,20290425,20151225,20290213,20240329,20180101,20291102,20351115,20431228,20250704,20400116,20430119,20390117,20390117,20280320,20260403,20360226,20231225,20370302,20450116,20281117,20291231,20310805,20390105,20270517,20400402,20481225,20421231,20481225,20230221,20250418,20220202,20300815,20270211,20231113,20370810,20240524,20250101,20311231,20240610,20430327,20471225,20400507,,20470501,20160321,20220603,20280228,20221111,20220418,20311111,20221226,20370206,20350524,20281101,20290102
20371005,20270516,20340407,20341213,20220613,20241226,20170501,20360526,20330228,20350507,20290406,20260101,20190913,20280928,20150730,20280414,20120220,20311002,20181225,20221226,20241226,20321115,20250217,20261225,20460101,,20400220,20331003,20220606,20341225,20320115,20391226,20350611,20220418,,20241003,20461231,20350122,20260525,20180219,20291225,20340223,20340102,20261225,20260907,20340126,20290424,20390406,20210513,20271231,20221216,20170209,20290501,20300911,20421226,20270201,20290815,20260102,20290528,20220301,20281101,20330207,20200106,20251104,20290501,20151230,20290215,20240520,20180102,20291119,20351225,20440101,20250901,20400220,20430216,20390221,20390221,20280503,20260406,20360227,20231226,20370403,20450220,20281225,20300101,20310806,20390106,20270617,20400425,20481231,20430101,20481231,20230407,20250501,20220301,20300911,20270405,20231225,20371106,20240906,20250106,20320101,20240805,20430330,20471226,20400509,,20471225,20160429,20220909,20280403,20221226,20220526,20311225,20221227,20370403,20350907,20281225,20290330
20371225,20270517,20340410,20341214,20220815,20250101,20170525,20360704,20330301,20350815,20290409,20260102,20191001,20281002,20150812,20280501,20120308,20311128,20181231,20230407,20250101,20321130,20250418,20270101,20460115,,20400330,20331226,20221226,20350101,20320321,20391227,20350727,20220502,,20241224,20470101,20350207,20260910,20180330,20291226,20340224,20340220,20270101,20261111,20340213,20290425,20390411,20210514,20280126,20221226,20170501,20290515,20300912,20430101,20270208,20291031,20260402,20290827,20220415,20281225,20330221,20200409,20251225,20290815,20151231,20290329,20240624,20180103,20291212,20360101,20440126,20251013,20400330,20430327,20390408,20390408,20280504,20260501,20360411,20240101,20370406,20450407,20281226,20300304,20311020,20390922,20270802,20400501,20490101,20430327,20490101,20230421,20250521,20220309,20300912,20270503,20240101,20371109,20240923,20250418,20320106,20241007,20430608,20480101,20400528,,20471226,20160503,20221010,20280404,20221227,20220606,20311226,20230102,20370406,20351012,20281226,20290402
20371228,20270606,20340427,20350101,20221028,20250102,20170619,20360901,20330415,20351001,20290501,20260403,20191002,20281003,20151023,20280504,20120323,20311225,20190101,20230410,20250106,20321231,20250526,20270118,20460219,,20400528,20331227,20230406,20350115,20320322,20400101,20350806,20220606,,20241225,20470412,20350323,20261225,20180402,20300101,20340428,20340221,20270106,20261225,20340313,20290426,20390502,20210526,20280228,20230102,20170510,20290528,20300913,20430327,20270224,20291101,20260403,20291225,20220425,20281226,20330321,20200410,20251226,20291101,20160101,20290330,20240701,20180104,20291225,20360225,20440415,20251111,20400528,20430525,20390530,20390530,20280505,20260514,20360501,20240329,20370427,20450529,20290101,20300305,20311225,20391018,20271224,20400629,20490416,20430330,20490416,20230501,20250716,20220505,20300913,20270609,20240212,20371225,20241224,20250421,20320326,20241225,20431225,20480127,20400827,,20480101,20160504,20230102,20280501,20230102,20220616,20320101,20230103,20370427,20351102,20290101,20290501
20380101,20270814,20340518,20350219,20221226,20250127,20170620,20361013,20330421,20351225,20290528,20260406,20191003,20281017,20151207,20280508,20120402,20320115,20190107,20230501,20250418,20330228,20250704,20270215,20460323,,20400704,20340102,20230407,20350323,20320323,20400214,20351225,20220801,,20241226,20470415,20350326,20261231,20180405,20300204,20340501,20340222,20270326,20261228,20340407,20290427,20390519,20210601,20280229,20230321,20170612,20290604,20301003,20430330,20270310,20291225,20260501,20291226,20220610,20290101,20330414,20200501,20260101,20291225,20160208,20290409,20240902,20180105,20300101,20360226,20440418,20251127,20400704,20430703,20390704,20390704,20280717,20260525,20361103,20240401,20370601,20450704,20290330,20300419,20311226,20391019,20280413,20400815,20490419,20430501,20490419,20230608,20250815,20220601,20301003,20270915,20240329,20380101,20241225,20250501,20320329,20241226,20431228,20480403,20401225,,20480403,20160505,20230120,20280529,20230220,20220815,20320106,20230123,20370601,20351115,20290402,20290510
20380126,20271130,20340529,20350220,20230106,20250206,20170821,20361111,20330530,20351226,20290601,20260501,20191004,20281018,20151210,20280605,20120405,20320126,20190325,20230518,20250421,20330301,20250901,20270326,20460528,,20400903,20340126,20230410,20350528,20320411,20400304,20351226,20221031,,20241231,20470501,20350521,20270101,20180501,20300205,20340502,20340223,20270329,20270101,20340410,20290501,20390530,20210719,20280301,20230407,20170626,20290724,20301009,20430504,20270311,20291226,20260629,20300101,20220613,20290330,20330415,20200515,20260126,20291226,20160225,20290424,20241014,20180108,20300204,20360411,20440425,20251225,20400903,20430907,20390905,20390905,20280811,20261224,20361104,20240501,20370928,20450904,20290402,20300423,20320101,20391020,20280414,20401101,20491224,20430518,20491224,20230907,20250918,20220606,20301009,20271001,20240410,20380204,20241226,20250529,20320506,20250101,20440101,20480406,20401226,,20480406,20160718,20230123,20281002,20230407,20221026,20320329,20230206,20371026,20351225,20290501,20290521
20380308,20271202,20341225,20350221,20230227,20250418,20171009,20361127,20330616,20360101,20290815,20260525,20191007,20281101,20151231,20280706,20120406,20320310,20190418,20230519,20250501,20330415,20251013,20270531,20460704,,20401122,20340313,20230505,20350704,20320620,20401007,20360101,20221226,,20250101,20470603,20350618,20270326,20180522,20300206,20340904,20340224,20270506,20270326,20340411,20290830,20390808,20210720,20280327,20230410,20170627,20290831,20301225,20430525,20270517,20300101,20260728,20300419,20220616,20290402,20330530,20201012,20260309,20300101,20160324,20290501,20241111,20180223,20300318,20360421,20440613,20260101,20401122,20431126,20391124,20391124,20280918,20261225,20361105,20240508,20371225,20451123,20290501,20300501,20320301,20391225,20280417,20401225,20491231,20431224,20491231,20231012,20250919,20220815,20301225,20271004,20240501,20380205,20250101,20250606,20320517,20250127,20440126,20480608,20410101,,20480501,20160811,20230124,20281003,20230522,20221101,20320503,20230407,20371225,20351231,20290530,20290801
20380423,20280101,20341226,20350423,20230414,20250421,20171106,20361225,20330704,20360128,20291130,20260820,20200101,20281225,20160101,20280728,20120414,20320322,20190419,20230529,20250508,20330421,20251111,20270705,20460903,,20401225,20340407,20230518,20350903,20321130,20401008,20360128,20221227,,20250418,20471003,20350702,20270329,20180618,20300405,20340905,20340428,20270625,20270528,20340425,20291029,20390815,20210810,20280414,20230427,20170831,20290917,20301231,20430831,20270520,20300102,20260729,20300422,20220815,20290501,20330704,20201102,20260403,20300422,20160325,20290612,20241225,20180308,20300418,20360501,20441226,20260119,20401225,20431225,20391226,20391226,20280922,20270101,20361110,20240509,20371228,20451225,20290508,20300620,20320308,20391226,20280420,20401226,20500408,20431225,20500408,20231102,20251031,20220909,20301231,20271005,20240522,20380423,20250303,20250620,20320527,20250418,20440415,20481225,20410419,,20481225,20160919,20230125,20281009,20230703,20221208,20320527,20230410,20371228,20360101,20290531,20291225
20380426,20280226,20350101,20350501,20230417,20250425,20171127,20370101,20330905,20360411,20291225,20260821,20200124,20290126,20160222,20280814,20120501,20320326,20190501,20230721,20250829,20330616,20251127,20270906,20461122,,20410101,20340410,20230519,20351112,20321202,20401009,20360411,20221228,,20250421,20471224,20351112,20270506,20180702,20300419,20350101,20340501,20271206,20270621,20340612,20300101,20391019,20210817,20280501,20230501,20170901,20291105,20310101,20431225,20270531,20300208,20261008,20300506,20221005,20290509,20330905,20201109,20260406,20300425,20160509,20290821,20241226,20180309,20300419,20360612,20441227,20260216,20410101,20440101,20400102,20400102,20281009,20270325,20361128,20240520,20380101,20460101,20290705,20301115,20320326,20391227,20280501,20410101,20500411,20431231,20500411,20231115,20251208,20220912,20310101,20271006,20240617,20380518,20250418,20251224,20321101,20250421,20440418,20481228,20410422,,20490101,20160922,20230126,20281010,20230807,20221226,20321101,20230425,20380101,20360225,20290622,20291226
20380427,20280227,20350323,20350830,20230501,20250602,20171208,20370119,20330907,20360414,20291226,20261023,20200127,20290215,20160406,20281013,20120815,20320414,20190603,20230815,20250901,20330907,20251225,20271125,20461225,,20410121,20340425,20230529,20351122,20330101,20401213,20360414,20230102,,20250501,20471225,20351225,20270517,20180925,20300422,20350205,20340502,20271224,20270729,20341026,20300204,20391101,20211019,20280505,20230616,20170921,20291225,20310122,20431228,20270601,20300422,20261208,20300527,20221101,20290510,20330916,20201207,20260608,20300501,20160706,20290827,20250101,20180430,20300501,20361225,20450102,20260525,20410121,20440118,20400116,20400116,20281103,20270326,20361208,20240815,20380126,20460115,20290706,20301120,20320329,20400923,20280525,20410422,20500530,20440101,20500530,20231120,20251225,20221003,20310122,20271007,20240809,20380809,20250421,20251225,20321224,20250425,20440425,20490101,20410506,,20490416,20161010,20230127,20290101,20230904,20230106,20321111,20230605,20380104,20360226,20290815,20300101
20380614,20280228,20350326,20351029,20230605,20251027,20171225,20370216,20331010,20360425,20300101,20261224,20200128,20290316,20160413,20281023,20120818,20320419,20190624,20231101,20250915,20331012,20260101,20271224,20470101,,20410218,20340529,20230605,20351123,20330102,20401216,20360425,20230317,,20250529,20471226,20351226,20270909,20181001,20300501,20350206,20340904,20280106,20270730,20341225,20300205,20391115,20211224,20280509,20230809,20171018,20300101,20310123,20440101,20270607,20300501,20261225,20300826,20221201,20290521,20331010,20201208,20260925,20300815,20160829,20291101,20250102,20180501,20300916,20370101,20450126,20260907,20410218,20440215,20400220,20400220,20281123,20270329,20361225,20241101,20380301,20460219,20290928,20301225,20320517,20401004,20280605,20410425,20501226,20440415,20501226,20231225,20251231,20230123,20310123,20280103,20241031,20381027,20250501,20251226,20321231,20250609,20440613,20490126,20410509,,20490419,20161103,20230227,20290208,20231009,20230410,20330106,20231023,20380208,20360411,20291101,20300102
20381004,20280504,20350427,20351203,20230815,20251225,20180101,20370525,20331012,20360505,20300102,20261225,20200129,20290330,20160414,20281205,20120820,20320421,20190701,20231225,20251117,20331102,20260119,20280117,20470121,,20410419,20340612,20231225,20351225,20330103,20401217,20360505,20230407,,20250609,20471231,20360101,20271231,20181017,20300509,20350207,20340905,20280414,20270906,20341226,20300206,20391226,20220201,20280525,20230925,20171201,20300121,20310124,20440415,20270608,20300502,20270101,20301225,20221208,20290815,20331102,20201225,20261103,20301101,20160912,20291130,20250418,20180502,20301118,20370216,20450407,20261012,20410419,20440415,20400330,20400330,20290101,20270506,20370101,20241111,20380423,20460323,20291224,20301231,20320702,20401007,20280807,20410501,20510331,20440418,20510331,20231229,20260101,20230124,20310124,20280125,20241225,20381029,20250506,20251231,20330106,20250804,20441226,20490416,20410527,,20500408,20161123,20230228,20290209,20231113,20230501,20330418,20231225,20380423,20360421,20291225,20300419
20381227,20280506,20350503,20360101,20231225,20251226,20180212,20370703,20331102,20360813,20300124,20270101,20200130,20290402,20160415,20281211,20120919,20320423,20190807,20231226,20251224,20331115,20260216,20280221,20470218,,20410527,20340807,20231226,20360101,20330104,20401218,20360609,20230410,,20250619,20480101,20360128,20280414,20181225,20300605,20350208,20350101,20280417,20271111,20350101,20300415,20400402,20220228,20280526,20231225,20171225,20300122,20310501,20440418,20270816,20300625,20270325,20301226,20230221,20291101,20331111,20210101,20261225,20301225,20161031,20291224,20250519,20180509,20301212,20370217,20450410,20261111,20410527,20440530,20400528,20400528,20290102,20270517,20370109,20241225,20380426,20460528,20291225,20310101,20320802,20401008,20281225,20410815,20510403,20440606,20510403,20240101,20260403,20230301,20310501,20280126,20250101,20390105,20250526,20260101,20330415,20251006,20441227,20490419,20410826,,20500411,20161223,20230404,20290212,20231225,20230518,20330503,20231226,20380426,20360501,20291226,20300422
20381228,20280525,20350514,20360208,20231226,20260101,20180213,20370907,20331111,20361006,20300426,20270315,20200131,20290425,20160502,20290101,20120929,20320908,20190819,20240101,20251225,20331130,20260525,20280414,20470412,,20410704,20341002,20240101,20360121,20330310,20410101,20360725,20230501,,20251003,20480403,20360227,20280417,20181226,20300701,20350209,20350205,20280501,20271227,20350126,20300416,20400501,20220415,20280601,20231226,20180101,20300201,20310505,20440502,20270831,20300815,20270326,20310101,20230407,20291225,20331121,20210106,20261228,20301226,20161101,20291225,20250624,20180611,20301225,20370403,20450425,20261126,20410704,20440704,20400704,20400704,20290103,20271224,20370216,20241226,20380607,20460704,20291226,20310120,20320803,20401213,20281226,20411101,20510501,20441003,20510501,20240125,20260501,20230501,20310505,20280127,20250129,20390124,20250908,20260106,20330418,20251225,20450102,20490614,20411225,,20501226,20170102,20230405,20290213,20231226,20230529,20330616,20240101,20380607,20360612,20300101,20300501
20390103,20280803,20351225,20360211,20240101,20260102,20180329,20371012,20331115,20361225,20300429,20270326,20200406,20290426,20160505,20290102,20121002,20321014,20191014,20240329,20251226,20331230,20260703,20280529,20470527,,20410902,20341225,20240328,20360411,20330312,20410212,20360804,20230605,,20251224,20480406,20360411,20280501,20190101,20300913,20350212,20350206,20280525,20271228,20350212,20300423,20400510,20220502,20280803,20240101,20180131,20300204,20310528,20440530,20270916,20301031,20270629,20310411,20230425,20291226,20331124,20210319,20270101,20310101,20161130,20291231,20250701,20180612,20310101,20370421,20450612,20261225,20410902,20440905,20400903,20400903,20290108,20280413,20370217,20250101,20380927,20460903,20300101,20310224,20320804,20401216,20290101,20411225,20511225,20441226,20511225,20240212,20260521,20230505,20310528,20280128,20250130,20390125,20250922,20260403,20330526,20251226,20450126,20491227,20411226,,20510331,20170103,20230501,20290214,20240101,20230608,20330815,20240102,20381025,20361225,20300422,20300530
20390126,20281130,20351226,20360423,20240318,20260126,20180330,20371111,20331124,20361226,20300501,20270329,20200501,20290501,20160506,20290227,20121024,20321104,20191104,20240401,20260101,20340220,20260907,20280704,20470704,,20411128,20341226,20240329,20360526,20330609,20410303,20361225,20230807,,20251225,20480501,20360414,20280525,20190205,20301001,20350416,20350207,20280623,20280103,20350312,20300501,20400521,20220503,20280817,20240321,20180201,20300205,20310606,20440829,20271028,20301101,20270728,20310414,20230501,20300101,20331212,20210401,20270126,20310106,20161230,20300101,20250901,20181105,20310203,20370501,20451225,20270101,20411128,20441124,20401122,20401122,20290212,20280414,20370218,20250418,20381227,20461122,20300419,20310225,20321022,20401217,20290329,20411226,20511226,20450407,20511226,20240213,20260629,20230606,20310606,20280131,20250331,20390408,20251224,20260406,20330606,20260101,20450407,20491228,20420101,,20510403,20170109,20230622,20290215,20240219,20230815,20331101,20240122,20381227,20361231,20300501,20300610
20390314,20281202,20360101,20360501,20240325,20260206,20180402,20371126,20331226,20370101,20300617,20270517,20200504,20290516,20160520,20290406,20121026,20321117,20191111,20240501,20260106,20340221,20261012,20280904,20470902,,20411225,20350101,20240401,20360704,20331130,20410926,20361226,20231030,,20251226,20480525,20360519,20280605,20190206,20301225,20350417,20350208,20281206,20280414,20350323,20300715,20400807,20220504,20281214,20240329,20180216,20300206,20310815,20441226,20280126,20301225,20270729,20310505,20230608,20300419,20331226,20210402,20270308,20310414,20170413,20300205,20251013,20181231,20310317,20370604,20451226,20270118,20411225,20441226,20401225,20401225,20290223,20280417,20370403,20250421,20381228,20461225,20300422,20310411,20321227,20410923,20290330,20420101,20520101,20450410,20520101,20240329,20260716,20230815,20310815,20280403,20250418,20390502,20251225,20260501,20330616,20260126,20450410,20500103,20420404,,20510501,20170320,20230623,20290216,20240329,20231026,20331111,20240206,20381228,20370101,20300530,20300801
20390408,20281203,20360411,20360519,20240501,20260403,20180430,20371225,20340102,20370126,20300815,20270820,20200505,20290525,20160701,20290413,20121113,20330103,20191225,20240509,20260403,20340407,20261111,20281123,20471128,,20420101,20350126,20240426,20360901,20331203,20410929,20370101,20231225,,20251231,20481224,20360616,20280801,20190207,20301226,20350430,20350209,20281225,20280526,20350326,20300830,20400815,20220505,20281225,20240401,20180501,20300207,20310930,20441227,20280127,20301226,20270830,20310526,20230613,20300422,20340102,20210603,20270326,20310425,20170414,20300225,20251111,20190101,20310410,20370907,20460101,20270215,20420101,20450102,20410101,20410101,20290320,20280501,20370501,20250501,20390103,20470101,20300501,20310421,20330103,20410925,20290402,20420106,20520419,20450501,20520419,20240501,20260918,20230928,20310930,20280404,20250501,20390809,20251226,20260514,20331003,20260403,20450425,20500126,20420407,,20511225,20170503,20230929,20290228,20240520,20231101,20331226,20240329,20390103,20370216,20300620,20301225
20390411,20290101,20360414,20360715,20240503,20260406,20180501,20380101,20340116,20370403,20301225,20271101,20200625,20290725,20160718,20290416,20121114,20330126,20191231,20240510,20260406,20340421,20261126,20281225,20471225,,20420120,20350312,20240509,20361104,20331224,20410930,20370126,20231226,,20260101,20481225,20360707,20280907,20190405,20310101,20350501,20350212,20281226,20280619,20350327,20301029,20401003,20220516,20281226,20240501,20180529,20300501,20311001,20450102,20280201,20310101,20271008,20310825,20230815,20300501,20340116,20211012,20270329,20310501,20170501,20300409,20251225,20190102,20310411,20371012,20460126,20270531,20420120,20450116,20410121,20410121,20290430,20280517,20371103,20250508,20390126,20470121,20300508,20310423,20330307,20410926,20290419,20420407,20520422,20450529,20520422,20240530,20261012,20230929,20311001,20280501,20250512,20391019,20260101,20260619,20331101,20260406,20450612,20500408,20420505,,20511226,20170504,20231009,20290403,20240701,20231208,20340106,20240401,20390104,20370217,20300805,20301226
20390425,20290214,20360522,20361029,20240506,20260427,20180525,20380118,20340220,20370406,20301226,20271224,20200626,20290815,20160719,20290501,20121128,20330316,20200101,20240520,20260501,20340501,20261225,20290101,20480101,,20420217,20350323,20240510,20361111,20331225,20411204,20370403,20231227,,20260403,20481231,20361110,20281225,20190419,20310123,20350903,20350416,20290101,20280803,20350425,20310101,20401008,20220526,20290101,20240617,20180615,20300516,20311002,20450407,20280214,20310102,20271101,20311225,20231005,20300509,20340206,20211101,20270614,20310602,20170612,20300412,20251226,20190103,20310501,20371102,20460323,20270705,20420217,20450220,20410218,20410218,20290503,20280525,20371104,20250529,20390307,20470218,20300705,20310501,20330314,20410929,20290501,20420425,20520501,20451003,20520501,20240709,20261208,20231003,20311002,20280529,20250606,20391115,20260303,20261224,20331226,20260608,20451225,20500411,20420509,,20520101,20170505,20231010,20290404,20240805,20231225,20340410,20240425,20390207,20370403,20300815,20310101
20390613,20290215,20360602,20361119,20240624,20260601,20180620,20380215,20340221,20370504,20310101,20280315,20201001,20290911,20160812,20290504,20121225,20330407,20200106,20240815,20260508,20340608,20270101,20290115,20480120,,20420404,20350326,20240520,20361127,20340101,20411205,20370406,20240101,,20260406,20490101,20361225,20281226,20190422,20310124,20350904,20350417,20290330,20280804,20350611,20310124,20401101,20220601,20290212,20240809,20180822,20300603,20311003,20450410,20280228,20310414,20271208,20311226,20231101,20300530,20340220,20211109,20271001,20310815,20170626,20300418,20260101,20190104,20310916,20371225,20460326,20270906,20420404,20450407,20410419,20410419,20290504,20280605,20371105,20250609,20390408,20470412,20301028,20310612,20330415,20411203,20290510,20420501,20521224,20451225,20521224,20241115,20261225,20231009,20311003,20281002,20251020,20391226,20260410,20261225,20340106,20260803,20451226,20500425,20420526,,20520419,20170717,20240101,20290501,20240902,20231226,20340501,20240603,20390408,20370421,20301101,20310102
20391003,20290423,20361225,20361120,20240815,20261026,20180709,20380423,20340407,20370812,20310102,20280414,20201002,20291002,20161024,20290528,20130125,20330411,20200323,20241101,20260901,20340907,20270118,20290219,20480217,,20420526,20350425,20240605,20361128,20340228,20411218,20370504,20240318,,20260501,20490416,20361226,20290101,20190501,20310411,20360101,20350430,20290402,20280904,20351025,20310402,20401115,20220817,20290213,20240924,20180831,20300916,20311009,20450501,20280229,20310501,20280413,20320101,20231201,20300610,20340320,20211206,20271102,20311208,20170821,20300419,20260102,20190107,20311117,20380101,20460425,20271011,20420526,20450529,20410527,20410527,20290716,20281225,20371110,20250714,20390411,20470527,20301224,20311120,20330418,20411204,20290521,20420602,20521225,20451226,20521225,20241120,20261231,20231225,20311009,20281003,20251225,20400102,20260413,20261231,20340407,20261005,20460101,20500613,20420825,,20520422,20170811,20240208,20290615,20241014,20240101,20340503,20241028,20390411,20370501,20301118,20310411
20391226,20290424,20361226,20361121,20241028,20261225,20180820,20380531,20340421,20371005,20310124,20280417,20201005,20291015,20161205,20290604,20130126,20330412,20200409,20241111,20260915,20341012,20270215,20290330,20480525,,20420704,20350528,20241224,20361225,20340301,20420101,20370608,20240329,,20260514,20490419,20370101,20290102,20190513,20310414,20360128,20350501,20290501,20281113,20351225,20310403,20401214,20221226,20290214,20241216,20180910,20301225,20311225,20450529,20280501,20310502,20280414,20320326,20231208,20300815,20340406,20211208,20271227,20311225,20170828,20300501,20260403,20190108,20311212,20380308,20460611,20271111,20420704,20450704,20410704,20410704,20290917,20281226,20371208,20250815,20390425,20470704,20301225,20311225,20330606,20411205,20290806,20420815,20521226,20460101,20521226,20241225,20270101,20240101,20311225,20281004,20260101,20400213,20260501,20270101,20340410,20261225,20460126,20501226,20421225,,20520501,20170918,20240209,20290921,20241111,20240401,20340608,20241225,20390425,20370604,20301225,20310414
20391227,20290425,20370101,20370101,20241225,20261228,20181015,20380705,20340501,20371225,20310411,20280501,20201006,20291016,20161212,20290725,20130219,20330414,20200410,20241225,20261117,20341102,20270326,20290528,20480703,,20420901,20350611,20241225,20370101,20340302,20420211,20370724,20240401,,20260525,20490607,20370126,20290330,20190607,20310501,20360129,20350903,20290510,20281225,20351226,20310404,20401225,20230322,20290215,20241225,20180911,20310101,20311231,20450828,20280505,20310625,20280501,20320329,20231225,20301101,20340407,20220106,20271228,20311226,20170901,20300612,20260518,20190308,20311225,20380309,20461225,20271125,20420901,20450904,20410902,20410902,20290924,20290101,20371225,20251111,20390606,20470902,20301226,20311231,20330701,20420914,20291224,20421208,20521231,20460323,20521231,20241231,20270326,20240209,20311231,20281005,20260217,20400214,20260506,20270106,20340501,20261228,20460323,20501227,20421226,,20521225,20171009,20240212,20291010,20241225,20240501,20340815,20241226,20390606,20370907,20301226,20310501
20400102,20290514,20370403,20370127,20241226,20270101,20181106,20380906,20340529,20371228,20310414,20280605,20201007,20291022,20170102,20290730,20130327,20330415,20200501,20241226,20261224,20341115,20270531,20290704,20480907,,20421127,20350806,20241226,20370119,20340321,20420302,20370803,20240506,,20260604,20491224,20370218,20290402,20190701,20310528,20360130,20350904,20290622,20281226,20360101,20310423,20410101,20230407,20290216,20241226,20180917,20310123,20320101,20451225,20280509,20310815,20280629,20320503,20240101,20301225,20340501,20220414,20280103,20320101,20171101,20300821,20260624,20190501,20320101,20380421,20461226,20280117,20421127,20451123,20411128,20411128,20291008,20290329,20380101,20251225,20390926,20471128,20310101,20320101,20330801,20420915,20291225,20421225,20530101,20460326,20530101,20250101,20270521,20240212,20320101,20281006,20260218,20400330,20260525,20270326,20340518,20270101,20460326,20510102,20430101,,20521226,20171103,20240213,20291231,20241226,20240509,20341101,20250101,20391024,20371012,20310101,20310522
20400126,20290724,20370406,20370128,20250101,20270104,20181119,20381011,20340608,20380101,20310501,20281023,20201008,20291101,20170213,20290813,20130329,20330815,20200525,20250101,20261225,20341130,20270705,20290903,20481126,,20421225,20351001,20241231,20370403,20340530,20420915,20371225,20240603,,20261224,20491231,20370403,20290501,20191001,20310624,20360131,20351231,20291206,20290101,20360128,20310501,20410315,20230420,20290330,20250101,20181106,20310124,20320210,20451226,20280526,20311031,20280728,20320531,20240213,20301226,20340529,20220415,20280126,20320106,20171130,20300826,20260701,20190502,20320202,20380423,20470101,20280221,20421225,20451225,20411225,20411225,20291123,20290330,20380308,20251226,20391226,20471225,20310411,20320120,20330802,20420916,20291226,20421226,20530404,20460501,20530404,20250303,20270628,20240301,20320210,20290101,20260320,20400501,20260907,20270329,20340529,20270126,20460425,20510126,20430327,,20530101,20171123,20240214,20300101,20250101,20240520,20341225,20250102,20391226,20371102,20310106,20310602
20400312,20291202,20370427,20370129,20250106,20270201,20181224,20381111,20340704,20380126,20310602,20281101,20210101,20291105,20170406,20291015,20130401,20331003,20200615,20250418,20270101,20341225,20270906,20291122,20481225,,20430101,20351225,20250101,20370525,20341130,20420916,20371228,20240805,,20261225,20500408,20370406,20290510,20191007,20310701,20360201,20360101,20291224,20290330,20360211,20310519,20410422,20230421,20290423,20250321,20181120,20310127,20320211,20460101,20280530,20311225,20280830,20320830,20240329,20310101,20340704,20220502,20280313,20320329,20171225,20301101,20260907,20190503,20320315,20380624,20470128,20280529,20430101,20460101,20420101,20420101,20291231,20290402,20380309,20260101,20391227,20480101,20310414,20320209,20330803,20420923,20300101,20430101,20530407,20460514,20530407,20250304,20270716,20240410,20320211,20290212,20260403,20400525,20260922,20270506,20340608,20270326,20460611,20510331,20430330,,20530404,20180101,20240228,20300130,20250217,20240530,20341226,20250120,20391227,20371225,20310414,20310801
20400330,20291203,20370514,20370130,20250303,20270208,20181225,20381125,20340904,20380423,20310815,20281225,20210211,20291106,20170413,20291023,20130411,20331024,20200622,20250421,20270106,20341229,20271011,20291225,20490101,,20430119,20351226,20250417,20370703,20341202,20420917,20380101,20241028,,20261231,20500411,20370518,20290521,20191225,20311001,20360407,20360128,20291225,20290525,20360310,20310715,20410501,20230424,20290424,20250418,20181225,20310206,20320212,20460323,20280531,20311226,20281101,20321227,20240425,20310411,20340904,20220516,20280414,20320602,20180101,20301224,20261012,20190509,20320325,20380907,20470412,20280704,20430119,20460115,20420120,20420120,20300101,20290501,20380310,20260403,20400102,20480120,20310501,20320210,20331021,20421120,20300418,20430106,20530501,20461003,20530501,20250418,20270917,20240501,20320212,20290213,20260501,20400809,20261224,20270625,20341003,20270329,20461225,20510403,20430504,,20530407,20180102,20240404,20300131,20250418,20240815,20350101,20250206,20400102,20371231,20310501,20311225
20400402,20300101,20370525,20370423,20250325,20270326,20181231,20381224,20340907,20380426,20311201,20281226,20210212,20291225,20170414,20291205,20130419,20340126,20200629,20250501,20270326,20350101,20271111,20300101,20490118,,20430216,20360101,20250418,20370907,20341203,20420918,20380126,20241225,,20270101,20500530,20370615,20290801,20191226,20311002,20360430,20360129,20291226,20290618,20360411,20311029,20410530,20230501,20290501,20250421,20190101,20310403,20320301,20460326,20280605,20320101,20281208,20321228,20240501,20310414,20341009,20220616,20280417,20321101,20180102,20301225,20261111,20190510,20320326,20381012,20470415,20280904,20430216,20460219,20420217,20420217,20300102,20290510,20380423,20260406,20400126,20480217,20310508,20320326,20331226,20421123,20300419,20430330,20530526,20461224,20530526,20250421,20271011,20240506,20320301,20290214,20260527,20401008,20261225,20271224,20341101,20270614,20461226,20510425,20430525,,20530501,20180103,20240405,20300201,20250519,20241101,20350326,20250418,20400103,20380101,20310530,20311226
20400425,20300204,20371225,20370501,20250418,20270329,20190101,20390117,20341009,20380427,20311225,20290101,20210215,20300115,20170501,20291210,20130424,20340217,20200720,20250529,20270329,20350205,20271125,20300121,20490215,,20430327,20360128,20250421,20371111,20341211,20421123,20380423,20241226,,20270326,20501003,20370706,20290906,20200101,20311024,20360501,20360130,20300101,20290802,20360414,20320101,20410610,20230518,20290510,20250428,20190121,20310423,20320303,20460507,20280803,20320102,20281225,20330103,20240530,20310501,20341102,20220725,20280425,20321208,20180216,20301230,20261225,20190612,20320916,20381102,20470425,20281009,20430327,20460323,20420404,20420404,20300103,20290517,20381103,20260501,20400305,20480403,20311028,20320421,20331227,20421124,20300422,20430501,20531224,20461225,20531224,20250501,20271101,20240515,20320303,20290215,20260601,20401225,20261228,20271231,20341225,20270802,20470101,20510612,20430831,,20531225,20180108,20240501,20300204,20250701,20241224,20350501,20250421,20400206,20380308,20310612,20320101
20400611,20300205,20380101,20370519,20250421,20270426,20190304,20390221,20341012,20380503,20311226,20290315,20210216,20300205,20170505,20291231,20130501,20340302,20200807,20250530,20270705,20350206,20271224,20300218,20490416,,20430525,20360310,20250516,20371126,20341212,20421124,20380426,20241227,,20270329,20501226,20371109,20291225,20200127,20311225,20360502,20360131,20300419,20290803,20360415,20320114,20410807,20230601,20290515,20250501,20190201,20310501,20320414,20460528,20280831,20320329,20290101,20330415,20240610,20310509,20341120,20220815,20280612,20330106,20180329,20301231,20261228,20191104,20321102,20381115,20470610,20281123,20430525,20460528,20420526,20420526,20300114,20290521,20381104,20260508,20400330,20480525,20311117,20320423,20340102,20430903,20300425,20430602,20531225,20461226,20531225,20250619,20271208,20240606,20320414,20290216,20260810,20410101,20270101,20280106,20341226,20271004,20470128,20511225,20431225,,20531226,20180212,20240610,20300205,20250804,20241225,20350503,20250425,20400330,20380309,20310805,20320102
20401001,20300206,20380423,20370715,20250501,20270607,20190305,20390408,20341102,20380811,20320101,20290316,20210217,20300302,20170510,20300101,20130525,20340328,20200817,20250609,20270901,20350323,20280117,20300419,20490531,,20430703,20360411,20250529,20371127,20341213,20421125,20380427,20250101,,20270506,20510331,20371225,20291226,20200128,20311226,20360901,20360201,20300422,20290903,20360425,20320115,20410815,20230629,20290528,20250616,20190205,20310506,20320505,20460827,20281017,20320427,20290329,20330418,20240613,20310522,20341123,20221012,20280929,20330418,20180330,20310101,20270101,20200101,20321115,20390221,20471225,20281225,20430703,20460704,20420704,20420704,20300211,20291224,20381105,20260514,20400402,20480703,20311224,20320527,20340306,20430906,20300501,20430629,20531226,20461231,20531226,20250709,20271231,20240815,20320505,20290404,20261109,20410201,20270303,20280414,20350101,20271227,20470412,20511226,20431228,,20540101,20180321,20240916,20300206,20250901,20241226,20350524,20250602,20400402,20380421,20310815,20320326
20401225,20300413,20380426,20371029,20250609,20271025,20190402,20390530,20341115,20381004,20320102,20290330,20210405,20300401,20170710,20300218,20130809,20340331,20201012,20250721,20270915,20350501,20280221,20300527,20490705,,20430907,20360414,20250530,20371225,20341214,20421218,20380503,20250317,,20270517,20510403,20371228,20291231,20200410,20320101,20360902,20360407,20300501,20291112,20360609,20320116,20410923,20230719,20290601,20250924,20190206,20310602,20320920,20461225,20281225,20320625,20290330,20330502,20240815,20310602,20341212,20221101,20281107,20330425,20180409,20310123,20270104,20200102,20330207,20390222,20471226,20290101,20430907,20460903,20420901,20420901,20300320,20291225,20381110,20260525,20400425,20480907,20311225,20320907,20340313,20430907,20300530,20431208,20531231,20470101,20531231,20251120,20280414,20240916,20320920,20290430,20261225,20410419,20270430,20280417,20350323,20271228,20470415,20520101,20440101,,20540327,20180430,20240917,20300207,20251013,20250101,20350815,20251027,20400425,20380423,20311118,20320329
20401226,20300414,20380427,20371109,20250815,20271227,20190418,20390704,20341123,20381227,20320430,20290402,20210503,20300403,20170814,20300408,20130815,20340407,20201102,20250815,20271101,20350524,20280414,20300704,20490906,,20431126,20360425,20250605,20380101,20350101,20430101,20380614,20250418,,20270527,20510501,20380101,20300101,20200413,20320211,20370101,20360430,20300530,20291225,20361023,20320322,20410926,20230817,20290724,20251216,20190501,20310702,20320921,20461226,20290101,20321101,20290501,20330530,20241101,20310623,20341225,20221109,20281225,20330602,20180501,20310124,20270326,20200103,20330321,20390408,20480101,20290115,20431126,20461122,20421127,20421127,20300429,20291226,20381129,20260714,20400604,20481126,20311226,20321012,20340407,20430923,20300610,20431225,20540101,20470412,20540101,20251225,20280501,20240917,20320921,20290501,20270101,20410501,20270503,20280501,20350326,20280103,20470425,20520126,20440415,,20540330,20180503,20241010,20300208,20251111,20250106,20351101,20251225,20400604,20380624,20311225,20320506
20410101,20300504,20380603,20371110,20251028,20271228,20190419,20390905,20341225,20381228,20320503,20290430,20210614,20300416,20171023,20300415,20130909,20340414,20201116,20251111,20271117,20350907,20280529,20300902,20491125,,20431225,20360602,20250609,20380118,20350217,20430210,20380723,20250421,,20271224,20510522,20380125,20300102,20200430,20320212,20370102,20360501,20300621,20291226,20361225,20320323,20411101,20230927,20290817,20251225,20190520,20310901,20321231,20470101,20290201,20330208,20290629,20330829,20241224,20310815,20350101,20221206,20281226,20330815,20180612,20310225,20270524,20200106,20330414,20390421,20480127,20290219,20431225,20461225,20421225,20421225,20300503,20300101,20381208,20261111,20400924,20481225,20320101,20321102,20340410,20431111,20300617,20440101,20540327,20470415,20540327,20251231,20280626,20240918,20321231,20290618,20270208,20410514,20270506,20280525,20350501,20280126,20470610,20520419,20440418,,20540501,20180504,20241011,20300228,20251225,20250421,20351225,20251226,20401022,20380907,20311226,20320517
20410128,20300713,20380614,20380101,20251225,20280103,20190501,20391010,20350101,20390103,20320601,20290501,20210920,20300419,20171205,20300416,20131002,20340501,20201208,20251225,20271224,20351012,20280704,20301128,20491224,,20440101,20360609,20251224,20380423,20350218,20430301,20380802,20250505,,20271231,20511003,20380310,20300419,20200501,20320213,20370216,20360502,20301206,20300101,20361226,20320324,20411115,20231225,20291203,20251226,20190522,20310916,20330131,20470412,20290202,20330418,20290830,20331226,20241225,20311225,20350115,20221208,20290101,20331101,20180615,20310402,20270624,20200107,20330415,20390609,20480403,20290528,20440101,20470101,20430101,20430101,20300506,20300418,20390221,20261225,20401225,20490101,20320326,20321115,20340529,20431112,20300805,20440106,20540330,20470501,20540330,20260101,20280815,20241003,20330131,20290924,20270310,20410809,20270524,20280606,20350503,20280414,20471225,20520422,20440502,,20541225,20180716,20250101,20300301,20251226,20250501,20351226,20260101,20401225,20381012,20320101,20330415
20410311,20301130,20390408,20380118,20251226,20280104,20190617,20391111,20350115,20390126,20320621,20290521,20210921,20300501,20171211,20300501,20131016,20340815,20201225,20251226,20280106,20351102,20280904,20301225,20500117,,20440118,20360804,20251225,20380531,20350219,20430906,20381227,20250602,,20280414,20511225,20380423,20300422,20200625,20320326,20370217,20360901,20301224,20300419,20370101,20320325,20411204,20231226,20291224,20260101,20190605,20311114,20330201,20470415,20290213,20330427,20291008,20331227,20250101,20311226,20350205,20230106,20290126,20331208,20180821,20310409,20270701,20200108,20330916,20390907,20480406,20290704,20440118,20470121,20430119,20430119,20300715,20300419,20390222,20270101,20401226,20490118,20320329,20321231,20340630,20431115,20301224,20440418,20540501,20470603,20540501,20260216,20280918,20241009,20330201,20291001,20270326,20410927,20270906,20280623,20350514,20280417,20471226,20520425,20440509,,20550101,20180917,20250127,20300404,20260101,20250529,20360101,20260102,20401226,20381102,20320106,20330418
20410419,20301202,20390411,20380119,20260101,20280131,20190620,20391124,20350205,20390408,20321130,20290820,20211001,20300514,20180101,20300506,20131104,20341002,20201231,20260101,20280414,20351115,20281009,20310101,20500221,,20440215,20361006,20251226,20380705,20350311,20430907,20381228,20250804,,20280417,20511226,20380426,20300501,20200701,20320329,20370218,20360902,20301225,20300524,20370126,20320423,20411225,20240101,20291225,20260403,20190606,20311225,20330202,20470506,20290214,20330502,20291101,20340102,20250304,20320101,20350219,20230320,20290312,20331226,20180827,20310410,20270906,20200224,20331102,20391012,20480608,20290903,20440215,20470218,20430216,20430216,20300812,20300422,20390223,20270326,20410101,20490215,20320705,20330120,20340807,20440823,20301225,20440425,20541224,20471003,20541224,20260217,20280919,20241225,20330202,20291002,20270517,20411023,20270922,20281225,20350524,20280425,20480101,20520610,20440530,,20550416,20180924,20250128,20300405,20260216,20250609,20360414,20260119,20410101,20381115,20320329,20330526
20410422,20301203,20390427,20380423,20260106,20280207,20190708,20391226,20350206,20390411,20321201,20291022,20211004,20300815,20180102,20300516,20131115,20341213,20210101,20260403,20280417,20351130,20281123,20310120,20500408,,20440415,20361225,20251231,20380906,20350520,20430908,20390103,20251027,,20280501,20520101,20380517,20300530,20201001,20320405,20370219,20370101,20301226,20300617,20370209,20320519,20420101,20240208,20291231,20260406,20190730,20320101,20330301,20470527,20290215,20330815,20291224,20340407,20250418,20320326,20350319,20230406,20290330,20340106,20181101,20310411,20271011,20200309,20331121,20391102,20481225,20291008,20440415,20470412,20430327,20430327,20300916,20300501,20390408,20270329,20410128,20490416,20320706,20330228,20340808,20440824,20301226,20440602,20541225,20471224,20541225,20260403,20281009,20250101,20330301,20291003,20270520,20411204,20271224,20281226,20351003,20280612,20480127,20521225,20440829,,20550419,20181008,20250129,20300501,20260403,20250619,20360501,20260206,20410102,20381231,20320527,20330606
20410425,20310101,20390519,20380519,20260223,20280414,20190709,20400102,20350219,20390425,20330124,20291023,20211005,20300927,20180301,20300603,20131225,20341225,20210111,20260406,20280501,20351225,20281225,20310217,20500530,,20440530,20361226,20260101,20381102,20351201,20431111,20390126,20251225,,20280525,20520419,20380614,20300610,20201002,20320517,20370220,20370102,20310101,20300801,20370309,20320715,20420304,20240311,20300101,20260427,20190812,20320102,20330505,20470826,20290216,20331031,20291225,20340410,20250425,20320329,20350322,20230407,20290402,20340410,20181102,20310501,20271111,20200501,20331212,20391115,20481228,20291112,20440530,20470527,20430525,20430525,20300923,20300517,20390502,20270506,20410304,20490531,20320928,20330301,20340809,20440825,20310101,20440629,20541231,20471225,20541231,20260421,20281027,20250128,20330505,20291004,20270809,20411225,20271227,20290101,20351101,20280807,20480403,20521226,20441226,,20560331,20181123,20250130,20300605,20260518,20250815,20360612,20260403,20410206,20390221,20320622,20330801
20410610,20310125,20390530,20380715,20260325,20280417,20190819,20400116,20350323,20390502,20330422,20291101,20211006,20301002,20180406,20300715,20140114,20350126,20210322,20260501,20280508,20351231,20290101,20310411,20500704,,20440704,20370101,20260402,20381111,20351202,20431112,20390408,20251226,,20280605,20520422,20380705,20300801,20201026,20320701,20370424,20370216,20310106,20300802,20370403,20320830,20420407,20240329,20300204,20260501,20190902,20320114,20330506,20471225,20290424,20331101,20300101,20340501,20250501,20320506,20350323,20230501,20290425,20340425,20181130,20310512,20271227,20200504,20340206,20400213,20490101,20291122,20440704,20470704,20430703,20430703,20301014,20300530,20390701,20270517,20410419,20490705,20321028,20330415,20341020,20440922,20310410,20440815,20550101,20471226,20550101,20260501,20281101,20250129,20330506,20291005,20271028,20420101,20271228,20290330,20351224,20281002,20480406,20530101,20441227,,20560403,20181224,20250131,20300912,20260701,20251208,20360815,20260406,20410419,20390222,20320805,20331226
20411007,20310126,20391226,20380830,20260410,20280425,20191014,20400220,20350501,20390810,20330425,20291102,20211007,20301005,20180413,20300729,20140219,20350219,20210401,20260514,20280705,20360101,20290115,20310526,20500905,,20440905,20370126,20260403,20381125,20351203,20431217,20390411,20251229,,20280615,20520501,20381115,20300905,20201225,20320920,20370430,20370217,20310411,20300902,20370406,20321029,20420501,20240409,20300205,20260616,20190909,20320115,20330606,20471226,20290501,20331226,20300418,20340529,20250610,20320517,20350501,20230502,20290611,20340501,20181224,20310612,20271228,20200505,20340320,20400214,20490126,20291225,20440905,20470902,20430907,20430907,20301104,20300610,20391103,20270714,20410422,20490906,20321117,20330421,20341225,20441030,20310411,20441101,20550416,20471231,20550416,20260604,20281208,20250130,20330606,20291231,20280126,20420122,20280103,20290402,20351225,20281225,20480608,20530127,20450102,,20560501,20181231,20250228,20300913,20260803,20251224,20361111,20260427,20410422,20390408,20321101,20340102
20411225,20310401,20400330,20381029,20260413,20280605,20191106,20400330,20350524,20391003,20330601,20291224,20220103,20301011,20180416,20300812,20140227,20350308,20210402,20260515,20280829,20360225,20290219,20310704,20501124,,20441124,20370309,20260406,20381126,20360101,20440209,20390425,20260101,,20281003,20520610,20381227,20301225,20210101,20321001,20370501,20370218,20310414,20301111,20370407,20330103,20420515,20240410,20300206,20260810,20190916,20320127,20330815,20480101,20290515,20340102,20300419,20340828,20250613,20320623,20350528,20230515,20290928,20340602,20181225,20310821,20280103,20200511,20340406,20400330,20490416,20300101,20441124,20471128,20431126,20431126,20301231,20301224,20391104,20271101,20410425,20491125,20321224,20330616,20341226,20441031,20310414,20441208,20550419,20480101,20550419,20260709,20281225,20250501,20330815,20300101,20280127,20420123,20280303,20290501,20351226,20281226,20481225,20530404,20450407,,20561225,20190101,20250403,20301010,20260907,20251225,20361225,20260601,20410425,20390421,20321118,20340407
20411226,20310402,20400402,20390105,20260501,20281023,20191118,20400528,20350528,20391226,20330613,20291225,20220131,20301101,20180501,20301014,20140317,20350321,20210517,20260525,20280901,20360226,20290330,20310901,20501226,,20441226,20370403,20260501,20381224,20360206,20440306,20390502,20260317,,20281225,20521003,20381228,20301226,20210212,20321012,20370902,20370219,20310501,20301225,20370608,20330104,20420526,20240411,20300207,20260924,20191028,20320202,20330907,20480403,20290528,20340208,20300501,20341225,20250619,20321101,20350704,20230815,20291106,20340815,20181231,20310825,20280104,20200612,20340407,20400501,20490419,20300121,20441226,20471225,20431225,20431225,20310101,20301225,20391110,20271111,20410603,20491224,20330415,20330907,20350101,20441101,20310424,20441226,20551224,20480403,20551224,20260907,20290101,20250505,20330907,20300204,20280228,20420404,20280414,20290510,20351231,20290101,20481228,20530407,20450410,,20561226,20190102,20250404,20301011,20261012,20251226,20361226,20261026,20410603,20390609,20330106,20340410
20420101,20310403,20400427,20390106,20260601,20281225,20191224,20400704,20350704,20391227,20330815,20291226,20220201,20301113,20180529,20301023,20140331,20350323,20210607,20260721,20280915,20360411,20290528,20311127,20510102,,20450102,20370406,20260514,20381231,20360207,20440824,20390613,20260403,,20281226,20521224,20390103,20301231,20210215,20321227,20370903,20370220,20310522,20301226,20371022,20330311,20420807,20240412,20300208,20261216,20191225,20320211,20330908,20480406,20290530,20340410,20300729,20341226,20250815,20330415,20350903,20231012,20291225,20341101,20190101,20311208,20280414,20200624,20340501,20400531,20490614,20300218,20450102,20480101,20440101,20440101,20310102,20301226,20391128,20280414,20410930,20500117,20330418,20331012,20350305,20450813,20310501,20450106,20551231,20480406,20551231,20261012,20290330,20250506,20330908,20300205,20280414,20420501,20280417,20290606,20360101,20290126,20490101,20530425,20450501,,20570101,20190103,20250501,20310101,20261111,20260101,20370101,20261225,20411028,20390907,20330418,20340501
20420127,20310423,20400510,20390107,20261028,20281226,20191225,20400903,20350903,20400102,20331130,20291231,20220202,20301225,20180727,20301205,20140401,20350416,20210614,20261111,20281101,20360421,20290704,20311225,20510116,,20450116,20370601,20260515,20390117,20360228,20440825,20390722,20260406,,20290101,20521225,20390124,20310101,20210402,20330131,20380101,20370424,20310620,20310101,20371225,20330314,20420815,20240501,20300403,20261225,20200101,20320212,20330909,20480504,20290531,20340427,20300830,20350101,20251201,20330418,20351008,20231101,20291226,20341208,20190205,20311224,20280522,20200701,20341102,20400907,20491227,20300527,20450116,20480120,20440118,20440118,20310103,20310101,20391208,20280417,20411225,20500221,20330705,20331102,20350312,20450814,20310522,20450410,20560331,20480501,20560331,20261102,20290501,20250606,20330909,20300206,20280501,20420602,20280501,20290622,20360411,20290330,20490126,20530609,20450509,,20570420,20190114,20250530,20310116,20261225,20260106,20370106,20261228,20411225,20391012,20330530,20340518
20420310,20310702,20400521,20390519,20261225,20290101,20191231,20401008,20350907,20400126,20331201,20300101,20220203,20310115,20180730,20301210,20140408,20350420,20210705,20261225,20281117,20360501,20290903,20320101,20510220,,20450220,20370608,20260525,20390408,20360508,20441030,20390801,20260504,,20290330,20521226,20390223,20310102,20210405,20330201,20380201,20370430,20311224,20310411,20371228,20330519,20420912,20240509,20300419,20270101,20200127,20320322,20331003,20480525,20290604,20340501,20301008,20350323,20251208,20330509,20351102,20231109,20300101,20341225,20190225,20311225,20280626,20201104,20341120,20401012,20491228,20300704,20450220,20480217,20440215,20440215,20310113,20310410,20391226,20280501,20411226,20500408,20330706,20331115,20350323,20450815,20310602,20450425,20560403,20480525,20560403,20261120,20290521,20250815,20331003,20300207,20280505,20420916,20280508,20291224,20360414,20290402,20490416,20531225,20450529,,20570423,20190211,20251006,20310117,20261228,20260406,20370406,20270101,20411226,20391102,20330616,20340529
20420404,20311130,20401225,20390715,20270101,20290102,20200101,20401112,20351008,20400330,20331226,20300315,20220204,20310220,20180813,20301231,20140414,20350501,20210720,20270101,20281225,20360612,20291008,20320119,20510331,,20450407,20370803,20260605,20390530,20361119,20441031,20391226,20260601,,20290402,20521231,20390408,20310411,20210406,20330202,20380202,20370501,20311225,20310530,20380101,20330715,20420915,20240523,20300501,20270322,20200501,20320412,20331230,20480831,20290724,20340502,20301101,20350326,20251224,20330526,20351112,20231206,20300128,20341226,20190409,20311226,20280703,20210101,20341212,20401102,20500103,20300902,20450407,20480403,20440415,20440415,20310211,20310411,20400102,20280508,20420101,20500530,20330928,20331230,20350326,20450924,20310617,20450501,20560501,20481224,20560501,20261225,20290702,20251003,20331230,20300208,20280509,20421111,20280524,20291225,20360501,20290425,20490419,20531226,20450828,,20570501,20190321,20251010,20310120,20270101,20260501,20370501,20270104,20420101,20391115,20330622,20340801
20420407,20311202,20401226,20390830,20270106,20290129,20200224,20401122,20351012,20400402,20340102,20300419,20220404,20310324,20181015,20310101,20140418,20350815,20210816,20270326,20281226,20361225,20291112,20320216,20510529,,20450529,20371005,20261224,20390704,20361120,20441101,20391227,20260803,,20290501,20530101,20390411,20310414,20210519,20330404,20380203,20370902,20311226,20310616,20380126,20330830,20421124,20240617,20300517,20270326,20200507,20320524,20340220,20481225,20290831,20340815,20301225,20350507,20251225,20330606,20351119,20231208,20300311,20350101,20190418,20311230,20280904,20210104,20341225,20401115,20500126,20301014,20450529,20480525,20440530,20440530,20310224,20310414,20400109,20280525,20420127,20500704,20331028,20340120,20350514,20451019,20310804,20450602,20561225,20481225,20561225,20261231,20290716,20251006,20340220,20300405,20280809,20421124,20280906,20291226,20360522,20290611,20490426,20540101,20451225,,20571225,20190429,20260101,20310121,20270215,20260514,20370604,20270125,20420102,20391230,20330805,20341225
20420425,20311203,20410101,20391019,20270315,20290206,20200225,20401225,20351102,20400425,20340124,20300422,20220405,20310401,20181023,20310307,20140424,20350905,20211018,20270329,20290101,20361231,20291122,20320326,20510704,,20450704,20371225,20261225,20390905,20361130,20441218,20400102,20261026,,20290510,20530404,20390516,20310501,20210614,20330415,20380204,20370903,20320101,20310731,20380208,20331223,20421225,20241224,20300530,20270329,20200511,20320607,20340221,20481228,20290917,20341031,20310101,20350528,20260101,20330623,20351122,20231225,20300419,20350326,20190419,20311231,20281009,20210105,20350101,20401225,20500408,20301111,20450704,20480703,20440704,20440704,20310321,20310501,20400213,20280605,20420303,20500905,20331117,20340220,20350702,20451022,20311224,20450629,20561226,20481231,20561226,20270101,20290815,20251007,20340221,20300501,20281017,20421225,20280922,20291231,20360602,20290806,20490614,20540126,20451226,,20571226,20190430,20260102,20310122,20270326,20260525,20371111,20270208,20420206,20400213,20330815,20341226
20420609,20320101,20410419,20391020,20270325,20290330,20200323,20410101,20351112,20400507,20340407,20300501,20220502,20310403,20181205,20310407,20140501,20351002,20211101,20270506,20290330,20370101,20291225,20320531,20510904,,20450904,20371228,20261231,20391111,20361202,20450101,20400126,20261225,,20290521,20530407,20390613,20310522,20210701,20330418,20380205,20380101,20320106,20310801,20380308,20340301,20430101,20241225,20301224,20270427,20200525,20320621,20340301,20490101,20291105,20341101,20310410,20350827,20260217,20330815,20351212,20240101,20300422,20350425,20190501,20320101,20281113,20210106,20350205,20410101,20500411,20301128,20450904,20480907,20440905,20440905,20310429,20310522,20400214,20280714,20420404,20501124,20331226,20340221,20350806,20451023,20311225,20450815,20570101,20490101,20570101,20270125,20290917,20251008,20340301,20300605,20281225,20430101,20281225,20300101,20360612,20291001,20491227,20540327,20460101,,20580101,20190501,20260216,20310123,20270524,20260604,20371225,20270326,20420404,20400214,20331101,20350101
20421006,20320114,20410422,20391021,20270430,20290402,20200324,20410121,20351115,20400815,20340410,20300610,20220603,20310405,20181210,20310414,20140514,20351011,20211115,20270507,20290402,20370216,20300101,20320705,20511123,,20451123,20380101,20270101,20391124,20361203,20450214,20400330,20261228,,20290531,20530501,20390704,20310602,20210922,20330502,20380208,20380201,20320326,20310901,20380423,20340302,20430330,20250101,20301225,20270616,20200526,20320831,20340501,20490416,20291225,20341225,20310411,20351225,20260403,20331101,20351225,20240318,20300425,20350501,20190513,20320102,20281225,20210107,20350319,20410304,20500425,20301225,20451123,20481126,20441124,20441124,20310505,20310602,20400215,20280815,20420407,20501226,20340407,20340407,20350807,20460802,20311226,20451101,20570420,20490416,20570420,20270208,20290918,20251009,20340501,20300912,20290101,20430210,20281226,20300419,20361003,20291225,20491228,20540330,20460323,,20580412,20190502,20260217,20310124,20270701,20261026,20380101,20270329,20420407,20400330,20331118,20350102
20421225,20320115,20410530,20391226,20270503,20290425,20200331,20410218,20351122,20401001,20340501,20300819,20220912,20310411,20181231,20310415,20140729,20351031,20211208,20270517,20290501,20370217,20300121,20320906,20511225,,20451225,20380126,20270325,20391125,20370101,20450305,20400402,20261229,,20291003,20530526,20391114,20310801,20211001,20330506,20380412,20380202,20320329,20311111,20380426,20340303,20430501,20250127,20301231,20270809,20200608,20320916,20340505,20490419,20300101,20341226,20310501,20351226,20260501,20331226,20360101,20240328,20300610,20350815,20190605,20320115,20281226,20210108,20350322,20410305,20500613,20310101,20451225,20481225,20441226,20441226,20310506,20311224,20400330,20281101,20420425,20510102,20340410,20340421,20350808,20460805,20320101,20451208,20570423,20490419,20570423,20270209,20290919,20251225,20340505,20300913,20290213,20430211,20281227,20300422,20361224,20291226,20500103,20540608,20460326,,20580415,20190503,20260218,20310127,20270802,20261208,20380106,20270426,20420425,20400501,20331226,20350323
20421226,20320321,20410610,20391227,20270621,20290604,20200409,20410419,20351225,20401225,20340529,20300820,20221003,20310414,20190101,20310501,20140815,20351115,20211231,20270721,20290508,20370403,20300218,20321125,20520101,,20460101,20380308,20270326,20391226,20370125,20450814,20400425,20270101,,20291224,20531003,20391226,20310911,20211014,20330601,20380413,20380203,20320506,20311225,20380427,20340501,20430507,20250129,20310101,20270924,20200731,20321102,20340525,20490503,20300121,20350101,20310728,20360101,20260604,20340407,20360121,20240329,20300927,20351101,20190612,20320211,20290101,20210222,20350323,20410419,20501226,20310120,20460101,20490101,20450102,20450102,20310721,20311225,20400501,20281225,20420602,20510116,20340501,20340501,20351022,20460806,20320325,20451225,20570501,20490607,20570501,20270326,20291015,20260101,20340525,20301001,20290214,20430327,20290101,20300501,20361225,20300101,20500126,20541225,20460507,,20580501,20190506,20260219,20310228,20270906,20261224,20380426,20270607,20420602,20400531,20340106,20350326
20430101,20320322,20411225,20391228,20271028,20291022,20200410,20410527,20360101,20401226,20340601,20301023,20221004,20310424,20190219,20310505,20140818,20351225,20220110,20271101,20290705,20370421,20300419,20321224,20520115,,20460115,20380423,20270329,20400102,20370126,20450815,20400507,20270317,,20291225,20531224,20391227,20311225,20211227,20330701,20380430,20380204,20320625,20311226,20380614,20340519,20430518,20250331,20310123,20271216,20200820,20321220,20340531,20490531,20300201,20350102,20310729,20360411,20260610,20340410,20360204,20240501,20301105,20351225,20190812,20320225,20290102,20210223,20350501,20410501,20501227,20310217,20460115,20490118,20450116,20450116,20310811,20311226,20401105,20281226,20420929,20510220,20340508,20340608,20351225,20460923,20320326,20451226,20571224,20491224,20571224,20270421,20291101,20260216,20340531,20301002,20290215,20430501,20290305,20300530,20361226,20300128,20500408,20541228,20460509,,20581225,20190715,20260220,20310403,20271011,20261225,20380503,20271025,20421027,20400907,20340410,20350501
20430126,20320323,20411226,20391229,20280106,20291225,20200501,20410704,20360121,20410101,20340815,20301101,20221005,20310501,20190408,20310603,20140829,20360208,20220321,20271111,20290829,20370501,20300527,20330117,20520219,,20460219,20380426,20270423,20400116,20370127,20450816,20400611,20270326,,20291226,20531225,20400102,20311226,20220201,20330909,20380503,20380205,20321206,20320101,20381021,20340830,20430807,20250401,20310124,20271227,20200831,20330103,20340606,20490830,20300204,20350208,20311008,20360414,20261005,20340501,20360218,20240502,20301225,20351226,20190821,20320322,20290330,20210308,20351102,20410620,20510102,20310526,20460219,20490215,20450220,20450220,20310915,20320101,20401128,20290101,20421225,20510331,20340705,20340907,20351226,20461009,20320329,20460101,20571225,20491231,20571225,20270527,20291102,20260217,20340606,20301003,20290330,20430810,20290406,20300606,20361231,20300419,20500411,20550101,20460528,,20581226,20190812,20260227,20310404,20271111,20270101,20380624,20271227,20421225,20401012,20340501,20350503
20430309,20320411,20420101,20400423,20280228,20291226,20200525,20410902,20360218,20410128,20341130,20301224,20221006,20310503,20190415,20310604,20141002,20360225,20220414,20280414,20291101,20370604,20300704,20330221,20520419,,20460323,20380427,20270506,20400330,20370216,20450817,20400727,20270329,,20291231,20531226,20400123,20311231,20220202,20331226,20380902,20380208,20321224,20320326,20381227,20341212,20430901,20250402,20310127,20280321,20200916,20330104,20340815,20491227,20300205,20350326,20311208,20360505,20261201,20340509,20360317,20240515,20301226,20360101,20190826,20320325,20290521,20210503,20351119,20411115,20510126,20310704,20460323,20490416,20450407,20450407,20310923,20320325,20401225,20290330,20421226,20510529,20340706,20341012,20360101,20461010,20320422,20460326,20571226,20500408,20571226,20270709,20291225,20260218,20340815,20301004,20290424,20431112,20290409,20300621,20370101,20300422,20500425,20550126,20460827,,20590101,20190916,20260403,20310501,20271227,20270106,20381101,20271228,20421226,20401102,20340530,20350514
20430327,20320620,20420404,20400501,20280414,20300101,20200615,20411014,20360225,20410419,20341201,20301225,20221007,20310703,20190416,20310728,20141003,20360312,20220415,20280417,20291224,20370907,20300902,20330415,20520527,,20460528,20380531,20270507,20400528,20370428,20451022,20400806,20270503,,20300101,20531231,20400215,20320101,20220203,20331227,20380903,20380412,20330106,20320528,20381228,20341213,20430904,20250403,20310128,20280414,20201029,20330131,20340926,20491228,20300206,20350427,20311225,20360526,20261208,20340518,20360410,20240815,20310101,20360414,20191101,20320326,20290625,20210504,20351212,20411225,20510331,20310901,20460528,20490531,20450529,20450529,20311013,20320326,20410101,20290402,20430101,20510704,20340928,20341102,20360303,20461011,20320506,20460425,20571231,20500411,20571231,20270907,20291231,20260501,20340926,20301007,20290501,20431225,20290501,20301224,20370106,20300425,20500613,20550416,20461225,,20590328,20190923,20260406,20310623,20271228,20270329,20381111,20280103,20430101,20401115,20340608,20350801
20430330,20321130,20420407,20400830,20280417,20300102,20200709,20411111,20360226,20410422,20341225,20301226,20230102,20310815,20190501,20310804,20141006,20360409,20220530,20280501,20291225,20371012,20301014,20330530,20520704,,20460704,20380614,20270517,20400704,20371107,20451023,20401225,20270607,,20300419,20540101,20400330,20320102,20220405,20340102,20390103,20380413,20330415,20320621,20390103,20341214,20431112,20250418,20310324,20280417,20201225,20330201,20340927,20500103,20300207,20350501,20320101,20360825,20261224,20340529,20360411,20241101,20310127,20360425,20191224,20320409,20290702,20210510,20351225,20420101,20510403,20311013,20460704,20490705,20450704,20450704,20311103,20320329,20410109,20290501,20430126,20510904,20341117,20341115,20360310,20470723,20320517,20460501,20580101,20500530,20580101,20271012,20300101,20260505,20340927,20310101,20290528,20440101,20290507,20301225,20370403,20300610,20501226,20550419,20461226,,20590331,20191014,20260501,20310624,20280103,20270506,20390106,20280104,20430102,20401225,20340622,20351225
20430608,20321202,20420515,20401008,20280501,20300128,20200710,20411128,20360411,20410425,20341226,20301227,20230123,20310920,20190506,20310812,20141015,20360411,20220620,20280525,20291226,20371102,20301111,20330704,20520902,,20460903,20380802,20271224,20400903,20371108,20451024,20401226,20270802,,20300422,20540327,20400402,20320326,20220415,20340220,20390124,20380430,20330418,20320729,20390126,20350101,20431225,20250501,20310403,20280427,20210101,20330202,20340928,20500408,20300501,20350502,20320102,20361225,20261225,20340623,20360501,20241206,20310310,20360501,20191225,20320830,20290903,20210614,20360101,20420217,20510425,20311111,20460903,20490906,20450904,20450904,20311124,20320506,20410304,20290508,20430302,20511123,20341225,20341120,20360411,20470724,20320617,20460629,20580412,20501003,20580412,20271102,20300419,20260603,20340928,20310122,20290809,20440201,20290524,20301226,20370406,20300805,20501227,20550614,20470101,,20590501,20191022,20260619,20311001,20280221,20270517,20390411,20280124,20430206,20401231,20340815,20351226
20431005,20330101,20420526,20401009,20280605,20300206,20200817,20411225,20360421,20410506,20350101,20310101,20230124,20311002,20190520,20311013,20141023,20360414,20220627,20280526,20300101,20371130,20301128,20330905,20521128,,20461122,20381004,20271231,20401106,20371109,20451025,20410101,20271025,,20300501,20540330,20400521,20320329,20220418,20340221,20390125,20380503,20330526,20320730,20390214,20350219,20440101,20250512,20310411,20280501,20210128,20330401,20341003,20500411,20300516,20350625,20320325,20361226,20270101,20340815,20360526,20241225,20310411,20360602,20191230,20321101,20291008,20211104,20360204,20420218,20510612,20311127,20461122,20491125,20451123,20451123,20311231,20320517,20410305,20290510,20430327,20511225,20341226,20341225,20360414,20470725,20320802,20460815,20580415,20501226,20580415,20271115,20300501,20260924,20341003,20310123,20291105,20440415,20290906,20301231,20370501,20301007,20510102,20551227,20470412,,20591225,20191104,20260925,20311010,20280414,20270527,20390503,20280207,20430327,20410101,20341101,20360101
20431225,20330102,20421225,20401029,20280815,20300419,20201012,20420101,20360501,20410814,20350102,20310411,20230125,20311016,20190603,20311023,20141024,20360501,20220704,20280605,20300419,20371225,20301225,20331124,20521225,,20461225,20381227,20280413,20401112,20371110,20451026,20410128,20271227,,20300530,20540501,20400618,20320506,20220502,20340222,20390126,20380902,20330624,20320906,20390314,20350220,20440211,20250529,20310423,20280616,20210201,20330502,20341009,20500502,20300530,20350815,20320326,20370101,20270209,20341101,20360704,20250101,20310414,20360815,20191231,20321130,20291112,20211105,20360317,20420404,20511225,20311225,20461225,20491224,20451225,20451225,20320101,20321224,20410306,20290521,20430330,20520101,20350101,20341229,20360602,20470923,20321224,20461101,20580501,20510331,20580501,20271231,20300521,20260925,20341009,20310124,20291225,20440502,20290924,20310101,20370514,20301225,20510126,20551228,20470415,,20591226,20191231,20261009,20320101,20280522,20271026,20390609,20280414,20430330,20410304,20341225,20360102
20431228,20330103,20421226,20401214,20281225,20300422,20201106,20420120,20360526,20411007,20350124,20310414,20230126,20311024,20190716,20311205,20141104,20360815,20220720,20280721,20300422,20371231,20310101,20331226,20530101,,20470101,20381228,20280414,20401122,20371130,20451218,20410419,20271228,,20300610,20540518,20400702,20320517,20220509,20340405,20390127,20380903,20331206,20321111,20390408,20350221,20440418,20250606,20310501,20280809,20210212,20330513,20341225,20500530,20300531,20351031,20320629,20370403,20270326,20341225,20360901,20250106,20310425,20361208,20200101,20321208,20291225,20220103,20360410,20420421,20511226,20320101,20470101,20500117,20460101,20460101,20320102,20330414,20410419,20290815,20430427,20520115,20350323,20350101,20360630,20470929,20330414,20461225,20581224,20510403,20581224,20280125,20300716,20261009,20341225,20310127,20300101,20440512,20291224,20310106,20370525,20301226,20510331,20560103,20470506,,20600101,20200101,20270101,20320102,20280703,20271101,20390815,20280417,20430427,20410305,20341226,20360411
20440101,20330104,20430101,20401217,20281226,20300425,20201123,20420217,20360612,20411225,20350427,20310501,20230127,20311030,20190729,20311210,20141106,20360929,20220815,20280815,20300501,20380101,20310120,20340102,20530120,,20470121,20390103,20280417,20401123,20371202,20460101,20410422,20271229,,20300620,20541224,20401112,20320909,20220603,20340407,20390128,20390103,20331226,20321227,20390411,20350423,20440502,20250627,20310507,20280925,20210429,20330606,20341229,20500829,20300603,20351101,20320728,20370406,20270527,20341226,20360916,20250417,20310609,20361225,20200113,20321224,20291226,20220104,20360411,20420501,20520101,20320119,20470121,20500221,20460115,20460115,20320112,20330415,20410501,20291101,20430601,20520219,20350326,20350205,20360804,20470930,20330415,20461226,20581225,20510501,20581225,20280228,20300815,20261225,20341229,20310128,20300204,20440809,20291225,20310411,20370604,20310101,20510403,20560126,20470509,,20600416,20200102,20270204,20320205,20280807,20271208,20391101,20280425,20430601,20410419,20350101,20360414
20440126,20330310,20430327,20410101,20290101,20300603,20201207,20420526,20360704,20411226,20350430,20310502,20230405,20311101,20190812,20311231,20141225,20361002,20221017,20281101,20300508,20380308,20310217,20340116,20530217,,20470218,20390126,20280512,20401225,20371203,20460213,20410425,20280103,,20301003,20541225,20401225,20321231,20220701,20340410,20390404,20390124,20340106,20321228,20390412,20350501,20440526,20250905,20310522,20281225,20210513,20330610,20350101,20501226,20300916,20351225,20320729,20370504,20270610,20350101,20361013,20250418,20310926,20361226,20200225,20321230,20300101,20220105,20360501,20420605,20520126,20320216,20470218,20500408,20460219,20460219,20320211,20330418,20411104,20291225,20430928,20520419,20350501,20350206,20360805,20471001,20330418,20470101,20581226,20510522,20581226,20280229,20300918,20270101,20350101,20310407,20300205,20440824,20291226,20310414,20371224,20310127,20510425,20560331,20470527,,20600419,20200103,20270205,20320206,20280904,20271224,20391111,20280605,20431026,20410501,20350326,20360501
20440314,20330312,20430330,20410423,20290219,20301028,20201208,20420704,20360901,20420101,20350501,20310602,20230501,20311113,20191014,20320101,20150126,20361020,20221107,20281225,20300705,20380309,20310411,20340220,20530526,,20470412,20390314,20280525,20410101,20380116,20460304,20410506,20280317,,20301224,20541231,20401226,20330415,20220912,20340501,20390502,20390125,20340407,20330103,20390425,20350830,20440606,20251224,20310702,20281226,20210514,20330831,20350207,20501227,20301225,20351226,20320830,20370525,20271005,20350323,20361111,20250501,20311104,20370101,20200409,20321231,20300102,20220106,20360916,20421225,20520419,20320531,20470412,20500530,20460323,20460323,20320223,20330517,20411105,20291226,20431225,20520527,20350508,20350323,20360806,20480709,20330421,20470415,20581231,20511003,20581231,20280414,20300919,20270208,20350207,20310501,20300206,20441020,20300101,20310501,20371225,20310411,20510612,20560403,20470826,,20610408,20200113,20270208,20320209,20281009,20280106,20391226,20281023,20431225,20410620,20350501,20360522
20440415,20330609,20430427,20410501,20290406,20301225,20201225,20420901,20361013,20420127,20350601,20310820,20230622,20311115,20191023,20320102,20150217,20361103,20221114,20281226,20300829,20380421,20310526,20340407,20530704,,20470527,20390408,20280526,20410121,20380117,20460805,20410610,20280414,,20301225,20550101,20410101,20330418,20221004,20340525,20390503,20390126,20340410,20330415,20390613,20351029,20440808,20251225,20311113,20290101,20210526,20330916,20350208,20510102,20310101,20360101,20321008,20370831,20271101,20350326,20361117,20250502,20311225,20370106,20200410,20330103,20300419,20220107,20361117,20430101,20520422,20320705,20470527,20500704,20460528,20460528,20320429,20330526,20411111,20300101,20431228,20520704,20350705,20350423,20361020,20480712,20330526,20470425,20590101,20511225,20590101,20280421,20300920,20270209,20350208,20310502,20300419,20441031,20300304,20310522,20371231,20310414,20511225,20560425,20471225,,20610411,20200211,20270209,20320210,20281113,20280417,20400106,20281225,20431228,20411115,20350524,20360602
20440418,20331130,20430507,20410715,20290409,20301226,20210101,20421013,20361111,20420404,20350618,20311023,20230623,20311202,20191205,20320225,20150219,20361120,20221208,20290101,20301101,20380423,20310704,20340529,20530901,,20470704,20390411,20280605,20410419,20380417,20460806,20410726,20280417,,20301226,20550416,20410128,20330526,20221226,20340620,20390902,20390127,20340501,20330527,20391020,20351203,20440815,20251226,20311224,20290321,20210607,20331209,20350209,20510331,20310123,20360102,20321101,20371225,20271201,20350501,20361127,20250515,20311226,20370406,20200501,20330131,20300520,20220110,20361201,20430209,20520425,20320906,20470704,20500905,20460704,20460704,20320503,20330606,20411128,20300419,20440101,20520902,20350706,20350501,20361225,20480713,20330606,20470501,20590328,20511226,20590328,20280501,20301031,20270301,20350209,20310623,20300501,20441226,20300426,20310606,20380101,20310425,20511226,20560612,20471226,,20611226,20200224,20270210,20320211,20281225,20280501,20400402,20281226,20440101,20411225,20350530,20360801
20440425,20331203,20430518,20410830,20290501,20310101,20210215,20421111,20361127,20420407,20350815,20311024,20230929,20311225,20191210,20320406,20150306,20361225,20221230,20290330,20301224,20380624,20310901,20340704,20531127,,20470902,20390425,20281225,20410527,20381030,20460807,20410805,20280501,,20301231,20550419,20410306,20330606,20221227,20340928,20390905,20390128,20340518,20330620,20391226,20360101,20440824,20260101,20311225,20290330,20210720,20331223,20350301,20510403,20310124,20360208,20321208,20371228,20271208,20350503,20361201,20250619,20320101,20370501,20200525,20330225,20300624,20220223,20361212,20430210,20520610,20321011,20470902,20501124,20460903,20460903,20320504,20331226,20411209,20300422,20440126,20521128,20350928,20350524,20361226,20480917,20330617,20470815,20590331,20520101,20590331,20280615,20301101,20270303,20350301,20310624,20300516,20450102,20300429,20310620,20380106,20310609,20520101,20561225,20480101,,20620324,20200320,20270301,20320212,20281226,20280525,20400501,20290101,20440104,20411231,20350622,20361225
20440613,20331224,20431225,20410927,20290528,20310102,20210216,20421127,20361225,20420425,20351130,20311224,20231002,20320115,20191231,20320413,20150321,20370126,20230109,20290402,20301225,20380907,20311013,20340904,20531225,,20471128,20390530,20281226,20410704,20381031,20461010,20411225,20280605,,20310101,20550607,20410419,20330801,20230102,20341002,20400102,20390404,20340623,20330728,20391227,20360208,20441031,20260116,20311226,20290402,20210810,20331226,20350501,20510501,20310127,20360414,20330414,20380101,20271224,20350509,20361212,20250725,20320126,20370602,20200612,20330311,20300701,20220307,20361225,20430327,20521225,20321111,20471128,20501226,20461122,20461122,20320505,20340406,20411225,20300501,20440307,20521225,20351224,20350907,20370101,20480920,20330801,20471101,20590501,20520419,20590501,20280907,20301225,20270505,20350501,20311001,20300809,20450217,20300501,20311224,20380423,20310804,20520126,20561226,20480403,,20620327,20200429,20270405,20320213,20290101,20280605,20400503,20290102,20440208,20420101,20350815,20361226
20441003,20331225,20440101,20411029,20290815,20310127,20210324,20421225,20370101,20420505,20351225,20311225,20231003,20320126,20200101,20320414,20150328,20370127,20230320,20290501,20301226,20381012,20311111,20341123,20540101,,20471225,20390613,20290101,20410902,20381130,20461011,20411226,20280807,,20310411,20551224,20410422,20330908,20230123,20341020,20400213,20390502,20341206,20330729,20400102,20360211,20441101,20260217,20311231,20290427,20210831,20340102,20350507,20510529,20310403,20360501,20330415,20380423,20280229,20350514,20361225,20250815,20320308,20371208,20200731,20330414,20300902,20220308,20370101,20430421,20521226,20321125,20471225,20510102,20461225,20461225,20320719,20340407,20420101,20300508,20440415,20530101,20351225,20351012,20370302,20480921,20331226,20471225,20591224,20520422,20591224,20281012,20301231,20270513,20350507,20311002,20301225,20450407,20300506,20311225,20380426,20311006,20520419,20570101,20480406,,20620501,20200504,20270406,20320227,20290219,20280615,20400531,20290122,20440415,20420217,20351101,20370101
20441226,20340101,20440415,20411204,20291225,20310206,20210401,20430101,20370119,20420813,20351226,20311226,20231004,20320310,20200210,20320415,20150401,20370213,20230406,20290510,20310101,20381102,20311127,20341225,20540119,,20480101,20390801,20290329,20411111,20381202,20461218,20420101,20281030,,20310414,20551231,20410520,20331226,20230124,20341225,20400214,20390503,20341225,20330905,20400126,20360423,20441115,20260319,20320101,20290501,20210916,20340201,20350515,20510828,20310423,20360502,20330629,20380426,20280414,20350815,20370101,20251110,20320326,20371225,20200821,20330415,20301014,20220502,20370202,20430501,20530101,20330117,20480101,20510116,20470101,20470101,20320811,20340410,20420109,20300530,20440418,20530120,20351226,20351102,20370309,20480923,20340406,20471226,20591225,20520501,20591225,20281102,20310101,20270914,20350515,20311003,20310101,20450501,20300524,20311226,20380603,20311225,20520422,20570126,20480504,,20621225,20200505,20270609,20320402,20290330,20280815,20400815,20290206,20440418,20420218,20351225,20370102
20441227,20340228,20440418,20411205,20291226,20310411,20210402,20430119,20370216,20421006,20360101,20320101,20231005,20320322,20200406,20320503,20150402,20370226,20230407,20290511,20310106,20381115,20311225,20350101,20540216,,20480120,20391003,20290330,20411128,20390101,20470101,20420127,20281225,,20310501,20560331,20410617,20340102,20230125,20341226,20400215,20390902,20341226,20331111,20400213,20360501,20441226,20260320,20320112,20290809,20211019,20340202,20350606,20511225,20310501,20360625,20330728,20380503,20280425,20351101,20370119,20251208,20320329,20380101,20200831,20330829,20301111,20220503,20370316,20430528,20530127,20330221,20480120,20510220,20470121,20470121,20320920,20340501,20420217,20300610,20440425,20530217,20360101,20351115,20370403,20490630,20340407,20480101,20591226,20520610,20591226,20281115,20310411,20270915,20350606,20311006,20310123,20450531,20300906,20311231,20380614,20311226,20520425,20570420,20480525,,20621226,20200506,20270915,20320405,20290521,20281026,20401101,20290330,20440425,20420404,20351226,20370403
20450102,20340301,20440427,20411206,20300101,20310414,20210525,20430216,20370217,20421225,20360102,20320102,20231006,20320326,20200501,20320504,20150403,20370302,20230501,20290521,20310411,20381130,20320101,20350115,20540327,,20480217,20391226,20290402,20411129,20390104,20470212,20420404,20281226,,20310522,20560403,20410701,20340407,20230405,20350101,20400216,20390905,20350101,20331226,20400312,20360519,20450130,20260323,20320113,20290924,20211104,20340220,20350815,20511226,20310506,20360815,20330729,20380531,20280501,20351225,20370202,20251225,20320614,20380106,20201102,20331101,20301225,20220509,20370402,20430907,20530404,20330530,20480217,20510331,20470218,20470218,20320921,20340517,20420218,20300815,20440606,20530404,20360411,20351120,20370406,20490701,20340410,20480106,20591231,20521003,20591231,20281120,20310501,20270916,20350815,20311007,20310124,20450809,20300923,20320101,20380624,20320101,20520610,20570423,20480831,,20630101,20200723,20271011,20320611,20290702,20281101,20401225,20290402,20440606,20420421,20360101,20370406
20450126,20340302,20440526,20420101,20300311,20310425,20210621,20430327,20370403,20421226,20360124,20320315,20240101,20320401,20200504,20320524,20150414,20370325,20230522,20290815,20310414,20381231,20320119,20350219,20540525,,20480403,20391227,20290427,20411225,20390105,20470303,20420407,20281227,,20310602,20560501,20411111,20340410,20230407,20350208,20400217,20400102,20350323,20331227,20400330,20360715,20450410,20260403,20320114,20291217,20220118,20340221,20350917,20520101,20310530,20361031,20330830,20380830,20280613,20351226,20370216,20260101,20321001,20380426,20201130,20331130,20301226,20220613,20370403,20431012,20530407,20330704,20480403,20510529,20470412,20470412,20320922,20340518,20420219,20301101,20440926,20530526,20360414,20351225,20370525,20490704,20340420,20480406,20600101,20521224,20600101,20281225,20310521,20280126,20350917,20311008,20310403,20450814,20301224,20320106,20381101,20320126,20521225,20570425,20481225,,20630413,20200724,20271231,20320920,20290806,20281208,20401226,20290425,20441024,20420501,20360414,20370501
20450313,20340321,20440606,20420423,20300325,20310602,20210709,20430525,20370421,20430101,20360418,20320326,20240209,20320414,20200506,20320603,20150501,20370403,20230612,20291101,20310501,20390221,20320216,20350323,20540703,,20480525,20400102,20290510,20420101,20390106,20470724,20420425,20290101,,20310612,20560522,20411225,20340501,20230410,20350209,20400420,20400213,20350326,20340102,20400402,20361029,20450501,20260417,20320115,20291225,20220201,20340301,20350918,20520419,20310602,20361225,20331101,20381227,20280615,20360101,20370316,20260106,20321102,20380602,20201208,20331208,20310101,20221104,20370501,20431102,20530425,20330905,20480525,20510704,20470527,20470527,20321011,20340529,20420404,20301111,20441226,20530704,20360501,20351231,20370629,20490907,20340501,20480501,20600416,20521225,20600416,20281229,20310716,20280127,20350918,20320101,20310411,20451108,20301225,20320326,20381224,20320326,20521226,20570611,20481228,,20630416,20200810,20280124,20321011,20290903,20281225,20410101,20290604,20441226,20420605,20360501,20370514
20450407,20340530,20441226,20420501,20300426,20311027,20210816,20430703,20370501,20430126,20360421,20320329,20240212,20320421,20200603,20320722,20150504,20370414,20230619,20291225,20310508,20390222,20320326,20350528,20540907,,20480703,20400126,20290511,20420120,20390126,20470725,20420505,20290319,,20311003,20561003,20411226,20340518,20230501,20350323,20400430,20400214,20350501,20340407,20400403,20361119,20450518,20260501,20320116,20291226,20220202,20340322,20351003,20520422,20310702,20361226,20331208,20381228,20280815,20360411,20370402,20260319,20321227,20381101,20201224,20331223,20310102,20230102,20370916,20431225,20530609,20331010,20480703,20510904,20470704,20470704,20321103,20341225,20420501,20301225,20441227,20530901,20360508,20360101,20370803,20490908,20340518,20480602,20600419,20521226,20600419,20290101,20310815,20280128,20351003,20320102,20310501,20451225,20301226,20320329,20381231,20320329,20530101,20571225,20490101,,20630501,20200921,20280125,20321231,20291008,20281226,20410422,20291022,20441227,20421225,20360530,20370525
20450410,20341130,20450407,20420519,20300429,20311225,20211011,20430907,20370525,20430327,20360501,20320517,20240213,20320423,20200706,20320728,20150718,20370501,20230703,20291226,20310829,20390408,20320531,20350704,20541126,,20480907,20400312,20290521,20420404,20390406,20470929,20420609,20290330,,20311224,20561225,20420101,20340529,20230526,20350326,20400501,20400215,20350503,20340526,20400425,20361120,20450529,20260514,20320211,20300101,20220203,20340501,20351009,20520506,20310901,20370101,20340406,20390103,20281005,20360414,20370403,20260402,20321228,20381208,20201225,20331230,20310411,20230103,20371102,20440101,20531225,20331111,20480907,20511123,20470902,20470902,20321123,20341226,20421103,20301226,20450102,20531127,20361028,20360225,20370804,20490909,20340529,20480629,20601224,20521231,20601224,20290125,20310918,20280301,20351009,20320210,20310506,20460101,20310101,20320506,20390106,20320614,20530127,20571226,20490416,,20631225,20200922,20280126,20330126,20291112,20290101,20410501,20291225,20450102,20421231,20360612,20371225
20450425,20341202,20450410,20420715,20300501,20311226,20211208,20431012,20370604,20430330,20360609,20320820,20240214,20320501,20200727,20320812,20150815,20371002,20230720,20300101,20310901,20390421,20320705,20350903,20541225,,20481126,20400330,20290605,20420526,20391019,20470930,20420725,20290402,,20311225,20561226,20420127,20340801,20230622,20350405,20400903,20400216,20350622,20340619,20400611,20361121,20450807,20260527,20320322,20300321,20220419,20340503,20351225,20520527,20310916,20370102,20340407,20390408,20281101,20360501,20370501,20260403,20330103,20390106,20201230,20340301,20310519,20230104,20371116,20440229,20531226,20331124,20481126,20511225,20471128,20471128,20321231,20350101,20421104,20310101,20450126,20531225,20361117,20360226,20370805,20490923,20340807,20481208,20601231,20530101,20601231,20290212,20310919,20280412,20351225,20320211,20311114,20460206,20310303,20320625,20390408,20320802,20530404,20580101,20490419,,20631226,20201103,20280127,20330127,20291225,20290402,20410503,20291226,20450103,20430101,20360805,20380101
20450612,20341203,20450427,20420916,20300617,20320101,20211224,20431111,20370907,20430504,20360815,20321101,20240215,20320512,20200728,20321013,20150818,20371109,20230807,20300419,20310915,20390609,20320906,20351122,20550101,,20481225,20400402,20291224,20420704,20391020,20471001,20420804,20290507,,20311226,20570101,20420219,20340907,20231002,20350501,20400904,20400217,20351206,20340803,20401025,20370101,20450810,20260601,20320326,20300419,20220502,20340530,20351231,20520826,20311114,20370406,20340501,20390411,20281201,20360509,20370525,20260501,20330126,20390411,20201231,20340406,20310624,20230105,20371225,20440301,20540101,20331226,20481225,20520101,20471225,20471225,20330103,20350322,20421105,20310411,20450306,20540101,20361224,20360411,20371019,20500619,20341225,20481225,20610408,20530404,20610408,20290213,20311031,20280501,20351231,20320212,20311225,20460207,20310411,20321224,20390411,20321004,20530407,20580128,20490503,,20640101,20201123,20280128,20330128,20291226,20290501,20410620,20300101,20450206,20430209,20360815,20380423
20451002,20341211,20450505,20420917,20300815,20320102,20211231,20431126,20371012,20430812,20361201,20321224,20240404,20320621,20200812,20321025,20150917,20371225,20230821,20300422,20311117,20390907,20321011,20351225,20550118,,20490101,20400425,20291225,20420901,20391130,20471218,20421225,20290604,,20311231,20570420,20420404,20341225,20231023,20350515,20410101,20400420,20351224,20340804,20401225,20370127,20450814,20260616,20320412,20300422,20220503,20340605,20360101,20521225,20311225,20370427,20340629,20390502,20281208,20360522,20370907,20260515,20330314,20390425,20210101,20340407,20310701,20230106,20380101,20440415,20540126,20340102,20490101,20520115,20480101,20480101,20330110,20350323,20421110,20310414,20450407,20540119,20361225,20360421,20371225,20500620,20341226,20490101,20610411,20530407,20610411,20290330,20311208,20280502,20360101,20320213,20320101,20460323,20310414,20321231,20390519,20321227,20530425,20580412,20490531,,20640404,20201231,20280228,20330131,20300101,20290510,20410815,20300102,20450407,20430210,20361118,20380426
20451225,20341212,20450518,20420918,20301028,20320126,20220228,20431225,20371102,20431005,20361225,20330314,20240405,20320908,20201013,20321206,20150925,20380126,20231016,20300501,20311224,20391012,20321111,20360101,20550215,,20490118,20400528,20291226,20421104,20391203,20480101,20421226,20290806,,20320101,20570423,20420407,20341226,20231225,20350611,20410130,20400430,20351225,20340904,20401226,20370128,20450815,20260817,20320506,20300501,20220504,20340831,20360128,20521226,20320101,20370501,20340728,20390530,20281225,20360602,20370916,20260604,20330415,20390602,20210212,20340501,20310901,20230223,20380201,20440421,20540327,20340116,20490118,20520219,20480120,20480120,20330211,20350326,20421128,20310501,20450410,20540216,20361226,20360423,20371228,20500621,20350101,20490106,20610530,20530501,20610530,20290501,20311225,20280505,20360128,20320216,20320114,20460501,20310501,20330106,20390530,20321228,20530609,20580415,20490830,,20640407,20210101,20280403,20330201,20300218,20290521,20411101,20300121,20450410,20430327,20361225,20380603
20451226,20341213,20450529,20421029,20301225,20320206,20220301,20440101,20371111,20431225,20361226,20330315,20240501,20321002,20201023,20321210,20151002,20380215,20231106,20300530,20311225,20391102,20321125,20360121,20550416,,20490215,20400611,20291231,20421111,20391225,20480211,20430101,20291029,,20320326,20570501,20420519,20350101,20231226,20350702,20410131,20400501,20351226,20341113,20410101,20370129,20451101,20260825,20320525,20300617,20220516,20341109,20360129,20530101,20320102,20370625,20340830,20390829,20290101,20360623,20371012,20261012,20330418,20390815,20210225,20340508,20311013,20230224,20380315,20440616,20540330,20340220,20490215,20520419,20480217,20480217,20330223,20350501,20421208,20310508,20450425,20540327,20370101,20360501,20380101,20500825,20350322,20490419,20611226,20530526,20611226,20290531,20311231,20280606,20360129,20320405,20320211,20460521,20310506,20330415,20390609,20330103,20531225,20580425,20491227,,20640501,20210111,20280404,20330202,20300419,20290531,20411111,20300206,20450425,20430421,20361226,20380614
20460101,20341214,20451225,20421124,20301226,20320326,20220324,20440118,20371126,20431228,20370101,20330415,20240610,20321004,20201207,20321231,20151022,20380304,20231113,20300531,20311226,20391115,20321224,20360218,20550531,,20490416,20400806,20300101,20421127,20391226,20480301,20430126,20291225,,20320329,20570611,20420616,20350102,20240101,20350917,20410201,20400903,20360101,20341225,20410128,20370130,20451115,20261224,20320601,20300809,20220606,20341128,20360130,20530404,20320114,20371225,20341101,20391226,20290213,20360815,20371102,20261109,20330425,20391101,20210401,20340612,20311111,20230308,20380422,20440907,20540608,20340529,20490416,20520527,20480403,20480403,20330321,20350503,20421225,20310522,20450605,20540525,20370403,20360612,20380301,20500828,20350323,20490602,20620324,20531003,20620324,20290709,20320101,20280815,20360130,20320503,20320212,20460809,20310526,20330418,20391003,20330126,20531226,20580610,20491228,,20641225,20210211,20280501,20330203,20300520,20290815,20411225,20300419,20450605,20430501,20370101,20390408
20460126,20350101,20451226,20421125,20310101,20320329,20220414,20440215,20371225,20440101,20370102,20330418,20240916,20321013,20201210,20330103,20151111,20380413,20231208,20300610,20320101,20391130,20330117,20360411,20550705,,20490531,20401001,20300418,20421128,20391227,20480712,20430327,20291226,,20320506,20571003,20420707,20350323,20240212,20351001,20410204,20400904,20360411,20341226,20410211,20370423,20451225,20261225,20320817,20300924,20220831,20341212,20360409,20530407,20320115,20380101,20341208,20391227,20290330,20361225,20371111,20261208,20330613,20391208,20210402,20340821,20311225,20230501,20380423,20441012,20541225,20340704,20490531,20520704,20480525,20480525,20330429,20350514,20430101,20310602,20450925,20540703,20370406,20361120,20380308,20500829,20350326,20490629,20620327,20531224,20620327,20290907,20320326,20281002,20360409,20320614,20320322,20461010,20310908,20330526,20391101,20330415,20540101,20581225,20500103,,20641226,20210223,20280529,20330204,20300701,20291026,20411226,20300422,20451023,20430528,20370106,20390411
20460312,20350217,20460101,20421126,20310106,20320426,20220415,20440415,20380101,20440126,20370403,20330606,20240917,20321014,20201231,20330214,20151112,20380414,20231225,20300815,20320106,20391230,20330221,20360526,20550906,,20490705,20401225,20300419,20421225,20400101,20480713,20430330,20291227,,20320517,20571224,20421110,20350326,20240213,20351009,20410205,20401231,20360414,20350101,20410311,20370501,20460101,20270101,20321101,20301216,20220916,20341213,20360501,20530505,20320202,20380208,20341225,20400102,20290425,20361226,20371116,20261225,20330930,20391226,20210409,20340828,20311226,20230508,20380916,20441102,20541228,20340904,20490705,20520902,20480703,20480703,20330503,20350517,20430109,20310714,20451225,20540907,20370501,20361225,20380423,20500922,20350419,20491101,20620501,20531225,20620501,20291012,20320521,20281003,20360501,20320920,20320326,20461029,20310922,20330606,20391226,20330418,20540126,20581226,20500408,,20650101,20210429,20281002,20330228,20300805,20291101,20420101,20300425,20451225,20430907,20370406,20390519
20460323,20350218,20460323,20430101,20310224,20320607,20220525,20440530,20380118,20440415,20370406,20331031,20241001,20321018,20210101,20330406,20151125,20380423,20231229,20301101,20320326,20400213,20330415,20360704,20551125,,20490906,20401226,20300422,20430101,20400115,20480714,20430504,20300101,,20320527,20571225,20421225,20350501,20240329,20351225,20410410,20410101,20360501,20350323,20410419,20370519,20460119,20270105,20321224,20301225,20221024,20341225,20360505,20530526,20320211,20380426,20350101,20400330,20290501,20370101,20371126,20270101,20331101,20400106,20210514,20341101,20320101,20230509,20381102,20441115,20550101,20341009,20490906,20521128,20480907,20480907,20330504,20351224,20430209,20310815,20451226,20541126,20370508,20361231,20380426,20510608,20350501,20491208,20621225,20531226,20621225,20291102,20320628,20281004,20360505,20321001,20320524,20461225,20311224,20330624,20400106,20330425,20540327,20590101,20500411,,20650327,20210503,20281003,20330404,20300902,20291224,20420106,20300603,20451226,20431012,20370501,20390530
20460326,20350219,20460326,20430423,20310325,20321025,20220620,20440704,20380215,20440418,20370501,20331101,20241002,20321101,20210226,20330413,20151224,20380902,20240101,20301111,20320329,20400214,20330530,20360901,20551224,,20491125,20410101,20300517,20430119,20400325,20480920,20430608,20300318,,20321224,20571226,20421226,20350503,20240401,20351226,20410429,20410130,20360522,20350525,20410422,20370715,20460326,20270309,20321231,20301226,20221226,20350101,20360606,20530825,20320212,20380427,20350322,20400402,20290531,20370403,20371225,20270106,20331226,20400402,20210720,20341130,20320102,20230612,20381115,20450220,20550126,20341123,20491125,20521225,20481126,20481126,20330505,20351225,20430210,20311111,20460101,20541225,20370706,20370101,20380614,20510611,20350503,20500106,20621226,20531231,20621226,20291115,20320716,20281005,20360606,20321004,20320809,20470101,20311225,20331226,20400330,20330613,20540330,20590127,20500502,,20650330,20210504,20281009,20330405,20301014,20291225,20420407,20301028,20460101,20431102,20370604,20390801
20460425,20350311,20460427,20430501,20310411,20321227,20220815,20440905,20380308,20440425,20370525,20331226,20241003,20321102,20210406,20330414,20151225,20381007,20240108,20301225,20320705,20400330,20330704,20361127,20560117,,20491224,20410128,20300530,20430327,20401006,20480921,20430724,20300419,,20321231,20571231,20430101,20350514,20240404,20360101,20410430,20410131,20360620,20350618,20410423,20371029,20460501,20270310,20330103,20310101,20230102,20350124,20360815,20531225,20320322,20380625,20350323,20400507,20290613,20370406,20380101,20270319,20331227,20400425,20210830,20341208,20320326,20231106,20390207,20450221,20550416,20341225,20491224,20530101,20481225,20481225,20330718,20351226,20430211,20311225,20460126,20550101,20370928,20370120,20380702,20510612,20350514,20500411,20630101,20540101,20630101,20291120,20320917,20281009,20360815,20321005,20321102,20470128,20311226,20340106,20400402,20330801,20540608,20590328,20500509,,20650501,20210505,20281010,20330502,20301111,20291226,20420501,20301225,20460102,20431225,20370622,20391226
20460611,20350520,20460503,20430519,20310414,20321228,20221010,20441010,20380309,20440502,20370601,20340315,20241004,20321104,20210413,20330415,20160126,20381029,20240325,20301226,20320901,20400501,20330905,20361225,20560221,,20500117,20410311,20300531,20430525,20401007,20480922,20430803,20300422,,20330415,20580101,20430126,20350801,20240501,20360128,20410501,20410201,20361224,20350802,20410425,20371109,20460503,20270311,20330104,20310321,20230123,20350201,20361003,20531226,20320412,20381101,20350501,20400528,20290815,20370501,20380118,20270325,20340102,20400501,20211101,20341213,20320524,20240101,20390321,20450407,20550419,20350101,20500117,20530120,20490101,20490101,20330811,20360101,20430327,20311226,20460305,20550118,20371028,20370216,20380802,20510816,20350806,20500425,20630413,20540327,20630413,20291225,20321011,20281225,20361003,20321006,20330103,20470412,20320101,20340407,20400501,20331003,20541225,20590331,20500530,,20651225,20210719,20290101,20330601,20301225,20300101,20420605,20301226,20460206,20431231,20370805,20400102
20461001,20351201,20460514,20430715,20310501,20330103,20221208,20441111,20380421,20440810,20371130,20340407,20241007,20321120,20210414,20330502,20160219,20381111,20240328,20310101,20320915,20400531,20331010,20370101,20560331,,20500221,20410419,20300605,20430703,20401008,20480923,20431225,20300506,,20330418,20580412,20430211,20350906,20240515,20360129,20410902,20410204,20361225,20350803,20410610,20371110,20460514,20270312,20330105,20310411,20230124,20350208,20361006,20540101,20320524,20390208,20350629,20400827,20291005,20370514,20380201,20270326,20340126,20400815,20211130,20341225,20320624,20240102,20390407,20450421,20550614,20350115,20500221,20530217,20490118,20490118,20330919,20360410,20430501,20320101,20460323,20550215,20371117,20370217,20380803,20510817,20351224,20500602,20630416,20540330,20630416,20291231,20321101,20290101,20361006,20321007,20330131,20470501,20320303,20340410,20400510,20331226,20541228,20590425,20500829,,20660101,20210811,20290212,20330908,20301226,20300422,20420815,20310101,20460323,20440101,20371118,20400330
20461225,20351202,20461225,20430907,20310602,20330104,20230220,20441124,20380423,20441003,20371201,20340410,20250101,20330103,20210415,20330504,20160307,20390106,20240329,20310411,20321101,20400907,20331111,20370119,20560529,,20500408,20410422,20300610,20430907,20401009,20480924,20431228,20300603,,20330526,20580415,20430327,20351225,20240610,20360130,20410903,20410205,20361226,20350903,20411024,20380101,20460731,20270326,20330106,20310414,20230201,20350209,20361009,20540327,20320531,20390411,20350830,20401225,20291101,20370525,20380215,20270527,20340313,20401101,20211208,20350101,20320701,20240103,20390408,20450501,20551227,20350219,20500408,20530404,20490215,20490215,20330923,20360411,20431103,20320326,20460326,20550416,20371224,20370403,20380804,20510820,20351225,20500629,20630501,20540501,20630501,20300101,20321208,20290212,20361009,20330103,20330201,20470509,20320430,20340501,20400521,20331227,20550101,20590609,20501226,,20660409,20210920,20290213,20330909,20310101,20300501,20421111,20310102,20460326,20440229,20371225,20400402
20461226,20351203,20461226,20431029,20310815,20330131,20230221,20441226,20380531,20441226,20371225,20340501,20250128,20330114,20210503,20330513,20160324,20390126,20240501,20310414,20321117,20401012,20331124,20370216,20560704,,20500530,20410425,20301224,20431111,20401202,20481217,20440101,20300805,,20330606,20580501,20430330,20351226,20240701,20360404,20420101,20410410,20370101,20351112,20411225,20380118,20460803,20270407,20330107,20310428,20230206,20350219,20361225,20540330,20320601,20390427,20351008,20401226,20291224,20370623,20380315,20271012,20340407,20401225,20211224,20350208,20320906,20240104,20390916,20450608,20551228,20350528,20500530,20530526,20490416,20490416,20331010,20360414,20431104,20320329,20460425,20550531,20371225,20370421,20381022,20510924,20351226,20500815,20631224,20540518,20631224,20300125,20321231,20290213,20361225,20330131,20330415,20470724,20320503,20340518,20400531,20340102,20550126,20591225,20501227,,20660412,20210923,20290214,20331010,20310217,20300530,20421225,20310120,20460425,20440301,20380101,20400501
20470101,20360101,20470101,20431112,20311028,20330207,20230324,20450102,20380624,20441227,20380101,20340529,20250129,20330126,20210504,20330603,20160325,20390204,20240513,20310501,20321224,20401102,20331226,20370403,20560904,,20500704,20410527,20301225,20431126,20401203,20490209,20440126,20301028,,20330616,20580603,20430518,20351231,20240918,20360411,20420120,20410429,20370106,20351225,20411226,20380119,20460807,20270506,20330131,20310501,20230421,20350312,20361231,20540504,20320607,20390502,20351101,20410101,20291225,20371225,20380422,20271101,20340410,20401226,20211230,20350219,20321011,20240105,20391102,20450907,20560103,20350704,20500704,20530704,20490531,20490531,20331103,20360501,20431105,20320506,20460604,20550705,20380101,20370423,20381227,20520528,20360101,20501101,20631225,20541224,20631225,20300304,20330415,20290214,20361231,20330201,20330502,20470809,20320506,20340606,20401003,20340126,20550416,20591226,20510102,,20670401,20211011,20290215,20340102,20310411,20300610,20421226,20310206,20460604,20440415,20380106,20400510
20470128,20360206,20470412,20431113,20311225,20330415,20230406,20450116,20380705,20450102,20380423,20341023,20250130,20330331,20210526,20330711,20160401,20390221,20240603,20310522,20330106,20401115,20340102,20370525,20561123,,20500905,20410610,20301226,20431127,20401213,20490307,20440415,20301225,,20331003,20581003,20430615,20360101,20241001,20360414,20420121,20410430,20370403,20351226,20420101,20380423,20460815,20270517,20330331,20310616,20230501,20350501,20370101,20540525,20320621,20390815,20351224,20410419,20300101,20380101,20380423,20271109,20340425,20410101,20211231,20350322,20321111,20240108,20391121,20451012,20560126,20350903,20500905,20530901,20490705,20490705,20331123,20360522,20431110,20320517,20460924,20550906,20380423,20370501,20390103,20520529,20360410,20501208,20631226,20541225,20631226,20300305,20330627,20290301,20370101,20330202,20330513,20470930,20320524,20340623,20401101,20340407,20550419,20600101,20510331,,20670404,20211103,20290216,20340215,20310519,20300620,20430101,20310411,20461022,20440421,20380426,20400521
20470311,20360207,20470415,20440101,20311226,20330418,20230407,20450220,20380906,20450126,20380426,20341101,20250131,20330401,20210603,20330728,20160408,20390311,20240610,20310523,20330415,20401130,20340116,20370703,20561225,,20501124,20410805,20301231,20431225,20401215,20490701,20440418,20301226,,20331226,20581224,20430706,20360102,20241011,20360501,20420122,20410501,20370406,20360101,20420127,20380519,20461010,20270520,20330401,20310924,20230504,20350521,20370216,20540831,20320831,20391031,20351225,20410422,20300305,20380423,20380531,20271206,20340612,20410422,20220201,20350323,20321227,20240223,20391212,20451102,20560331,20351008,20501124,20531127,20490906,20490906,20340102,20360602,20431208,20320714,20461225,20551125,20380426,20370604,20390307,20520530,20360411,20501226,20631231,20541231,20631231,20300419,20330815,20290501,20370216,20330203,20330809,20471018,20320906,20341225,20401224,20340410,20550426,20600126,20510403,,20671226,20211123,20290228,20340216,20310701,20300815,20430106,20310414,20461225,20440616,20380622,20400801
20470412,20360228,20470523,20440519,20320101,20330425,20230501,20450529,20380907,20450407,20380601,20341225,20250203,20330411,20210726,20330812,20160414,20390407,20240701,20310602,20330418,20401225,20340220,20370907,20570101,,20501226,20411007,20310101,20440101,20410101,20490704,20440425,20301227,,20340407,20581225,20431109,20360411,20241225,20360530,20420123,20410902,20370501,20360411,20420210,20380715,20461101,20270601,20330415,20311216,20230605,20350522,20370217,20541225,20320916,20391101,20360101,20410506,20300419,20380426,20380705,20271208,20340929,20410425,20220225,20350409,20321228,20240308,20400206,20451115,20560403,20351112,20501226,20531225,20491125,20491125,20340103,20361224,20431225,20321101,20461226,20551224,20380705,20370907,20390314,20520804,20360414,20510106,20640101,20550101,20640101,20300501,20330919,20290507,20370217,20330204,20331223,20471225,20320922,20341226,20401225,20340425,20550614,20600416,20510501,,20680420,20211231,20290403,20340217,20310804,20301101,20430330,20310425,20461226,20440907,20380624,20401225
20470415,20360508,20470603,20440715,20320106,20330606,20230525,20450704,20381011,20450410,20380614,20341226,20250404,20330412,20210728,20331013,20160415,20390408,20240807,20310721,20330705,20401231,20340529,20371126,20570115,,20510102,20411225,20310410,20440118,20410926,20490705,20440502,20310101,,20340410,20581226,20431225,20360414,20241226,20360701,20420124,20410903,20370514,20360530,20420310,20380830,20461115,20270817,20330526,20311225,20230628,20350604,20370304,20541228,20321102,20391226,20360410,20410527,20300425,20380603,20380906,20280106,20341107,20410501,20220414,20350501,20330103,20240501,20400319,20451225,20560425,20351122,20510102,20540101,20491224,20491224,20340109,20361225,20440101,20321111,20470101,20560117,20380706,20371012,20390408,20520805,20360424,20510403,20640404,20550416,20640404,20300620,20331010,20290606,20370304,20330404,20331226,20480101,20321224,20350101,20401226,20340612,20551227,20600419,20510509,,20680423,20220103,20290404,20340220,20310901,20301224,20430501,20310602,20470101,20441012,20380805,20401226
20470425,20361119,20471225,20440824,20320315,20331024,20230620,20450904,20381012,20450425,20381130,20350101,20250501,20330414,20210812,20331024,20160419,20390414,20240819,20310815,20330829,20410101,20340704,20371225,20570219,,20510116,20411226,20310411,20440415,20410928,20490908,20440613,20310317,,20340501,20581231,20431228,20360501,20250101,20361001,20420428,20420101,20370619,20360616,20420404,20381029,20461225,20271224,20330601,20311226,20230719,20350831,20370501,20550101,20321220,20400102,20360411,20410826,20300501,20380614,20380916,20280413,20341225,20410815,20220415,20350612,20330104,20240508,20400329,20460101,20560612,20351225,20510116,20540119,20500117,20500117,20340223,20361226,20440229,20330415,20470128,20560221,20380928,20371102,20390411,20520806,20360501,20510425,20640407,20550419,20640407,20300709,20331031,20290815,20370501,20330502,20340102,20480214,20321227,20350323,20401231,20340807,20551228,20600614,20510529,,20680501,20220110,20290501,20340221,20311013,20301225,20430528,20311027,20470102,20441102,20381101,20410101
20470610,20361120,20471226,20440825,20320325,20331226,20230821,20451009,20381102,20450501,20381201,20350315,20250502,20330415,20211013,20331205,20160521,20390815,20241014,20311111,20330901,20410304,20340904,20380101,20570420,,20510220,20420101,20310414,20440530,20411130,20490909,20440722,20310411,,20340518,20590101,20440101,20360522,20250129,20361006,20420429,20420120,20371224,20360731,20420407,20390105,20470101,20280126,20330610,20320101,20230831,20350917,20370505,20550416,20330103,20400208,20360501,20411225,20300610,20380623,20381011,20280414,20341226,20411101,20220503,20350821,20330415,20240509,20400330,20460205,20561225,20360101,20510220,20540216,20500221,20500221,20340320,20370101,20440301,20330418,20470304,20560331,20381028,20371120,20390530,20520923,20360522,20510501,20640501,20550607,20640501,20301115,20331101,20290921,20370505,20330601,20340220,20480403,20321228,20350326,20410101,20341002,20560103,20601227,20510828,,20681225,20220211,20290615,20340222,20311111,20301226,20431111,20311225,20470206,20441115,20381118,20410102
20471007,20361130,20480101,20440826,20320430,20331227,20231016,20451123,20381111,20450816,20390124,20350316,20250602,20330610,20211025,20331212,20160706,20390823,20241104,20311225,20330915,20410305,20341009,20380118,20570528,,20510331,20420127,20310509,20440704,20411202,20491219,20440801,20310414,,20340529,20590328,20440125,20360602,20250130,20361027,20420430,20420121,20371225,20360801,20420408,20390106,20470108,20280228,20330817,20320322,20230927,20351030,20370522,20550419,20330104,20400402,20360728,20411226,20300613,20381101,20381102,20280501,20350101,20411225,20220509,20350827,20330523,20240510,20400501,20460206,20561226,20360121,20510331,20540327,20500408,20500408,20340503,20370402,20440302,20330526,20470412,20560529,20381117,20371225,20390701,20530518,20360602,20510602,20640526,20551224,20640526,20301120,20331208,20290924,20370522,20330908,20340221,20480501,20330103,20350501,20410419,20341225,20560126,20601228,20511225,,20681226,20220223,20290921,20340223,20311225,20310101,20431225,20311226,20470412,20441230,20390106,20410419
20471225,20361202,20480403,20440830,20320503,20340102,20231106,20451225,20381115,20451002,20390415,20350323,20251001,20330815,20211206,20340102,20160815,20391020,20241111,20311226,20331101,20410419,20341123,20380215,20570704,,20510529,20420310,20310522,20440905,20411203,20500208,20441226,20310505,,20340608,20590331,20440302,20360801,20250131,20361225,20420501,20420122,20380101,20360901,20420425,20390107,20470415,20280229,20331021,20320326,20231113,20351203,20370923,20550503,20330131,20400427,20360729,20420101,20300620,20390408,20381111,20280502,20350126,20411226,20220708,20351101,20330624,20240612,20401102,20460323,20570101,20360218,20510529,20540525,20500530,20500530,20340504,20370403,20440415,20330606,20470415,20560704,20381224,20371231,20390801,20530519,20360617,20510629,20641224,20551231,20641224,20301225,20340102,20291003,20370923,20330909,20340301,20480527,20330303,20350503,20410422,20341226,20560331,20610103,20511226,,20690101,20220321,20291010,20340224,20311226,20310106,20440101,20320101,20470415,20450220,20390411,20410422
20471226,20361203,20480406,20441031,20320621,20340103,20231120,20460101,20381125,20451225,20390418,20350326,20251002,20330923,20211210,20340306,20160817,20391026,20241225,20320101,20331117,20410501,20341225,20380423,20570903,,20510704,20420404,20310523,20441108,20411204,20500306,20441227,20310602,,20341003,20590501,20440415,20360911,20250404,20361226,20420502,20420123,20380106,20361111,20420609,20390519,20470501,20280301,20331221,20320329,20231225,20351225,20370924,20550531,20330201,20400501,20361008,20420404,20300815,20390411,20381115,20280515,20350312,20420101,20220829,20351130,20330701,20241104,20401119,20460501,20570126,20360526,20510704,20540703,20500704,20500704,20340505,20370406,20440502,20330714,20470425,20560904,20390408,20380101,20390802,20530520,20360804,20510815,20641225,20560331,20641225,20301231,20340407,20291009,20370924,20331003,20340407,20480713,20330422,20350606,20410501,20350101,20560403,20610126,20520101,,,20220429,20291231,20340227,20320101,20310414,20440106,20320102,20470425,20450221,20390530,20410501
20480101,20370101,20480427,20441101,20321028,20340130,20231208,20460115,20390117,20451226,20390601,20350430,20251003,20331003,20211231,20340406,20160905,20391117,20241231,20320326,20331226,20410620,20350101,20380531,20571122,,20510904,20420407,20310602,20441111,20411205,20500620,20450102,20310804,,20341225,20590519,20440418,20361225,20250418,20370101,20420901,20420124,20380423,20361225,20421023,20390715,20470523,20280327,20331222,20320427,20240101,20360101,20370925,20550830,20330202,20400502,20361208,20420407,20301101,20390509,20381125,20280815,20350323,20420106,20221101,20351203,20330905,20250101,20401212,20460524,20570420,20360704,20510904,20540907,20500905,20500905,20340717,20370501,20440701,20330815,20470603,20561123,20390411,20380120,20390803,20530724,20361224,20511101,20641226,20560403,20641226,20310101,20340501,20291225,20370925,20331004,20340501,20480810,20330425,20350622,20410530,20350126,20560425,20610408,20520419,,,20220503,20300101,20340228,20320216,20310501,20440418,20320119,20470603,20450407,20390609,20410530
20480127,20370125,20480514,20441102,20330106,20340206,20231225,20460219,20390221,20460101,20390606,20350501,20251006,20331004,20220103,20340413,20160913,20391130,20250101,20320329,20340106,20411115,20350115,20380705,20571225,,20511123,20420425,20310605,20441124,20411224,20500621,20450126,20311027,,20341226,20591003,20440516,20361226,20250421,20370216,20420902,20420428,20380426,20361226,20421225,20390830,20470603,20280414,20331223,20320616,20240126,20360128,20371009,20551227,20330401,20400625,20361225,20420505,20301224,20390519,20390117,20281012,20350326,20420407,20221130,20351224,20331010,20250102,20401225,20460907,20570423,20360901,20511123,20541126,20501124,20501124,20340811,20370514,20441103,20331101,20470930,20561225,20390705,20380308,20391021,20530727,20361225,20511208,20641231,20560501,20641231,20310224,20340626,20300101,20371009,20331005,20340601,20481105,20330502,20351224,20410610,20350323,20560612,20610411,20520422,,,20220504,20300201,20340404,20320326,20310522,20440503,20320206,20471028,20450421,20390622,20410610
20480309,20370126,20480525,20441103,20330307,20340407,20240101,20460323,20390222,20460126,20390815,20350514,20251007,20331024,20220216,20340414,20161011,20391226,20250106,20320506,20340407,20411225,20350219,20380906,20580101,,20511225,20420602,20311224,20441125,20420101,20500622,20450407,20311225,,20350101,20591224,20440613,20361231,20250501,20370217,20430101,20420429,20380603,20370101,20421226,20391019,20470724,20280501,20331226,20320809,20240201,20360129,20371225,20551228,20330502,20400815,20370101,20420526,20301225,20390530,20390207,20281101,20350425,20420425,20221208,20351225,20331111,20250103,20410101,20461012,20570425,20361013,20511225,20541225,20501226,20501226,20340918,20370525,20441104,20331111,20471225,20570101,20390706,20380309,20391226,20530728,20361226,20511225,20650101,20560522,20650101,20310225,20340815,20300204,20371225,20331006,20340809,20481225,20330506,20351225,20410620,20350326,20561225,20610425,20520506,,,20220505,20300204,20340405,20320524,20310602,20440616,20320326,20471225,20450501,20390805,20410801
20480403,20370127,20481225,20450501,20330325,20340410,20240212,20460528,20390408,20460323,20391130,20350820,20251008,20331101,20220406,20340501,20161012,20400125,20250324,20320507,20340410,20411231,20350323,20381125,20580121,,20520101,20420609,20311225,20441226,20420304,20500623,20450410,20311226,,20350323,20591225,20440704,20370101,20250505,20370218,20430102,20420430,20380625,20370403,20430101,20391020,20470807,20280505,20331227,20320924,20240212,20360201,20371231,20560103,20330513,20401031,20370102,20420825,20310101,20390623,20390221,20281109,20350611,20420501,20221230,20351231,20331226,20250106,20410204,20461102,20570611,20361111,20520101,20550101,20510102,20510102,20341009,20371224,20441110,20331226,20471226,20570115,20390928,20380421,20391227,20530923,20370101,20511226,20650327,20561003,20650327,20310411,20340918,20300205,20371231,20331007,20341109,20490101,20330524,20351226,20411003,20350425,20561226,20610613,20520509,,,20220718,20300205,20340501,20320701,20310612,20440815,20320329,20471226,20450608,20390815,20411225
20480406,20370216,20490101,20450519,20330422,20340425,20240213,20460704,20390421,20460326,20391201,20351022,20260101,20331109,20220413,20340504,20161031,20400126,20250417,20320517,20340501,20420101,20350528,20381224,20580218,,20520115,20420804,20311226,20450102,20420915,20500828,20450425,20311229,,20350326,20591226,20441114,20370102,20250701,20370403,20430209,20420501,20381206,20370529,20430126,20391021,20470815,20280509,20340301,20321216,20240328,20360208,20380101,20560331,20330530,20401101,20370402,20421225,20310225,20390815,20390321,20281206,20350928,20420602,20230406,20360101,20331227,20250107,20410318,20461115,20571225,20361127,20520115,20550118,20510116,20510116,20341103,20371225,20441128,20340407,20480101,20570219,20391028,20380423,20400102,20540507,20370402,20520101,20650330,20561225,20650330,20310421,20340919,20300301,20380101,20340102,20341212,20490202,20330906,20351231,20411101,20350611,20570101,20611226,20520527,,,20220811,20300206,20340619,20320802,20310815,20441101,20320426,20480101,20450907,20391101,20411226
20480608,20370428,20490416,20450814,20330425,20340605,20240328,20460903,20390530,20460425,20391226,20351023,20260102,20340126,20220414,20340601,20161114,20400329,20250418,20320721,20340508,20420217,20350704,20390117,20580412,,20520219,20421006,20311231,20450116,20420916,20500829,20450501,20320101,,20350501,20591231,20441226,20370403,20251001,20370406,20430210,20420502,20381224,20370615,20430209,20391226,20470930,20280525,20340322,20321227,20240410,20360211,20380203,20560403,20330531,20401225,20370403,20421226,20310411,20391101,20390407,20281208,20351106,20420815,20230407,20360128,20340102,20250108,20410418,20461225,20571226,20361225,20520219,20550215,20510220,20510220,20341123,20380101,20441208,20340410,20480127,20570420,20391117,20380624,20400305,20540510,20370403,20520422,20650501,20561226,20650501,20310501,20341009,20300501,20380203,20340220,20341225,20490203,20330922,20360101,20411224,20350806,20570126,20611227,20520826,,,20220919,20300207,20340620,20320906,20311208,20441111,20320607,20480102,20451012,20391118,20420101
20481005,20371107,20490419,20450815,20330613,20341023,20240329,20461008,20390609,20460507,20400102,20351101,20260216,20340217,20220415,20340605,20161212,20400330,20250501,20321101,20340705,20420218,20350903,20390221,20580527,,20520419,20421225,20320101,20450407,20420917,20500830,20450612,20320317,,20350503,20600101,20441227,20370406,20251007,20370501,20430211,20420901,20390106,20370730,20430309,20391227,20471101,20280526,20340407,20330321,20240411,20360229,20380204,20560501,20330606,20401226,20370501,20430101,20310425,20391226,20390408,20281225,20351225,20421208,20230421,20360207,20340103,20250310,20410419,20470101,20580101,20370101,20520419,20550416,20510331,20510331,20350101,20380422,20441226,20340501,20480302,20570528,20391226,20380907,20400312,20540511,20370406,20520425,20651224,20570101,20651224,20310612,20341027,20300506,20380204,20340221,20350101,20490416,20331226,20360411,20411225,20351001,20570420,20620102,20521225,,,20220923,20300208,20340927,20321011,20311224,20441226,20321025,20480206,20451102,20391226,20420102
20481225,20371108,20490427,20450816,20330815,20341225,20240402,20461112,20390704,20460815,20400124,20351102,20260217,20340302,20220502,20340728,20170126,20400420,20250602,20321111,20340829,20420404,20351008,20390408,20580704,,20520527,20421226,20320325,20450529,20421122,20501218,20450728,20320326,,20350514,20600416,20450102,20370501,20251029,20370522,20430212,20420902,20390408,20370731,20430327,20391228,20471115,20280601,20340419,20330415,20240501,20360501,20380205,20560529,20330610,20410101,20370629,20430327,20310501,20400330,20390530,20290101,20351226,20421225,20230501,20360225,20340407,20250501,20410501,20470225,20580128,20370119,20520527,20550531,20510529,20510529,20350102,20380423,20450102,20340508,20480403,20570704,20400330,20381012,20400330,20540714,20370423,20520501,20651225,20570420,20651225,20310709,20341101,20300509,20380205,20340222,20350208,20490517,20331227,20360414,20411226,20351225,20570423,20620126,20521226,,,20221010,20300228,20341009,20321111,20311225,20450106,20321227,20480403,20451115,20400106,20420404
20481228,20371109,20490527,20450830,20331028,20341226,20240501,20461122,20390905,20461001,20400501,20351224,20260218,20340321,20220504,20340731,20170224,20400425,20250623,20330415,20340901,20420421,20351112,20390530,20580902,,20520704,20430101,20320326,20450704,20421123,20510101,20450807,20320329,,20350524,20600419,20450123,20370514,20251225,20370618,20430213,20430101,20390411,20370907,20430330,20391229,20471225,20280803,20340501,20330418,20240522,20360509,20380301,20560828,20330831,20410102,20370728,20430330,20310610,20400402,20390704,20290329,20360101,20421226,20230612,20360409,20340522,20250502,20410916,20470226,20580412,20370216,20520704,20550705,20510704,20510704,20350103,20380426,20450109,20340518,20480406,20570903,20400402,20381102,20400402,20540715,20370501,20520815,20651231,20570423,20651231,20311120,20341208,20300606,20380301,20340223,20350209,20490701,20331228,20360501,20411231,20351226,20570425,20620324,20530101,,,20221103,20300301,20341010,20321227,20311226,20450410,20321228,20480406,20451225,20400402,20420407
20490101,20371110,20490607,20451020,20331226,20350101,20240617,20461225,20390907,20461225,20400504,20351225,20260219,20340331,20220516,20340814,20170313,20400501,20250630,20330418,20340915,20420501,20351122,20390704,20581128,,20520902,20430126,20320329,20450904,20421124,20510214,20451225,20320503,,20351003,20600607,20450222,20370525,20251226,20370701,20430420,20430102,20390519,20371111,20430331,20400423,20480101,20280817,20340518,20330427,20240603,20360602,20380505,20561225,20330916,20410208,20370729,20430504,20310612,20400501,20390905,20290330,20360128,20430101,20230628,20360410,20340626,20250509,20411118,20470412,20580415,20370525,20520902,20550906,20510904,20510904,20350108,20380517,20450220,20340529,20480427,20571122,20400501,20381115,20400521,20540716,20370514,20521101,20660101,20570501,20660101,20311225,20341225,20300612,20380505,20340224,20350219,20490809,20340102,20360522,20420101,20360101,20570611,20620327,20530404,,,20221123,20300404,20350101,20321228,20320101,20450501,20330103,20480427,20451229,20400501,20420501
20490126,20371130,20500408,20451023,20340106,20350102,20240620,20470101,20391010,20461226,20400507,20351226,20260220,20340401,20220603,20341013,20170328,20400815,20250807,20330526,20341101,20420605,20351225,20390905,20581225,,20521128,20430309,20320423,20451110,20421130,20510305,20451226,20320607,,20351224,20601224,20450407,20370910,20260101,20370925,20430430,20430209,20390624,20371225,20430608,20400501,20480406,20281214,20340530,20330502,20240617,20360901,20380511,20561226,20331209,20410422,20371008,20430525,20310613,20400509,20390916,20290501,20360310,20430106,20230821,20360411,20340703,20250612,20411212,20470501,20580425,20370907,20521128,20551125,20511123,20511123,20350212,20380603,20450221,20340714,20480601,20571225,20400508,20381231,20400702,20540923,20370525,20521225,20660409,20570611,20660409,20311231,20350101,20300815,20380511,20340405,20350323,20490908,20340303,20360606,20420106,20360128,20571225,20620425,20530407,,,20230102,20300405,20350201,20330103,20320106,20450503,20330104,20480601,20460101,20400530,20420515
20490308,20371202,20500411,20460101,20340220,20350129,20240709,20470121,20391012,20470101,20400601,20351231,20260406,20340403,20220713,20341023,20170401,20400910,20250818,20330527,20341117,20421225,20360101,20391124,20590101,,20521225,20430327,20320506,20451123,20421202,20510611,20460101,20320802,,20351225,20601231,20450410,20371225,20260217,20371001,20430501,20430210,20391206,20371228,20431022,20400830,20480501,20281225,20340601,20330616,20240708,20360916,20380602,20570101,20331223,20410501,20371208,20430831,20310815,20400510,20391010,20290502,20360411,20430330,20230828,20360501,20340904,20250613,20411225,20470613,20580610,20371012,20521225,20551224,20511225,20511225,20350223,20380614,20450222,20340815,20480928,20580101,20400705,20390120,20400806,20550427,20370617,20521226,20660412,20571003,20660412,20320101,20350323,20300911,20380602,20340501,20350501,20491025,20340407,20360620,20420404,20360411,20571226,20620612,20530505,,,20230103,20300501,20350202,20330221,20320329,20450608,20330124,20481026,20460205,20400531,20420526
20490416,20371203,20500427,20460423,20340407,20350206,20240819,20470218,20391102,20470128,20400625,20360101,20260501,20340407,20220728,20341205,20170404,20401002,20251013,20330606,20341225,20421231,20360121,20391226,20590120,,20530101,20430330,20320507,20451124,20421203,20510612,20460126,20321025,,20351226,20610408,20450515,20371231,20260218,20371225,20430902,20430211,20391226,20380101,20431225,20401008,20480514,20281226,20340602,20330809,20240916,20361106,20380913,20570420,20331226,20410502,20371225,20431225,20311201,20400521,20391102,20290515,20360414,20430501,20231101,20360612,20341009,20251103,20420101,20471115,20581225,20371111,20530101,20560117,20520101,20520101,20350321,20381224,20450407,20341101,20481225,20580121,20400706,20390221,20400807,20550428,20370803,20530101,20660531,20571224,20660531,20320209,20350501,20300912,20380913,20340619,20350522,20500124,20340410,20361224,20420407,20360414,20580101,20621225,20530509,,,20230109,20300605,20350205,20330415,20320506,20450815,20330207,20481225,20460206,20400622,20420801
20490419,20380116,20500505,20460501,20340410,20350323,20241014,20470412,20391111,20470412,20400815,20360411,20260619,20340414,20220812,20341211,20170414,20401008,20251103,20330721,20341226,20430101,20360218,20400102,20590217,,20530120,20430601,20320517,20451225,20421214,20510613,20460323,20321227,,20351231,20610411,20450619,20380101,20260219,20380101,20430903,20430212,20400106,20380423,20431228,20401009,20480525,20290101,20340817,20331216,20240917,20361119,20380914,20570423,20340102,20410625,20380101,20431228,20311208,20400815,20391111,20290815,20360425,20430602,20231130,20360821,20341113,20251104,20420203,20471225,20581226,20371126,20530120,20560221,20520115,20520115,20350430,20390407,20450501,20341225,20481228,20580218,20400928,20390222,20400808,20550429,20371224,20530106,20661224,20571225,20661224,20320210,20350521,20300913,20380914,20340620,20350809,20500125,20340501,20361225,20420501,20360425,20580128,20621226,20530526,,,20230223,20300912,20350206,20330523,20320517,20451101,20330415,20481228,20460323,20400815,20421225
20490426,20380117,20500519,20460803,20340501,20350326,20241106,20470527,20391115,20470415,20401130,20360414,20260925,20340421,20221013,20350101,20170501,20401015,20251117,20330815,20350101,20430209,20360411,20400116,20590328,,20530217,20430608,20321224,20460101,20430101,20510816,20460326,20321228,,20360101,20610530,20450703,20380423,20260403,20380204,20440101,20430213,20400330,20380528,20440101,20401029,20480708,20290213,20341010,20331226,20241031,20361120,20380915,20570507,20340201,20410815,20380422,20440101,20311224,20401101,20391121,20291012,20360609,20431208,20231208,20360825,20341225,20260101,20420317,20480101,20590101,20371225,20530217,20560331,20520219,20520219,20350503,20390408,20451103,20341226,20490101,20580412,20401224,20390408,20401022,20550704,20371225,20530407,20661231,20571226,20661231,20320326,20350702,20301003,20380915,20340927,20351030,20500408,20340508,20361226,20420515,20360609,20580412,20630101,20530825,,,20230321,20300913,20350207,20330701,20320527,20451225,20330418,20490101,20460501,20401101,20421226
20490614,20380417,20500530,20460830,20340529,20350425,20241118,20470704,20391124,20470425,20401225,20360501,20261001,20340501,20221024,20350102,20170510,20401105,20251208,20331101,20350323,20430210,20360526,20400220,20590526,,20530404,20430803,20321231,20460115,20430222,20510817,20460425,20321229,,20360411,20611003,20451113,20380426,20260406,20380205,20440128,20430420,20400402,20380621,20440126,20401214,20480713,20290214,20341211,20340102,20241225,20361225,20381231,20570528,20340220,20411031,20380423,20440415,20311225,20401225,20391124,20291101,20360926,20431225,20231225,20361120,20341226,20260102,20420403,20480217,20590127,20380101,20530404,20560529,20520419,20520419,20350504,20390411,20451106,20350101,20490126,20580527,20401225,20390421,20401225,20550705,20380101,20530425,20670401,20571231,20670401,20320421,20350716,20301009,20381231,20341002,20351225,20500502,20340524,20361231,20420526,20360804,20580415,20630126,20531225,,,20230503,20301010,20350208,20330801,20321026,20451226,20330425,20490104,20460524,20401225,20430101
20491004,20381030,20501226,20461010,20340815,20350604,20241225,20470902,20391226,20470506,20401226,20360502,20261002,20340531,20221205,20350222,20170626,20401225,20251225,20331111,20350326,20430327,20360704,20400330,20590704,,20530526,20431005,20330414,20460323,20430905,20511218,20460507,20330103,,20360414,20611226,20451225,20380603,20260407,20380405,20440129,20430430,20400501,20380729,20440208,20401217,20480807,20290215,20341212,20340321,20250101,20370101,20390124,20570827,20340221,20411101,20380629,20440418,20320101,20401226,20391212,20291109,20361104,20440101,20240101,20361208,20350101,20260105,20420404,20480218,20590328,20380118,20530526,20560704,20520527,20520527,20350716,20390517,20451110,20350323,20490301,20580704,20401226,20390609,20401226,20550706,20380422,20530501,20670404,20580101,20670404,20320527,20350815,20301225,20390124,20341003,20360101,20500505,20340906,20370101,20420605,20361006,20580425,20630413,20531226,,,20230504,20301011,20350209,20330905,20321101,20460101,20330606,20490208,20460907,20401226,20430102
20491227,20381031,20510331,20461011,20341225,20351022,20250101,20471014,20400102,20470814,20410101,20360602,20261005,20340815,20221212,20350406,20170815,20410114,20251231,20331226,20350501,20430421,20360901,20400528,20590901,,20530704,20431225,20330415,20460528,20430906,20520101,20460611,20330317,,20360501,20620324,20451226,20380614,20260501,20380423,20440201,20430501,20400510,20380730,20440314,20410101,20481218,20290216,20341213,20340407,20250129,20370127,20390125,20571225,20340301,20411225,20380728,20440502,20320210,20410101,20391226,20291206,20361225,20440106,20240328,20361224,20350102,20260106,20420501,20480403,20590331,20380215,20530704,20560904,20520704,20520704,20350917,20390519,20451128,20350326,20490416,20580902,20410101,20390907,20410101,20550923,20380423,20530602,20671226,20580412,20671226,20320709,20350917,20310101,20390125,20341004,20360128,20500621,20340922,20370106,20421003,20361225,20580610,20630416,20540101,,,20230505,20310101,20350212,20331010,20321208,20460326,20331024,20490416,20461012,20410101,20430327
20491228,20381130,20510403,20461012,20341226,20351225,20250303,20471111,20400116,20471007,20410102,20360820,20261006,20340916,20230102,20350413,20170817,20410301,20260101,20340407,20350508,20430501,20361013,20400704,20591127,,20530901,20431228,20330418,20460704,20431111,20520213,20460727,20330415,,20360522,20620327,20460101,20380909,20260525,20380426,20440202,20430902,20400622,20380906,20440415,20410423,20481225,20290330,20341214,20340410,20250130,20370202,20390126,20571226,20340322,20411226,20380729,20440530,20320326,20410419,20400102,20291225,20361226,20440418,20240329,20361225,20350323,20260107,20420916,20480421,20590425,20380531,20530901,20561123,20520902,20520902,20350924,20390530,20451208,20350501,20490419,20581128,20410419,20391012,20410304,20560413,20380426,20530815,20680420,20580415,20680420,20320907,20350918,20310122,20390126,20341005,20360129,20500809,20341225,20370403,20421224,20361226,20581225,20630425,20540327,,,20230717,20310120,20350228,20331111,20321224,20460501,20331226,20490419,20461102,20410422,20430330
20500103,20381202,20510427,20461029,20350101,20351226,20250304,20471128,20400213,20471225,20410124,20361023,20261007,20341002,20230306,20350416,20170825,20410318,20260112,20340410,20350705,20430528,20361111,20400903,20591225,,20531127,20440101,20330513,20460903,20431112,20520303,20460806,20330418,,20360602,20620501,20460122,20381231,20260619,20380511,20440203,20430903,20401206,20381111,20440418,20410501,20490101,20290423,20341215,20340427,20250211,20370216,20390301,20580101,20340501,20420101,20380830,20440829,20320527,20410422,20400116,20300101,20370101,20440425,20240409,20361226,20350521,20260108,20421117,20480501,20590609,20380705,20531127,20561225,20521128,20521128,20351008,20391226,20451225,20350503,20490426,20581225,20410422,20391102,20410311,20560416,20380603,20531208,20680423,20580501,20680423,20321012,20350919,20310123,20390301,20341006,20360208,20500829,20341226,20370406,20421225,20370101,20581226,20630611,20540330,,,20230811,20310121,20350404,20331226,20330106,20460503,20331227,20490426,20461115,20410501,20430501
20500126,20390101,20510511,20470101,20350312,20360101,20250324,20471225,20400214,20471226,20410419,20361024,20270101,20341012,20230406,20350501,20170902,20410409,20260323,20340501,20350829,20430907,20361127,20401122,20600101,,20531225,20440126,20330526,20461106,20431130,20520529,20461225,20330502,,20360612,20620515,20460207,20390408,20260701,20380607,20440407,20440101,20401224,20381227,20440419,20410715,20490419,20290424,20341225,20340501,20250317,20370217,20390505,20580412,20340503,20420102,20381008,20441226,20320610,20410501,20400206,20300107,20370126,20440602,20240411,20361230,20350625,20260109,20421201,20480604,20591225,20380906,20531225,20570101,20521225,20521225,20351123,20400329,20460101,20350508,20490607,20590101,20410501,20391115,20410419,20560417,20380614,20531225,20680501,20580603,20680501,20321102,20351015,20310124,20390505,20350101,20360411,20501114,20341227,20370501,20421226,20370126,20590101,20631225,20540504,,,20230918,20310122,20350405,20331227,20330418,20460524,20340102,20490607,20461225,20410530,20430507
20500314,20390104,20510522,20470423,20350427,20360102,20250402,20480101,20400220,20480101,20410422,20361224,20270205,20341027,20230413,20350504,20170930,20410419,20260402,20340518,20351101,20431012,20361225,20401225,20600119,,20540101,20440314,20330527,20461112,20431202,20520530,20461226,20330606,,20361003,20621003,20460323,20390411,20261001,20380701,20440408,20440128,20401225,20381228,20440425,20410830,20490527,20290501,20341226,20340616,20250331,20370218,20390606,20580415,20340530,20420407,20381101,20441227,20321005,20410509,20400220,20300318,20370309,20440815,20240501,20361231,20350702,20260223,20421212,20480907,20591226,20381011,20540101,20570115,20530101,20530101,20351231,20400330,20460109,20350514,20490927,20590120,20410508,20391230,20410422,20560622,20380617,20531226,20681224,20581003,20681224,20321115,20351101,20310501,20390606,20350207,20360501,20501226,20350101,20370514,20421231,20370403,20590127,20631226,20540525,,,20231009,20310123,20350406,20340102,20330526,20460815,20340103,20491025,20461231,20410620,20430518
20500408,20390105,20511225,20470501,20350430,20360128,20250417,20480120,20400330,20480127,20410501,20361225,20270208,20341101,20230414,20350521,20171002,20410501,20260403,20340519,20351224,20431102,20370101,20410101,20600216,,20540119,20440415,20330606,20461122,20431203,20520804,20470101,20330801,,20361224,20621225,20460326,20390519,20261019,20380914,20440502,20440129,20401226,20390103,20440613,20410927,20490607,20290510,20350101,20340809,20250401,20370428,20390815,20580506,20340531,20420501,20381208,20450102,20321101,20410530,20400319,20300418,20370403,20441101,20240612,20370101,20350903,20260309,20421225,20481012,20600101,20381111,20540119,20570219,20530120,20530120,20360101,20400402,20460205,20350815,20491227,20590217,20410705,20400120,20410610,20560625,20380802,20540101,20681225,20581224,20681225,20321231,20351102,20310505,20390815,20350208,20361119,20510102,20350305,20370619,20430101,20370406,20590328,20640101,20540831,,,20231103,20310124,20350501,20340220,20330606,20461101,20340123,20491227,20470101,20410805,20431225
20500411,20390106,20511226,20470715,20350501,20360206,20250418,20480217,20400501,20480403,20410610,20361226,20270209,20341109,20230501,20350604,20171019,20410815,20260501,20340529,20351225,20431130,20370119,20410121,20600416,,20540216,20440418,20331226,20461123,20440211,20520805,20470128,20331031,,20361225,20621226,20460521,20390530,20261225,20381001,20440503,20440201,20410101,20390408,20441020,20411029,20490628,20290515,20350208,20340925,20250501,20370501,20391003,20580527,20340601,20420502,20390407,20450407,20321201,20410610,20400329,20300419,20370406,20441208,20240617,20370102,20351008,20260501,20430101,20481102,20600126,20381125,20540216,20570420,20530217,20530217,20360102,20400501,20460206,20351101,20491228,20590328,20411028,20400213,20410701,20560626,20381224,20540106,20681226,20581225,20681226,20330125,20351225,20310528,20391003,20350209,20361225,20510213,20350427,20371224,20430106,20370608,20590331,20640128,20541225,,,20231123,20310127,20350611,20340407,20330616,20461225,20340206,20491228,20470225,20410815,20440101
20500425,20390126,20520101,20470724,20350618,20360411,20250501,20480525,20400528,20480406,20410815,20370101,20270210,20341128,20230504,20350720,20171020,20410830,20260518,20340721,20351226,20431225,20370216,20410218,20600531,,20540327,20440425,20340406,20461225,20440824,20520806,20470412,20331226,,20361226,20630101,20460618,20390801,20270101,20381007,20440902,20440202,20410419,20390527,20441226,20411204,20490701,20290528,20350219,20341225,20250512,20370529,20391004,20580826,20340605,20420625,20390408,20450410,20321208,20410815,20400330,20300501,20370608,20441226,20240821,20370126,20351112,20260504,20430202,20481225,20600416,20390117,20540327,20570528,20530404,20530404,20360103,20400510,20460207,20351225,20500103,20590526,20411224,20400214,20410805,20560924,20390407,20540330,20681231,20581226,20681231,20330228,20351231,20310606,20391004,20350212,20370101,20510331,20350430,20371225,20430327,20370803,20590425,20640404,20541228,,,20240101,20310228,20350917,20340522,20330815,20461226,20340407,20500103,20470226,20411101,20440415
20500613,20390406,20520419,20470725,20350815,20360414,20250616,20480703,20400531,20480504,20411225,20370102,20270211,20341213,20230605,20350730,20171104,20410927,20260608,20340815,20360101,20431231,20370525,20410419,20600705,,20540525,20440530,20340407,20470101,20440825,20521218,20470415,20331227,,20361231,20630413,20460702,20390908,20270208,20381227,20440905,20440203,20410422,20390620,20441227,20411205,20490908,20290601,20350323,20341226,20250602,20370601,20391005,20581225,20340831,20420815,20390629,20450501,20321224,20411101,20400501,20300502,20370925,20450106,20240826,20370225,20351225,20260511,20430316,20490101,20600419,20390221,20540525,20570704,20530526,20530526,20360114,20400517,20460323,20351226,20500126,20590704,20411225,20400330,20410806,20570404,20390408,20540501,20690101,20581231,20690101,20330301,20360101,20310815,20391005,20350213,20370127,20510501,20350501,20371231,20430330,20371005,20590609,20640407,20550101,,,20240102,20310403,20351010,20340703,20331026,20470101,20340410,20500104,20470412,20411118,20440418
20501003,20391019,20520422,20470726,20351225,20360425,20250620,20480907,20400704,20480812,20411226,20370403,20270405,20341225,20230728,20350813,20171201,20411002,20260615,20341101,20360411,20440101,20370703,20410527,20600906,,20540703,20440613,20340410,20470121,20441030,20530101,20470425,20331228,,20370101,20630416,20461112,20391226,20270209,20390124,20450102,20440407,20410501,20390728,20450102,20411206,20491101,20290724,20350409,20350101,20250606,20370831,20391230,20581226,20341109,20421031,20390728,20450529,20330301,20411225,20400528,20300515,20371103,20450410,20241101,20370402,20351226,20260612,20430326,20490301,20600614,20390530,20540703,20570903,20530704,20530704,20360211,20400521,20460501,20360101,20500307,20590901,20411226,20400423,20410807,20570405,20390411,20540602,,20590101,,20330415,20360411,20310930,20391230,20350405,20370216,20510524,20350507,20380101,20430501,20371225,20591225,20640425,20550416,,,20240103,20310404,20351231,20340807,20331101,20470415,20340425,20500207,20470501,20411225,20440526
20501226,20391020,20520530,20470830,20351226,20360602,20250709,20481012,20400903,20481005,20420101,20370406,20270503,20350115,20230801,20351015,20171225,20411025,20260629,20341225,20360414,20440229,20370907,20410704,20601125,,20540907,20440801,20340505,20470412,20441031,20530211,20470506,20340102,,20370403,20630501,20461225,20400102,20270326,20390125,20450215,20440408,20410530,20390729,20450126,20420101,20491115,20290817,20350501,20350321,20250627,20370916,20400213,20590101,20341128,20421225,20390729,20450828,20330415,20411226,20400704,20300815,20371225,20450425,20241224,20370403,20360101,20261104,20430327,20490302,20601227,20390704,20540907,20571122,20530901,20530901,20360320,20401224,20461105,20360411,20500408,20591127,20420101,20400501,20411021,20570408,20390421,20540629,,20590328,,20330421,20360501,20311001,20400213,20350406,20370217,20510809,20350524,20380106,20430507,20371228,20591226,20640609,20550419,,,20240108,20310501,20360101,20340904,20331208,20470501,20340605,20500408,20470613,20411226,20440606
20501227,20391130,20520610,20470930,20360101,20361027,20250818,20481111,20400907,20481225,20420102,20370501,20270609,20350126,20230814,20351023,20180126,20411108,20260720,20341226,20360501,20440301,20371012,20410902,20601224,,20541126,20441003,20340518,20470527,20441101,20530302,20470610,20340317,,20370406,20630604,20461226,20400330,20270329,20390126,20450216,20440502,20410621,20390905,20450213,20420423,20491207,20291203,20350503,20350323,20250901,20371026,20400214,20590328,20341212,20421226,20390830,20451225,20330425,20420101,20400903,20301101,20371228,20450501,20241225,20370409,20360102,20270101,20430501,20490416,20601228,20390905,20541126,20571225,20531127,20531127,20360429,20401225,20461128,20360414,20500411,20591225,20420404,20400531,20411225,20570611,20390519,20541208,,20590331,,20330616,20360521,20311002,20400214,20350430,20370403,20510817,20350906,20380423,20430518,20380101,20600101,20641225,20550503,,,20240212,20310623,20360123,20341009,20331226,20470503,20341023,20500411,20471115,20420101,20440801
20510102,20391203,20521225,20471001,20360303,20361225,20251013,20481126,20401008,20481228,20420124,20370525,20270915,20350219,20231013,20351205,20180213,20411205,20260807,20350101,20360508,20440415,20371111,20411128,20610117,,20541225,20441226,20340519,20470704,20441121,20530519,20470726,20340407,,20370501,20631003,20470101,20400402,20270405,20390405,20450217,20440503,20411206,20391111,20450313,20420501,20500411,20291224,20350522,20350326,20250905,20371106,20400301,20590331,20341213,20430101,20391101,20451226,20330610,20420404,20401008,20301206,20380101,20450602,20241230,20370501,20360411,20270104,20430916,20490421,20610103,20391010,20541225,20580101,20531225,20531225,20360505,20401226,20461225,20360501,20500425,20600101,20420407,20400907,20411226,20570612,20390530,20541225,,20590501,,20330907,20360716,20311003,20400301,20350501,20370501,20511102,20350924,20380426,20430528,20380126,20600126,20641226,20550531,,,20240223,20310624,20360124,20341113,20340106,20470613,20341225,20500425,20471225,20420106,20441226
20510126,20391225,20521226,20471002,20360325,20361226,20251106,20481225,20401012,20490101,20420411,20370820,20271001,20350308,20231023,20351210,20180219,20411225,20260817,20350323,20360829,20440421,20371126,20411225,20610221,,20550101,20441227,20340529,20470902,20441130,20530520,20470805,20340410,,20370514,20631224,20470128,20400501,20270513,20390408,20450220,20440902,20411224,20391226,20450407,20420519,20500502,20291225,20350601,20350427,20250916,20371109,20400411,20590505,20341225,20430102,20391208,20460101,20330613,20420407,20401102,20301225,20380126,20450815,20241231,20370511,20360519,20270105,20431102,20490617,20610126,20391111,20550101,20580121,20540101,20540101,20360506,20410101,20470101,20360508,20500606,20600119,20420501,20401012,20420101,20570613,20390617,20550101,,20590519,,20331012,20360815,20311009,20400411,20350611,20370529,20511225,20351224,20380603,20431224,20380423,20600416,20650101,20550830,,,20240320,20311001,20360125,20341225,20340410,20470815,20341226,20500606,20471231,20420407,20450102
20510313,20391226,20530101,20471003,20360418,20370101,20251124,20490101,20401102,20490126,20420414,20370821,20271004,20350321,20231205,20351231,20180302,20420103,20261012,20350326,20360901,20440616,20371225,20420101,20610408,,20550118,20450102,20340605,20471111,20441203,20530521,20471225,20340501,,20370525,20631225,20470227,20400510,20270609,20390411,20450221,20440905,20411225,20391227,20450410,20420715,20500519,20300101,20350817,20350501,20251020,20371110,20400501,20590526,20350101,20430330,20400329,20460323,20330616,20420501,20401112,20310101,20380308,20451101,20250101,20370612,20360624,20270106,20431116,20490907,20610408,20391124,20550118,20580218,20540119,20540119,20360721,20410418,20470109,20360522,20500926,20600216,20420508,20401102,20420303,20570923,20390801,20550106,,20591003,,20331102,20360918,20311225,20400501,20350917,20370810,20520101,20351225,20380625,20431225,20380426,20600419,20650126,20551227,,,20240429,20311010,20360128,20341226,20340501,20471101,20350101,20501024,20480101,20420501,20450407
20510331,20391227,20530404,20471029,20360421,20370102,20251208,20490118,20401112,20490416,20420501,20371023,20271005,20350323,20231211,20360101,20180329,20420218,20261102,20350501,20360915,20440907,20380101,20420120,20610530,,20550215,20450126,20341225,20471128,20450101,20530522,20471226,20340605,,20370604,20631226,20470412,20400521,20270701,20390502,20450426,20450102,20411226,20400102,20450411,20420916,20500530,20300204,20351130,20350809,20251225,20371225,20400507,20590825,20350201,20430427,20400330,20460326,20330815,20420509,20401119,20310106,20380423,20451208,20250129,20370821,20360701,20270107,20431225,20491012,20610411,20391226,20550215,20580412,20540216,20540216,20360811,20410419,20470225,20360602,20501226,20600416,20421028,20401115,20420310,20580324,20391226,20550419,,20591224,,20331115,20360919,20320101,20400507,20351001,20371106,20520201,20351226,20381224,20431231,20380614,20600426,20650327,20551228,,,20240503,20320101,20360129,20350101,20340518,20471111,20350102,20501226,20480217,20420530,20450410
20510403,20400101,20530407,20480101,20360501,20370126,20251225,20490215,20401115,20490419,20420602,20371224,20271006,20350402,20240101,20360212,20180330,20420307,20261116,20350503,20361117,20441012,20380118,20420217,20610704,,20550416,20450313,20341226,20471129,20450130,20530727,20480101,20340807,,20371224,20631231,20470415,20400801,20270916,20390527,20450501,20450215,20420101,20400330,20450425,20420917,20500617,20300205,20351203,20350924,20260101,20380101,20400518,20591225,20350208,20430501,20400501,20460507,20331005,20420515,20401122,20310410,20380426,20451225,20250225,20370831,20360901,20270108,20440101,20491102,20610425,20400102,20550416,20580527,20540327,20540327,20360915,20410422,20470226,20360714,20501227,20600531,20421117,20401120,20420404,20580325,20400329,20550602,,20591225,,20331230,20361031,20320210,20400518,20351002,20371109,20520202,20360101,20381231,20440101,20380802,20600614,20650330,20560103,,,20240506,20320102,20360130,20350219,20340529,20471225,20350122,20501227,20480218,20420605,20450501
20510425,20400115,20530515,20480423,20360609,20370206,20251226,20490416,20401122,20490426,20420815,20371225,20271007,20350409,20240102,20360407,20180402,20420403,20261208,20350504,20361224,20441102,20380215,20420404,20610905,,20550531,20450407,20350101,20471225,20450814,20530728,20480127,20341030,,20371225,20640101,20470520,20400906,20271001,20390701,20450502,20450216,20420106,20400525,20450612,20420918,20500620,20300206,20351204,20351217,20260202,20380121,20400606,20591226,20350209,20430625,20400629,20460528,20331101,20420526,20401212,20310411,20380614,20451226,20250331,20371109,20361013,20270222,20440201,20491115,20610613,20400116,20550531,20580704,20540525,20540525,20360922,20410501,20470227,20360815,20510102,20600705,20421224,20401225,20420407,20580326,20400330,20550629,,20591226,,20340125,20361208,20320211,20400606,20351003,20371225,20520419,20360303,20390106,20440106,20381004,20601227,20650608,20560331,,,20240715,20320209,20360131,20350323,20340608,20471226,20350206,20510102,20480403,20420805,20450518
20510612,20400325,20530526,20480501,20360815,20370403,20260101,20490531,20401225,20490503,20421201,20380101,20280103,20350420,20240226,20360414,20180430,20420404,20261225,20350514,20361225,20441115,20380423,20420526,20611124,,20550705,20450410,20350322,20480101,20450815,20530729,20480403,20341225,,20371231,20640404,20470617,20401225,20271008,20391003,20450904,20450217,20420404,20400618,20451026,20421029,20500808,20300207,20351224,20351225,20260203,20380201,20400815,20600101,20350219,20431225,20400830,20460827,20331201,20420623,20401225,20310501,20381001,20460101,20250409,20371130,20361111,20270223,20440321,20500221,20611226,20400220,20550705,20580902,20540703,20540703,20361013,20410517,20470412,20361111,20510126,20600906,20421225,20401231,20420526,20580530,20400402,20551101,,20591231,,20340220,20361225,20320212,20400815,20351004,20380101,20520501,20360418,20390408,20440415,20381227,20601228,20651225,20560403,,,20240812,20320210,20360201,20350521,20340815,20480101,20350323,20510103,20480421,20420815,20450529
20511002,20401006,20531225,20480519,20361028,20370406,20260216,20490705,20410101,20490811,20421225,20380315,20280125,20350501,20240408,20360415,20180501,20420414,20261231,20350815,20361226,20441130,20380531,20420704,20611226,,20550906,20450425,20350323,20480120,20450816,20530730,20480406,20341226,,20380101,20640407,20470701,20401226,20271227,20391026,20450905,20450220,20420407,20400802,20451225,20421124,20500815,20300403,20351225,20351226,20260217,20380204,20400920,20600416,20350312,20440101,20401008,20461225,20331208,20420815,20410101,20310502,20381102,20460326,20250417,20371208,20361225,20270308,20440414,20500222,20611227,20400528,20550906,20581128,20540907,20540907,20361103,20410530,20470501,20361225,20510306,20601125,20421226,20410101,20420630,20580602,20400419,20551208,,20600101,,20340221,20361231,20320301,20400920,20351005,20380204,20520513,20360421,20390411,20440418,20381228,20610103,20651228,20560501,,,20240916,20320211,20360228,20350702,20341026,20480106,20350326,20510206,20480501,20421118,20450801
20511225,20401007,20531226,20480713,20361225,20370427,20260217,20490906,20410121,20491004,20421226,20380423,20280126,20350510,20240415,20360501,20180616,20420501,20270101,20351101,20370101,20441230,20380705,20420901,20620102,,20551125,20450529,20350326,20480403,20451021,20530731,20480504,20341227,,20380423,20640501,20471111,20401231,20280126,20391226,20460101,20450221,20420501,20400803,20451226,20421125,20500829,20300419,20351231,20360101,20260218,20380205,20400921,20600419,20350501,20440208,20401101,20461226,20340221,20421225,20410121,20310515,20381227,20460425,20250418,20371224,20361226,20270503,20440415,20500408,20620102,20400704,20551125,20581225,20541126,20541126,20361124,20410610,20471104,20361226,20510331,20601224,20430101,20410304,20420804,20580603,20400501,20560106,,20600416,,20340407,20370101,20320303,20400921,20351231,20380205,20520530,20360501,20390519,20440526,20390103,20610126,20660101,20560509,,,20240923,20320212,20360229,20350806,20341101,20480406,20350425,20510331,20480604,20421225,20451225
20511226,20401008,20540101,20480714,20361226,20370601,20260324,20491011,20410218,20491227,20430101,20380426,20280127,20350521,20240416,20360505,20180815,20420815,20270111,20351225,20370106,20450220,20380906,20421127,20620116,,20551224,20450612,20350420,20480525,20451022,20531218,20480608,20350101,,20380426,20640526,20471225,20410101,20280127,20391227,20460205,20450426,20420515,20400903,20460101,20421126,20501101,20300501,20360101,20360321,20260320,20380518,20401003,20600503,20350521,20440418,20401224,20470101,20340407,20421226,20410204,20310725,20381228,20460501,20250501,20371225,20370101,20270504,20440916,20500421,20620126,20400903,20551224,20590101,20541225,20541225,20361231,20411224,20471105,20370101,20510403,20610117,20430327,20410305,20420805,20580923,20400510,20560403,,20600419,,20340421,20370403,20320414,20401003,20360101,20380423,20520805,20360506,20390606,20440606,20390126,20610408,20660126,20560529,,,20241014,20320213,20360403,20350903,20341208,20480501,20350604,20510403,20480907,20421226,20451226
20520101,20401009,20540327,20480715,20370101,20371026,20260402,20491111,20410304,20491228,20430102,20380614,20280128,20350815,20240501,20360512,20180817,20420916,20270322,20351226,20370403,20450221,20381011,20421225,20620220,,20560117,20450807,20350503,20480703,20451130,20540101,20480724,20350319,,20380603,20641003,20471226,20410102,20280128,20400102,20460206,20450501,20420620,20401112,20460126,20430101,20501115,20300517,20360128,20360411,20260501,20380607,20401009,20600531,20350522,20440427,20401225,20470412,20340425,20430101,20410218,20310815,20390103,20460815,20250512,20371230,20370102,20270510,20441102,20500609,20620324,20401008,20560117,20590120,20550101,20550101,20370101,20411225,20471111,20370403,20510425,20610221,20430330,20410419,20420806,20590313,20400521,20560425,,20600607,,20340501,20370501,20320505,20401009,20360128,20380518,20520809,20360526,20390624,20440616,20390408,20610411,20660409,20560828,,,20241104,20320227,20360404,20351008,20341225,20480604,20351022,20510425,20481012,20430101,20460101
20520126,20401202,20540330,20480918,20370106,20371225,20260403,20491125,20410305,20500103,20430501,20380820,20280131,20350905,20240506,20360603,20180822,20420918,20270325,20360101,20370406,20450407,20381111,20430101,20620324,,20560221,20451002,20350504,20480907,20451202,20540210,20480803,20350323,,20380614,20641224,20480101,20410419,20280404,20400213,20460207,20450502,20421224,20401225,20460212,20430423,20501226,20300530,20360208,20360414,20260527,20380831,20401225,20600830,20350530,20440502,20410101,20470415,20340501,20430327,20410318,20311110,20390126,20461101,20250606,20371231,20370403,20270614,20441121,20500907,20620327,20401112,20560221,20590217,20550118,20550118,20370102,20411226,20471128,20370406,20510605,20610408,20430501,20410423,20421020,20590316,20400806,20560501,,20601224,,20340608,20370521,20320920,20401225,20360129,20380809,20521021,20360908,20391226,20441003,20390411,20610425,20660412,20561225,,,20241231,20320402,20360501,20351112,20341226,20481111,20351225,20510605,20481102,20430106,20460102
20520311,20401203,20540427,20480921,20370216,20371228,20260501,20491224,20410419,20500126,20430504,20381101,20280403,20351001,20240522,20360708,20180913,20421002,20270326,20360411,20370501,20450421,20381125,20430119,20620529,,20560331,20451225,20350514,20481103,20451203,20540301,20481225,20350326,,20380624,20641225,20480127,20410422,20280414,20400214,20460208,20450904,20421225,20401226,20460312,20430501,20510403,20301224,20360228,20360428,20260601,20380916,20401231,20601227,20350531,20440815,20410418,20470506,20340608,20430330,20410418,20311208,20390314,20461225,20250612,20380101,20370518,20271104,20441212,20501012,20620425,20401122,20560331,20590328,20550215,20550215,20370112,20420101,20471209,20370501,20510925,20610530,20430508,20410501,20421225,20590317,20401224,20560602,,20601231,,20340907,20370629,20320921,20401231,20360130,20381027,20521225,20360922,20400106,20441101,20390425,20610613,20660614,20561226,,,20250101,20320405,20360530,20351225,20350101,20481225,20351226,20511023,20481225,20430330,20460323
20520419,20401213,20540507,20481029,20370325,20380101,20260525,20500117,20410501,20500408,20430601,20381224,20280404,20351002,20240603,20360728,20180920,20421024,20270510,20360414,20370508,20450501,20381224,20430216,20620704,,20560529,20451226,20350605,20481111,20460101,20540510,20481228,20350507,,20381224,20641226,20480219,20410501,20280417,20400215,20460209,20450905,20421226,20410101,20460323,20430519,20510501,20301225,20360328,20360501,20260616,20381027,20410101,20601228,20350604,20441031,20410419,20470527,20340613,20430501,20410419,20311225,20390408,20461226,20250821,20380115,20370624,20271105,20450206,20501102,20620612,20401225,20560529,20590526,20550416,20550416,20370211,20420403,20471225,20370508,20511225,20610704,20430706,20410620,20421226,20590521,20401225,20560629,,20610408,,20341012,20370716,20330131,20410101,20360131,20381029,20530101,20361224,20400330,20441226,20390613,20611226,20661227,20570101,,,20250102,20320611,20361003,20351226,20350326,20490101,20360101,20511225,20481231,20430501,20460326
20520422,20401215,20540518,20490101,20370403,20380104,20260615,20500221,20410527,20500411,20430622,20390314,20280501,20351011,20240722,20360812,20181002,20421113,20270531,20360501,20370901,20450608,20390117,20430327,20620904,,20560704,20460101,20351224,20481126,20460804,20540511,20490101,20350604,,20381231,20641231,20480403,20410530,20280501,20400330,20460416,20460101,20430101,20410419,20460326,20430715,20510511,20310101,20360411,20360616,20260825,20381029,20410131,20610103,20350831,20441101,20410501,20470826,20340815,20430507,20410501,20320101,20390411,20470101,20250825,20380204,20370701,20280103,20450320,20501115,20621225,20410101,20560704,20590704,20550531,20550531,20370223,20420404,20480101,20370514,20511226,20610905,20430928,20411115,20430101,20590522,20401226,20560815,,20610411,,20341102,20370918,20330201,20410131,20360201,20390105,20530219,20361225,20400402,20450106,20390801,20611227,20661228,20570420,,,20250103,20320920,20361010,20360101,20350501,20490106,20360102,20511226,20490101,20430528,20460501
20520425,20410101,20541225,20490423,20370406,20380201,20260709,20500408,20410620,20500425,20431130,20390315,20280529,20351017,20240729,20361013,20181018,20421124,20270607,20360522,20370915,20450907,20390221,20430525,20621123,,20560904,20460126,20351225,20481127,20460805,20540512,20490126,20350806,,20390408,20650101,20480406,20410610,20280502,20400402,20460430,20460205,20430106,20410524,20460327,20430907,20510522,20310123,20360501,20360924,20260831,20390105,20410201,20610408,20350917,20441226,20410729,20471225,20341005,20430518,20410527,20320106,20390425,20470415,20251208,20380225,20370907,20280104,20450406,20510213,20621226,20410121,20560904,20590901,20550705,20550705,20370320,20420407,20480109,20370525,20520101,20611124,20431028,20411120,20430302,20590525,20410101,20561101,,20610530,,20341115,20371012,20330202,20410201,20360404,20390124,20530220,20361226,20400501,20450407,20391003,20620102,20670103,20570423,,,20250113,20321011,20370101,20360218,20350503,20490419,20360121,20520101,20490301,20430622,20460503
20520610,20410926,20550101,20490519,20370501,20380208,20260817,20500530,20410704,20500502,20431201,20390408,20281002,20351030,20240812,20361023,20181107,20421127,20270705,20360523,20371117,20451012,20390408,20430703,20621225,,20561123,20460312,20351226,20481225,20461009,20540715,20490416,20351029,,20390411,20650327,20480518,20410801,20280529,20400404,20460501,20460206,20430327,20410617,20460425,20431029,20510606,20310124,20360509,20361216,20260916,20390124,20410301,20610411,20351030,20450102,20410830,20471226,20341101,20430623,20410704,20320319,20390613,20470425,20251224,20380409,20371012,20280105,20450407,20510214,20630101,20410218,20561123,20591127,20550906,20550906,20370429,20420501,20480217,20370714,20520126,20611226,20431117,20411225,20430309,20590923,20410418,20561208,,20611003,,20341120,20371208,20330301,20410301,20360501,20390125,20530404,20370101,20400510,20450410,20391226,20620126,20670126,20570507,,,20250211,20321231,20370102,20360411,20350514,20490503,20360206,20520102,20490302,20430805,20460514
20521007,20410928,20550416,20490701,20370525,20380423,20261012,20500704,20410902,20500810,20431225,20390411,20281003,20351031,20241014,20361205,20181108,20421224,20270720,20360602,20371224,20451102,20390530,20430907,20630101,,20561225,20460323,20351231,20490101,20461010,20540716,20490419,20351225,,20390519,20650330,20480615,20410905,20281002,20400501,20460903,20460207,20430330,20410801,20460611,20431112,20510807,20310127,20360522,20361225,20261109,20390125,20410501,20610502,20351203,20450208,20411008,20480101,20341201,20431225,20410902,20320325,20390930,20470501,20251225,20380422,20371111,20280106,20450501,20510331,20630126,20410527,20561225,20591225,20551125,20551125,20370504,20420515,20480218,20371111,20520304,20620102,20431224,20411231,20430327,20600303,20410419,20561225,,20611226,,20341225,20371225,20330505,20410501,20360502,20390408,20530501,20370303,20400606,20450501,20391227,20620324,20670401,20570509,,,20250224,20330128,20370211,20360519,20350524,20490617,20360411,20520206,20490416,20431118,20460801
20521225,20411130,20550419,20490702,20371028,20380426,20261106,20500905,20411014,20501003,20440101,20390530,20281004,20351101,20241023,20361210,20181121,20421225,20270816,20360721,20371225,20451115,20390704,20431126,20630115,,20570101,20460326,20360101,20490118,20461011,20541217,20490426,20351226,,20390530,20650501,20480706,20411225,20281004,20400518,20460904,20460208,20430501,20410802,20461025,20431113,20510815,20310128,20360918,20361226,20261225,20390126,20410506,20610530,20351225,20450410,20411101,20480403,20341208,20440101,20410916,20320326,20391101,20470815,20251226,20380423,20371225,20280107,20451102,20510421,20630413,20410704,20570101,20600101,20551224,20551224,20370505,20420526,20480219,20371225,20520419,20620116,20431225,20420101,20430330,20600304,20410422,20561226,,20620324,,20341229,20371231,20330506,20410506,20360530,20390502,20530519,20370403,20400622,20450518,20400102,20620327,20670404,20570528,,,20250320,20330131,20370212,20360701,20350815,20491101,20360414,20520419,20490421,20431225,20461225
20521226,20411202,20550427,20490715,20371225,20380607,20261123,20501010,20411111,20501226,20440422,20391031,20281005,20351225,20241205,20361231,20181123,20430126,20271018,20360815,20380101,20451130,20390905,20431225,20630219,,20570115,20460425,20360410,20490416,20461031,20550209,20490503,20351227,,20390609,20650518,20481109,20411226,20281026,20400614,20470101,20460209,20430507,20410902,20461225,20440101,20510817,20310324,20361117,20370101,20270101,20390201,20410507,20610829,20360101,20450427,20411225,20480406,20341225,20440415,20411014,20320527,20391226,20471101,20251230,20380830,20371228,20280110,20451120,20510501,20630416,20410902,20570115,20600119,20560117,20560117,20370506,20421224,20480403,20380101,20520422,20620220,20440101,20420120,20430518,20600307,20410425,20570101,,20620327,,20350101,20380101,20330606,20410507,20361001,20390809,20530602,20370406,20401224,20450529,20400126,20620425,20670425,20570827,,,20250429,20330201,20370213,20360804,20351026,20491111,20360425,20520422,20490617,20440101,20461226
20530101,20411203,20550505,20490830,20380101,20381025,20261208,20501111,20411115,20501227,20440425,20391101,20281006,20360115,20241210,20370101,20181225,20430309,20271101,20361111,20380106,20451225,20391010,20440101,20630413,,20570219,20460528,20360411,20490531,20461202,20550307,20490614,20360101,,20391003,20651224,20481225,20411231,20281225,20400702,20470124,20460416,20430619,20411111,20461226,20440519,20511101,20310403,20361118,20370403,20270122,20390208,20410606,20611226,20360128,20450501,20420101,20480504,20350101,20440418,20411111,20321012,20391227,20471225,20251231,20381029,20380101,20280223,20451212,20510601,20630425,20411014,20570219,20600216,20560221,20560221,20370720,20421225,20480501,20380423,20520425,20620324,20440415,20420217,20430629,20600509,20410501,20570423,,20620501,,20350125,20380423,20330815,20410606,20361002,20391019,20531110,20370501,20401225,20450608,20400330,20620612,20670613,20571225,,,20250505,20330202,20370216,20360901,20351101,20500106,20360602,20520425,20490907,20440106,20470101
20530127,20411204,20550527,20490908,20380106,20381227,20261225,20501124,20411128,20510102,20440601,20391226,20290101,20360208,20241231,20370102,20190219,20430326,20271115,20361225,20380423,20451229,20391111,20440118,20630528,,20570420,20460611,20360414,20490705,20461203,20550428,20490723,20360317,,20391226,20651225,20481228,20420101,20281226,20400921,20470125,20460430,20431224,20411225,20470101,20440715,20511115,20310411,20361119,20370406,20270201,20390406,20410815,20611227,20360129,20450502,20420403,20480525,20350206,20440509,20411118,20321101,20400102,20471226,20260101,20381101,20380104,20280308,20451225,20510907,20630611,20411111,20570420,20600416,20560331,20560331,20370811,20421226,20481103,20380426,20520603,20620529,20440418,20420218,20430803,20600510,20410530,20570425,,20620515,,20350205,20380521,20330907,20410815,20361003,20391115,20531225,20370506,20401226,20451003,20400402,20621225,20671226,20571226,,,20250506,20330203,20370217,20361013,20351224,20500411,20361027,20520603,20491012,20440418,20470102
20530310,20411205,20550607,20490909,20380308,20381228,20270101,20501226,20411225,20510126,20440613,20400315,20290212,20360225,20250101,20370302,20190304,20430327,20271208,20361226,20380426,20460101,20391124,20440215,20630704,,20570528,20460806,20360509,20490906,20470101,20550429,20490802,20360411,,20400330,20651231,20490101,20420102,20290101,20401001,20470128,20460501,20431225,20411226,20470128,20440824,20511116,20310423,20361120,20370427,20270208,20390502,20410909,20620102,20360201,20450815,20420404,20480831,20350323,20440526,20411128,20321109,20400126,20480101,20260102,20381130,20380423,20280501,20460101,20511012,20631225,20411128,20570528,20600531,20560529,20560529,20370921,20430101,20481104,20380603,20520930,20620704,20440705,20420404,20430804,20600511,20410610,20570501,,20621003,,20350206,20380628,20330908,20410909,20361006,20391226,20540101,20370525,20401231,20451101,20400425,20621226,20671227,20580101,,,20250721,20330204,20370218,20361111,20351225,20500503,20361225,20521028,20491102,20440530,20470412
20530404,20411224,20560331,20490910,20380325,20390103,20270208,20510102,20420101,20510331,20440815,20400316,20290213,20360328,20250212,20370406,20190321,20430414,20271231,20370101,20380705,20460205,20391226,20440415,20630903,,20570704,20461001,20360522,20491111,20470108,20550704,20491227,20360414,,20400402,20660101,20490125,20420404,20290213,20401015,20470129,20460903,20440101,20420101,20470211,20440825,20511225,20310501,20361121,20370501,20270224,20390606,20410910,20620324,20360208,20451031,20420501,20481225,20350425,20440606,20411212,20321206,20400312,20480106,20260217,20381208,20380524,20280508,20460205,20511102,20631226,20411225,20570704,20600705,20560704,20560704,20370922,20430326,20481105,20380614,20521225,20620904,20440706,20420421,20430805,20600923,20410617,20570629,,20621225,,20350323,20380716,20330909,20410910,20361007,20400102,20540209,20370907,20410101,20451225,20400611,20630101,20680102,20580412,,,20250811,20330228,20370219,20361225,20351226,20500609,20361226,20521225,20491115,20440616,20470415
20530407,20420101,20560403,20491029,20380423,20390104,20270209,20510116,20420120,20510403,20441130,20400330,20290214,20360401,20250407,20370413,20190401,20430417,20280110,20370403,20380901,20460206,20400102,20440530,20631122,,20570903,20461225,20360523,20491125,20470724,20550705,20491228,20360505,,20400501,20660409,20490303,20420407,20290214,20401225,20470130,20460904,20440106,20420404,20470311,20440826,20520101,20310507,20361224,20370616,20270310,20390831,20410911,20620327,20360229,20451101,20420728,20481228,20350501,20440623,20411225,20321208,20400330,20480406,20260225,20381224,20380624,20280509,20460319,20511115,20640101,20420101,20570903,20600906,20560904,20560904,20370923,20430327,20481110,20380714,20521226,20621123,20440928,20420423,20431019,20610220,20410805,20570815,,20621226,,20350501,20380917,20331003,20410911,20361008,20400213,20540210,20370922,20410419,20451226,20400806,20630126,20680126,20580415,,,20250915,20330404,20370220,20361226,20360101,20500815,20370101,20521226,20491231,20440622,20470501
20530425,20420304,20560427,20500519,20380426,20390131,20270324,20510220,20420217,20510425,20441201,20400402,20290215,20360408,20250414,20370414,20190406,20430421,20280320,20370406,20380915,20460323,20400116,20440704,20631225,,20571122,20461226,20360602,20491126,20470725,20550706,20500103,20360602,,20400510,20660412,20490416,20420501,20290215,20401226,20470404,20461231,20440415,20420530,20470412,20440830,20520422,20310522,20361225,20370810,20270311,20390916,20411003,20620501,20360501,20451225,20420729,20490101,20350524,20440815,20420101,20330106,20400402,20480501,20260320,20381230,20380701,20280612,20460322,20511225,20640128,20420120,20571122,20601125,20561123,20561123,20371012,20430330,20481208,20381101,20530101,20621225,20441028,20420501,20431225,20610221,20411224,20571101,,20630101,,20350524,20381011,20340220,20411003,20370101,20400214,20540327,20371224,20410422,20460101,20401001,20630413,20680420,20580506,,,20250923,20330405,20370227,20370101,20360414,20501101,20370102,20530101,20500221,20440805,20470523
20530609,20420915,20560511,20500620,20380614,20390207,20270325,20510331,20420218,20510501,20441226,20400430,20290216,20360411,20250415,20370415,20190417,20430501,20280413,20370501,20381101,20460501,20400220,20440905,20640101,,20571225,20470101,20360605,20491224,20470929,20551219,20500126,20360804,,20400521,20660531,20490419,20420515,20290330,20410101,20470405,20470101,20440418,20420616,20470415,20441031,20520501,20310702,20361226,20370924,20270517,20391005,20411009,20620529,20360509,20451226,20421008,20490416,20350613,20441101,20420120,20330414,20400425,20480602,20260402,20381231,20380906,20281106,20460323,20520101,20640404,20420217,20571225,20601224,20561225,20561225,20371103,20430501,20481225,20381111,20530127,20630101,20441117,20420605,20431228,20610222,20411225,20571225,,20630413,,20350709,20381101,20340221,20411009,20370102,20400330,20540501,20371225,20410501,20460323,20401225,20630416,20680423,20580509,,,20251013,20330502,20370402,20370216,20360501,20501111,20370119,20530102,20500222,20440815,20470603
20531006,20420916,20560522,20500621,20381028,20390408,20270326,20510529,20420404,20510816,20450102,20400501,20290404,20360414,20250501,20370501,20190419,20430907,20280414,20370514,20381117,20460524,20400330,20441124,20640121,,20580101,20470128,20361224,20491231,20470930,20560208,20500408,20361027,,20400531,20661224,20490517,20420526,20290402,20410201,20470429,20470124,20440526,20420731,20470416,20441101,20520529,20311113,20361231,20371216,20270520,20391019,20411225,20620828,20360530,20460101,20421208,20490419,20350815,20441226,20420203,20330415,20400611,20481208,20260403,20390105,20381011,20290101,20460501,20520304,20640407,20420526,20580101,20610117,20570101,20570101,20371123,20430507,20490101,20390408,20530303,20630115,20441226,20421120,20440101,20610428,20411226,20571226,,20630416,,20350907,20381208,20340301,20411225,20370216,20400501,20540522,20371228,20410530,20460326,20401226,20630425,20680425,20580527,,,20251103,20330601,20370403,20370403,20360522,20501226,20370206,20530206,20500408,20441101,20470801
20531225,20420917,20561225,20500622,20390106,20390411,20270402,20510704,20420421,20511002,20450124,20400521,20290430,20360429,20250505,20370504,20190429,20431002,20280501,20370515,20381224,20460907,20400528,20441226,20640218,,20580121,20470311,20361225,20500117,20471001,20560305,20500411,20361225,,20401003,20661231,20490614,20420801,20290404,20410204,20470430,20470125,20440624,20420801,20470425,20441102,20520530,20311224,20370101,20371225,20270607,20391020,20411231,20621225,20360602,20460102,20421225,20490503,20351005,20450407,20420217,20330502,20400928,20481225,20260409,20390124,20381111,20290102,20461102,20520305,20640425,20420704,20580121,20610221,20570115,20570115,20371231,20430518,20490301,20390411,20530404,20630219,20450407,20421225,20440307,20610501,20420101,20580101,,20630501,,20351012,20381231,20340501,20411231,20370217,20400525,20540716,20380101,20410606,20460501,20410101,20630611,20680611,20580826,,,20251124,20330908,20370501,20370518,20360602,20510106,20370403,20530404,20500421,20441118,20471225
20531226,20421122,20561226,20500715,20390228,20390425,20270525,20510904,20420501,20511225,20450407,20400820,20290501,20360501,20250512,20370529,20190501,20431013,20280529,20370525,20390106,20461012,20400704,20450102,20640526,,20580218,20470412,20361226,20500408,20471020,20560416,20500425,20361226,,20401224,20670401,20490705,20420911,20290501,20410404,20470501,20470128,20441206,20420901,20470610,20441103,20520610,20311225,20370126,20380101,20270608,20391115,20420101,20621226,20360901,20460208,20430101,20490531,20351101,20450410,20420317,20330516,20401106,20490101,20260501,20390225,20381227,20290103,20461119,20520419,20640609,20420901,20580218,20610408,20570219,20570219,20380101,20431224,20490302,20390519,20530407,20630413,20450410,20421231,20440314,20610502,20420403,20580415,,20630604,,20351102,20390408,20340505,20420101,20370218,20400809,20540810,20380303,20410621,20460503,20410128,20631225,20681225,20581225,,,20251231,20330909,20370618,20370701,20360612,20510403,20370406,20530407,20500609,20441226,20471226
20540101,20421123,20570101,20500829,20390325,20390606,20270621,20511009,20420526,20511226,20450410,20401022,20290618,20360509,20250603,20370603,20190518,20431102,20280619,20370721,20390408,20461102,20400903,20450116,20640704,,20580412,20470415,20361231,20500530,20471130,20560417,20500502,20361229,,20401225,20670404,20491115,20421225,20290521,20410419,20470902,20470129,20441226,20421111,20471024,20450501,20520805,20311226,20370127,20380322,20270816,20391226,20420121,20630101,20360916,20460326,20430102,20490830,20351224,20450501,20420403,20330616,20401225,20490106,20260527,20390407,20381228,20290104,20461212,20520501,20641225,20421013,20580412,20610530,20570420,20570420,20380111,20431225,20490303,20390530,20530425,20630528,20450501,20430101,20440415,20610922,20420404,20580425,,20631003,,20351115,20390627,20340525,20420121,20370219,20401008,20541030,20380423,20411224,20460514,20410419,20631226,20681226,20581226,,,20260101,20331010,20370619,20370803,20360815,20510501,20370427,20530425,20500907,20450106,20480101
20540126,20421124,20570420,20500830,20390415,20391024,20270709,20511123,20420605,20520101,20450501,20401023,20290924,20360815,20250710,20370727,20190605,20431113,20280626,20371111,20390411,20461115,20401008,20450220,20640901,,20580527,20470425,20370101,20500704,20471202,20560418,20500613,20370101,,20401226,20670523,20491227,20421226,20290702,20410422,20470903,20470130,20450106,20421225,20471225,20450519,20520807,20320101,20370216,20380423,20270831,20391227,20420122,20630413,20361106,20460427,20430326,20491227,20351225,20450509,20420404,20330725,20401226,20490419,20260612,20390408,20390103,20290105,20461225,20520620,20641226,20421111,20580527,20610704,20570528,20570528,20380211,20440101,20490416,20390714,20530602,20630704,20450508,20430120,20440418,20620209,20420407,20580501,,20631224,,20351120,20390815,20340531,20420122,20370220,20401225,20541225,20380426,20411225,20460524,20410422,20640101,20690101,20590101,,,20260102,20340102,20370924,20370907,20361208,20510503,20370601,20530602,20501012,20450410,20480102
20540309,20421130,20570423,20500831,20390418,20391226,20270816,20511225,20420704,20520126,20450529,20401101,20291001,20360919,20250728,20370728,20190812,20431116,20280703,20371225,20390705,20461130,20401112,20450407,20641127,,20580704,20470527,20370402,20500905,20471203,20560622,20500722,20370317,,20401231,20671003,20491228,20421231,20290924,20410501,20480101,20470404,20450407,20421226,20471226,20450814,20520815,20320113,20370317,20380426,20270916,20400102,20420123,20630416,20361119,20460501,20430327,20491228,20360101,20450518,20420501,20330815,20410101,20490602,20260821,20390829,20390104,20290108,20470101,20521115,20650101,20421127,20580704,20610905,20570704,20570704,20380223,20440414,20490701,20390815,20530929,20630903,20450705,20430209,20440606,20620212,20420424,20580815,,20631225,,20351225,20390919,20340606,20420123,20370406,20410101,20550101,20380503,20411226,20461003,20410425,20640128,,20590328,,,20260112,20340217,20370925,20371012,20361224,20510601,20371026,20531027,20501102,20450501,20480403
20540327,20421202,20570427,20510501,20390606,20391227,20271011,20520101,20420901,20520419,20450601,20401102,20291002,20360929,20250812,20370812,20190815,20431225,20280720,20380101,20390829,20461225,20401122,20450529,20641225,,20580902,20470610,20370403,20501108,20471229,20560625,20500801,20370403,,20410101,20671226,20500103,20430101,20291001,20410507,20480212,20470405,20450410,20430101,20480101,20450815,20521101,20320114,20370403,20380427,20271028,20400116,20420305,20630507,20361120,20460502,20430501,20500103,20360226,20450529,20420526,20331012,20410128,20491101,20260831,20391020,20390408,20290223,20470204,20521225,20650126,20421225,20580902,20611124,20570903,20570903,20380429,20440415,20491103,20391101,20531225,20631122,20450706,20430210,20440701,20620213,20420501,20581101,,20631226,,20351231,20391010,20340815,20420305,20370501,20410201,20550128,20380506,20411231,20461101,20410610,20640404,,20590331,,,20260211,20340220,20371009,20371111,20361225,20510815,20371225,20531225,20501115,20450530,20480406
20540330,20421203,20570531,20510519,20390815,20400102,20271208,20520115,20421013,20520422,20450815,20401224,20291003,20361002,20251013,20371013,20190817,20440126,20280807,20380423,20390901,20461231,20401225,20450704,20650101,,20581128,20470805,20370406,20501111,20480101,20560626,20501226,20370406,,20410419,20680420,20500124,20430102,20291016,20410603,20480213,20470429,20450501,20430327,20480127,20450816,20521104,20320115,20370428,20380616,20280126,20400130,20420501,20630528,20361225,20460625,20430629,20500408,20360411,20450623,20420704,20331101,20410311,20491208,20261130,20391101,20390523,20290308,20470318,20530101,20650327,20430101,20581128,20611226,20571122,20571122,20380503,20440418,20491104,20391111,20531226,20631225,20450928,20430327,20440801,20620419,20420515,20581225,,20631231,,20360101,20391031,20340926,20420501,20370618,20410419,20550129,20380524,20420101,20461224,20410805,20640407,,20590505,,,20260223,20340221,20380101,20371225,20361226,20511101,20371228,20531226,20501230,20450608,20480501
20540608,20421214,20570611,20510612,20391028,20400103,20271224,20520219,20421111,20520425,20451130,20401225,20291004,20361018,20251023,20371023,20190902,20440314,20280821,20380426,20390915,20470101,20410101,20450904,20650119,,20581225,20471007,20370501,20501124,20480711,20560627,20501227,20370504,,20410422,20680423,20500223,20430327,20291225,20410701,20480214,20470430,20450518,20430529,20480210,20450830,20521115,20320116,20370501,20380809,20280127,20400201,20420505,20630827,20370101,20460815,20430728,20500411,20360425,20450815,20420901,20331109,20410419,20500106,20261208,20391130,20390624,20290309,20470411,20530217,20650330,20430119,20581225,20620102,20571225,20571225,20380504,20440517,20491105,20391226,20540101,20640101,20451117,20430421,20440802,20620420,20420526,20581226,,20640101,,20360125,20391101,20340927,20420505,20370619,20410501,20550416,20380906,20420106,20461225,20411007,20640425,,20590509,,,20260320,20340222,20380128,20371228,20370101,20511225,20380101,20540101,20510213,20450622,20480514
20541005,20430101,20571225,20510817,20391226,20400130,20271231,20520419,20421127,20520506,20451201,20401226,20291005,20361020,20251205,20371207,20190910,20440406,20281016,20380603,20391101,20470225,20410121,20451123,20650216,,20590101,20471225,20370514,20501125,20480712,20561218,20510102,20370601,,20410501,20680501,20500408,20430330,20291226,20410911,20480217,20470501,20450623,20430615,20480309,20451020,20521225,20320211,20370514,20380924,20280201,20400213,20420526,20631225,20370127,20461031,20430729,20500502,20360501,20451101,20420916,20331206,20410422,20500411,20261224,20391208,20390701,20290430,20470412,20530218,20650608,20430216,20590101,20620116,20580101,20580101,20380505,20440526,20491110,20400330,20540126,20640121,20451225,20430423,20440803,20620423,20420617,20590101,,20640404,,20360225,20391208,20340928,20420526,20370924,20410514,20550428,20380922,20420404,20461226,20411225,20640609,,20590526,,,20260429,20340223,20380129,20380101,20370106,20511226,20380104,20540102,20510214,20450815,20480525
20541225,20430222,20571226,20510818,20400106,20400206,20280228,20520527,20421225,20520814,20451225,20401231,20291231,20361101,20251210,20371210,20191002,20440414,20281106,20380604,20391117,20470226,20410218,20451225,20650327,,20590120,20471226,20370515,20501226,20480713,20570101,20510126,20370803,,20410530,20680611,20500411,20430501,20300101,20411001,20480218,20470902,20451206,20430730,20480403,20451023,20530101,20320322,20370529,20381216,20280209,20400214,20420604,20631226,20370202,20461101,20431008,20500530,20360610,20451225,20421013,20331208,20410425,20500425,20261225,20391226,20390905,20290501,20470501,20530404,20651225,20430525,20590120,20620220,20580121,20580121,20380719,20440606,20491129,20400402,20540302,20640218,20451226,20430501,20441021,20620924,20420804,20590106,,20640407,,20360226,20400102,20341003,20420604,20371001,20410809,20550511,20381224,20420407,20461231,20411226,20641225,,20590825,,,20260504,20340224,20380201,20380215,20370406,20520101,20380125,20540206,20510331,20451101,20481225
20541228,20430905,20580101,20510830,20400319,20400330,20280229,20520704,20430101,20521007,20451226,20410101,20300101,20361106,20251231,20371231,20191008,20440415,20281113,20380614,20391226,20470412,20410419,20460101,20650525,,20590217,20480101,20370525,20510102,20480714,20570213,20510331,20371026,,20410610,20681003,20500516,20430507,20300204,20411003,20480422,20470903,20451225,20430731,20480406,20460101,20530407,20320326,20370601,20381227,20280214,20400326,20420606,20640101,20370216,20461225,20431208,20500829,20360612,20451226,20421111,20340106,20410610,20500602,20261230,20391230,20391010,20290509,20470916,20530421,20651228,20430907,20590217,20620324,20580218,20580218,20380811,20441226,20491208,20400501,20540327,20640404,20460101,20430528,20441226,20630130,20421224,20590331,,20640501,,20360411,20400330,20341009,20420606,20371002,20410927,20550705,20381227,20420501,20470101,20420101,20641226,,20591225,,,20260505,20340227,20380202,20380423,20370501,20520422,20380208,20540327,20510421,20451225,20490101
20550101,20430906,20580412,20520101,20400501,20400402,20280324,20520902,20430119,20521225,20460101,20410315,20300204,20361120,20260101,20380101,20191021,20440815,20281208,20380721,20400106,20470501,20410527,20460115,20650703,,20590328,20480127,20370605,20510116,20480919,20570304,20510403,20371225,,20410620,20681224,20500613,20430518,20300205,20411225,20480430,20480101,20451226,20430907,20480407,20460423,20530501,20320412,20370817,20390321,20280228,20400501,20420815,20640404,20370217,20461226,20431225,20501226,20360613,20460101,20421117,20340320,20410927,20500815,20261231,20400329,20391111,20290611,20471118,20530501,20660101,20431012,20590328,20620529,20580412,20580412,20380920,20450406,20500221,20400508,20540330,20640526,20460323,20430907,20441227,20630131,20421225,20590425,,20640526,,20360421,20400501,20341225,20420815,20371005,20411023,20550809,20381228,20420515,20470412,20420127,20650101,,20591226,,,20260506,20340228,20380203,20380524,20370514,20520501,20380423,20540330,20510501,20451226,20490416
20550126,20431111,20580415,20520423,20400504,20400425,20280413,20521014,20430209,20521226,20460102,20410419,20300205,20361225,20260102,20380219,20191028,20440825,20281225,20381101,20400330,20470613,20410704,20460219,20650907,,20590526,20480309,20371224,20510331,20480920,20570405,20510425,20371228,,20411003,20681225,20500704,20430910,20300206,20411226,20480501,20480212,20460101,20431111,20480608,20460501,20530515,20320506,20370908,20390408,20280229,20400525,20420929,20640407,20370218,20470101,20440101,20501227,20360815,20460323,20421127,20340406,20411105,20501101,20270101,20400330,20391226,20290612,20471212,20530605,20660126,20431111,20590526,20620704,20580527,20580527,20380923,20450407,20500222,20400510,20540427,20640704,20460326,20431012,20450102,20630201,20421226,20590501,,20641003,,20360501,20400521,20350101,20420929,20371006,20411204,20551019,20390103,20420606,20470415,20420404,20650126,,20600101,,,20260720,20340404,20380204,20380701,20370525,20520503,20380426,20540427,20510601,20460101,20490419
20550308,20431112,20580523,20520501,20400507,20400604,20280414,20521111,20430210,20530101,20460124,20410422,20300206,20370114,20260303,20380406,20191112,20440826,20281229,20381111,20400402,20471115,20410902,20460323,20651126,,20590704,20480403,20371225,20510529,20481130,20570408,20510501,20371229,,20411224,20681226,20501114,20431225,20300405,20420101,20480902,20480213,20460323,20431225,20481022,20460803,20530516,20320525,20371109,20390411,20280501,20400604,20420930,20640505,20370428,20470102,20440414,20510102,20361201,20460326,20421201,20340407,20411225,20501208,20270225,20400409,20391227,20291105,20471225,20531225,20660409,20431126,20590704,20620904,20580704,20580704,20381011,20450410,20500223,20400521,20540601,20640901,20460501,20431102,20450306,20630408,20430101,20590602,,20641224,,20360612,20400702,20350207,20420930,20371007,20411225,20560215,20390303,20420620,20470501,20420407,20650327,,20600416,,,20260811,20340405,20380205,20380802,20370604,20520620,20380607,20540601,20510907,20460326,20490527
20550416,20431130,20580603,20520529,20400625,20401022,20280501,20521128,20430216,20530127,20460427,20410501,20300207,20370126,20260406,20380413,20191225,20441021,20290101,20390408,20400501,20471225,20411014,20460528,20651225,,20590901,20480406,20371231,20510704,20481202,20570409,20510612,20380101,,20411225,20681231,20501226,20431231,20300419,20420122,20480903,20480214,20460326,20431228,20481225,20460830,20530519,20320601,20371110,20390427,20280505,20400831,20421003,20640526,20370501,20470208,20440415,20510331,20361208,20460501,20421212,20340501,20411226,20501226,20270310,20400501,20400102,20300101,20480101,20540101,20660412,20431225,20590901,20621123,20580902,20580902,20381103,20450501,20500408,20400815,20540928,20641127,20460508,20431120,20450313,20630409,20430326,20590815,,20641225,,20360709,20400716,20350208,20421003,20380101,20420101,20560216,20390415,20421224,20470523,20420425,20650330,,20600419,,,20260921,20340501,20380208,20380906,20371026,20520815,20381025,20541026,20511012,20460501,20490607
20550419,20431202,20581225,20520530,20400815,20401225,20280525,20521225,20430327,20530404,20460430,20410610,20300208,20370127,20260413,20380414,20200219,20441101,20290108,20390411,20400508,20471231,20411111,20460704,20660101,,20591127,20480601,20380101,20510904,20481203,20570611,20510728,20380317,,20411226,20690101,20501227,20440101,20300422,20420123,20490101,20480217,20460501,20440101,20481228,20461010,20530526,20320817,20371111,20390502,20280509,20400917,20421009,20640825,20370529,20470415,20440629,20510403,20361224,20460503,20421225,20340502,20420101,20510106,20270325,20400514,20400103,20300102,20480203,20540209,20660614,20440101,20591127,20621225,20581128,20581128,20381123,20450517,20500502,20401101,20541225,20641225,20460705,20431225,20450407,20630410,20430327,20591208,,20641226,,20361120,20400815,20350209,20421009,20380203,20420122,20560331,20390418,20421225,20470603,20420609,20650608,,20600503,,,20260922,20340619,20380301,20381011,20371208,20521101,20381227,20541225,20511102,20460524,20500408
20550426,20431203,20581226,20520531,20401225,20401226,20280620,20530101,20430421,20530407,20460501,20410819,20300405,20370213,20260414,20380415,20200221,20441201,20290319,20390519,20400705,20480101,20411128,20460903,20660118,,20591225,20480608,20380422,20511110,20490701,20570612,20510807,20380423,,20411231,,20510102,20440415,20300501,20420124,20490201,20480218,20460503,20440415,20490101,20461011,20530807,20321101,20371112,20390616,20280526,20400924,20421225,20641225,20370601,20470501,20440728,20510501,20361225,20460509,20430101,20340515,20420127,20510403,20270326,20400612,20400330,20300103,20480316,20540210,20661227,20440118,20591225,20630101,20581225,20581225,20381231,20450518,20501103,20401225,20541228,20650101,20460706,20431231,20450410,20630923,20430330,20591225,,20641231,,20361225,20400917,20350301,20421225,20380204,20420123,20560417,20390502,20421226,20470613,20420804,20651225,,20600531,,,20260923,20340620,20380405,20381111,20371224,20521111,20381228,20541228,20511115,20460530,20500411
20550614,20440211,20590101,20520715,20401226,20410101,20280821,20530120,20430501,20530425,20460601,20410820,20300501,20370226,20260415,20380503,20200310,20450126,20290329,20390520,20400829,20480217,20411225,20461122,20660215,,20600101,20480803,20380423,20511123,20490703,20570613,20511225,20380426,,20420101,,20510123,20440418,20300509,20420403,20490202,20480422,20460622,20440527,20490126,20461012,20530815,20321224,20371113,20390809,20280605,20401008,20421231,20641226,20370602,20470502,20440729,20510529,20370101,20460514,20430119,20340815,20420310,20510425,20270409,20400821,20400521,20300104,20480402,20540327,20661228,20440215,20600101,20630115,20590101,20590101,20390103,20450529,20501104,20401226,20550101,20650119,20460928,20440101,20450529,20640117,20430423,20591226,,20650101,,20361231,20400918,20350501,20421231,20380205,20420404,20560501,20390506,20421231,20471003,20421006,20651228,,20600830,,,20261012,20340927,20380406,20381227,20371225,20521225,20390103,20550101,20511225,20460622,20500519
20551004,20440824,20590328,20520805,20410101,20410102,20281016,20530217,20430525,20530505,20460618,20411023,20300605,20370317,20260501,20380504,20200325,20450215,20290330,20390530,20401101,20480218,20420101,20461225,20660409,,20600119,20481005,20380426,20511124,20490907,20570614,20511226,20380503,,20420404,,20510215,20440526,20300605,20420404,20490203,20480430,20461206,20440620,20490208,20461029,20531024,20330103,20371224,20391216,20280803,20401009,20430101,20650101,20370831,20470625,20440830,20510828,20370217,20460815,20430202,20341012,20420404,20510501,20270517,20400827,20400625,20300107,20480403,20540421,20670103,20440530,20600119,20630219,20590120,20590120,20390110,20451225,20501110,20410101,20550126,20650216,20461224,20440120,20450630,20640120,20430501,20600101,,20650327,,20370101,20400919,20350507,20430101,20380208,20420501,20560529,20390524,20430101,20471101,20421225,20660101,,20601227,,,20261103,20341009,20380607,20381228,20380101,20521226,20390104,20550104,20511229,20460815,20500530
20551227,20440825,20590331,20520806,20410304,20410128,20281106,20530526,20430528,20530813,20460815,20411101,20300912,20370401,20260504,20380518,20200401,20450303,20290501,20390721,20401224,20480403,20420120,20470101,20660531,,20600216,20481225,20380521,20511225,20490908,20571218,20520101,20380607,,20420407,,20510331,20440606,20300701,20420407,20490204,20480501,20461224,20440728,20490308,20470101,20531225,20330104,20371225,20391226,20280831,20401225,20430209,20650327,20370916,20470815,20441101,20511225,20370403,20461101,20430216,20341101,20420407,20510602,20270830,20401008,20400702,20300108,20480501,20540501,20670126,20440704,20600216,20630413,20590217,20590217,20390211,20451226,20501128,20410419,20550301,20650327,20461225,20440229,20450807,20640121,20430507,20600106,,20650330,,20370216,20401015,20350515,20430209,20380209,20420602,20560809,20390906,20430106,20471224,20421226,20660126,,20601228,,,20261123,20341010,20380913,20390103,20380106,20530101,20390124,20550208,20520101,20461101,20500801
20551228,20441030,20590508,20520807,20410325,20410206,20281120,20530704,20430907,20531006,20461130,20411224,20300913,20370403,20260601,20380603,20200402,20450327,20290514,20390815,20401225,20480421,20420217,20470121,20660705,,20600416,20481228,20380603,20520101,20490909,20580101,20520126,20380802,,20420501,,20510403,20440801,20300913,20420501,20490205,20480902,20461225,20440729,20490416,20470423,20540101,20330105,20371231,20400102,20281017,20410101,20430210,20650330,20371026,20471031,20441208,20511226,20370501,20461225,20430316,20341109,20420425,20510815,20271101,20401101,20400903,20300308,20480916,20540528,20670401,20440905,20600416,20630528,20590328,20590328,20390223,20460101,20501208,20410422,20550416,20650525,20461226,20440301,20450808,20640327,20430518,20600419,,20650501,,20370217,20401101,20350606,20430210,20380405,20420916,20561106,20390922,20430327,20471225,20430101,20660409,,20610103,,,20261231,20350101,20381011,20390221,20380426,20530106,20390207,20550416,20520304,20461225,20501226
20560103,20441031,20590519,20520808,20410419,20410419,20281208,20530901,20431012,20531225,20461225,20411225,20301001,20370414,20260603,20380716,20200406,20450331,20290604,20391101,20401226,20480501,20420526,20470218,20660906,,20600531,20490101,20380604,20520115,20490928,20580212,20520419,20381025,,20420515,,20510515,20440908,20301001,20420526,20490412,20480903,20461226,20440905,20490419,20470501,20540330,20330106,20380101,20400321,20281225,20410104,20430211,20650504,20371106,20471101,20450406,20520101,20370604,20461226,20430326,20341206,20420609,20511101,20271130,20401130,20401008,20300501,20481102,20540907,20670404,20441010,20600531,20630704,20590526,20590526,20390321,20460322,20501226,20410501,20550419,20650703,20470101,20440415,20450809,20640330,20430617,20600602,,20650518,,20370403,20401102,20350815,20430211,20380503,20421111,20561225,20391226,20430330,20471226,20430126,20660412,,20610408,,,20270101,20350205,20381231,20390408,20380603,20530407,20390408,20550419,20520305,20461226,20510102
20560126,20441101,20591225,20520830,20410422,20410422,20281225,20531013,20431102,20531226,20461226,20411226,20301002,20370418,20260728,20380728,20200410,20450407,20290611,20391111,20410101,20480604,20420704,20470412,20661125,,20600705,20490126,20380614,20520419,20491130,20580303,20520422,20381227,,20420526,,20510619,20441226,20301225,20420623,20490430,20490101,20470101,20441111,20490420,20470715,20540501,20330131,20380204,20400330,20290101,20410118,20430501,20650525,20371109,20471225,20450407,20520419,20370610,20470101,20430327,20341208,20420926,20511208,20271208,20401214,20401112,20300502,20481116,20541012,20670425,20441111,20600705,20630903,20590704,20590704,20390429,20460323,20510102,20410508,20550426,20650907,20470412,20440421,20451020,20640331,20430803,20600629,,20651224,,20370421,20401225,20350917,20430501,20380607,20421124,20570101,20391227,20430501,20471231,20430327,20660426,,20610411,,,20270111,20350206,20390119,20390523,20380614,20530501,20390411,20550426,20520419,20470101,20510331
20560313,20441121,20591226,20521029,20410501,20410425,20290101,20531111,20431111,20540101,20470101,20411227,20301003,20370429,20260729,20380812,20200414,20450414,20290702,20391226,20410419,20480907,20420901,20470527,20661224,,20600906,20490308,20381224,20520527,20491202,20580325,20520425,20381228,,20420605,,20510703,20450102,20301226,20420701,20490503,20490201,20470412,20441226,20490614,20470724,20540505,20330331,20380205,20400402,20290130,20410201,20430505,20650831,20371110,20471226,20450501,20520422,20371005,20470412,20430501,20341225,20421104,20511225,20271224,20401224,20401225,20300503,20481201,20541102,20670613,20441124,20600906,20631122,20590901,20590901,20390503,20460326,20510109,20410530,20550607,20651126,20470415,20440616,20451225,20640923,20431224,20601101,,20651225,,20370501,20401231,20350918,20430505,20380913,20421225,20570205,20391228,20430507,20480101,20430330,20660614,,20610502,,,20270211,20350207,20390120,20390701,20380624,20530605,20390425,20550607,20520501,20470415,20510403
20560331,20441130,20600101,20530101,20410610,20410603,20290212,20531127,20431126,20540126,20470102,20420101,20301004,20370501,20260812,20381013,20200501,20450501,20290720,20400330,20410422,20481012,20421013,20470704,20670117,,20601125,20490416,20381231,20520704,20491207,20580326,20520506,20381229,,20421003,,20511113,20450407,20310101,20420929,20490902,20490202,20470415,20441227,20491021,20470725,20540507,20330401,20380405,20400427,20290201,20410315,20430916,20651225,20371225,20480101,20450629,20520506,20371201,20470415,20430525,20350101,20421225,20511226,20271230,20401225,20401226,20300509,20481225,20541225,20671226,20441226,20601125,20631225,20591127,20591127,20390504,20460501,20510213,20410610,20550927,20651225,20470501,20440907,20451226,20650107,20431225,20601208,,20651231,,20370604,20410101,20351003,20430916,20381001,20430101,20570206,20400102,20430619,20480106,20430608,20661227,,20610509,,,20270223,20350208,20390121,20390801,20381026,20530815,20390606,20551025,20520620,20470501,20510501
20560403,20441203,20600416,20530423,20410815,20411028,20290213,20531225,20431225,20540327,20470124,20420404,20301007,20370815,20261013,20381025,20200507,20450815,20290807,20400402,20410501,20481102,20421111,20470902,20670221,,20601224,20490419,20390407,20520902,20500101,20580327,20520610,20390103,,20421224,,20511225,20450410,20310123,20421001,20490903,20490203,20470501,20450102,20491227,20470726,20540518,20330415,20380423,20400501,20290202,20410501,20430917,20651228,20380101,20480102,20450728,20520527,20371208,20470501,20430907,20350322,20421226,20520101,20271231,20401231,20410101,20300510,20490101,20550101,20671227,20450102,20601224,20640101,20591225,20591225,20390505,20460503,20510214,20410815,20551227,20660101,20470508,20441012,20460101,20650108,20440101,20610106,,20660101,,20370709,20410419,20351009,20430917,20381004,20430210,20570405,20400305,20431224,20480403,20430803,20661228,,20610530,,,20270322,20350209,20390124,20390905,20381101,20531111,20391024,20551227,20521115,20470530,20510511
20560425,20450101,20600419,20530501,20411028,20411225,20290329,20540101,20440101,20540330,20470419,20420407,20310101,20371002,20261023,20381206,20200525,20450914,20290820,20400501,20410508,20481130,20421127,20471128,20670530,,20610117,20490426,20390408,20521105,20500620,20580328,20520726,20390317,,20421225,,20511226,20450501,20310124,20421022,20500103,20490204,20470523,20450407,20491228,20470830,20540715,20330526,20380519,20400809,20290213,20410514,20430918,20660101,20380201,20480406,20450830,20520826,20371224,20470509,20430916,20350323,20430101,20520422,20280126,20410101,20410102,20300612,20490201,20550301,20680102,20450116,20610117,20640121,20600101,20600101,20390718,20460514,20510215,20411101,20551228,20660118,20470705,20441102,20460305,20650111,20440414,20610411,,20660409,,20370907,20410501,20351225,20430918,20381005,20430211,20570420,20400501,20431225,20480406,20431005,20670103,,20610829,,,20270429,20350212,20390125,20391010,20381208,20531225,20391226,20551228,20521225,20470613,20510522
20560612,20450130,20600427,20530519,20411225,20411226,20290330,20540119,20440118,20540504,20470422,20420501,20310122,20371008,20261207,20381210,20200801,20451002,20291015,20400510,20410705,20481225,20421225,20471225,20670704,,20610221,20490531,20390411,20521111,20500621,20580602,20520805,20390408,,20421226,,20520101,20450518,20310411,20421225,20500124,20490205,20470621,20450526,20500103,20470930,20540807,20330601,20380601,20400924,20290214,20410603,20431009,20660409,20380204,20480427,20451101,20521225,20371225,20470523,20431012,20350501,20430126,20520425,20280225,20410201,20410419,20301104,20490315,20550302,20680126,20450220,20610221,20640218,20600119,20600119,20390811,20460517,20510331,20411111,20560103,20660215,20471028,20441115,20460312,20650316,20440415,20610425,,20660412,,20371012,20410521,20360101,20431009,20381006,20430327,20570501,20400504,20431231,20480501,20431225,20670126,,20611226,,,20270503,20350228,20390126,20391111,20381224,20531226,20391227,20560103,20521231,20470805,20510801
20561002,20450814,20600505,20530520,20411226,20420101,20290402,20540216,20440215,20540812,20470501,20420502,20310123,20371017,20261210,20381231,20200815,20451020,20291105,20400511,20410829,20481231,20430101,20480101,20670905,,20610408,20490614,20390506,20521128,20500622,20580603,20521225,20390411,,20421231,,20520122,20450529,20310414,20421226,20500125,20490412,20471206,20450619,20500126,20471001,20541013,20330610,20380603,20401217,20290215,20410913,20431225,20660412,20380205,20480501,20451208,20521226,20380101,20470603,20431102,20350502,20430309,20520501,20280228,20410225,20410520,20310101,20490415,20550416,20680420,20450529,20610408,20640404,20600216,20600216,20390919,20461224,20510501,20411225,20560126,20660409,20471224,20441230,20460323,20650317,20440418,20610602,,20660531,,20371102,20410716,20360128,20431225,20381007,20430501,20570518,20400507,20440101,20480514,20431228,20670401,,20611227,,,20270504,20350404,20390127,20391226,20390106,20540101,20400102,20560104,20530101,20470815,20511225
20561225,20450815,20600527,20530521,20420101,20420102,20290501,20540327,20440229,20541005,20470610,20420526,20310124,20371106,20261231,20390103,20201002,20451109,20291112,20400521,20411101,20490101,20430119,20480120,20671124,,20610530,20490802,20390519,20521129,20500827,20580604,20521226,20390502,,20430101,,20520306,20450801,20310501,20430101,20500126,20490430,20471224,20450803,20500214,20471002,20541225,20330817,20380817,20401225,20290216,20410916,20431231,20660503,20380518,20480625,20451225,20530101,20380309,20470815,20431111,20350515,20430327,20520815,20280413,20410409,20410624,20310102,20490416,20550421,20680423,20450704,20610530,20640526,20600416,20600416,20390923,20461225,20511103,20411226,20560306,20660531,20471225,20450120,20460326,20650318,20440421,20610629,,20661224,,20371120,20410815,20360129,20431231,20390103,20430810,20570613,20400524,20440106,20480525,20440101,20670404,,20620102,,,20270505,20350405,20390128,20391227,20390411,20540106,20400103,20560207,20530217,20471101,20511226
20561226,20450816,20600607,20530715,20420106,20420127,20290525,20540525,20440301,20541225,20470815,20420820,20310127,20371109,20270101,20390208,20201030,20451120,20291225,20400815,20411224,20490301,20430216,20480217,20671226,,20610704,20491004,20390520,20521225,20500828,20580605,20530101,20390606,,20430327,,20520419,20450907,20310528,20430210,20500127,20490503,20471225,20450804,20500314,20471003,20550101,20331021,20381027,20401226,20290424,20410927,20440101,20660531,20380531,20481225,20460101,20530404,20380423,20471101,20431116,20350815,20430330,20521101,20280414,20410418,20410701,20310103,20490916,20550617,20680425,20450904,20610704,20640704,20600531,20600531,20391010,20461226,20511106,20420101,20560331,20660705,20471226,20450220,20460514,20650923,20440526,20610815,,20661231,,20371225,20410918,20360130,20440101,20390124,20431112,20570809,20400906,20440415,20480604,20440126,20670425,,20620324,,,20270719,20350406,20390228,20400102,20390519,20540330,20400123,20560331,20530218,20471118,20520101
20570101,20451021,20610408,20530728,20420224,20420206,20290620,20540703,20440415,20541228,20471225,20421023,20310128,20371125,20270222,20390406,20201116,20451124,20291231,20401101,20411225,20490302,20430327,20480403,20680102,,20610905,20491227,20390530,20530101,20500829,20580606,20530127,20390801,,20430330,,20520422,20451225,20310624,20430211,20500128,20490902,20471226,20450904,20500408,20471029,20550419,20331222,20381028,20410101,20290501,20411023,20440129,20660830,20380601,20490101,20460322,20530407,20380610,20471225,20431126,20351012,20430608,20521225,20280501,20410419,20410902,20310106,20491102,20550907,20680611,20451009,20610905,20640901,20600705,20600705,20391103,20470101,20511110,20420404,20560403,20660906,20480101,20450221,20460702,20651227,20440606,20611101,,20670401,,20371231,20410919,20360409,20440129,20390125,20431225,20571225,20400924,20440418,20481224,20440415,20670613,,20620327,,,20270811,20350501,20390404,20400220,20390530,20540501,20400206,20560403,20530404,20471225,20520102
20570126,20451022,20610411,20530729,20420325,20420404,20290709,20540907,20440421,20550101,20471226,20421024,20310407,20371225,20270406,20390413,20201130,20451225,20300101,20401225,20411226,20490416,20430525,20480525,20680116,,20611124,20491228,20391226,20530120,20500917,20581218,20530404,20391031,,20430501,,20520520,20451226,20310701,20430212,20500401,20490903,20480101,20451113,20500411,20480101,20550428,20331223,20381029,20410321,20290515,20411204,20440201,20661227,20380607,20490208,20460323,20530505,20380624,20471226,20431225,20351101,20430925,20521226,20280505,20410501,20411014,20310107,20491115,20551012,20681225,20451123,20611124,20641127,20600906,20600906,20391123,20470411,20511128,20420407,20560425,20661125,20480403,20450407,20460806,20651228,20440617,20611208,,20670404,,20380101,20410920,20360501,20440201,20390126,20440101,20580101,20401224,20440526,20481225,20440418,20671226,,20620501,,,20270920,20350611,20390405,20400330,20390609,20540528,20400330,20560425,20530421,20471226,20520419
20570312,20451130,20610427,20531029,20420411,20420407,20290820,20541012,20440530,20550126,20480101,20421224,20310501,20380115,20270413,20390414,20201225,20460126,20300107,20401226,20420101,20490421,20430703,20480703,20680220,,20611226,20500103,20400329,20530404,20501127,20590101,20530407,20391226,,20430507,,20520617,20460101,20311001,20430327,20500502,20500103,20480106,20451225,20500412,20480423,20550527,20331226,20381101,20410419,20290528,20411225,20440301,20661228,20380831,20490419,20460501,20530526,20381005,20480101,20440101,20351109,20431103,20530101,20280508,20410612,20411111,20310108,20500207,20551102,20681226,20451225,20611226,20641225,20601125,20601125,20400102,20470412,20511208,20420501,20560605,20661224,20480406,20450421,20460807,20651229,20440801,20611226,,20670523,,20380125,20411031,20360505,20440301,20390127,20440201,20580124,20401225,20440606,20481231,20440425,20671227,,20620509,,,20270923,20350917,20390502,20400521,20390815,20541111,20400402,20560605,20530501,20480101,20520422
20570420,20451202,20610519,20540101,20420414,20420425,20291015,20541111,20440616,20550416,20480102,20421225,20310502,20380116,20270414,20390415,20210126,20460305,20300325,20410101,20420106,20490617,20430907,20480907,20680420,,20620102,20500126,20400330,20530526,20501130,20590211,20530425,20391227,,20430518,,20520701,20460102,20311002,20430330,20500503,20500124,20480403,20451226,20500425,20480501,20550607,20340301,20381102,20410422,20290604,20411226,20440413,20670103,20380916,20490427,20460629,20530825,20381101,20480403,20440118,20351206,20431225,20530106,20280612,20410821,20411225,20310310,20500321,20551115,20690101,20460101,20620102,20650101,20601224,20601224,20400103,20470415,20511225,20420508,20560925,20670117,20480501,20450501,20460808,20660304,20441226,20620106,,20671003,,20380308,20411101,20360606,20440413,20390128,20440415,20580125,20401226,20440624,20490101,20440613,20680102,,20620529,,,20271011,20351010,20390527,20400702,20391026,20541225,20400425,20561023,20530605,20480106,20520501
20570423,20451203,20610530,20540423,20420501,20420602,20291106,20541126,20440704,20550419,20480124,20421226,20310623,20380126,20270415,20390502,20210219,20460322,20300418,20410419,20420404,20490907,20431012,20481126,20680528,,20620116,20500314,20400402,20530704,20501203,20590302,20530505,20391228,,20430528,,20521111,20460323,20311024,20430406,20500902,20500125,20480406,20460101,20500613,20480519,20550705,20340322,20381224,20410501,20290724,20420101,20440505,20670401,20381027,20490625,20460830,20531225,20381201,20480406,20440201,20351225,20431228,20530407,20280821,20410826,20411226,20310501,20500407,20560214,,20460115,20620116,20650119,20610117,20610117,20400109,20470501,20520101,20420515,20561225,20670221,20480508,20450608,20461022,20660307,20450406,20620327,,20671226,,20380309,20411225,20360815,20440505,20390404,20440502,20580326,20410101,20441226,20490106,20440801,20680126,,20620828,,,20271103,20351231,20391003,20400806,20391101,20550101,20400604,20561225,20531225,20480406,20520530
20570425,20460101,20611226,20540501,20420602,20421027,20291119,20541225,20440905,20550426,20480403,20430101,20310624,20380215,20270503,20390504,20210311,20460323,20300419,20410422,20420407,20491012,20431111,20481225,20680704,,20620220,20500408,20400427,20530901,20510101,20590316,20530609,20400102,,20431224,,20521225,20460326,20311225,20430501,20500905,20500126,20480501,20460323,20501020,20480713,20551101,20340407,20381231,20410617,20290831,20420122,20440506,20670404,20381029,20491101,20461008,20531226,20381208,20480501,20440215,20360101,20440101,20530425,20280828,20410927,20420101,20310502,20500408,20560215,,20460219,20620220,20650216,20610221,20610221,20400223,20470517,20520109,20420526,20561226,20670401,20480706,20450907,20461225,20660308,20450407,20620425,,20680420,,20380421,20411231,20361003,20440506,20390405,20440512,20580412,20410304,20450106,20490416,20441003,20680420,,20621225,,,20271123,20360101,20391010,20400903,20391208,20550106,20401022,20561226,20531231,20480501,20520610
20570611,20460804,20620324,20540511,20420815,20421225,20291225,20550101,20440907,20550503,20480406,20430102,20311001,20380303,20270504,20390509,20210329,20460419,20300501,20410501,20420501,20491102,20431126,20490101,20680903,,20620324,20500411,20400510,20531111,20510610,20590317,20530725,20400319,,20431225,,20521226,20460501,20311226,20430611,20510102,20500127,20480514,20460525,20501226,20480714,20551115,20340419,20390105,20410809,20290917,20420123,20440606,20670502,20390105,20500208,20461101,20540101,20381224,20480514,20440321,20360107,20440126,20530501,20281101,20411101,20420102,20310509,20500916,20560331,,20460528,20620324,20650327,20610408,20610408,20400320,20470523,20520304,20420714,20570101,20670530,20480928,20451012,20461226,20660923,20450410,20620501,,20680423,,20380423,20420101,20361006,20440606,20390502,20440809,20580501,20410419,20450407,20490419,20441226,20680423,,20621226,,,20271231,20360125,20400102,20401008,20391226,20550419,20401225,20570101,20540101,20480604,20520801
20571001,20460805,20620327,20540519,20421028,20421226,20300101,20550118,20441010,20550811,20480501,20430327,20311002,20380401,20270520,20390603,20210401,20460501,20300603,20410530,20420508,20491115,20431225,20490118,20681122,,20620529,20500425,20400511,20531127,20510611,20590318,20530804,20400330,,20431231,,20530101,20460503,20320101,20430701,20510209,20500128,20480619,20460618,20501227,20480715,20560403,20340501,20390124,20410924,20291105,20420204,20440815,20670530,20390124,20500411,20461224,20540327,20390222,20480525,20440414,20360410,20440314,20530602,20281130,20411204,20420404,20310612,20501102,20560421,,20460704,20620529,20650525,20610530,20610530,20400430,20470603,20520305,20420815,20570126,20670704,20481028,20451102,20470101,20661216,20450420,20620602,,20680501,,20380624,20420404,20361009,20440815,20390527,20440824,20580507,20410422,20450410,20490527,20441227,20680425,,20630101,,,20280103,20360128,20400208,20401112,20400106,20550503,20401226,20570102,20540209,20480622,20521225
20571225,20461009,20620427,20540715,20421225,20430101,20300304,20550215,20441012,20551004,20480525,20430330,20311003,20380405,20270603,20390705,20210402,20460815,20300624,20410531,20420829,20491130,20440101,20490215,20681225,,20620704,20500530,20400521,20531128,20510612,20590521,20531225,20400402,,20440101,,20530127,20460514,20320211,20430918,20510210,20500401,20481224,20460802,20510102,20480918,20560412,20340518,20390126,20411216,20291225,20420305,20441003,20670829,20390125,20500427,20461225,20540330,20390408,20480623,20440415,20360411,20440415,20530815,20281208,20411224,20420519,20310613,20501121,20560501,,20460903,20620704,20650703,20610704,20610704,20400503,20471224,20520306,20421111,20570305,20670905,20481117,20451115,20470304,20661219,20450501,20620629,,20680611,,20380709,20420501,20361225,20441003,20391003,20441020,20580603,20410501,20450501,20490607,20450102,20680611,,20630413,,,20280110,20360129,20400209,20401225,20400402,20550617,20410101,20570206,20540210,20480805,20521226
20571226,20461010,20620504,20540716,20421226,20430102,20300305,20550416,20441102,20551227,20480601,20430501,20311006,20380414,20270719,20390728,20210413,20460903,20300701,20410610,20420901,20491231,20440118,20490416,20690101,,20620904,20500613,20400605,20531225,20510816,20590522,20531226,20400507,,20440415,,20530219,20460801,20320212,20431001,20510213,20500502,20481225,20460803,20510126,20480921,20560417,20340530,20390325,20411225,20300101,20420501,20441004,20671226,20390126,20500502,20470101,20540504,20390425,20481225,20440530,20360501,20440418,20531208,20281225,20411225,20420624,20311103,20501212,20560601,,20461008,20620904,20650907,20610905,20610905,20400504,20471225,20520419,20421225,20570420,20671124,20481224,20451120,20470311,20661220,20450518,20620815,,20681003,,20380907,20420521,20370101,20441004,20391004,20441031,20580809,20410506,20450518,20490617,20450126,20681225,,20630416,,,20280211,20360130,20400210,20401226,20400501,20551101,20410102,20570420,20540327,20481118,20530101
20580101,20461011,20620515,20540717,20430101,20430126,20300402,20550531,20441111,20551228,20481130,20430518,20311007,20380417,20270728,20390812,20210414,20461002,20300807,20410815,20420915,20500221,20440215,20490531,,,20621123,20500801,20401224,20540101,20510817,20591218,20540101,20400604,,20440418,,20530404,20460906,20320213,20431012,20510214,20500503,20490101,20460903,20510213,20481029,20560501,20340601,20390406,20411226,20300121,20420505,20441005,20671227,20390201,20500815,20470411,20540525,20390609,20490101,20440704,20360502,20440425,20531225,20290101,20411230,20420701,20311104,20510206,20560907,,20461112,20621123,20651126,20611124,20611124,20400716,20471226,20520501,20421226,20570423,20671226,20481225,20451225,20470412,20670223,20450529,20621101,,20681224,,20381012,20420716,20370216,20441005,20391005,20441226,20581115,20410524,20450606,20491101,20450407,20681226,,20630507,,,20280223,20360131,20400213,20410101,20400510,20551111,20410121,20570423,20540421,20481225,20530102
20580128,20461031,20621225,20541029,20430106,20430206,20300418,20550705,20441115,20560103,20481201,20430820,20311008,20380423,20270812,20391013,20210421,20461008,20300819,20411101,20421117,20500222,20440415,20490705,,,20621225,20501003,20401225,20540119,20510906,20600101,20540126,20400806,,20440526,,20530407,20461225,20320326,20431225,20510215,20500902,20490106,20461112,20510313,20490101,20560511,20340602,20390408,20420101,20300122,20420602,20441006,20680102,20390406,20501031,20470412,20540831,20390610,20490416,20440905,20360515,20440613,20531226,20290213,20411231,20420901,20320101,20510320,20561012,,20461122,20621225,20651225,20611226,20611226,20400917,20480101,20521104,20430101,20570425,20680102,20490101,20451229,20470415,20670224,20450807,20621208,,20681225,,20381102,20420815,20370217,20441006,20391006,20450102,20581225,20410906,20450623,20491224,20450410,20690101,,20630509,,,20280320,20360201,20400214,20410218,20400521,20560106,20410206,20570425,20540501,20490101,20530404
20580311,20461202,20621226,20550101,20430316,20430327,20300419,20550906,20441124,20560126,20481225,20430821,20320101,20380501,20271013,20391024,20210501,20461011,20301014,20411111,20421224,20500408,20440530,20490906,,,20630101,20501226,20401226,20540327,20511116,20600210,20540327,20401029,,20440606,,20530519,20461226,20320329,20440101,20510420,20500905,20490416,20461225,20510331,20490423,20560522,20340817,20390519,20420321,20300201,20420901,20441230,20680420,20390502,20501101,20470501,20541225,20390613,20490419,20440916,20360725,20440930,20540101,20290215,20420101,20421013,20320102,20510330,20561102,,20461225,20630101,20660101,20620102,20620102,20401008,20480402,20521105,20430327,20570604,20680116,20490416,20460101,20470603,20670227,20451225,20621225,,20681226,,20381115,20420918,20370304,20441230,20391007,20450217,20590101,20410923,20451225,20491231,20450425,,,20630528,,,20280503,20360228,20400215,20410419,20400531,20560403,20410419,20570604,20540528,20490106,20530407
20580412,20461203,20630101,20550423,20430325,20430330,20300501,20551011,20441226,20560331,20490101,20431023,20320102,20380507,20271025,20391205,20210514,20461030,20301104,20411225,20421225,20500421,20440704,20491125,,,20630115,20501227,20401231,20540525,20511130,20600304,20540330,20401225,,20440616,,20530616,20461231,20320405,20440201,20510421,20510102,20490419,20461226,20510403,20490519,20560623,20341010,20390601,20420404,20300204,20420902,20450216,20680423,20390530,20501226,20470729,20541228,20390815,20490527,20441010,20360815,20441101,20540106,20290329,20420122,20421111,20320105,20510331,20561115,,20470101,20630115,20660118,20620116,20620116,20401123,20480403,20521111,20430330,20570924,20680220,20490419,20460205,20470701,20670922,20451226,20621226,,20681231,,20381231,20420919,20370501,20450216,20400102,20450407,20590212,20411224,20451226,20500106,20450612,,,20630827,,,20280504,20360229,20400216,20410520,20400815,20560501,20410422,20571022,20540907,20490419,20530501
20580415,20470101,20630413,20550428,20430501,20430427,20300617,20551111,20450102,20560403,20490423,20431224,20320210,20380902,20271206,20391212,20210526,20461109,20301111,20411226,20421226,20500609,20440905,20491224,,,20630219,20510102,20410101,20540703,20511202,20600307,20540504,20401226,,20441003,,20530707,20470101,20320517,20440202,20510501,20510209,20490527,20470101,20510404,20490701,20560807,20341211,20390817,20420407,20300205,20420916,20450217,20680507,20390531,20510102,20470830,20550101,20391005,20490607,20441102,20361110,20441226,20540330,20290330,20420225,20421225,20320106,20510501,20561225,,20470121,20630219,20660215,20620220,20620220,20401231,20480406,20521128,20430501,20571225,20680420,20490705,20460206,20470805,20671207,20460101,20630101,,20690101,,20390125,20421031,20370505,20450217,20400213,20450501,20590213,20411225,20460101,20500408,20450807,,,20631225,,,20280505,20360403,20400217,20410701,20401026,20560503,20410425,20571225,20541012,20490617,20530515
20580425,20470108,20630416,20550429,20430504,20430601,20300620,20551125,20450116,20560425,20490426,20431225,20320211,20380928,20271210,20400102,20210721,20461113,20301225,20420101,20430101,20500907,20441010,20500117,,,20630413,20510126,20410418,20540907,20511203,20600308,20540608,20401227,,20441226,,20531110,20470102,20320701,20440404,20510502,20510210,20490625,20470412,20510425,20490702,20560815,20341212,20390818,20420428,20300206,20420917,20450301,20680528,20390606,20510208,20471008,20550416,20391101,20490623,20441111,20361208,20441227,20540501,20290409,20420403,20421226,20320107,20511102,20570101,,20470218,20630413,20660409,20620324,20620324,20410101,20480501,20521209,20430507,20571226,20680528,20490706,20460323,20470806,20671208,20460322,20630416,,,,20390221,20421208,20370522,20450301,20400214,20450531,20590328,20411226,20460323,20500411,20451002,,,20631226,,,20280717,20360404,20400227,20410805,20401101,20560601,20410603,20571226,20541102,20490622,20530526
20580610,20470724,20630427,20550430,20430622,20431026,20300709,20551224,20450220,20560501,20490601,20440101,20320212,20381002,20271231,20400227,20210816,20461225,20301231,20420404,20430106,20501012,20441111,20500221,,,20630528,20510313,20410419,20541103,20520101,20600509,20540724,20410101,,20450407,,20531225,20470412,20320920,20440415,20510904,20510213,20491206,20470524,20510612,20490715,20560922,20341213,20391017,20420501,20300207,20420918,20450501,20680827,20390831,20510403,20471101,20550419,20391201,20491101,20441121,20361225,20450102,20540602,20290424,20420404,20430101,20320108,20511120,20570305,,20470527,20630528,20660531,20620529,20620529,20410102,20480514,20521225,20430508,20580101,20680704,20490928,20460423,20470807,20671211,20460323,20630425,,,,20390222,20421225,20370923,20450501,20400215,20450809,20590501,20420101,20460326,20500519,20451225,,,20640101,,,20280811,20360501,20400228,20410902,20401224,20560815,20411028,20580101,20541225,20490805,20530801
20581007,20470725,20630524,20550519,20431028,20431225,20300819,20560117,20450221,20560816,20490614,20440314,20320213,20381006,20280103,20400406,20210819,20470222,20310101,20420407,20430327,20501102,20441124,20500408,,,20630704,20510331,20410422,20541111,20520529,20600510,20540803,20410318,,20450410,,20531226,20470415,20321001,20440418,20510905,20510214,20491224,20470617,20511026,20490830,20561101,20341214,20391018,20420616,20300501,20421111,20450505,20681225,20390916,20510427,20471225,20550503,20391208,20500408,20441124,20370101,20450126,20541208,20290501,20420409,20430102,20320109,20511212,20570306,,20470704,20630704,20660705,20620704,20620704,20410103,20480525,20530101,20430518,20580128,20680903,20491028,20460501,20471021,20680212,20460326,20630501,,,,20390408,20421231,20370924,20450505,20400216,20450814,20590522,20420303,20460501,20500530,20451226,,,20640404,,,20280918,20360530,20400403,20411014,20401225,20561101,20411225,20580102,20541231,20491101,20531225
20581225,20470929,20630604,20550705,20431225,20431228,20301014,20560221,20450407,20561002,20491130,20440315,20320216,20381007,20280210,20400413,20210910,20470312,20310106,20420501,20430330,20501115,20441226,20500530,,,20630903,20510403,20410517,20541126,20520530,20600511,20541225,20410419,,20450501,,20540101,20470501,20321012,20440502,20520101,20510215,20500106,20470801,20511225,20490908,20561115,20341215,20391019,20420924,20300516,20421124,20450524,20681226,20391005,20510501,20480101,20550531,20400214,20500411,20441212,20370106,20450313,20541225,20290612,20420501,20430327,20320223,20511225,20570420,,20470902,20630903,20660906,20620904,20620904,20410114,20481224,20530109,20430714,20580304,20681122,20491117,20460524,20471225,20680213,20460419,20630629,,,,20390421,20430101,20370925,20450524,20400217,20451108,20590526,20420411,20460503,20500609,20460101,,,20640407,,,20280922,20361003,20400404,20411111,20401226,20561225,20411226,20580206,20550101,20491118,20531226
20581226,20470930,20631225,20550706,20440101,20440101,20301106,20560331,20450421,20561225,20491201,20440415,20320405,20381013,20280406,20400416,20211002,20470404,20310324,20420515,20430501,20501130,20450102,20500704,,,20631122,20510425,20410530,20541127,20520804,20601219,20541228,20410422,,20450518,,20540126,20470523,20321227,20440505,20520129,20510420,20500408,20470802,20511226,20490909,20561225,20341225,20391020,20421216,20300603,20421215,20450606,20690101,20391019,20510502,20480402,20550830,20400330,20500509,20441226,20370319,20450407,20550101,20290821,20420612,20430518,20320308,20520101,20570501,,20471014,20631122,20661125,20621123,20621123,20410211,20481225,20530217,20431111,20580412,20681225,20491224,20460907,20471226,20680214,20460501,20630815,,,,20390609,20430327,20371009,20450606,20400404,20451225,20591104,20420414,20460606,20501003,20460126,,,20640505,,,20281009,20361010,20400501,20411225,20410101,20561226,20420101,20580412,20550301,20500106,20540101
20590101,20471001,20631226,20550707,20440106,20440104,20301118,20560529,20450501,20561226,20500124,20440418,20320503,20381027,20280413,20400501,20211015,20470408,20310410,20420516,20430508,20501230,20450116,20500905,,,20631225,20510529,20410531,20541225,20520805,20610208,20550101,20410506,,20450529,,20540211,20470603,20330131,20440531,20520130,20510421,20500411,20470902,20520101,20490910,20570101,20341226,20391021,20421225,20300916,20421225,20450815,,20391020,20510815,20480403,20551227,20400425,20500519,20450102,20370402,20450410,20550106,20290827,20420821,20430624,20320503,20520205,20570621,,20471111,20631225,20661224,20621225,20621225,20410320,20490101,20530218,20431225,20580415,20690101,20500408,20461012,20480101,20680923,20460503,20631101,,,,20390907,20430501,20371225,20450815,20400430,20460101,20591225,20420501,20460622,20501101,20460323,,,20640509,,,20281103,20370101,20400614,20411226,20410422,20570101,20420102,20580415,20550302,20500411,20540102
20590127,20471020,20640101,20550708,20440307,20440201,20301225,20560704,20450529,20570101,20500415,20440606,20320614,20381028,20280414,20400504,20211019,20470412,20310411,20420526,20430901,20510213,20450220,20501124,,,20640101,20510612,20410605,20550101,20520806,20610221,20550126,20410603,,20450608,,20540327,20470801,20330201,20440701,20520131,20510501,20500519,20471111,20520126,20491029,20570405,20350101,20391226,20421226,20301225,20430101,20450925,,20391115,20511031,20480501,20551228,20400501,20500530,20450116,20370403,20450425,20550419,20291101,20420825,20430701,20320504,20520318,20570907,,20471128,20640101,20670117,20630101,20630101,20410429,20490415,20530219,20440101,20580425,,20500411,20461102,20480302,20681125,20460514,20631225,,,,20391012,20430521,20380101,20450925,20400501,20460206,20600101,20420506,20461224,20501226,20460326,,,20640526,,,20281123,20370102,20400615,20420101,20410501,20570423,20420120,20580425,20550416,20500530,20540327
20590310,20471130,20640404,20550715,20440325,20440208,20310101,20560904,20450608,20570126,20500418,20441031,20320920,20381030,20280501,20400525,20211104,20470501,20310501,20420721,20430915,20510214,20450529,20501226,,,20640121,20510807,20410610,20550118,20520826,20610222,20550416,20410805,,20451003,,20540330,20470905,20330202,20441006,20520201,20510502,20500624,20471225,20520212,20500519,20570423,20350208,20400314,20430101,20310101,20430126,20450926,,20391226,20511101,20480629,20560103,20400531,20500623,20450206,20370501,20450612,20550602,20291130,20420916,20430907,20320510,20520418,20571012,,20471225,20640121,20670221,20630115,20630115,20410503,20490416,20530404,20440415,20580603,,20500705,20461115,20480309,20681126,20460806,20631226,,,,20391102,20430629,20380203,20450926,20400614,20460207,20600202,20420526,20461225,20510106,20460425,,,20640825,,,20290101,20370213,20400920,20420217,20410530,20570501,20420206,20580603,20550421,20500609,20540330
20590328,20471202,20640407,20550830,20440422,20440415,20310224,20561009,20450704,20570420,20500601,20441101,20321001,20381101,20280504,20400604,20211105,20470725,20310526,20420815,20431117,20510331,20450704,20510102,,,20640218,20511002,20411224,20550416,20521104,20610223,20550419,20411028,,20451225,,20540518,20471225,20330404,20441226,20520202,20510904,20501206,20471226,20520311,20500620,20570501,20350219,20400330,20430327,20310123,20430202,20450927,,20391227,20511225,20480728,20560331,20400613,20500815,20450220,20370515,20450929,20551101,20291224,20421124,20431012,20320614,20520419,20571102,,20480101,20640218,20670401,20630219,20630219,20410506,20490419,20530501,20440418,20580930,,20500706,20461120,20480403,20681127,20461224,20640101,,,,20391115,20430716,20380204,20450927,20400615,20460323,20600203,20420908,20461226,20510331,20460611,,,20641225,,,20290102,20370216,20400921,20420404,20410610,20570503,20420404,20581028,20550617,20500622,20540501
20590331,20471203,20640515,20551029,20440425,20440418,20310225,20561123,20450904,20570423,20500606,20441226,20321004,20381115,20280508,20400723,20211119,20470815,20310616,20421111,20431224,20510421,20450904,20510116,,,20640404,20511225,20411225,20550531,20521130,20610224,20550426,20411225,,20451226,,20540615,20471226,20330415,20441227,20520205,20510905,20501226,20480101,20520419,20500621,20570531,20350323,20400501,20430330,20310124,20430210,20451003,,20400102,20511226,20480729,20560403,20400815,20501101,20450320,20370604,20451107,20551208,20291225,20421208,20431111,20321104,20520501,20571115,,20480120,20640404,20670530,20630413,20630413,20410715,20490517,20531103,20440526,20581225,,20500928,20461225,20480406,,20461225,20640407,,,,20391230,20430918,20380205,20451003,20400920,20460501,20600304,20420922,20461231,20510403,20460806,,,20641226,,,20290103,20370217,20401010,20420519,20410620,20570621,20420407,20581225,20550907,20500805,20540507
20590425,20471229,20640526,20560417,20440613,20440425,20310324,20561225,20450907,20570425,20500815,20450315,20321005,20390106,20280605,20400730,20220126,20471001,20310623,20421225,20431225,20510501,20451009,20510220,,,20640526,20511226,20411226,20550705,20521202,20610306,20550503,20411226,,20460101,,20540706,20471231,20330418,20450102,20520408,20520101,20510106,20480403,20520422,20500622,20570611,20350409,20400510,20430427,20310127,20430211,20451009,,20400116,20520101,20481008,20560501,20401005,20501226,20450406,20371012,20451225,20560106,20291231,20421224,20431225,20321105,20520916,20571225,,20480217,20640526,20670704,20630528,20630528,20410812,20490527,20531104,20440606,20581226,,20501028,20461231,20480525,,20461226,20640425,,,,20400125,20431012,20380301,20451009,20400921,20460521,20600416,20421224,20470101,20510501,20461001,,,20650101,,,20290108,20370218,20401231,20420701,20410815,20570815,20420425,20581226,20551012,20500815,20540518
20590609,20480101,20641225,20560418,20440815,20440606,20310402,20570101,20451009,20570507,20501130,20450407,20321006,20390115,20280706,20400813,20220219,20471002,20310630,20421226,20440101,20510601,20451123,20510331,,,20640704,20520101,20411231,20550906,20521203,20610501,20550614,20411227,,20460323,,20541109,20480101,20330502,20450217,20520409,20520129,20510331,20480529,20520423,20500715,20570612,20350501,20400601,20430501,20310206,20430223,20451225,,20400201,20520102,20481208,20560529,20401101,20510331,20450407,20371109,20451226,20560403,20300101,20421225,20431228,20330103,20521118,20580101,,20480525,20640704,20670905,20630704,20630704,20410916,20490607,20531105,20440714,20590101,,20501117,20470101,20480629,,20470101,20640501,,,,20400213,20431208,20380505,20451225,20401001,20460809,20600511,20421225,20470412,20510511,20461225,,,20650327,,,20290212,20370219,20410101,20420804,20411101,20571101,20420602,20590101,20551102,20501101,20541225
20591006,20480711,20641226,20560501,20441028,20441024,20310410,20570115,20451012,20570815,20501201,20450410,20321007,20390126,20280728,20401015,20220301,20471030,20310807,20430101,20440106,20510907,20451225,20510529,,,20640901,20520126,20420101,20551111,20530101,20610502,20550723,20420101,,20460326,,20541225,20480102,20330506,20450220,20520429,20520130,20510403,20480615,20520425,20500829,20570807,20350503,20400806,20430616,20310403,20430501,20451229,,20400213,20520208,20481225,20560828,20401224,20510403,20450501,20371208,20460101,20560425,20300205,20421226,20440101,20330104,20521212,20580225,,20480907,20640901,20671124,20630903,20630903,20410923,20491224,20531110,20440815,20590127,,20501226,20470225,20480803,,20470411,20640602,,,,20400214,20431225,20380511,20451229,20401002,20461010,20600514,20421226,20470415,20510522,20461226,,,20650330,,,20290223,20370220,20410128,20420901,20411224,20571225,20421027,20590102,20551115,20501118,20550101
20591225,20480712,20650101,20560519,20441226,20441226,20310411,20570219,20451102,20571001,20501226,20450501,20330103,20390204,20280814,20401023,20220318,20471225,20310818,20430327,20440415,20511012,20460101,20510704,,,20641127,20520311,20420403,20551125,20530519,20610503,20550802,20420317,,20460501,,20541228,20480403,20330601,20450404,20520430,20520131,20510501,20480730,20520610,20500830,20570815,20350522,20400817,20430810,20310423,20430601,20460101,,20400214,20520422,20490101,20561225,20401225,20510501,20450529,20371225,20460126,20560501,20300225,20421230,20440104,20330105,20521225,20580226,,20481012,20641127,20671226,20631122,20631122,20411014,20500407,20531128,20441101,20590303,,20510331,20470226,20480804,,20470412,20640815,,,,20400330,20431231,20380602,20460101,20401003,20461029,20600809,20430101,20470501,20510601,20470101,,,20650504,,,20290320,20370227,20410129,20421013,20411225,20571226,20421225,20590206,20551231,20501226,20550416
20591226,20480713,20650327,20560623,20450106,20441227,20310501,20570420,20451115,20571225,20510102,20450529,20330131,20390221,20281013,20401205,20220401,20480212,20311013,20430330,20440418,20511102,20460115,20510904,,,20641225,20520419,20420404,20551126,20530520,20610504,20551227,20420404,,20460503,,20550101,20480406,20330701,20450407,20520501,20520201,20510511,20480731,20521024,20500831,20570911,20350601,20401008,20430924,20310501,20430831,20460205,,20400326,20520501,20490415,20561226,20410101,20510509,20450704,20380101,20460312,20560602,20300409,20421231,20440415,20330106,20530101,20580412,,20481111,20641225,20680102,20631225,20631225,20411104,20500408,20531208,20441111,20590328,,20510403,20470412,20480805,,20470415,20641208,,,,20400501,20440101,20380913,20460205,20401004,20461225,20610121,20430303,20470523,20511003,20470128,,,20650525,,,20290430,20370402,20410130,20421111,20411226,20580101,20421226,20590328,20560214,20510106,20550419
20600101,20480714,20650330,20560626,20450220,20450102,20310616,20570528,20451123,20571226,20510124,20451023,20330201,20390325,20281023,20401210,20220402,20480403,20311103,20430501,20440705,20511115,20460219,20511123,,,20650101,20520422,20420407,20551224,20530521,20610505,20551228,20420407,,20460514,,20550125,20480501,20330909,20450410,20520902,20520202,20510623,20480907,20521225,20510501,20571101,20350817,20401009,20431216,20310506,20430907,20460206,,20400501,20520502,20490416,20570101,20410305,20510511,20450904,20380106,20460323,20560815,20300412,20430101,20440523,20330107,20530203,20580501,,20481126,20650101,20680116,20640101,20640101,20411231,20500411,20531225,20441226,20590331,,20510501,20470423,20481019,,20470425,20641225,,,,20400531,20440415,20380914,20460206,20401005,20470101,20610222,20430501,20470606,20511101,20470412,,,20650831,,,20290503,20370403,20410131,20421225,20420101,20580415,20430101,20590331,20560215,20510403,20550527
20600126,20480919,20650427,20560830,20450407,20450103,20310620,20570704,20451225,20580101,20510501,20451101,20330202,20390401,20281205,20401231,20220414,20480414,20311117,20430507,20440829,20511130,20460323,20511225,,,20650119,20520425,20420502,20551231,20530726,20611218,20560103,20420505,,20460524,,20550303,20480514,20331226,20450501,20520903,20520205,20511206,20481111,20521226,20510519,20571115,20351130,20401010,20431225,20310602,20430916,20460207,,20400525,20520625,20490629,20570420,20410419,20510522,20451009,20380319,20460326,20561101,20300418,20430102,20440624,20330110,20530317,20580613,,20481225,20650119,20680220,20640121,20640121,20420101,20500517,20540101,20450407,20590425,,20510508,20470501,20481225,,20470501,20641226,,,,20400709,20440627,20380915,20460207,20401231,20470128,20610408,20430504,20470621,20511225,20470415,,,20651225,,,20290504,20370501,20410201,20421226,20420106,20580501,20430102,20590425,20560331,20510501,20550607
20600308,20480920,20650505,20570101,20450410,20450130,20310709,20570903,20460101,20580128,20510505,20451225,20330203,20390407,20281211,20410101,20220415,20480422,20311208,20430508,20440901,20511225,20460528,20520101,,,20650216,20520527,20420515,20560117,20530727,20620101,20560126,20420602,,20461003,,20550416,20480525,20331227,20450524,20530101,20520408,20511225,20481225,20530101,20510612,20571225,20351203,20401224,20440101,20310702,20431112,20460301,,20400530,20520815,20490728,20570423,20410425,20510623,20451102,20380422,20460425,20561208,20300419,20430210,20440701,20330223,20530403,20581115,,20490101,20650216,20680420,20640218,20640218,20420102,20500519,20540109,20450410,20590602,,20510705,20470613,20481228,,20470523,20650101,,,,20400907,20440815,20390124,20460301,20410101,20470412,20610502,20430506,20471224,20511226,20470425,,,20651228,,,20290716,20370618,20410204,20430101,20420407,20580503,20430119,20590602,20560421,20510530,20560331
20600416,20481130,20650507,20570405,20450501,20450206,20310818,20571008,20460115,20580412,20510508,20451226,20330204,20390408,20290101,20410215,20220503,20480501,20311225,20430518,20440915,20511229,20460704,20520115,,,20650327,20520610,20420516,20560331,20531130,20620212,20560331,20420804,,20461224,,20550419,20480910,20340102,20450619,20530217,20520409,20511226,20481228,20530127,20510817,20580101,20351204,20401225,20440321,20310901,20431203,20460501,,20400531,20521031,20490729,20570507,20410501,20510815,20451120,20380423,20460611,20561225,20300501,20430225,20440905,20330307,20530404,20581225,,20490118,20650327,20680528,20640404,20640404,20420103,20500530,20540209,20450501,20590929,,20510706,20471115,20490101,,20470603,20650106,,,,20401012,20440919,20390125,20460501,20410131,20470501,20610504,20430525,20471225,20520101,20470610,,,20660101,,,20290917,20370619,20410205,20430216,20420501,20580613,20430206,20591027,20560501,20510601,20560403
20600419,20481202,20650518,20570406,20450529,20450407,20311013,20571112,20460205,20580415,20510601,20460101,20330404,20390414,20290102,20410408,20220516,20480713,20311231,20430721,20441101,20520101,20460903,20520219,,,20650525,20520805,20420526,20560529,20531202,20620213,20560403,20421027,,20461225,,20550517,20481225,20340220,20450926,20530218,20520429,20520101,20490101,20530210,20510818,20580322,20351224,20401231,20440415,20310916,20431225,20460507,,20400604,20521101,20490830,20570528,20410610,20511101,20451123,20380624,20460928,20561226,20300612,20430326,20441010,20330308,20530501,20590101,,20490215,20650525,20680704,20640526,20640526,20420113,20501226,20540210,20450508,20591225,,20510928,20471120,20490301,,20470617,20650330,,,,20401102,20441010,20390126,20460507,20410201,20470509,20610809,20430907,20471226,20520419,20470805,,,20660409,,,20290924,20370924,20410228,20430327,20420515,20580815,20430327,20591225,20560601,20510622,20560501
20600426,20481203,20651225,20570423,20450815,20450410,20311106,20571122,20460206,20580425,20510626,20460315,20330502,20390426,20290227,20410415,20220809,20480911,20320101,20431111,20441117,20520304,20461008,20520419,,,20650703,20521007,20420605,20560704,20531203,20620214,20560425,20421225,,20461226,,20550614,20481231,20340221,20451002,20530219,20520430,20520419,20490416,20530310,20510830,20580325,20351225,20410101,20440418,20311114,20440101,20460606,,20400831,20521225,20491008,20570827,20410613,20511225,20451212,20381012,20461106,20570101,20300821,20430327,20441111,20330502,20530916,20590210,,20490531,20650703,20680903,20640704,20640704,20420211,20510330,20540211,20450518,20591226,,20511117,20471225,20490308,,20470805,20650501,,,,20401115,20441031,20390301,20460606,20410204,20470724,20611111,20430922,20471231,20520422,20471007,,,20660412,,,20291008,20370925,20410301,20430518,20420526,20581101,20430330,20591226,20560907,20510815,20560511
20600614,20490701,20660101,20570501,20451225,20450425,20311124,20571225,20460219,20580506,20510815,20460316,20330601,20390815,20290406,20410416,20220815,20481002,20320112,20431225,20441226,20520305,20461112,20520527,,,20650907,20521225,20421224,20560904,20540101,20620305,20560501,20421226,,20461231,,20550705,20490101,20340222,20451018,20530220,20520501,20520422,20490528,20530404,20520101,20580415,20360101,20410104,20440427,20311225,20440201,20460613,,20400917,20521226,20491101,20571225,20410620,20511226,20451225,20381101,20461225,20570423,20300826,20430409,20441226,20330503,20531117,20590211,,20490705,20650907,20681122,20640901,20640901,20420224,20510331,20540327,20450529,20600101,,20511225,20471231,20490416,,20471224,20650602,,,,20401120,20441101,20390505,20460613,20410205,20470809,20611226,20431224,20480101,20520501,20471225,,,20660503,,,20291123,20371009,20410404,20430701,20420605,20581111,20430427,20600101,20561012,20511101,20560522
20601004,20490703,20660409,20570613,20451226,20450605,20311208,20580101,20460323,20580814,20511130,20460323,20330908,20390823,20290413,20410501,20220816,20481016,20320322,20440101,20450106,20520419,20461122,20520704,,,20651126,20521226,20421225,20561107,20540509,20620419,20560612,20421229,,20470101,,20551115,20490416,20340405,20451225,20530221,20520902,20520501,20490621,20530407,20520423,20580501,20360128,20410201,20440502,20320101,20440202,20460815,,20400924,20530101,20491208,20571226,20410815,20520101,20460101,20381109,20461226,20570425,20301101,20430501,20441227,20330509,20531212,20590328,,20490906,20651126,20681225,20641127,20641127,20420320,20510403,20540501,20450714,20600126,,20511226,20480101,20490419,,20471225,20650629,,,,20401225,20441208,20390606,20460815,20410206,20470930,20620102,20431225,20480106,20520530,20471226,,,20660531,,,20291231,20380101,20410405,20430803,20420815,20581225,20430601,20600102,20561102,20511225,20560801
20601227,20490907,20660412,20570614,20460101,20451023,20311225,20580121,20460501,20581007,20511201,20460326,20330909,20391020,20290416,20410506,20220831,20481019,20320325,20440415,20450407,20520501,20461225,20520902,,,20651225,20530101,20421226,20561110,20540510,20620420,20560728,20430101,,20470412,,20551227,20490419,20340407,20451226,20530428,20520903,20520530,20490729,20530408,20520501,20580523,20360208,20410315,20440616,20320102,20440211,20460914,,20401008,20530102,20500407,20580101,20411101,20520419,20460115,20381206,20470101,20570501,20301224,20430511,20450102,20330613,20531225,20590421,,20491011,20651225,20690101,20641225,20641225,20420429,20510501,20540701,20450815,20600301,,20520101,20480120,20490607,,20471226,20651208,,,,20401231,20450102,20390815,20460914,20410404,20471018,20620209,20431228,20480403,20520610,20480101,,,20660830,,,20300101,20380201,20410501,20430907,20421208,20581226,20431026,20600206,20561115,20511226,20561225
20601228,20490908,20660427,20570615,20460312,20451225,20311226,20580218,20460524,20581225,20511225,20460430,20331003,20391025,20290501,20410514,20221004,20481120,20320326,20440418,20450410,20520620,20470101,20521128,,,20660101,20530127,20421231,20561123,20540511,20621218,20560807,20430317,,20470415,,20551228,20490527,20340410,20460101,20530429,20530101,20520621,20490730,20530425,20520529,20580603,20360228,20410402,20440809,20320114,20440212,20460917,,20401009,20530407,20500408,20580412,20411224,20520422,20460205,20381208,20470128,20570815,20301225,20430612,20450103,20331104,20540101,20590501,,20491111,20660101,,20650101,20650101,20420505,20510511,20541103,20451101,20600416,,20520419,20480217,20490702,,20480101,20651225,,,,20410101,20450407,20391003,20460917,20410405,20471225,20620210,20440101,20480406,20520620,20480127,,,20661227,,,20300102,20380202,20410603,20431012,20421224,20590101,20431225,20600416,20561225,20520101,20561226
20610103,20490909,20660520,20570830,20460427,20451226,20320101,20580412,20460528,20581226,20511226,20460501,20331004,20391026,20290504,20410603,20221024,20481225,20320510,20440526,20450501,20521115,20470121,20521225,,,20660118,20530310,20430101,20561124,20540714,20630101,20561225,20430327,,20470501,,20560103,20490607,20340501,20460206,20530430,20530217,20521206,20490906,20530609,20520530,20580807,20360328,20410419,20441216,20320115,20440502,20461003,,20401225,20530501,20500629,20580415,20411225,20520501,20460219,20390106,20470311,20571101,20301230,20430821,20450407,20340102,20540202,20590529,,20491125,20660118,,20650119,20650119,20420506,20510517,20541104,20451225,20600419,,20520422,20480218,20490802,,20480402,20660101,,,,20410125,20450501,20391004,20461003,20410501,20480101,20620324,20440303,20480501,20521003,20480403,,,20661228,,,20300103,20380203,20410909,20431111,20421225,20590106,20431228,20600419,20561229,20520422,20570101
20610126,20490928,20660531,20571029,20460430,20460101,20320209,20580527,20460704,20590101,20520101,20460514,20331005,20391031,20290528,20410715,20221026,20490126,20320531,20440527,20450508,20521225,20470218,20530101,,,20660215,20530404,20430326,20561225,20540715,20630131,20561226,20430330,,20470523,,20560124,20490909,20340525,20460207,20530501,20530218,20521224,20491111,20531023,20520531,20580815,20360411,20410501,20441226,20320127,20440512,20461009,,20410101,20530502,20500728,20580506,20420101,20520509,20460319,20390407,20470412,20571225,20301231,20430831,20450522,20340103,20540316,20591225,,20500117,20660215,,20650216,20650216,20420721,20510522,20541105,20451226,20600426,,20520501,20480403,20490803,,20480403,20660106,,,,20410304,20450626,20391005,20461009,20410603,20480214,20620420,20440422,20480514,20521101,20480406,,,20670103,,,20300114,20380204,20410910,20431225,20421226,20590331,20440101,20600426,20570101,20520501,20570102
20610314,20491130,20670401,20580101,20460501,20460102,20320210,20580704,20460903,20590127,20520102,20460820,20331006,20391101,20290604,20410729,20221108,20490302,20320607,20440606,20450705,20521231,20470412,20530120,,,20660409,20530407,20430327,20570101,20540716,20630201,20570101,20430504,,20470603,,20560216,20491231,20340620,20460208,20530502,20530219,20521225,20491227,20531225,20520715,20581101,20360501,20410516,20450102,20320202,20440606,20461225,,20410104,20530625,20500729,20580527,20420218,20520530,20460322,20390408,20470415,20571226,20310101,20430904,20450626,20340104,20540326,20600101,,20500221,20660409,,20650327,20650327,20420811,20511225,20541110,20460101,20600607,,20520508,20480421,20490804,,20480406,20660412,,,,20410305,20450815,20400213,20461225,20410909,20480403,20620501,20440425,20480619,20521224,20480608,,,20670401,,,20300211,20380205,20411010,20431228,20430101,20590501,20440104,20600607,20570305,20520530,20570420
20610408,20491202,20670404,20580325,20460618,20460129,20320324,20580902,20460907,20590328,20520124,20461022,20331007,20391115,20290725,20410812,20230126,20490414,20320705,20440721,20450829,20530101,20470527,20530217,,,20660531,20530425,20430330,20570115,20540805,20630213,20570126,20430601,,20470613,,20560331,20500408,20340928,20460323,20530901,20530220,20521226,20491228,20531226,20520805,20581115,20360509,20410530,20450321,20320211,20440811,20461231,,20410201,20530815,20500830,20580826,20420404,20520610,20460323,20390502,20470425,20580101,20310123,20431112,20450703,20340105,20540327,20600301,,20500530,20660531,,20650525,20650525,20420915,20511226,20541208,20460323,20600927,,20520705,20480423,20491022,,20480423,20660602,,,,20410419,20450918,20400214,20461231,20410910,20480501,20620523,20440502,20481224,20521225,20480803,,,20670404,,,20300320,20380208,20411011,20440101,20430106,20590529,20440125,20601025,20570306,20520620,20570423
20610411,20491207,20670427,20580326,20460815,20460206,20320325,20581014,20461008,20590331,20520419,20461023,20340102,20391117,20290730,20411014,20230218,20490416,20320720,20440815,20450901,20530217,20470704,20530404,,,20660705,20530602,20430424,20570420,20541013,20630304,20570420,20430803,,20471003,,20560403,20500411,20341002,20460326,20530902,20530221,20530101,20500103,20540101,20520806,20581225,20360522,20410726,20450407,20320212,20440824,20470101,,20410315,20531031,20501101,20581225,20420425,20520815,20460501,20390516,20470610,20580415,20310124,20431130,20450904,20340106,20540501,20600302,,20500704,20660705,,20650703,20650703,20420923,20520101,20541225,20460326,20601227,,20521028,20480501,20491227,,20480501,20660629,,,,20410501,20450919,20400301,20470101,20411001,20480527,20620809,20440506,20481225,20521226,20481005,,,20670502,,,20300429,20380301,20420101,20440215,20430330,20590815,20440208,20601227,20570420,20520805,20570501
20610425,20500101,20670512,20580327,20461225,20460323,20320326,20581111,20461012,20590425,20520422,20461101,20340220,20391203,20290813,20411023,20230308,20490702,20320816,20441101,20450915,20530218,20470902,20530526,,,20660906,20530609,20430507,20570528,20541130,20630408,20570423,20431026,,20471224,,20560515,20500519,20341020,20460404,20540101,20530428,20530106,20500408,20540126,20520807,20590101,20360918,20410925,20450410,20320322,20440825,20470125,,20410501,20531225,20501208,20581226,20420501,20521101,20460528,20390609,20470927,20580425,20310225,20431208,20451009,20340223,20540916,20600416,,20500905,20660906,,20650907,20650907,20421013,20520418,20550101,20460501,20601228,,20521224,20480604,20500103,,20480514,20661101,,,,20410620,20451009,20400411,20470125,20411002,20480713,20621031,20440524,20481231,20521231,20481225,,,20670509,,,20300503,20380405,20420116,20440415,20430501,20591111,20440415,20601228,20570501,20520815,20570531
20610613,20500620,20670523,20580423,20461226,20460326,20320402,20581128,20461102,20590505,20520501,20461102,20340221,20391227,20291015,20411205,20230322,20490901,20321018,20441111,20451101,20530404,20471014,20530704,,,20661125,20530804,20430508,20570704,20541202,20630409,20570425,20431225,,20471225,,20560619,20500530,20341225,20460501,20540102,20530429,20530404,20500527,20540209,20520808,20590312,20361118,20410926,20450427,20320412,20440831,20470128,,20410514,20531226,20510330,20590101,20420605,20521225,20460704,20390725,20471105,20580501,20310402,20431224,20451113,20340224,20541102,20600421,,20501010,20661125,,20651126,20651126,20421103,20520419,20550301,20460503,20610103,,20521225,20480907,20500307,,20480525,20661208,,,,20410709,20451027,20400501,20470128,20411003,20480810,20621225,20440906,20490101,20530101,20481228,,,20670530,,,20300506,20380406,20420117,20440523,20430507,20591225,20440418,20610103,20570621,20521101,20570611
20611003,20500621,20671226,20580501,20470101,20460425,20320525,20581225,20461112,20590813,20520610,20461224,20340222,20400125,20291023,20411210,20230330,20490908,20321101,20441226,20451117,20530421,20471111,20530901,,,20661224,20531006,20430518,20570903,20541203,20630410,20570507,20431228,,20471226,,20560703,20500801,20341226,20460514,20540209,20530430,20530407,20500620,20540309,20520830,20590331,20361119,20410927,20450501,20320524,20440916,20470301,,20410530,20540101,20510331,20590328,20420610,20521226,20460903,20390815,20471225,20580815,20310409,20431225,20451225,20340308,20541116,20600617,,20501111,20661224,,20651225,20651225,20421124,20520422,20550302,20460508,20610126,,20521226,20481012,20500314,,20480617,20670106,,,,20411115,20451101,20400507,20470301,20411004,20481105,20630101,20440922,20490106,20530106,20490101,,,20670829,,,20300715,20380607,20420120,20440701,20430518,20591226,20440425,20610104,20570907,20521118,20570801
20611226,20500622,20680420,20580603,20470304,20460604,20320621,20590101,20461115,20591006,20520815,20461225,20340223,20400126,20291205,20411231,20230401,20491006,20321115,20450407,20451225,20530501,20471128,20531127,,,20670117,20531225,20430605,20571112,20550428,20631218,20570611,20431229,,20471231,,20561113,20500908,20350101,20460608,20540210,20530501,20530501,20500728,20540327,20521029,20590501,20361120,20410930,20450616,20320607,20441020,20470306,,20410531,20540102,20510501,20590331,20420613,20530101,20461008,20391012,20471226,20581101,20310410,20431230,20451226,20340501,20541201,20600907,,20501124,,,20660101,20660101,20421231,20520501,20550303,20460514,20610307,,20530101,20481102,20500408,,20480803,20670404,,,,20411120,20451208,20400518,20470306,20411007,20481225,20630129,20441226,20490416,20530404,20490126,,,20671226,,,20300812,20380913,20420121,20440801,20430528,20600101,20440606,20610207,20571012,20521225,20571225
20611227,20500827,20680423,20580604,20470325,20461022,20320709,20590120,20461122,20591225,20521225,20461226,20340224,20400326,20291210,20420101,20230403,20491008,20321208,20450410,20451226,20530605,20471225,20531225,,,20670221,20531226,20431224,20571122,20550429,20640101,20570727,20440101,,20480101,,20561225,20501226,20350208,20460702,20540211,20530502,20530515,20500729,20540330,20530101,20590508,20361121,20411001,20450809,20320621,20441031,20470501,,20410603,20540330,20510629,20590505,20420815,20530404,20461102,20391101,20480101,20581225,20310411,20431231,20460101,20340508,20541225,20601012,,20501226,,,20660118,20660118,20430101,20520517,20550416,20460815,20610408,,20530404,20481120,20500411,,20481224,20670425,,,,20411225,20451225,20400606,20470501,20420101,20490101,20630130,20441227,20490419,20530407,20490416,,,20671227,,,20300916,20381011,20420122,20440905,20431026,20600106,20441024,20610408,20571102,20521226,20571226
20620102,20500828,20680427,20580605,20470419,20461225,20320816,20590217,20461225,20591226,20521226,20461231,20340405,20400330,20291231,20420306,20230407,20491027,20321231,20450501,20460101,20531225,20480101,20540101,,,20670401,20540101,20431225,20571123,20550704,20640120,20570806,20440317,,20480403,,20561226,20510102,20350209,20460917,20540212,20530901,20530620,20500905,20540331,20530423,20590519,20361224,20411204,20450925,20320831,20441121,20470502,,20410913,20540427,20510728,20590526,20421201,20530407,20461112,20391109,20480127,20581226,20310501,20440101,20460102,20340509,20550101,20601102,,20510102,,,20660215,20660215,20430102,20520530,20551103,20461101,20610411,,20530407,20481225,20500530,,20481225,20670602,,,,20411231,20460101,20400815,20470502,20420121,20490202,20630131,20441228,20490527,20530501,20490419,,,20680102,,,20300923,20381231,20420123,20441010,20431208,20600419,20441226,20610411,20571115,20530101,20580101
20620126,20500829,20680531,20580715,20470422,20461226,20321011,20590328,20470101,20600101,20530101,20470101,20340501,20400402,20300101,20420407,20230414,20491109,20330110,20450518,20460323,20531231,20480120,20540119,,,20670530,20540126,20431231,20571225,20550705,20640121,20571225,20440415,,20480406,,20570101,20510331,20350323,20461001,20540213,20530902,20531224,20501111,20540608,20530501,20590522,20361225,20411224,20451225,20320916,20441226,20470506,,20410916,20540501,20510830,20590825,20421208,20530501,20461119,20391206,20480309,20590101,20310512,20440225,20460323,20340612,20550201,20601115,,20510116,,,20660409,20660409,20430112,20520610,20551104,20461225,20610425,,20530501,20481231,20500701,,20490101,20670629,,,,20420101,20460323,20400920,20470506,20420122,20490203,20630409,20450102,20490625,20530515,20490614,,,20680420,,,20301014,20390121,20420124,20441111,20431224,20600503,20441227,20610425,20571225,20530106,20580102
20620313,20500917,20680611,20580830,20470501,20470101,20321208,20590526,20470121,20600126,20530102,20470315,20340619,20400412,20300218,20420414,20230501,20500126,20330321,20450519,20460326,20540101,20480217,20540216,,,20670704,20540309,20440101,20580101,20550706,20640122,20571226,20440418,,20480501,,20570122,20510403,20350326,20461008,20540417,20540101,20531225,20501226,20541022,20530519,20590807,20361226,20411225,20451226,20321102,20450102,20470606,,20410927,20540625,20511101,20591225,20421224,20530509,20461122,20391208,20480403,20590106,20310612,20440414,20460521,20341106,20550315,20610221,,20510220,,,20660531,20660531,20430211,20521224,20551105,20461226,20610606,,20530508,20490101,20500801,,20490415,20670815,,,,20420217,20460501,20400921,20470606,20420123,20490416,20630413,20450303,20491224,20530526,20490802,,,20680423,,,20301104,20390124,20420228,20441226,20431225,20600617,20450102,20610606,20571231,20530407,20580412
20620324,20501127,20681225,20581029,20470610,20470102,20321224,20590704,20470218,20600416,20530124,20470412,20340620,20400425,20300408,20420415,20230505,20500309,20330414,20450529,20460501,20540209,20480525,20540327,,,20670905,20540327,20440414,20580121,20550725,20640212,20580101,20440502,,20480514,,20570307,20510501,20350405,20461225,20540430,20540102,20531226,20501227,20541225,20530520,20590815,20370101,20411231,20460101,20321220,20450131,20470815,,20411023,20541225,20511208,20591226,20421225,20530515,20461212,20400106,20480406,20590331,20310821,20440415,20460625,20350101,20550415,20610222,,20510529,,,20660705,20660705,20430223,20521225,20551110,20470101,20610926,,20531028,20490120,20500802,,20490416,20671101,,,,20420218,20460521,20401003,20470815,20420124,20490517,20630501,20450407,20491231,20530605,20491004,,,20680507,,,20301231,20390125,20420403,20441227,20440101,20601101,20450103,20611024,20580101,20530501,20580415
20620327,20501130,20681226,20590101,20470815,20470128,20321231,20590901,20470225,20600419,20530411,20470415,20340927,20400501,20300415,20420501,20230629,20500331,20330415,20450721,20460508,20540210,20480703,20540525,,,20671124,20540330,20440415,20580412,20551003,20640302,20580128,20440606,,20480525,,20570420,20510511,20350501,20461226,20540501,20540209,20540101,20510102,20541228,20530521,20590820,20370126,20420101,20460321,20330103,20450201,20471003,,20411204,20550101,20511225,20600101,20430101,20530526,20461225,20400319,20480608,20590425,20310825,20440825,20460702,20350102,20550416,20610408,,20510704,,,20660906,20660906,20430429,20521226,20551129,20470412,20611226,,20531117,20490301,20500803,,20490419,20671208,,,,20420404,20460702,20401009,20471003,20420127,20490701,20630809,20450410,20500106,20531003,20491227,,,20680509,,,20310101,20390126,20420404,20450102,20440106,20601111,20450123,20611226,20580225,20530530,20580501
20620425,20501203,20690101,20590317,20471028,20470206,20330228,20591013,20470226,20600426,20530414,20470501,20341002,20400514,20300416,20420505,20230729,20500404,20330530,20450815,20460705,20540327,20480907,20540703,,,20671226,20540601,20440418,20580527,20551130,20640327,20580412,20440801,,20480604,,20570423,20510522,20350515,20470101,20540902,20540210,20540106,20510331,20550101,20530715,20591225,20370127,20420122,20460323,20330104,20450202,20471004,,20411225,20550208,20520101,20600416,20430210,20530623,20470101,20400329,20480925,20590501,20311208,20440829,20460903,20350103,20550916,20610421,,20510904,,,20661125,20661125,20430504,20530101,20551208,20470415,20611227,,20531224,20490302,20501021,,20490422,20671226,,,,20420421,20460716,20401225,20471004,20420404,20490809,20631022,20450501,20500408,20531224,20491228,,,20680528,,,20310102,20390127,20420501,20450220,20440418,20610106,20450206,20611227,20580226,20530605,20580523
20620612,20510101,,20590423,20471225,20470412,20330301,20591111,20470412,20600503,20530501,20470603,20341003,20400815,20300501,20420603,20230815,20500408,20330620,20451101,20460829,20540421,20481012,20540907,,,20680102,20540608,20440513,20580704,20551202,20640330,20580415,20441031,,20481224,,20570521,20510801,20350611,20470128,20540903,20540211,20540327,20510526,20550126,20530728,20600101,20370216,20420304,20460326,20330131,20450217,20471009,,20411226,20550419,20520418,20600419,20430327,20530815,20470121,20400330,20481103,20590602,20311224,20441031,20461008,20350104,20551102,20610609,,20511009,,,20661224,20661224,20430505,20530403,20560214,20470501,20620102,,20531225,20490416,20501226,,20490527,20680106,,,,20420501,20460815,20410101,20471009,20420501,20490908,20631225,20450508,20500411,20531225,20500103,,,20680827,,,20310103,20390128,20420623,20450407,20440526,20610411,20450407,20620102,20580412,20530805,20580603
20621002,20510610,,20590501,20471226,20470415,20330324,20591127,20470501,20600811,20530602,20470819,20341004,20400910,20300506,20420728,20230816,20500414,20330627,20451225,20461101,20540501,20481111,20541126,,,20680116,20540803,20440526,20580902,20560101,20640331,20580425,20441226,,20481225,,20570618,20510907,20350702,20470129,20550101,20540212,20540330,20510619,20550208,20530729,20600304,20370317,20420404,20460427,20330201,20450501,20471225,,20420101,20550427,20520419,20600503,20430501,20531225,20470204,20400501,20481225,20590815,20311225,20441101,20461112,20350105,20551115,20610907,,20511123,,,20670117,20670117,20430506,20530404,20560215,20470508,20620126,,20531226,20490421,20501227,,20490607,20680423,,,,20420605,20460917,20410131,20471225,20420502,20491025,20640101,20450524,20500519,20531226,20500126,,,20681225,,,20310113,20390228,20420929,20450522,20440606,20610503,20450410,20620103,20580501,20530815,20580801
20621225,20510611,,20590519,20480101,20470425,20330414,20591225,20470527,20601004,20530815,20470820,20341005,20401002,20300516,20420801,20230918,20500621,20330704,20451226,20461224,20540528,20481126,20541225,,,20680220,20541005,20440527,20581105,20560415,20640401,20580506,20441227,,20481231,,20570702,20511225,20350917,20470405,20550125,20540213,20540501,20510803,20550308,20531029,20600419,20370403,20420501,20460501,20330202,20450502,20471231,,20420122,20550625,20520501,20600531,20430528,20531226,20470218,20400502,20481228,20591208,20311226,20441130,20461225,20350108,20560207,20611012,,20511225,,,20670221,20670221,20430720,20530407,20560216,20470523,20620306,,20540101,20490423,20510102,,20490617,20680425,,,,20420709,20460918,20410201,20471231,20420623,20500124,20640121,20450906,20500606,20531231,20500408,,,20681226,,,20310211,20390404,20421010,20450703,20440616,20610609,20450425,20620206,20580613,20531118,20581225
20621226,20510612,,20590522,20480106,20470603,20330415,20600101,20470613,20601227,20531201,20471023,20341006,20401005,20300603,20420812,20230928,20500815,20330720,20460101,20461225,20540907,20481225,20550101,,,20680420,20541225,20440606,20581111,20560416,20641218,20580610,20441228,,20490101,,20571112,20511226,20351001,20470412,20550126,20540417,20540507,20510804,20550416,20540101,20600510,20370428,20420515,20460809,20330401,20450605,20480101,,20420123,20551101,20520729,20600830,20430610,20540101,20470318,20400515,20490101,20591225,20311230,20441208,20461226,20350223,20560320,20611102,,20520101,,,20670401,20670401,20430811,20530501,20560331,20470603,20620324,,20540327,20490617,20510306,,20490802,20680501,,,,20421120,20460919,20410301,20480101,20421001,20500125,20640218,20450922,20500624,20540101,20500411,,,20690101,,,20310224,20390405,20430101,20450807,20440815,20610815,20450605,20620324,20581115,20531225,20581226
20630101,20510816,,20590523,20480217,20471028,20330525,20600119,20470704,20601228,20531225,20471101,20350101,20401008,20300715,20421013,20231002,20500920,20330815,20460323,20461226,20541012,20490101,20550118,,,20680528,20541228,20441226,20581128,20560417,20650101,20580726,20450102,,20490416,,20571225,20520101,20351009,20470415,20550127,20540430,20540619,20510904,20550419,20540423,20600527,20370501,20420604,20460924,20330502,20450801,20480213,,20420305,20560208,20520830,20601227,20431005,20540327,20470411,20400815,20490126,20591226,20311231,20441230,20470101,20350308,20560330,20611115,,20520115,,,20670530,20670530,20430921,20530515,20560501,20470815,20620327,,20540330,20490907,20510313,,20491224,20680629,,,,20421225,20461015,20410501,20480213,20421002,20500408,20640219,20451225,20501226,20540106,20500425,,,,,,20310321,20390502,20430102,20450904,20441026,20611101,20451023,20620327,20581225,20531226,20590101
20630126,20510817,,20590715,20480325,20471225,20330620,20600216,20470902,20610103,20531226,20471224,20350207,20401015,20300729,20421023,20231023,20500927,20331017,20460326,20470101,20541102,20490118,20550215,,,20680704,20550101,20450406,20581129,20560418,20650108,20580805,20450317,,20490419,,20571226,20520102,20351225,20470501,20550128,20540501,20541224,20511113,20550420,20540501,20600607,20370514,20420715,20461217,20330513,20450814,20480214,,20420501,20560403,20521008,20601228,20431201,20540330,20470412,20401012,20490308,20600101,20320101,20450217,20470102,20350309,20560331,20620206,,20520219,,,20670704,20670704,20430922,20530526,20561103,20471101,20620425,,20540501,20491012,20510331,,20500407,20680815,,,,20421231,20461101,20410506,20480214,20421003,20500502,20640328,20451226,20510106,20540327,20500613,,,,,,20310429,20390527,20430205,20451009,20441101,20611111,20451225,20620425,20581231,20540101,20590102
20630312,20510906,,20591029,20480403,20471226,20330815,20600416,20471014,20610126,20540101,20471225,20350208,20401020,20300812,20421205,20231114,20501025,20331107,20460501,20470412,20541130,20490215,20550416,,,20680903,20550126,20450407,20581225,20560622,20650111,20581225,20450407,,20490527,,20580101,20520419,20351226,20470502,20550129,20540902,20541225,20511225,20550614,20540511,20601101,20370529,20420915,20461225,20330606,20450815,20480415,,20420505,20560427,20521101,20610103,20431208,20540501,20470501,20401101,20490416,20600106,20320102,20450406,20470412,20350430,20560501,20620207,,20520527,,,20670905,20670905,20430923,20531224,20561106,20471111,20620605,,20540508,20491102,20510403,,20500408,20681101,,,,20430101,20461102,20410507,20480415,20421006,20500505,20640404,20451227,20510331,20540330,20500801,,,,,,20310505,20391003,20430206,20451113,20441208,20611226,20451226,20620605,20590101,20540106,20590328
20630413,20511116,,20600101,20480406,20480101,20331010,20600531,20471111,20610408,20540102,20471226,20350209,20401101,20301014,20421210,20231127,20501114,20331114,20460503,20470415,20541225,20490416,20550531,,,20681122,20550308,20450410,20590101,20560624,20650112,20581226,20450410,,20490607,,20580128,20520422,20360101,20470529,20550201,20540903,20550101,20511226,20551021,20540519,20601115,20370601,20420916,20461226,20330610,20450831,20480501,,20420530,20560501,20521225,20610408,20431224,20540507,20470527,20401109,20490419,20600419,20320115,20450407,20470520,20350501,20561102,20620324,,20520704,,,20671124,20671124,20431012,20531225,20561110,20471225,20620925,,20540706,20491115,20510522,,20500411,20681225,,,,20430209,20461225,20410606,20480501,20421007,20500621,20640501,20460101,20510403,20540501,20501003,,,,,,20310506,20391010,20430209,20451225,20441226,20620106,20460101,20621023,20590210,20540330,20590331
20630416,20511130,,20600304,20480501,20480102,20331208,20600705,20471115,20610411,20540501,20471227,20350212,20401103,20301023,20421231,20231225,20501115,20331208,20460504,20470501,20541231,20490531,20550705,,,20681225,20550416,20450505,20590120,20561130,20650210,20590101,20450501,,20490617,,20580227,20520501,20360128,20470701,20550405,20550101,20550106,20520101,20551227,20540715,20610218,20370817,20420917,20470101,20330831,20451108,20480505,,20420602,20560502,20530101,20610411,20431225,20540518,20470704,20401206,20490614,20600602,20320211,20450501,20470624,20350509,20561120,20620421,,20520902,,,20671226,20671226,20431103,20531226,20561128,20471226,20621225,,20540928,20491231,20510630,,20500421,20681226,,,,20430210,20461231,20410815,20480505,20430101,20500809,20640530,20460305,20510501,20540507,20501226,,,,,,20310721,20400102,20430210,20451226,20450106,20620327,20460102,20621225,20590211,20540501,20590501
20630425,20511202,,20600305,20480525,20480127,20340220,20600906,20471128,20610425,20540504,20480101,20350213,20401105,20301205,20430101,20240126,20501128,20331230,20460514,20470508,20550101,20490705,20550906,,,20690101,20550419,20450518,20590328,20561202,20650301,20590127,20450605,,20491224,,20580412,20520530,20360129,20471001,20550406,20550125,20550416,20520419,20551228,20540716,20610221,20370908,20420918,20470321,20330916,20451110,20480520,,20420901,20560815,20530403,20610502,20440101,20540623,20470902,20401225,20491001,20601101,20320225,20450612,20470701,20350611,20561212,20620501,,20521014,,,20680102,20680102,20431123,20540101,20561208,20480101,20621226,,20541028,20500120,20510807,,20500519,20690101,,,,20430327,20470101,20410909,20480520,20430102,20500829,20641225,20460427,20510511,20540518,20501227,,,,,,20310811,20400210,20430211,20460101,20450410,20620501,20460122,20621226,20590328,20540528,20590508
20630611,20511203,,20600423,20481028,20480206,20340221,20601011,20471225,20610502,20540601,20480403,20350405,20401121,20301210,20430102,20240219,20510126,20340109,20460815,20470705,20550301,20490906,20551125,,,,20550426,20450519,20590526,20561203,20650316,20590328,20450807,,20491231,,20580415,20520610,20360130,20471028,20550430,20550126,20550419,20520524,20560103,20540717,20610411,20371109,20420919,20470412,20331209,20451225,20480921,,20420902,20561031,20530404,20610530,20440301,20541225,20470916,20410101,20491102,20601208,20320322,20450815,20470902,20350612,20561225,20620525,,20521111,,,20680116,20680116,20431231,20540326,20561225,20480403,20630101,,20541117,20500221,20510808,,20500530,,,,,20430421,20470412,20410910,20480921,20430209,20501114,20650101,20460430,20510606,20540528,20510102,,,,,,20310915,20400213,20430212,20460219,20450501,20620503,20460206,20630101,20590421,20540622,20590519
20631001,20520101,,20600510,20481225,20480403,20340324,20601111,20480101,20610810,20540622,20480406,20350406,20401215,20301231,20430224,20240308,20510327,20340320,20461101,20470829,20550302,20491011,20551224,,,,20550531,20450529,20590704,20570101,20650317,20590331,20451030,,20500408,,20580520,20520801,20360404,20471225,20550503,20550127,20550527,20520617,20560126,20541029,20610502,20371110,20421224,20470415,20331223,20460101,20480922,,20420916,20561101,20530501,20610829,20440415,20550101,20471014,20410107,20491227,20610106,20320325,20450821,20471014,20351105,20570101,20620907,,20521128,,,20680220,20680220,20440101,20540327,20570101,20480406,20630126,,20541224,20500222,20510809,,20500617,,,,,20430501,20470501,20410911,20480922,20430210,20501226,20650108,20460501,20510623,20541224,20510126,,,,,,20310923,20400214,20430213,20460323,20450518,20620525,20460323,20630102,20590501,20540805,20590801
20631225,20520529,,20600511,20490101,20480406,20340406,20601125,20480120,20611003,20541130,20480501,20350430,20401225,20310101,20430406,20240325,20510331,20340406,20461225,20471101,20550416,20491111,20560117,,,,20550614,20450605,20590901,20570405,20650318,20590425,20451225,,20500411,,20580617,20520905,20360411,20471226,20550902,20550128,20550625,20520801,20560214,20550101,20610519,20371111,20421225,20470501,20331226,20460122,20480923,,20420917,20561225,20530728,20611226,20440425,20550416,20471111,20410318,20491228,20610411,20320326,20450828,20471111,20360101,20570205,20621012,,20521225,,,20680420,20680420,20440111,20540330,20570109,20480501,20630305,,20541225,20500408,20511020,,20500801,,,,,20430528,20470521,20411003,20480923,20430211,20510102,20650205,20460507,20511225,20541225,20510331,,,,,,20311013,20400215,20430227,20460521,20450529,20620815,20460326,20630206,20590529,20541118,20591225
20631226,20520530,,20600512,20490106,20480427,20340407,20601224,20480217,20611226,20541201,20480525,20350501,20410114,20310307,20430413,20240329,20510414,20340407,20461226,20471224,20550421,20491125,20560221,,,,20550802,20451225,20591111,20570407,20650319,20590505,20451226,,20500519,,20580701,20521225,20360414,20480101,20550903,20550129,20551206,20520802,20560313,20550423,20610530,20371112,20421226,20470617,20340102,20460201,20481009,,20420918,20561226,20530729,20611227,20440610,20550419,20471118,20410418,20500103,20610425,20320409,20451020,20471225,20360102,20570319,20621102,,20530101,,,20680528,20680528,20440211,20540501,20570305,20480508,20630413,,20550101,20500421,20511225,,20501226,,,,,20430709,20470716,20411009,20481009,20430212,20510213,20650206,20460524,20511226,20541231,20510403,,,,,,20311103,20400216,20430403,20460702,20450608,20621101,20460425,20630413,20591225,20541225,20591226
20640101,20520804,,20600513,20490308,20480601,20340501,20610117,20480218,20611227,20541225,20480820,20350611,20410301,20310407,20430414,20240401,20510419,20340501,20470101,20471225,20550617,20491224,20560331,,,,20551004,20451226,20591127,20570611,20651217,20590609,20451227,,20500530,,20581111,20521226,20360501,20480214,20560103,20550201,20551224,20520902,20560331,20550428,20610729,20371224,20421231,20470809,20340201,20460206,20481225,,20421111,20570101,20531008,20620102,20440613,20550527,20471128,20410419,20500126,20610602,20320830,20451101,20471226,20360103,20570419,20621115,,20530120,,,20680704,20680704,20440223,20540507,20570306,20480514,20630416,,20550416,20500609,20511226,,20510330,,,,,20430907,20470815,20411225,20481225,20430213,20510331,20650317,20460906,20520101,20550101,20510425,,,,,,20311124,20400217,20430406,20460806,20450815,20621225,20460604,20630416,20591231,20550101,20600101
20640128,20520805,,20600519,20490325,20481026,20340525,20610221,20480403,20620102,20550101,20480821,20350917,20410315,20310414,20430415,20240409,20510501,20340522,20470412,20471226,20550907,20500117,20560529,,,,20551227,20460101,20591128,20570612,20651228,20590725,20460101,,20500609,,20581225,20521231,20360530,20480217,20560214,20550405,20560106,20521111,20560403,20550429,20610808,20371225,20430101,20470924,20340202,20460207,20481231,,20421124,20570102,20531208,20620324,20440616,20550607,20471212,20410501,20500314,20610815,20321101,20451130,20480101,20360104,20570420,20621225,,20530217,,,20680903,20680903,20440321,20540518,20570307,20480525,20630425,,20550419,20500907,20520101,,20510331,,,,,20431012,20470918,20420101,20481231,20430406,20510501,20650327,20460924,20520419,20550106,20510612,,,,,,20311231,20400227,20430501,20460903,20451026,20621226,20461022,20630425,20600101,20550106,20600102
20640310,20520806,,20600715,20490423,20481225,20340620,20610408,20480421,20620126,20550416,20481023,20351001,20410401,20310415,20430501,20240411,20510815,20340612,20470415,20480101,20551012,20500221,20560704,,,,20551228,20460322,20591225,20570613,20651229,20590804,20460319,,20501003,,20581226,20530101,20360701,20480403,20560215,20550406,20560331,20521225,20560404,20550430,20610815,20380101,20430210,20471216,20340220,20460501,20490101,,20421215,20570208,20531225,20620327,20440815,20550623,20471225,20410502,20500408,20611101,20321130,20451208,20480102,20360107,20570501,20630101,,20530526,,,20681122,20681122,20440429,20541224,20570420,20480714,20630604,,20550705,20501012,20520304,,20510403,,,,,20431102,20470919,20420121,20490101,20430501,20510524,20650501,20461224,20520422,20550416,20510807,,,,,,20320101,20400228,20430611,20461008,20451101,20630101,20461225,20630604,20600301,20550419,20600416
20640404,20520826,,20600830,20490426,20481228,20340821,20610530,20480501,20620324,20550419,20481224,20351002,20410402,20310501,20430504,20240417,20510818,20340619,20470501,20480106,20551102,20500408,20560904,,,,20560103,20460323,20600101,20570703,20651230,20591225,20460323,,20501226,,20590101,20530102,20361001,20480406,20560216,20550430,20560403,20521226,20560425,20550519,20611101,20380204,20430327,20471225,20340221,20460521,20490201,,20421225,20570423,20540101,20620501,20441005,20551101,20480101,20410515,20500411,20611208,20321208,20451225,20480403,20360108,20571102,20630226,,20530704,,,20681225,20681225,20440503,20541225,20570501,20481111,20630924,,20550706,20501102,20520311,,20510420,,,,,20431120,20470920,20420122,20490201,20430611,20510809,20650519,20461225,20520501,20550419,20511002,,,,,,20320102,20400403,20430612,20461112,20451208,20630416,20461226,20631022,20600302,20550617,20600419
20640407,20521104,,20601029,20490614,20490101,20341016,20610704,20480525,20620327,20550601,20481225,20351003,20410419,20310505,20430525,20240501,20511002,20340703,20470523,20480403,20551115,20500530,20561123,,,,20560126,20460326,20600119,20570911,20651231,20591226,20460326,,20510331,,20590127,20530404,20361006,20480501,20560217,20550503,20560501,20530101,20560612,20550705,20611115,20380205,20430410,20471226,20340301,20460604,20490202,,20430101,20570427,20540102,20620529,20441101,20560331,20480120,20410815,20500425,20611226,20321224,20460101,20480518,20360310,20571119,20630227,,20530901,,,20690101,20690101,20440504,20550101,20571105,20481225,20631225,,20550928,20501115,20520419,,20510501,,,,,20431225,20471031,20420123,20490202,20430612,20510817,20650810,20461226,20520530,20550527,20511225,,,,,,20320112,20400404,20430917,20461225,20451225,20630501,20470101,20631225,20600416,20550622,20600527
20640425,20521130,,20610221,20491028,20490104,20341106,20610905,20480604,20620425,20550607,20490101,20351004,20410501,20310603,20430603,20240523,20511225,20340720,20470524,20480406,20551130,20500704,20561225,,,,20560313,20460420,20600416,20571202,20660209,20600101,20460507,,20510403,,20590212,20530407,20361027,20480520,20560218,20550902,20560511,20530404,20561026,20550706,20611226,20380405,20430501,20480101,20340322,20460806,20490203,,20430202,20570501,20540326,20620828,20441201,20560403,20480203,20411101,20500613,20620106,20321230,20460206,20480624,20360501,20571212,20630413,,20531013,,,,,20440505,20550415,20571128,20490101,20631226,,20551028,20501230,20520422,,20510511,,,,,20431231,20471101,20420305,20490203,20430917,20511102,20651028,20470101,20520606,20550607,20511226,,,,,,20320211,20400501,20430918,20461226,20451226,20630503,20470102,20631226,20600421,20550805,20600607
20640609,20521202,,20610222,20500106,20490201,20341120,20611010,20480907,20620501,20551130,20490315,20351005,20410503,20310604,20430721,20240617,20520126,20340807,20470603,20480501,20551231,20500905,20570101,,,,20560331,20460503,20600531,20571203,20660307,20600126,20460604,,20510501,,20590328,20530501,20361225,20480615,20560424,20550903,20560623,20530530,20561225,20550707,20620207,20380423,20430507,20480403,20340501,20460831,20490301,,20430210,20570502,20540327,20621225,20441208,20560501,20480217,20411206,20500930,20620327,20321231,20460322,20480701,20360502,20571225,20630501,,20531111,,,,,20440718,20550416,20571225,20490416,20640101,,20551117,20510120,20520610,,20510522,,,,,20440101,20471225,20420501,20490301,20430918,20511225,20651225,20470304,20520621,20550617,20520101,,,,,,20320223,20400614,20431009,20470101,20460101,20630614,20470121,20640101,20600617,20551101,20610408
20641006,20521203,,20610223,20500228,20490208,20341208,20611111,20481012,20620816,20551201,20490416,20351231,20410815,20310728,20430728,20240717,20520228,20340821,20470815,20480508,20560214,20501010,20570115,,,,20560403,20460504,20600705,20580101,20660308,20600416,20460806,,20510511,,20590331,20530515,20361226,20480701,20560501,20560103,20561206,20530616,20561226,20550708,20620210,20380519,20430601,20480406,20340503,20460917,20490505,,20430211,20570625,20540501,20621226,20450221,20560509,20480316,20411225,20501101,20620425,20330103,20460323,20480907,20360509,20580101,20630614,,20531127,,,,,20440811,20550419,20580101,20490419,20640128,,20551224,20510213,20520701,,20510807,,,,,20440125,20471231,20420505,20490505,20431001,20520101,20651229,20470419,20521224,20551101,20520126,,,,,,20320429,20400615,20440101,20470218,20460326,20630815,20470206,20640102,20600907,20551118,20610411
20641225,20530101,,20610502,20500325,20490416,20341225,20611124,20481102,20621002,20560124,20490419,20360101,20410830,20310804,20430812,20240815,20520315,20341016,20471101,20480901,20560215,20501111,20570219,,,,20560425,20460514,20600906,20580325,20660309,20600419,20461029,,20510522,,20590519,20530526,20370101,20480923,20560502,20560214,20561225,20530731,20570101,20550715,20620327,20380601,20430817,20480427,20340530,20461010,20490910,,20430223,20570815,20540629,20630101,20450407,20560511,20480402,20420101,20501226,20620501,20330131,20460409,20481012,20360612,20580204,20630907,,20531225,,,,,20440919,20550517,20580109,20490527,20640303,,20560331,20510214,20520805,,20511225,,,,,20440229,20480101,20420526,20490910,20431002,20520201,20660101,20470422,20521225,20551224,20520419,,,,,,20320503,20400920,20440126,20470412,20460501,20631101,20470412,20640206,20601012,20560106,20610519
20641226,20530519,,20610503,20500415,20490419,20350101,20611226,20481111,20621225,20560407,20490607,20360128,20410925,20310812,20431013,20240907,20520411,20341106,20471111,20480915,20560331,20501124,20570420,,,,20560529,20460605,20601102,20580326,20660310,20600426,20461225,,20510601,,20590616,20530801,20370216,20481001,20560904,20560215,20561226,20530801,20570126,20550830,20620420,20380603,20430904,20480501,20340605,20461029,20490913,,20430501,20571031,20540728,20630413,20450425,20560522,20480403,20420106,20501227,20620602,20330225,20460501,20481111,20360613,20580318,20631012,,20540101,,,,,20440922,20550527,20580225,20490607,20640404,,20560403,20510331,20520806,,20511226,,,,,20440301,20480403,20420604,20490913,20431005,20520202,20660126,20470501,20521226,20551231,20520422,,,,,,20320504,20400921,20440127,20470520,20460503,20631225,20470415,20640404,20601102,20560403,20610530
20650101,20530520,,20610519,20500418,20490426,20350205,20620102,20481126,20621226,20560410,20490820,20360129,20410927,20311013,20431023,20240916,20520419,20341113,20471225,20481117,20560421,20501226,20570528,,,,20560612,20461224,20601111,20580327,20660311,20600503,20461226,,20511003,,20590707,20530911,20370217,20481016,20560905,20560216,20570101,20530901,20570212,20551029,20620501,20380817,20430907,20480616,20340831,20461031,20491231,,20430601,20571101,20540729,20630416,20450501,20560623,20480501,20420403,20510102,20620815,20330311,20460514,20481225,20361103,20580411,20631102,,20540119,,,,,20441010,20550607,20580226,20490714,20640407,,20560501,20510421,20520807,,20520101,,,,,20440415,20480501,20420606,20491231,20431006,20520419,20660127,20470506,20521231,20560106,20520425,,,,,,20320505,20401010,20440128,20470701,20460514,20631226,20470425,20640407,20601115,20560501,20610801
20650126,20530521,,20610715,20500606,20490607,20350206,20620116,20481225,20630101,20560501,20491101,20360130,20411002,20311023,20431207,20241002,20520501,20341208,20471226,20481224,20560501,20510102,20570704,,,,20560807,20461225,20601125,20580601,20661219,20600614,20461227,,20511225,,20591110,20531225,20370218,20481225,20570101,20560217,20570420,20531111,20570312,20560417,20620504,20381028,20430908,20480810,20341109,20461225,20500124,,20430602,20571225,20541008,20630507,20450608,20560815,20480525,20420404,20510126,20621101,20330414,20460612,20481228,20361104,20580412,20631115,,20540216,,,,,20441103,20551224,20580227,20491101,20640425,,20560508,20510501,20521021,,20520418,,,,,20440421,20480521,20420815,20500124,20431007,20520501,20660308,20470524,20530101,20560331,20520610,,,,,,20320719,20401231,20440129,20470805,20460524,20640101,20470603,20640425,20601231,20560530,20611226
20650309,20530726,,20610830,20500815,20491025,20350322,20620220,20490101,20630126,20560529,20491224,20360131,20411004,20311205,20431210,20241101,20520530,20341225,20480101,20481225,20560601,20510116,20570903,,,,20561002,20461226,20601126,20580602,20661220,20600723,20470101,,20511226,,20591225,20531226,20370403,20490101,20570205,20560218,20570423,20531225,20570420,20560418,20620515,20381029,20431112,20480924,20341128,20470101,20500125,,20430831,20571226,20541208,20630528,20450613,20561101,20480907,20420501,20510313,20621208,20330415,20460803,20490101,20370101,20580501,20631225,,20540525,,,,,20441123,20560330,20580412,20491111,20640602,,20560705,20510601,20521225,,20520419,,,,,20440616,20480629,20420929,20500125,20440101,20520513,20660409,20470906,20530106,20560403,20520805,,,,,,20320811,20410101,20440201,20470902,20460815,20640407,20471028,20640602,20610221,20560601,20620102
20650327,20530727,,20620213,20501028,20491227,20350323,20620324,20490118,20630413,20560601,20500314,20360201,20411005,20311210,20431231,20241102,20520806,20341229,20480403,20490101,20560907,20510220,20571122,,,,20561225,20461231,20601224,20580622,20661221,20600802,20470318,,20520101,,20591226,20531231,20370406,20490202,20570206,20560424,20570501,20531226,20570423,20560501,20620719,20381101,20431203,20481216,20341212,20470109,20500301,,20430907,20580101,20541225,20630827,20450815,20561225,20480916,20420502,20510331,20621225,20330829,20460821,20490104,20370102,20580916,20640101,,20540907,,,,,20450102,20560331,20580501,20500408,20640929,,20560706,20510907,20521226,,20520422,,,,,20440907,20480716,20420930,20500301,20440129,20520530,20660809,20470923,20530404,20560501,20521007,,,,,,20320920,20410130,20440202,20471014,20461026,20640501,20471225,20641027,20610222,20560622,20620324
20650330,20531130,,20620420,20501226,20491228,20350402,20620529,20490215,20630416,20560815,20500315,20360404,20411009,20311231,20440101,20241115,20520815,20350101,20480406,20490106,20561012,20510331,20571225,,,,20561226,20470101,20601231,20580831,20670208,20601227,20470412,,20520419,,20600101,20540101,20370501,20490203,20570207,20560501,20570531,20540101,20570424,20560519,20620807,20381224,20431224,20481225,20341213,20470128,20500505,,20430916,20580102,20550101,20631225,20451005,20561226,20481012,20420515,20510403,20621226,20331101,20460827,20490416,20370105,20581118,20640218,,20541012,,,,,20450103,20560403,20581104,20500411,20641225,,20560928,20511012,20530101,,20520425,,,,,20441012,20480918,20421003,20500505,20440201,20520805,20661018,20471224,20530407,20560511,20521225,,,,,,20320921,20410131,20440203,20471111,20461101,20640605,20471226,20641225,20610408,20560815,20620327
20650608,20531202,,20620421,20510106,20500103,20350501,20620704,20490301,20630425,20561130,20500408,20360501,20411023,20320101,20440215,20241225,20520828,20350108,20480501,20490416,20561102,20510529,20580101,,,,20570101,20470411,20610117,20581130,20670223,20601228,20470415,,20520422,,20600126,20540102,20370522,20490204,20570208,20560502,20570622,20540327,20570425,20560623,20620815,20390105,20431225,20490101,20341225,20470201,20500601,,20431112,20580208,20550415,20631226,20451101,20570101,20481102,20420725,20510425,20630101,20331130,20461010,20490524,20370106,20581212,20640219,,20541111,,,,,20450109,20560501,20581105,20500519,20641226,,20561117,20511102,20530303,,20520501,,,,,20441102,20481012,20421009,20500601,20440202,20520809,20670214,20471225,20530501,20560522,20521226,,,,,,20320922,20410201,20440229,20471225,20461224,20640815,20480101,20641226,20610421,20561101,20620501
20651005,20531203,,20620501,20510320,20500104,20350525,20620904,20490302,20630507,20561201,20500411,20360502,20411025,20320102,20440406,20250219,20520904,20350319,20480514,20490419,20561115,20510704,20580121,,,,20570126,20470412,20610408,20581202,20670224,20610103,20470506,,20520501,,20600303,20540327,20370618,20490405,20570209,20560904,20571206,20540529,20570611,20560626,20621101,20390124,20431231,20490322,20350101,20470501,20500606,,20431203,20580415,20550416,20640101,20451201,20570420,20481111,20420815,20510612,20630416,20331208,20461101,20490624,20370107,20581225,20640404,,20541126,,,,,20450223,20560511,20581111,20500530,20650101,,20561225,20511115,20530310,,20520530,,,,,20441115,20481208,20421225,20500606,20440203,20521021,20670215,20471226,20530515,20560601,20530101,,,,,,20321011,20410204,20440404,20471226,20461225,20641111,20480102,20650101,20610609,20561225,20620504
20651225,20540101,,20620519,20510501,20500131,20350620,20621009,20490416,20630815,20561225,20500530,20360530,20411101,20320225,20440413,20250226,20521002,20350322,20480515,20490705,20561130,20510904,20580218,,,,20570312,20470415,20610530,20581203,20670306,20610126,20470603,,20520530,,20600416,20540330,20370701,20490416,20570413,20560905,20571224,20540615,20571025,20560830,20621115,20390126,20440101,20490416,20350124,20470509,20500815,,20431225,20580501,20550629,20640404,20451208,20570423,20481116,20421110,20510929,20630425,20331223,20461130,20490701,20370108,20590101,20640421,,20541225,,,,,20450320,20560517,20581128,20500714,20650126,,20561226,20511120,20530404,,20520610,,,,,20441230,20481225,20430101,20500815,20440204,20521225,20670224,20480101,20530606,20561003,20530127,,,,,,20321103,20410205,20440405,20480101,20461226,20641225,20480120,20650102,20610907,20561226,20620515
20651228,20540509,,20620830,20510505,20500207,20350709,20621123,20490421,20631001,20561226,20501031,20361001,20411111,20320406,20440414,20250314,20521003,20350323,20480525,20490901,20561225,20511009,20580412,,,,20570420,20470510,20610704,20590101,20671208,20610408,20470805,,20520610,,20600419,20540501,20370925,20490419,20570430,20570101,20571225,20540730,20571225,20570101,20621225,20390325,20440211,20490419,20350201,20470603,20500929,,20440101,20580502,20550728,20640407,20451225,20570501,20481126,20421208,20511107,20630501,20331230,20461224,20490906,20370109,20590203,20640501,,20550101,,,,,20450503,20560522,20581209,20500815,20650302,,20570101,20511225,20530407,,20520617,,,,,20450125,20481231,20430209,20500929,20440404,20530101,20670401,20480303,20530620,20561101,20530404,,,,,,20321123,20410228,20440502,20480217,20470101,20641226,20480206,20650206,20611012,20570101,20620801
20660101,20540510,,20630101,20510508,20500408,20350820,20621225,20490531,20631225,20570101,20501101,20361002,20411205,20320413,20440415,20250331,20521023,20350501,20480721,20490915,20561229,20511123,20580527,,,,20570423,20470523,20610905,20590315,20671211,20610411,20471028,,20520620,,20600517,20540507,20371001,20490510,20570501,20570205,20571226,20540731,20571226,20570405,20630101,20390406,20440329,20490427,20350208,20470711,20500930,,20440201,20580625,20550729,20640505,20460101,20570509,20481201,20421225,20511225,20630815,20340301,20461225,20491011,20370223,20590317,20640605,,20550118,,,,,20450504,20561225,20581225,20501101,20650327,,20570420,20511229,20530526,,20520805,,,,,20450220,20490101,20430210,20500930,20440502,20530219,20670502,20480403,20531224,20561225,20530407,,,,,,20321231,20410301,20440530,20480403,20470415,20650101,20480403,20650327,20611102,20570423,20621225
20660126,20540511,,20630131,20510626,20500411,20351015,20630101,20490617,20631226,20570102,20501226,20361003,20411225,20320414,20440502,20250401,20521106,20350507,20481111,20491101,20570101,20511225,20580704,,,,20570425,20470524,20611111,20590316,20671212,20610425,20471225,,20521003,,20600614,20540518,20371225,20490604,20570903,20570206,20580101,20540907,20580101,20570406,20630131,20390408,20440415,20490616,20350209,20470724,20501003,,20440202,20580815,20550830,20640526,20460206,20570531,20481225,20430101,20511226,20631101,20340406,20461231,20491111,20370309,20590327,20641225,,20550215,,,,,20450505,20561226,20590101,20501111,20650330,,20570423,20520101,20530630,,20521224,,,,,20450221,20490416,20430211,20501003,20440530,20530220,20670527,20480406,20531225,20561226,20530425,,,,,,20330103,20410404,20440531,20480518,20470501,20650106,20480406,20650330,20611115,20570501,20621226
20660308,20540714,,20630201,20510815,20500425,20351106,20630115,20490705,20640101,20570124,20510315,20361006,20420103,20320415,20440504,20250410,20521225,20350528,20481225,20491117,20570305,20520101,20580902,,,,20570528,20470603,20611124,20590317,20671218,20610502,20471226,,20521224,,20600705,20540910,20380101,20490701,20570904,20570207,20580412,20541111,20580128,20570423,20630409,20390519,20440512,20490809,20350219,20470725,20501230,,20440211,20581031,20551008,20640825,20460323,20570611,20490101,20430106,20520101,20631225,20340407,20470101,20491227,20370501,20590328,20650101,,20550531,,,,,20450717,20570101,20590109,20501226,20650427,,20570501,20520304,20530804,,20521225,,,,,20450407,20490521,20430501,20501230,20440531,20530404,20670809,20480501,20531226,20570101,20530609,,,,,,20330110,20410405,20441005,20480701,20470523,20650330,20480427,20650427,20611230,20570530,20630101
20660409,20540715,,20630202,20511225,20500606,20351119,20630219,20490906,20640128,20570427,20510331,20361007,20420115,20320503,20440511,20250414,20530305,20350604,20490101,20491224,20570306,20520115,20581128,,,,20570611,20470605,20611125,20590521,20680101,20610613,20471227,,20521225,,20601115,20541225,20380204,20490913,20580101,20570208,20580415,20541225,20580211,20570501,20630416,20390601,20440526,20490924,20350312,20470916,20510210,,20440502,20581101,20551101,20641225,20460425,20570815,20490118,20430319,20520126,20631226,20340501,20470225,20491228,20370504,20590501,20650209,,20550705,,,,,20450811,20570419,20590210,20510331,20650601,,20570508,20520305,20530805,,20521226,,,,,20450421,20490628,20430505,20510210,20441003,20530501,20671107,20480506,20531231,20570420,20530804,,,,,,20330211,20410501,20441010,20480803,20470603,20650501,20480601,20650601,20620206,20570621,20630102
20660412,20540716,,20630409,20511226,20501024,20351225,20630413,20490907,20640404,20570430,20510403,20361008,20420218,20320504,20440603,20250418,20530328,20350702,20490416,20500106,20570420,20520219,20581225,,,,20570806,20471224,20611226,20590522,20680212,20610722,20480101,,20521226,,20601227,20541231,20380205,20491001,20580121,20570209,20580501,20541228,20580311,20570613,20630501,20390817,20440601,20491216,20350501,20470930,20510213,,20440512,20581225,20551208,20641226,20460501,20571101,20490201,20430326,20520311,20640101,20340508,20470409,20500103,20370511,20590916,20650210,,20550906,,,,,20450918,20570420,20590211,20510403,20650928,,20570705,20520419,20530806,,20530101,,,,,20450501,20490716,20430916,20510213,20441004,20530519,20671208,20480525,20540101,20570423,20531006,,,,,,20330223,20410603,20450102,20480907,20470613,20650528,20481026,20651026,20620207,20570622,20630413
20660426,20540805,,20630410,20520101,20501226,20360101,20630528,20491011,20640407,20570501,20510501,20370101,20420305,20320524,20440711,20250501,20530401,20350720,20490419,20500408,20570501,20520419,20590101,,,,20571001,20471225,20620102,20590611,20680213,20610801,20480317,,20521231,,20601228,20550101,20380405,20491005,20580122,20570413,20580523,20550101,20580412,20570614,20630524,20390818,20440624,20491227,20350521,20471018,20510301,,20440530,20581226,20560330,20650101,20460524,20571225,20490215,20430327,20520419,20640407,20340612,20470411,20500104,20370612,20591117,20650327,,20551011,,,,,20450922,20570423,20590212,20510501,20651225,,20570706,20520423,20531020,,20530403,,,,,20450608,20490917,20430917,20510301,20441005,20530602,20671226,20480907,20540106,20570501,20531225,,,,,,20330321,20410909,20450213,20481012,20470815,20651111,20481225,20651225,20620324,20570815,20630416
20660614,20541013,,20630411,20520304,20501227,20360225,20630704,20491012,20640425,20570601,20510522,20370102,20420401,20320603,20440728,20250512,20530404,20350807,20490527,20500411,20570621,20520527,20590120,,,,20571225,20471226,20620116,20590820,20680214,20611226,20480403,,20530101,,20610103,20550416,20380423,20491227,20580123,20570430,20580621,20550416,20580415,20570615,20630604,20391018,20440817,20500321,20350522,20471021,20510501,,20440531,20590101,20560331,20650327,20460613,20571226,20490315,20430501,20520422,20640425,20340821,20470412,20500408,20371104,20591212,20650421,,20551111,,,,,20451009,20570501,20590328,20510508,20651228,,20570928,20520501,20531225,,20530404,,,,,20450907,20491011,20430918,20510501,20441006,20531110,20680102,20480922,20540327,20570531,20531226,,,,,,20330429,20410910,20450214,20481111,20471101,20651225,20481228,20651228,20620421,20571101,20630501
20661004,20541130,,20630412,20520325,20510102,20360226,20630903,20491102,20640505,20570618,20511023,20370216,20420403,20320722,20440812,20250607,20530414,20350820,20490528,20500705,20570907,20520704,20590217,,,,20571226,20471231,20620324,20591130,20680304,20611227,20480406,,20530404,,20610124,20550419,20380426,20500124,20580124,20570501,20581206,20550528,20580416,20570830,20630807,20391019,20440822,20500408,20350604,20471225,20510505,,20440606,20590102,20560501,20650330,20460815,20580101,20490415,20430515,20520425,20640501,20340828,20470501,20500523,20380101,20591225,20650501,,20551125,,,,,20451103,20570517,20590501,20510511,20660101,,20571224,20520620,20531226,,20530407,,,,,20451012,20491101,20431009,20510505,20441007,20531225,20680203,20481224,20540330,20570611,20540101,,,,,,20330503,20411010,20450215,20481225,20471224,20660101,20490101,20660101,20620501,20571225,20630524
20661227,20541202,,20630423,20520419,20510103,20360324,20631008,20491111,20640813,20570815,20511101,20370217,20420404,20320728,20441013,20250815,20530501,20351015,20490607,20500829,20571012,20520902,20590328,,,,20580101,20480101,20620529,20591202,20681126,20620102,20480504,,20530407,,20610223,20550527,20380511,20500125,20580125,20570903,20581224,20550621,20580425,20571029,20630815,20391020,20440823,20500411,20350831,20471230,20510517,,20440811,20590331,20560629,20650504,20461005,20580412,20490416,20430528,20520610,20640602,20341101,20470612,20500624,20380104,20600101,20650528,,20560117,,,,,20451123,20570531,20590701,20510522,20660126,,20571225,20521115,20540101,,20530424,,,,,20451102,20491208,20431225,20510517,20450102,20540101,20680214,20481225,20540501,20570621,20540126,,,,,,20330504,20411011,20450216,20481228,20471225,20660106,20490104,20660104,20620525,20571226,20630604
20661228,20541203,,20630501,20520422,20510130,20360402,20631112,20491115,20641006,20571130,20511225,20370218,20420414,20320812,20441024,20250827,20530520,20351105,20490721,20500901,20571102,20521014,20590526,,,,20580128,20480402,20620704,20591203,20681127,20620126,20480601,,20530501,,20610408,20550607,20380607,20500126,20580128,20570904,20581225,20550729,20580610,20580101,20631101,20391021,20440824,20500427,20350917,20480101,20510606,,20440824,20590501,20560728,20650525,20461101,20580415,20490531,20431012,20520927,20640815,20341130,20470725,20500701,20380105,20600202,20650907,,20560221,,,,,20460101,20570611,20591103,20510714,20660301,,20571226,20521120,20540302,,20530501,,,,,20451115,20491231,20440101,20510606,20450216,20540209,20680420,20481228,20540507,20571003,20540327,,,,,,20330505,20420101,20450217,20490101,20471226,20660412,20490125,20660208,20620907,20580101,20630801
20670103,20550428,,20630830,20520501,20510206,20360410,20631122,20491125,20641225,20571225,20511226,20370219,20420422,20321013,20441205,20250905,20530815,20351112,20491101,20500915,20571115,20521111,20590704,,,,20580311,20480403,20620904,20600101,20681128,20620324,20480803,,20530515,,20610411,20550909,20380701,20500404,20580401,20571231,20581226,20550730,20581024,20580325,20631115,20391226,20440825,20500502,20351030,20480130,20510815,,20440825,20590502,20560830,20650831,20461224,20580501,20490705,20431109,20521105,20641208,20341208,20470821,20500905,20380106,20600315,20651012,,20560529,,,,,20460102,20571224,20591104,20510815,20660409,,20580101,20521225,20540309,,20530515,,,,,20451120,20500408,20440129,20510815,20450217,20540210,20680501,20490101,20540619,20571101,20540330,,,,,,20330718,20420120,20450220,20490215,20480101,20660503,20490208,20660409,20621012,20580415,20631225
20670126,20550429,,20631029,20520610,20510331,20360411,20631225,20500117,20641226,20571226,20520101,20370220,20420501,20321025,20441212,20251002,20530825,20351225,20491111,20501101,20571130,20521128,20590901,,,,20580412,20480406,20621107,20600304,20681129,20620327,20481026,,20530526,,20610516,20551231,20380914,20500408,20580402,20580101,20590101,20550906,20581225,20580326,20631225,20400314,20440826,20500616,20351203,20480214,20510918,,20440831,20590625,20561101,20651225,20461225,20580509,20490906,20431208,20521225,20641225,20341213,20470826,20501010,20380107,20600415,20651102,,20560704,,,,,20460103,20571225,20591105,20511101,20660412,,20580412,20521231,20540327,,20530526,,,,,20451225,20500627,20440201,20510918,20450220,20540327,20680516,20490303,20541224,20571224,20540608,,,,,,20330811,20420121,20450221,20490416,20480106,20660610,20490416,20660412,20621102,20580501,20631226
20670314,20550704,,20640101,20520815,20510403,20360501,20640101,20500221,20650101,20580101,20520315,20370406,20420815,20321206,20450102,20251021,20530915,20351231,20500408,20501117,20571225,20521225,20591127,,,,20580415,20480501,20621110,20600306,20681218,20620425,20481225,,20530605,,20610613,20560331,20381001,20500411,20580429,20580121,20590106,20551111,20581226,20580327,20640101,20400330,20441031,20500809,20351225,20480501,20510919,,20440916,20590815,20561208,20651228,20470101,20580523,20490916,20431225,20521226,20641226,20341225,20470930,20501111,20380108,20600416,20651225,,20560904,,,,,20460108,20571226,20591110,20511225,20660426,,20580415,20530101,20540330,,20530617,,,,,20451229,20500815,20440301,20510919,20450221,20540501,20680809,20490423,20541225,20571225,20540803,,,,,,20330919,20420122,20450227,20490524,20480406,20661101,20490419,20660426,20621115,20580530,20640101
20670401,20550705,,20640121,20521028,20510425,20360616,20640121,20500222,20650126,20580102,20520419,20370501,20420916,20321210,20450302,20251022,20531002,20360101,20500411,20501226,20571231,20530101,20591225,,,,20580425,20480514,20621123,20600509,20690101,20620501,20481228,,20531003,,20610704,20560403,20381007,20500502,20580430,20580122,20590328,20551227,20590101,20580423,20640116,20400501,20441121,20501216,20360101,20480527,20510920,,20441020,20591031,20561225,20660101,20470226,20580603,20491011,20440101,20530101,20650101,20350101,20471101,20501226,20380222,20600916,20660101,,20561009,,,,,20460212,20580101,20591128,20511226,20660607,,20580501,20530120,20540518,,20530804,,,,,20460101,20500919,20440413,20510920,20450222,20540522,20681025,20490426,20541231,20571226,20541005,,,,,,20330923,20420123,20450228,20490701,20480501,20661111,20490426,20660607,20621225,20580613,20640102
20670404,20550706,,20640122,20521225,20510605,20360620,20640218,20500408,20650327,20580124,20520422,20370618,20420918,20321231,20450406,20251105,20531021,20360107,20500519,20510106,20580101,20530120,20600101,,,,20580527,20480515,20621124,20600510,,20620612,20481229,,20531224,,20611114,20560501,20381227,20500623,20580501,20580123,20590331,20551228,20590127,20580501,20640121,20400510,20441226,20501226,20360128,20480601,20511003,,20441031,20591225,20570101,20660409,20470412,20580815,20491102,20440106,20530127,20650106,20350208,20471224,20501227,20380223,20601102,20660222,,20561123,,,,,20460223,20580411,20591208,20520101,20660927,,20580508,20530217,20540629,,20531224,,,,,20460125,20501010,20440505,20511003,20450403,20540716,20681126,20490503,20550101,20571231,20541225,,,,,,20331010,20420124,20450403,20490802,20480514,20670106,20490607,20661025,20621229,20580805,20640404
20670425,20550725,,20640328,20521226,20511023,20360709,20640526,20500421,20650330,20580412,20520501,20370619,20421002,20330103,20450413,20251225,20531110,20360324,20500520,20510331,20580225,20530217,20600119,,,,20580610,20480525,20621225,20600511,,20620728,20490101,,20531225,,20611226,20560511,20390124,20500701,20580902,20580124,20590501,20560103,20590210,20580603,20640328,20400601,20450130,20510102,20360129,20480629,20511009,,20441121,20591226,20570419,20660412,20470425,20581101,20491111,20440414,20530310,20650330,20350219,20471225,20510102,20380308,20601115,20660223,,20561225,,,,,20460320,20580412,20591225,20520419,20661227,,20580705,20530218,20540803,,20531225,,,,,20460205,20501031,20440506,20511009,20450404,20540810,20681225,20490506,20550106,20580101,20541228,,,,,,20331103,20420228,20450404,20490906,20480525,20670404,20491025,20661227,20630101,20580815,20640407
20670613,20551003,,20640331,20530101,20511225,20360818,20640704,20500530,20650504,20580415,20520610,20370924,20421013,20330214,20450414,20260126,20531111,20360410,20500530,20510403,20580226,20530526,20600216,,,,20580805,20480605,20630101,20600531,,20620807,20490317,,20531226,,20611227,20560522,20390125,20501024,20580903,20580125,20590508,20560331,20590310,20580604,20640407,20400806,20450217,20510321,20360201,20480713,20511225,,20441226,20600101,20570420,20660503,20470501,20581225,20491115,20440415,20530404,20650501,20350322,20471230,20510103,20380503,20601201,20660409,,20570101,,,,,20460430,20580415,20600101,20520422,20661228,,20581028,20530404,20540804,,20531226,,,,,20460206,20501101,20440606,20511225,20450501,20541030,20690101,20490524,20550416,20580412,20550101,,,,,,20331123,20420403,20450501,20491011,20480604,20670503,20491227,20661228,20630226,20581101,20640501
20671003,20551130,,20640423,20530106,20511226,20361013,20640901,20500609,20650812,20580501,20520819,20371001,20421023,20330406,20450501,20260219,20531125,20360411,20500721,20510501,20580412,20530704,20600416,,,,20581007,20481224,20630115,20600808,,20621225,20490416,,20531231,,20620102,20560801,20390126,20501226,20590101,20580128,20590620,20560526,20590328,20580605,20640501,20400817,20450320,20510331,20360208,20480714,20511229,,20450102,20600102,20570501,20660531,20470610,20581226,20491125,20440502,20530407,20650602,20350323,20471231,20510331,20380504,20610207,20660421,,20570115,,,,,20460503,20580501,20600109,20520501,20670103,,20581224,20530421,20540805,,20540101,,,,,20460323,20501208,20440815,20511229,20450619,20541225,,20490906,20550419,20580415,20550126,,,,,,20340102,20420404,20450619,20491111,20481026,20670602,20491228,20670103,20630227,20581118,20640515
20671226,20551202,,20640501,20530224,20520101,20361106,20641013,20500704,20651005,20580603,20520820,20371002,20421024,20330413,20450504,20260304,20531225,20360501,20500815,20510508,20580501,20530901,20600531,,,,20581225,20481225,20630413,20601130,,20621226,20490419,,20540101,,20620123,20560907,20390405,20501227,20590210,20580401,20591224,20560619,20590331,20580715,20640515,20401008,20450407,20510403,20360211,20480831,20520101,,20450131,20600419,20570629,20660830,20470613,20590101,20500117,20440516,20530425,20651208,20350409,20480101,20510522,20380510,20610321,20660610,,20570219,,,,,20460504,20580517,20600301,20520508,20670126,,20581225,20530423,20541019,,20540326,,,,,20460501,20510102,20441003,20520101,20450925,20550101,,20490922,20550527,20580501,20550416,,,,,,20340103,20420501,20450925,20491227,20481208,20670815,20500103,20670104,20630413,20581225,20640526
20671227,20560101,,20640519,20530325,20520102,20361124,20641111,20500905,20651225,20580815,20521023,20371005,20421028,20330414,20450530,20260319,20540126,20360526,20501101,20510705,20580613,20531013,20600705,,,,20581226,20481231,20630528,20601202,,20630101,20490503,,20540327,,20620208,20561225,20390408,20510102,20590211,20580402,20591225,20560803,20590401,20580830,20640526,20401009,20450501,20510427,20360229,20480916,20520131,,20450201,20600427,20570830,20661227,20470815,20590328,20500207,20440616,20530609,20651225,20350501,20480214,20510626,20380614,20610407,20660907,,20570528,,,,,20460716,20580523,20600302,20520530,20670307,,20581226,20530501,20541225,,20540327,,,,,20460524,20510331,20441004,20520131,20451002,20550128,,20491224,20550625,20580523,20550419,,,,,,20340109,20420623,20451009,20491228,20481224,20671101,20500104,20670207,20630501,20581226,20640801
20680102,20560415,,20640715,20530411,20520129,20361208,20641127,20500907,20651228,20581225,20521101,20371006,20421101,20330415,20450605,20260321,20540324,20360616,20501111,20510829,20581115,20531111,20600906,,,,20590101,20490101,20630704,20610101,,20630126,20490607,,20540330,,20620324,20561226,20390411,20510213,20590212,20580429,20591226,20560804,20590425,20581029,20640627,20401010,20450518,20510501,20360501,20481009,20520201,,20450217,20600625,20571008,20661228,20471101,20590331,20500221,20440725,20530926,20660101,20350612,20480225,20510703,20381104,20610408,20661012,,20570704,,,,,20460917,20580603,20600303,20520610,20670401,,20590101,20530605,20541228,,20540330,,,,,20460709,20510501,20441005,20520201,20451003,20550129,,20491227,20551224,20580603,20550614,,,,,,20340223,20420929,20451010,20500103,20481225,20671111,20500124,20670401,20630614,20590101,20641225
20680126,20560416,,20641029,20530414,20520206,20361225,20641225,20501010,20660101,20581226,20521224,20371007,20421111,20330502,20450728,20260326,20540327,20360623,20501226,20510901,20581225,20531127,20601125,,,,20590127,20490415,20630903,20610221,,20630413,20490802,,20540501,,20620327,20570101,20390502,20510214,20590213,20580430,20600101,20560904,20590609,20590101,20640807,20401224,20450531,20510616,20360509,20481105,20520202,,20450501,20601101,20571101,20670103,20471224,20590501,20500321,20440815,20531104,20660106,20350821,20480402,20510904,20381105,20610916,20661102,,20570903,,,,,20460924,20581224,20600416,20520815,20670404,,20590328,20531120,20550101,,20540423,,,,,20460907,20510626,20441006,20520202,20451004,20550416,,20491228,20551231,20580613,20550802,,,,,,20340320,20421010,20460101,20500221,20490101,20671226,20500207,20670404,20630907,20590106,20641226
20680312,20560417,,20650101,20530501,20520419,20361226,20650101,20501012,20660126,20590101,20521225,20380101,20421113,20330504,20450814,20260331,20540414,20360630,20510331,20510915,20581231,20531225,20601224,,,,20590310,20490416,20631112,20610222,,20630416,20491025,,20540507,,20620515,20570102,20390527,20510331,20590214,20580501,20600106,20561113,20591023,20590317,20640815,20401225,20450601,20510809,20360602,20481218,20520301,,20450502,20610208,20571224,20670401,20471225,20590508,20500407,20441012,20531225,20660412,20350827,20480403,20511009,20390103,20611102,20661115,,20571008,,,,,20461008,20581225,20601103,20521101,20670425,,20590331,20531225,20550301,,20540501,,,,,20461012,20510815,20450216,20520301,20451005,20550428,,20500103,20560106,20581003,20551004,,,,,,20340503,20430101,20460201,20500408,20490106,20680106,20500408,20670425,20631012,20590331,20650101
20680420,20560418,,20650108,20530602,20520422,20370101,20650119,20501102,20660409,20590102,20521226,20380203,20421124,20330513,20451013,20260401,20540416,20360807,20510403,20511101,20590101,20540101,20610117,,,,20590328,20490419,20631122,20610223,,20630425,20491227,,20540518,,20620619,20570420,20390701,20510403,20590421,20580902,20600416,20561225,20591225,20590423,20641225,20410101,20450613,20510925,20360901,20481225,20520306,,20450530,20610411,20571225,20670404,20480101,20590509,20500408,20441101,20531226,20660602,20351101,20480409,20511113,20390104,20611121,20670214,,20571112,,,,,20461123,20581226,20601104,20521111,20670606,,20590501,20531231,20550308,,20540507,,,,,20461102,20510918,20450217,20520306,20451006,20550511,,20500303,20560331,20581101,20551227,,,,,,20340504,20430102,20460202,20500523,20490419,20680423,20500411,20670606,20631102,20590501,20650102
20680423,20560622,,20650109,20530815,20520425,20370216,20650216,20501111,20660412,20590124,20521227,20380204,20421129,20330603,20451023,20260403,20540420,20360818,20510501,20511117,20590210,20540119,20610221,,,,20590331,20490514,20631123,20610430,,20630507,20491228,,20540528,,20620703,20570423,20391003,20510405,20590430,20580903,20600419,20561226,20591226,20590501,20650101,20410104,20450814,20511225,20360916,20490101,20520410,,20450531,20610427,20580101,20670502,20480218,20590519,20500530,20441109,20540101,20661101,20351130,20480501,20511225,20390105,20611212,20670215,,20571122,,,,,20461231,20590101,20601105,20521225,20670926,,20590508,20540101,20550416,,20540518,,,,,20461115,20510919,20450301,20520410,20460101,20550705,,20500415,20560403,20581224,20551228,,,,,,20340505,20430209,20460205,20500701,20490527,20680501,20500425,20671024,20631115,20590529,20650327
20680425,20560624,,20650317,20531028,20520603,20370217,20650327,20501115,20660426,20590501,20530101,20380205,20421225,20330711,20451205,20260414,20540501,20361013,20510511,20511225,20590211,20540216,20610408,,,,20590425,20490527,20631225,20610501,,20630611,20491229,,20541224,,20621113,20570501,20391026,20510501,20590501,20590101,20600527,20570101,20600101,20590519,20650108,20410201,20450815,20511226,20361106,20490119,20520501,,20450605,20610502,20580411,20670530,20480403,20590623,20500704,20441206,20540126,20661208,20351203,20480612,20511226,20390106,20620206,20670401,,20571225,,,,,20470101,20590327,20601110,20521226,20671226,,20591028,20540120,20550419,,20540617,,,,,20461120,20511009,20450501,20520501,20460205,20550809,,20500418,20560501,20581225,20560103,,,,,,20340717,20430210,20460206,20500801,20490607,20680503,20500606,20671226,20631225,20590530,20650330
20680611,20561130,,20650318,20531225,20521028,20370324,20650525,20501124,20660503,20590502,20530404,20380208,20430115,20330728,20451211,20260501,20540716,20361103,20510512,20511226,20590328,20540327,20610530,,,,20590602,20490528,20640101,20611130,,20630727,20500103,,20541225,,20621225,20570531,20391226,20510517,20590502,20590210,20600625,20570420,20600126,20590522,20650317,20410315,20450816,20520101,20361119,20490201,20520506,,20450801,20610815,20580412,20670829,20480501,20590815,20500905,20441208,20540309,20670106,20351224,20480713,20520101,20390107,20620320,20670421,,20580101,,,,,20470102,20590328,20601129,20530101,20671227,,20591117,20540209,20550607,,20540803,,,,,20461225,20511027,20450505,20520506,20460206,20551019,,20500502,20560511,20581226,20560126,,,,,,20340811,20430211,20460207,20500905,20490617,20680621,20501024,20671227,20631231,20590805,20650501
20681001,20561202,,20650319,20531226,20521225,20370402,20650703,20501226,20660811,20590505,20530407,20380209,20430126,20330812,20460101,20260528,20541002,20361117,20510522,20520101,20590421,20540525,20610704,,,,20590609,20490607,20640121,20611203,,20630806,20500317,,20541231,,20621226,20570611,20391227,20510613,20590901,20590211,20601206,20570525,20600209,20590523,20650330,20410402,20450817,20520321,20361120,20490202,20520507,,20450814,20611031,20580501,20671226,20480604,20591225,20500916,20450106,20540327,20670404,20351225,20480821,20520102,20390110,20620323,20670602,,20580121,,,,,20470103,20590331,20601208,20530404,20680102,,20591224,20540210,20550702,,20541224,,,,,20461231,20511101,20450524,20520507,20460207,20560215,,20500506,20560606,20581231,20560331,,,,,,20340918,20430212,20460208,20501010,20491026,20680815,20501226,20680102,20640101,20590815,20650507
20681225,20561203,,20650320,20540101,20521226,20370403,20650907,20510102,20661004,20590623,20530501,20380405,20430223,20331013,20460102,20260626,20541225,20361208,20510721,20520419,20590501,20540703,20610905,,,,20590804,20491224,20640404,20620101,,20631225,20500408,,20550101,,20630101,20570801,20400102,20510920,20590902,20590212,20601224,20570618,20600308,20590715,20650501,20410419,20450818,20520419,20361225,20490203,20520606,,20450815,20611101,20580729,20671227,20480610,20591226,20501010,20450320,20540330,20670425,20351231,20480831,20520419,20390223,20620324,20670907,,20580218,,,,,20470114,20590501,20610221,20530407,20680126,,20591225,20540327,20550802,,20541225,,,,,20470101,20511208,20450606,20520606,20460208,20560216,,20500524,20560623,20590101,20560403,,,,,,20341009,20430213,20460209,20501111,20491101,20681101,20501227,20680103,20640218,20591118,20650518
20681226,20570101,,20650423,20540106,20530101,20370501,20651012,20510116,20661227,20590815,20530502,20380503,20430309,20331024,20460220,20260815,20550126,20361225,20510815,20520422,20590529,20540907,20611124,,,,20591006,20491231,20640526,20620211,,20631226,20500411,,20550416,,20630122,20570906,20400213,20511002,20600101,20590213,20610106,20570802,20600416,20591029,20650507,20410501,20451110,20520422,20370101,20490517,20520815,,20450831,20611226,20580830,20680102,20481005,20600101,20501102,20450406,20540608,20670602,20360101,20480918,20520520,20390307,20620501,20671012,,20580527,,,,,20470211,20590508,20610222,20530501,20680305,,20591226,20540421,20550803,,20550101,,,,,20470125,20511225,20450815,20520815,20460209,20560331,,20500906,20561225,20590106,20560425,,,,,,20341103,20430227,20460228,20501226,20491208,20681225,20510102,20680206,20640219,20591225,20651225
20690101,20570405,,20650501,20540316,20530102,20370525,20651111,20510213,20661228,20591201,20530526,20380607,20430327,20331205,20460406,20260826,20550224,20361231,20511101,20520501,20591225,20541012,20611226,,,,20591225,20500407,20640704,20620212,,20640101,20500502,,20550419,,20630228,20571225,20400214,20511013,20600102,20590214,20610408,20570803,20600419,20600101,20650518,20410516,20451225,20520501,20370127,20490607,20520906,,20451108,20620102,20581008,20680420,20481201,20600416,20501111,20450407,20540925,20670815,20360128,20481130,20520624,20390308,20621102,20671102,,20580704,,,,,20470321,20590519,20610223,20530508,20680420,,20600101,20540423,20550804,,20550415,,,,,20470225,20520101,20450925,20520906,20460404,20560417,,20500922,20561226,20590328,20560612,,,,,,20341123,20430403,20460403,20501227,20491224,20681226,20510103,20680420,20640404,20591226,20660101
,20570407,,20650519,20540325,20530127,20370615,20651126,20510214,20670103,20591225,20530820,20380913,20430401,20331212,20460413,20260914,20550406,20370101,20511225,20520508,20591231,20541111,20620102,,,,20591226,20500408,20640901,20620419,,20640128,20500606,,20550527,,20630413,20571226,20400215,20511225,20600202,20590421,20610411,20570903,20600420,20600304,20650616,20410530,20451226,20520617,20370202,20490618,20520909,,20451110,20620208,20581101,20680423,20481208,20600419,20501121,20450501,20541103,20671101,20360207,20481208,20520701,20390502,20621120,20671115,,20580902,,,,,20470429,20591224,20610408,20530515,20680423,,20600416,20540501,20551022,,20550416,,,,,20470226,20520419,20450926,20520909,20460430,20560501,,20501226,20570101,20590331,20560807,,,,,,20350101,20430406,20460404,20510102,20500106,20690101,20510123,20680423,20640421,20600101,20660409
,20570611,,20650715,20540501,20530206,20370709,20651225,20510220,20670126,20591226,20531023,20381001,20430410,20340102,20460416,20261002,20550414,20370112,20511226,20520705,20600101,20541126,20620116,,,,20600101,20500411,20641104,20620420,,20640404,20500801,,20550607,,20630416,20571231,20400330,20511226,20600203,20590430,20610519,20571112,20600614,20600305,20650807,20410726,20460101,20520809,20370216,20490702,20521003,,20451225,20620327,20581225,20680507,20481224,20600527,20501124,20450502,20541225,20671208,20360225,20481224,20520902,20390503,20621212,20680305,,20581014,,,,,20470503,20591225,20610502,20530526,20680425,,20600419,20540528,20551227,,20550419,,,,,20470412,20520501,20450927,20521003,20460501,20560529,,20501227,20570420,20590501,20561002,,,,,,20350102,20430501,20460501,20510220,20500411,,20510206,20680425,20640501,20600106,20660412
,20570612,,20651029,20540504,20530404,20370817,20660101,20510331,20670401,20600101,20531024,20381004,20430414,20340306,20460501,20261020,20550416,20370323,20520101,20520829,20600301,20541225,20620220,,,,20600126,20500506,20641111,20620510,,20640407,20501031,,20550617,,20630521,20580101,20400402,20520101,20600204,20590501,20610624,20571225,20601021,20600423,20651225,20410926,20460119,20520924,20370217,20490831,20521009,,20460101,20620427,20590101,20680528,20481225,20600607,20501212,20450515,20541228,20671226,20360409,20481225,20521014,20390509,20621225,20680306,,20581111,,,,,20470506,20591226,20611103,20530714,20680604,,20600705,20540907,20560103,,20550422,,,,,20470501,20520521,20451003,20521009,20460608,20560809,,20501228,20570423,20590508,20561225,,,,,,20350103,20430611,20460608,20510331,20500519,,20510331,20680604,20640605,20600419,20660520
,20570613,,20651228,20540622,20530407,20371012,20660118,20510421,20670404,20600102,20531224,20381005,20430422,20340406,20460504,20261110,20550429,20370402,20520419,20521101,20600302,20550101,20620324,,,,20600308,20500519,20641127,20620719,,20640425,20501226,,20551224,,20630618,20580102,20400404,20520201,20600205,20590502,20611206,20571226,20601227,20600510,20651228,20410927,20460206,20521216,20370218,20490908,20521225,,20460201,20620501,20590327,20680827,20490101,20600623,20501226,20450815,20550101,20680106,20360410,20481230,20521111,20390613,20630101,20680420,,20581128,,,,,20470715,20600101,20611104,20530815,20680924,,20600706,20541012,20560306,,20550527,,,,,20470613,20520716,20451009,20521225,20460917,20561106,,20510102,20570501,20590519,20561226,,,,,,20350108,20430612,20460914,20510522,20500530,,20510403,20681022,20641225,20600617,20660531
,20570703,,20651229,20541028,20530425,20371106,20660215,20510501,20670425,20600423,20531225,20381006,20430501,20340413,20460521,20261124,20550706,20370403,20520422,20521224,20600416,20550118,20620529,,,,20600416,20500520,20641128,20621130,,20640505,20501227,,20551231,,20630702,20580412,20400501,20520202,20600206,20590901,20611226,20580101,20601228,20600511,20660101,20410930,20460323,20521225,20370428,20490916,20521231,,20460206,20620502,20590328,20681225,20490302,20601101,20510102,20451012,20550126,20680423,20360411,20481231,20521225,20391104,20630205,20680501,,20581225,,,,,20470812,20600415,20611110,20531111,20681225,,20600928,20541102,20560313,,20550607,,,,,20470709,20520815,20451225,20521231,20461001,20561225,,20510303,20570531,20590529,20570101,,,,,,20350212,20430917,20461010,20510703,20500609,,20510425,20681225,20641231,20600622,20670401
,20570911,,20651230,20541225,20530602,20371123,20660409,20510529,20670502,20600426,20531226,20381007,20430511,20340414,20460604,20261225,20550804,20370501,20520501,20521225,20600421,20550215,20620704,,,,20600419,20500530,20641225,20621202,,20640609,20501228,,20560331,,20631112,20580415,20400518,20520404,20600412,20590902,20620106,20580412,20610103,20600512,20660412,20411204,20460501,20521226,20370501,20490928,20530101,,20460207,20620815,20590501,20681226,20490416,20610408,20510116,20451101,20550308,20680425,20360501,20490101,20521226,20400102,20630319,20680621,,20590101,,,,,20470916,20600416,20611128,20531225,20681226,,20601028,20541120,20560331,,20550617,,,,,20471115,20520918,20460101,20530101,20461002,20570101,,20510501,20570606,20591003,20570126,,,,,,20350223,20430918,20461231,20510807,20500815,,20510605,20681226,20650101,20600805,20670404
,20571202,,20660101,20550101,20531027,20371208,20660531,20510601,20670810,20600601,20540101,20390103,20430815,20340501,20460717,20270126,20550825,20370518,20520530,20521226,20600617,20550416,20620904,,,,20600426,20501226,20650101,20621203,,20640725,20510102,,20560403,,20631225,20580501,20400614,20520419,20600430,20600101,20620324,20580524,20610126,20600513,20660520,20411224,20460503,20530101,20370529,20491025,20530218,,20460501,20621031,20590728,20690101,20490610,20610411,20510206,20451109,20550416,20680501,20360612,20490202,20530101,20400103,20630412,20680907,,20590120,,,,,20470923,20600419,20611208,20531226,20690101,,20601117,20541225,20560403,,20550802,,,,,20471120,20520919,20460205,20530218,20461003,20570205,,20510505,20570622,20591224,20570420,,,,,,20350321,20431009,20470101,20510904,20501026,,20511023,20690101,20650209,20601101,20670512
,20571203,,20660308,20550106,20531225,20371225,20660705,20510704,20671003,20600614,20540102,20390124,20430907,20340504,20460730,20270219,20550929,20370608,20520531,20530101,20600907,20550531,20621123,,,,20600531,20510330,20650119,20630101,,20640804,20510317,,20560501,,20631226,20580523,20400702,20520422,20600503,20600102,20620327,20580617,20610214,20600519,20660531,20411225,20460601,20530321,20370601,20491208,20530219,,20460521,20621101,20590729,,20490617,20610509,20510220,20451206,20550419,20680815,20360821,20490225,20530102,20400104,20630413,20681012,,20590217,,,,,20471014,20600517,20611226,20540101,,,20601224,20541231,20560522,,20551224,,,,,20471225,20520920,20460206,20530219,20461004,20570206,,20510508,20571224,20591225,20570423,,,,,,20350430,20440101,20470122,20511009,20501101,,20511225,,20650210,20601118,20670523
,20580101,,20660309,20550301,20531226,20380101,20660906,20510904,20671226,20601130,20540327,20390125,20431002,20340601,20460813,20270306,20551021,20370615,20520610,20530106,20601012,20550705,20621225,,,,20600614,20510331,20650327,20630131,,20641225,20510331,,20560511,,20640101,20580603,20400921,20520501,20600902,20600202,20620501,20580801,20610314,20600715,20661101,20420101,20460803,20530404,20370831,20500124,20530220,,20460530,20621225,20591008,,20491005,20610519,20510320,20451208,20550614,20681101,20360825,20490409,20530404,20400105,20630501,20681102,,20590526,,,,,20471104,20600527,20620102,20540327,,,20610408,20550101,20560630,,20560330,,,,,20471231,20521031,20460207,20530220,20461005,20570405,,20510524,20571225,20591226,20570425,,,,,,20350503,20440128,20470123,20511113,20501208,,20511226,,20650327,20610106,20670801
,20580325,,20660423,20550325,20540101,20380308,20661011,20510907,20671227,20601201,20540330,20390126,20431012,20340605,20461015,20270310,20551104,20370629,20520815,20530404,20601102,20550906,20630101,,,,20600802,20510403,20650525,20630201,,20641226,20510403,,20560522,,20640128,20580801,20401001,20520506,20600903,20600203,20620504,20580802,20610408,20600830,20661115,20420122,20460806,20530407,20370916,20500125,20530501,,20460531,20621226,20591208,,20491101,20610530,20510330,20451225,20551001,20681225,20361120,20490415,20530519,20400106,20631102,20681115,,20590704,,,,,20471231,20600607,20620109,20540330,,,20610411,20550120,20560807,,20560331,,,,,20480101,20521101,20460301,20530501,20461231,20570420,,20510906,20571226,20591231,20570611,,,,,,20350504,20440129,20470124,20511225,20501226,,20520101,,20650421,20610411,20671226
,20580326,,20660519,20550416,20540102,20380309,20661111,20511009,20680102,20610124,20540501,20390127,20431013,20340728,20461023,20270322,20560126,20370720,20521101,20530407,20601115,20551011,20630115,,,,20601004,20510428,20650703,20630408,,20650101,20510501,,20560601,,20640220,20580905,20401015,20520701,20610103,20600204,20620623,20580902,20610411,20601029,20661215,20420304,20460807,20530428,20371026,20500201,20530505,,20460604,20630101,20591225,,20491201,20610623,20510331,20460101,20551102,20681226,20361208,20490416,20530624,20400223,20631119,20681225,,20590901,,,,,20480101,20601224,20620206,20540501,,,20610705,20550301,20560808,,20560403,,,,,20480217,20521225,20460501,20530505,20470101,20570501,,20510922,20571231,20600101,20570806,,,,,,20350716,20440201,20470125,20511226,20510106,,20520102,,20650501,20610530,20680102
,20580327,,20660715,20550419,20540126,20380324,20661125,20511012,20680126,20610408,20540518,20390128,20431031,20340731,20461205,20270326,20560302,20370807,20521111,20530501,20601130,20551111,20630219,,,,20601227,20510511,20650907,20630409,,20650126,20510605,,20561003,,20640404,20581225,20401225,20520909,20610119,20600205,20621206,20581111,20610412,20610221,20670224,20420404,20460817,20530501,20371106,20500207,20530606,,20460806,20630102,20600101,,20491208,20610815,20510501,20460322,20551227,20690101,20361224,20490510,20530701,20400224,20631212,20690101,,20591013,,,,,20480102,20610407,20620207,20540507,,,20610706,20550302,20560809,,20560420,,,,,20480218,20521231,20460507,20530606,20470125,20570518,,20511225,20580101,20600106,20571001,,,,,,20350917,20440202,20470128,20520101,20510403,,20520122,,20650528,20610609,20680420
,20580601,,20660830,20550607,20540206,20380402,20661224,20511102,20680420,20610411,20540820,20390404,20431102,20340814,20461210,20270401,20560329,20370817,20521225,20530508,20601231,20551125,20630413,,,,20601228,20510512,20651111,20630410,,20650327,20510807,,20561225,,20640407,20581226,20401226,20521001,20610120,20600206,20621225,20581225,20610425,20610222,20670404,20420501,20461010,20530616,20371109,20500502,20530815,,20460831,20630208,20600102,,20491224,20611101,20510529,20460323,20551228,,20361225,20490702,20530901,20400308,20631225,,,20591111,,,,,20480103,20610408,20620208,20540508,,,20610928,20550416,20561020,,20560501,,,,,20480403,20530101,20460606,20530815,20470128,20570613,,20511226,20580412,20600416,20571225,,,,,,20350924,20440203,20470129,20520219,20510501,,20520206,,20650907,20610622,20680423
,20580602,,20661029,20551028,20540327,20380422,20670117,20511115,20680423,20610530,20540821,20390405,20431113,20341013,20461231,20270407,20560331,20371012,20521226,20530829,20610221,20551224,20630528,,,,20610103,20510522,20651126,20630430,,20650330,20511030,,20561226,,20640519,20581231,20410101,20521030,20610121,20600412,20621226,20581226,20610613,20610223,20670502,20420515,20461031,20530924,20371110,20500505,20530925,,20460917,20630416,20600415,,20500222,20611226,20510704,20460501,20560103,,20361226,20490830,20531013,20400309,20640101,,,20591127,,,,,20480113,20610411,20620324,20540518,,,20611028,20550421,20561225,,20560511,,,,,20480421,20530404,20460613,20530925,20470129,20570809,,20511227,20580415,20600419,20571226,,,,,,20351008,20440229,20470130,20520419,20510511,,20520419,,20651012,20610805,20680501
,20580622,,20661220,20560106,20540330,20380423,20670221,20511123,20680425,20610601,20541023,20390502,20431119,20341023,20470101,20270414,20560414,20371102,20530101,20530901,20610222,20560117,20630704,,,,20610126,20510605,20651127,20630708,,20650504,20511225,,20570101,,20640616,20590101,20410201,20521225,20610124,20600430,20630101,20590101,20611020,20610502,20670512,20420604,20461224,20531216,20371225,20500606,20530926,,20461010,20630427,20600416,,20500408,20620324,20510904,20460502,20560126,,20361230,20490908,20531111,20400430,20640204,,,20591225,,,,,20480211,20610517,20620501,20540714,,,20611117,20550423,20561226,,20560522,,,,,20480501,20530501,20460815,20530926,20470130,20571225,,20520101,20580501,20600527,20580101,,,,,,20351123,20440404,20470228,20520520,20510522,,20520422,,20651102,20610815,20680531
,20580831,,20670224,20560221,20540427,20380525,20670530,20511225,20680507,20610815,20541224,20390527,20431225,20341205,20470211,20270415,20560417,20371116,20530404,20530915,20610408,20560221,20630903,,,,20610314,20511225,20651225,20631202,,20650608,20511226,,20570420,,20640707,20590102,20410204,20521226,20610125,20600503,20630413,20590328,20611226,20610503,20670523,20420715,20461225,20531225,20380101,20500607,20531003,,20461029,20630501,20600629,,20500425,20620327,20511009,20460515,20560313,,20361231,20491101,20531225,20400501,20640317,,,20600101,,,,,20480224,20610519,20621103,20541111,,,20611226,20550617,20570101,,20560807,,,,,20480604,20530521,20460914,20531003,20470131,20580101,,20520304,20580523,20600607,20580128,,,,,,20351231,20440405,20470301,20520701,20510601,,20520425,,20651225,20611101,20680611
,20581130,,20670225,20560407,20540601,20380621,20670704,20520101,20680815,20611130,20541225,20391003,20440115,20341211,20470408,20270419,20560501,20371208,20530407,20531117,20610421,20560331,20631122,,,,20610408,20511226,20660101,20631203,,20650724,20511227,,20570423,,20641110,20590328,20410404,20530101,20610331,20600902,20630416,20590530,20611227,20610519,20670525,20420915,20461231,20531226,20380121,20500621,20531009,,20461031,20630502,20600728,,20500609,20620501,20511102,20460815,20560331,,20370101,20491130,20531226,20400509,20640403,,,20600119,,,,,20480320,20610530,20621106,20541225,,,20620324,20550907,20570305,,20561225,,,,,20480709,20530716,20460917,20531009,20470405,20580124,,20520419,20580606,20600617,20580412,,,,,,20360101,20440502,20470404,20520805,20510815,,20520603,,20651231,20611118,20680801
,20581202,,20670519,20560410,20541026,20380709,20670905,20520115,20681001,20611201,20550101,20391004,20440126,20350101,20470415,20270501,20560724,20371225,20530501,20531224,20610609,20560529,20631225,,,,20610411,20520101,20660118,20640101,,20650803,20520101,,20570501,,20641225,20590331,20410419,20530219,20610401,20600903,20630501,20590616,20620102,20610715,20670808,20420916,20470101,20540101,20380201,20500622,20531225,,20461225,20630625,20600729,,20500610,20620504,20511120,20461012,20560403,,20370102,20491208,20540101,20400611,20640404,,,20600216,,,,,20480429,20611226,20621110,20550101,,,20620327,20551012,20570312,,20561226,,,,,20480907,20530815,20461003,20531225,20470501,20580125,,20520422,20580621,20601101,20580415,,,,,,20360102,20440530,20470405,20520902,20511026,,20521028,,20660101,20611226,20681225
,20581203,,20670715,20560501,20541225,20380816,20671010,20520219,20681225,20611226,20550315,20391005,20440212,20350102,20470416,20270517,20560815,20371231,20530515,20531225,20610907,20560704,20640101,,,,20610425,20520418,20660409,20640119,,20651225,20520318,,20570531,,20641226,20590501,20410422,20530220,20610502,20610103,20630524,20590731,20620126,20610830,20670815,20420917,20470109,20540327,20380204,20500829,20531231,,20470101,20630815,20600830,,20500613,20620509,20511123,20461101,20560425,,20370126,20491224,20540102,20400612,20640501,,,20600531,,,,,20480504,20620323,20621128,20550416,,,20620501,20551102,20570420,,20570101,,,,,20481012,20530918,20461009,20531231,20470529,20580326,,20520501,20581224,20601224,20580425,,,,,,20360103,20440531,20470501,20521014,20511101,,20521225,,20660222,20620106,20681226
,20590101,,20670830,20560529,20541228,20381011,20671111,20520304,20681226,20620102,20550416,20391006,20440226,20350222,20470501,20270520,20560913,20380101,20530516,20531226,20611012,20560904,20640121,,,,20610530,20520419,20660531,20640120,,20651228,20520419,,20570611,,20650101,20590508,20410501,20530221,20610503,20610119,20630622,20590801,20620213,20620213,20671101,20420918,20470327,20540330,20380205,20500831,20540101,,20470109,20631031,20601008,,20500815,20620515,20511212,20461109,20560612,,20370225,20491230,20540327,20401105,20640916,,,20600705,,,,,20480505,20620324,20621208,20550419,,,20620508,20551115,20570423,,20570419,,,,,20481102,20530919,20461225,20540101,20471001,20580412,,20520506,20581225,20601231,20580610,,,,,,20360114,20441005,20470529,20521111,20511208,,20521226,,20660223,20620327,20690101
,20590315,,20671208,20560815,20550101,20381208,20671124,20520305,20690101,20620124,20550419,20391007,20440330,20350406,20470506,20270616,20561002,20380111,20530526,20540101,20611102,20561009,20640218,,,,20610613,20520422,20660705,20640121,,20660101,20520422,,20570621,,20650126,20590519,20410507,20530403,20610902,20610120,20631206,20590901,20620313,20620420,20671115,20420919,20470412,20540427,20380518,20500916,20540209,,20470128,20631101,20601101,,20501005,20620623,20511225,20461206,20560929,,20370402,20491231,20540518,20410101,20641117,,,20600906,,,,,20480506,20620327,20621225,20550527,,,20620705,20551231,20570611,,20570420,,,,,20481120,20531031,20470101,20540209,20471002,20580501,,20520524,20581226,20610106,20580805,,,,,,20360211,20441010,20471004,20521225,20511225,,20530101,,20660409,20620501,
,20590316,,20671209,20561225,20550104,20381224,20671226,20520419,,20620428,20550607,20400102,20440401,20350413,20470508,20270904,20561017,20380322,20530721,20540106,20611115,20561123,20640404,,,,20610801,20520517,20660906,20640122,,20660126,20520506,,20571003,,20650211,20590801,20410603,20530404,20610905,20610121,20631224,20591111,20620324,20620421,20671208,20421224,20470501,20540501,20380607,20500919,20540210,,20470201,20631225,20601208,,20501101,20620815,20520101,20461225,20561107,,20370403,20500225,20540624,20410102,20641212,,,20601011,,,,,20480720,20620501,20630101,20550607,,,20620706,20560120,20570702,,20570423,,,,,20481225,20531208,20470125,20540210,20471003,20580507,,20520906,20581231,20610408,20581007,,,,,,20360320,20450102,20471010,20521226,20511226,,20530102,,20660421,20620525,
,20590317,,20680214,20561226,20550201,20381231,20680102,20520501,,20620501,20550820,20400213,20440414,20350416,20470603,20271002,20561108,20380422,20530815,20540327,20611130,20561225,20640526,,,,20611003,20520530,20661102,20640327,,20660409,20520603,,20571224,,20650327,20590911,20410701,20530407,20620102,20610124,20631225,20591225,20620327,20620501,20671226,20421225,20470510,20540616,20380831,20501114,20540501,,20470501,20631226,20610407,,20501201,20621101,20520115,20470101,20561225,,20370409,20500407,20540701,20410103,20641225,,,20601111,,,,,20480811,20620504,20630109,20550714,,,20620928,20560214,20570806,,20570501,,,,,20481231,20531225,20470128,20540501,20471004,20580603,,20520923,20590101,20610411,20581225,,,,,,20360429,20450215,20471011,20530101,20520101,,20530120,,20660610,20620530,
,20590521,,20680215,20570101,20550208,20390221,20680116,20520527,,20620601,20551101,20400214,20440415,20350501,20470708,20271029,20561122,20380423,20531111,20540330,20611230,20570101,20640704,,,,20611226,20520531,20661111,20640329,,20660412,20520805,,20571225,,20650330,20591225,20410911,20530501,20620206,20610125,20631226,20591226,20620328,20620519,20680213,20421226,20470523,20540810,20380916,20501128,20540505,,20470509,20640101,20610408,,20501208,20621225,20520205,20470107,20561226,,20370501,20500408,20540907,20410104,20650101,,,20601125,,,,,20480921,20620515,20630226,20551101,,,20621117,20560215,20570807,,20570531,,,,,20490101,20531231,20470301,20540505,20471007,20580809,,20521224,20590106,20610519,20581226,,,,,,20360505,20450216,20480101,20530217,20520422,,20530206,,20660907,20620622,
,20590522,,20680216,20570312,20550416,20390222,20680220,20520620,,20620619,20551224,20400215,20440430,20350504,20470729,20271030,20561225,20380607,20531225,20540501,20620206,20570115,20640901,,,,20611227,20520605,20661125,20641130,,20660426,20521028,,20571226,,20650518,20591226,20411001,20530526,20620207,20610331,20640101,20600101,20620425,20620830,20680423,20430101,20470722,20540924,20381027,20501226,20540515,,20470530,20640102,20610629,,20510214,20621226,20520219,20470318,20570101,,20370511,20500621,20541012,20410107,20650202,,,20610117,,,,,20480922,20620517,20630227,20551111,,,20621225,20560331,20570808,,20570611,,,,,20490125,20540101,20470306,20540515,20471008,20581115,,20521225,20590328,20610530,20590101,,,,,,20360506,20450217,20480210,20530404,20520501,,20530404,,20661012,20620815,
,20590611,,20680217,20570427,20550419,20390324,20680420,20520704,,20620815,20560315,20400216,20440815,20350521,20470812,20280126,20570126,20380628,20531226,20540508,20620207,20570219,20641127,,,,20620102,20520610,20661126,20641202,,20660503,20521225,,20571231,,20650615,20591231,20411003,20530620,20620208,20610401,20640404,20600416,20620612,20630101,20680501,20430210,20470723,20541216,20381029,20510102,20540603,,20470531,20640208,20610728,,20510331,20630101,20520318,20470411,20570126,,20370612,20500829,20541111,20410108,20650316,,,20610221,,,,,20481012,20621225,20630228,20560331,,,20621226,20560421,20571022,,20570806,,,,,20490301,20540327,20470501,20540603,20480101,20581225,,20521226,20590331,20610609,20590127,,,,,,20360721,20450220,20480211,20530519,20520530,,20530407,,20661102,20621101,
,20590820,,20680423,20570430,20550426,20390407,20680528,20520902,,20621130,20560331,20400217,20440825,20350604,20471014,20280219,20570321,20380705,20540101,20540901,20620324,20570420,20641225,,,,20620126,20521224,20661224,20641203,,20660614,20521226,,20580101,,20650706,20600101,20411225,20530701,20620209,20610502,20640407,20600528,20621026,20630131,20680514,20430327,20470724,20541225,20390105,20510127,20540915,,20470603,20640407,20610729,,20510425,20630413,20520418,20470412,20570312,,20370821,20501101,20541225,20410308,20650326,,,20610530,,,,,20481103,20621226,20630413,20560403,,,20630101,20560501,20571225,,20571224,,,,,20490302,20540501,20470502,20540915,20480213,20590101,,20530101,20590501,20611003,20590328,,,,,,20360811,20450221,20480212,20530701,20520610,,20530425,,20661115,20621225,
,20591130,,20680501,20570501,20550607,20390408,20680704,20521014,,20621201,20560403,20400404,20440826,20350720,20471023,20280223,20570406,20380720,20540327,20540915,20620421,20570528,20650101,,,,20620313,20521225,20661231,20650101,,20660723,20521227,,20580412,,20651109,20600102,20411226,20531001,20620210,20610503,20640501,20600621,20621225,20630201,20680531,20430410,20470725,20550101,20390124,20510201,20540916,,20470711,20640501,20610830,,20510501,20630416,20520419,20470501,20570420,,20370831,20501130,20541228,20410501,20650327,,,20610704,,,,,20481123,20630101,20630501,20560501,,,20630413,20560601,20571226,,20571225,,,,,20490416,20540521,20470506,20540916,20480214,20590212,,20530303,20590508,20611101,20590331,,,,,,20360915,20450227,20480213,20530804,20520620,,20530602,,20661231,20621226,
,20591202,,20680830,20570618,20551025,20390525,20680903,20521111,,20621225,20560501,20400430,20440921,20350730,20471205,20280327,20570413,20380816,20540330,20541117,20620501,20570704,20650119,,,,20620324,20521226,20670117,20650108,,20660802,20530101,,20580415,,20651225,20600416,20420101,20531020,20620213,20610902,20640515,20600729,20621226,20630202,20680611,20430501,20470726,20550322,20390125,20510213,20540917,,20470724,20640502,20611101,,20510601,20630501,20520501,20470502,20570423,,20371109,20501208,20550101,20410502,20650501,,,20610905,,,,,20481231,20630412,20631105,20560508,,,20630416,20560907,20580101,,20571226,,,,,20490421,20540629,20470606,20540917,20480217,20590213,,20530411,20590606,20611226,20590425,,,,,,20360922,20450228,20480214,20530901,20520815,,20531027,,20670214,20630101,
,20591203,,20681029,20570815,20551227,20390620,20681008,20521115,,20621226,20560522,20400501,20440930,20350813,20471210,20280401,20570417,20381018,20540501,20541224,20620525,20570903,20650216,,,,20620327,20521231,20670401,20650110,,20661227,20530317,,20580501,,20651228,20600419,20420122,20531225,20620419,20610905,20640620,20600730,20630101,20630409,20680807,20430507,20470930,20550416,20390126,20510501,20541009,,20470725,20640625,20611208,,20510613,20630509,20520527,20470515,20570425,,20371130,20501230,20550104,20410503,20650916,,,20611010,,,,,20490101,20630413,20631128,20560511,,,20630501,20561012,20580304,,20580101,,,,,20490617,20540716,20470815,20541009,20480218,20590328,,20530414,20590620,20620106,20590609,,,,,,20361013,20450403,20480217,20531013,20521101,,20531225,,20670215,20630416,
,20600101,,20681126,20571225,20551228,20390815,20681112,20521128,,20630101,20561023,20400614,20441001,20351015,20471231,20280403,20570420,20381101,20540507,20541225,20620907,20571008,20650327,,,,20620425,20530101,20670530,20650316,,20661228,20530404,,20580523,,20660101,20600527,20420123,20531226,20620501,20620102,20641224,20600906,20630126,20630410,20680815,20430601,20471224,20550419,20390201,20510524,20541225,,20470916,20640815,20620323,,20510815,20630524,20520704,20470815,20570611,,20371208,20510330,20550416,20410509,20651102,,,20611111,,,,,20490111,20630416,20631225,20560522,,,20630508,20561102,20580311,,20580411,,,,,20490709,20540918,20471003,20541225,20480219,20590501,,20530501,20591224,20620324,20590804,,,,,,20361103,20450404,20480218,20531111,20521224,,20531226,,20670401,20630501,
,20600304,,20681127,20571226,20560103,20391010,20681122,20521225,,20630102,20561101,20400615,20441006,20351023,20480101,20280407,20570501,20381115,20540508,20550101,20621012,20571112,20650525,,,,20620529,20530403,20670704,20650317,,20670103,20530407,,20580603,,20660125,20600607,20420124,20540101,20620502,20620206,20641225,20601111,20630212,20630411,20681101,20430817,20471225,20550427,20390208,20510529,20541231,,20470930,20641031,20620324,,20511005,20630604,20520902,20471101,20570928,,20371224,20510331,20550524,20410510,20651116,,,20611124,,,,,20490211,20630501,20640101,20560714,,,20630705,20561115,20580412,,20580412,,,,,20490907,20541012,20471004,20541231,20480406,20590522,,20530506,20591225,20620327,20591006,,,,,,20361124,20450501,20480228,20531225,20521225,,20540101,,20670421,20630530,
,20600306,,20681128,20580101,20560104,20391208,20681225,20530101,,20630124,20561225,20400920,20441020,20351205,20480228,20280414,20570613,20381208,20540518,20550106,20621102,20571122,20650703,,,,20620612,20530404,20670905,20650318,,20670126,20530505,,20580613,,20660224,20600909,20420403,20540209,20620904,20620207,20641226,20601227,20630312,20630412,20681115,20430904,20471231,20550616,20390406,20510605,20550101,,20471018,20641225,20620501,,20511101,20630815,20520916,20471206,20571106,,20371225,20510501,20550624,20410612,20651225,,,20611226,,,,,20490223,20630517,20640109,20560815,,,20630706,20561120,20580415,,20580415,,,,,20491012,20541208,20471009,20550101,20480501,20590526,,20530526,20591226,20620501,20591225,,,,,,20361231,20450619,20480402,20531226,20521226,,20540102,,20670602,20630614,
,20600509,,20690101,20580225,20560131,20400213,20690101,20530120,,20630420,20561226,20400921,20441021,20351210,20480406,20280501,20570713,20381231,20540721,20550416,20621115,20571225,20650907,,,,20620807,20530407,20671111,20650407,,20670401,20530602,,20581003,,20660409,20601231,20420404,20540210,20620905,20620208,20650101,20601228,20630413,20630423,20681122,20430907,20480101,20550809,20390502,20510612,20550127,,20471021,20641226,20620629,,20511201,20631101,20521014,20471225,20571225,,20371230,20510612,20550701,20411104,20660101,,,20620102,,,,,20490429,20630524,20640218,20561101,,,20630928,20561225,20580603,,20580425,,,,,20491102,20541225,20471225,20550127,20480615,20591104,,20530908,20591231,20620504,20591226,,,,,,20370101,20450925,20480403,20540101,20530101,,20540119,,20670907,20630622,
,20600510,,,20580325,20560207,20400214,,20530217,,20630423,20570101,20401001,20441101,20351231,20480413,20280506,20570815,20390110,20541111,20550419,20621130,20580101,20651126,,,,20621002,20530502,20671124,20650616,,20670404,20530804,,20581224,,20660412,20610408,20420407,20540211,20630101,20620209,20650106,20610103,20630416,20630501,20681126,20430908,20480214,20550924,20390606,20510817,20550128,,20471225,20650101,20620728,,20511208,20631225,20521111,20480101,20571226,,20371231,20510817,20550906,20420101,20660201,,,20620116,,,,,20490503,20630604,20640219,20561225,,,20631224,20561229,20580701,,20580501,,,,,20491115,20541231,20480101,20550128,20480921,20591225,,20530922,20600101,20620515,20600101,,,,,,20370102,20451009,20480501,20540216,20530106,,20540206,,20671012,20630815,
,20600511,,,20580412,20560331,20400329,,20530218,,20630501,20570315,20401002,20441108,20360101,20480414,20280508,20571002,20390321,20541225,20550705,20621225,20580121,20651225,,,,20621225,20530515,20671125,20651130,,20670425,20531027,,20581225,,20660517,20610411,20420501,20540327,20630129,20620210,20650327,20610408,20630417,20630830,20681225,20431112,20480316,20551216,20390831,20510831,20550129,,20471230,20650102,20620830,,20511225,20631226,20521118,20480106,20580101,,20380101,20510821,20551011,20420102,20660315,,,20620220,,,,,20490504,20631224,20640220,20561226,,,20631225,20570101,20580805,,20580523,,,,,20491231,20550101,20480213,20550129,20480922,20600101,,20531224,20600106,20620525,20600126,,,,,,20370112,20451010,20480615,20540327,20530407,,20540327,,20671102,20631101,
,20600531,,,20580415,20560403,20400330,,20530404,,20630601,20570316,20401003,20441201,20360212,20480415,20280804,20571225,20390407,20550101,20550901,20621229,20580218,20660101,,,,20621226,20530516,20671226,20651202,,20670502,20531225,,20581226,,20660614,20610519,20420526,20540330,20630130,20620213,20650330,20610527,20630425,20631029,20690101,20431203,20480403,20551227,20390916,20510907,20550301,,20480101,20650330,20621101,,20520101,20640101,20521128,20480319,20580128,,20380115,20510828,20551111,20420103,20660408,,,20620529,,,,,20490505,20631225,20640404,20570101,,,20631226,20570305,20580806,,20580603,,,,,20500125,20550416,20480214,20550301,20481001,20600202,,20531225,20600416,20621003,20600416,,,,,,20370211,20460101,20480921,20540518,20530501,,20540330,,20671115,20631225,
,20600808,,,20580501,20560425,20400402,,20530421,,20630611,20570420,20401004,20450126,20360407,20480501,20280814,20580221,20390408,20550416,20550915,20630101,20580412,20660118,,,,20630101,20530526,20680102,20651203,,20670613,20531226,,20581231,,20660705,20610530,20420623,20540501,20630131,20620419,20650501,20610620,20630611,20640101,,20431224,20480501,20560321,20391005,20511102,20550504,,20480214,20650427,20621208,,20520305,20640404,20521212,20480402,20580311,,20380204,20511101,20551227,20420106,20660409,,,20620704,,,,,20490719,20631226,20640501,20570420,,,20640101,20570306,20580807,,20580617,,,,,20500221,20550521,20480415,20550504,20481002,20600203,,20531226,20600419,20621101,20600419,,,,,,20370223,20460205,20480922,20540701,20530515,,20540427,,20671230,20631226,
,20601130,,,20580603,20560605,20400501,,20530501,,20630815,20570423,20401005,20450131,20360414,20480504,20280815,20580326,20390523,20550419,20551101,20630226,20580527,20660215,,,,20630126,20530605,20680116,20651228,,20670722,20531229,,20590101,,20661115,20610801,20420701,20540515,20630201,20620501,20650507,20610728,20631025,20640121,,20431225,20480511,20560331,20391019,20511116,20550505,,20480501,20650501,20621225,,20520419,20640407,20521225,20480403,20580412,,20380225,20511130,20551228,20420107,20660916,,,20620904,,,,,20490811,20640101,20640701,20570423,,,20640404,20570420,20581021,,20580805,,,,,20500222,20550628,20480501,20550505,20481005,20600304,,20540101,20600527,20621225,20600614,,,,,,20370320,20460206,20481009,20540803,20530526,,20540601,,20680305,20640101,
,20601202,,,20580815,20561023,20400525,,20530526,,20631130,20570430,20401231,20450214,20360415,20480527,20280823,20580402,20390613,20550527,20551117,20630227,20580704,20660409,,,,20630312,20531224,20680420,20651229,,20670801,20540101,,20590328,,20661227,20610908,20420929,20540610,20630202,20620502,20650619,20610729,20631225,20640122,,20440101,20480514,20560403,20391020,20511225,20551004,,20480527,20650625,20630101,,20520425,20640501,20530101,20480501,20580415,,20380409,20511208,20560103,20420108,20661102,,,20621009,,,,,20490920,20640403,20641103,20570501,,,20640407,20570423,20581225,,20581224,,,,,20500408,20550716,20480505,20551004,20481006,20600416,,20540303,20600625,20621226,20600802,,,,,,20370429,20460207,20490101,20540907,20530605,,20541026,,20680306,20640407,
,20610101,,,20581028,20561225,20400620,,20530605,,20631225,20570501,20410101,20450330,20360501,20480603,20280927,20580412,20390620,20550528,20551224,20630413,20580902,20660531,,,,20630413,20531225,20680528,20651230,,20671226,20540317,,20590331,,20661228,20611226,20421001,20540701,20630409,20620904,20651224,20610905,20631226,20640328,,20440211,20480528,20560427,20391115,20520101,20551005,,20480601,20651225,20630412,,20520501,20640509,20530120,20480515,20580425,,20380422,20511225,20560104,20420310,20661115,,,20621123,,,,,20490921,20640404,20641104,20570508,,,20640501,20570501,20581226,,20581225,,,,,20500421,20550917,20480520,20551005,20481007,20600511,,20540501,20601224,20630101,20601004,,,,,,20370504,20460208,20490128,20541012,20530815,,20541225,,20680420,20640501,
,20610221,,,20581225,20561226,20400709,,20530704,,20631226,20570611,20410131,20450401,20360505,20480727,20281002,20580501,20390704,20550607,20560106,20630501,20581014,20660705,,,,20630416,20531226,20680704,20660306,,20671227,20540327,,20590501,,20670103,20620102,20421022,20540917,20630430,20620905,20651225,20611111,20640101,20640331,,20440329,20480601,20560501,20391226,20520201,20551006,,20480602,20660101,20630413,,20520610,20640515,20530203,20480604,20580610,,20380423,20520101,20560331,20420501,20661201,,,20621225,,,,,20490922,20640407,20641105,20570531,,,20640508,20570621,20590101,,20581226,,,,,20500609,20551011,20480921,20551006,20490101,20600514,,20540504,20601231,20630413,20601227,,,,,,20370505,20460209,20490129,20541111,20531208,,20541228,,20680501,20640530,
,20610222,,,20581226,20570101,20400820,,20530901,,20640101,20570820,20410201,20450407,20360512,20480728,20281017,20580702,20390720,20550721,20560331,20630614,20581111,20660906,,,,20630425,20531231,20680903,20660307,,20680102,20540330,,20590508,,20670124,20620324,20421225,20541001,20630501,20630101,20660101,20611226,20640128,20640423,,20440415,20480713,20560616,20391227,20520202,20551231,,20480629,20660208,20630501,,20520613,20640526,20530217,20481012,20580927,,20380830,20520201,20560522,20420502,20670207,,,20630101,,,,,20491011,20640501,20641110,20570611,,,20641028,20570907,20590303,,20590101,,,,,20500907,20551101,20480922,20551231,20490201,20600809,,20540506,20610106,20630416,20601228,,,,,,20370506,20460228,20490201,20541225,20531224,,20550101,,20680621,20640605,
,20610223,,,20590101,20570102,20401015,,20531013,,20640102,20571022,20410204,20450414,20360603,20480812,20281018,20580815,20390815,20551101,20560403,20630907,20581128,20661125,,,,20630528,20540101,20681106,20660327,,20680126,20540504,,20590519,,20670216,20620327,20421226,20541009,20630903,20630129,20660106,20611227,20640211,20640501,,20440512,20480714,20560809,20400102,20520213,20560214,,20480713,20660412,20630629,,20520620,20640623,20530317,20481109,20581105,,20381029,20520409,20560626,20420509,20670321,,,20630115,,,,,20491103,20640515,20641128,20570815,,,20641117,20571012,20590310,,20590327,,,,,20501012,20551208,20480923,20560214,20490202,20610121,,20540525,20610408,20630501,20610103,,,,,,20370720,20460403,20490202,20541228,20531225,,20550104,,20680907,20640805,
,20610430,,,20590106,20570129,20401106,,20531111,,20640124,20571023,20410205,20450420,20360708,20481013,20281102,20580823,20391017,20551111,20560501,20631012,20581225,20661224,,,,20630611,20540326,20681112,20660605,,20680420,20540601,,20590529,,20670401,20620501,20430101,20541225,20630904,20630130,20660409,20620102,20640310,20640519,,20440526,20480715,20560925,20400116,20520501,20560215,,20480714,20660427,20630830,,20520815,20640815,20530403,20481208,20581225,,20381101,20520418,20560703,20420612,20670331,,,20630219,,,,,20491123,20640526,20641208,20571101,,,20641224,20571102,20590328,,20590328,,,,,20501102,20551231,20481009,20560215,20490203,20610222,,20540907,20610411,20630524,20610126,,,,,,20370811,20460404,20490203,20550101,20531226,,20550125,,20681012,20640815,
,20610501,,,20590317,20570206,20401119,,20531127,,20640411,20571101,20410206,20450501,20360728,20481023,20281225,20581002,20391107,20560331,20560508,20631102,20590101,20670117,,,,20630806,20540327,20681122,20661130,,20680423,20540803,,20591003,,20670404,20620504,20430210,20550101,20640101,20630131,20660412,20620324,20640404,20640715,,20440601,20480817,20561225,20400130,20520513,20560216,,20480831,20660625,20631008,,20521101,20641225,20530404,20481225,20581226,,20381130,20520419,20560904,20420613,20670401,,,20630528,,,,,20491231,20641224,20641225,20571225,,,20641225,20571115,20590331,,20590331,,,,,20501115,20560331,20481225,20560216,20490204,20610408,,20540922,20610519,20630604,20610408,,,,,,20370921,20460501,20490204,20550215,20540101,,20550208,,20681102,20641118,
,20611130,,,20590325,20570420,20401225,,20531225,,20640414,20571102,20410404,20450815,20360812,20481207,20290126,20581225,20391114,20560403,20560705,20631115,20590120,20670221,,,,20631001,20540330,20681123,20661202,,20680425,20541026,,20591224,,20670516,20620515,20430211,20550128,20640218,20630201,20660520,20620526,20640407,20641029,,20440624,20481009,20561226,20400201,20520516,20560301,,20480916,20661101,20631101,,20521224,20641226,20530501,20490101,20590101,,20381208,20520501,20561009,20421103,20670916,,,20630704,,,,,20500103,20641225,20650101,20571226,,,20641226,20571120,20590519,,20590424,,,,,20501230,20560501,20490101,20560301,20490205,20610502,,20541224,20610606,20630614,20610411,,,,,,20370922,20460608,20490205,20550416,20540106,,20550416,,20681115,20641225,
,20611203,,,20590501,20570423,20410101,,20540101,,20640501,20571224,20410405,20450914,20361013,20481210,20290215,20590312,20391208,20560501,20560829,20631130,20590217,20670401,,,,20631225,20540424,20681225,20661218,,20680507,20541225,,20591225,,20670613,20620801,20430212,20550129,20640219,20630202,20660625,20620619,20640408,20650101,,20440817,20481218,20570101,20400213,20520530,20560412,,20481009,20670208,20631224,,20521225,20650101,20530526,20490106,20590127,,20381224,20520513,20561113,20421104,20671102,,,20630903,,,,,20500110,20641226,20650109,20580101,,,20650101,20571225,20590630,,20590501,,,,,20510125,20560626,20490201,20560412,20490405,20610504,,20541225,20610624,20631003,20610425,,,,,,20370923,20460914,20490301,20550524,20540330,,20550419,,20681225,20641226,
,20620101,,,20590502,20570425,20410304,,20540119,,20640602,20571225,20410501,20451002,20361023,20481231,20290219,20590328,20391230,20560511,20560901,20631225,20590328,20670530,,,,20631226,20540507,20690101,20661219,,20680611,20541228,,20591226,,20670704,20620907,20430327,20550405,20640220,20630409,20661206,20620803,20640425,20650108,,20440823,20481224,20570321,20400214,20520531,20560501,,20481105,20670404,20631225,,20530101,20650327,20530704,20490319,20590310,,20381230,20520530,20561225,20430101,20671121,,,20631008,,,,,20500211,20650101,20650209,20580412,,,20650327,20571231,20590804,,20590508,,,,,20510213,20560815,20490202,20560501,20490503,20610809,,20541228,20611226,20631101,20610613,,,,,,20371012,20461010,20490402,20550701,20540501,,20550426,,20681231,20650101,
,20620211,,,20590505,20570604,20410305,,20540209,,20640815,20571226,20410603,20451010,20361205,20490101,20290301,20590414,20400109,20560512,20560915,20631231,20590526,20670704,,,,20640101,20540508,,20661220,,20680727,20541229,,20591231,,20671114,20621225,20430330,20550416,20640221,20630430,20661224,20620804,20640609,20650109,,20440824,20481225,20570420,20400326,20520603,20560505,,20481218,20670427,20640101,,20530218,20650330,20530901,20490415,20590328,,20381231,20520612,20561226,20430102,20671212,,,20631112,,,,,20500223,20650326,20650210,20580415,,,20650330,20580101,20590805,,20590519,,,,,20510214,20560918,20490203,20560505,20490604,20611111,,20550101,20620106,20631224,20610801,,,,,,20371103,20461231,20490405,20550802,20540507,,20550607,,20690101,20650106,
,20620212,,,20590623,20571022,20410402,,20540210,,20641201,20571231,20410909,20451019,20361210,20490217,20290316,20590421,20400319,20560522,20561101,20640101,20590704,20670905,,,,20640128,20540518,,20670101,,20680806,20550101,,20600101,,20671226,20621226,20430406,20550419,20640222,20630501,20670106,20620904,20641023,20650317,,20440825,20481231,20570423,20400501,20520805,20560522,,20481225,20670502,20640403,,20530404,20650501,20530916,20490416,20590331,,20390105,20520805,20570101,20430105,20680206,,,20631122,,,,,20500321,20650327,20650211,20580501,,,20650501,20580225,20590806,,20590617,,,,,20510331,20560919,20490301,20560522,20490913,20611226,,20550303,20620324,20631225,20611003,,,,,,20371123,20470101,20490604,20550906,20540518,,20551025,,,20650330,
,20620419,,,20590815,20571225,20410418,,20540216,,20641225,20580101,20410910,20451020,20361231,20490406,20290330,20590425,20400329,20560721,20561117,20640218,20590901,20671124,,,,20640310,20540605,,20670223,,20681225,20550317,,20600416,,20671227,20630101,20430501,20550504,20640428,20630903,20670401,20621113,20641225,20650318,,20440826,20490101,20570427,20400525,20520826,20560606,,20490101,20670815,20640404,,20530425,20650507,20531013,20490617,20590425,,20390124,20520821,20570102,20430106,20680319,,,20631225,,,,,20500429,20650330,20650327,20580508,,,20650508,20580226,20591020,,20590804,,,,,20510421,20561009,20490505,20560606,20491001,20620102,,20550416,20620327,20631226,20611226,,,,,,20371231,20470124,20490910,20551011,20540528,,20551227,,,20650501,
,20620420,,,20591028,20571226,20410419,,20540327,,20641226,20580315,20411001,20451021,20370101,20490413,20290402,20590501,20400330,20560815,20561225,20640219,20591013,20671226,,,,20640404,20541224,,20670224,,20681226,20550416,,20600419,,20680102,20630102,20430611,20550531,20640429,20630904,20670404,20621225,20641226,20650319,,20441031,20490202,20570501,20400604,20520916,20560815,,20490201,20671031,20640501,,20530501,20650518,20531111,20491012,20590609,,20390225,20520826,20570420,20430107,20680419,,,20640101,,,,,20500503,20650501,20650501,20580523,,,20650706,20580412,20591225,,20591224,,,,,20510501,20561027,20490910,20560815,20491004,20620209,,20550419,20620501,20631231,20611227,,,,,,20380101,20470125,20491011,20551111,20541026,,20551228,,,20650528,
,20620510,,,20591225,20580101,20410501,,20540421,,20650101,20580412,20411002,20451025,20370102,20490414,20290423,20590523,20400501,20561101,20561226,20640404,20591111,20680102,,,,20640407,20541225,,20670316,,20690101,20550419,,20600527,,20680123,20630413,20430701,20550701,20640430,20631231,20670512,20621226,20650101,20650320,,20441121,20490416,20570809,20400831,20521021,20560925,,20490202,20671101,20640728,,20530605,20650623,20531117,20491101,20590926,,20390407,20521101,20570521,20430108,20680420,,,20640121,,,,,20500504,20650507,20651103,20580603,,,20650928,20580423,20591226,,20591225,,,,,20510601,20561101,20490913,20560925,20491005,20620210,,20550503,20620504,20640101,20620102,,,,,,20380111,20470128,20491231,20551227,20541208,,20560103,,,20650622,
,20620719,,,20591226,20580102,20410617,,20540501,,20650102,20580415,20411003,20451101,20370302,20490415,20290425,20590815,20400514,20561225,20570101,20640421,20591127,20680116,,,,20640425,20541231,,20670525,,,20550503,,20600607,,20680307,20630416,20430918,20551001,20640501,20640101,20670624,20630101,20650126,20650423,,20441226,20490430,20570924,20400917,20521104,20560926,,20490203,20671226,20640729,,20530610,20651225,20531127,20491109,20591104,,20390408,20521224,20570625,20430109,20680501,,,20640218,,,,,20500505,20650518,20651104,20580815,,,20651028,20580501,20600101,,20591226,,,,,20510907,20561208,20500124,20560926,20491006,20620324,,20550506,20620606,20640404,20620126,,,,,,20380211,20470129,20500119,20551228,20541224,,20560104,,,20650805,
,20621130,,,20600101,20580128,20410620,,20540525,,20650424,20580501,20411004,20451108,20370406,20490503,20290426,20590911,20400604,20561226,20570420,20640501,20591225,20680220,,,,20640602,20550101,,20671130,,,20550607,,20600617,,20680420,20630501,20431001,20551006,20640502,20640218,20671206,20630413,20650209,20650501,,20450130,20490517,20571217,20400924,20521225,20561003,,20490517,20680102,20641008,,20530613,20660101,20531212,20491206,20591225,,20390829,20521225,20570702,20430223,20681102,,,20640526,,,,,20500718,20651224,20651105,20581101,,,20651117,20580613,20600301,,20600101,,,,,20511012,20561225,20500125,20561003,20491007,20620420,,20550524,20620623,20640407,20620324,,,,,,20380223,20470130,20500120,20560103,20541225,,20560124,,,20651118,
,20621202,,,20600106,20580206,20410709,,20540528,,20650427,20580603,20411007,20451109,20370413,20490504,20290501,20591002,20400611,20570101,20570423,20640605,20600101,20680420,,,,20640609,20550415,,20671203,,,20550802,,20601224,,20680423,20630524,20431012,20551028,20640901,20640219,20671226,20630525,20650309,20650519,,20450217,20490527,20571225,20401008,20530101,20561009,,20490531,20680208,20641208,,20530815,20660409,20531225,20491208,20591226,,20391020,20521230,20570903,20430309,20681119,,,20640704,,,,,20500811,20651225,20651110,20581111,,,20651224,20581115,20600308,,20600415,,,,,20511102,20570101,20500301,20561009,20500103,20620501,,20550906,20621225,20640501,20620327,,,,,,20380429,20470228,20500121,20560221,20550101,,20560207,,,20651225,
,20621203,,,20600308,20580412,20410819,,20540907,,20650501,20580819,20420101,20451120,20370414,20490517,20290525,20591016,20400702,20570420,20570501,20641225,20600119,20680528,,,,20640804,20550416,,20671208,,,20551025,,20601231,,20680521,20630604,20431225,20551227,20640902,20640220,20680106,20630618,20650327,20650715,,20450320,20490601,20571226,20401009,20530203,20561225,,20490601,20680423,20641225,,20531201,20660412,20540101,20500106,20600101,,20391101,20521231,20571008,20430501,20681212,,,20640901,,,,,20500919,20660101,20651208,20581225,,,20651225,20581120,20600416,,20600416,,,,,20511115,20570420,20500505,20561225,20500124,20620523,,20550922,20621226,20640515,20620425,,,,,,20380503,20470301,20500124,20560331,20550106,,20560331,,,20660101,
,20630101,,,20600325,20580415,20411014,,20541012,,20650601,20580820,20420121,20451127,20370415,20490603,20290725,20591106,20400720,20570423,20570508,20641231,20600216,20680704,,,,20641006,20550419,,20671210,,,20551227,,20610408,,20680618,20630801,20440101,20560215,20650101,20640221,20680420,20630802,20650330,20651029,,20450407,20490628,20580101,20401225,20530219,20561229,,20490607,20680427,20650101,,20531208,20660520,20540119,20500407,20600126,,20391130,20530101,20571112,20430504,20681225,,,20641013,,,,,20500923,20660408,20651225,20581226,,,20660101,20581225,20600419,,20600419,,,,,20511120,20570501,20500601,20561229,20500125,20620809,,20551224,20630101,20640526,20620612,,,,,,20380504,20470404,20500125,20560522,20550419,,20560403,,,20660106,
,20630131,,,20600423,20580425,20411106,,20541102,,20650615,20581023,20420122,20451225,20370501,20490714,20290814,20591119,20400807,20570501,20570705,20650101,20600416,20680903,,,,20641225,20550514,,20680101,,,20551228,,20610411,,20680702,20630906,20440201,20560216,20650102,20640222,20680423,20630803,20650331,20651228,,20450501,20490629,20580321,20410101,20530220,20570101,,20490618,20680501,20650102,,20531224,20660531,20540202,20500408,20600308,,20391208,20530219,20571225,20430511,20690101,,,20641111,,,,,20501010,20660409,20660101,20590101,,,20660409,20581231,20600607,,20600422,,,,,20511225,20570521,20500606,20570101,20500126,20621031,,20551227,20630413,20640605,20620807,,,,,,20380505,20470405,20500126,20560703,20550527,,20560425,,,20660412,
,20630201,,,20600426,20580603,20411118,,20541111,,20651130,20581101,20420123,20460115,20370504,20490728,20290815,20591225,20400820,20570531,20570829,20650209,20600531,20681122,,,,20641226,20550527,,20680212,,,20551229,,20610519,,20681112,20631225,20440202,20560217,20650202,20640428,20680501,20630903,20650608,20651229,,20450518,20490630,20580412,20410104,20530501,20570205,,20490702,20680502,20650326,,20531225,20660623,20540216,20500502,20600416,,20391226,20530225,20571226,20430612,,,,20641127,,,,,20501103,20660412,20660222,20590328,,,20660412,20590101,20600702,,20600527,,,,,20511229,20570702,20500815,20570205,20500127,20621225,,20551228,20630416,20641003,20621002,,,,,,20380719,20470501,20500127,20560807,20550607,,20560605,,,20660610,
,20630408,,,20600614,20581028,20411225,,20541126,,20651201,20581224,20420124,20460120,20370529,20490812,20290911,20600126,20401015,20570601,20571101,20650210,20600705,20681225,,,,20650101,20550528,,20680213,,,20560103,,20610530,,20681225,20631226,20440404,20560331,20650203,20640429,20680531,20631112,20651022,20651230,,20450531,20490701,20580415,20410118,20530506,20570206,,20490831,20680625,20650327,,20540101,20661101,20540316,20500516,20600419,,20391230,20530403,20580101,20431104,,,,20641225,,,,,20501123,20660517,20660223,20590331,,,20660705,20590120,20600802,,20600607,,,,,20520101,20570716,20500929,20570206,20500128,20630101,,20560103,20630501,20641224,20621225,,,,,,20380811,20470529,20500128,20560904,20550617,,20561023,,,20660622,
,20630409,,,20601028,20581225,20420101,,20541225,,20651225,20581225,20420127,20460126,20370603,20491013,20291002,20600301,20401105,20570611,20571224,20650327,20600906,20690101,,,,20650126,20550607,,20680214,,,20560317,,20610609,,20681226,20631231,20440415,20560403,20650204,20640430,20680622,20631225,20651225,20660101,,20450601,20490702,20580501,20410201,20530519,20570301,,20490908,20680815,20650501,,20540210,20670401,20540326,20500609,20600614,,20400329,20530404,20580102,20440101,,,,20650101,,,,,20510102,20660520,20660224,20590501,,,20660706,20590210,20600803,,20600617,,,,,20520125,20570815,20500930,20570301,20500404,20630129,,20560303,20630524,20641225,20621226,,,,,,20380920,20471004,20500228,20561009,20551026,,20561225,,,20660805,
,20630410,,,20610106,20581226,20420217,,20550101,,20660101,20581226,20420404,20460305,20370727,20491025,20291016,20600304,20401112,20570815,20571225,20650421,20601011,,,,,20650309,20551224,,20680305,,,20560331,,20611003,,20690101,20640101,20440418,20560404,20650205,20640501,20681206,20631226,20651228,20660308,,20450613,20490817,20580617,20410315,20530520,20570307,,20490916,20681031,20650629,,20540327,20670404,20540327,20500725,20601001,,20400330,20530409,20580412,20440104,,,,20650119,,,,,20510103,20660531,20660409,20590508,,,20660928,20590211,20600804,,20600802,,,,,20520304,20570917,20501003,20570307,20500502,20630130,,20560407,20630606,20641226,20630101,,,,,,20380923,20471010,20500404,20561113,20551101,,20561226,,,20661101,
,20630430,,,20610221,20590101,20420218,,20550118,,20660416,20581227,20420501,20460323,20370728,20491206,20291105,20600317,20401225,20571101,20571226,20650501,20601111,,,,,20650327,20551231,,20680514,,,20560403,,20611226,,,20640102,20440502,20560501,20650206,20640502,20681224,20640101,20660101,20660309,,20450814,20490908,20580809,20410501,20530602,20570501,,20490928,20681101,20650728,,20540501,20670509,20540501,20500815,20601102,,20400409,20530501,20580520,20440105,,,,20650216,,,,,20510109,20661224,20661103,20590519,,,20661028,20590328,20601022,,20601224,,,,,20520305,20570918,20510210,20570501,20500623,20630131,,20560410,20630622,20641231,20630126,,,,,,20381011,20471011,20500405,20561225,20551208,,20570101,,,20661118,
,20630708,,,20610325,20590102,20420324,,20550215,,20660419,20590101,20420502,20460402,20370812,20491210,20291107,20600409,20401231,20571225,20580101,20650528,20601125,,,,,20650330,20560330,,20681126,,,20560501,,20620324,,,20640404,20440505,20560522,20650209,20640901,20681225,20640404,20660126,20660423,,20450815,20490928,20580924,20410514,20530815,20570507,,20491025,20681225,20650729,,20540528,20670512,20540525,20501012,20601227,,20400501,20530520,20580624,20440106,,,,20650525,,,,,20510223,20670331,20661104,20590714,,,20661117,20590421,20601227,,20610407,,,,,20520419,20570919,20510213,20570507,20500624,20630409,,20560501,20631224,20650101,20630413,,,,,,20381103,20480101,20500502,20561226,20551224,,20570102,,,20670106,
,20631202,,,20610408,20590127,20420402,,20550301,,20660601,20590328,20420623,20460407,20371013,20491231,20291120,20600413,20410101,20571226,20580412,20650907,20601224,,,,,20650601,20560331,,20681127,,,20560605,,20620327,,,20640407,20440531,20560925,20650415,20640902,20681226,20640530,20660208,20660519,,20450816,20491207,20581216,20410603,20530901,20570511,,20491208,20681226,20651008,,20540610,20670523,20540907,20501101,20601228,,20400514,20530612,20580701,20440107,,,,20650907,,,,,20510321,20670401,20661105,20590815,,,20661224,20590423,20610103,,20610408,,,,,20520501,20571015,20510301,20570511,20500930,20630413,,20560508,20631225,20650106,20630416,,,,,,20381123,20480212,20500623,20570101,20560106,,20570122,,,20670404,
,20631203,,,20610411,20590206,20420403,,20550302,,20660607,20590331,20421001,20460418,20371023,20500103,20291225,20600414,20410107,20580101,20580415,20651012,20610117,,,,,20650608,20560403,,20681128,,,20560807,,20620501,,,20640501,20440701,20561002,20650430,20650101,20690101,20640616,20660308,20660715,,20450817,20491224,20581225,20410913,20530916,20570606,,20500124,20690101,20651208,,20541005,20670623,20540916,20501109,20610103,,20400612,20530725,20580902,20440108,,,,20651012,,,,,20510503,20670404,20661110,20591111,,,20670401,20590501,20610307,,20610411,,,,,20520620,20571101,20510501,20570606,20501003,20630501,,20560524,20631226,20650327,20630425,,,,,,20381231,20480213,20500624,20570219,20560403,,20570206,,,20670530,
,20640101,,,20610530,20590328,20420404,,20550416,,20661130,20590501,20421002,20460501,20371207,20500307,20300205,20600416,20410325,20580412,20580501,20651102,20610221,,,,,20650803,20560428,,20681202,,,20561030,,20620504,,,20640515,20441006,20561017,20650501,20650102,,20640731,20660409,20660830,,20451110,20491231,20581226,20410916,20531024,20570815,,20500125,,20651225,,20541201,20670815,20541012,20501206,20610126,,20400821,20530821,20581014,20440222,,,,20651111,,,,,20510504,20670512,20661129,20591225,,,20670404,20590529,20610314,,20610421,,,,,20520709,20571102,20510505,20570815,20501004,20630809,,20560906,20631231,20650330,20630611,,,,,,20390103,20480214,20500930,20570420,20560501,,20570420,,,20670602,
,20640119,,,20610815,20590331,20420501,,20550421,,20661201,20590502,20421003,20460509,20371210,20500406,20300219,20600511,20410418,20580415,20580508,20651130,20610408,,,,,20651005,20560511,,20681203,,,20561225,,20620515,,,20640526,20441226,20561225,20650902,20650202,,20640801,20660412,20661029,,20451225,20500324,20590101,20410927,20531110,20570912,,20500201,,20660101,,20541208,20671101,20541102,20501208,20610314,,20400827,20530825,20581111,20440223,,,,20651126,,,,,20510505,20670517,20661208,20591226,,,20670705,20591120,20610408,,20610519,,,,,20521115,20571225,20510517,20570912,20501005,20631022,,20560922,20640101,20650501,20630806,,,,,,20390110,20480217,20501010,20570521,20560511,,20570423,,,20670622,
,20640120,,,20611028,20590425,20420616,,20550531,,20670124,20590519,20421006,20460804,20371231,20500413,20300302,20600610,20410419,20580501,20580705,20651225,20610530,,,,,20651225,20560512,,20690101,,,20561226,,20620525,,,20640801,20441227,20561226,20650903,20650203,,20640901,20660413,20661220,,20451226,20500408,20590321,20411023,20531225,20570913,,20500502,,20660408,,20541224,20671226,20541111,20510106,20610408,,20401008,20531208,20581225,20440307,,,,20651225,,,,,20510717,20670523,20670214,20600101,,,20670706,20591225,20610411,,20610530,,,,,20521120,20571231,20510606,20570913,20501006,20631225,,20561225,20640404,20650507,20631001,,,,,,20390211,20480218,20510102,20570702,20560522,,20570425,,,20670805,
,20640121,,,20611226,20590602,20420620,,20550617,,20670408,20590820,20421007,20460815,20380101,20500414,20300320,20601004,20410501,20580523,20580829,20651231,20610704,,,,,20651228,20560522,,,,,20561227,,20621003,,,20640911,20450102,20570101,20660101,20650204,,20641111,20660614,20670224,,20460101,20500419,20590328,20411204,20540101,20570914,,20500505,,20660409,,20541225,20680420,20541116,20510320,20610411,,20401101,20531224,20581226,20440308,,,,20660101,,,,,20510811,20671226,20670215,20600416,,,20670928,20591231,20610530,,20610617,,,,,20521225,20580101,20510815,20570914,20501007,20640101,,20561226,20640407,20650518,20631225,,,,,,20390223,20480228,20510207,20570806,20560601,,20570604,,,20670815,
,20640122,,,20620106,20591027,20420709,,20550705,,20670411,20591023,20430101,20460903,20380219,20500415,20300401,20601025,20410603,20580524,20581101,20660101,20610905,,,,,20660101,20560605,,,,,20570101,,20621225,,,20641225,20450217,20570205,20660125,20650205,,20641225,20661021,20670225,,20460119,20500519,20590331,20411225,20540202,20571003,,20500530,,20660629,,20550101,20680423,20541126,20510330,20610425,,20401130,20531225,20590101,20440502,,,,20660118,,,,,20510918,20680419,20670216,20600419,,,20671028,20600101,20610701,,20610801,,,,,20521231,20580412,20510918,20571003,20510102,20640121,,20561227,20640501,20650528,20631226,,,,,,20390321,20480402,20510208,20570903,20560815,,20571022,,,20671101,
,20640327,,,20620313,20591225,20420818,,20550906,,20670530,20591024,20430102,20460929,20380406,20500502,20300403,20601108,20410624,20580603,20581224,20660222,20611010,,,,,20660126,20561225,,,,,20570319,,20621226,,,20641226,20450220,20570206,20660126,20650206,,20641226,20661227,20670519,,20460206,20500601,20590428,20411226,20540209,20571009,,20500531,,20660728,,20550302,20680501,20541201,20510331,20610613,,20401214,20531226,20590102,20440503,,,,20660215,,,,,20511009,20680420,20670401,20600527,,,20671117,20600120,20610801,,20611226,,,,,20530101,20580501,20510919,20571009,20510210,20640218,,20570101,20640515,20651224,20640101,,,,,,20390429,20480403,20510209,20571008,20561026,,20571225,,,20671118,
,20640329,,,20620428,20591226,20421013,,20550907,,20670601,20591224,20430209,20461002,20380413,20500504,20300412,20610126,20410701,20580815,20581225,20660223,20611111,,,,,20660308,20561226,,,,,20570420,,20630101,,,20641231,20450404,20570207,20660127,20650209,,20650101,20661228,20670715,,20460323,20500620,20590501,20420101,20540210,20571225,,20500606,,20660729,,20550416,20680509,20541225,20510501,20610930,,20401224,20531230,20590328,20440509,,,,20660531,,,,,20511103,20680423,20670502,20600607,,,20671226,20600301,20610802,,20620323,,,,,20530217,20580521,20510920,20571225,20510213,20640219,,20570305,20640606,20651225,20640128,,,,,,20390503,20480501,20510210,20571112,20561101,,20571226,,,20671226,
,20641130,,,20620501,20600101,20421106,,20551011,,20670815,20591225,20430210,20461008,20380414,20500603,20300416,20610218,20410807,20581101,20581226,20660409,20611124,,,,,20660409,20570101,,,,,20570423,,20630413,,,20650101,20450407,20570404,20660128,20650415,,20650327,20670103,20670830,,20460501,20500621,20590616,20420122,20540501,20571231,,20500607,,20660830,,20550610,20680531,20550101,20510502,20611101,,20401225,20531231,20590519,20440613,,,,20660705,,,,,20511123,20680501,20671103,20600714,,,20680420,20600302,20610803,,20620324,,,,,20530218,20580716,20511003,20571231,20510214,20640328,,20570427,20640620,20651231,20640404,,,,,,20390504,20480615,20510213,20571225,20561208,,20580101,,,20680106,
,20641202,,,20620619,20600102,20421124,,20551012,,20671130,20591226,20430211,20461009,20380415,20500606,20300419,20610222,20410819,20581111,20590101,20660421,20611226,,,,,20660412,20570419,,,,,20570507,,20630416,,,20650102,20450410,20570420,20660129,20650430,,20650529,20670126,20671208,,20460503,20500622,20590924,20420123,20540511,20580101,,20500621,,20661008,,20550617,20680611,20550118,20510515,20611226,,20401231,20540101,20590624,20441104,,,,20660906,,,,,20520101,20680517,20671104,20601101,,,20680423,20600416,20611021,,20620327,,,,,20530404,20580815,20511009,20580101,20510215,20640404,,20570430,20641224,20660101,20640407,,,,,,20390505,20480921,20510214,20571226,20561225,,20580102,,,20680423,
,20641203,,,20620815,20600126,20421208,,20551102,,20671201,20600101,20430212,20461011,20380503,20500728,20300501,20610329,20411014,20581225,20590106,20660610,20620102,,,,,20660426,20570420,,,,,20570604,,20630501,,,20650327,20450501,20570423,20660405,20650501,,20650615,20670214,20671209,,20460601,20500623,20591216,20420204,20540522,20580123,,20500622,,20661101,,20551005,20680815,20550201,20510815,20611227,,20410101,20540102,20590701,20450102,,,,20661011,,,,,20520102,20680531,20671110,20601111,,,20680501,20600421,20611226,,20620420,,,,,20530421,20580918,20511225,20580123,20510216,20640501,,20570501,20641225,20660106,20640425,,,,,,20390718,20480922,20510215,20580101,20561226,,20580121,,,20680501,
,20650101,,,20621225,20600206,20421225,,20551111,,20671226,20600102,20430213,20461030,20380504,20500802,20300514,20610408,20411104,20581226,20590328,20660907,20620116,,,,,20660531,20570423,,,,,20570806,,20630524,,,20650330,20450524,20570501,20660430,20650902,,20650730,20670314,20680214,,20460803,20500624,20591225,20420305,20540601,20580124,,20500829,,20661208,,20551101,20681101,20550215,20511012,20620102,,20410201,20540225,20590901,20450103,,,,20661111,,,,,20520103,20680611,20671128,20610408,,,20680508,20600423,20611227,,20620501,,,,,20530501,20580919,20520101,20580124,20510405,20640530,,20570507,20641226,20660409,20640609,,,,,,20390811,20481009,20510227,20580218,20570101,,20580206,,,20680530,
,20650108,,,20621226,20600416,20421226,,20551115,,20680102,20600315,20430406,20461101,20380518,20500812,20300517,20610414,20411111,20590101,20590331,20661012,20620220,,,,,20660614,20570518,,,,,20571029,,20630604,,,20650501,20450619,20570511,20660503,20650903,,20650731,20670401,20680215,,20460806,20500817,20591226,20420501,20540716,20580125,,20500831,,20670331,,20551201,20681225,20550315,20511101,20620126,,20410225,20540326,20591013,20450104,,,,20661125,,,,,20520108,20681224,20671208,20610411,,,20680705,20600617,20620102,,20620504,,,,,20530605,20580920,20520131,20580125,20510501,20641225,,20570524,20641231,20660412,20640804,,,,,,20390919,20490101,20510228,20580412,20570423,,20580412,,,20680621,
,20650110,,,20630101,20600419,20430101,,20551125,,20680124,20600416,20430501,20461109,20380603,20501013,20300814,20610530,20411225,20590328,20590501,20661102,20620324,,,,,20660802,20570531,,,,,20571225,,20630614,,,20650507,20450926,20570606,20660902,20660101,,20650907,20670404,20680216,,20460807,20501226,20600101,20420505,20540805,20580301,,20500916,,20670401,,20551208,20681226,20550415,20511109,20620313,,20410409,20540327,20591111,20450105,,,,20670117,,,,,20520212,20681225,20671226,20610519,,,20680706,20600907,20620306,,20620515,,,,,20530709,20581031,20520201,20580301,20510612,20650101,,20570906,20650101,20660520,20641006,,,,,,20390923,20490201,20510404,20580520,20570501,,20580415,,,20680622,
,20650316,,,20630305,20600426,20430209,,20560117,,20680427,20600419,20430611,20461116,20380716,20501024,20300815,20610815,20411231,20590331,20590508,20661115,20620529,,,,,20661004,20570601,,,,,20571226,,20631003,,,20650518,20451002,20570702,20660903,20660125,,20651111,20670405,20680217,,20460817,20510331,20600322,20420602,20540831,20580430,,20500919,,20670629,,20551224,20690101,20550416,20511206,20620324,,20410418,20540409,20591225,20450106,,,,20670221,,,,,20520223,20681226,20680102,20610530,,,20680928,20601012,20620313,,20620807,,,,,20531120,20581101,20520202,20580430,20510613,20650108,,20570924,20650106,20660531,20641225,,,,,,20391010,20490202,20510405,20580701,20570531,,20580425,,,20680815,
,20650317,,,20630420,20600607,20430210,,20560214,,20680430,20600607,20430612,20461225,20380728,20501205,20301002,20620126,20420101,20590501,20590829,20661130,20620704,,,,,20661227,20570605,,,,,20571227,,20631224,,,20650910,20451018,20570914,20670103,20660126,,20651225,20670425,20680423,,20461010,20510412,20600416,20420901,20540916,20580501,,20501114,,20670728,,20560215,,20550531,20511208,20620327,,20410419,20540501,20591226,20450223,,,,20670530,,,,,20520320,20690101,20680109,20610714,,,20681224,20601102,20620324,,20621225,,,,,20531225,20581225,20520301,20580501,20510918,20650205,,20571224,20650327,20660610,20641226,,,,,,20391103,20490203,20510501,20580805,20570611,,20580603,,,20681101,
,20650318,,,20630423,20601025,20430324,,20560215,,20680501,20600820,20430917,20470109,20380812,20501212,20301225,20620309,20420106,20590508,20590901,20661231,20620904,,,,,20661228,20570611,,,,,20580101,,20631225,,,20651225,20451225,20571001,20670214,20660127,,20651228,20670613,20680501,,20461031,20510501,20600419,20420902,20541014,20580506,,20501128,,20670729,,20560331,,20550705,20511225,20620425,,20410501,20540511,20600101,20450224,,,,20670704,,,,,20520429,,20680305,20610815,,,20681225,20601115,20620327,,20621226,,,,,20531231,20581231,20520306,20580506,20510919,20650206,,20571225,20650330,20661101,20650101,,,,,,20391123,20490204,20510612,20580902,20570621,,20581028,,,20681225,
,20650407,,,20630501,20601227,20430326,,20560221,,20680601,20601101,20430918,20470115,20381013,20510102,20310219,20620324,20420324,20590509,20590915,20670214,20621009,,,,,20670103,20571224,,,,,20580318,,20631226,,,20651231,20451226,20571225,20670215,20660128,,20660101,20671020,20680830,,20461224,20510511,20600427,20420916,20541030,20580606,,20501226,,20670830,,20560425,,20550906,20520101,20620612,,20410612,20540612,20600102,20450308,,,,20670905,,,,,20520503,,20680306,20611101,,,20681226,20601231,20620515,,20630101,,,,,20540101,20590101,20520410,20580606,20511002,20650317,,20571226,20650501,20661224,20650126,,,,,,20400102,20490205,20510613,20581014,20570815,,20581225,,,20681226,
,20650616,,,20630611,20601228,20430327,,20560331,,20680618,20601224,20431001,20470222,20381025,20510227,20310220,20620414,20420403,20590519,20591117,20670215,20621123,,,,,20670126,20571225,,,,,20580412,,20631231,,,20660101,20460101,20571226,20670216,20660129,,20660409,20671226,20681029,,20461225,20510526,20600616,20420917,20541225,20580612,,20510102,,20671101,,20560501,,20550916,20520318,20620929,,20410821,20540715,20600416,20450501,,,,20671010,,,,,20520506,,20680307,20611111,,,20690101,20610120,20620630,,20630412,,,,,20540209,20590328,20520501,20580612,20511003,20650327,,20580101,20650507,20661231,20650327,,,,,,20400103,20490301,20510918,20581111,20571026,,20581226,,,20690101,
,20651130,,,20630815,20610103,20430402,,20560421,,20680815,20610314,20431002,20470327,20381206,20510406,20310324,20620417,20420404,20590721,20591224,20670401,20621225,,,,,20670314,20571226,,,,,20580415,,20640101,,,20660409,20460206,20580101,20670217,20660405,,20660528,20671227,20681126,,20470101,20510601,20600809,20420918,20550101,20580815,,20510201,,20671208,,20560601,,20551011,20520418,20621107,,20410826,20540821,20600524,20450508,,,,20671111,,,,,20520715,,20680420,20611226,,,,20610221,20620807,,20630413,,,,,20540210,20590501,20520506,20580815,20511004,20650501,,20580304,20650619,20670106,20650330,,,,,,20400109,20490402,20510919,20581225,20571101,,20590101,,,,
,20651202,,,20631225,20610104,20430501,,20560501,,20681130,20610315,20431005,20470401,20381210,20510413,20310401,20620421,20420501,20590815,20591225,20670421,20630101,,,,,20670401,20571231,,,,,20580506,,20640404,,,20660412,20460207,20580124,20670218,20660430,,20660621,20680102,20681127,,20470109,20510609,20600924,20421111,20550128,20581001,,20510213,,20680419,,20560613,,20551102,20520419,20621225,,20410927,20540831,20600624,20450509,,,,20671124,,,,,20520812,,20680501,20620324,,,,20610222,20620808,,20630416,,,,,20540327,20590521,20520507,20581001,20511005,20650519,,20580412,20651224,20670401,20650608,,,,,,20400223,20490405,20511009,20581226,20571224,,20590102,,,,
,20651203,,,20631226,20610131,20430525,,20560529,,20681225,20610408,20431006,20470408,20381231,20510414,20310402,20620501,20420519,20591111,20591226,20670602,20630115,,,,,20670404,20580101,,,,,20580603,,20640407,,,20660520,20460208,20580125,20670425,20660503,,20660729,20680126,20681128,,20470327,20510612,20601216,20421124,20550129,20581002,,20510501,,20680420,,20560815,,20551111,20520501,20621226,,20411101,20541130,20600701,20450612,,,,20671226,,,,,20520916,,20681105,20620327,,,,20610408,20620809,,20630419,,,,,20540421,20590716,20520606,20581002,20511006,20650810,,20580415,20651225,20670404,20650803,,,,,,20400320,20490604,20511010,20590101,20571225,,20590120,,,,
,20651228,,,20640101,20610207,20430615,,20560601,,20681226,20610411,20431007,20470412,20390103,20510501,20310403,20620815,20420609,20591225,20600101,20670907,20630219,,,,,20670425,20580411,,,,,20580805,,20640501,,,20660531,20460323,20580404,20670502,20660902,,20660730,20680213,20690101,,20470412,20510613,20601227,20421215,20550201,20581003,,20510524,,20680501,,20561005,,20551115,20520502,20630101,,20411204,20541208,20600906,20451106,,,,20680102,,,,,20520923,,20681128,20620501,,,,20610421,20621020,,20630501,,,,,20540501,20590815,20520815,20581003,20520101,20651028,,20580501,20651231,20670512,20651005,,,,,,20400430,20490910,20520101,20590217,20571226,,20590206,,,,
,20651229,,,20640225,20610408,20430709,,20560704,,20690101,20610530,20440101,20470501,20390208,20510504,20310405,20620906,20420616,20591226,20600106,20671012,20630413,,,,,20670530,20580412,,,,,20581028,,20640515,,,20660909,20460326,20580412,20670503,20660903,,20660906,20680312,,,20470501,20510817,20610321,20421225,20550210,20581004,,20510529,,20680629,,20561101,,20551125,20520515,20630126,,20411224,20541224,20601011,20460101,,,,20680116,,,,,20521014,,20681225,20620504,,,,20610609,20621225,,20630524,,,,,20540528,20590918,20520906,20581004,20520131,20651225,,20580506,20660101,20670523,20651225,,,,,,20400503,20491011,20520125,20590328,20580101,,20590328,,,,
,20651230,,,20640325,20610411,20430817,,20560904,,,20611031,20440129,20470725,20390406,20510524,20310411,20621002,20420630,20600101,20600416,20671102,20630528,,,,,20670613,20580415,,,,,20581225,,20640526,,,20661231,20460404,20580415,20670902,20670103,,20661111,20680420,,,20470510,20510907,20610408,20430101,20550415,20581009,,20510530,,20680830,,20561201,,20560117,20520815,20630312,,20411225,20541225,20601111,20460102,,,,20680220,,,,,20521104,,20690101,20620508,,,,20610907,20621226,,20630604,,,,,20540709,20590919,20520909,20581009,20520201,20651229,,20580524,20660106,20670602,20651228,,,,,,20400504,20491231,20520126,20590519,20580415,,20590331,,,,
,20660306,,,20640411,20610425,20431012,,20560907,,,20611101,20440201,20470815,20390413,20510605,20310414,20621012,20420807,20600416,20600419,20671115,20630704,,,,,20670801,20580510,,,,,20581226,,20640605,,,20670401,20460501,20580430,20670905,20670214,,20661227,20680423,,,20470523,20511116,20610411,20430126,20550428,20581225,,20510531,,20681008,,20561208,,20560207,20521101,20630413,,20411230,20541230,20601227,20460103,,,,20680528,,,,,20521231,,,20620515,,,,20611012,20630101,,20630806,,,,,20540907,20591031,20521003,20581225,20520202,20660101,,20580906,20660409,20671003,20660101,,,,,,20400716,20500121,20520129,20590701,20580501,,20590425,,,,
,20660307,,,20640414,20610606,20431106,,20561009,,,20611226,20440202,20470919,20390414,20510724,20310501,20621102,20420818,20600419,20600705,20671130,20630903,,,,,20671003,20580523,,,,,20581227,,20641003,,,20670404,20460514,20580501,20680102,20670215,,20661228,20680424,,,20470723,20511225,20610427,20430202,20550429,20581231,,20510605,,20681101,,20561225,,20560221,20521206,20630416,,20411231,20541231,20601228,20460104,,,,20680704,,,,,20530101,,,20620714,,,,20611102,20630305,,20631224,,,,,20541012,20591208,20521009,20581231,20520205,20660126,,20580923,20660412,20671101,20660126,,,,,,20400917,20500124,20520130,20590804,20580523,,20590602,,,,
,20660327,,,20640501,20611024,20431123,,20561012,,,20620315,20440203,20470927,20390415,20510728,20310503,20621116,20421013,20600527,20600901,20671230,20631008,,,,,20671226,20580524,,,,,20590101,,20641224,,,20670512,20460608,20580625,20680201,20670216,,20670103,20680425,,,20470724,20511226,20610502,20430210,20550511,20590101,,20510612,,20681224,,20570101,,20560320,20521225,20630425,,20420101,20550101,20610103,20460105,,,,20680903,,,,,20530102,,,20620815,,,,20611115,20630312,,20631225,,,,,20541102,20591225,20521225,20590101,20520206,20660127,,20581224,20660520,20671226,20660409,,,,,,20401008,20500125,20520131,20590901,20580603,,20591027,,,,
,20660605,,,20640602,20611226,20431208,,20561102,,,20620324,20440204,20471001,20390502,20510814,20310507,20621225,20421103,20600528,20600915,20680305,20631112,,,,,20671227,20580603,,,,,20590317,,20641225,,,20670523,20460702,20580701,20680202,20670217,,20670401,20680611,,,20470725,20520101,20610616,20430211,20550607,20590211,,20510817,,20681225,,20570306,,20560330,20530101,20630611,,20420122,20550128,20610104,20460108,,,,20681008,,,,,20530103,,,20621101,,,,20611230,20630413,,20631226,,,,,20541120,20591231,20530101,20590211,20520404,20660308,,20581225,20660625,20680106,20660412,,,,,,20401123,20500126,20520201,20591013,20580613,,20591225,,,,
,20661130,,,20640815,20611227,20431225,,20561115,,,20620327,20440404,20471002,20390504,20511013,20310703,20630126,20421117,20600607,20601101,20680306,20631122,,,,,20680102,20580605,,,,,20590328,,20641226,,,20670801,20460917,20581001,20680203,20670218,,20670527,20681025,,,20470726,20520201,20610809,20430223,20550705,20590212,,20510831,,20690101,,20570420,,20560331,20530106,20630928,,20420225,20550225,20610408,20460223,,,,20681112,,,,,20530113,,,20621225,,,,20620120,20630416,,20640101,,,,,20541225,20600101,20530218,20590212,20520405,20660409,,20581226,20661224,20680420,20660614,,,,,,20401231,20500127,20520202,20591111,20580815,,20591226,,,,
,20661202,,,20641028,20620102,20440101,,20561123,,,20620501,20440502,20471003,20390509,20511023,20310814,20630201,20421208,20600721,20601117,20680420,20631225,,,,,20680126,20581224,,,,,20590331,,20641231,,,20670908,20461001,20581003,20680206,20670425,,20670620,20681225,,,20470930,20520329,20611216,20430501,20550726,20590213,,20510907,,,,20570425,,20560501,20530403,20631106,,20420403,20550409,20610523,20460308,,,,20681122,,,,,20530211,,,20621226,,,,20620206,20630604,,20640403,,,,,20541231,20600416,20530219,20590213,20520501,20660809,,20590101,20661231,20680423,20660802,,,,,,20410101,20500128,20520205,20591225,20581101,,20600101,,,,
,20661218,,,20641225,20620103,20440229,,20561225,,,20620515,20440530,20471018,20390603,20511205,20310815,20630226,20421225,20601101,20601224,20680501,20640101,,,,,20680312,20581225,,,,,20590505,,20650101,,,20671226,20461008,20581025,20680207,20670502,,20670728,20681226,,,20471224,20520401,20611226,20430601,20550831,20590501,,20511102,,,,20570501,,20560529,20530404,20631225,,20420404,20550415,20610624,20460309,,,,20681225,,,,,20530224,,,20630101,,,,20620207,20630702,,20640404,,,,,20550101,20600521,20530220,20590501,20520603,20661018,,20590303,20670106,20680501,20661004,,,,,,20410102,20500228,20520228,20591226,20581224,,20600102,,,,
,20661219,,,20641226,20620130,20440301,,20570101,,,20621023,20440531,20471019,20390705,20511211,20310920,20630315,20421231,20601111,20610106,20680621,20640121,,,,,20680420,20581226,,,,,20590602,,20650327,,,20680102,20461225,20581225,20680411,20670503,,20670729,20690101,,,20471225,20520419,20620102,20430831,20550916,20590505,,20511116,,,,20570613,,20560704,20530501,20631226,,20420409,20550416,20610701,20460430,,,,20690101,,,,,20530320,,,20630413,,,,20620324,20630806,,20640407,,,,,20550125,20600628,20530501,20590505,20520909,20670214,,20590501,20670401,20680531,20661227,,,,,,20410103,20500404,20520404,20600101,20581225,,20600119,,,,
,20661220,,,20650101,20620206,20440324,,20570115,,,20621101,20441003,20471030,20390728,20520101,20311002,20630410,20430101,20610408,20610408,20680907,20640218,,,,,20680423,20581231,,,,,20590804,,20650330,,,20680420,20461226,20581226,20680430,20670902,,20670905,,,,20480101,20520501,20620321,20430907,20551004,20590519,,20511225,,,,20570621,,20560904,20530502,20640101,,20420501,20550429,20610905,20460501,,,,,,,,,20530429,,,20630416,,,,20620421,20630807,,20640424,,,,,20550301,20600716,20530505,20590519,20521001,20670215,,20590502,20670404,20680611,20661228,,,,,,20410114,20500405,20520405,20600216,20581226,,20600206,,,,
,20670101,,,20650106,20620324,20440414,,20570219,,,20621225,20441004,20471101,20390812,20520102,20311114,20630411,20430112,20610411,20610411,20681012,20640526,,,,,20680425,20590101,,,,,20591027,,20650501,,,20680423,20470101,20590101,20680501,20670905,,20671111,,,,20480214,20520514,20620324,20430916,20551019,20590606,,20520101,,,,20570815,,20561009,20530515,20640128,,20420612,20550510,20611010,20460509,,,,,,,,,20530505,,,20630501,,,,20620501,20630808,,20640501,,,,,20550302,20600917,20530606,20590606,20521002,20670224,,20590505,20670512,20680621,20670103,,,,,,20410211,20500502,20520501,20600416,20590101,,20600416,,,,
,20670223,,,20650309,20620327,20440415,,20570305,,,20621226,20441005,20471105,20391013,20520214,20311115,20630413,20430323,20610519,20610705,20681102,20640704,,,,,20680528,20590327,,,,,20591225,,20650507,,,20680501,20470128,20590212,20680903,20680102,,20671226,,,,20480316,20520527,20620327,20431112,20560201,20590815,,20520201,,,,20571005,,20561102,20530725,20640310,,20420821,20550705,20611111,20460611,,,,,,,,,20530506,,,20630508,,,,20620525,20631022,,20640515,,,,,20550416,20601011,20530815,20590815,20521003,20670401,,20590506,20670606,20681003,20670126,,,,,,20410320,20500623,20520531,20600524,20590106,,20600419,,,,
,20670224,,,20650325,20620425,20440525,,20570306,,,20630101,20441006,20471225,20391024,20520408,20311128,20630501,20430326,20610520,20610829,20681115,20640901,,,,,20680611,20590328,,,,,20591226,,20650518,,,20680531,20470129,20590213,20680904,20680201,,20671227,,,,20480403,20520528,20620427,20431203,20560202,20590922,,20520202,,,,20571101,,20561120,20530815,20640404,,20420825,20550830,20611226,20460612,,,,,,,,,20530721,,,20630524,,,,20620907,20631225,,20640526,,,,,20550421,20601101,20530925,20590922,20521004,20670502,,20590526,20670624,20681101,20670401,,,,,,20410429,20500624,20520906,20600701,20590331,,20600426,,,,
,20670316,,,20650424,20620605,20440620,,20570420,,,20630315,20441007,20480115,20391205,20520415,20311225,20630509,20430327,20610530,20610901,20681130,20641013,,,,,20680806,20590331,,,,,20591229,,20650528,,,20680611,20470405,20590214,20690101,20680202,,20680102,,,,20480501,20520529,20620501,20431225,20560215,20590923,,20520501,,,,20571224,,20561123,20531110,20640407,,20420916,20551101,20611227,20461105,,,,,,,,,20530811,,,20630604,,,,20621012,20631226,,20640617,,,,,20550617,20601208,20530926,20590923,20521007,20670527,,20590908,20671226,20681224,20670404,,,,,,20410503,20500930,20521010,20600802,20590501,,20600607,,,,
,20670525,,,20650427,20621023,20440815,,20570501,,,20630316,20450102,20480212,20391212,20520416,20320115,20630815,20430501,20610721,20610915,20681225,20641111,,,,,20681001,20590425,,,,,20600101,,20651224,,,20680801,20470412,20590328,,20680203,,20680420,,,,20480511,20520530,20620616,20440101,20560216,20591003,,20520513,,,,20571225,,20561212,20531208,20640425,,20421124,20551130,20620102,20470101,,,,,,,,,20530915,,,20630815,,,,20621102,20640101,,20640804,,,,,20550709,20601231,20531003,20591003,20530101,20670809,,20590922,20680106,20681225,20670425,,,,,,20410506,20501010,20521011,20600906,20590508,,20601025,,,,
,20671130,,,20650501,20621225,20441010,,20570528,,,20630413,20450216,20480401,20400102,20520501,20320126,20630827,20430511,20610815,20611101,20681231,20641127,,,,,20681225,20590508,,,,,20600317,,20651225,,,20680906,20470415,20590331,,20680206,,20680525,,,,20480514,20520531,20620809,20440201,20560403,20591009,,20520516,,,,20580101,,20561225,20531225,20640609,,20421208,20551208,20620103,20470102,,,,,,,,,20530922,,,20631101,,,,20621115,20640303,,20641224,,,,,20550907,20610408,20531009,20591009,20530218,20671107,,20591224,20680420,20681226,20670613,,,,,,20410715,20510102,20530101,20601011,20590519,,20601227,,,,
,20671203,,,20650615,20621226,20441208,,20570621,,,20630416,20450217,20480403,20400227,20520506,20320219,20631001,20430601,20611101,20611117,20690101,20641225,,,,,20681226,20590509,,,,,20600416,,20651231,,,20681225,20470501,20590501,,20680207,,20680618,,,,20480528,20520805,20620925,20440202,20560417,20591225,,20520530,,,,20580226,,20570101,20540101,20640926,,20421224,20551224,20620324,20470103,,,,,,,,,20531013,,,20631225,,,,20621120,20640310,,20641225,,,,,20551012,20610627,20531225,20591225,20530219,20671208,,20591225,20680423,20681231,20670801,,,,,,20410812,20510209,20530213,20601111,20590529,,20601228,,,,
,20671208,,,20651028,20630101,20450220,,20570704,,,20630430,20450220,20480414,20400406,20520513,20320310,20631002,20430608,20611111,20611226,,20650101,,,,,20690101,20590519,,,,,20600419,,20660101,,,20681226,20470502,20590519,,20680411,,20680802,,,,20480601,20520826,20621225,20440211,20560418,20591231,,20520531,,,,20580412,,20570115,20540106,20641104,,20421225,20551230,20620522,20470104,,,,,,,,,20531103,,,20631226,,,,20621225,20640404,,20641226,,,,,20551102,20610815,20540101,20591231,20530220,20671226,,20591226,20680501,20690101,20671003,,,,,,20410916,20510210,20530214,20601227,20590815,,20610103,,,,
,20671210,,,20651225,20630102,20450221,,20570903,,,20630501,20450221,20480501,20400413,20520603,20320322,20631022,20430629,20611226,20620106,,20650119,,,,,,20590605,,,,,20600503,,20660409,,,20681231,20470529,20590701,,20680430,,20680803,,,,20480713,20521104,20621226,20440212,20560501,20600101,,20520603,,,,20580425,,20570205,20540319,20641225,,20421226,20551231,20620626,20470107,,,,,,,,,20531124,,,20640101,,,,20621229,20640407,,20650101,,,,,20551115,20610919,20540209,20600101,20530221,20680102,,20600101,20680531,,20671226,,,,,,20410923,20510213,20530217,20601228,20591208,,20610104,,,,
,20680101,,,20660101,20630129,20450324,,20570907,,,20630604,20450222,20480516,20400416,20520711,20320326,20631106,20430720,20620324,20620324,,20650216,,,,,,20591224,,,,,20600607,,20660412,,,20690101,20470701,20590922,,20680501,,20680903,,,,20480714,20521224,20630101,20440502,20560529,20600202,,20520604,,,,20580501,,20570219,20540326,20641226,,20421230,20560215,20620703,20470108,,,,,,,,,20531231,,,20640404,,,,20630101,20640526,,20650326,,,,,20551231,20611010,20540210,20600202,20530224,20680203,,20600303,20680606,,20671227,,,,,,20411014,20510214,20530218,20610103,20591224,,20610124,,,,
,20680212,,,20660106,20630206,20450406,,20571008,,,20630820,20450403,20480713,20400501,20520729,20320401,20631225,20430807,20620327,20620327,,20650327,,,,,,20591225,,,,,20600802,,20660520,,,,20471001,20591001,,20680903,,20681112,,,,20480715,20521225,20630321,20440512,20560605,20600203,,20520805,,,,20580610,,20570319,20540327,20650101,,20421231,20560225,20620904,20470308,,,,,,,,,20540101,,,20640407,,,,20630226,20640630,,20650327,,,,,20560125,20611031,20540501,20600203,20530404,20680214,,20600423,20680622,,20680102,,,,,,20411104,20510215,20530219,20610221,20591225,,20610207,,,,
,20680213,,,20660301,20630413,20450407,,20571012,,,20631022,20450404,20480815,20400504,20520812,20320414,20640121,20430817,20620501,20620501,,20650525,,,,,,20591226,,,,,20601025,,20660531,,,,20471028,20591014,,20680904,,20681225,,,,20480817,20521231,20630413,20440606,20560714,20600204,,20520826,,,,20580613,,20570419,20540501,20650126,,20430101,20560330,20621009,20470501,,,,,,,,,20540102,,,20640501,,,,20630227,20640804,,20650330,,,,,20560214,20611101,20540505,20600204,20530501,20680420,,20600426,20681224,,20680126,,,,,,20411231,20510227,20530220,20610408,20591226,,20610408,,,,
,20680214,,,20660325,20630416,20450501,,20571102,,,20631023,20450501,20480911,20400525,20521014,20320419,20640215,20431012,20620504,20620508,,20650703,,,,,,20591231,,,,,20601227,,20660610,,,,20471225,20591225,,20681231,,20681226,,,,20481009,20530101,20630416,20440811,20560831,20600301,,20520916,,,,20580815,,20570420,20540515,20650309,,20430102,20560331,20621113,20470502,,,,,,,,,20540112,,,20640508,,,,20630413,20640805,,20650423,,,,,20560215,20611208,20540515,20600301,20530502,20680501,,20600503,20681225,,20680420,,,,,,20420101,20510228,20530221,20610523,20600101,,20610411,,,,
,20680305,,,20660416,20630425,20450525,,20571112,,,20631101,20450619,20480919,20400604,20521023,20320421,20640303,20431102,20620505,20620705,,20650907,,,,,,20600101,,,,,20601228,,20661224,,,,20471226,20591226,,20690101,,20690101,,,,20481218,20530219,20630427,20440824,20560922,20600414,,20521021,,,,20581101,,20570501,20540528,20650327,,20430210,20560417,20621225,20470503,,,,,,,,,20540211,,,20640515,,,,20630423,20640806,,20650501,,,,,20560331,20620102,20540603,20600414,20530620,20680516,,20600506,20681226,,20680423,,,,,,20420102,20510404,20530228,20610701,20600106,,20610425,,,,
,20680514,,,20660419,20630604,20450620,,20571115,,,20631102,20450925,20481002,20400723,20521205,20320423,20640327,20431116,20620515,20620829,,20651012,,,,,,20600415,,,,,20601229,,20661231,,,,20480101,20600101,,,,,,,,20481224,20530318,20630501,20440825,20561106,20600505,,20521104,,,,20581224,,20570528,20541012,20650330,,20430225,20560501,20621226,20470509,,,,,,,,,20540223,,,20640526,,,,20630501,20641020,,20650507,,,,,20560421,20620324,20540915,20600505,20530926,20680809,,20600524,20681231,,20680425,,,,,,20420103,20510405,20530403,20610801,20600419,,20610606,,,,
,20681126,,,20660607,20631022,20450821,,20571122,,,20631224,20451002,20481007,20400730,20521210,20320501,20640331,20431208,20620721,20620901,,20651111,,,,,,20600416,,,,,20610103,,20670401,,,,20480214,20600202,,,,,,,,20481225,20530320,20630809,20440831,20561225,20600507,,20521225,,,,20581225,,20570704,20541109,20650608,,20430326,20560612,20630101,20470510,,,,,,,,,20540320,,,20640714,,,,20630614,20641225,,20650518,,,,,20560501,20620501,20540916,20600507,20531001,20681025,,20600906,20690101,,20680611,,,,,,20420113,20510501,20530404,20610905,20600527,,20611024,,,,
,20681127,,,20661028,20631225,20451016,,20571225,,,20631225,20451003,20481015,20400813,20521231,20320525,20640404,20431225,20620815,20620915,,20651126,,,,,,20600419,,,,,20610317,,20670404,,,,20480217,20600203,,,,,,,,20490101,20530404,20630924,20440916,20570101,20600908,,20530101,,,,20590101,,20570903,20541208,20650925,,20430327,20560623,20630102,20470612,,,,,,,,,20540429,,,20640815,,,,20630907,20641226,,20650617,,,,,20560601,20620626,20540917,20600908,20531002,20681126,,20600922,,,20680806,,,,,,20420211,20510612,20530501,20611010,20600607,,20611226,,,,
,20681128,,,20670106,20631226,20451106,,20580101,,,20631226,20451004,20481016,20401015,20530101,20320621,20640414,20431231,20621101,20621101,,20651225,,,,,,20600514,,,,,20610408,,20670512,,,,20480403,20600204,,,,,,,,20490202,20530501,20631217,20441020,20570122,20600909,,20530219,,,,20590211,,20571008,20541225,20651103,,20430409,20560821,20630413,20471104,,,,,,,,,20540504,,,20641111,,,,20631012,20650101,,20650803,,,,,20560907,20620815,20541009,20600909,20531003,20681225,,20601224,,,20681001,,,,,,20420224,20510613,20530620,20611111,20600617,,20611227,,,,
,20681202,,,20670221,20640101,20451120,,20580121,,,20631231,20451005,20481019,20401023,20530304,20320813,20640428,20440101,20621225,20621117,,20660101,,,,,,20600527,,,,,20610411,,20670523,,,,20480406,20600405,,,,,,,,20490416,20530515,20631225,20441031,20570201,20600910,,20530220,,,,20590328,,20571102,20550101,20651225,,20430501,20560828,20630521,20480101,,,,,,,,,20540505,,,20641225,,,,20631102,20650302,,20651224,,,,,20561012,20620918,20541225,20600910,20531006,20690101,,20601227,,,20681225,,,,,,20420320,20510918,20530926,20611226,20601026,,20620102,,,,
,20681203,,,20670325,20640102,20451208,,20580218,,,20640101,20451006,20481021,20401205,20530407,20320908,20640501,20440111,20621226,20621225,,20660118,,,,,,20600528,,,,,20610502,,20670602,,,,20480501,20600416,,,,,,,,20490430,20530519,20631226,20441121,20570205,20601231,,20530501,,,,20590425,,20571112,20550106,20651228,,20430511,20561101,20630625,20480102,,,,,,,,,20540506,,,20641226,,,,20631115,20650309,,20651225,,,,,20561102,20620919,20550101,20601231,20531007,,,20601228,,,20681226,,,,,,20420429,20510919,20531010,20611227,20601101,,20620103,,,,
,20690101,,,20670408,20640128,20451225,,20580225,,,20640404,20460101,20481105,20401210,20530414,20321002,20640815,20440321,20630101,20621226,,20660215,,,,,,20600607,,,,,20610606,,20671003,,,,20480520,20600419,,,,,,,,20490517,20530520,20640101,20441226,20570206,20610121,,20530506,,,,20590501,,20571119,20550319,20660101,,20430612,20561130,20630702,20480103,,,,,,,,,20540720,,,20650101,,,,20631120,20650327,,20660101,,,,,20561115,20621009,20550127,20610121,20540101,,,20610103,,,20690101,,,,,,20420505,20511009,20540101,20620102,20601208,,20620123,,,,
,,,,20670411,20640206,20460101,,20580226,,,20640407,20460205,20481106,20401231,20530415,20321014,20641002,20440414,20630413,20630101,,20660409,,,,,,20601224,,,,,20610801,,20671226,,,,20480615,20600507,,,,,,,,20490527,20530521,20640321,20450102,20570323,20610124,,20530519,,,,20590529,,20571122,20550415,20660126,,20430821,20561208,20630903,20480106,,,,,,,,,20540811,,,20650327,,,,20631225,20650330,,20660408,,,,,20561120,20621027,20550128,20610124,20540102,,,20610303,,,,,,,,,20420506,20511010,20540102,20620220,20601224,,20620206,,,,
,,,,20670530,20640404,20460205,,20580412,,,20640501,20460206,20481123,20410101,20530501,20321102,20641225,20440415,20630416,20630413,,20660531,,,,,,20601231,,,,,20611031,,20680420,,,,20480701,20600603,,,,,,,,20490601,20530522,20640404,20450131,20570405,20610301,,20530520,,,,20590610,,20571212,20550416,20660308,,20430831,20561225,20631008,20480107,,,,,,,,,20540921,,,20650330,,,,20631231,20650518,,20660409,,,,,20561225,20621101,20550129,20610301,20540209,,,20610408,,,,,,,,,20420721,20520101,20540204,20620324,20610106,,20620324,,,,
,,,,20670815,20640407,20460206,,20580501,,,20640502,20460207,20481218,20410215,20530505,20321104,20650109,20440530,20630501,20630416,,20660705,,,,,,20610407,,,,,20611226,,20680423,,,,20480923,20600701,,,,,,,,20490630,20530523,20640407,20450201,20570406,20610505,,20530530,,,,20590613,,20571225,20550617,20660409,,20430904,20570101,20631112,20480108,,,,,,,,,20540922,,,20650501,,,,20640101,20650629,,20660412,,,,,20561229,20621208,20550301,20610505,20540210,,,20610411,,,,,,,,,20420811,20520129,20540205,20620522,20610411,,20620327,,,,
,,,,20671028,20640425,20460322,,20580527,,,20640526,20460208,20481225,20410408,20530602,20321117,20650126,20440620,20630524,20630501,,20660906,,,,,,20610408,,,,,20611227,,20680501,,,,20481001,20600910,,,,,,,,20490701,20530815,20640428,20450202,20570501,20610526,,20530602,,,,20590815,,20580101,20551012,20660412,,20431112,20570406,20631225,20480309,,,,,,,,,20540923,,,20650507,,,,20640218,20650803,,20660422,,,,,20570101,20621225,20550504,20610526,20540211,,,20610502,,,,,,,,,20420915,20520130,20540206,20620703,20610519,,20620425,,,,
,,,,20671226,20640602,20460323,,20580613,,,20640820,20460209,20490114,20410415,20530603,20330103,20650305,20440627,20630525,20630508,,20661011,,,,,,20610411,,,,,20611228,,20680531,,,,20481016,20601001,,,,,,,,20490702,20531024,20640501,20450217,20570518,20610606,,20530815,,,,20591201,,20580121,20551101,20660614,,20431130,20570409,20631226,20480501,,,,,,,,,20541012,,,20650508,,,,20640219,20650804,,20660520,,,,,20570125,20630101,20550505,20610606,20540212,,,20610506,,,,,,,,,20420923,20520131,20540209,20620807,20610530,,20620605,,,,
,,,,20680106,20641027,20460402,,20580704,,,20641023,20460404,20490126,20410416,20530728,20330126,20650318,20440704,20630604,20630705,,20661111,,,,,,20610506,,,,,20620102,,20680611,,,,20481225,20601227,,,,,,,,20490817,20531224,20640616,20450501,20570604,20610815,,20530901,,,,20591208,,20580204,20551109,20661001,,20431208,20570419,20640101,20480504,,,,,,,,,20541103,,,20650518,,,,20640404,20650805,,20660531,,,,,20570305,20630413,20551004,20610815,20540213,,,20610524,,,,,,,,,20421013,20520201,20540210,20620904,20610609,,20621023,,,,
,,,,20680312,20641225,20460501,,20580902,,,20641024,20460430,20490302,20410501,20530730,20330219,20650327,20440720,20630815,20630829,,20661125,,,,,,20610519,,,,,20620317,,20680621,,,,20490101,20610121,,,,,,,,20490908,20531225,20640924,20450502,20570613,20610927,,20530916,,,,20591224,,20580218,20551206,20661102,,20431224,20570420,20640102,20480505,,,,,,,,,20541123,,,20650714,,,,20640421,20651019,,20660617,,,,,20570306,20630501,20551005,20610927,20540406,,,20610906,,,,,,,,,20421103,20520202,20540211,20621009,20610815,,20621225,,,,
,,,,20680427,20641226,20460525,,20581014,,,20641224,20460501,20490401,20410506,20530812,20330316,20650414,20440815,20631101,20631101,,20661224,,,,,,20610520,,,,,20620324,,20681003,,,,20490202,20610124,,,,,,,,20490928,20531226,20641216,20450605,20570703,20610928,,20531024,,,,20591225,,20580318,20551208,20661227,,20431225,20570501,20640404,20480511,,,,,,,,,20541231,,,20651111,,,,20640423,20651225,,20660802,,,,,20570420,20630521,20551006,20610928,20540501,,,20610922,,,,,,,,,20421124,20520205,20540212,20621113,20611026,,20621226,,,,
,,,,20680430,20650101,20460620,,20581111,,,20641225,20460608,20490403,20410514,20531013,20330331,20650415,20441017,20631225,20631224,,20670117,,,,,,20610530,,,,,20620327,,20681224,,,,20490203,20610404,,,,,,,,20491207,20531231,20641225,20450801,20570831,20610929,,20531110,,,,20600101,,20580411,20560106,20661228,,20431230,20570612,20640519,20480612,,,,,,,,,20550101,,,20651225,,,,20640501,20651228,,20661224,,,,,20570501,20630702,20560214,20610929,20540610,,,20611226,,,,,,,,,20421231,20520228,20540213,20621225,20611101,,20630101,,,,
,,,,20680501,20650102,20460709,,20581115,,,20641226,20460917,20490414,20410603,20531023,20330401,20650417,20441107,20631226,20631225,,20670221,,,,,,20611226,,,,,20620501,,20681225,,,,20490204,20610408,,,,,,,,20491224,20540101,20641226,20450814,20570911,20611003,,20531225,,,,20600302,,20580412,20560330,20670103,,20431231,20570821,20640624,20481104,,,,,,,,,20550111,,,20660101,,,,20640605,20660101,,20670331,,,,,20570621,20630716,20560215,20611003,20540916,,,20611227,,,,,,,,,20430101,20520404,20540227,20621226,20611208,,20630102,,,,
,,,,20680618,20650126,20460820,,20581128,,,20650101,20461001,20490416,20410715,20531205,20330407,20650501,20441114,20640101,20631226,,20670530,,,,,,20620323,,,,,20620605,,20681226,,,,20490405,20610411,,,,,,,,20500324,20540327,20650101,20450815,20570917,20611230,,20540101,,,,20600416,,20580501,20560331,20670126,,20440101,20570827,20640701,20490101,,,,,,,,,20550211,,,20660409,,,,20641120,20660301,,20670401,,,,,20570709,20630815,20560216,20611230,20541001,,,20611228,,,,,,,,,20430102,20520405,20540402,20630101,20611226,,20630122,,,,
,,,,20680815,20650206,20461015,,20581225,,,20650102,20461002,20490501,20410729,20531210,20330411,20650904,20441208,20640404,20640101,,20670704,,,,,,20620324,,,,,20620807,,20681231,,,,20490416,20610502,,,,,,,,20500408,20540408,20650327,20450831,20571225,20620208,,20540202,,,,20600610,,20580527,20560501,20670314,,20440225,20571101,20640901,20490104,,,,,,,,,20550223,,,20660412,,,,20641225,20660308,,20670404,,,,,20570907,20630917,20560301,20620208,20541002,,,20620102,,,,,,,,,20430112,20520501,20540403,20630219,20620106,,20630206,,,,
,,,,20681225,20650327,20461106,,20590101,,,20650327,20461003,20490505,20410812,20531231,20330412,20651002,20441230,20640407,20640404,,20670905,,,,,,20620327,,,,,20621030,,20690101,,,,20490419,20610526,,,,,,,,20500419,20540501,20650330,20451108,20580101,20620209,,20540209,,,,20600617,,20580704,20560502,20670401,,20440414,20571130,20641013,20490105,,,,,,,,,20550322,,,20660520,,,,20641231,20660409,,20670421,,,,,20571012,20630918,20560412,20620209,20541005,,,20620303,,,,,,,,,20430211,20520531,20540501,20630413,20620327,,20630413,,,,
,,,,20681226,20650330,20461119,,20590120,,,20650330,20461004,20490702,20411014,20540101,20330414,20651008,20450109,20640501,20640407,,20671010,,,,,,20620421,,,,,20621225,,,,,,20490510,20610622,,,,,,,,20500519,20540507,20650427,20451110,20580124,20620210,,20540210,,,,20601005,,20580902,20560515,20670404,,20440415,20571224,20641111,20490106,,,,,,,,,20550429,,,20660531,,,,20650101,20660412,,20670512,,,,,20571102,20630919,20560501,20620210,20541006,,,20620428,,,,,,,,,20430223,20520906,20540610,20630521,20620501,,20630416,,,,
,,,,20690101,20650427,20461225,,20590210,,,20650501,20461005,20490901,20411023,20540102,20330415,20651030,20450320,20640515,20640501,,20671111,,,,,,20620504,,,,,20621226,,,,,,20490604,20610701,,,,,,,,20500601,20540508,20650501,20451225,20580125,20620301,,20540501,,,,20601101,,20580916,20560815,20670425,,20440825,20571225,20641225,20490107,,,,,,,,,20550503,,,20660714,,,,20650120,20660531,,20670523,,,,,20571115,20631015,20560505,20620301,20541007,,,20620501,,,,,,,,,20430429,20521010,20540916,20630702,20620504,,20630425,,,,
,,,,,20650601,20470101,,20590211,,,20650518,20461231,20490909,20411205,20540223,20330610,20651112,20450406,20640516,20640508,,20671124,,,,,,20620505,,,,,20621227,,,,,,20490701,20610929,,,,,,,,20500620,20540511,20650616,20460101,20580201,20620308,,20540511,,,,20601201,,20581014,20561012,20670613,,20440829,20571231,20641226,20490108,,,,,,,,,20550504,,,20661101,,,,20650209,20660702,,20670617,,,,,20571120,20631101,20560522,20620308,20550101,,,20620508,,,,,,,,,20430504,20521011,20541009,20630806,20620515,,20630604,,,,
,,,,,20651026,20470225,,20590217,,,20650820,20470101,20491002,20411210,20540406,20330815,20651225,20450407,20640526,20640829,,20671226,,,,,,20620515,,,,,20630101,,,,,,20490913,20611021,,,,,,,,20500621,20540512,20650810,20460122,20580207,20620501,,20540522,,,,20601208,,20581111,20561101,20670930,,20441031,20580101,20650101,20490222,,,,,,,,,20550505,,,20661111,,,,20650210,20660802,,20670801,,,,,20571225,20631102,20560606,20620501,20550127,,,20620524,,,,,,,,,20430505,20530101,20550101,20630903,20620525,,20631022,,,,
,,,,,20651225,20470226,,20590328,,,20650821,20470125,20491005,20411231,20540413,20331003,20660126,20450501,20640721,20640901,,20680102,,,,,,20620605,,,,,20630319,,,,,,20491001,20611226,,,,,,,,20500622,20540521,20650924,20460201,20580312,20620505,,20540601,,,,20601224,,20581118,20561109,20671101,,20441101,20580124,20650102,20490223,,,,,,,,,20550719,,,20670401,,,,20650327,20660803,,20671226,,,,,20571231,20631225,20560815,20620505,20550128,,,20620906,,,,,,,,,20430506,20530217,20550121,20631008,20620815,,20631225,,,,
,,,,,20651228,20470402,,20590421,,,20651023,20470128,20491006,20420101,20540414,20331024,20660222,20450522,20640815,20640915,,20680116,,,,,,20621225,,,,,20630413,,,,,,20491005,20611227,,,,,,,,20500623,20540601,20651216,20460206,20580326,20620516,,20540602,,,,20610222,,20581128,20561206,20671226,,20441130,20580225,20650327,20490308,,,,,,,,,20550811,,,20670404,,,,20650421,20660804,,20680419,,,,,20580101,20631231,20560925,20620516,20550129,,,20620922,,,,,,,,,20430720,20530218,20550122,20631112,20621026,,20631226,,,,
,,,,,20660101,20470411,,20590501,,,20651224,20470129,20491008,20420306,20540415,20340126,20660312,20450612,20641111,20641117,,20680220,,,,,,20621226,,,,,20630416,,,,,,20491227,20620102,,,,,,,,20500624,20540716,20651225,20460207,20580327,20620531,,20540716,,,,20610408,,20581212,20561208,20671227,,20441208,20580326,20650518,20490503,,,,,,,,,20550920,,,20670512,,,,20650423,20661022,,20680420,,,,,20580125,20640101,20560926,20620531,20550201,,,20621225,,,,,,,,,20430811,20530219,20550125,20631225,20621101,,20640101,,,,
,,,,,20660104,20470412,,20590526,,,20651225,20470130,20491011,20420407,20540501,20340217,20660406,20450619,20641225,20641224,,20680420,,,,,,20630101,,,,,20630507,,,,,,20500124,20620209,,,,,,,,20500817,20540805,20660101,20460501,20580501,20620606,,20540805,,,,20610425,,20581225,20561225,20680102,,20441230,20580409,20650624,20490504,,,,,,,,,20550923,,,20670523,,,,20650501,20661227,,20680423,,,,,20580225,20640404,20561003,20620606,20550202,,,20621226,,,,,,,,,20430921,20530220,20550126,20631226,20621208,,20640102,,,,
,,,,,20660201,20470501,,20590529,,,20660101,20470131,20491025,20420414,20540504,20340302,20660408,20450703,20641226,20641225,,20680528,,,,,,20630412,,,,,20630604,,,,,,20500125,20620210,,,,,,,,20501226,20540817,20660322,20460521,20580507,20620815,,20540831,,,,20610609,,20590101,20570101,20680126,,20450217,20580411,20650701,20490510,,,,,,,,,20551011,,,20670714,,,,20650528,20670103,,20680501,,,,,20580226,20640501,20561009,20620815,20550405,,,20621227,,,,,,,,,20430922,20530221,20550127,20640101,20621225,,20640121,,,,
,,,,,20660208,20470617,,20590704,,,20660315,20470405,20491027,20420415,20540521,20340321,20660409,20450720,20650101,20641226,,20680704,,,,,,20630413,,,,,20630806,,,,,,20500126,20620324,,,,,,,,20510331,20541014,20660409,20460604,20580603,20620918,,20540916,,,,20610610,,20590120,20570419,20680312,,20450406,20580412,20650907,20490614,,,,,,,,,20551103,,,20670815,,,,20650907,20670307,,20680531,,,,,20580412,20640521,20561225,20620918,20550503,,,20630101,,,,,,,,,20430923,20530228,20550128,20640218,20621226,,20640206,,,,
,,,,,20660409,20470620,,20590901,,,20660409,20470501,20491101,20420501,20540603,20340328,20660414,20450807,20650327,20650101,,20680903,,,,,,20630416,,,,,20631029,,,,,,20500404,20620327,,,,,,,,20510412,20541224,20660412,20460806,20580604,20620919,,20541014,,,,20610613,,20590203,20570420,20680420,,20450407,20580501,20651012,20491104,,,,,,,,,20551123,,,20671101,,,,20651012,20670314,,20680611,,,,,20580501,20640716,20570101,20620919,20550531,,,20630305,,,,,,,,,20431012,20530403,20550129,20640404,20630101,,20640404,,,,
,,,,,20660412,20470709,,20591013,,,20660412,20470529,20491112,20420505,20540720,20340331,20660824,20450821,20650330,20650106,,20681008,,,,,,20630511,,,,,20631225,,,,,,20500408,20620404,,,,,,,,20510501,20541225,20660427,20460831,20580916,20621003,,20541030,,,,20610815,,20590217,20570501,20680423,,20450501,20580513,20651111,20491105,,,,,,,,,20551231,,,20671111,,,,20651102,20670401,,20680806,,,,,20580613,20640815,20570205,20621003,20551001,,,20630420,,,,,,,,,20431103,20530404,20550201,20640519,20630416,,20640407,,,,
,,,,,20660426,20470819,,20591111,,,20660531,20471001,20491208,20420603,20540728,20340401,20660928,20451016,20650501,20650327,,20681112,,,,,,20630524,,,,,20631226,,,,,,20500411,20620501,,,,,,,,20510511,20541231,20660616,20460917,20581115,20621009,,20541225,,,,20611005,,20590317,20570502,20680425,,20450612,20580531,20651225,20500103,,,,,,,,,20560103,,,20671226,,,,20651120,20670404,,20681224,,,,,20580709,20640918,20570206,20621009,20551004,,,20630423,,,,,,,,,20431123,20530501,20550301,20640701,20630501,,20640425,,,,
,,,,,20660607,20471014,,20591127,,,20660820,20471002,20500115,20420728,20540812,20340403,20661019,20451106,20650507,20650330,,20681122,,,,,,20630525,,,,,20631227,,,,,,20500502,20620516,,,,,,,,20510526,20550101,20660809,20461010,20581225,20621225,,20550101,,,,20611101,,20590327,20570515,20680611,,20450815,20580612,20651228,20500104,,,,,,,,,20560110,,,20680420,,,,20651225,20670523,,20681225,,,,,20581115,20640919,20570301,20621225,20551005,,,20630501,,,,,,,,,20431231,20530620,20550405,20640804,20630524,,20640602,,,,
,,,,,20661025,20471106,,20591225,,,20661101,20471003,20500126,20420801,20541013,20340407,20661102,20451113,20650508,20650501,,20681225,,,,,,20630604,,,,,20640101,,,,,,20500623,20620612,,,,,,,,20510601,20550128,20660924,20461029,20590101,20621229,,20550128,,,,20611201,,20590328,20570815,20680928,,20450821,20580821,20660101,20500105,,,,,,,,,20560211,,,20680423,,,,20651231,20670701,,20681226,,,,,20581120,20641031,20570307,20621229,20551006,,,20630507,,,,,,,,,20440101,20530926,20550406,20640901,20630604,,20641027,,,,
,,,,,20661227,20471118,,20600101,,,20661224,20471004,20500323,20420812,20541023,20340414,20670126,20451208,20650518,20650508,,20690101,,,,,,20630605,,,,,20640317,,,,,,20500701,20620918,,,,,,,,20510609,20550224,20661216,20461031,20590128,20630101,,20550129,,,,20611208,,20590501,20571012,20681106,,20450828,20580826,20660104,20500106,,,,,,,,,20560223,,,20680501,,,,20660101,20670801,,20690101,,,,,20581225,20641208,20570501,20630101,20551007,,,20630524,,,,,,,,,20440111,20531010,20550531,20641013,20630614,,20641225,,,,
,,,,,20661228,20471225,,20600119,,,20670314,20471007,20500401,20421013,20541207,20340501,20670225,20451225,20650721,20650901,,,,,,,,20631224,,,,,20640404,,,,,,20501024,20621002,,,,,,,,20510612,20550329,20661227,20461225,20590212,20630129,,20550201,,,,20620207,,20590526,20571101,20681225,,20451020,20581101,20660409,20500107,,,,,,,,,20560320,,,20680508,,,,20660120,20670802,,,,,,,20581231,20641225,20570507,20630129,20551008,,,20630906,,,,,,,,,20440211,20540101,20551004,20641111,20630815,,20641226,,,,
,,,,,20670103,20480101,,20600216,,,20670315,20471008,20500405,20421023,20541210,20340503,20670301,20451229,20651111,20650915,,,,,,,,20631225,,,,,20640407,,,,,,20501226,20621011,,,,,,,,20510613,20550416,20670321,20470101,20590213,20630130,,20550415,,,,20620324,,20590704,20571109,20681226,,20451101,20581224,20660524,20500110,,,,,,,,,20560503,,,20680531,,,,20660222,20670803,,,,,,,20590101,20641231,20570511,20630130,20560103,,,20630924,,,,,,,,,20440223,20540102,20551005,20641225,20631026,,20650101,,,,
,,,,,20670104,20480217,,20600301,,,20670401,20480101,20500408,20421205,20541231,20340531,20670401,20460101,20651225,20651117,,,,,,,,20631226,,,,,20640505,,,,,,20501227,20621225,,,,,,,,20510817,20550426,20670401,20470109,20590303,20630131,,20550428,,,,20620425,,20590901,20571206,20690101,,20451130,20581225,20660624,20500223,,,,,,,,,20560504,,,20680611,,,,20660223,20671021,,,,,,,20590210,20650101,20570606,20630131,20560214,,,20631224,,,,,,,,,20440321,20540206,20551011,20641226,20631101,,20650102,,,,
,,,,,20670131,20480218,,20600302,,,20670404,20480213,20500414,20421210,20550101,20340815,20670414,20460108,20660101,20651224,,,,,,,,20631231,,,,,20640602,,,,,,20510102,20621226,,,,,,,,20510907,20550427,20670404,20470128,20590317,20630301,,20550429,,,,20620501,,20590916,20571225,,,20451208,20581230,20660701,20500307,,,,,,,,,20560505,,,20680815,,,,20660409,20671226,,,,,,,20590211,20650327,20570815,20630301,20560215,,,20631225,,,,,,,,,20440429,20540209,20551231,20650101,20631224,,20650119,,,,
,,,,,20670207,20480324,,20600416,,,20670523,20480214,20500621,20421231,20550211,20340916,20670427,20460319,20660409,20651225,,,,,,,,20640101,,,,,20640804,,,,,,20510213,20630101,,,,,,,,20511116,20550428,20670427,20470201,20590501,20630501,,20550511,,,,20620525,,20591013,20580101,,,20451225,20581231,20660906,20500308,,,,,,,,,20560717,,,20681101,,,,20660421,20671227,,,,,,,20590328,20650501,20570912,20630501,20560216,,,20631226,,,,,,,,,20440503,20540210,20560210,20650216,20631225,,20650206,,,,
,,,,,20670401,20480402,,20600421,,,20671031,20480217,20500815,20430101,20550406,20341002,20670815,20460322,20660412,20660101,,,,,,,,20640403,,,,,20641027,,,,,,20510214,20630129,,,,,,,,20511225,20550429,20670502,20470501,20590522,20630507,,20550531,,,,20620613,,20591111,20580107,,,20460101,20590101,20661011,20500502,,,,,,,,,20560811,,,20681225,,,,20660423,20680102,,,,,,,20590421,20650521,20570913,20630507,20560217,,,20640101,,,,,,,,,20440504,20540211,20560211,20650327,20631226,,20650327,,,,
,,,,,20670404,20480403,,20600531,,,20671101,20480218,20500829,20430102,20550413,20341110,20670912,20460323,20660520,20660106,,,,,,,,20640404,,,,,20641225,,,,,,20510331,20630130,,,,,,,,20511226,20550430,20670616,20470509,20590526,20630606,,20550601,,,,20620815,,20591117,20580318,,,20460206,20590212,20661111,20500503,,,,,,,,,20560918,,,20681226,,,,20660610,20680305,,,,,,,20590501,20650629,20570914,20630606,20560218,,,20640303,,,,,,,,,20440505,20540212,20560214,20650518,20640101,,20650330,,,,
,,,,,20670425,20480501,,20600617,,,20671226,20480219,20500920,20430224,20550414,20341213,20671017,20460501,20660521,20660409,,,,,,,,20640407,,,,,20641226,,,,,,20510403,20630131,,,,,,,,20520101,20550511,20670809,20470603,20590602,20630815,,20550607,,,,20621005,,20591127,20580411,,,20460322,20590225,20661227,20500509,,,,,,,,,20560922,,,20690101,,,,20660907,20680312,,,,,,,20590529,20650716,20571003,20630815,20560403,,,20640411,,,,,,,,,20440718,20540213,20560215,20650701,20640407,,20650427,,,,
,,,,,20670606,20480525,,20600705,,,20680315,20480406,20500927,20430406,20550415,20341225,20671107,20460507,20660531,20660412,,,,,,,,20640502,,,,,20641229,,,,,,20510405,20630405,,,,,,,,20520201,20550527,20671216,20470711,20590612,20631003,,20550705,,,,20621101,,20591212,20580412,,,20460323,20590317,20661228,20500613,,,,,,,,,20561009,,,,,,,20661012,20680420,,,,,,,20590709,20650918,20571009,20631003,20560404,,,20640414,,,,,,,,,20440811,20540227,20560216,20650803,20640501,,20650601,,,,
,,,,,20671024,20480615,,20600906,,,20680316,20480501,20501015,20430413,20550503,20350126,20671208,20460528,20660721,20660705,,,,,,,,20640515,,,,,20650101,,,,,,20510501,20630413,,,,,,,,20520329,20550601,20671226,20470724,20590820,20631005,,20550726,,,,20621201,,20591225,20580501,,,20460409,20590327,20670103,20501104,,,,,,,,,20561103,,,,,,,20661102,20680423,,,,,,,20591120,20651012,20571225,20631005,20560501,,,20640501,,,,,,,,,20440919,20540402,20560217,20650907,20640515,,20651026,,,,
,,,,,20671226,20480709,,20600907,,,20680420,20480615,20501024,20430414,20550504,20350219,20680126,20460604,20661101,20660901,,,,,,,,20640516,,,,,20650317,,,,,,20510517,20630416,,,,,,,,20520401,20550705,20680102,20470725,20590901,20631008,,20550831,,,,20621208,,20600101,20580502,,,20460501,20590328,20670104,20510102,,,,,,,,,20561123,,,,,,,20661115,20680611,,,,,,,20591225,20651208,20580101,20631008,20560619,,,20640506,,,,,,,,,20440922,20540403,20560218,20651012,20640526,,20651225,,,,
,,,,,20671227,20480817,,20601011,,,20680423,20480921,20501025,20430415,20550510,20350308,20680214,20460702,20661111,20660915,,,,,,,,20640526,,,,,20650327,,,,,,20510613,20630501,,,,,,,,20520419,20550726,20680321,20470916,20590916,20631009,,20550916,,,,20621225,,20600119,20580515,,,20460514,20590409,20670401,20510103,,,,,,,,,20570101,,,,,,,20661231,20680702,,,,,,,20591231,20651225,20580123,20631009,20560925,,,20640526,,,,,,,,,20441010,20540501,20560228,20651111,20640605,,20651228,,,,
,,,,,20680102,20481012,,20601012,,,20680430,20480922,20501101,20430501,20550603,20350321,20680302,20460720,20670401,20661101,,,,,,,,20640605,,,,,20650330,,,,,,20510920,20630601,,,,,,,,20520501,20550817,20680420,20470930,20591104,20631225,,20551004,,,,20630101,,20600202,20580815,,,20460612,20590501,20670523,20510104,,,,,,,,,20570102,,,,,,,20670120,20680806,,,,,,,20600101,20651231,20580124,20631225,20561002,,,20640908,,,,,,,,,20441103,20540610,20560403,20651225,20640815,,20660101,,,,
,,,,,20680103,20481106,,20601102,,,20680501,20481001,20501115,20430504,20550708,20350323,20680315,20460807,20670404,20661117,,,,,,,,20641224,,,,,20650504,,,,,,20511002,20630702,,,,,,,,20520514,20551224,20680423,20471018,20591225,20631231,,20551019,,,,20630227,,20600216,20581101,,,20460803,20590522,20670624,20510105,,,,,,,,,20570103,,,,,,,20670214,20680807,,,,,,,20600301,20660101,20580125,20631231,20561003,,,20640922,,,,,,,,,20441123,20540916,20560404,20651228,20641208,,20660104,,,,
,,,,,20680130,20481123,,20601111,,,20680611,20481002,20501128,20430525,20550728,20350402,20680319,20460820,20670512,20661224,,,,,,,,20641225,,,,,20650601,,,,,,20511013,20631001,,,,,,,,20520529,20551231,20680427,20471021,20600101,20640101,,20560201,,,,20630413,,20600315,20581206,,,20460821,20590612,20670701,20510106,,,,,,,,,20570108,,,,,,,20670215,20680808,,,,,,,20600302,20660409,20580301,20640101,20561004,,,20641224,,,,,,,,,20450102,20541009,20560501,20660101,20641224,,20660125,,,,
,,,,,20680206,20481208,,20601115,,,20680820,20481005,20501201,20430603,20550812,20350409,20680410,20461015,20670513,20670106,,,,,,,,20641226,,,,,20650803,,,,,,20511225,20631008,,,,,,,,20520530,20560215,20680501,20471225,20600119,20640218,,20560215,,,,20630425,,20600415,20581225,,,20460827,20590821,20670905,20510223,,,,,,,,,20570212,,,,,,,20670401,20681022,,,,,,,20600416,20660521,20580430,20640218,20561005,,,20641225,,,,,,,,,20450103,20550101,20560616,20660215,20641225,,20660208,,,,
,,,,,20680420,20481225,,20601125,,,20681022,20481006,20510126,20430721,20551013,20350416,20680420,20461105,20670523,20670401,,,,,,,,20641231,,,,,20651026,,,,,,20511226,20631030,,,,,,,,20520531,20560317,20680809,20471230,20600202,20640219,,20560216,,,,20630501,,20600416,20590101,,,20461010,20590825,20671010,20510224,,,,,,,,,20570223,,,,,,,20670421,20681225,,,,,,,20600421,20660628,20580501,20640219,20561006,,,20641226,,,,,,,,,20450109,20550125,20560925,20660409,20641226,,20660409,,,,
,,,,,20680423,20490101,,20610117,,,20681023,20481007,20510331,20430728,20551025,20350420,20680501,20461112,20670721,20670404,,,,,,,,20650101,,,,,20651225,,,,,,20520101,20631225,,,,,,,,20520805,20560331,20680924,20480101,20600203,20640409,,20560403,,,,20630613,,20600531,20590106,,,20461101,20591208,20671111,20510308,,,,,,,,,20570320,,,,,,,20670602,20681226,,,,,,,20600617,20660716,20580506,20640409,20570101,,,20650101,,,,,,,,,20450223,20550126,20561009,20660524,20650101,,20660412,,,,
,,,,,20680425,20490301,,20610221,,,20681101,20490101,20510401,20430812,20551206,20350501,20680815,20461225,20670815,20670705,,,,,,,,20650326,,,,,20651228,,,,,,20520201,20631226,,,,,,,,20520826,20560417,20681217,20480130,20600204,20640501,,20560417,,,,20630614,,20600705,20590327,,,20461130,20591224,20671226,20510501,,,,,,,,,20570430,,,,,,,20670907,20690101,,,,,,,20600709,20660917,20580606,20640501,20570205,,,20650303,,,,,,,,,20450320,20550127,20561010,20660701,20650106,,20660426,,,,
,,,,,20680604,20490302,,20610222,,,20681102,20490201,20510411,20431013,20551210,20350521,20680831,20461231,20671101,20670829,,,,,,,,20650327,,,,,20651229,,,,,,20520202,20640101,,,,,,,,20521104,20560418,20681225,20480214,20600219,20640505,,20560418,,,,20630815,,20600906,20590328,,,20461224,20591225,20671227,20510508,,,,,,,,,20570503,,,,,,,20671012,,,,,,,,20600907,20661011,20580612,20640505,20570206,,,20650424,,,,,,,,,20450503,20550128,20570101,20660802,20650330,,20660607,,,,
,,,,,20681022,20490324,,20610408,,,20681224,20490202,20510414,20431023,20551231,20350522,20681002,20470101,20671111,20670901,,,,,,,,20650330,,,,,20660101,,,,,,20520404,20640218,,,,,,,,20521224,20560419,20681226,20480501,20600304,20640523,,20560501,,,,20631005,,20600916,20590501,,,20461225,20591226,20680102,20510509,,,,,,,,,20570504,,,,,,,20671102,,,,,,,,20601012,20661101,20580815,20640523,20570207,,,20650427,,,,,,,,,20450504,20550129,20570131,20660906,20650501,,20661025,,,,
,,,,,20681225,20490402,,20610421,,,20681225,20490203,20510501,20431207,20560103,20350813,20681109,20470107,20671226,20670915,,,,,,,,20650424,,,,,20660317,,,,,,20520419,20640219,,,,,,,,20521225,20560501,20690101,20480527,20600305,20640606,,20560529,,,,20631101,,20601011,20590502,,,20461231,20591230,20680103,20510612,,,,,,,,,20570716,,,,,,,20671115,,,,,,,,20601102,20661208,20581001,20640606,20570208,,,20650501,,,,,,,,,20450505,20550201,20570201,20661011,20650507,,20661227,,,,
,,,,,20681226,20490415,,20610530,,,20681226,20490204,20510815,20431210,20560229,20350815,20681127,20470325,20680420,20671101,,,,,,,,20650507,,,,,20660409,,,,,,20520422,20640220,,,,,,,,20530101,20560511,,20480601,20600511,20640815,,20560530,,,,20631224,,20601102,20590515,,,20470101,20591231,20680420,20511106,,,,,,,,,20570917,,,,,,,20671230,,,,,,,,20601115,20661231,20581002,20640815,20570209,,,20650506,,,,,,,,,20450717,20550301,20570202,20661111,20650518,,20661228,,,,
,,,,,20690101,20490416,,20610609,,,20681231,20490205,20510818,20431231,20560406,20350905,20681225,20470411,20680423,20671117,,,,,,,,20650508,,,,,20660412,,,,,,20520501,20640403,,,,,,,,20530219,20560529,,20480629,20600514,20640924,,20560531,,,,20631225,,20601111,20590725,,,20470225,20600101,20680521,20520101,,,,,,,,,20571008,,,,,,,20680120,,,,,,,,20601231,20670401,20581003,20640924,20570404,,,20650525,,,,,,,,,20450811,20550405,20570205,20661227,20650528,,20670103,,,,
,,,,,,20490525,,20610704,,,20690101,20490405,20510916,20440101,20560413,20351002,,20470412,20680501,20671226,,,,,,,,20650518,,,,,20660503,,,,,,20520506,20640404,,,,,,,,20530318,20560601,,20480713,20600531,20640925,,20560605,,,,20640101,,20601115,20590815,,,20470409,20600102,20680625,20520102,,,,,,,,,20571123,,,,,,,20680305,,,,,,,,20610125,20670627,20581004,20640925,20570430,,,20650907,,,,,,,,,20450918,20550406,20570206,20661228,20651026,,20670104,,,,
,,,,,,20490621,,20610905,,,,20490503,20511002,20440215,20560414,20351011,,20470501,20680531,20680106,,,,,,,,20650605,,,,,20660607,,,,,,20520701,20640407,,,,,,,,20530320,20560714,,20480714,20600607,20640926,,20560714,,,,20640219,,20601125,20591110,,,20470411,20600202,20680702,20520103,,,,,,,,,20571231,,,,,,,20680306,,,,,,,,20610221,20670815,20581009,20640926,20570501,,,20650922,,,,,,,,,20450922,20550531,20570207,20670103,20651208,,20670124,,,,
,,,,,,20490709,,20610907,,,,20490604,20511004,20440406,20560501,20351030,,20470527,20680601,20680420,,,,,,,,20651224,,,,,20660802,,,,,,20520909,20640501,,,,,,,,20530404,20560817,,20480831,20600809,20641003,,20560831,,,,20640404,,20601201,20591208,,,20470412,20600225,20680903,20520104,,,,,,,,,20580101,,,,,,,20680420,,,,,,,,20610222,20670919,20581225,20641003,20570606,,,20651224,,,,,,,,,20451009,20551004,20570208,20670221,20651224,,20670207,,,,
,,,,,,20490816,,20611010,,,,20490913,20511019,20440413,20560504,20351031,,20470617,20680611,20680423,,,,,,,,20651225,,,,,20661025,,,,,,20521001,20640523,,,,,,,,20530501,20560922,,20480916,20600831,20641009,,20560922,,,,20640425,,20610117,20591225,,,20470501,20600305,20681008,20520105,,,,,,,,,20580102,,,,,,,20680423,,,,,,,,20610408,20671010,20590101,20641009,20570913,,,20651225,,,,,,,,,20451103,20551005,20570209,20670401,20651225,,20670401,,,,
,,,,,,20491011,,20611012,,,,20491001,20511101,20440414,20560529,20351115,,20470624,20680815,20680501,,,,,,,,20651231,,,,,20661227,,,,,,20521030,20640619,,,,,,,,20530515,20561225,,20481009,20600916,20641225,,20561106,,,,20640501,,20610207,20600101,,,20470612,20600409,20681112,20520108,,,,,,,,,20580103,,,,,,,20680501,,,,,,,,20610421,20671031,20590211,20641225,20570914,,,20651228,,,,,,,,,20451123,20551011,20570228,20670523,20660101,,20670404,,,,
,,,,,,20491208,,20611102,,,,20491004,20511102,20440415,20560605,20351225,,20470701,20681101,20680508,,,,,,,,20660101,,,,,20661228,,,,,,20521225,20640701,,,,,,,,20530519,20561226,,20481105,20610121,20641231,,20561225,,,,20640605,,20610221,20600106,,,20470725,20600415,20681225,20520223,,,,,,,,,20580114,,,,,,,20680621,,,,,,,,20610609,20671101,20590212,20641231,20571001,,,20660101,,,,,,,,,20460101,20551231,20570403,20670701,20660106,,20670425,,,,
,,,,,,20491224,,20611111,,,,20491005,20511104,20440502,20560727,20360208,,20470807,20681225,20680705,,,,,,,,20660408,,,,,20661229,,,,,,20521226,20640926,,,,,,,,20530520,20570101,,20481218,20610201,20650101,,20570101,,,,20640610,,20610321,20600319,,,20470821,20600416,20681226,20520308,,,,,,,,,20580211,,,,,,,20680907,,,,,,,,20610907,20671208,20590213,20650101,20571002,,,20660303,,,,,,,,,20460102,20560214,20570404,20670801,20660412,,20670606,,,,
,,,,,,20491231,,20611115,,,,20491006,20511117,20440504,20560728,20360219,,20470819,20681226,20680829,,,,,,,,20660409,,,,,20670103,,,,,,20530101,20641001,,,,,,,,20530521,20570202,,20481225,20610204,20650204,,20570201,,,,20640613,,20610407,20600415,,,20470826,20600510,20690101,20520501,,,,,,,,,20580320,,,,,,,20681012,,,,,,,,20611012,20680102,20590501,20650204,20571003,,,20660416,,,,,,,,,20460103,20560215,20570501,20670905,20660520,,20671024,,,,
,,,,,,20500221,,20611124,,,,20491007,20511120,20440511,20560814,20360225,,20471014,20690101,20681101,,,,,,,,20660412,,,,,20670317,,,,,,20530219,20641225,,,,,,,,20530522,20570402,,20490101,20610208,20650205,,20570205,,,,20640815,,20610408,20600416,,,20470930,20600830,,20520508,,,,,,,,,20580429,,,,,,,20681102,,,,,,,,20611102,20680420,20590505,20650205,20571004,,,20660419,,,,,,,,,20460108,20560216,20570606,20671010,20660531,,20671226,,,,
,,,,,,20500222,,20611226,,,,20500103,20511225,20440603,20561013,20360312,,20471104,,20681224,,,,,,,,20660507,,,,,20670401,,,,,,20530220,20641226,,,,,,,,20530815,20570403,,20490119,20610221,20650206,,20570206,,,,20641201,,20610530,20600617,,,20471101,20601101,,20520509,,,,,,,,,20580503,,,,,,,20681115,,,,,,,,20611115,20680501,20590519,20650206,20571005,,,20660503,,,,,,,,,20460212,20560217,20570913,20671111,20660610,,20671227,,,,
,,,,,,20500324,,20620102,,,,20500124,20520115,20440711,20561023,20360328,,20471111,,20681225,,,,,,,,20660520,,,,,20670404,,,,,,20530221,20650101,,,,,,,,20531024,20570404,,20490201,20610222,20650501,,20570323,,,,20641208,,20610704,20601012,,,20471224,20601130,,20520510,,,,,,,,,20580506,,,,,,,20681120,,,,,,,,20611230,20680521,20590606,20650501,20571231,,,20660506,,,,,,,,,20460223,20560218,20570914,20671226,20661026,,20680102,,,,
,,,,,,20500407,,20620116,,,,20500125,20520126,20440728,20561205,20360401,,20471225,,20681226,,,,,,,,20660521,,,,,20670502,,,,,,20530403,20650205,,,,,,,,20531224,20570405,,20490202,20610502,20650505,,20570405,,,,20641224,,20610905,20601101,,,20471225,20601208,,20520612,,,,,,,,,20580715,,,,,,,20681225,,,,,,,,20620125,20680702,20590815,20650505,20580101,,,20660524,,,,,,,,,20460320,20560228,20571010,20671227,20661101,,20680103,,,,
,,,,,,20500408,,20620206,,,,20500126,20520228,20440812,20561211,20360405,,20471231,,20690101,,,,,,,,20660531,,,,,20670606,,,,,,20530404,20650206,,,,,,,,20531225,20570406,,20490203,20610504,20650512,,20570406,,,,20641225,,20610916,20601109,,,20471230,20601224,,20521104,,,,,,,,,20580812,,,,,,,20681231,,,,,,,,20620206,20680716,20590922,20650512,20580123,,,20660906,,,,,,,,,20460430,20560403,20571231,20680102,20661208,,20680123,,,,
,,,,,,20500525,,20620207,,,,20500127,20520401,20441013,20570101,20360409,,20480101,,,,,,,,,,20661224,,,,,20670801,,,,,,20530407,20650327,,,,,,,,20531226,20570420,,20490517,20610606,20650914,,20570501,,,,20650101,,20611010,20601206,,,20471231,20601230,,20530101,,,,,,,,,20580916,,,,,,,20690101,,,,,,,,20620207,20680815,20590923,20650914,20580124,,,20660922,,,,,,,,,20460503,20560404,20580101,20680220,20661224,,20680206,,,,
,,,,,,20500620,,20620220,,,,20500128,20520411,20441024,20570102,20360411,,20480106,,,,,,,,,,20661231,,,,,20671031,,,,,,20530501,20650330,,,,,,,,20540101,20570501,,20490607,20610729,20650915,,20570518,,,,20650210,,20611102,20601208,,,20480101,20601231,,20530102,,,,,,,,,20580923,,,,,,,,,,,,,,,20620324,20680917,20591003,20650915,20580125,,,20661224,,,,,,,,,20460504,20560501,20580117,20680420,20670106,,20680420,,,,
,,,,,,20500815,,20620324,,,,20500404,20520419,20441205,20570219,20360414,,20480323,,,,,,,,,,20670331,,,,,20671226,,,,,,20530526,20650501,,,,,,,,20540327,20570531,,20490618,20610831,20650916,,20570530,,,,20650327,,20611111,20610106,,,20480214,20610121,,20530103,,,,,,,,,20581014,,,,,,,,,,,,,,,20620421,20680918,20591009,20650916,20580128,,,20661227,,,,,,,,,20460716,20560616,20580118,20680521,20670404,,20680423,,,,
,,,,,,20501010,,20620421,,,,20500502,20520501,20441212,20570406,20360501,,20480402,,,,,,,,,,20670401,,,,,20671227,,,,,,20530620,20650512,,,,,,,,20540408,20570601,,20490702,20610916,20651009,,20570531,,,,20650501,,20611121,20610407,,,20480225,20610222,,20530106,,,,,,,,,20581104,,,,,,,,,,,,,,,20620501,20680919,20591225,20651009,20580129,,,20661228,,,,,,,,,20460917,20560925,20580121,20680702,20670512,,20680425,,,,
,,,,,,20501208,,20620501,,,,20500623,20520530,20450102,20570413,20360509,,20480403,,,,,,,,,,20670404,,,,,20671228,,,,,,20530701,20650608,,,,,,,,20540501,20570613,,20490831,20611111,20651225,,20570604,,,,20650528,,20611124,20610408,,,20480402,20610225,,20530107,,,,,,,,,20581231,,,,,,,,,,,,,,,20620525,20681015,20600101,20651225,20580404,,,20670103,,,,,,,,,20460924,20561009,20580122,20680806,20670523,,20680604,,,,
,,,,,,20510213,,20620525,,,,20500624,20520806,20450302,20570416,20360812,,20480501,,,,,,,,,,20670429,,,,,20680102,,,,,,20531001,20650701,,,,,,,,20540507,20570703,,20490908,20611226,20651231,,20570613,,,,20650610,,20611212,20610502,,,20480403,20610407,,20530108,,,,,,,,,20590101,,,,,,,,,,,,,,,20620907,20681101,20600202,20651231,20580405,,,20670303,,,,,,,,,20461008,20561010,20580123,20680903,20670602,,20681022,,,,
,,,,,,20510214,,20620529,,,,20500930,20520815,20450406,20570501,20360815,,20480518,,,,,,,,,,20670512,,,,,20680319,,,,,,20531020,20650916,,,,,,,,20540508,20570817,,20490916,20620102,20660101,,20570703,,,,20651005,,20611226,20610516,,,20480409,20610408,,20530310,,,,,,,,,20590102,,,,,,,,,,,,,,,20621012,20681102,20600203,20660101,20580501,,,20670408,,,,,,,,,20461123,20570101,20580124,20681008,20670815,,20681225,,,,
,,,,,,20510324,,20620704,,,,20501003,20520828,20450413,20570504,20360929,,20480608,,,,,,,,,,20670513,,,,,20680420,,,,,,20531225,20651001,,,,,,,,20540511,20570911,,20490928,20620125,20660125,,20570831,,,,20651201,,20620102,20610609,,,20480501,20610429,,20530501,,,,,,,,,20590103,,,,,,,,,,,,,,,20621102,20681225,20600204,20660125,20580624,,,20670411,,,,,,,,,20461231,20570202,20580125,20681112,20671026,,20681226,,,,
,,,,,,20510330,,20620904,,,,20501004,20520904,20450414,20570518,20361002,,20480615,,,,,,,,,,20670523,,,,,20680423,,,,,,20531226,20651008,,,,,,,,20540512,20571224,,20491025,20620201,20660126,,20570911,,,,20651208,,20620116,20610725,,,20480612,20610509,,20530502,,,,,,,,,20590113,,,,,,,,,,,,,,,20621115,20681231,20600301,20660126,20580625,,,20670502,,,,,,,,,20470101,20570205,20580128,20681225,20671101,,20690101,,,,
,,,,,,20510331,,20620907,,,,20501005,20521002,20450501,20570604,20361018,,20480629,,,,,,,,,,20671226,,,,,20680507,,,,,,20540101,20651225,,,,,,,,20540521,20571225,,20491208,20620209,20660127,,20570917,,,,20651224,,20620206,20610815,,,20480713,20610829,,20530509,,,,,,,,,20590211,,,,,,,,,,,,,,,20621120,20690101,20600414,20660127,20581001,,,20670506,,,,,,,,,20470102,20570206,20580228,20681226,20671208,,,,,,
,,,,,,20510501,,20621009,,,,20501006,20521003,20450504,20570716,20361020,,20480720,,,,,,,,,,20680419,,,,,20680604,,,,,,20540209,20660101,,,,,,,,20540601,20571231,,20500124,20620210,20660301,,20571225,,,,20651225,,20620220,20611012,,,20480821,20611101,,20530612,,,,,,,,,20590224,,,,,,,,,,,,,,,20621225,,20600505,20660301,20581002,,,20670524,,,,,,,,,20470103,20570207,20580301,20690101,20671226,,,,,,
,,,,,,20510525,,20621012,,,,20501007,20521008,20450530,20570730,20361103,,20480807,,,,,,,,,,20680420,,,,,20680806,,,,,,20540210,20660126,,,,,,,,20540716,20580101,,20500125,20620213,20660505,,20580101,,,,20660101,,20620320,20611101,,,20480831,20611130,,20530613,,,,,,,,,20590320,,,,,,,,,,,,,,,20621229,,20600507,20660505,20581003,,,20670906,,,,,,,,,20470114,20570208,20580404,,20680106,,,,,,
,,,,,,20510620,,20621102,,,,20510102,20521021,20450605,20570813,20361120,,20480817,,,,,,,,,,20680423,,,,,20681029,,,,,,20540211,20660127,,,,,,,,20540805,20580122,,20500201,20620420,20660602,,20580124,,,,20660223,,20620323,20611109,,,20480918,20611208,,20531103,,,,,,,,,20590429,,,,,,,,,,,,,,,20630101,,20600908,20660602,20581004,,,20670922,,,,,,,,,20470211,20570209,20580405,,20680423,,,,,,
,,,,,,20510821,,20621115,,,,20510210,20521023,20450728,20571015,20361225,,20481012,,,,,,,,,,20680518,,,,,20681225,,,,,,20540327,20660128,,,,,,,,20540817,20580124,,20500207,20620501,20661004,,20580125,,,,20660409,,20620324,20611206,,,20481130,20611230,,20531104,,,,,,,,,20590505,,,,,,,,,,,,,,,20630125,,20600909,20661004,20581007,,,20671226,,,,,,,,,20470321,20570228,20580501,,20680501,,,,,,
,,,,,,20511016,,20621123,,,,20510213,20521101,20450814,20571023,20370126,,20481102,,,,,,,,,,20680531,,,,,20681226,,,,,,20540330,20660405,,,,,,,,20541014,20580325,,20500502,20620510,20661005,,20580201,,,,20660610,,20620501,20611208,,,20481208,20620209,,20540101,,,,,,,,,20590506,,,,,,,,,,,,,,,20630226,,20600910,20661005,20581008,,,20671227,,,,,,,,,20470429,20570403,20580624,,20680531,,,,,,
,,,,,,20511106,,20621225,,,,20510214,20521105,20451013,20571205,20370127,,20481116,,,,,,,,,,20680601,,,,,20681227,,,,,,20540501,20660409,,,,,,,,20541224,20580326,,20500505,20620523,20661231,,20580312,,,,20661005,,20620529,20620106,,,20481224,20620210,,20540102,,,,,,,,,20590721,,,,,,,,,,,,,,,20630227,,20610121,20661231,20590101,,,20671228,,,,,,,,,20470503,20570404,20580625,,20680611,,,,,,
,,,,,,20511120,,20630101,,,,20510215,20521225,20451023,20571210,20370213,,20481208,,,,,,,,,,20680605,,,,,20690101,,,,,,20540515,20660412,,,,,,,,20541225,20580327,,20500606,20620605,20670214,,20580326,,,,20661101,,20620704,20620320,,,20481225,20620323,,20540105,,,,,,,,,20590811,,,,,,,,,,,,,,,20630413,,20610124,20670214,20590211,,,20680102,,,,,,,,,20470506,20570501,20581002,,20680621,,,,,,
,,,,,,20511208,,20630115,,,,20510216,20530115,20451205,20571231,20370219,,20481225,,,,,,,,,,20680611,,,,,,,,,,,20540610,20660503,,,,,,,,20550101,20580328,,20500607,20620719,20670215,,20580327,,,,20661201,,20620904,20620323,,,20481230,20620324,,20540106,,,,,,,,,20590915,,,,,,,,,,,,,,,20630501,,20610301,20670215,20590212,,,20680305,,,,,,,,,20470715,20570606,20581010,,20680815,,,,,,
,,,,,,20511225,,20630219,,,,20510405,20530321,20451211,20580101,20370226,,20481231,,,,,,,,,,20681224,,,,,,,,,,,20540701,20660528,,,,,,,,20550128,20580329,,20500621,20620831,20670216,,20580501,,,,20661208,,20621009,20620324,,,20481231,20620420,,20540107,,,,,,,,,20590923,,,,,,,,,,,,,,,20630614,,20610505,20670216,20590213,,,20680427,,,,,,,,,20470812,20570913,20581011,,20681026,,,,,,
,,,,,,20520101,,20630226,,,,20510501,20530401,20460101,20580208,20370302,,20490101,,,,,,,,,,20681225,,,,,,,,,,,20540917,20660701,,,,,,,,20550224,20580412,,20500622,20621031,20670301,,20580507,,,,20661224,,20621102,20620501,,,20490101,20620501,,20540108,,,,,,,,,20591013,,,,,,,,,,,,,,,20630709,,20610526,20670301,20590214,,,20680430,,,,,,,,,20470916,20570914,20590101,,20681101,,,,,,
,,,,,,20520304,,20630227,,,,20510612,20530402,20460102,20580408,20370317,,20490111,,,,,,,,,,20681226,,,,,,,,,,,20541001,20661001,,,,,,,,20550329,20580424,,20500829,20621225,20670309,,20580530,,,,20670215,,20621120,20620502,,,20490202,20620612,,20540109,,,,,,,,,20591103,,,,,,,,,,,,,,,20630907,,20610606,20670309,20590217,,,20680501,,,,,,,,,20470923,20571010,20590206,,20681224,,,,,,
,,,,,,20520305,,20630413,,,,20510613,20530404,20460220,20580415,20370325,,20490322,,,,,,,,,,20681231,,,,,,,,,,,20541009,20661004,,,,,,,,20550416,20580501,,20500831,20630101,20670505,,20580531,,,,20670401,,20621123,20620515,,,20490225,20620821,,20540223,,,,,,,,,20591124,,,,,,,,,,,,,,,20631012,,20610815,20670505,20590407,,,20680507,,,,,,,,,20471014,20571231,20590207,,20681225,,,,,,
,,,,,,20520402,,20630501,,,,20510918,20530414,20460406,20580416,20370401,,20490415,,,,,,,,,,20690101,,,,,,,,,,,20541225,20661027,,,,,,,,20550427,20580508,,20500916,20630117,20670520,,20580603,,,,20670425,,20621212,20620815,,,20490409,20620828,,20540309,,,,,,,,,20591231,,,,,,,,,,,,,,,20631102,,20610927,20670520,20590501,,,20680524,,,,,,,,,20471104,20580101,20590210,,20681226,,,,,,
,,,,,,20520418,,20630528,,,,20510919,20530421,20460413,20580501,20370403,,20490416,,,,,,,,,,,,,,,,,,,,,20550101,20661227,,,,,,,,20550428,20580523,,20500919,20630129,20670606,,20580604,,,,20670602,,20621225,20621012,,,20490415,20621101,,20540501,,,,,,,,,20600101,,,,,,,,,,,,,,,20631115,,20610928,20670606,20590502,,,20680906,,,,,,,,,20471231,20580121,20590211,,20690101,,,,,,
,,,,,,20520419,,20630614,,,,20511002,20530501,20460416,20580506,20370414,,20490531,,,,,,,,,,,,,,,,,,,,,20550128,20670214,,,,,,,,20550429,20581224,,20501114,20630130,20670815,,20580916,,,,20670610,,20630101,20621101,,,20490416,20621130,,20540504,,,,,,,,,20600102,,,,,,,,,,,,,,,20631120,,20610929,20670815,20590616,,,20680924,,,,,,,,,20480101,20580122,20590212,,,,,,,,
,,,,,,20520501,,20630704,,,,20511003,20530520,20460501,20580507,20370429,,20490621,,,,,,,,,,,,,,,,,,,,,20550129,20670215,,,,,,,,20550430,20581225,,20501128,20630131,20670922,,20581115,,,,20670613,,20630115,20621109,,,20490510,20621208,,20540511,,,,,,,,,20600112,,,,,,,,,,,,,,,20631225,,20611003,20670922,20590922,,,20681224,,,,,,,,,20480102,20580123,20590213,,,,,,,,
,,,,,,20520617,,20630903,,,,20511004,20530815,20460504,20580603,20370501,,20490628,,,,,,,,,,,,,,,,,,,,,20550405,20670216,,,,,,,,20550511,20581231,,20501226,20630201,20670923,,20581225,,,,20670815,,20630205,20621206,,,20490702,20621225,,20540612,,,,,,,,,20600211,,,,,,,,,,,,,,,20631231,,20620208,20670923,20591001,,,20681225,,,,,,,,,20480103,20580124,20590214,,,,,,,,
,,,,,,20520620,,20630907,,,,20511005,20530825,20460521,20580705,20370812,,20490705,,,,,,,,,,,,,,,,,,,,,20550416,20670401,,,,,,,,20550527,20590101,,20510102,20630202,20671003,,20590101,,,,20671005,,20630219,20621208,,,20490830,20630101,,20541104,,,,,,,,,20600223,,,,,,,,,,,,,,,20640101,,20620209,20671003,20591002,,,20681226,,,,,,,,,20480113,20580125,20590228,,,,,,,,
,,,,,,20520709,,20631008,,,,20511006,20530915,20460604,20580729,20370815,,20490720,,,,,,,,,,,,,,,,,,,,,20550419,20670404,,,,,,,,20550601,20590212,,20510127,20630212,20671230,,20590212,,,,20671101,,20630319,20621225,,,20490908,20630129,,20550101,,,,,,,,,20600429,,,,,,,,,,,,,,,20640125,,20620210,20671230,20591003,,,20690101,,,,,,,,,20480211,20580128,20590403,,,,,,,,
,,,,,,20520819,,20631012,,,,20520101,20531002,20460717,20580812,20371002,,20490816,,,,,,,,,,,,,,,,,,,,,20550504,20670405,,,,,,,,20550705,20590314,,20510201,20630409,20680202,,20590213,,,,20671201,,20630412,20630101,,,20491101,20630131,,20550104,,,,,,,,,20600503,,,,,,,,,,,,,,,20640218,,20620301,20680202,20591006,,,,,,,,,,,,20480224,20580228,20590404,,,,,,,,
,,,,,,20521014,,20631102,,,,20520131,20531021,20460730,20581014,20371107,,20491018,,,,,,,,,,,,,,,,,,,,,20550531,20670502,,,,,,,,20550726,20590317,,20510213,20630430,20680203,,20590303,,,,20671208,,20630413,20630412,,,20491130,20630409,,20550105,,,,,,,,,20600504,,,,,,,,,,,,,,,20640219,,20620308,20680203,20591007,,,,,,,,,,,,20480320,20580301,20590501,,,,,,,,
,,,,,,20521106,,20631112,,,,20520201,20531022,20460813,20581023,20371109,,20491101,,,,,,,,,,,,,,,,,,,,,20550701,20670520,,,,,,,,20550817,20590318,,20510501,20630501,20680301,,20590317,,,,20680306,,20630501,20630413,,,20491208,20630412,,20550106,,,,,,,,,20600505,,,,,,,,,,,,,,,20640404,,20620501,20680301,20600101,,,,,,,,,,,,20480429,20580404,20590613,,,,,,,,
,,,,,,20521118,,20631115,,,,20520202,20531027,20461015,20581205,20371225,,20491115,,,,,,,,,,,,,,,,,,,,,20551001,20670616,,,,,,,,20551224,20590328,,20510524,20630604,20680411,,20590501,,,,20680420,,20630528,20630501,,,20491224,20630413,,20550107,,,,,,,,,20600719,,,,,,,,,,,,,,,20640421,,20620505,20680411,20600102,,,,,,,,,,,,20480504,20580405,20590922,,,,,,,,
,,,,,,20521225,,20631122,,,,20520205,20531101,20461023,20581210,20380126,,20491208,,,,,,,,,,,,,,,,,,,,,20551006,20670701,,,,,,,,20560215,20590414,,20510529,20630709,20680501,,20590522,,,,20680425,,20630704,20630502,,,20491230,20630501,,20550108,,,,,,,,,20600811,,,,,,,,,,,,,,,20640501,,20620516,20680501,20600202,,,,,,,,,,,,20480505,20580501,20591010,,,,,,,,
,,,,,,20530101,,20631225,,,,20520206,20531111,20461205,20581231,20380215,,20491231,,,,,,,,,,,,,,,,,,,,,20551028,20671017,,,,,,,,20560317,20590501,,20510605,20630831,20680507,,20590526,,,,20680501,,20630903,20630515,,,20491231,20630612,,20550222,,,,,,,,,20600920,,,,,,,,,,,,,,,20640605,,20620531,20680507,20600203,,,,,,,,,,,,20480506,20580624,20600101,,,,,,,,
,,,,,,20530217,,20640101,,,,20520404,20531128,20461210,20590101,20380219,,20500110,,,,,,,,,,,,,,,,,,,,,20551227,20671226,,,,,,,,20560331,20590508,,20510612,20630917,20680509,,20590530,,,,20680613,,20631008,20630815,,,20500225,20630821,,20550223,,,,,,,,,20600921,,,,,,,,,,,,,,,20640709,,20620606,20680509,20600204,,,,,,,,,,,,20480720,20580625,20600102,,,,,,,,
,,,,,,20530218,,20640121,,,,20520405,20531225,20461231,20590226,20380304,,20500321,,,,,,,,,,,,,,,,,,,,,20560215,20671227,,,,,,,,20560417,20590522,,20510817,20631022,20680606,,20590602,,,,20680621,,20631102,20631012,,,20500407,20630827,,20550308,,,,,,,,,20600922,,,,,,,,,,,,,,,20641120,,20620815,20680606,20600205,,,,,,,,,,,,20480811,20581002,20600128,,,,,,,,
,,,,,,20530324,,20640218,,,,20520501,20540115,20470101,20590407,20380401,,20500407,,,,,,,,,,,,,,,,,,,,,20560216,20680102,,,,,,,,20560418,20590527,,20510831,20631225,20680815,,20590612,,,,20680815,,20631112,20631101,,,20500408,20631101,,20550503,,,,,,,,,20601011,,,,,,,,,,,,,,,20641225,,20620918,20680815,20600206,,,,,,,,,,,,20480921,20581010,20600129,,,,,,,,
,,,,,,20530402,,20640219,,,,20520603,20540126,20470211,20590414,20380405,,20500408,,,,,,,,,,,,,,,,,,,,,20560217,20680203,,,,,,,,20560419,20590612,,20510907,20640101,20680910,,20590820,,,,20681005,,20631119,20631109,,,20500621,20631130,,20550504,,,,,,,,,20601103,,,,,,,,,,,,,,,20641231,,20620919,20680910,20600405,,,,,,,,,,,,20480922,20581011,20600130,,,,,,,,
,,,,,,20530403,,20640404,,,,20520909,20540307,20470408,20590415,20380413,,20500523,,,,,,,,,,,,,,,,,,,,,20560331,20680206,,,,,,,,20560501,20590821,,20511102,20640107,20680911,,20590901,,,,20681101,,20631122,20631206,,,20500829,20631224,,20550510,,,,,,,,,20601123,,,,,,,,,,,,,,,20650101,,20621003,20680911,20600503,,,,,,,,,,,,20481012,20590101,20600202,,,,,,,,
,,,,,,20530404,,20640421,,,,20521001,20540327,20470415,20590501,20380414,,20500613,,,,,,,,,,,,,,,,,,,,,20560403,20680404,,,,,,,,20560511,20591224,,20511116,20640121,20680912,,20590916,,,,20681224,,20631212,20631225,,,20501101,20631225,,20550614,,,,,,,,,20601231,,,,,,,,,,,,,,,20650209,,20621009,20680912,20600603,,,,,,,,,,,,20481103,20590210,20600203,,,,,,,,
,,,,,,20530501,,20640501,,,,20521002,20540401,20470416,20590505,20380417,,20500620,,,,,,,,,,,,,,,,,,,,,20560404,20680420,,,,,,,,20560529,20591225,,20511225,20640122,20681003,,20591104,,,,20681225,,20631225,20640101,,,20501130,20631231,,20551104,,,,,,,,,20610103,,,,,,,,,,,,,,,20650210,,20621225,20681003,20600604,,,,,,,,,,,,20481123,20590211,20600204,,,,,,,,
,,,,,,20530616,,20640526,,,,20521003,20540409,20470501,20590526,20380423,,20500704,,,,,,,,,,,,,,,,,,,,,20560501,20680423,,,,,,,,20560601,20591226,,20520101,20640201,20681009,,20591225,,,,20690101,,20640101,20640107,,,20501208,20640101,,20551105,,,,,,,,,20610110,,,,,,,,,,,,,,,20650327,,20630101,20681009,20600909,,,,,,,,,,,,20481231,20590212,20600205,,,,,,,,
,,,,,,20530620,,20640605,,,,20521004,20540414,20470506,20590603,20380501,,20500720,,,,,,,,,,,,,,,,,,,,,20560522,20680501,,,,,,,,20560714,20591231,,20520201,20640218,20681225,,20600101,,,,,,20640121,20640403,,,20501230,20640121,,20560103,,,,,,,,,20610211,,,,,,,,,,,,,,,20650421,,20630129,20681225,20600910,,,,,,,,,,,,20490101,20590213,20600206,,,,,,,,
,,,,,,20530709,,20640704,,,,20521007,20540420,20470508,20590724,20380518,,20500815,,,,,,,,,,,,,,,,,,,,,20560925,20680509,,,,,,,,20560817,20600101,,20520202,20640219,20681231,,20600202,,,,,,20640204,20640404,,,20510330,20640225,,20560104,,,,,,,,,20610223,,,,,,,,,,,,,,,20650501,,20630130,20681231,20601001,,,,,,,,,,,,20490111,20590214,20600227,,,,,,,,
,,,,,,20530818,,20640901,,,,20530101,20540501,20470603,20590728,20380812,,20501017,,,,,,,,,,,,,,,,,,,,,20561002,20680604,,,,,,,,20560922,20600202,,20520213,20640328,20690101,,20600203,,,,,,20640218,20640501,,,20510331,20640328,,20560105,,,,,,,,,20610321,,,,,,,,,,,,,,,20650528,,20630131,20690101,20601004,,,,,,,,,,,,20490211,20590228,20600402,,,,,,,,
,,,,,,20531013,,20641013,,,,20530218,20540716,20470708,20590812,20380902,,20501107,,,,,,,,,,,,,,,,,,,,,20561017,20680702,,,,,,,,20561225,20600301,,20520501,20640418,,,20600204,,,,,,20640317,20640502,,,20510501,20640403,,20560106,,,,,,,,,20610429,,,,,,,,,,,,,,,20650709,,20630301,,20601005,,,,,,,,,,,,20490223,20590403,20600405,,,,,,,,
,,,,,,20531106,,20641111,,,,20530219,20540815,20470729,20591013,20381002,,20501114,,,,,,,,,,,,,,,,,,,,,20561225,20680912,,,,,,,,20561226,20600302,,20520513,20640501,,,20600219,,,,,,20640403,20640515,,,20510612,20640404,,20560107,,,,,,,,,20610503,,,,,,,,,,,,,,,20650907,,20630501,,20601006,,,,,,,,,,,,20490429,20590404,20600603,,,,,,,,
,,,,,,20531124,,20641127,,,,20530220,20540905,20470812,20591023,20381007,,20501208,,,,,,,,,,,,,,,,,,,,,20561226,20681001,,,,,,,,20570101,20600303,,20520516,20640502,,,20600304,,,,,,20640404,20640725,,,20510817,20640409,,20560110,,,,,,,,,20610504,,,,,,,,,,,,,,,20651012,,20630507,,20601007,,,,,,,,,,,,20490503,20590501,20600604,,,,,,,,
,,,,,,20531208,,20641225,,,,20530221,20541001,20471014,20591205,20381027,,20501230,,,,,,,,,,,,,,,,,,,,,20570101,20681004,,,,,,,,20570202,20600304,,20520530,20640602,,,20600305,,,,,,20640501,20640815,,,20510821,20640501,,20560223,,,,,,,,,20610505,,,,,,,,,,,,,,,20651102,,20630606,,20610103,,,,,,,,,,,,20490504,20590613,20600909,,,,,,,,
,,,,,,20531225,,20650101,,,,20530224,20541002,20471023,20591210,20381029,,20510109,,,,,,,,,,,,,,,,,,,,,20570205,20681225,,,,,,,,20570404,20600305,,20520531,20640627,,,20600511,,,,,,20640526,20641110,,,20510828,20640512,,20560308,,,,,,,,,20610718,,,,,,,,,,,,,,,20651120,,20630815,,20610120,,,,,,,,,,,,20490505,20590922,20600910,,,,,,,,
,,,,,,20531226,,20650119,,,,20530404,20541014,20471205,20591231,20381030,,20510320,,,,,,,,,,,,,,,,,,,,,20570206,20681226,,,,,,,,20570405,20600401,,20520603,20640901,,,20600514,,,,,,20640704,20641208,,,20511101,20640612,,20560501,,,,,,,,,20610811,,,,,,,,,,,,,,,20651225,,20631003,,20610121,,,,,,,,,,,,20490719,20591010,20601011,,,,,,,,
,,,,,,20540101,,20650209,,,,20530501,20541016,20471210,20600101,20381111,,20510330,,,,,,,,,,,,,,,,,,,,,20570207,20690101,,,,,,,,20570406,20600416,,20520805,20640916,,,20600531,,,,,,20640901,20641225,,,20511130,20640821,,20560508,,,,,,,,,20610919,,,,,,,,,,,,,,,20651231,,20631005,,20610124,,,,,,,,,,,,20490811,20600101,20601231,,,,,,,,
,,,,,,20540209,,20650210,,,,20530502,20541030,20471231,20600102,20390106,,20510331,,,,,,,,,,,,,,,,,,,,,20570404,,,,,,,,,20570420,20600510,,20520826,20641225,,,20600601,,,,,,20640916,20650101,,,20511208,20640825,,20560509,,,,,,,,,20610922,,,,,,,,,,,,,,,20660101,,20631008,,20610125,,,,,,,,,,,,20490920,20600102,20610117,,,,,,,,
,,,,,,20540210,,20650216,,,,20530620,20541031,20480101,20600216,20390126,,20510501,,,,,,,,,,,,,,,,,,,,,20570420,,,,,,,,,20570501,20600511,,20520916,20641226,,,20600602,,,,,,20641013,20650106,,,20511225,20641208,,20560612,,,,,,,,,20611010,,,,,,,,,,,,,,,20660125,,20631009,,20610126,,,,,,,,,,,,20490921,20600130,20610118,,,,,,,,
,,,,,,20540324,,20650327,,,,20530926,20541118,20480228,20600406,20390204,,20510515,,,,,,,,,,,,,,,,,,,,,20570423,,,,,,,,,20570531,20600527,,20521021,20650101,,,20600607,,,,,,20641111,20650319,,,20520101,20641224,,20561106,,,,,,,,,20611103,,,,,,,,,,,,,,,20660222,,20631225,,20610404,,,,,,,,,,,,20490922,20600202,20610119,,,,,,,,
,,,,,,20540326,,20650421,,,,20531001,20541225,20480406,20600413,20390219,,20510605,,,,,,,,,,,,,,,,,,,,,20570501,,,,,,,,,20570601,20600531,,20521104,20650108,,,20600809,,,,,,20641117,20650326,,,20520201,20641225,,20570101,,,,,,,,,20611123,,,,,,,,,,,,,,,20660223,,20640101,,20610502,,,,,,,,,,,,20491011,20600203,20610120,,,,,,,,
,,,,,,20540327,,20650501,,,,20531002,20550115,20480413,20600414,20390221,,20510612,,,,,,,,,,,,,,,,,,,,,20570511,,,,,,,,,20570613,20600601,,20521225,20650109,,,20600831,,,,,,20641127,20650327,,,20520409,20641226,,20570102,,,,,,,,,20620102,,,,,,,,,,,,,,,20660409,,20640218,,20610622,,,,,,,,,,,,20491103,20600204,20610121,,,,,,,,
,,,,,,20540402,,20650525,,,,20531003,20550126,20480414,20600415,20390311,,20510703,,,,,,,,,,,,,,,,,,,,,20570606,,,,,,,,,20570703,20600809,,20530101,20650122,,,20600916,,,,,,20641212,20650501,,,20520418,20641230,,20570103,,,,,,,,,20620103,,,,,,,,,,,,,,,20660421,,20640219,,20610928,,,,,,,,,,,,20491123,20600205,20610124,,,,,,,,
,,,,,,20540501,,20650528,,,,20531006,20550224,20480415,20600503,20390325,,20510720,,,,,,,,,,,,,,,,,,,,,20570702,,,,,,,,,20570817,20600817,,20530203,20650202,,,20610121,,,,,,20641225,20650515,,,20520419,20641231,,20570104,,,,,,,,,20620109,,,,,,,,,,,,,,,20660610,,20640409,,20611003,,,,,,,,,,,,20491231,20600206,20610125,,,,,,,,
,,,,,,20540525,,20650907,,,,20531007,20550329,20480501,20600504,20390401,,20510807,,,,,,,,,,,,,,,,,,,,,20570914,,,,,,,,,20570911,20601220,,20530219,20650205,,,20610201,,,,,,20650101,20650528,,,20520501,20650101,,20570105,,,,,,,,,20620223,,,,,,,,,,,,,,,20660709,,20640501,,20611004,,,,,,,,,,,,20500103,20600227,20610228,,,,,,,,
,,,,,,20540615,,20651012,,,,20540101,20550401,20480504,20600514,20390407,,20510821,,,,,,,,,,,,,,,,,,,,,20571001,,,,,,,,,20571224,20601224,,20530220,20650206,,,20610208,,,,,,20650119,20651012,,,20520513,20650102,,20570108,,,,,,,,,20620320,,,,,,,,,,,,,,,20660907,,20640505,,20611005,,,,,,,,,,,,20500110,20600402,20610404,,,,,,,,
,,,,,,20540709,,20651102,,,,20540102,20550409,20480527,20600603,20390408,,20511016,,,,,,,,,,,,,,,,,,,,,20571225,,,,,,,,,20571225,20601231,,20530501,20650317,,,20610221,,,,,,20650202,20651109,,,20520530,20650109,,20570223,,,,,,,,,20620503,,,,,,,,,,,,,,,20661012,,20640523,,20611006,,,,,,,,,,,,20500211,20600405,20610405,,,,,,,,
,,,,,,20540817,,20651111,,,,20540209,20550414,20480603,20600712,20390414,,20511106,,,,,,,,,,,,,,,,,,,,,20571226,,,,,,,,,20580101,20610121,,20530506,20650407,,,20610222,,,,,,20650216,20651208,,,20520612,20650205,,20570308,,,,,,,,,20620504,,,,,,,,,,,,,,,20661102,,20640606,,20611007,,,,,,,,,,,,20500223,20600603,20610502,,,,,,,,
,,,,,,20541012,,20651126,,,,20540210,20550416,20480727,20600728,20390812,,20511113,,,,,,,,,,,,,,,,,,,,,20580101,,,,,,,,,20580122,20610221,,20530519,20650501,,,20610502,,,,,,20650316,20651225,,,20520805,20650225,,20570309,,,,,,,,,20620505,,,,,,,,,,,,,,,20661115,,20640815,,20620102,,,,,,,,,,,,20500321,20600604,20610622,,,,,,,,
,,,,,,20541106,,20651225,,,,20540211,20550429,20480728,20600812,20390815,,20511208,,,,,,,,,,,,,,,,,,,,,20580124,,,,,,,,,20580124,20610222,,20530520,20650519,,,20610504,,,,,,20650326,20660101,,,20520821,20650317,,20570430,,,,,,,,,20620717,,,,,,,,,,,,,,,20661231,,20640924,,20620208,,,,,,,,,,,,20500429,20600909,20610928,,,,,,,,
,,,,,,20541123,,20660101,,,,20540212,20550430,20480812,20601013,20390823,,20511225,,,,,,,,,,,,,,,,,,,,,20580125,,,,,,,,,20580325,20610223,,20530602,20650601,,,20610530,,,,,,20650327,20660106,,,20520826,20650326,,20570501,,,,,,,,,20620811,,,,,,,,,,,,,,,20670125,,20640925,,20620209,,,,,,,,,,,,20500503,20600910,20611010,,,,,,,,
,,,,,,20541208,,20660118,,,,20540213,20550501,20481013,20601025,20391020,,20511229,,,,,,,,,,,,,,,,,,,,,20580404,,,,,,,,,20580326,20610224,,20530815,20650616,,,20610531,,,,,,20650501,20660319,,,20521101,20650327,,20570509,,,,,,,,,20620918,,,,,,,,,,,,,,,20670214,,20640926,,20620210,,,,,,,,,,,,20500504,20601011,20620102,,,,,,,,
,,,,,,20541225,,20660215,,,,20540406,20550706,20481023,20601206,20391026,,20520101,,,,,,,,,,,,,,,,,,,,,20580412,,,,,,,,,20580327,20610225,,20530901,20650831,,,20610606,,,,,,20650525,20660408,,,20521224,20650409,,20570611,,,,,,,,,20621009,,,,,,,,,,,,,,,20670215,,20641003,,20620213,,,,,,,,,,,,20500505,20601231,20620202,,,,,,,,
,,,,,,20550101,,20660222,,,,20540501,20550804,20481207,20601210,20391115,,20520108,,,,,,,,,,,,,,,,,,,,,20580415,,,,,,,,,20580328,20610408,,20530916,20650916,,,20610729,,,,,,20650907,20660409,,,20521225,20650501,,20570612,,,,,,,,,20621103,,,,,,,,,,,,,,,20670401,,20641009,,20620214,,,,,,,,,,,,20500718,20610119,20620203,,,,,,,,
,,,,,,20550301,,20660223,,,,20540610,20550825,20481210,20601231,20391117,,20520325,,,,,,,,,,,,,,,,,,,,,20580430,,,,,,,,,20580412,20610420,,20531024,20651028,,,20610831,,,,,,20650916,20660610,,,20521230,20650612,,20571105,,,,,,,,,20621123,,,,,,,,,,,,,,,20670421,,20641225,,20620403,,,,,,,,,,,,20500811,20610120,20620206,,,,,,,,
,,,,,,20550302,,20660409,,,,20540916,20550920,20481231,20610103,20391130,,20520418,,,,,,,,,,,,,,,,,,,,,20580501,,,,,,,,,20580424,20610504,,20531110,20651215,,,20610916,,,,,,20651012,20661012,,,20521231,20650821,,20580101,,,,,,,,,20630101,,,,,,,,,,,,,,,20670602,,20650101,,20620404,,,,,,,,,,,,20500919,20610121,20620207,,,,,,,,
,,,,,,20550324,,20660421,,,,20541001,20550929,20490101,20610307,20391226,,20520419,,,,,,,,,,,,,,,,,,,,,20580625,,,,,,,,,20580501,20610519,,20531225,20651225,,,20611111,,,,,,20651102,20661101,,,20530101,20650831,,20580102,,,,,,,,,20630102,,,,,,,,,,,,,,,20670907,,20650204,,20620501,,,,,,,,,,,,20500923,20610124,20620208,,,,,,,,
,,,,,,20550402,,20660531,,,,20541002,20550930,20490217,20610406,20400125,,20520501,,,,,,,,,,,,,,,,,,,,,20580701,,,,,,,,,20580508,20610601,,20540101,20651229,,,20611226,,,,,,20651111,20661109,,,20530219,20651130,,20580103,,,,,,,,,20630103,,,,,,,,,,,,,,,20671012,,20650205,,20620612,,,,,,,,,,,,20501010,20610125,20620209,,,,,,,,
,,,,,,20550415,,20660610,,,,20541005,20551002,20490406,20610413,20400126,,20520603,,,,,,,,,,,,,,,,,,,,,20581001,,,,,,,,,20580523,20610729,,20540202,20651230,,,20620102,,,,,,20651116,20661206,,,20530225,20651208,,20580104,,,,,,,,,20630108,,,,,,,,,,,,,,,20671102,,20650206,,20620918,,,,,,,,,,,,20501103,20610228,20620210,,,,,,,,
,,,,,,20550416,,20660705,,,,20541006,20551004,20490413,20610414,20400326,,20520624,,,,,,,,,,,,,,,,,,,,,20581003,,,,,,,,,20581224,20610817,,20540209,20660101,,,20620201,,,,,,20651126,20661208,,,20530403,20651224,,20580107,,,,,,,,,20630212,,,,,,,,,,,,,,,20671115,,20650501,,20621002,,,,,,,,,,,,20501123,20610404,20620213,,,,,,,,
,,,,,,20550525,,20660906,,,,20541007,20551005,20490414,20610415,20400329,,20520701,,,,,,,,,,,,,,,,,,,,,20581025,,,,,,,,,20581225,20611226,,20540210,20660126,,,20620209,,,,,,20651225,20670106,,,20530404,20651225,,20580108,,,,,,,,,20630223,,,,,,,,,,,,,,,20671230,,20650505,,20621003,,,,,,,,,,,,20510102,20610405,20620227,,,,,,,,
,,,,,,20550621,,20660907,,,,20550101,20551019,20490415,20610502,20400330,,20520807,,,,,,,,,,,,,,,,,,,,,20581225,,,,,,,,,20590101,20620209,,20540501,20660127,,,20620210,,,,,,20660101,20670331,,,20530409,20651229,,20580308,,,,,,,,,20630320,,,,,,,,,,,,,,,20680125,,20650512,,20621004,,,,,,,,,,,,20510103,20610502,20620228,,,,,,,,
,,,,,,20550709,,20661011,,,,20550127,20551021,20490503,20610504,20400402,,20520819,,,,,,,,,,,,,,,,,,,,,20581226,,,,,,,,,20590212,20620210,,20540511,20660201,,,20620213,,,,,,20660118,20670401,,,20530501,20651230,,20580501,,,,,,,,,20630430,,,,,,,,,,,,,,,20680305,,20650914,,20621005,,,,,,,,,,,,20510109,20610622,20620403,,,,,,,,
,,,,,,20550816,,20661012,,,,20550128,20551101,20490504,20610602,20400412,,20521014,,,,,,,,,,,,,,,,,,,,,20590101,,,,,,,,,20590314,20620213,,20540522,20660209,,,20620420,,,,,,20660201,20670502,,,20530520,20651231,,20580502,,,,,,,,,20630503,,,,,,,,,,,,,,,20680306,,20650915,,20621006,,,,,,,,,,,,20510223,20610928,20620404,,,,,,,,
,,,,,,20551011,,20661102,,,,20550129,20560115,20490517,20610603,20400420,,20521104,,,,,,,,,,,,,,,,,,,,,20590212,,,,,,,,,20590317,20620214,,20540601,20660308,,,20620501,,,,,,20660215,20670516,,,20530612,20660101,,20580503,,,,,,,,,20630504,,,,,,,,,,,,,,,20680420,,20650916,,20630101,,,,,,,,,,,,20510321,20611010,20620501,,,,,,,,
,,,,,,20551208,,20661111,,,,20550201,20560126,20490603,20610728,20400425,,20521111,,,,,,,,,,,,,,,,,,,,,20590213,,,,,,,,,20590318,20620324,,20540716,20660607,,,20620510,,,,,,20660315,20670602,,,20530725,20660126,,20580509,,,,,,,,,20630716,,,,,,,,,,,,,,,20680501,,20651009,,20630129,,,,,,,,,,,,20510503,20620102,20620612,,,,,,,,
,,,,,,20551224,,20661115,,,,20550202,20560317,20490714,20610801,20400501,,20521225,,,,,,,,,,,,,,,,,,,,,20590214,,,,,,,,,20590328,20620410,,20540805,20660608,,,20620523,,,,,,20660408,20670725,,,20530821,20660225,,20580510,,,,,,,,,20630917,,,,,,,,,,,,,,,20680621,,20651225,,20630130,,,,,,,,,,,,20510504,20620206,20620918,,,,,,,,
,,,,,,20551231,,20661125,,,,20550405,20560329,20490728,20610812,20400815,,20521231,,,,,,,,,,,,,,,,,,,,,20590328,,,,,,,,,20590414,20620420,,20540831,20660831,,,20620530,,,,,,20660409,20670815,,,20530825,20660305,,20580612,,,,,,,,,20630924,,,,,,,,,,,,,,,20680709,,20660101,,20630131,,,,,,,,,,,,20510505,20620207,20621009,,,,,,,,
,,,,,,20560214,,20670117,,,,20550503,20560331,20490812,20611013,20400910,,20530101,,,,,,,,,,,,,,,,,,,,,20590331,,,,,,,,,20590501,20620501,,20540916,20660916,,,20620531,,,,,,20660531,20671012,,,20531208,20660407,,20581104,,,,,,,,,20631008,,,,,,,,,,,,,,,20680907,,20660125,,20630201,,,,,,,,,,,,20510717,20620208,20621010,,,,,,,,
,,,,,,20560215,,20670214,,,,20550531,20560401,20491013,20611024,20401002,,20530106,,,,,,,,,,,,,,,,,,,,,20590501,,,,,,,,,20590508,20620504,,20541014,20661018,,,20620605,,,,,,20660705,20671101,,,20531224,20660408,,20590101,,,,,,,,,20631123,,,,,,,,,,,,,,,20681012,,20660126,,20630202,,,,,,,,,,,,20510811,20620209,20630101,,,,,,,,
,,,,,,20560324,,20670215,,,,20551001,20560414,20491025,20611205,20401008,,20530324,,,,,,,,,,,,,,,,,,,,,20590519,,,,,,,,,20590522,20620511,,20541030,20661206,,,20620719,,,,,,20660906,20671109,,,20531225,20660409,,20590102,,,,,,,,,20631231,,,,,,,,,,,,,,,20681102,,20660127,,20630405,,,,,,,,,,,,20510918,20620210,20630124,,,,,,,,
,,,,,,20560330,,20670221,,,,20551004,20560417,20491206,20611212,20401015,,20530403,,,,,,,,,,,,,,,,,,,,,20590701,,,,,,,,,20590527,20620523,,20541225,20661220,,,20620831,,,,,,20660916,20671206,,,20531226,20660830,,20590103,,,,,,,,,20640101,,,,,,,,,,,,,,,20681115,,20660301,,20630406,,,,,,,,,,,,20511009,20620213,20630125,,,,,,,,
,,,,,,20560331,,20670401,,,,20551005,20560501,20491210,20620102,20401105,,20530404,,,,,,,,,,,,,,,,,,,,,20590922,,,,,,,,,20590612,20620601,,20550101,20670131,,,20621031,,,,,,20661011,20671208,,,20531230,20661101,,20590106,,,,,,,,,20640102,,,,,,,,,,,,,,,20681120,,20660505,,20630430,,,,,,,,,,,,20511103,20620227,20630126,,,,,,,,
,,,,,,20560501,,20670421,,,,20551006,20560517,20491231,20620224,20401215,,20530501,,,,,,,,,,,,,,,,,,,,,20591001,,,,,,,,,20590821,20620719,,20550128,20670201,,,20621225,,,,,,20661102,20680106,,,20531231,20661130,,20590107,,,,,,,,,20640103,,,,,,,,,,,,,,,20681225,,20660602,,20630501,,,,,,,,,,,,20511123,20620228,20630129,,,,,,,,
,,,,,,20560525,,20670530,,,,20551007,20560724,20500103,20620406,20401225,,20530519,,,,,,,,,,,,,,,,,,,,,20591014,,,,,,,,,20591224,20620817,,20550129,20670214,,,20630101,,,,,,20661111,20680319,,,20540101,20661208,,20590108,,,,,,,,,20640114,,,,,,,,,,,,,,,20681231,,20661004,,20630601,,,,,,,,,,,,20520101,20620403,20630130,,,,,,,,
,,,,,,20560620,,20670602,,,,20551008,20560815,20500307,20620413,20410114,,20530609,,,,,,,,,,,,,,,,,,,,,20591225,,,,,,,,,20591225,20621129,,20550201,20670215,,,20630117,,,,,,20661115,20680419,,,20540102,20661220,,20590310,,,,,,,,,20640211,,,,,,,,,,,,,,,20690101,,20661005,,20631001,,,,,,,,,,,,20520102,20620404,20630131,,,,,,,,
,,,,,,20560821,,20670704,,,,20560103,20560913,20500406,20620414,20410219,,20530616,,,,,,,,,,,,,,,,,,,,,20591226,,,,,,,,,20591226,20621225,,20550210,20670224,,,20630129,,,,,,20661125,20680420,,,20540225,20661224,,20590501,,,,,,,,,20640320,,,,,,,,,,,,,,,,,20670214,,20631002,,,,,,,,,,,,20520103,20620501,20630201,,,,,,,,
,,,,,,20561016,,20670905,,,,20560214,20561002,20500413,20620501,20410301,,20530630,,,,,,,,,,,,,,,,,,,,,20600101,,,,,,,,,20600101,20621226,,20550415,20670317,,,20630130,,,,,,20661201,20680501,,,20540326,20661230,,20590502,,,,,,,,,20640429,,,,,,,,,,,,,,,,,20670215,,20631003,,,,,,,,,,,,20520108,20620612,20630202,,,,,,,,
,,,,,,20561106,,20670907,,,,20560215,20561017,20500414,20620504,20410315,,20530807,,,,,,,,,,,,,,,,,,,,,20600202,,,,,,,,,20600202,20630101,,20550428,20670502,,,20630131,,,,,,20670117,20680502,,,20540327,20661231,,20590509,,,,,,,,,20640505,,,,,,,,,,,,,,,,,20670216,,20631004,,,,,,,,,,,,20520212,20620918,20630228,,,,,,,,
,,,,,,20561120,,20671010,,,,20560216,20561018,20500415,20620523,20410318,,20530818,,,,,,,,,,,,,,,,,,,,,20600203,,,,,,,,,20600303,20630129,,20550429,20670526,,,20630201,,,,,,20670207,20680515,,,20540409,20670214,,20590612,,,,,,,,,20640506,,,,,,,,,,,,,,,,,20670301,,20631005,,,,,,,,,,,,20520223,20621009,20630404,,,,,,,,
,,,,,,20561208,,20671012,,,,20560217,20561023,20500502,20620605,20410401,,20531013,,,,,,,,,,,,,,,,,,,,,20600204,,,,,,,,,20600304,20630130,,20550511,20670527,,,20630202,,,,,,20670221,20680815,,,20540501,20670224,,20590613,,,,,,,,,20640721,,,,,,,,,,,,,,,,,20670309,,20631008,,,,,,,,,,,,20520320,20621010,20630405,,,,,,,,
,,,,,,20561225,,20671102,,,,20560218,20561101,20500504,20620721,20410402,,20531103,,,,,,,,,,,,,,,,,,,,,20600405,,,,,,,,,20600305,20630131,,20550607,20670606,,,20630409,,,,,,20670321,20681012,,,20540511,20670225,,20591103,,,,,,,,,20640811,,,,,,,,,,,,,,,,,20670505,,20631231,,,,,,,,,,,,20520429,20630101,20630406,,,,,,,,
,,,,,,20570101,,20671111,,,,20560403,20561106,20500603,20620728,20410409,,20531117,,,,,,,,,,,,,,,,,,,,,20600416,,,,,,,,,20600401,20630201,,20550705,20670831,,,20630430,,,,,,20670331,20681101,,,20540612,20670331,,20591104,,,,,,,,,20640915,,,,,,,,,,,,,,,,,20670520,,20640101,,,,,,,,,,,,20520503,20630126,20630501,,,,,,,,
,,,,,,20570305,,20671115,,,,20560404,20561108,20500606,20620814,20410419,,20531208,,,,,,,,,,,,,,,,,,,,,20600419,,,,,,,,,20600416,20630202,,20550726,20670916,,,20630501,,,,,,20670401,20681109,,,20540715,20670401,,20600101,,,,,,,,,20640922,,,,,,,,,,,,,,,,,20670606,,20640218,,,,,,,,,,,,20520506,20630129,20630601,,,,,,,,
,,,,,,20570306,,20671124,,,,20560501,20561225,20500728,20621013,20410501,,20531225,,,,,,,,,,,,,,,,,,,,,20600507,,,,,,,,,20600510,20630330,,20550831,20671107,,,20630530,,,,,,20670530,20681206,,,20540821,20670509,,20600102,,,,,,,,,20641013,,,,,,,,,,,,,,,,,20670815,,20640219,,,,,,,,,,,,20520715,20630130,20631005,,,,,,,,
,,,,,,20570402,,20671226,,,,20560619,20570115,20500802,20621023,20410516,,20531231,,,,,,,,,,,,,,,,,,,,,20600603,,,,,,,,,20600511,20630409,,20550916,20671124,,,20630531,,,,,,20670704,20681225,,,20540831,20670829,,20600105,,,,,,,,,20641103,,,,,,,,,,,,,,,,,20670922,,20640220,,,,,,,,,,,,20520812,20630131,20631010,,,,,,,,
,,,,,,20570419,,20680102,,,,20560925,20570126,20500812,20621205,20410815,,20540101,,,,,,,,,,,,,,,,,,,,,20600701,,,,,,,,,20600527,20630413,,20551004,20671208,,,20630604,,,,,,20670905,20690101,,,20541130,20671101,,20600106,,,,,,,,,20641124,,,,,,,,,,,,,,,,,20670923,,20640221,,,,,,,,,,,,20520916,20630201,20631231,,,,,,,,
,,,,,,20570420,,20680116,,,,20561002,20570303,20501013,20621211,20410830,,20540112,,,,,,,,,,,,,,,,,,,,,20600910,,,,,,,,,20600531,20630430,,20551019,20671209,,,20630709,,,,,,20670916,,,,20541208,20671130,,20600107,,,,,,,,,20641231,,,,,,,,,,,,,,,,,20671003,,20640222,,,,,,,,,,,,20520923,20630202,20640101,,,,,,,,
,,,,,,20570501,,20680220,,,,20561003,20570402,20501024,20630101,20410927,,20540323,,,,,,,,,,,,,,,,,,,,,20601001,,,,,,,,,20600601,20630501,,20560201,20671226,,,20630831,,,,,,20671010,,,,20541224,20671208,,20600108,,,,,,,,,20650101,,,,,,,,,,,,,,,,,20680202,,20640404,,,,,,,,,,,,20521014,20630228,20640213,,,,,,,,
,,,,,,20570525,,20680305,,,,20561004,20570404,20501205,20630102,20411002,,20540326,,,,,,,,,,,,,,,,,,,,,20601227,,,,,,,,,20600809,20630524,,20560202,20680102,,,20630917,,,,,,20671102,,,,20541225,20671209,,20600109,,,,,,,,,20650102,,,,,,,,,,,,,,,,,20680203,,20640501,,,,,,,,,,,,20521104,20630404,20640214,,,,,,,,
,,,,,,20570620,,20680306,,,,20561005,20570406,20501212,20630213,20411005,,20540327,,,,,,,,,,,,,,,,,,,,,20610121,,,,,,,,,20600817,20630601,,20560215,20680120,,,20631022,,,,,,20671111,,,,20541230,20671230,,20600223,,,,,,,,,20650112,,,,,,,,,,,,,,,,,20680301,,20640502,,,,,,,,,,,,20521231,20630405,20640215,,,,,,,,
,,,,,,20570709,,20680420,,,,20561006,20570417,20510102,20630406,20411024,,20540501,,,,,,,,,,,,,,,,,,,,,20610124,,,,,,,,,20601220,20630709,,20560216,20680201,,,20631225,,,,,,20671121,,,,20541231,20680203,,20600308,,,,,,,,,20650211,,,,,,,,,,,,,,,,,20680411,,20640619,,,,,,,,,,,,20530101,20630406,20640218,,,,,,,,
,,,,,,20570820,,20680501,,,,20570101,20570420,20510227,20630413,20411025,,20540511,,,,,,,,,,,,,,,,,,,,,20610404,,,,,,,,,20601224,20630817,,20560403,20680203,,,20640101,,,,,,20671124,,,,20550101,20680213,,20600503,,,,,,,,,20650223,,,,,,,,,,,,,,,,,20680501,,20640620,,,,,,,,,,,,20530102,20630501,20640219,,,,,,,,
,,,,,,20571015,,20680528,,,,20570205,20570501,20510406,20630416,20411108,,20540601,,,,,,,,,,,,,,,,,,,,,20610408,,,,,,,,,20610121,20631224,,20560417,20680214,,,20640107,,,,,,20671212,,,,20550128,20680409,,20600504,,,,,,,,,20650320,,,,,,,,,,,,,,,,,20680507,,20640925,,,,,,,,,,,,20530103,20630601,20640220,,,,,,,,
,,,,,,20571106,,20680621,,,,20570206,20570613,20510413,20630501,20411205,,20540608,,,,,,,,,,,,,,,,,,,,,20610411,,,,,,,,,20610221,20631225,,20560418,20680305,,,20640121,,,,,,20671226,,,,20550225,20680419,,20600510,,,,,,,,,20650429,,,,,,,,,,,,,,,,,20680509,,20641001,,,,,,,,,,,,20530113,20631005,20640221,,,,,,,,
,,,,,,20571119,,20680704,,,,20570207,20570713,20510414,20630504,20411225,,20540629,,,,,,,,,,,,,,,,,,,,,20610502,,,,,,,,,20610222,20631231,,20560501,20680501,,,20640122,,,,,,20680102,,,,20550409,20680420,,20600614,,,,,,,,,20650504,,,,,,,,,,,,,,,,,20680606,,20641002,,,,,,,,,,,,20530211,20631010,20640222,,,,,,,,
,,,,,,20571225,,20680903,,,,20570208,20570815,20510501,20630514,20420103,,20540720,,,,,,,,,,,,,,,,,,,,,20610526,,,,,,,,,20610223,20640101,,20560529,20680514,,,20640201,,,,,,20680116,,,,20550415,20680501,,20601104,,,,,,,,,20650505,,,,,,,,,,,,,,,,,20680815,,20641003,,,,,,,,,,,,20530224,20631231,20640228,,,,,,,,
,,,,,,20580101,,20680907,,,,20570209,20570912,20510504,20630604,20420218,,20540807,,,,,,,,,,,,,,,,,,,,,20610622,,,,,,,,,20610224,20640121,,20560605,20680516,,,20640218,,,,,,20680206,,,,20550416,20680612,,20601105,,,,,,,,,20650506,,,,,,,,,,,,,,,,,20680910,,20641006,,,,,,,,,,,,20530320,20640101,20640229,,,,,,,,
,,,,,,20580225,,20681008,,,,20570404,20570928,20510524,20630710,20420219,,20540817,,,,,,,,,,,,,,,,,,,,,20610701,,,,,,,,,20610408,20640122,,20560714,20680604,,,20640219,,,,,,20680220,,,,20550429,20680821,,20610103,,,,,,,,,20650720,,,,,,,,,,,,,,,,,20680911,,20641007,,,,,,,,,,,,20530429,20640215,20640403,,,,,,,,
,,,,,,20580226,,20681012,,,,20570430,20571002,20510605,20630730,20420305,,20541012,,,,,,,,,,,,,,,,,,,,,20610929,,,,,,,,,20610420,20640123,,20560831,20680831,,,20640328,,,,,,20680319,,,,20550510,20680827,,20610104,,,,,,,,,20650811,,,,,,,,,,,,,,,,,20680912,,20650101,,,,,,,,,,,,20530505,20640218,20640404,,,,,,,,
,,,,,,20580402,,20681102,,,,20570501,20571006,20510724,20630813,20420307,,20541102,,,,,,,,,,,,,,,,,,,,,20611021,,,,,,,,,20610504,20640328,,20560922,20680917,,,20640418,,,,,,20680419,,,,20550705,20681101,,20610105,,,,,,,,,20650921,,,,,,,,,,,,,,,,,20681003,,20650102,,,,,,,,,,,,20530506,20640219,20640501,,,,,,,,
,,,,,,20580411,,20681112,,,,20570606,20571012,20510728,20631015,20420329,,20541116,,,,,,,,,,,,,,,,,,,,,20611226,,,,,,,,,20610519,20640404,,20561106,20681025,,,20640501,,,,,,20680420,,,,20550830,20681127,,20610106,,,,,,,,,20650922,,,,,,,,,,,,,,,,,20681009,,20650204,,,,,,,,,,,,20530721,20640220,20640619,,,,,,,,
,,,,,,20580412,,20681115,,,,20570913,20571101,20510814,20631023,20420401,,20541208,,,,,,,,,,,,,,,,,,,,,20611227,,,,,,,,,20610601,20640417,,20561225,20681113,,,20640502,,,,,,20680501,,,,20551101,20681130,,20610107,,,,,,,,,20651012,,,,,,,,,,,,,,,,,20681225,,20650205,,,,,,,,,,,,20530811,20640221,20640620,,,,,,,,
,,,,,,20580501,,20681122,,,,20570914,20571114,20511013,20631205,20420403,,20541225,,,,,,,,,,,,,,,,,,,,,20620102,,,,,,,,,20610729,20640418,,20570101,20681126,,,20640530,,,,,,20680528,,,,20551130,20681224,,20610110,,,,,,,,,20651103,,,,,,,,,,,,,,,,,20690101,,20650206,,,,,,,,,,,,20530915,20640222,20640925,,,,,,,,
,,,,,,20580617,,20681225,,,,20571001,20571225,20511023,20631210,20420404,,20541231,,,,,,,,,,,,,,,,,,,,,20620209,,,,,,,,,20610817,20640501,,20570122,20681127,,,20640602,,,,,,20680704,,,,20551208,20681225,,20610223,,,,,,,,,20651123,,,,,,,,,,,,,,,,,,,20650209,,,,,,,,,,,,20530922,20640228,20640926,,,,,,,,
,,,,,,20580620,,20690101,,,,20571002,20580115,20511205,20631231,20420414,,20550101,,,,,,,,,,,,,,,,,,,,,20620210,,,,,,,,,20611226,20640515,,20570201,20681225,,,20640627,,,,,,20680903,,,,20551224,20681231,,20610307,,,,,,,,,20651231,,,,,,,,,,,,,,,,,,,20650210,,,,,,,,,,,,20531013,20640229,20641010,,,,,,,,
,,,,,,20580709,,,,,,20571003,20580221,20511211,20640101,20420501,,20550111,,,,,,,,,,,,,,,,,,,,,20620324,,,,,,,,,20620209,20640530,,20570205,20690101,,,20640901,,,,,,20681008,,,,20551230,20690101,,20610308,,,,,,,,,20660101,,,,,,,,,,,,,,,,,,,20650406,,,,,,,,,,,,20531103,20640403,20650101,,,,,,,,
,,,,,,20580819,,,,,,20571004,20580325,20520101,20640303,20420505,,20550322,,,,,,,,,,,,,,,,,,,,,20620327,,,,,,,,,20620210,20640627,,20570206,,,,20640916,,,,,,20681102,,,,20551231,,,20610502,,,,,,,,,20660111,,,,,,,,,,,,,,,,,,,20650501,,,,,,,,,,,,20531124,20640404,20650102,,,,,,,,
,,,,,,20581014,,,,,,20571005,20580326,20520102,20640407,20420811,,20550415,,,,,,,,,,,,,,,,,,,,,20620404,,,,,,,,,20620213,20641107,,20570323,,,,20641225,,,,,,20681112,,,,20560215,,,20610503,,,,,,,,,20660211,,,,,,,,,,,,,,,,,,,20650608,,,,,,,,,,,,20531231,20640501,20650129,,,,,,,,
,,,,,,20581106,,,,,,20571231,20580401,20520214,20640414,20420815,,20550416,,,,,,,,,,,,,,,,,,,,,20620501,,,,,,,,,20620214,20641224,,20570405,,,,20641226,,,,,,20681119,,,,20560225,,,20610509,,,,,,,,,20660223,,,,,,,,,,,,,,,,,,,20650914,,,,,,,,,,,,20540101,20640619,20650130,,,,,,,,
,,,,,,20581118,,,,,,20580101,20580406,20520408,20640415,20420916,,20550531,,,,,,,,,,,,,,,,,,,,,20620516,,,,,,,,,20620324,20641225,,20570406,,,,20650101,,,,,,20681122,,,,20560330,,,20610613,,,,,,,,,20660429,,,,,,,,,,,,,,,,,,,20650915,,,,,,,,,,,,20540102,20640620,20650202,,,,,,,,
,,,,,,20581225,,,,,,20580123,20580412,20520415,20640501,20420918,,20550621,,,,,,,,,,,,,,,,,,,,,20620612,,,,,,,,,20620410,20641226,,20570501,,,,20650108,,,,,,20681212,,,,20560331,,,20611104,,,,,,,,,20660503,,,,,,,,,,,,,,,,,,,20651001,,,,,,,,,,,,20540112,20640925,20650203,,,,,,,,
,,,,,,20590101,,,,,,20580124,20580425,20520416,20640505,20421002,,20550628,,,,,,,,,,,,,,,,,,,,,20620918,,,,,,,,,20620420,20641231,,20570518,,,,20650109,,,,,,20681225,,,,20560417,,,20620102,,,,,,,,,20660504,,,,,,,,,,,,,,,,,,,20651002,,,,,,,,,,,,20540211,20640926,20650204,,,,,,,,
,,,,,,20590210,,,,,,20580125,20580501,20520501,20640530,20421024,,20550705,,,,,,,,,,,,,,,,,,,,,20621002,,,,,,,,,20620501,20650101,,20570604,,,,20650202,,,,,,20690101,,,,20560501,,,20620103,,,,,,,,,20660505,,,,,,,,,,,,,,,,,,,20651005,,,,,,,,,,,,20540223,20641010,20650205,,,,,,,,
,,,,,,20590211,,,,,,20580128,20580702,20520506,20640603,20421112,,20550720,,,,,,,,,,,,,,,,,,,,,20621011,,,,,,,,,20620504,20650105,,20570613,,,,20650205,,,,,,,,,,20560612,,,20620104,,,,,,,,,20660719,,,,,,,,,,,,,,,,,,,20651006,,,,,,,,,,,,20540320,20650101,20650206,,,,,,,,
,,,,,,20590324,,,,,,20580129,20580815,20520513,20640728,20421113,,20550816,,,,,,,,,,,,,,,,,,,,,20621225,,,,,,,,,20620511,20650106,,20570703,,,,20650206,,,,,,,,,,20560623,,,20620105,,,,,,,,,20660811,,,,,,,,,,,,,,,,,,,20651007,,,,,,,,,,,,20540429,20650102,20650209,,,,,,,,
,,,,,,20590327,,,,,,20580404,20580823,20520603,20640812,20421124,,20551018,,,,,,,,,,,,,,,,,,,,,20621226,,,,,,,,,20620523,20650107,,20570831,,,,20650317,,,,,,,,,,20560821,,,20620106,,,,,,,,,20660920,,,,,,,,,,,,,,,,,,,20660101,,,,,,,,,,,,20540504,20650202,20650227,,,,,,,,
,,,,,,20590328,,,,,,20580405,20580917,20520711,20641013,20421127,,20551101,,,,,,,,,,,,,,,,,,,,,20630101,,,,,,,,,20620601,20650108,,20570911,,,,20650407,,,,,,,,,,20560828,,,20620223,,,,,,,,,20660923,,,,,,,,,,,,,,,,,,,20660125,,,,,,,,,,,,20540505,20650203,20650402,,,,,,,,
,,,,,,20590402,,,,,,20580501,20581002,20520729,20641023,20421225,,20551115,,,,,,,,,,,,,,,,,,,,,20630129,,,,,,,,,20620719,20650109,,20570917,,,,20650501,,,,,,,,,,20561101,,,20620224,,,,,,,,,20661011,,,,,,,,,,,,,,,,,,,20660126,,,,,,,,,,,,20540506,20650204,20650403,,,,,,,,
,,,,,,20590501,,,,,,20580624,20581031,20520812,20641205,20430126,,20551208,,,,,,,,,,,,,,,,,,,,,20630130,,,,,,,,,20620817,20650205,,20571225,,,,20650519,,,,,,,,,,20561130,,,20620308,,,,,,,,,20661103,,,,,,,,,,,,,,,,,,,20660127,,,,,,,,,,,,20540720,20650205,20650501,,,,,,,,
,,,,,,20590616,,,,,,20580625,20581101,20521014,20641210,20430219,,20551231,,,,,,,,,,,,,,,,,,,,,20630131,,,,,,,,,20621129,20650316,,20580101,,,,20650601,,,,,,,,,,20561208,,,20620501,,,,,,,,,20661123,,,,,,,,,,,,,,,,,,,20660128,,,,,,,,,,,,20540811,20650206,20650608,,,,,,,,
,,,,,,20590620,,,,,,20581001,20581115,20521023,20641231,20430223,,20560110,,,,,,,,,,,,,,,,,,,,,20630405,,,,,,,,,20621225,20650317,,20580124,,,,20650602,,,,,,,,,,20561225,,,20620508,,,,,,,,,20661231,,,,,,,,,,,,,,,,,,,20660129,,,,,,,,,,,,20540921,20650209,20650914,,,,,,,,
,,,,,,20590709,,,,,,20581002,20581116,20521205,20650101,20430309,,20560320,,,,,,,,,,,,,,,,,,,,,20630413,,,,,,,,,20621226,20650327,,20580125,,,,20650616,,,,,,,,,,20570101,,,20620509,,,,,,,,,20670103,,,,,,,,,,,,,,,,,,,20660405,,,,,,,,,,,,20540922,20650227,20650915,,,,,,,,
,,,,,,20590818,,,,,,20581003,20581203,20521210,20650102,20430326,,20560330,,,,,,,,,,,,,,,,,,,,,20630416,,,,,,,,,20630101,20650406,,20580201,,,,20650831,,,,,,,,,,20570406,,,20620612,,,,,,,,,20670110,,,,,,,,,,,,,,,,,,,20660503,,,,,,,,,,,,20540923,20650402,20651009,,,,,,,,
,,,,,,20591013,,,,,,20581004,20581225,20521231,20650220,20430327,,20560331,,,,,,,,,,,,,,,,,,,,,20630501,,,,,,,,,20630129,20650407,,20580207,,,,20650916,,,,,,,,,,20570409,,,20621106,,,,,,,,,20670211,,,,,,,,,,,,,,,,,,,20660528,,,,,,,,,,,,20541012,20650403,20660101,,,,,,,,
,,,,,,20591106,,,,,,20581007,20590115,20530101,20650406,20430401,,20560501,,,,,,,,,,,,,,,,,,,,,20630601,,,,,,,,,20630130,20650501,,20580312,,,,20651028,,,,,,,,,,20570419,,,20630101,,,,,,,,,20670223,,,,,,,,,,,,,,,,,,,20661001,,,,,,,,,,,,20541103,20650501,20660121,,,,,,,,
,,,,,,20591124,,,,,,20581008,20590312,20530304,20650413,20430410,,20560515,,,,,,,,,,,,,,,,,,,,,20630702,,,,,,,,,20630131,20650507,,20580326,,,,20651215,,,,,,,,,,20570420,,,20630102,,,,,,,,,20670321,,,,,,,,,,,,,,,,,,,20661004,,,,,,,,,,,,20541123,20650608,20660122,,,,,,,,
,,,,,,20591208,,,,,,20590101,20590328,20530407,20650414,20430414,,20560605,,,,,,,,,,,,,,,,,,,,,20631001,,,,,,,,,20630201,20650520,,20580327,,,,20651225,,,,,,,,,,20570501,,,20630103,,,,,,,,,20670429,,,,,,,,,,,,,,,,,,,20661005,,,,,,,,,,,,20541231,20650914,20660125,,,,,,,,
,,,,,,20591225,,,,,,20590211,20590401,20530414,20650415,20430417,,20560612,,,,,,,,,,,,,,,,,,,,,20631008,,,,,,,,,20630202,20650601,,20580501,,,,20651229,,,,,,,,,,20570612,,,20630104,,,,,,,,,20670503,,,,,,,,,,,,,,,,,,,20661006,,,,,,,,,,,,20550101,20650915,20660126,,,,,,,,
,,,,,,20591226,,,,,,20590212,20590414,20530415,20650501,20430421,,20560703,,,,,,,,,,,,,,,,,,,,,20631030,,,,,,,,,20630330,20650617,,20580507,,,,20651230,,,,,,,,,,20570821,,,20630105,,,,,,,,,20670504,,,,,,,,,,,,,,,,,,,20661007,,,,,,,,,,,,20550111,20651009,20660127,,,,,,,,
,,,,,,20600101,,,,,,20590213,20590425,20530501,20650504,20430501,,20560720,,,,,,,,,,,,,,,,,,,,,20631225,,,,,,,,,20630409,20650817,,20580603,,,,20660101,,,,,,,,,,20570827,,,20630108,,,,,,,,,20670505,,,,,,,,,,,,,,,,,,,20661008,,,,,,,,,,,,20550211,20660101,20660128,,,,,,,,
,,,,,,20600301,,,,,,20590214,20590501,20530505,20650519,20430811,,20560807,,,,,,,,,,,,,,,,,,,,,20631226,,,,,,,,,20630413,20651027,,20580604,,,,20660126,,,,,,,,,,20571101,,,20630223,,,,,,,,,20670718,,,,,,,,,,,,,,,,,,,20670103,,,,,,,,,,,,20550223,20660125,20660129,,,,,,,,
,,,,,,20600302,,,,,,20590217,20590514,20530602,20650603,20430815,,20560821,,,,,,,,,,,,,,,,,,,,,20640101,,,,,,,,,20630430,20651224,,20580916,,,,20660127,,,,,,,,,,20571130,,,20630308,,,,,,,,,20670811,,,,,,,,,,,,,,,,,,,20670214,,,,,,,,,,,,20550322,20660126,20660301,,,,,,,,
,,,,,,20600324,,,,,,20590407,20590523,20530603,20650717,20430905,,20561016,,,,,,,,,,,,,,,,,,,,,20640218,,,,,,,,,20630501,20651225,,20581115,,,,20660201,,,,,,,,,,20571224,,,20630309,,,,,,,,,20670919,,,,,,,,,,,,,,,,,,,20670215,,,,,,,,,,,,20550429,20660127,20660402,,,,,,,,
,,,,,,20600402,,,,,,20590501,20590621,20530728,20650728,20430907,,20561106,,,,,,,,,,,,,,,,,,,,,20640219,,,,,,,,,20630524,20651228,,20581225,,,,20660308,,,,,,,,,,20571225,,,20630430,,,,,,,,,20670923,,,,,,,,,,,,,,,,,,,20670216,,,,,,,,,,,,20550503,20660128,20660405,,,,,,,,
,,,,,,20600415,,,,,,20590502,20590815,20530730,20650812,20431002,,20561113,,,,,,,,,,,,,,,,,,,,,20640220,,,,,,,,,20630601,20651229,,20590101,,,,20660531,,,,,,,,,,20571231,,,20630501,,,,,,,,,20671010,,,,,,,,,,,,,,,,,,,20670217,,,,,,,,,,,,20550504,20660129,20660528,,,,,,,,
,,,,,,20600416,,,,,,20590616,20590821,20530812,20651013,20431013,,20561208,,,,,,,,,,,,,,,,,,,,,20640403,,,,,,,,,20630709,20651230,,20590128,,,,20660601,,,,,,,,,,20580101,,,20630509,,,,,,,,,20671103,,,,,,,,,,,,,,,,,,,20670218,,,,,,,,,,,,20550505,20660301,20661004,,,,,,,,
,,,,,,20600525,,,,,,20590922,20590911,20531013,20651023,20431102,,20561225,,,,,,,,,,,,,,,,,,,,,20640404,,,,,,,,,20630817,20651231,,20590212,,,,20660607,,,,,,,,,,20580124,,,20630611,,,,,,,,,20671123,,,,,,,,,,,,,,,,,,,20670404,,,,,,,,,,,,20550719,20660402,20661011,,,,,,,,
,,,,,,20600621,,,,,,20591001,20591002,20531023,20651207,20431113,,20561229,,,,,,,,,,,,,,,,,,,,,20640407,,,,,,,,,20631224,20660101,,20590213,,,,20660608,,,,,,,,,,20580225,,,20630612,,,,,,,,,20680102,,,,,,,,,,,,,,,,,,,20670405,,,,,,,,,,,,20550811,20660405,20661231,,,,,,,,
,,,,,,20600709,,,,,,20591002,20591006,20531205,20651210,20431116,,20570101,,,,,,,,,,,,,,,,,,,,,20640501,,,,,,,,,20631225,20660126,,20590303,,,,20660831,,,,,,,,,,20580326,,,20631105,,,,,,,,,20680103,,,,,,,,,,,,,,,,,,,20670502,,,,,,,,,,,,20550920,20660528,20670209,,,,,,,,
,,,,,,20600816,,,,,,20591003,20591015,20531210,20651231,20431225,,20570108,,,,,,,,,,,,,,,,,,,,,20640523,,,,,,,,,20640101,20660409,,20590317,,,,20660916,,,,,,,,,,20580409,,,20640101,,,,,,,,,20680109,,,,,,,,,,,,,,,,,,,20670616,,,,,,,,,,,,20550923,20661004,20670210,,,,,,,,
,,,,,,20601011,,,,,,20591006,20591016,20531231,20660101,20440126,,20570319,,,,,,,,,,,,,,,,,,,,,20640619,,,,,,,,,20640121,20660426,,20590501,,,,20661018,,,,,,,,,,20580411,,,20640102,,,,,,,,,20680223,,,,,,,,,,,,,,,,,,,20670617,,,,,,,,,,,,20551011,20661011,20670211,,,,,,,,
,,,,,,20601208,,,,,,20591007,20591021,20540101,20660209,20440212,,20570419,,,,,,,,,,,,,,,,,,,,,20640701,,,,,,,,,20640122,20660510,,20590522,,,,20661206,,,,,,,,,,20580412,,,20640103,,,,,,,,,20680320,,,,,,,,,,,,,,,,,,,20670923,,,,,,,,,,,,20551103,20661231,20670214,,,,,,,,
,,,,,,20601224,,,,,,20600101,20591101,20540102,20660406,20440219,,20570420,,,,,,,,,,,,,,,,,,,,,20640926,,,,,,,,,20640123,20660520,,20590526,,,,20661220,,,,,,,,,,20580501,,,20640104,,,,,,,,,20680430,,,,,,,,,,,,,,,,,,,20671003,,,,,,,,,,,,20551123,20670211,20670215,,,,,,,,
,,,,,,20601231,,,,,,20600102,20591104,20540223,20660413,20440314,,20570501,,,,,,,,,,,,,,,,,,,,,20641001,,,,,,,,,20640328,20660601,,20590602,,,,20670201,,,,,,,,,,20580513,,,20640107,,,,,,,,,20680503,,,,,,,,,,,,,,,,,,,20671004,,,,,,,,,,,,20551231,20670214,20670216,,,,,,,,
,,,,,,20610221,,,,,,20600202,20591106,20540406,20660414,20440330,,20570604,,,,,,,,,,,,,,,,,,,,,20641225,,,,,,,,,20640404,20660817,,20590612,,,,20670214,,,,,,,,,,20580531,,,20640108,,,,,,,,,20680504,,,,,,,,,,,,,,,,,,,20671005,,,,,,,,,,,,20560103,20670215,20670217,,,,,,,,
,,,,,,20610222,,,,,,20600203,20591225,20540413,20660415,20440401,,20570625,,,,,,,,,,,,,,,,,,,,,20641226,,,,,,,,,20640417,20661217,,20590820,,,,20670215,,,,,,,,,,20580612,,,20640310,,,,,,,,,20680716,,,,,,,,,,,,,,,,,,,20671006,,,,,,,,,,,,20560110,20670216,20670218,,,,,,,,
,,,,,,20610324,,,,,,20600204,20600115,20540414,20660503,20440406,,20570702,,,,,,,,,,,,,,,,,,,,,20650101,,,,,,,,,20640418,20661220,,20590901,,,,20670224,,,,,,,,,,20580821,,,20640501,,,,,,,,,20680917,,,,,,,,,,,,,,,,,,,20671007,,,,,,,,,,,,20560211,20670217,20670228,,,,,,,,
,,,,,,20610407,,,,,,20600205,20600126,20540415,20660504,20440414,,20570720,,,,,,,,,,,,,,,,,,,,,20650205,,,,,,,,,20640501,20661221,,20590916,,,,20670317,,,,,,,,,,20580826,,,20640502,,,,,,,,,20681008,,,,,,,,,,,,,,,,,,,20680102,,,,,,,,,,,,20560223,20670218,20670404,,,,,,,,
,,,,,,20610408,,,,,,20600206,20600301,20540501,20660510,20440415,,20570807,,,,,,,,,,,,,,,,,,,,,20650206,,,,,,,,,20640515,20661224,,20591104,,,,20670502,,,,,,,,,,20581101,,,20640509,,,,,,,,,20681123,,,,,,,,,,,,,,,,,,,20680202,,,,,,,,,,,,20560320,20670228,20670405,,,,,,,,
,,,,,,20610525,,,,,,20600405,20600304,20540504,20660603,20440511,,20570820,,,,,,,,,,,,,,,,,,,,,20650327,,,,,,,,,20640530,20661231,,20591225,,,,20670526,,,,,,,,,,20581224,,,20640612,,,,,,,,,20681231,,,,,,,,,,,,,,,,,,,20680203,,,,,,,,,,,,20560503,20670404,20670502,,,,,,,,
,,,,,,20610620,,,,,,20600503,20600401,20540521,20660706,20440810,,20571015,,,,,,,,,,,,,,,,,,,,,20650330,,,,,,,,,20640627,20670214,,20600101,,,,20670527,,,,,,,,,,20581225,,,20640613,,,,,,,,,20690101,,,,,,,,,,,,,,,,,,,20680206,,,,,,,,,,,,20560504,20670405,20670616,,,,,,,,
,,,,,,20610815,,,,,,20600603,20600402,20540603,20660728,20440815,,20571105,,,,,,,,,,,,,,,,,,,,,20650501,,,,,,,,,20641107,20670224,,20600119,,,,20670530,,,,,,,,,,20581230,,,20641103,,,,,,,,,,,,,,,,,,,,,,,,,,,,20680207,,,,,,,,,,,,20560505,20670502,20670617,,,,,,,,
,,,,,,20611010,,,,,,20600604,20600413,20540720,20660812,20440825,,20571112,,,,,,,,,,,,,,,,,,,,,20650512,,,,,,,,,20641224,20670317,,20600202,,,,20670531,,,,,,,,,,20581231,,,20641104,,,,,,,,,,,,,,,,,,,,,,,,,,,,20680208,,,,,,,,,,,,20560717,20670616,20670923,,,,,,,,
,,,,,,20611208,,,,,,20600909,20600414,20540728,20661013,20440826,,20571225,,,,,,,,,,,,,,,,,,,,,20650608,,,,,,,,,20641225,20670401,,20600203,,,,20670606,,,,,,,,,,20590101,,,20650101,,,,,,,,,,,,,,,,,,,,,,,,,,,,20680404,,,,,,,,,,,,20560811,20670617,20671010,,,,,,,,
,,,,,,20620206,,,,,,20600910,20600416,20540812,20661025,20441001,,20571231,,,,,,,,,,,,,,,,,,,,,20650701,,,,,,,,,20641226,20670415,,20600204,,,,20670831,,,,,,,,,,20590212,,,20650102,,,,,,,,,,,,,,,,,,,,,,,,,,,,20680430,,,,,,,,,,,,20560918,20670923,20680102,,,,,,,,
,,,,,,20620207,,,,,,20601001,20600501,20541013,20661206,20441020,,20580101,,,,,,,,,,,,,,,,,,,,,20650916,,,,,,,,,20650101,20670512,,20600219,,,,20670916,,,,,,,,,,20590225,,,20650105,,,,,,,,,,,,,,,,,,,,,,,,,,,,20680501,,,,,,,,,,,,20560922,20671010,20680130,,,,,,,,
,,,,,,20620323,,,,,,20601004,20600503,20541023,20661210,20441021,,20580107,,,,,,,,,,,,,,,,,,,,,20651001,,,,,,,,,20650107,20670526,,20600304,,,,20671107,,,,,,,,,,20590317,,,20650106,,,,,,,,,,,,,,,,,,,,,,,,,,,,20680604,,,,,,,,,,,,20561009,20680102,20680131,,,,,,,,
,,,,,,20620324,,,,,,20601005,20600511,20541207,20661231,20441101,,20580325,,,,,,,,,,,,,,,,,,,,,20651008,,,,,,,,,20650108,20670601,,20600305,,,,20671124,,,,,,,,,,20590327,,,20650107,,,,,,,,,,,,,,,,,,,,,,,,,,,,20680910,,,,,,,,,,,,20561103,20680201,20680201,,,,,,,,
,,,,,,20620501,,,,,,20601006,20600610,20541210,20670103,20441105,,20580411,,,,,,,,,,,,,,,,,,,,,20651225,,,,,,,,,20650109,20670817,,20600511,,,,20671208,,,,,,,,,,20590328,,,20650108,,,,,,,,,,,,,,,,,,,,,,,,,,,,20680911,,,,,,,,,,,,20561123,20680202,20680202,,,,,,,,
,,,,,,20620525,,,,,,20601007,20600809,20541231,20670228,20441201,,20580412,,,,,,,,,,,,,,,,,,,,,20660101,,,,,,,,,20650205,20671006,,20600514,,,,20671209,,,,,,,,,,20590409,,,20650109,,,,,,,,,,,,,,,,,,,,,,,,,,,,20681001,,,,,,,,,,,,20570101,20680203,20680203,,,,,,,,
,,,,,,20620620,,,,,,20610103,20600924,20550101,20670406,20450126,,20580501,,,,,,,,,,,,,,,,,,,,,20660126,,,,,,,,,20650316,20671205,,20600531,,,,20671226,,,,,,,,,,20590501,,,20650223,,,,,,,,,,,,,,,,,,,,,,,,,,,,20681002,,,,,,,,,,,,20570102,20680206,20680206,,,,,,,,
,,,,,,20620821,,,,,,20610120,20601002,20550211,20670413,20450131,,20580527,,,,,,,,,,,,,,,,,,,,,20660127,,,,,,,,,20650317,20671206,,20600607,,,,20680102,,,,,,,,,,20590522,,,20650309,,,,,,,,,,,,,,,,,,,,,,,,,,,,20681003,,,,,,,,,,,,20570103,20680207,20680207,,,,,,,,
,,,,,,20621016,,,,,,20610121,20601004,20550406,20670414,20450215,,20580617,,,,,,,,,,,,,,,,,,,,,20660128,,,,,,,,,20650327,20671207,,20600809,,,,20680201,,,,,,,,,,20590612,,,20650501,,,,,,,,,,,,,,,,,,,,,,,,,,,,20681004,,,,,,,,,,,,20570108,20680227,20680227,,,,,,,,
,,,,,,20621106,,,,,,20610124,20601005,20550413,20670415,20450303,,20580624,,,,,,,,,,,,,,,,,,,,,20660405,,,,,,,,,20650406,20671208,,20600831,,,,20680203,,,,,,,,,,20590821,,,20650504,,,,,,,,,,,,,,,,,,,,,,,,,,,,20681005,,,,,,,,,,,,20570212,20680228,20680228,,,,,,,,
,,,,,,20621120,,,,,,20610125,20601025,20550414,20670502,20450327,,20580701,,,,,,,,,,,,,,,,,,,,,20660409,,,,,,,,,20650407,20671209,,20600916,,,,20680214,,,,,,,,,,20590825,,,20650511,,,,,,,,,,,,,,,,,,,,,,,,,,,,20681231,,,,,,,,,,,,20570223,20680403,20680403,,,,,,,,
,,,,,,20621208,,,,,,20610126,20601101,20550415,20670504,20450331,,20580807,,,,,,,,,,,,,,,,,,,,,20660412,,,,,,,,,20650501,20671226,,20610121,,,,20680305,,,,,,,,,,20591208,,,20650612,,,,,,,,,,,,,,,,,,,,,,,,,,,,20690101,,,,,,,,,,,,20570320,20680404,20680404,,,,,,,,
,,,,,,20621225,,,,,,20610404,20601110,20550503,20670527,20450401,,20580819,,,,,,,,,,,,,,,,,,,,,20660503,,,,,,,,,20650507,20680203,,20610201,,,,20680501,,,,,,,,,,20591224,,,20651104,,,,,,,,,,,,,,,,,,,,,,,,,,,,,,,,,,,,,,,,20570430,20680501,20680501,,,,,,,,
,,,,,,20630101,,,,,,20610502,20610115,20550504,20670603,20450407,,20581014,,,,,,,,,,,,,,,,,,,,,20660528,,,,,,,,,20650520,20680213,,20610204,,,,20680514,,,,,,,,,,20591225,,,20660101,,,,,,,,,,,,,,,,,,,,,,,,,,,,,,,,,,,,,,,,20570503,20680604,20680604,,,,,,,,
,,,,,,20630226,,,,,,20610622,20610126,20550510,20670726,20450414,,20581104,,,,,,,,,,,,,,,,,,,,,20660701,,,,,,,,,20650601,20680214,,20610208,,,,20680516,,,,,,,,,,20591226,,,20660104,,,,,,,,,,,,,,,,,,,,,,,,,,,,,,,,,,,,,,,,20570504,20680910,20680910,,,,,,,,
,,,,,,20630227,,,,,,20610928,20610218,20550603,20670728,20450501,,20581111,,,,,,,,,,,,,,,,,,,,,20661001,,,,,,,,,20650617,20680305,,20610221,,,,20680530,,,,,,,,,,20591230,,,20660105,,,,,,,,,,,,,,,,,,,,,,,,,,,,,,,,,,,,,,,,20570716,20680911,20680911,,,,,,,,
,,,,,,20630402,,,,,,20611003,20610222,20550708,20670812,20450810,,20581225,,,,,,,,,,,,,,,,,,,,,20661004,,,,,,,,,20650817,20680403,,20610222,,,,20680531,,,,,,,,,,20591231,,,20660106,,,,,,,,,,,,,,,,,,,,,,,,,,,,,,,,,,,,,,,,20570917,20681010,20681010,,,,,,,,
,,,,,,20630412,,,,,,20611004,20610322,20550728,20671013,20450815,,20581231,,,,,,,,,,,,,,,,,,,,,20661027,,,,,,,,,20651027,20680420,,20610502,,,,20680604,,,,,,,,,,20600101,,,20660107,,,,,,,,,,,,,,,,,,,,,,,,,,,,,,,,,,,,,,,,20571008,20681231,20681231,,,,,,,,
,,,,,,20630413,,,,,,20611005,20610401,20550812,20671024,20450914,,20590101,,,,,,,,,,,,,,,,,,,,,20661227,,,,,,,,,20651224,20680501,,20610504,,,,20680831,,,,,,,,,,20600102,,,20660108,,,,,,,,,,,,,,,,,,,,,,,,,,,,,,,,,,,,,,,,20571123,20690101,20690101,,,,,,,,
,,,,,,20630501,,,,,,20611006,20610402,20551013,20671205,20451002,,20590106,,,,,,,,,,,,,,,,,,,,,20670214,,,,,,,,,20651225,20680514,,20610606,,,,20680917,,,,,,,,,,20600202,,,20660222,,,,,,,,,,,,,,,,,,,,,,,,,,,,,,,,,,,,,,,,20571231,,,,,,,,,,
,,,,,,20630525,,,,,,20611007,20610408,20551025,20671212,20451020,,20590324,,,,,,,,,,,,,,,,,,,,,20670215,,,,,,,,,20651228,20680517,,20610729,,,,20681025,,,,,,,,,,20600225,,,20660223,,,,,,,,,,,,,,,,,,,,,,,,,,,,,,,,,,,,,,,,20580101,,,,,,,,,,
,,,,,,20630620,,,,,,20620102,20610414,20551206,20680102,20451021,,20590327,,,,,,,,,,,,,,,,,,,,,20670216,,,,,,,,,20651229,20680531,,20610831,,,,20681113,,,,,,,,,,20600305,,,20660308,,,,,,,,,,,,,,,,,,,,,,,,,,,,,,,,,,,,,,,,20580102,,,,,,,,,,
,,,,,,20630709,,,,,,20620208,20610422,20551210,20680220,20451108,,20590328,,,,,,,,,,,,,,,,,,,,,20670401,,,,,,,,,20651230,20680601,,20610916,,,,20681126,,,,,,,,,,20600409,,,20660503,,,,,,,,,,,,,,,,,,,,,,,,,,,,,,,,,,,,,,,,20580103,,,,,,,,,,
,,,,,,20630820,,,,,,20620209,20610530,20551231,20680406,20451109,,20590501,,,,,,,,,,,,,,,,,,,,,20670404,,,,,,,,,20651231,20680817,,20611111,,,,20681127,,,,,,,,,,20600415,,,20660504,,,,,,,,,,,,,,,,,,,,,,,,,,,,,,,,,,,,,,,,20580114,,,,,,,,,,
,,,,,,20631015,,,,,,20620210,20610730,20560103,20680413,20451120,,20590512,,,,,,,,,,,,,,,,,,,,,20670405,,,,,,,,,20660101,20680924,,20611226,,,,20681225,,,,,,,,,,20600416,,,20660510,,,,,,,,,,,,,,,,,,,,,,,,,,,,,,,,,,,,,,,,20580211,,,,,,,,,,
,,,,,,20631106,,,,,,20620213,20610815,20560229,20680416,20451124,,20590602,,,,,,,,,,,,,,,,,,,,,20670502,,,,,,,,,20660126,20681126,,20620102,,,,20690101,,,,,,,,,,20600510,,,20660614,,,,,,,,,,,,,,,,,,,,,,,,,,,,,,,,,,,,,,,,20580320,,,,,,,,,,
,,,,,,20631119,,,,,,20620214,20610917,20560406,20680501,20451225,,20590609,,,,,,,,,,,,,,,,,,,,,20670520,,,,,,,,,20660409,20681127,,20620125,,,,,,,,,,,,,,20600830,,,20661104,,,,,,,,,,,,,,,,,,,,,,,,,,,,,,,,,,,,,,,,20580429,,,,,,,,,,
,,,,,,20631225,,,,,,20620403,20611013,20560413,20680504,20460120,,20590630,,,,,,,,,,,,,,,,,,,,,20670616,,,,,,,,,20660426,20681128,,20620201,,,,,,,,,,,,,,20601101,,,20661105,,,,,,,,,,,,,,,,,,,,,,,,,,,,,,,,,,,,,,,,20580503,,,,,,,,,,
,,,,,,20640101,,,,,,20620404,20611024,20560414,20680516,20460126,,20590807,,,,,,,,,,,,,,,,,,,,,20670701,,,,,,,,,20660510,20681129,,20620209,,,,,,,,,,,,,,20601130,,,20670103,,,,,,,,,,,,,,,,,,,,,,,,,,,,,,,,,,,,,,,,20580506,,,,,,,,,,
,,,,,,20640218,,,,,,20620501,20611028,20560501,20680604,20460219,,20590818,,,,,,,,,,,,,,,,,,,,,20671017,,,,,,,,,20660520,20681130,,20620210,,,,,,,,,,,,,,20601208,,,20670104,,,,,,,,,,,,,,,,,,,,,,,,,,,,,,,,,,,,,,,,20580715,,,,,,,,,,
,,,,,,20640219,,,,,,20620612,20611101,20560504,20680716,20460305,,20591013,,,,,,,,,,,,,,,,,,,,,20671226,,,,,,,,,20660601,20681224,,20620213,,,,,,,,,,,,,,20601224,,,20670105,,,,,,,,,,,,,,,,,,,,,,,,,,,,,,,,,,,,,,,,20580812,,,,,,,,,,
,,,,,,20640324,,,,,,20620918,20611111,20560529,20680730,20460322,,20591103,,,,,,,,,,,,,,,,,,,,,20671227,,,,,,,,,20660817,20681225,,20620420,,,,,,,,,,,,,,20601230,,,20670106,,,,,,,,,,,,,,,,,,,,,,,,,,,,,,,,,,,,,,,,20580916,,,,,,,,,,
,,,,,,20640402,,,,,,20621002,20611129,20560605,20680813,20460323,,20591117,,,,,,,,,,,,,,,,,,,,,20680102,,,,,,,,,20661217,20681231,,20620501,,,,,,,,,,,,,,20601231,,,20670107,,,,,,,,,,,,,,,,,,,,,,,,,,,,,,,,,,,,,,,,20580923,,,,,,,,,,
,,,,,,20640403,,,,,,20621003,20620126,20560727,20681015,20460402,,20591208,,,,,,,,,,,,,,,,,,,,,20680203,,,,,,,,,20661220,20690101,,20620510,,,,,,,,,,,,,,20610121,,,20670110,,,,,,,,,,,,,,,,,,,,,,,,,,,,,,,,,,,,,,,,20581014,,,,,,,,,,
,,,,,,20640404,,,,,,20621004,20620309,20560728,20681023,20460407,,20591225,,,,,,,,,,,,,,,,,,,,,20680206,,,,,,,,,20661221,,,20620523,,,,,,,,,,,,,,20610222,,,20670223,,,,,,,,,,,,,,,,,,,,,,,,,,,,,,,,,,,,,,,,20581104,,,,,,,,,,
,,,,,,20640501,,,,,,20621005,20620324,20560814,20681205,20460419,,20591231,,,,,,,,,,,,,,,,,,,,,20680404,,,,,,,,,20661224,,,20620605,,,,,,,,,,,,,,20610225,,,20670307,,,,,,,,,,,,,,,,,,,,,,,,,,,,,,,,,,,,,,,,20581231,,,,,,,,,,
,,,,,,20640616,,,,,,20621006,20620401,20561013,20681210,20460501,,20600101,,,,,,,,,,,,,,,,,,,,,20680420,,,,,,,,,20670214,,,20620719,,,,,,,,,,,,,,20610407,,,20670308,,,,,,,,,,,,,,,,,,,,,,,,,,,,,,,,,,,,,,,,20590101,,,,,,,,,,
,,,,,,20640620,,,,,,20630101,20620410,20561023,20681231,20460804,,20600112,,,,,,,,,,,,,,,,,,,,,20680423,,,,,,,,,20670224,,,20620831,,,,,,,,,,,,,,20610408,,,20670502,,,,,,,,,,,,,,,,,,,,,,,,,,,,,,,,,,,,,,,,20590102,,,,,,,,,,
,,,,,,20640709,,,,,,20630129,20620414,20561205,20690101,20460810,,20600322,,,,,,,,,,,,,,,,,,,,,20680501,,,,,,,,,20670317,,,20621031,,,,,,,,,,,,,,20610429,,,20670503,,,,,,,,,,,,,,,,,,,,,,,,,,,,,,,,,,,,,,,,20590103,,,,,,,,,,
,,,,,,20640818,,,,,,20630130,20620421,20561211,,20460815,,20600415,,,,,,,,,,,,,,,,,,,,,20680509,,,,,,,,,20670401,,,20621225,,,,,,,,,,,,,,20610509,,,20670509,,,,,,,,,,,,,,,,,,,,,,,,,,,,,,,,,,,,,,,,20590113,,,,,,,,,,
,,,,,,20641013,,,,,,20630131,20620501,20570101,,20460903,,20600416,,,,,,,,,,,,,,,,,,,,,20680604,,,,,,,,,20670415,,,20630101,,,,,,,,,,,,,,20610829,,,20670613,,,,,,,,,,,,,,,,,,,,,,,,,,,,,,,,,,,,,,,,20590211,,,,,,,,,,
,,,,,,20641106,,,,,,20630201,20620511,20570102,,20461002,,20600531,,,,,,,,,,,,,,,,,,,,,20680702,,,,,,,,,20670512,,,20630117,,,,,,,,,,,,,,20611101,,,20671104,,,,,,,,,,,,,,,,,,,,,,,,,,,,,,,,,,,,,,,,20590224,,,,,,,,,,
,,,,,,20641124,,,,,,20630202,20620520,20570219,,20461008,,20600621,,,,,,,,,,,,,,,,,,,,,20680912,,,,,,,,,20670526,,,20630129,,,,,,,,,,,,,,20611130,,,20680102,,,,,,,,,,,,,,,,,,,,,,,,,,,,,,,,,,,,,,,,20590320,,,,,,,,,,
,,,,,,20641208,,,,,,20630405,20620719,20570406,,20461011,,20600628,,,,,,,,,,,,,,,,,,,,,20681001,,,,,,,,,20670601,,,20630130,,,,,,,,,,,,,,20611208,,,20680103,,,,,,,,,,,,,,,,,,,,,,,,,,,,,,,,,,,,,,,,20590429,,,,,,,,,,
,,,,,,20641225,,,,,,20630406,20620815,20570413,,20461029,,20600705,,,,,,,,,,,,,,,,,,,,,20681004,,,,,,,,,20670817,,,20630131,,,,,,,,,,,,,,20611230,,,20680104,,,,,,,,,,,,,,,,,,,,,,,,,,,,,,,,,,,,,,,,20590505,,,,,,,,,,
,,,,,,20641226,,,,,,20630430,20620906,20570416,,20461030,,20600720,,,,,,,,,,,,,,,,,,,,,20681225,,,,,,,,,20671006,,,20630201,,,,,,,,,,,,,,20620209,,,20680105,,,,,,,,,,,,,,,,,,,,,,,,,,,,,,,,,,,,,,,,20590506,,,,,,,,,,
,,,,,,20650101,,,,,,20630501,20621002,20570501,,20461109,,20600816,,,,,,,,,,,,,,,,,,,,,20681226,,,,,,,,,20671207,,,20630202,,,,,,,,,,,,,,20620210,,,20680106,,,,,,,,,,,,,,,,,,,,,,,,,,,,,,,,,,,,,,,,20590721,,,,,,,,,,
,,,,,,20650209,,,,,,20630601,20621012,20570504,,20461113,,20601018,,,,,,,,,,,,,,,,,,,,,20690101,,,,,,,,,20671208,,,20630212,,,,,,,,,,,,,,20620323,,,20680223,,,,,,,,,,,,,,,,,,,,,,,,,,,,,,,,,,,,,,,,20590811,,,,,,,,,,
,,,,,,20650210,,,,,,20631001,20621018,20570518,,20461225,,20601101,,,,,,,,,,,,,,,,,,,,,,,,,,,,,,20671209,,,20630409,,,,,,,,,,,,,,20620324,,,20680224,,,,,,,,,,,,,,,,,,,,,,,,,,,,,,,,,,,,,,,,20590915,,,,,,,,,,
,,,,,,20650324,,,,,,20631002,20621031,20570604,,20470109,,20601115,,,,,,,,,,,,,,,,,,,,,,,,,,,,,,20671226,,,20630430,,,,,,,,,,,,,,20620420,,,20680308,,,,,,,,,,,,,,,,,,,,,,,,,,,,,,,,,,,,,,,,20590923,,,,,,,,,,
,,,,,,20650326,,,,,,20631003,20621101,20570716,,20470219,,20601208,,,,,,,,,,,,,,,,,,,,,,,,,,,,,,20680203,,,20630501,,,,,,,,,,,,,,20620501,,,20680309,,,,,,,,,,,,,,,,,,,,,,,,,,,,,,,,,,,,,,,,20591013,,,,,,,,,,
,,,,,,20650327,,,,,,20631004,20621102,20570730,,20470222,,20601231,,,,,,,,,,,,,,,,,,,,,,,,,,,,,,20680213,,,20630604,,,,,,,,,,,,,,20620612,,,20680430,,,,,,,,,,,,,,,,,,,,,,,,,,,,,,,,,,,,,,,,20591103,,,,,,,,,,
,,,,,,20650402,,,,,,20631005,20621225,20570813,,20470312,,20610110,,,,,,,,,,,,,,,,,,,,,,,,,,,,,,20680214,,,20630709,,,,,,,,,,,,,,20620821,,,20680501,,,,,,,,,,,,,,,,,,,,,,,,,,,,,,,,,,,,,,,,20591124,,,,,,,,,,
,,,,,,20650501,,,,,,20631008,20630115,20571015,,20470327,,20610321,,,,,,,,,,,,,,,,,,,,,,,,,,,,,,20680305,,,20630831,,,,,,,,,,,,,,20620828,,,20680509,,,,,,,,,,,,,,,,,,,,,,,,,,,,,,,,,,,,,,,,20591231,,,,,,,,,,
,,,,,,20650525,,,,,,20631231,20630126,20571023,,20470401,,20610407,,,,,,,,,,,,,,,,,,,,,,,,,,,,,,20680403,,,20630917,,,,,,,,,,,,,,20621101,,,20680611,,,,,,,,,,,,,,,,,,,,,,,,,,,,,,,,,,,,,,,,20600101,,,,,,,,,,
,,,,,,20650615,,,,,,20640101,20630201,20571205,,20470404,,20610408,,,,,,,,,,,,,,,,,,,,,,,,,,,,,,20680420,,,20631022,,,,,,,,,,,,,,20621130,,,20680612,,,,,,,,,,,,,,,,,,,,,,,,,,,,,,,,,,,,,,,,20600102,,,,,,,,,,
,,,,,,20650709,,,,,,20640218,20630226,20571210,,20470408,,20610523,,,,,,,,,,,,,,,,,,,,,,,,,,,,,,20680501,,,20631225,,,,,,,,,,,,,,20621208,,,20681105,,,,,,,,,,,,,,,,,,,,,,,,,,,,,,,,,,,,,,,,20600112,,,,,,,,,,
,,,,,,20650817,,,,,,20640219,20630330,20571231,,20470412,,20610613,,,,,,,,,,,,,,,,,,,,,,,,,,,,,,20680514,,,20640101,,,,,,,,,,,,,,20621225,,,20690101,,,,,,,,,,,,,,,,,,,,,,,,,,,,,,,,,,,,,,,,20600211,,,,,,,,,,
,,,,,,20651012,,,,,,20640220,20630402,20580101,,20470501,,20610620,,,,,,,,,,,,,,,,,,,,,,,,,,,,,,20680517,,,20640107,,,,,,,,,,,,,,20630101,,,,,,,,,,,,,,,,,,,,,,,,,,,,,,,,,,,,,,,,,,,20600223,,,,,,,,,,
,,,,,,20651106,,,,,,20640221,20630410,20580208,,20470509,,20610704,,,,,,,,,,,,,,,,,,,,,,,,,,,,,,20680531,,,20640121,,,,,,,,,,,,,,20630129,,,,,,,,,,,,,,,,,,,,,,,,,,,,,,,,,,,,,,,,,,,20600429,,,,,,,,,,
,,,,,,20651123,,,,,,20640222,20630411,20580408,,20470725,,20610720,,,,,,,,,,,,,,,,,,,,,,,,,,,,,,20680601,,,20640122,,,,,,,,,,,,,,20630131,,,,,,,,,,,,,,,,,,,,,,,,,,,,,,,,,,,,,,,,,,,20600503,,,,,,,,,,
,,,,,,20651208,,,,,,20640404,20630413,20580415,,20470815,,20610815,,,,,,,,,,,,,,,,,,,,,,,,,,,,,,20680817,,,20640201,,,,,,,,,,,,,,20630409,,,,,,,,,,,,,,,,,,,,,,,,,,,,,,,,,,,,,,,,,,,20600504,,,,,,,,,,
,,,,,,20651225,,,,,,20640501,20630501,20580416,,20471001,,20611017,,,,,,,,,,,,,,,,,,,,,,,,,,,,,,20680924,,,20640218,,,,,,,,,,,,,,20630412,,,,,,,,,,,,,,,,,,,,,,,,,,,,,,,,,,,,,,,,,,,20600505,,,,,,,,,,
,,,,,,20660101,,,,,,20640502,20630510,20580501,,20471002,,20611107,,,,,,,,,,,,,,,,,,,,,,,,,,,,,,20681126,,,20640219,,,,,,,,,,,,,,20630413,,,,,,,,,,,,,,,,,,,,,,,,,,,,,,,,,,,,,,,,,,,20600719,,,,,,,,,,
,,,,,,20660222,,,,,,20640619,20630709,20580506,,20471018,,20611114,,,,,,,,,,,,,,,,,,,,,,,,,,,,,,20681127,,,20640328,,,,,,,,,,,,,,20630501,,,,,,,,,,,,,,,,,,,,,,,,,,,,,,,,,,,,,,,,,,,20600811,,,,,,,,,,
,,,,,,20660223,,,,,,20640620,20630815,20580507,,20471019,,20611208,,,,,,,,,,,,,,,,,,,,,,,,,,,,,,20681128,,,20640418,,,,,,,,,,,,,,20630612,,,,,,,,,,,,,,,,,,,,,,,,,,,,,,,,,,,,,,,,,,,20600920,,,,,,,,,,
,,,,,,20660324,,,,,,20640925,20630827,20580603,,20471030,,20611230,,,,,,,,,,,,,,,,,,,,,,,,,,,,,,20681129,,,20640501,,,,,,,,,,,,,,20630821,,,,,,,,,,,,,,,,,,,,,,,,,,,,,,,,,,,,,,,,,,,20600921,,,,,,,,,,
,,,,,,20660402,,,,,,20641001,20631001,20580705,,20471102,,20620109,,,,,,,,,,,,,,,,,,,,,,,,,,,,,,20681224,,,20640502,,,,,,,,,,,,,,20630827,,,,,,,,,,,,,,,,,,,,,,,,,,,,,,,,,,,,,,,,,,,20600922,,,,,,,,,,
,,,,,,20660408,,,,,,20641002,20631002,20580729,,20471225,,20620320,,,,,,,,,,,,,,,,,,,,,,,,,,,,,,20681225,,,20640602,,,,,,,,,,,,,,20631101,,,,,,,,,,,,,,,,,,,,,,,,,,,,,,,,,,,,,,,,,,,20601011,,,,,,,,,,
,,,,,,20660409,,,,,,20641003,20631022,20580812,,20480212,,20620323,,,,,,,,,,,,,,,,,,,,,,,,,,,,,,20690101,,,20640627,,,,,,,,,,,,,,20631130,,,,,,,,,,,,,,,,,,,,,,,,,,,,,,,,,,,,,,,,,,,20601103,,,,,,,,,,
,,,,,,20660525,,,,,,20641006,20631101,20581014,,20480219,,20620324,,,,,,,,,,,,,,,,,,,,,,,,,,,,,,,,,20640901,,,,,,,,,,,,,,20631224,,,,,,,,,,,,,,,,,,,,,,,,,,,,,,,,,,,,,,,,,,,20601123,,,,,,,,,,
,,,,,,20660621,,,,,,20641007,20631109,20581023,,20480401,,20620501,,,,,,,,,,,,,,,,,,,,,,,,,,,,,,,,,20640916,,,,,,,,,,,,,,20631225,,,,,,,,,,,,,,,,,,,,,,,,,,,,,,,,,,,,,,,,,,,20601231,,,,,,,,,,
,,,,,,20660709,,,,,,20650101,20631225,20581205,,20480403,,20620508,,,,,,,,,,,,,,,,,,,,,,,,,,,,,,,,,20641225,,,,,,,,,,,,,,20631231,,,,,,,,,,,,,,,,,,,,,,,,,,,,,,,,,,,,,,,,,,,20610103,,,,,,,,,,
,,,,,,20660816,,,,,,20650102,20640115,20581210,,20480414,,20620529,,,,,,,,,,,,,,,,,,,,,,,,,,,,,,,,,20641226,,,,,,,,,,,,,,20640101,,,,,,,,,,,,,,,,,,,,,,,,,,,,,,,,,,,,,,,,,,,20610110,,,,,,,,,,
,,,,,,20661011,,,,,,20650204,20640215,20581231,,20480422,,20620605,,,,,,,,,,,,,,,,,,,,,,,,,,,,,,,,,20650101,,,,,,,,,,,,,,20640121,,,,,,,,,,,,,,,,,,,,,,,,,,,,,,,,,,,,,,,,,,,20610211,,,,,,,,,,
,,,,,,20661208,,,,,,20650205,20640319,20590101,,20480501,,20620703,,,,,,,,,,,,,,,,,,,,,,,,,,,,,,,,,20650108,,,,,,,,,,,,,,20640225,,,,,,,,,,,,,,,,,,,,,,,,,,,,,,,,,,,,,,,,,,,20610223,,,,,,,,,,
,,,,,,20661224,,,,,,20650206,20640329,20590226,,20480527,,20620720,,,,,,,,,,,,,,,,,,,,,,,,,,,,,,,,,20650109,,,,,,,,,,,,,,20640328,,,,,,,,,,,,,,,,,,,,,,,,,,,,,,,,,,,,,,,,,,,20610321,,,,,,,,,,
,,,,,,20661231,,,,,,20650209,20640401,20590407,,20480713,,20620807,,,,,,,,,,,,,,,,,,,,,,,,,,,,,,,,,20650122,,,,,,,,,,,,,,20640403,,,,,,,,,,,,,,,,,,,,,,,,,,,,,,,,,,,,,,,,,,,20610429,,,,,,,,,,
,,,,,,20670214,,,,,,20650210,20640404,20590414,,20480815,,20620821,,,,,,,,,,,,,,,,,,,,,,,,,,,,,,,,,20650202,,,,,,,,,,,,,,20640404,,,,,,,,,,,,,,,,,,,,,,,,,,,,,,,,,,,,,,,,,,,20610503,,,,,,,,,,
,,,,,,20670215,,,,,,20650406,20640414,20590415,,20480911,,20621016,,,,,,,,,,,,,,,,,,,,,,,,,,,,,,,,,20650205,,,,,,,,,,,,,,20640409,,,,,,,,,,,,,,,,,,,,,,,,,,,,,,,,,,,,,,,,,,,20610504,,,,,,,,,,
,,,,,,20670324,,,,,,20650501,20640419,20590501,,20480919,,20621106,,,,,,,,,,,,,,,,,,,,,,,,,,,,,,,,,20650206,,,,,,,,,,,,,,20640501,,,,,,,,,,,,,,,,,,,,,,,,,,,,,,,,,,,,,,,,,,,20610505,,,,,,,,,,
,,,,,,20670331,,,,,,20650608,20640428,20590505,,20481002,,20621113,,,,,,,,,,,,,,,,,,,,,,,,,,,,,,,,,20650317,,,,,,,,,,,,,,20640512,,,,,,,,,,,,,,,,,,,,,,,,,,,,,,,,,,,,,,,,,,,20610718,,,,,,,,,,
,,,,,,20670401,,,,,,20650914,20640501,20590526,,20481016,,20621208,,,,,,,,,,,,,,,,,,,,,,,,,,,,,,,,,20650407,,,,,,,,,,,,,,20640612,,,,,,,,,,,,,,,,,,,,,,,,,,,,,,,,,,,,,,,,,,,20610811,,,,,,,,,,
,,,,,,20670525,,,,,,20650915,20640815,20590603,,20481019,,20621225,,,,,,,,,,,,,,,,,,,,,,,,,,,,,,,,,20650501,,,,,,,,,,,,,,20640821,,,,,,,,,,,,,,,,,,,,,,,,,,,,,,,,,,,,,,,,,,,20610919,,,,,,,,,,
,,,,,,20670620,,,,,,20651001,20641002,20590724,,20481105,,20621229,,,,,,,,,,,,,,,,,,,,,,,,,,,,,,,,,20650519,,,,,,,,,,,,,,20640825,,,,,,,,,,,,,,,,,,,,,,,,,,,,,,,,,,,,,,,,,,,20610922,,,,,,,,,,
,,,,,,20670815,,,,,,20651002,20641010,20590728,,20481107,,20630101,,,,,,,,,,,,,,,,,,,,,,,,,,,,,,,,,20650601,,,,,,,,,,,,,,20641208,,,,,,,,,,,,,,,,,,,,,,,,,,,,,,,,,,,,,,,,,,,20611010,,,,,,,,,,
,,,,,,20671010,,,,,,20651005,20641018,20590812,,20481120,,20630108,,,,,,,,,,,,,,,,,,,,,,,,,,,,,,,,,20650616,,,,,,,,,,,,,,20641224,,,,,,,,,,,,,,,,,,,,,,,,,,,,,,,,,,,,,,,,,,,20611103,,,,,,,,,,
,,,,,,20671208,,,,,,20651006,20641101,20591013,,20481218,,20630319,,,,,,,,,,,,,,,,,,,,,,,,,,,,,,,,,20650831,,,,,,,,,,,,,,20641225,,,,,,,,,,,,,,,,,,,,,,,,,,,,,,,,,,,,,,,,,,,20611123,,,,,,,,,,
,,,,,,20680305,,,,,,20651007,20641127,20591023,,20481225,,20630412,,,,,,,,,,,,,,,,,,,,,,,,,,,,,,,,,20650916,,,,,,,,,,,,,,20641226,,,,,,,,,,,,,,,,,,,,,,,,,,,,,,,,,,,,,,,,,,,20620102,,,,,,,,,,
,,,,,,20680306,,,,,,20660101,20641225,20591205,,20490126,,20630413,,,,,,,,,,,,,,,,,,,,,,,,,,,,,,,,,20651028,,,,,,,,,,,,,,20641230,,,,,,,,,,,,,,,,,,,,,,,,,,,,,,,,,,,,,,,,,,,20620103,,,,,,,,,,
,,,,,,20680402,,,,,,20660125,20650109,20591210,,20490219,,20630501,,,,,,,,,,,,,,,,,,,,,,,,,,,,,,,,,20651215,,,,,,,,,,,,,,20641231,,,,,,,,,,,,,,,,,,,,,,,,,,,,,,,,,,,,,,,,,,,20620109,,,,,,,,,,
,,,,,,20680419,,,,,,20660126,20650115,20591231,,20490302,,20630528,,,,,,,,,,,,,,,,,,,,,,,,,,,,,,,,,20651225,,,,,,,,,,,,,,20650101,,,,,,,,,,,,,,,,,,,,,,,,,,,,,,,,,,,,,,,,,,,20620223,,,,,,,,,,
,,,,,,20680420,,,,,,20660127,20650126,20600101,,20490320,,20630618,,,,,,,,,,,,,,,,,,,,,,,,,,,,,,,,,20651229,,,,,,,,,,,,,,20650102,,,,,,,,,,,,,,,,,,,,,,,,,,,,,,,,,,,,,,,,,,,20620320,,,,,,,,,,
,,,,,,20680501,,,,,,20660128,20650305,20600102,,20490401,,20630625,,,,,,,,,,,,,,,,,,,,,,,,,,,,,,,,,20651230,,,,,,,,,,,,,,20650109,,,,,,,,,,,,,,,,,,,,,,,,,,,,,,,,,,,,,,,,,,,20620503,,,,,,,,,,
,,,,,,20680525,,,,,,20660129,20650318,20600216,,20490403,,20630702,,,,,,,,,,,,,,,,,,,,,,,,,,,,,,,,,20660101,,,,,,,,,,,,,,20650205,,,,,,,,,,,,,,,,,,,,,,,,,,,,,,,,,,,,,,,,,,,20620504,,,,,,,,,,
,,,,,,20680620,,,,,,20660405,20650327,20600406,,20490414,,20630720,,,,,,,,,,,,,,,,,,,,,,,,,,,,,,,,,20660126,,,,,,,,,,,,,,20650225,,,,,,,,,,,,,,,,,,,,,,,,,,,,,,,,,,,,,,,,,,,20620505,,,,,,,,,,
,,,,,,20680709,,,,,,20660503,20650401,20600413,,20490416,,20630807,,,,,,,,,,,,,,,,,,,,,,,,,,,,,,,,,20660127,,,,,,,,,,,,,,20650317,,,,,,,,,,,,,,,,,,,,,,,,,,,,,,,,,,,,,,,,,,,20620717,,,,,,,,,,
,,,,,,20680820,,,,,,20660528,20650406,20600414,,20490501,,20630820,,,,,,,,,,,,,,,,,,,,,,,,,,,,,,,,,20660201,,,,,,,,,,,,,,20650326,,,,,,,,,,,,,,,,,,,,,,,,,,,,,,,,,,,,,,,,,,,20620811,,,,,,,,,,
,,,,,,20681015,,,,,,20661001,20650414,20600415,,20490517,,20631015,,,,,,,,,,,,,,,,,,,,,,,,,,,,,,,,,20660209,,,,,,,,,,,,,,20650327,,,,,,,,,,,,,,,,,,,,,,,,,,,,,,,,,,,,,,,,,,,20620918,,,,,,,,,,
,,,,,,20681106,,,,,,20661004,20650417,20600503,,20490702,,20631105,,,,,,,,,,,,,,,,,,,,,,,,,,,,,,,,,20660308,,,,,,,,,,,,,,20650409,,,,,,,,,,,,,,,,,,,,,,,,,,,,,,,,,,,,,,,,,,,20621009,,,,,,,,,,
,,,,,,20681119,,,,,,20661005,20650418,20600504,,20490809,,20631112,,,,,,,,,,,,,,,,,,,,,,,,,,,,,,,,,20660607,,,,,,,,,,,,,,20650501,,,,,,,,,,,,,,,,,,,,,,,,,,,,,,,,,,,,,,,,,,,20621103,,,,,,,,,,
,,,,,,20681225,,,,,,20661006,20650501,20600514,,20490901,,20631225,,,,,,,,,,,,,,,,,,,,,,,,,,,,,,,,,20660608,,,,,,,,,,,,,,20650612,,,,,,,,,,,,,,,,,,,,,,,,,,,,,,,,,,,,,,,,,,,20621123,,,,,,,,,,
,,,,,,20690101,,,,,,20661007,20650508,20600603,,20490908,,20631231,,,,,,,,,,,,,,,,,,,,,,,,,,,,,,,,,20660831,,,,,,,,,,,,,,20650821,,,,,,,,,,,,,,,,,,,,,,,,,,,,,,,,,,,,,,,,,,,20630101,,,,,,,,,,
,,,,,,,,,,,,20661008,20650617,20600712,,20491002,,20640101,,,,,,,,,,,,,,,,,,,,,,,,,,,,,,,,,20660916,,,,,,,,,,,,,,20650831,,,,,,,,,,,,,,,,,,,,,,,,,,,,,,,,,,,,,,,,,,,20630102,,,,,,,,,,
,,,,,,,,,,,,20670103,20650815,20600728,,20491006,,20640107,,,,,,,,,,,,,,,,,,,,,,,,,,,,,,,,,20661018,,,,,,,,,,,,,,20651130,,,,,,,,,,,,,,,,,,,,,,,,,,,,,,,,,,,,,,,,,,,20630103,,,,,,,,,,
,,,,,,,,,,,,20670214,20650904,20600812,,20491008,,20640324,,,,,,,,,,,,,,,,,,,,,,,,,,,,,,,,,20661206,,,,,,,,,,,,,,20651208,,,,,,,,,,,,,,,,,,,,,,,,,,,,,,,,,,,,,,,,,,,20630108,,,,,,,,,,
,,,,,,,,,,,,20670215,20650929,20601013,,20491026,,20640403,,,,,,,,,,,,,,,,,,,,,,,,,,,,,,,,,20661220,,,,,,,,,,,,,,20651224,,,,,,,,,,,,,,,,,,,,,,,,,,,,,,,,,,,,,,,,,,,20630212,,,,,,,,,,
,,,,,,,,,,,,20670216,20651002,20601025,,20491027,,20640404,,,,,,,,,,,,,,,,,,,,,,,,,,,,,,,,,20670131,,,,,,,,,,,,,,20651225,,,,,,,,,,,,,,,,,,,,,,,,,,,,,,,,,,,,,,,,,,,20630223,,,,,,,,,,
,,,,,,,,,,,,20670217,20651008,20601206,,20491109,,20640501,,,,,,,,,,,,,,,,,,,,,,,,,,,,,,,,,20670201,,,,,,,,,,,,,,20651229,,,,,,,,,,,,,,,,,,,,,,,,,,,,,,,,,,,,,,,,,,,20630320,,,,,,,,,,
,,,,,,,,,,,,20670218,20651009,20601210,,20491208,,20640519,,,,,,,,,,,,,,,,,,,,,,,,,,,,,,,,,20670214,,,,,,,,,,,,,,20651230,,,,,,,,,,,,,,,,,,,,,,,,,,,,,,,,,,,,,,,,,,,20630430,,,,,,,,,,
,,,,,,,,,,,,20670404,20651014,20601231,,20500126,,20640609,,,,,,,,,,,,,,,,,,,,,,,,,,,,,,,,,20670215,,,,,,,,,,,,,,20651231,,,,,,,,,,,,,,,,,,,,,,,,,,,,,,,,,,,,,,,,,,,20630503,,,,,,,,,,
,,,,,,,,,,,,20670405,20651028,20610103,,20500219,,20640616,,,,,,,,,,,,,,,,,,,,,,,,,,,,,,,,,20670224,,,,,,,,,,,,,,20660101,,,,,,,,,,,,,,,,,,,,,,,,,,,,,,,,,,,,,,,,,,,20630504,,,,,,,,,,
,,,,,,,,,,,,20670502,20651030,20610307,,20500309,,20640630,,,,,,,,,,,,,,,,,,,,,,,,,,,,,,,,,20670317,,,,,,,,,,,,,,20660126,,,,,,,,,,,,,,,,,,,,,,,,,,,,,,,,,,,,,,,,,,,20630716,,,,,,,,,,
,,,,,,,,,,,,20670616,20651116,20610406,,20500323,,20640807,,,,,,,,,,,,,,,,,,,,,,,,,,,,,,,,,20670502,,,,,,,,,,,,,,20660225,,,,,,,,,,,,,,,,,,,,,,,,,,,,,,,,,,,,,,,,,,,20630917,,,,,,,,,,
,,,,,,,,,,,,20670617,20651225,20610413,,20500331,,20640818,,,,,,,,,,,,,,,,,,,,,,,,,,,,,,,,,20670526,,,,,,,,,,,,,,20660305,,,,,,,,,,,,,,,,,,,,,,,,,,,,,,,,,,,,,,,,,,,20630924,,,,,,,,,,
,,,,,,,,,,,,20670923,20660115,20610414,,20500401,,20641013,,,,,,,,,,,,,,,,,,,,,,,,,,,,,,,,,20670527,,,,,,,,,,,,,,20660407,,,,,,,,,,,,,,,,,,,,,,,,,,,,,,,,,,,,,,,,,,,20631008,,,,,,,,,,
,,,,,,,,,,,,20671003,20660126,20610415,,20500404,,20641103,,,,,,,,,,,,,,,,,,,,,,,,,,,,,,,,,20670606,,,,,,,,,,,,,,20660408,,,,,,,,,,,,,,,,,,,,,,,,,,,,,,,,,,,,,,,,,,,20631123,,,,,,,,,,
,,,,,,,,,,,,20671004,20660222,20610502,,20500408,,20641117,,,,,,,,,,,,,,,,,,,,,,,,,,,,,,,,,20670831,,,,,,,,,,,,,,20660409,,,,,,,,,,,,,,,,,,,,,,,,,,,,,,,,,,,,,,,,,,,20631231,,,,,,,,,,
,,,,,,,,,,,,20671005,20660326,20610504,,20500414,,20641208,,,,,,,,,,,,,,,,,,,,,,,,,,,,,,,,,20670916,,,,,,,,,,,,,,20660830,,,,,,,,,,,,,,,,,,,,,,,,,,,,,,,,,,,,,,,,,,,20640101,,,,,,,,,,
,,,,,,,,,,,,20671006,20660401,20610602,,20500506,,20641225,,,,,,,,,,,,,,,,,,,,,,,,,,,,,,,,,20671107,,,,,,,,,,,,,,20661101,,,,,,,,,,,,,,,,,,,,,,,,,,,,,,,,,,,,,,,,,,,20640102,,,,,,,,,,
,,,,,,,,,,,,20671007,20660406,20610603,,20500621,,20641231,,,,,,,,,,,,,,,,,,,,,,,,,,,,,,,,,20671124,,,,,,,,,,,,,,20661130,,,,,,,,,,,,,,,,,,,,,,,,,,,,,,,,,,,,,,,,,,,20640103,,,,,,,,,,
,,,,,,,,,,,,20680102,20660408,20610728,,20500809,,20650101,,,,,,,,,,,,,,,,,,,,,,,,,,,,,,,,,20671208,,,,,,,,,,,,,,20661208,,,,,,,,,,,,,,,,,,,,,,,,,,,,,,,,,,,,,,,,,,,20640114,,,,,,,,,,
,,,,,,,,,,,,20680202,20660409,20610801,,20500815,,20650112,,,,,,,,,,,,,,,,,,,,,,,,,,,,,,,,,20671209,,,,,,,,,,,,,,20661220,,,,,,,,,,,,,,,,,,,,,,,,,,,,,,,,,,,,,,,,,,,20640211,,,,,,,,,,
,,,,,,,,,,,,20680203,20660414,20610812,,20500920,,20650323,,,,,,,,,,,,,,,,,,,,,,,,,,,,,,,,,20671226,,,,,,,,,,,,,,20661224,,,,,,,,,,,,,,,,,,,,,,,,,,,,,,,,,,,,,,,,,,,20640320,,,,,,,,,,
,,,,,,,,,,,,20680206,20660427,20611013,,20500927,,20650326,,,,,,,,,,,,,,,,,,,,,,,,,,,,,,,,,20680102,,,,,,,,,,,,,,20661230,,,,,,,,,,,,,,,,,,,,,,,,,,,,,,,,,,,,,,,,,,,20640429,,,,,,,,,,
,,,,,,,,,,,,20680207,20660501,20611024,,20501025,,20650327,,,,,,,,,,,,,,,,,,,,,,,,,,,,,,,,,20680120,,,,,,,,,,,,,,20661231,,,,,,,,,,,,,,,,,,,,,,,,,,,,,,,,,,,,,,,,,,,20640505,,,,,,,,,,
,,,,,,,,,,,,20680208,20660824,20611205,,20501115,,20650501,,,,,,,,,,,,,,,,,,,,,,,,,,,,,,,,,20680201,,,,,,,,,,,,,,20670214,,,,,,,,,,,,,,,,,,,,,,,,,,,,,,,,,,,,,,,,,,,20640506,,,,,,,,,,
,,,,,,,,,,,,20680404,20660928,20611212,,20501128,,20650511,,,,,,,,,,,,,,,,,,,,,,,,,,,,,,,,,20680203,,,,,,,,,,,,,,20670224,,,,,,,,,,,,,,,,,,,,,,,,,,,,,,,,,,,,,,,,,,,20640721,,,,,,,,,,
,,,,,,,,,,,,20680430,20660929,20620102,,20510126,,20650601,,,,,,,,,,,,,,,,,,,,,,,,,,,,,,,,,20680214,,,,,,,,,,,,,,20670225,,,,,,,,,,,,,,,,,,,,,,,,,,,,,,,,,,,,,,,,,,,20640811,,,,,,,,,,
,,,,,,,,,,,,20680501,20661002,20620224,,20510327,,20650608,,,,,,,,,,,,,,,,,,,,,,,,,,,,,,,,,20680305,,,,,,,,,,,,,,20670331,,,,,,,,,,,,,,,,,,,,,,,,,,,,,,,,,,,,,,,,,,,20640915,,,,,,,,,,
,,,,,,,,,,,,20680604,20661018,20620406,,20510331,,20650629,,,,,,,,,,,,,,,,,,,,,,,,,,,,,,,,,20680501,,,,,,,,,,,,,,20670401,,,,,,,,,,,,,,,,,,,,,,,,,,,,,,,,,,,,,,,,,,,20640922,,,,,,,,,,
,,,,,,,,,,,,20680910,20661019,20620413,,20510401,,20650720,,,,,,,,,,,,,,,,,,,,,,,,,,,,,,,,,20680514,,,,,,,,,,,,,,20670509,,,,,,,,,,,,,,,,,,,,,,,,,,,,,,,,,,,,,,,,,,,20641013,,,,,,,,,,
,,,,,,,,,,,,20680911,20661101,20620414,,20510411,,20650807,,,,,,,,,,,,,,,,,,,,,,,,,,,,,,,,,20680516,,,,,,,,,,,,,,20670829,,,,,,,,,,,,,,,,,,,,,,,,,,,,,,,,,,,,,,,,,,,20641103,,,,,,,,,,
,,,,,,,,,,,,20681001,20661105,20620501,,20510414,,20650817,,,,,,,,,,,,,,,,,,,,,,,,,,,,,,,,,20680604,,,,,,,,,,,,,,20671101,,,,,,,,,,,,,,,,,,,,,,,,,,,,,,,,,,,,,,,,,,,20641124,,,,,,,,,,
,,,,,,,,,,,,20681002,20670115,20620504,,20510419,,20651012,,,,,,,,,,,,,,,,,,,,,,,,,,,,,,,,,20680831,,,,,,,,,,,,,,20671130,,,,,,,,,,,,,,,,,,,,,,,,,,,,,,,,,,,,,,,,,,,20641231,,,,,,,,,,
,,,,,,,,,,,,20681003,20670126,20620523,,20510501,,20651102,,,,,,,,,,,,,,,,,,,,,,,,,,,,,,,,,20680917,,,,,,,,,,,,,,20671208,,,,,,,,,,,,,,,,,,,,,,,,,,,,,,,,,,,,,,,,,,,20650101,,,,,,,,,,
,,,,,,,,,,,,20681004,20670225,20620605,,20510525,,20651116,,,,,,,,,,,,,,,,,,,,,,,,,,,,,,,,,20681025,,,,,,,,,,,,,,20671209,,,,,,,,,,,,,,,,,,,,,,,,,,,,,,,,,,,,,,,,,,,20650102,,,,,,,,,,
,,,,,,,,,,,,20681005,20670316,20620721,,20510809,,20651208,,,,,,,,,,,,,,,,,,,,,,,,,,,,,,,,,20681113,,,,,,,,,,,,,,20671230,,,,,,,,,,,,,,,,,,,,,,,,,,,,,,,,,,,,,,,,,,,20650112,,,,,,,,,,
,,,,,,,,,,,,20681231,20670401,20620728,,20510815,,20651225,,,,,,,,,,,,,,,,,,,,,,,,,,,,,,,,,20681126,,,,,,,,,,,,,,20680203,,,,,,,,,,,,,,,,,,,,,,,,,,,,,,,,,,,,,,,,,,,20650211,,,,,,,,,,
,,,,,,,,,,,,20690101,20670402,20620814,,20510818,,20651231,,,,,,,,,,,,,,,,,,,,,,,,,,,,,,,,,20681127,,,,,,,,,,,,,,20680213,,,,,,,,,,,,,,,,,,,,,,,,,,,,,,,,,,,,,,,,,,,20650223,,,,,,,,,,
,,,,,,,,,,,,,20670414,20621013,,20510916,,20660101,,,,,,,,,,,,,,,,,,,,,,,,,,,,,,,,,20681225,,,,,,,,,,,,,,20680409,,,,,,,,,,,,,,,,,,,,,,,,,,,,,,,,,,,,,,,,,,,20650320,,,,,,,,,,
,,,,,,,,,,,,,20670427,20621023,,20511002,,20660111,,,,,,,,,,,,,,,,,,,,,,,,,,,,,,,,,20690101,,,,,,,,,,,,,,20680419,,,,,,,,,,,,,,,,,,,,,,,,,,,,,,,,,,,,,,,,,,,20650429,,,,,,,,,,
,,,,,,,,,,,,,20670516,20621205,,20511103,,20660322,,,,,,,,,,,,,,,,,,,,,,,,,,,,,,,,,,,,,,,,,,,,,,,20680420,,,,,,,,,,,,,,,,,,,,,,,,,,,,,,,,,,,,,,,,,,,20650504,,,,,,,,,,
,,,,,,,,,,,,,20670526,20621211,,20511104,,20660408,,,,,,,,,,,,,,,,,,,,,,,,,,,,,,,,,,,,,,,,,,,,,,,20680501,,,,,,,,,,,,,,,,,,,,,,,,,,,,,,,,,,,,,,,,,,,20650505,,,,,,,,,,
,,,,,,,,,,,,,20670815,20630101,,20511117,,20660409,,,,,,,,,,,,,,,,,,,,,,,,,,,,,,,,,,,,,,,,,,,,,,,20680612,,,,,,,,,,,,,,,,,,,,,,,,,,,,,,,,,,,,,,,,,,,20650506,,,,,,,,,,
,,,,,,,,,,,,,20670912,20630102,,20511118,,20660524,,,,,,,,,,,,,,,,,,,,,,,,,,,,,,,,,,,,,,,,,,,,,,,20680821,,,,,,,,,,,,,,,,,,,,,,,,,,,,,,,,,,,,,,,,,,,20650720,,,,,,,,,,
,,,,,,,,,,,,,20671017,20630213,,20511225,,20660614,,,,,,,,,,,,,,,,,,,,,,,,,,,,,,,,,,,,,,,,,,,,,,,20680827,,,,,,,,,,,,,,,,,,,,,,,,,,,,,,,,,,,,,,,,,,,20650811,,,,,,,,,,
,,,,,,,,,,,,,20671018,20630406,,20520126,,20660621,,,,,,,,,,,,,,,,,,,,,,,,,,,,,,,,,,,,,,,,,,,,,,,20681101,,,,,,,,,,,,,,,,,,,,,,,,,,,,,,,,,,,,,,,,,,,20650921,,,,,,,,,,
,,,,,,,,,,,,,20671101,20630413,,20520219,,20660705,,,,,,,,,,,,,,,,,,,,,,,,,,,,,,,,,,,,,,,,,,,,,,,20681127,,,,,,,,,,,,,,,,,,,,,,,,,,,,,,,,,,,,,,,,,,,20650922,,,,,,,,,,
,,,,,,,,,,,,,20671105,20630416,,20520228,,20660720,,,,,,,,,,,,,,,,,,,,,,,,,,,,,,,,,,,,,,,,,,,,,,,20681130,,,,,,,,,,,,,,,,,,,,,,,,,,,,,,,,,,,,,,,,,,,20651012,,,,,,,,,,
,,,,,,,,,,,,,20671107,20630501,,20520315,,20660816,,,,,,,,,,,,,,,,,,,,,,,,,,,,,,,,,,,,,,,,,,,,,,,20681224,,,,,,,,,,,,,,,,,,,,,,,,,,,,,,,,,,,,,,,,,,,20651103,,,,,,,,,,
,,,,,,,,,,,,,20671123,20630504,,20520401,,20661018,,,,,,,,,,,,,,,,,,,,,,,,,,,,,,,,,,,,,,,,,,,,,,,20681225,,,,,,,,,,,,,,,,,,,,,,,,,,,,,,,,,,,,,,,,,,,20651123,,,,,,,,,,
,,,,,,,,,,,,,20671208,20630514,,20520411,,20661101,,,,,,,,,,,,,,,,,,,,,,,,,,,,,,,,,,,,,,,,,,,,,,,20681231,,,,,,,,,,,,,,,,,,,,,,,,,,,,,,,,,,,,,,,,,,,20651231,,,,,,,,,,
,,,,,,,,,,,,,20680126,20630604,,20520419,,20661115,,,,,,,,,,,,,,,,,,,,,,,,,,,,,,,,,,,,,,,,,,,,,,,20690101,,,,,,,,,,,,,,,,,,,,,,,,,,,,,,,,,,,,,,,,,,,20660101,,,,,,,,,,
,,,,,,,,,,,,,20680214,20630710,,20520501,,20661208,,,,,,,,,,,,,,,,,,,,,,,,,,,,,,,,,,,,,,,,,,,,,,,,,,,,,,,,,,,,,,,,,,,,,,,,,,,,,,,,,,,,,,,,,,20660111,,,,,,,,,,
,,,,,,,,,,,,,20680302,20630730,,20520513,,20661231,,,,,,,,,,,,,,,,,,,,,,,,,,,,,,,,,,,,,,,,,,,,,,,,,,,,,,,,,,,,,,,,,,,,,,,,,,,,,,,,,,,,,,,,,,20660211,,,,,,,,,,
,,,,,,,,,,,,,20680315,20630813,,20520530,,20670110,,,,,,,,,,,,,,,,,,,,,,,,,,,,,,,,,,,,,,,,,,,,,,,,,,,,,,,,,,,,,,,,,,,,,,,,,,,,,,,,,,,,,,,,,,20660223,,,,,,,,,,
,,,,,,,,,,,,,20680402,20631015,,20520806,,20670321,,,,,,,,,,,,,,,,,,,,,,,,,,,,,,,,,,,,,,,,,,,,,,,,,,,,,,,,,,,,,,,,,,,,,,,,,,,,,,,,,,,,,,,,,,20660429,,,,,,,,,,
,,,,,,,,,,,,,20680403,20631023,,20520808,,20670331,,,,,,,,,,,,,,,,,,,,,,,,,,,,,,,,,,,,,,,,,,,,,,,,,,,,,,,,,,,,,,,,,,,,,,,,,,,,,,,,,,,,,,,,,,20660503,,,,,,,,,,
,,,,,,,,,,,,,20680420,20631205,,20520815,,20670401,,,,,,,,,,,,,,,,,,,,,,,,,,,,,,,,,,,,,,,,,,,,,,,,,,,,,,,,,,,,,,,,,,,,,,,,,,,,,,,,,,,,,,,,,,20660504,,,,,,,,,,
,,,,,,,,,,,,,20680501,20631210,,20520828,,20670516,,,,,,,,,,,,,,,,,,,,,,,,,,,,,,,,,,,,,,,,,,,,,,,,,,,,,,,,,,,,,,,,,,,,,,,,,,,,,,,,,,,,,,,,,,20660505,,,,,,,,,,
,,,,,,,,,,,,,20680504,20631231,,20520904,,20670606,,,,,,,,,,,,,,,,,,,,,,,,,,,,,,,,,,,,,,,,,,,,,,,,,,,,,,,,,,,,,,,,,,,,,,,,,,,,,,,,,,,,,,,,,,20660719,,,,,,,,,,
,,,,,,,,,,,,,20680515,20640101,,20521002,,20670613,,,,,,,,,,,,,,,,,,,,,,,,,,,,,,,,,,,,,,,,,,,,,,,,,,,,,,,,,,,,,,,,,,,,,,,,,,,,,,,,,,,,,,,,,,20660811,,,,,,,,,,
,,,,,,,,,,,,,20680815,20640303,,20521003,,20670704,,,,,,,,,,,,,,,,,,,,,,,,,,,,,,,,,,,,,,,,,,,,,,,,,,,,,,,,,,,,,,,,,,,,,,,,,,,,,,,,,,,,,,,,,,20660920,,,,,,,,,,
,,,,,,,,,,,,,20680831,20640407,,20521022,,20670720,,,,,,,,,,,,,,,,,,,,,,,,,,,,,,,,,,,,,,,,,,,,,,,,,,,,,,,,,,,,,,,,,,,,,,,,,,,,,,,,,,,,,,,,,,20660923,,,,,,,,,,
,,,,,,,,,,,,,20680926,20640414,,20521023,,20670815,,,,,,,,,,,,,,,,,,,,,,,,,,,,,,,,,,,,,,,,,,,,,,,,,,,,,,,,,,,,,,,,,,,,,,,,,,,,,,,,,,,,,,,,,,20661011,,,,,,,,,,
,,,,,,,,,,,,,20681002,20640415,,20521105,,20671017,,,,,,,,,,,,,,,,,,,,,,,,,,,,,,,,,,,,,,,,,,,,,,,,,,,,,,,,,,,,,,,,,,,,,,,,,,,,,,,,,,,,,,,,,,20661103,,,,,,,,,,
,,,,,,,,,,,,,20681005,20640501,,20521106,,20671107,,,,,,,,,,,,,,,,,,,,,,,,,,,,,,,,,,,,,,,,,,,,,,,,,,,,,,,,,,,,,,,,,,,,,,,,,,,,,,,,,,,,,,,,,,20661123,,,,,,,,,,
,,,,,,,,,,,,,20681006,20640505,,20521225,,20671114,,,,,,,,,,,,,,,,,,,,,,,,,,,,,,,,,,,,,,,,,,,,,,,,,,,,,,,,,,,,,,,,,,,,,,,,,,,,,,,,,,,,,,,,,,20661231,,,,,,,,,,
,,,,,,,,,,,,,20681011,20640530,,20530219,,20671208,,,,,,,,,,,,,,,,,,,,,,,,,,,,,,,,,,,,,,,,,,,,,,,,,,,,,,,,,,,,,,,,,,,,,,,,,,,,,,,,,,,,,,,,,,20670103,,,,,,,,,,
,,,,,,,,,,,,,20681025,20640603,,20530305,,20671230,,,,,,,,,,,,,,,,,,,,,,,,,,,,,,,,,,,,,,,,,,,,,,,,,,,,,,,,,,,,,,,,,,,,,,,,,,,,,,,,,,,,,,,,,,20670110,,,,,,,,,,
,,,,,,,,,,,,,20681101,20640728,,20530321,,20680109,,,,,,,,,,,,,,,,,,,,,,,,,,,,,,,,,,,,,,,,,,,,,,,,,,,,,,,,,,,,,,,,,,,,,,,,,,,,,,,,,,,,,,,,,,20670211,,,,,,,,,,
,,,,,,,,,,,,,20681112,20640812,,20530328,,20680319,,,,,,,,,,,,,,,,,,,,,,,,,,,,,,,,,,,,,,,,,,,,,,,,,,,,,,,,,,,,,,,,,,,,,,,,,,,,,,,,,,,,,,,,,,20670223,,,,,,,,,,
,,,,,,,,,,,,,20681127,20641013,,20530401,,20680419,,,,,,,,,,,,,,,,,,,,,,,,,,,,,,,,,,,,,,,,,,,,,,,,,,,,,,,,,,,,,,,,,,,,,,,,,,,,,,,,,,,,,,,,,,20670321,,,,,,,,,,
,,,,,,,,,,,,,20681225,20641023,,20530402,,20680420,,,,,,,,,,,,,,,,,,,,,,,,,,,,,,,,,,,,,,,,,,,,,,,,,,,,,,,,,,,,,,,,,,,,,,,,,,,,,,,,,,,,,,,,,,20670429,,,,,,,,,,
,,,,,,,,,,,,,,20641205,,20530404,,20680501,,,,,,,,,,,,,,,,,,,,,,,,,,,,,,,,,,,,,,,,,,,,,,,,,,,,,,,,,,,,,,,,,,,,,,,,,,,,,,,,,,,,,,,,,,20670503,,,,,,,,,,
,,,,,,,,,,,,,,20641210,,20530414,,20680604,,,,,,,,,,,,,,,,,,,,,,,,,,,,,,,,,,,,,,,,,,,,,,,,,,,,,,,,,,,,,,,,,,,,,,,,,,,,,,,,,,,,,,,,,,20670504,,,,,,,,,,
,,,,,,,,,,,,,,20641231,,20530501,,20680625,,,,,,,,,,,,,,,,,,,,,,,,,,,,,,,,,,,,,,,,,,,,,,,,,,,,,,,,,,,,,,,,,,,,,,,,,,,,,,,,,,,,,,,,,,20670505,,,,,,,,,,
,,,,,,,,,,,,,,20650101,,20530502,,20680702,,,,,,,,,,,,,,,,,,,,,,,,,,,,,,,,,,,,,,,,,,,,,,,,,,,,,,,,,,,,,,,,,,,,,,,,,,,,,,,,,,,,,,,,,,20670718,,,,,,,,,,
,,,,,,,,,,,,,,20650102,,20530520,,20680720,,,,,,,,,,,,,,,,,,,,,,,,,,,,,,,,,,,,,,,,,,,,,,,,,,,,,,,,,,,,,,,,,,,,,,,,,,,,,,,,,,,,,,,,,,20670811,,,,,,,,,,
,,,,,,,,,,,,,,20650220,,20530808,,20680807,,,,,,,,,,,,,,,,,,,,,,,,,,,,,,,,,,,,,,,,,,,,,,,,,,,,,,,,,,,,,,,,,,,,,,,,,,,,,,,,,,,,,,,,,,20670919,,,,,,,,,,
,,,,,,,,,,,,,,20650406,,20530815,,20680820,,,,,,,,,,,,,,,,,,,,,,,,,,,,,,,,,,,,,,,,,,,,,,,,,,,,,,,,,,,,,,,,,,,,,,,,,,,,,,,,,,,,,,,,,,20670923,,,,,,,,,,
,,,,,,,,,,,,,,20650413,,20530825,,20681015,,,,,,,,,,,,,,,,,,,,,,,,,,,,,,,,,,,,,,,,,,,,,,,,,,,,,,,,,,,,,,,,,,,,,,,,,,,,,,,,,,,,,,,,,,20671010,,,,,,,,,,
,,,,,,,,,,,,,,20650414,,20530915,,20681105,,,,,,,,,,,,,,,,,,,,,,,,,,,,,,,,,,,,,,,,,,,,,,,,,,,,,,,,,,,,,,,,,,,,,,,,,,,,,,,,,,,,,,,,,,20671103,,,,,,,,,,
,,,,,,,,,,,,,,20650415,,20531002,,20681112,,,,,,,,,,,,,,,,,,,,,,,,,,,,,,,,,,,,,,,,,,,,,,,,,,,,,,,,,,,,,,,,,,,,,,,,,,,,,,,,,,,,,,,,,,20671123,,,,,,,,,,
,,,,,,,,,,,,,,20650501,,20531021,,20681225,,,,,,,,,,,,,,,,,,,,,,,,,,,,,,,,,,,,,,,,,,,,,,,,,,,,,,,,,,,,,,,,,,,,,,,,,,,,,,,,,,,,,,,,,,20680102,,,,,,,,,,
,,,,,,,,,,,,,,20650504,,20531111,,20681231,,,,,,,,,,,,,,,,,,,,,,,,,,,,,,,,,,,,,,,,,,,,,,,,,,,,,,,,,,,,,,,,,,,,,,,,,,,,,,,,,,,,,,,,,,20680103,,,,,,,,,,
,,,,,,,,,,,,,,20650519,,20531125,,20690101,,,,,,,,,,,,,,,,,,,,,,,,,,,,,,,,,,,,,,,,,,,,,,,,,,,,,,,,,,,,,,,,,,,,,,,,,,,,,,,,,,,,,,,,,,20680109,,,,,,,,,,
,,,,,,,,,,,,,,20650603,,20531225,,,,,,,,,,,,,,,,,,,,,,,,,,,,,,,,,,,,,,,,,,,,,,,,,,,,,,,,,,,,,,,,,,,,,,,,,,,,,,,,,,,,,,,,,,,,20680223,,,,,,,,,,
,,,,,,,,,,,,,,20650717,,20540126,,,,,,,,,,,,,,,,,,,,,,,,,,,,,,,,,,,,,,,,,,,,,,,,,,,,,,,,,,,,,,,,,,,,,,,,,,,,,,,,,,,,,,,,,,,,20680320,,,,,,,,,,
,,,,,,,,,,,,,,20650728,,20540219,,,,,,,,,,,,,,,,,,,,,,,,,,,,,,,,,,,,,,,,,,,,,,,,,,,,,,,,,,,,,,,,,,,,,,,,,,,,,,,,,,,,,,,,,,,,20680430,,,,,,,,,,
,,,,,,,,,,,,,,20650812,,20540307,,,,,,,,,,,,,,,,,,,,,,,,,,,,,,,,,,,,,,,,,,,,,,,,,,,,,,,,,,,,,,,,,,,,,,,,,,,,,,,,,,,,,,,,,,,,20680503,,,,,,,,,,
,,,,,,,,,,,,,,20651013,,20540324,,,,,,,,,,,,,,,,,,,,,,,,,,,,,,,,,,,,,,,,,,,,,,,,,,,,,,,,,,,,,,,,,,,,,,,,,,,,,,,,,,,,,,,,,,,,20680504,,,,,,,,,,
,,,,,,,,,,,,,,20651023,,20540327,,,,,,,,,,,,,,,,,,,,,,,,,,,,,,,,,,,,,,,,,,,,,,,,,,,,,,,,,,,,,,,,,,,,,,,,,,,,,,,,,,,,,,,,,,,,20680716,,,,,,,,,,
,,,,,,,,,,,,,,20651207,,20540401,,,,,,,,,,,,,,,,,,,,,,,,,,,,,,,,,,,,,,,,,,,,,,,,,,,,,,,,,,,,,,,,,,,,,,,,,,,,,,,,,,,,,,,,,,,,20680917,,,,,,,,,,
,,,,,,,,,,,,,,20651210,,20540409,,,,,,,,,,,,,,,,,,,,,,,,,,,,,,,,,,,,,,,,,,,,,,,,,,,,,,,,,,,,,,,,,,,,,,,,,,,,,,,,,,,,,,,,,,,,20681008,,,,,,,,,,
,,,,,,,,,,,,,,20651231,,20540414,,,,,,,,,,,,,,,,,,,,,,,,,,,,,,,,,,,,,,,,,,,,,,,,,,,,,,,,,,,,,,,,,,,,,,,,,,,,,,,,,,,,,,,,,,,,20681123,,,,,,,,,,
,,,,,,,,,,,,,,20660101,,20540416,,,,,,,,,,,,,,,,,,,,,,,,,,,,,,,,,,,,,,,,,,,,,,,,,,,,,,,,,,,,,,,,,,,,,,,,,,,,,,,,,,,,,,,,,,,,20681231,,,,,,,,,,
,,,,,,,,,,,,,,20660209,,20540420,,,,,,,,,,,,,,,,,,,,,,,,,,,,,,,,,,,,,,,,,,,,,,,,,,,,,,,,,,,,,,,,,,,,,,,,,,,,,,,,,,,,,,,,,,,,20690101,,,,,,,,,,
,,,,,,,,,,,,,,20660406,,20540501,,,,,,,,,,,,,,,,,,,,,,,,,,,,,,,,,,,,,,,,,,,,,,,,,,,,,,,,,,,,,,,,,,,,,,,,,,,,,,,,,,,,,,,,,,,,,,,,,,,,,,
,,,,,,,,,,,,,,20660413,,20540521,,,,,,,,,,,,,,,,,,,,,,,,,,,,,,,,,,,,,,,,,,,,,,,,,,,,,,,,,,,,,,,,,,,,,,,,,,,,,,,,,,,,,,,,,,,,,,,,,,,,,,
,,,,,,,,,,,,,,20660414,,20540716,,,,,,,,,,,,,,,,,,,,,,,,,,,,,,,,,,,,,,,,,,,,,,,,,,,,,,,,,,,,,,,,,,,,,,,,,,,,,,,,,,,,,,,,,,,,,,,,,,,,,,
,,,,,,,,,,,,,,20660415,,20540815,,,,,,,,,,,,,,,,,,,,,,,,,,,,,,,,,,,,,,,,,,,,,,,,,,,,,,,,,,,,,,,,,,,,,,,,,,,,,,,,,,,,,,,,,,,,,,,,,,,,,,
,,,,,,,,,,,,,,20660503,,20540905,,,,,,,,,,,,,,,,,,,,,,,,,,,,,,,,,,,,,,,,,,,,,,,,,,,,,,,,,,,,,,,,,,,,,,,,,,,,,,,,,,,,,,,,,,,,,,,,,,,,,,
,,,,,,,,,,,,,,20660504,,20541002,,,,,,,,,,,,,,,,,,,,,,,,,,,,,,,,,,,,,,,,,,,,,,,,,,,,,,,,,,,,,,,,,,,,,,,,,,,,,,,,,,,,,,,,,,,,,,,,,,,,,,
,,,,,,,,,,,,,,20660510,,20541014,,,,,,,,,,,,,,,,,,,,,,,,,,,,,,,,,,,,,,,,,,,,,,,,,,,,,,,,,,,,,,,,,,,,,,,,,,,,,,,,,,,,,,,,,,,,,,,,,,,,,,
,,,,,,,,,,,,,,20660603,,20541030,,,,,,,,,,,,,,,,,,,,,,,,,,,,,,,,,,,,,,,,,,,,,,,,,,,,,,,,,,,,,,,,,,,,,,,,,,,,,,,,,,,,,,,,,,,,,,,,,,,,,,
,,,,,,,,,,,,,,20660706,,20541031,,,,,,,,,,,,,,,,,,,,,,,,,,,,,,,,,,,,,,,,,,,,,,,,,,,,,,,,,,,,,,,,,,,,,,,,,,,,,,,,,,,,,,,,,,,,,,,,,,,,,,
,,,,,,,,,,,,,,20660728,,20541225,,,,,,,,,,,,,,,,,,,,,,,,,,,,,,,,,,,,,,,,,,,,,,,,,,,,,,,,,,,,,,,,,,,,,,,,,,,,,,,,,,,,,,,,,,,,,,,,,,,,,,
,,,,,,,,,,,,,,20660812,,20550126,,,,,,,,,,,,,,,,,,,,,,,,,,,,,,,,,,,,,,,,,,,,,,,,,,,,,,,,,,,,,,,,,,,,,,,,,,,,,,,,,,,,,,,,,,,,,,,,,,,,,,
,,,,,,,,,,,,,,20661013,,20550219,,,,,,,,,,,,,,,,,,,,,,,,,,,,,,,,,,,,,,,,,,,,,,,,,,,,,,,,,,,,,,,,,,,,,,,,,,,,,,,,,,,,,,,,,,,,,,,,,,,,,,
,,,,,,,,,,,,,,20661025,,20550224,,,,,,,,,,,,,,,,,,,,,,,,,,,,,,,,,,,,,,,,,,,,,,,,,,,,,,,,,,,,,,,,,,,,,,,,,,,,,,,,,,,,,,,,,,,,,,,,,,,,,,
,,,,,,,,,,,,,,20661206,,20550329,,,,,,,,,,,,,,,,,,,,,,,,,,,,,,,,,,,,,,,,,,,,,,,,,,,,,,,,,,,,,,,,,,,,,,,,,,,,,,,,,,,,,,,,,,,,,,,,,,,,,,
,,,,,,,,,,,,,,20661210,,20550401,,,,,,,,,,,,,,,,,,,,,,,,,,,,,,,,,,,,,,,,,,,,,,,,,,,,,,,,,,,,,,,,,,,,,,,,,,,,,,,,,,,,,,,,,,,,,,,,,,,,,,
,,,,,,,,,,,,,,20661231,,20550406,,,,,,,,,,,,,,,,,,,,,,,,,,,,,,,,,,,,,,,,,,,,,,,,,,,,,,,,,,,,,,,,,,,,,,,,,,,,,,,,,,,,,,,,,,,,,,,,,,,,,,
,,,,,,,,,,,,,,20670103,,20550414,,,,,,,,,,,,,,,,,,,,,,,,,,,,,,,,,,,,,,,,,,,,,,,,,,,,,,,,,,,,,,,,,,,,,,,,,,,,,,,,,,,,,,,,,,,,,,,,,,,,,,
,,,,,,,,,,,,,,20670228,,20550416,,,,,,,,,,,,,,,,,,,,,,,,,,,,,,,,,,,,,,,,,,,,,,,,,,,,,,,,,,,,,,,,,,,,,,,,,,,,,,,,,,,,,,,,,,,,,,,,,,,,,,
,,,,,,,,,,,,,,20670406,,20550429,,,,,,,,,,,,,,,,,,,,,,,,,,,,,,,,,,,,,,,,,,,,,,,,,,,,,,,,,,,,,,,,,,,,,,,,,,,,,,,,,,,,,,,,,,,,,,,,,,,,,,
,,,,,,,,,,,,,,20670413,,20550501,,,,,,,,,,,,,,,,,,,,,,,,,,,,,,,,,,,,,,,,,,,,,,,,,,,,,,,,,,,,,,,,,,,,,,,,,,,,,,,,,,,,,,,,,,,,,,,,,,,,,,
,,,,,,,,,,,,,,20670414,,20550511,,,,,,,,,,,,,,,,,,,,,,,,,,,,,,,,,,,,,,,,,,,,,,,,,,,,,,,,,,,,,,,,,,,,,,,,,,,,,,,,,,,,,,,,,,,,,,,,,,,,,,
,,,,,,,,,,,,,,20670415,,20550706,,,,,,,,,,,,,,,,,,,,,,,,,,,,,,,,,,,,,,,,,,,,,,,,,,,,,,,,,,,,,,,,,,,,,,,,,,,,,,,,,,,,,,,,,,,,,,,,,,,,,,
,,,,,,,,,,,,,,20670502,,20550804,,,,,,,,,,,,,,,,,,,,,,,,,,,,,,,,,,,,,,,,,,,,,,,,,,,,,,,,,,,,,,,,,,,,,,,,,,,,,,,,,,,,,,,,,,,,,,,,,,,,,,
,,,,,,,,,,,,,,20670504,,20550825,,,,,,,,,,,,,,,,,,,,,,,,,,,,,,,,,,,,,,,,,,,,,,,,,,,,,,,,,,,,,,,,,,,,,,,,,,,,,,,,,,,,,,,,,,,,,,,,,,,,,,
,,,,,,,,,,,,,,20670527,,20550929,,,,,,,,,,,,,,,,,,,,,,,,,,,,,,,,,,,,,,,,,,,,,,,,,,,,,,,,,,,,,,,,,,,,,,,,,,,,,,,,,,,,,,,,,,,,,,,,,,,,,,
,,,,,,,,,,,,,,20670603,,20551002,,,,,,,,,,,,,,,,,,,,,,,,,,,,,,,,,,,,,,,,,,,,,,,,,,,,,,,,,,,,,,,,,,,,,,,,,,,,,,,,,,,,,,,,,,,,,,,,,,,,,,
,,,,,,,,,,,,,,20670726,,20551004,,,,,,,,,,,,,,,,,,,,,,,,,,,,,,,,,,,,,,,,,,,,,,,,,,,,,,,,,,,,,,,,,,,,,,,,,,,,,,,,,,,,,,,,,,,,,,,,,,,,,,
,,,,,,,,,,,,,,20670728,,20551020,,,,,,,,,,,,,,,,,,,,,,,,,,,,,,,,,,,,,,,,,,,,,,,,,,,,,,,,,,,,,,,,,,,,,,,,,,,,,,,,,,,,,,,,,,,,,,,,,,,,,,
,,,,,,,,,,,,,,20670812,,20551021,,,,,,,,,,,,,,,,,,,,,,,,,,,,,,,,,,,,,,,,,,,,,,,,,,,,,,,,,,,,,,,,,,,,,,,,,,,,,,,,,,,,,,,,,,,,,,,,,,,,,,
,,,,,,,,,,,,,,20671013,,20551104,,,,,,,,,,,,,,,,,,,,,,,,,,,,,,,,,,,,,,,,,,,,,,,,,,,,,,,,,,,,,,,,,,,,,,,,,,,,,,,,,,,,,,,,,,,,,,,,,,,,,,
,,,,,,,,,,,,,,20671024,,20560126,,,,,,,,,,,,,,,,,,,,,,,,,,,,,,,,,,,,,,,,,,,,,,,,,,,,,,,,,,,,,,,,,,,,,,,,,,,,,,,,,,,,,,,,,,,,,,,,,,,,,,
,,,,,,,,,,,,,,20671205,,20560219,,,,,,,,,,,,,,,,,,,,,,,,,,,,,,,,,,,,,,,,,,,,,,,,,,,,,,,,,,,,,,,,,,,,,,,,,,,,,,,,,,,,,,,,,,,,,,,,,,,,,,
,,,,,,,,,,,,,,20671212,,20560302,,,,,,,,,,,,,,,,,,,,,,,,,,,,,,,,,,,,,,,,,,,,,,,,,,,,,,,,,,,,,,,,,,,,,,,,,,,,,,,,,,,,,,,,,,,,,,,,,,,,,,
,,,,,,,,,,,,,,20680102,,20560317,,,,,,,,,,,,,,,,,,,,,,,,,,,,,,,,,,,,,,,,,,,,,,,,,,,,,,,,,,,,,,,,,,,,,,,,,,,,,,,,,,,,,,,,,,,,,,,,,,,,,,
,,,,,,,,,,,,,,20680220,,20560329,,,,,,,,,,,,,,,,,,,,,,,,,,,,,,,,,,,,,,,,,,,,,,,,,,,,,,,,,,,,,,,,,,,,,,,,,,,,,,,,,,,,,,,,,,,,,,,,,,,,,,
,,,,,,,,,,,,,,20680406,,20560331,,,,,,,,,,,,,,,,,,,,,,,,,,,,,,,,,,,,,,,,,,,,,,,,,,,,,,,,,,,,,,,,,,,,,,,,,,,,,,,,,,,,,,,,,,,,,,,,,,,,,,
,,,,,,,,,,,,,,20680413,,20560401,,,,,,,,,,,,,,,,,,,,,,,,,,,,,,,,,,,,,,,,,,,,,,,,,,,,,,,,,,,,,,,,,,,,,,,,,,,,,,,,,,,,,,,,,,,,,,,,,,,,,,
,,,,,,,,,,,,,,20680416,,20560414,,,,,,,,,,,,,,,,,,,,,,,,,,,,,,,,,,,,,,,,,,,,,,,,,,,,,,,,,,,,,,,,,,,,,,,,,,,,,,,,,,,,,,,,,,,,,,,,,,,,,,
,,,,,,,,,,,,,,20680501,,20560417,,,,,,,,,,,,,,,,,,,,,,,,,,,,,,,,,,,,,,,,,,,,,,,,,,,,,,,,,,,,,,,,,,,,,,,,,,,,,,,,,,,,,,,,,,,,,,,,,,,,,,
,,,,,,,,,,,,,,20680504,,20560501,,,,,,,,,,,,,,,,,,,,,,,,,,,,,,,,,,,,,,,,,,,,,,,,,,,,,,,,,,,,,,,,,,,,,,,,,,,,,,,,,,,,,,,,,,,,,,,,,,,,,,
,,,,,,,,,,,,,,20680516,,20560529,,,,,,,,,,,,,,,,,,,,,,,,,,,,,,,,,,,,,,,,,,,,,,,,,,,,,,,,,,,,,,,,,,,,,,,,,,,,,,,,,,,,,,,,,,,,,,,,,,,,,,
,,,,,,,,,,,,,,20680604,,20560724,,,,,,,,,,,,,,,,,,,,,,,,,,,,,,,,,,,,,,,,,,,,,,,,,,,,,,,,,,,,,,,,,,,,,,,,,,,,,,,,,,,,,,,,,,,,,,,,,,,,,,
,,,,,,,,,,,,,,20680716,,20560807,,,,,,,,,,,,,,,,,,,,,,,,,,,,,,,,,,,,,,,,,,,,,,,,,,,,,,,,,,,,,,,,,,,,,,,,,,,,,,,,,,,,,,,,,,,,,,,,,,,,,,
,,,,,,,,,,,,,,20680730,,20560815,,,,,,,,,,,,,,,,,,,,,,,,,,,,,,,,,,,,,,,,,,,,,,,,,,,,,,,,,,,,,,,,,,,,,,,,,,,,,,,,,,,,,,,,,,,,,,,,,,,,,,
,,,,,,,,,,,,,,20680813,,20560913,,,,,,,,,,,,,,,,,,,,,,,,,,,,,,,,,,,,,,,,,,,,,,,,,,,,,,,,,,,,,,,,,,,,,,,,,,,,,,,,,,,,,,,,,,,,,,,,,,,,,,
,,,,,,,,,,,,,,20681015,,20561002,,,,,,,,,,,,,,,,,,,,,,,,,,,,,,,,,,,,,,,,,,,,,,,,,,,,,,,,,,,,,,,,,,,,,,,,,,,,,,,,,,,,,,,,,,,,,,,,,,,,,,
,,,,,,,,,,,,,,20681023,,20561017,,,,,,,,,,,,,,,,,,,,,,,,,,,,,,,,,,,,,,,,,,,,,,,,,,,,,,,,,,,,,,,,,,,,,,,,,,,,,,,,,,,,,,,,,,,,,,,,,,,,,,
,,,,,,,,,,,,,,20681205,,20561107,,,,,,,,,,,,,,,,,,,,,,,,,,,,,,,,,,,,,,,,,,,,,,,,,,,,,,,,,,,,,,,,,,,,,,,,,,,,,,,,,,,,,,,,,,,,,,,,,,,,,,
,,,,,,,,,,,,,,20681210,,20561108,,,,,,,,,,,,,,,,,,,,,,,,,,,,,,,,,,,,,,,,,,,,,,,,,,,,,,,,,,,,,,,,,,,,,,,,,,,,,,,,,,,,,,,,,,,,,,,,,,,,,,
,,,,,,,,,,,,,,20681231,,20561122,,,,,,,,,,,,,,,,,,,,,,,,,,,,,,,,,,,,,,,,,,,,,,,,,,,,,,,,,,,,,,,,,,,,,,,,,,,,,,,,,,,,,,,,,,,,,,,,,,,,,,
,,,,,,,,,,,,,,20690101,,20561225,,,,,,,,,,,,,,,,,,,,,,,,,,,,,,,,,,,,,,,,,,,,,,,,,,,,,,,,,,,,,,,,,,,,,,,,,,,,,,,,,,,,,,,,,,,,,,,,,,,,,,
,,,,,,,,,,,,,,,,20570126,,,,,,,,,,,,,,,,,,,,,,,,,,,,,,,,,,,,,,,,,,,,,,,,,,,,,,,,,,,,,,,,,,,,,,,,,,,,,,,,,,,,,,,,,,,,,,,,,,,,,,
,,,,,,,,,,,,,,,,20570219,,,,,,,,,,,,,,,,,,,,,,,,,,,,,,,,,,,,,,,,,,,,,,,,,,,,,,,,,,,,,,,,,,,,,,,,,,,,,,,,,,,,,,,,,,,,,,,,,,,,,,
,,,,,,,,,,,,,,,,20570303,,,,,,,,,,,,,,,,,,,,,,,,,,,,,,,,,,,,,,,,,,,,,,,,,,,,,,,,,,,,,,,,,,,,,,,,,,,,,,,,,,,,,,,,,,,,,,,,,,,,,,
,,,,,,,,,,,,,,,,20570321,,,,,,,,,,,,,,,,,,,,,,,,,,,,,,,,,,,,,,,,,,,,,,,,,,,,,,,,,,,,,,,,,,,,,,,,,,,,,,,,,,,,,,,,,,,,,,,,,,,,,,
,,,,,,,,,,,,,,,,20570402,,,,,,,,,,,,,,,,,,,,,,,,,,,,,,,,,,,,,,,,,,,,,,,,,,,,,,,,,,,,,,,,,,,,,,,,,,,,,,,,,,,,,,,,,,,,,,,,,,,,,,
,,,,,,,,,,,,,,,,20570405,,,,,,,,,,,,,,,,,,,,,,,,,,,,,,,,,,,,,,,,,,,,,,,,,,,,,,,,,,,,,,,,,,,,,,,,,,,,,,,,,,,,,,,,,,,,,,,,,,,,,,
,,,,,,,,,,,,,,,,20570406,,,,,,,,,,,,,,,,,,,,,,,,,,,,,,,,,,,,,,,,,,,,,,,,,,,,,,,,,,,,,,,,,,,,,,,,,,,,,,,,,,,,,,,,,,,,,,,,,,,,,,
,,,,,,,,,,,,,,,,20570413,,,,,,,,,,,,,,,,,,,,,,,,,,,,,,,,,,,,,,,,,,,,,,,,,,,,,,,,,,,,,,,,,,,,,,,,,,,,,,,,,,,,,,,,,,,,,,,,,,,,,,
,,,,,,,,,,,,,,,,20570417,,,,,,,,,,,,,,,,,,,,,,,,,,,,,,,,,,,,,,,,,,,,,,,,,,,,,,,,,,,,,,,,,,,,,,,,,,,,,,,,,,,,,,,,,,,,,,,,,,,,,,
,,,,,,,,,,,,,,,,20570420,,,,,,,,,,,,,,,,,,,,,,,,,,,,,,,,,,,,,,,,,,,,,,,,,,,,,,,,,,,,,,,,,,,,,,,,,,,,,,,,,,,,,,,,,,,,,,,,,,,,,,
,,,,,,,,,,,,,,,,20570501,,,,,,,,,,,,,,,,,,,,,,,,,,,,,,,,,,,,,,,,,,,,,,,,,,,,,,,,,,,,,,,,,,,,,,,,,,,,,,,,,,,,,,,,,,,,,,,,,,,,,,
,,,,,,,,,,,,,,,,20570518,,,,,,,,,,,,,,,,,,,,,,,,,,,,,,,,,,,,,,,,,,,,,,,,,,,,,,,,,,,,,,,,,,,,,,,,,,,,,,,,,,,,,,,,,,,,,,,,,,,,,,
,,,,,,,,,,,,,,,,20570613,,,,,,,,,,,,,,,,,,,,,,,,,,,,,,,,,,,,,,,,,,,,,,,,,,,,,,,,,,,,,,,,,,,,,,,,,,,,,,,,,,,,,,,,,,,,,,,,,,,,,,
,,,,,,,,,,,,,,,,20570713,,,,,,,,,,,,,,,,,,,,,,,,,,,,,,,,,,,,,,,,,,,,,,,,,,,,,,,,,,,,,,,,,,,,,,,,,,,,,,,,,,,,,,,,,,,,,,,,,,,,,,
,,,,,,,,,,,,,,,,20570807,,,,,,,,,,,,,,,,,,,,,,,,,,,,,,,,,,,,,,,,,,,,,,,,,,,,,,,,,,,,,,,,,,,,,,,,,,,,,,,,,,,,,,,,,,,,,,,,,,,,,,
,,,,,,,,,,,,,,,,20570815,,,,,,,,,,,,,,,,,,,,,,,,,,,,,,,,,,,,,,,,,,,,,,,,,,,,,,,,,,,,,,,,,,,,,,,,,,,,,,,,,,,,,,,,,,,,,,,,,,,,,,
,,,,,,,,,,,,,,,,20570912,,,,,,,,,,,,,,,,,,,,,,,,,,,,,,,,,,,,,,,,,,,,,,,,,,,,,,,,,,,,,,,,,,,,,,,,,,,,,,,,,,,,,,,,,,,,,,,,,,,,,,
,,,,,,,,,,,,,,,,20571002,,,,,,,,,,,,,,,,,,,,,,,,,,,,,,,,,,,,,,,,,,,,,,,,,,,,,,,,,,,,,,,,,,,,,,,,,,,,,,,,,,,,,,,,,,,,,,,,,,,,,,
,,,,,,,,,,,,,,,,20571225,,,,,,,,,,,,,,,,,,,,,,,,,,,,,,,,,,,,,,,,,,,,,,,,,,,,,,,,,,,,,,,,,,,,,,,,,,,,,,,,,,,,,,,,,,,,,,,,,,,,,,
,,,,,,,,,,,,,,,,20580219,,,,,,,,,,,,,,,,,,,,,,,,,,,,,,,,,,,,,,,,,,,,,,,,,,,,,,,,,,,,,,,,,,,,,,,,,,,,,,,,,,,,,,,,,,,,,,,,,,,,,,
,,,,,,,,,,,,,,,,20580221,,,,,,,,,,,,,,,,,,,,,,,,,,,,,,,,,,,,,,,,,,,,,,,,,,,,,,,,,,,,,,,,,,,,,,,,,,,,,,,,,,,,,,,,,,,,,,,,,,,,,,
,,,,,,,,,,,,,,,,20580325,,,,,,,,,,,,,,,,,,,,,,,,,,,,,,,,,,,,,,,,,,,,,,,,,,,,,,,,,,,,,,,,,,,,,,,,,,,,,,,,,,,,,,,,,,,,,,,,,,,,,,
,,,,,,,,,,,,,,,,20580326,,,,,,,,,,,,,,,,,,,,,,,,,,,,,,,,,,,,,,,,,,,,,,,,,,,,,,,,,,,,,,,,,,,,,,,,,,,,,,,,,,,,,,,,,,,,,,,,,,,,,,
,,,,,,,,,,,,,,,,20580401,,,,,,,,,,,,,,,,,,,,,,,,,,,,,,,,,,,,,,,,,,,,,,,,,,,,,,,,,,,,,,,,,,,,,,,,,,,,,,,,,,,,,,,,,,,,,,,,,,,,,,
,,,,,,,,,,,,,,,,20580402,,,,,,,,,,,,,,,,,,,,,,,,,,,,,,,,,,,,,,,,,,,,,,,,,,,,,,,,,,,,,,,,,,,,,,,,,,,,,,,,,,,,,,,,,,,,,,,,,,,,,,
,,,,,,,,,,,,,,,,20580406,,,,,,,,,,,,,,,,,,,,,,,,,,,,,,,,,,,,,,,,,,,,,,,,,,,,,,,,,,,,,,,,,,,,,,,,,,,,,,,,,,,,,,,,,,,,,,,,,,,,,,
,,,,,,,,,,,,,,,,20580412,,,,,,,,,,,,,,,,,,,,,,,,,,,,,,,,,,,,,,,,,,,,,,,,,,,,,,,,,,,,,,,,,,,,,,,,,,,,,,,,,,,,,,,,,,,,,,,,,,,,,,
,,,,,,,,,,,,,,,,20580501,,,,,,,,,,,,,,,,,,,,,,,,,,,,,,,,,,,,,,,,,,,,,,,,,,,,,,,,,,,,,,,,,,,,,,,,,,,,,,,,,,,,,,,,,,,,,,,,,,,,,,
,,,,,,,,,,,,,,,,20580508,,,,,,,,,,,,,,,,,,,,,,,,,,,,,,,,,,,,,,,,,,,,,,,,,,,,,,,,,,,,,,,,,,,,,,,,,,,,,,,,,,,,,,,,,,,,,,,,,,,,,,
,,,,,,,,,,,,,,,,20580702,,,,,,,,,,,,,,,,,,,,,,,,,,,,,,,,,,,,,,,,,,,,,,,,,,,,,,,,,,,,,,,,,,,,,,,,,,,,,,,,,,,,,,,,,,,,,,,,,,,,,,
,,,,,,,,,,,,,,,,20580807,,,,,,,,,,,,,,,,,,,,,,,,,,,,,,,,,,,,,,,,,,,,,,,,,,,,,,,,,,,,,,,,,,,,,,,,,,,,,,,,,,,,,,,,,,,,,,,,,,,,,,
,,,,,,,,,,,,,,,,20580815,,,,,,,,,,,,,,,,,,,,,,,,,,,,,,,,,,,,,,,,,,,,,,,,,,,,,,,,,,,,,,,,,,,,,,,,,,,,,,,,,,,,,,,,,,,,,,,,,,,,,,
,,,,,,,,,,,,,,,,20580823,,,,,,,,,,,,,,,,,,,,,,,,,,,,,,,,,,,,,,,,,,,,,,,,,,,,,,,,,,,,,,,,,,,,,,,,,,,,,,,,,,,,,,,,,,,,,,,,,,,,,,
,,,,,,,,,,,,,,,,20581002,,,,,,,,,,,,,,,,,,,,,,,,,,,,,,,,,,,,,,,,,,,,,,,,,,,,,,,,,,,,,,,,,,,,,,,,,,,,,,,,,,,,,,,,,,,,,,,,,,,,,,
,,,,,,,,,,,,,,,,20581115,,,,,,,,,,,,,,,,,,,,,,,,,,,,,,,,,,,,,,,,,,,,,,,,,,,,,,,,,,,,,,,,,,,,,,,,,,,,,,,,,,,,,,,,,,,,,,,,,,,,,,
,,,,,,,,,,,,,,,,20581116,,,,,,,,,,,,,,,,,,,,,,,,,,,,,,,,,,,,,,,,,,,,,,,,,,,,,,,,,,,,,,,,,,,,,,,,,,,,,,,,,,,,,,,,,,,,,,,,,,,,,,
,,,,,,,,,,,,,,,,20581130,,,,,,,,,,,,,,,,,,,,,,,,,,,,,,,,,,,,,,,,,,,,,,,,,,,,,,,,,,,,,,,,,,,,,,,,,,,,,,,,,,,,,,,,,,,,,,,,,,,,,,
,,,,,,,,,,,,,,,,20581225,,,,,,,,,,,,,,,,,,,,,,,,,,,,,,,,,,,,,,,,,,,,,,,,,,,,,,,,,,,,,,,,,,,,,,,,,,,,,,,,,,,,,,,,,,,,,,,,,,,,,,
,,,,,,,,,,,,,,,,20590219,,,,,,,,,,,,,,,,,,,,,,,,,,,,,,,,,,,,,,,,,,,,,,,,,,,,,,,,,,,,,,,,,,,,,,,,,,,,,,,,,,,,,,,,,,,,,,,,,,,,,,
,,,,,,,,,,,,,,,,20590312,,,,,,,,,,,,,,,,,,,,,,,,,,,,,,,,,,,,,,,,,,,,,,,,,,,,,,,,,,,,,,,,,,,,,,,,,,,,,,,,,,,,,,,,,,,,,,,,,,,,,,
,,,,,,,,,,,,,,,,20590328,,,,,,,,,,,,,,,,,,,,,,,,,,,,,,,,,,,,,,,,,,,,,,,,,,,,,,,,,,,,,,,,,,,,,,,,,,,,,,,,,,,,,,,,,,,,,,,,,,,,,,
,,,,,,,,,,,,,,,,20590329,,,,,,,,,,,,,,,,,,,,,,,,,,,,,,,,,,,,,,,,,,,,,,,,,,,,,,,,,,,,,,,,,,,,,,,,,,,,,,,,,,,,,,,,,,,,,,,,,,,,,,
,,,,,,,,,,,,,,,,20590401,,,,,,,,,,,,,,,,,,,,,,,,,,,,,,,,,,,,,,,,,,,,,,,,,,,,,,,,,,,,,,,,,,,,,,,,,,,,,,,,,,,,,,,,,,,,,,,,,,,,,,
,,,,,,,,,,,,,,,,20590414,,,,,,,,,,,,,,,,,,,,,,,,,,,,,,,,,,,,,,,,,,,,,,,,,,,,,,,,,,,,,,,,,,,,,,,,,,,,,,,,,,,,,,,,,,,,,,,,,,,,,,
,,,,,,,,,,,,,,,,20590421,,,,,,,,,,,,,,,,,,,,,,,,,,,,,,,,,,,,,,,,,,,,,,,,,,,,,,,,,,,,,,,,,,,,,,,,,,,,,,,,,,,,,,,,,,,,,,,,,,,,,,
,,,,,,,,,,,,,,,,20590425,,,,,,,,,,,,,,,,,,,,,,,,,,,,,,,,,,,,,,,,,,,,,,,,,,,,,,,,,,,,,,,,,,,,,,,,,,,,,,,,,,,,,,,,,,,,,,,,,,,,,,
,,,,,,,,,,,,,,,,20590501,,,,,,,,,,,,,,,,,,,,,,,,,,,,,,,,,,,,,,,,,,,,,,,,,,,,,,,,,,,,,,,,,,,,,,,,,,,,,,,,,,,,,,,,,,,,,,,,,,,,,,
,,,,,,,,,,,,,,,,20590523,,,,,,,,,,,,,,,,,,,,,,,,,,,,,,,,,,,,,,,,,,,,,,,,,,,,,,,,,,,,,,,,,,,,,,,,,,,,,,,,,,,,,,,,,,,,,,,,,,,,,,
,,,,,,,,,,,,,,,,20590527,,,,,,,,,,,,,,,,,,,,,,,,,,,,,,,,,,,,,,,,,,,,,,,,,,,,,,,,,,,,,,,,,,,,,,,,,,,,,,,,,,,,,,,,,,,,,,,,,,,,,,
,,,,,,,,,,,,,,,,20590621,,,,,,,,,,,,,,,,,,,,,,,,,,,,,,,,,,,,,,,,,,,,,,,,,,,,,,,,,,,,,,,,,,,,,,,,,,,,,,,,,,,,,,,,,,,,,,,,,,,,,,
,,,,,,,,,,,,,,,,20590807,,,,,,,,,,,,,,,,,,,,,,,,,,,,,,,,,,,,,,,,,,,,,,,,,,,,,,,,,,,,,,,,,,,,,,,,,,,,,,,,,,,,,,,,,,,,,,,,,,,,,,
,,,,,,,,,,,,,,,,20590815,,,,,,,,,,,,,,,,,,,,,,,,,,,,,,,,,,,,,,,,,,,,,,,,,,,,,,,,,,,,,,,,,,,,,,,,,,,,,,,,,,,,,,,,,,,,,,,,,,,,,,
,,,,,,,,,,,,,,,,20590821,,,,,,,,,,,,,,,,,,,,,,,,,,,,,,,,,,,,,,,,,,,,,,,,,,,,,,,,,,,,,,,,,,,,,,,,,,,,,,,,,,,,,,,,,,,,,,,,,,,,,,
,,,,,,,,,,,,,,,,20590911,,,,,,,,,,,,,,,,,,,,,,,,,,,,,,,,,,,,,,,,,,,,,,,,,,,,,,,,,,,,,,,,,,,,,,,,,,,,,,,,,,,,,,,,,,,,,,,,,,,,,,
,,,,,,,,,,,,,,,,20591002,,,,,,,,,,,,,,,,,,,,,,,,,,,,,,,,,,,,,,,,,,,,,,,,,,,,,,,,,,,,,,,,,,,,,,,,,,,,,,,,,,,,,,,,,,,,,,,,,,,,,,
,,,,,,,,,,,,,,,,20591016,,,,,,,,,,,,,,,,,,,,,,,,,,,,,,,,,,,,,,,,,,,,,,,,,,,,,,,,,,,,,,,,,,,,,,,,,,,,,,,,,,,,,,,,,,,,,,,,,,,,,,
,,,,,,,,,,,,,,,,20591104,,,,,,,,,,,,,,,,,,,,,,,,,,,,,,,,,,,,,,,,,,,,,,,,,,,,,,,,,,,,,,,,,,,,,,,,,,,,,,,,,,,,,,,,,,,,,,,,,,,,,,
,,,,,,,,,,,,,,,,20591106,,,,,,,,,,,,,,,,,,,,,,,,,,,,,,,,,,,,,,,,,,,,,,,,,,,,,,,,,,,,,,,,,,,,,,,,,,,,,,,,,,,,,,,,,,,,,,,,,,,,,,
,,,,,,,,,,,,,,,,20591119,,,,,,,,,,,,,,,,,,,,,,,,,,,,,,,,,,,,,,,,,,,,,,,,,,,,,,,,,,,,,,,,,,,,,,,,,,,,,,,,,,,,,,,,,,,,,,,,,,,,,,
,,,,,,,,,,,,,,,,20591225,,,,,,,,,,,,,,,,,,,,,,,,,,,,,,,,,,,,,,,,,,,,,,,,,,,,,,,,,,,,,,,,,,,,,,,,,,,,,,,,,,,,,,,,,,,,,,,,,,,,,,
,,,,,,,,,,,,,,,,20600126,,,,,,,,,,,,,,,,,,,,,,,,,,,,,,,,,,,,,,,,,,,,,,,,,,,,,,,,,,,,,,,,,,,,,,,,,,,,,,,,,,,,,,,,,,,,,,,,,,,,,,
,,,,,,,,,,,,,,,,20600219,,,,,,,,,,,,,,,,,,,,,,,,,,,,,,,,,,,,,,,,,,,,,,,,,,,,,,,,,,,,,,,,,,,,,,,,,,,,,,,,,,,,,,,,,,,,,,,,,,,,,,
,,,,,,,,,,,,,,,,20600301,,,,,,,,,,,,,,,,,,,,,,,,,,,,,,,,,,,,,,,,,,,,,,,,,,,,,,,,,,,,,,,,,,,,,,,,,,,,,,,,,,,,,,,,,,,,,,,,,,,,,,
,,,,,,,,,,,,,,,,20600304,,,,,,,,,,,,,,,,,,,,,,,,,,,,,,,,,,,,,,,,,,,,,,,,,,,,,,,,,,,,,,,,,,,,,,,,,,,,,,,,,,,,,,,,,,,,,,,,,,,,,,
,,,,,,,,,,,,,,,,20600317,,,,,,,,,,,,,,,,,,,,,,,,,,,,,,,,,,,,,,,,,,,,,,,,,,,,,,,,,,,,,,,,,,,,,,,,,,,,,,,,,,,,,,,,,,,,,,,,,,,,,,
,,,,,,,,,,,,,,,,20600401,,,,,,,,,,,,,,,,,,,,,,,,,,,,,,,,,,,,,,,,,,,,,,,,,,,,,,,,,,,,,,,,,,,,,,,,,,,,,,,,,,,,,,,,,,,,,,,,,,,,,,
,,,,,,,,,,,,,,,,20600402,,,,,,,,,,,,,,,,,,,,,,,,,,,,,,,,,,,,,,,,,,,,,,,,,,,,,,,,,,,,,,,,,,,,,,,,,,,,,,,,,,,,,,,,,,,,,,,,,,,,,,
,,,,,,,,,,,,,,,,20600409,,,,,,,,,,,,,,,,,,,,,,,,,,,,,,,,,,,,,,,,,,,,,,,,,,,,,,,,,,,,,,,,,,,,,,,,,,,,,,,,,,,,,,,,,,,,,,,,,,,,,,
,,,,,,,,,,,,,,,,20600413,,,,,,,,,,,,,,,,,,,,,,,,,,,,,,,,,,,,,,,,,,,,,,,,,,,,,,,,,,,,,,,,,,,,,,,,,,,,,,,,,,,,,,,,,,,,,,,,,,,,,,
,,,,,,,,,,,,,,,,20600414,,,,,,,,,,,,,,,,,,,,,,,,,,,,,,,,,,,,,,,,,,,,,,,,,,,,,,,,,,,,,,,,,,,,,,,,,,,,,,,,,,,,,,,,,,,,,,,,,,,,,,
,,,,,,,,,,,,,,,,20600416,,,,,,,,,,,,,,,,,,,,,,,,,,,,,,,,,,,,,,,,,,,,,,,,,,,,,,,,,,,,,,,,,,,,,,,,,,,,,,,,,,,,,,,,,,,,,,,,,,,,,,
,,,,,,,,,,,,,,,,20600501,,,,,,,,,,,,,,,,,,,,,,,,,,,,,,,,,,,,,,,,,,,,,,,,,,,,,,,,,,,,,,,,,,,,,,,,,,,,,,,,,,,,,,,,,,,,,,,,,,,,,,
,,,,,,,,,,,,,,,,20600511,,,,,,,,,,,,,,,,,,,,,,,,,,,,,,,,,,,,,,,,,,,,,,,,,,,,,,,,,,,,,,,,,,,,,,,,,,,,,,,,,,,,,,,,,,,,,,,,,,,,,,
,,,,,,,,,,,,,,,,20600515,,,,,,,,,,,,,,,,,,,,,,,,,,,,,,,,,,,,,,,,,,,,,,,,,,,,,,,,,,,,,,,,,,,,,,,,,,,,,,,,,,,,,,,,,,,,,,,,,,,,,,
,,,,,,,,,,,,,,,,20600610,,,,,,,,,,,,,,,,,,,,,,,,,,,,,,,,,,,,,,,,,,,,,,,,,,,,,,,,,,,,,,,,,,,,,,,,,,,,,,,,,,,,,,,,,,,,,,,,,,,,,,
,,,,,,,,,,,,,,,,20600806,,,,,,,,,,,,,,,,,,,,,,,,,,,,,,,,,,,,,,,,,,,,,,,,,,,,,,,,,,,,,,,,,,,,,,,,,,,,,,,,,,,,,,,,,,,,,,,,,,,,,,
,,,,,,,,,,,,,,,,20600809,,,,,,,,,,,,,,,,,,,,,,,,,,,,,,,,,,,,,,,,,,,,,,,,,,,,,,,,,,,,,,,,,,,,,,,,,,,,,,,,,,,,,,,,,,,,,,,,,,,,,,
,,,,,,,,,,,,,,,,20601002,,,,,,,,,,,,,,,,,,,,,,,,,,,,,,,,,,,,,,,,,,,,,,,,,,,,,,,,,,,,,,,,,,,,,,,,,,,,,,,,,,,,,,,,,,,,,,,,,,,,,,
,,,,,,,,,,,,,,,,20601004,,,,,,,,,,,,,,,,,,,,,,,,,,,,,,,,,,,,,,,,,,,,,,,,,,,,,,,,,,,,,,,,,,,,,,,,,,,,,,,,,,,,,,,,,,,,,,,,,,,,,,
,,,,,,,,,,,,,,,,20601025,,,,,,,,,,,,,,,,,,,,,,,,,,,,,,,,,,,,,,,,,,,,,,,,,,,,,,,,,,,,,,,,,,,,,,,,,,,,,,,,,,,,,,,,,,,,,,,,,,,,,,
,,,,,,,,,,,,,,,,20601108,,,,,,,,,,,,,,,,,,,,,,,,,,,,,,,,,,,,,,,,,,,,,,,,,,,,,,,,,,,,,,,,,,,,,,,,,,,,,,,,,,,,,,,,,,,,,,,,,,,,,,
,,,,,,,,,,,,,,,,20610126,,,,,,,,,,,,,,,,,,,,,,,,,,,,,,,,,,,,,,,,,,,,,,,,,,,,,,,,,,,,,,,,,,,,,,,,,,,,,,,,,,,,,,,,,,,,,,,,,,,,,,
,,,,,,,,,,,,,,,,20610218,,,,,,,,,,,,,,,,,,,,,,,,,,,,,,,,,,,,,,,,,,,,,,,,,,,,,,,,,,,,,,,,,,,,,,,,,,,,,,,,,,,,,,,,,,,,,,,,,,,,,,
,,,,,,,,,,,,,,,,20610219,,,,,,,,,,,,,,,,,,,,,,,,,,,,,,,,,,,,,,,,,,,,,,,,,,,,,,,,,,,,,,,,,,,,,,,,,,,,,,,,,,,,,,,,,,,,,,,,,,,,,,
,,,,,,,,,,,,,,,,20610222,,,,,,,,,,,,,,,,,,,,,,,,,,,,,,,,,,,,,,,,,,,,,,,,,,,,,,,,,,,,,,,,,,,,,,,,,,,,,,,,,,,,,,,,,,,,,,,,,,,,,,
,,,,,,,,,,,,,,,,20610322,,,,,,,,,,,,,,,,,,,,,,,,,,,,,,,,,,,,,,,,,,,,,,,,,,,,,,,,,,,,,,,,,,,,,,,,,,,,,,,,,,,,,,,,,,,,,,,,,,,,,,
,,,,,,,,,,,,,,,,20610329,,,,,,,,,,,,,,,,,,,,,,,,,,,,,,,,,,,,,,,,,,,,,,,,,,,,,,,,,,,,,,,,,,,,,,,,,,,,,,,,,,,,,,,,,,,,,,,,,,,,,,
,,,,,,,,,,,,,,,,20610401,,,,,,,,,,,,,,,,,,,,,,,,,,,,,,,,,,,,,,,,,,,,,,,,,,,,,,,,,,,,,,,,,,,,,,,,,,,,,,,,,,,,,,,,,,,,,,,,,,,,,,
,,,,,,,,,,,,,,,,20610402,,,,,,,,,,,,,,,,,,,,,,,,,,,,,,,,,,,,,,,,,,,,,,,,,,,,,,,,,,,,,,,,,,,,,,,,,,,,,,,,,,,,,,,,,,,,,,,,,,,,,,
,,,,,,,,,,,,,,,,20610408,,,,,,,,,,,,,,,,,,,,,,,,,,,,,,,,,,,,,,,,,,,,,,,,,,,,,,,,,,,,,,,,,,,,,,,,,,,,,,,,,,,,,,,,,,,,,,,,,,,,,,
,,,,,,,,,,,,,,,,20610414,,,,,,,,,,,,,,,,,,,,,,,,,,,,,,,,,,,,,,,,,,,,,,,,,,,,,,,,,,,,,,,,,,,,,,,,,,,,,,,,,,,,,,,,,,,,,,,,,,,,,,
,,,,,,,,,,,,,,,,20610504,,,,,,,,,,,,,,,,,,,,,,,,,,,,,,,,,,,,,,,,,,,,,,,,,,,,,,,,,,,,,,,,,,,,,,,,,,,,,,,,,,,,,,,,,,,,,,,,,,,,,,
,,,,,,,,,,,,,,,,20610530,,,,,,,,,,,,,,,,,,,,,,,,,,,,,,,,,,,,,,,,,,,,,,,,,,,,,,,,,,,,,,,,,,,,,,,,,,,,,,,,,,,,,,,,,,,,,,,,,,,,,,
,,,,,,,,,,,,,,,,20610730,,,,,,,,,,,,,,,,,,,,,,,,,,,,,,,,,,,,,,,,,,,,,,,,,,,,,,,,,,,,,,,,,,,,,,,,,,,,,,,,,,,,,,,,,,,,,,,,,,,,,,
,,,,,,,,,,,,,,,,20610806,,,,,,,,,,,,,,,,,,,,,,,,,,,,,,,,,,,,,,,,,,,,,,,,,,,,,,,,,,,,,,,,,,,,,,,,,,,,,,,,,,,,,,,,,,,,,,,,,,,,,,
,,,,,,,,,,,,,,,,20610815,,,,,,,,,,,,,,,,,,,,,,,,,,,,,,,,,,,,,,,,,,,,,,,,,,,,,,,,,,,,,,,,,,,,,,,,,,,,,,,,,,,,,,,,,,,,,,,,,,,,,,
,,,,,,,,,,,,,,,,20610917,,,,,,,,,,,,,,,,,,,,,,,,,,,,,,,,,,,,,,,,,,,,,,,,,,,,,,,,,,,,,,,,,,,,,,,,,,,,,,,,,,,,,,,,,,,,,,,,,,,,,,
,,,,,,,,,,,,,,,,20611111,,,,,,,,,,,,,,,,,,,,,,,,,,,,,,,,,,,,,,,,,,,,,,,,,,,,,,,,,,,,,,,,,,,,,,,,,,,,,,,,,,,,,,,,,,,,,,,,,,,,,,
,,,,,,,,,,,,,,,,20620126,,,,,,,,,,,,,,,,,,,,,,,,,,,,,,,,,,,,,,,,,,,,,,,,,,,,,,,,,,,,,,,,,,,,,,,,,,,,,,,,,,,,,,,,,,,,,,,,,,,,,,
,,,,,,,,,,,,,,,,20620309,,,,,,,,,,,,,,,,,,,,,,,,,,,,,,,,,,,,,,,,,,,,,,,,,,,,,,,,,,,,,,,,,,,,,,,,,,,,,,,,,,,,,,,,,,,,,,,,,,,,,,
,,,,,,,,,,,,,,,,20620324,,,,,,,,,,,,,,,,,,,,,,,,,,,,,,,,,,,,,,,,,,,,,,,,,,,,,,,,,,,,,,,,,,,,,,,,,,,,,,,,,,,,,,,,,,,,,,,,,,,,,,
,,,,,,,,,,,,,,,,20620401,,,,,,,,,,,,,,,,,,,,,,,,,,,,,,,,,,,,,,,,,,,,,,,,,,,,,,,,,,,,,,,,,,,,,,,,,,,,,,,,,,,,,,,,,,,,,,,,,,,,,,
,,,,,,,,,,,,,,,,20620410,,,,,,,,,,,,,,,,,,,,,,,,,,,,,,,,,,,,,,,,,,,,,,,,,,,,,,,,,,,,,,,,,,,,,,,,,,,,,,,,,,,,,,,,,,,,,,,,,,,,,,
,,,,,,,,,,,,,,,,20620414,,,,,,,,,,,,,,,,,,,,,,,,,,,,,,,,,,,,,,,,,,,,,,,,,,,,,,,,,,,,,,,,,,,,,,,,,,,,,,,,,,,,,,,,,,,,,,,,,,,,,,
,,,,,,,,,,,,,,,,20620417,,,,,,,,,,,,,,,,,,,,,,,,,,,,,,,,,,,,,,,,,,,,,,,,,,,,,,,,,,,,,,,,,,,,,,,,,,,,,,,,,,,,,,,,,,,,,,,,,,,,,,
,,,,,,,,,,,,,,,,20620421,,,,,,,,,,,,,,,,,,,,,,,,,,,,,,,,,,,,,,,,,,,,,,,,,,,,,,,,,,,,,,,,,,,,,,,,,,,,,,,,,,,,,,,,,,,,,,,,,,,,,,
,,,,,,,,,,,,,,,,20620501,,,,,,,,,,,,,,,,,,,,,,,,,,,,,,,,,,,,,,,,,,,,,,,,,,,,,,,,,,,,,,,,,,,,,,,,,,,,,,,,,,,,,,,,,,,,,,,,,,,,,,
,,,,,,,,,,,,,,,,20620520,,,,,,,,,,,,,,,,,,,,,,,,,,,,,,,,,,,,,,,,,,,,,,,,,,,,,,,,,,,,,,,,,,,,,,,,,,,,,,,,,,,,,,,,,,,,,,,,,,,,,,
,,,,,,,,,,,,,,,,20620523,,,,,,,,,,,,,,,,,,,,,,,,,,,,,,,,,,,,,,,,,,,,,,,,,,,,,,,,,,,,,,,,,,,,,,,,,,,,,,,,,,,,,,,,,,,,,,,,,,,,,,
,,,,,,,,,,,,,,,,20620719,,,,,,,,,,,,,,,,,,,,,,,,,,,,,,,,,,,,,,,,,,,,,,,,,,,,,,,,,,,,,,,,,,,,,,,,,,,,,,,,,,,,,,,,,,,,,,,,,,,,,,
,,,,,,,,,,,,,,,,20620815,,,,,,,,,,,,,,,,,,,,,,,,,,,,,,,,,,,,,,,,,,,,,,,,,,,,,,,,,,,,,,,,,,,,,,,,,,,,,,,,,,,,,,,,,,,,,,,,,,,,,,
,,,,,,,,,,,,,,,,20620906,,,,,,,,,,,,,,,,,,,,,,,,,,,,,,,,,,,,,,,,,,,,,,,,,,,,,,,,,,,,,,,,,,,,,,,,,,,,,,,,,,,,,,,,,,,,,,,,,,,,,,
,,,,,,,,,,,,,,,,20621002,,,,,,,,,,,,,,,,,,,,,,,,,,,,,,,,,,,,,,,,,,,,,,,,,,,,,,,,,,,,,,,,,,,,,,,,,,,,,,,,,,,,,,,,,,,,,,,,,,,,,,
,,,,,,,,,,,,,,,,20621012,,,,,,,,,,,,,,,,,,,,,,,,,,,,,,,,,,,,,,,,,,,,,,,,,,,,,,,,,,,,,,,,,,,,,,,,,,,,,,,,,,,,,,,,,,,,,,,,,,,,,,
,,,,,,,,,,,,,,,,20621031,,,,,,,,,,,,,,,,,,,,,,,,,,,,,,,,,,,,,,,,,,,,,,,,,,,,,,,,,,,,,,,,,,,,,,,,,,,,,,,,,,,,,,,,,,,,,,,,,,,,,,
,,,,,,,,,,,,,,,,20621102,,,,,,,,,,,,,,,,,,,,,,,,,,,,,,,,,,,,,,,,,,,,,,,,,,,,,,,,,,,,,,,,,,,,,,,,,,,,,,,,,,,,,,,,,,,,,,,,,,,,,,
,,,,,,,,,,,,,,,,20621116,,,,,,,,,,,,,,,,,,,,,,,,,,,,,,,,,,,,,,,,,,,,,,,,,,,,,,,,,,,,,,,,,,,,,,,,,,,,,,,,,,,,,,,,,,,,,,,,,,,,,,
,,,,,,,,,,,,,,,,20621225,,,,,,,,,,,,,,,,,,,,,,,,,,,,,,,,,,,,,,,,,,,,,,,,,,,,,,,,,,,,,,,,,,,,,,,,,,,,,,,,,,,,,,,,,,,,,,,,,,,,,,
,,,,,,,,,,,,,,,,20630126,,,,,,,,,,,,,,,,,,,,,,,,,,,,,,,,,,,,,,,,,,,,,,,,,,,,,,,,,,,,,,,,,,,,,,,,,,,,,,,,,,,,,,,,,,,,,,,,,,,,,,
,,,,,,,,,,,,,,,,20630201,,,,,,,,,,,,,,,,,,,,,,,,,,,,,,,,,,,,,,,,,,,,,,,,,,,,,,,,,,,,,,,,,,,,,,,,,,,,,,,,,,,,,,,,,,,,,,,,,,,,,,
,,,,,,,,,,,,,,,,20630219,,,,,,,,,,,,,,,,,,,,,,,,,,,,,,,,,,,,,,,,,,,,,,,,,,,,,,,,,,,,,,,,,,,,,,,,,,,,,,,,,,,,,,,,,,,,,,,,,,,,,,
,,,,,,,,,,,,,,,,20630226,,,,,,,,,,,,,,,,,,,,,,,,,,,,,,,,,,,,,,,,,,,,,,,,,,,,,,,,,,,,,,,,,,,,,,,,,,,,,,,,,,,,,,,,,,,,,,,,,,,,,,
,,,,,,,,,,,,,,,,20630315,,,,,,,,,,,,,,,,,,,,,,,,,,,,,,,,,,,,,,,,,,,,,,,,,,,,,,,,,,,,,,,,,,,,,,,,,,,,,,,,,,,,,,,,,,,,,,,,,,,,,,
,,,,,,,,,,,,,,,,20630331,,,,,,,,,,,,,,,,,,,,,,,,,,,,,,,,,,,,,,,,,,,,,,,,,,,,,,,,,,,,,,,,,,,,,,,,,,,,,,,,,,,,,,,,,,,,,,,,,,,,,,
,,,,,,,,,,,,,,,,20630402,,,,,,,,,,,,,,,,,,,,,,,,,,,,,,,,,,,,,,,,,,,,,,,,,,,,,,,,,,,,,,,,,,,,,,,,,,,,,,,,,,,,,,,,,,,,,,,,,,,,,,
,,,,,,,,,,,,,,,,20630407,,,,,,,,,,,,,,,,,,,,,,,,,,,,,,,,,,,,,,,,,,,,,,,,,,,,,,,,,,,,,,,,,,,,,,,,,,,,,,,,,,,,,,,,,,,,,,,,,,,,,,
,,,,,,,,,,,,,,,,20630410,,,,,,,,,,,,,,,,,,,,,,,,,,,,,,,,,,,,,,,,,,,,,,,,,,,,,,,,,,,,,,,,,,,,,,,,,,,,,,,,,,,,,,,,,,,,,,,,,,,,,,
,,,,,,,,,,,,,,,,20630411,,,,,,,,,,,,,,,,,,,,,,,,,,,,,,,,,,,,,,,,,,,,,,,,,,,,,,,,,,,,,,,,,,,,,,,,,,,,,,,,,,,,,,,,,,,,,,,,,,,,,,
,,,,,,,,,,,,,,,,20630413,,,,,,,,,,,,,,,,,,,,,,,,,,,,,,,,,,,,,,,,,,,,,,,,,,,,,,,,,,,,,,,,,,,,,,,,,,,,,,,,,,,,,,,,,,,,,,,,,,,,,,
,,,,,,,,,,,,,,,,20630501,,,,,,,,,,,,,,,,,,,,,,,,,,,,,,,,,,,,,,,,,,,,,,,,,,,,,,,,,,,,,,,,,,,,,,,,,,,,,,,,,,,,,,,,,,,,,,,,,,,,,,
,,,,,,,,,,,,,,,,20630509,,,,,,,,,,,,,,,,,,,,,,,,,,,,,,,,,,,,,,,,,,,,,,,,,,,,,,,,,,,,,,,,,,,,,,,,,,,,,,,,,,,,,,,,,,,,,,,,,,,,,,
,,,,,,,,,,,,,,,,20630709,,,,,,,,,,,,,,,,,,,,,,,,,,,,,,,,,,,,,,,,,,,,,,,,,,,,,,,,,,,,,,,,,,,,,,,,,,,,,,,,,,,,,,,,,,,,,,,,,,,,,,
,,,,,,,,,,,,,,,,20630806,,,,,,,,,,,,,,,,,,,,,,,,,,,,,,,,,,,,,,,,,,,,,,,,,,,,,,,,,,,,,,,,,,,,,,,,,,,,,,,,,,,,,,,,,,,,,,,,,,,,,,
,,,,,,,,,,,,,,,,20630815,,,,,,,,,,,,,,,,,,,,,,,,,,,,,,,,,,,,,,,,,,,,,,,,,,,,,,,,,,,,,,,,,,,,,,,,,,,,,,,,,,,,,,,,,,,,,,,,,,,,,,
,,,,,,,,,,,,,,,,20630827,,,,,,,,,,,,,,,,,,,,,,,,,,,,,,,,,,,,,,,,,,,,,,,,,,,,,,,,,,,,,,,,,,,,,,,,,,,,,,,,,,,,,,,,,,,,,,,,,,,,,,
,,,,,,,,,,,,,,,,20631001,,,,,,,,,,,,,,,,,,,,,,,,,,,,,,,,,,,,,,,,,,,,,,,,,,,,,,,,,,,,,,,,,,,,,,,,,,,,,,,,,,,,,,,,,,,,,,,,,,,,,,
,,,,,,,,,,,,,,,,20631002,,,,,,,,,,,,,,,,,,,,,,,,,,,,,,,,,,,,,,,,,,,,,,,,,,,,,,,,,,,,,,,,,,,,,,,,,,,,,,,,,,,,,,,,,,,,,,,,,,,,,,
,,,,,,,,,,,,,,,,20631022,,,,,,,,,,,,,,,,,,,,,,,,,,,,,,,,,,,,,,,,,,,,,,,,,,,,,,,,,,,,,,,,,,,,,,,,,,,,,,,,,,,,,,,,,,,,,,,,,,,,,,
,,,,,,,,,,,,,,,,20631106,,,,,,,,,,,,,,,,,,,,,,,,,,,,,,,,,,,,,,,,,,,,,,,,,,,,,,,,,,,,,,,,,,,,,,,,,,,,,,,,,,,,,,,,,,,,,,,,,,,,,,
,,,,,,,,,,,,,,,,20631225,,,,,,,,,,,,,,,,,,,,,,,,,,,,,,,,,,,,,,,,,,,,,,,,,,,,,,,,,,,,,,,,,,,,,,,,,,,,,,,,,,,,,,,,,,,,,,,,,,,,,,
,,,,,,,,,,,,,,,,20640121,,,,,,,,,,,,,,,,,,,,,,,,,,,,,,,,,,,,,,,,,,,,,,,,,,,,,,,,,,,,,,,,,,,,,,,,,,,,,,,,,,,,,,,,,,,,,,,,,,,,,,
,,,,,,,,,,,,,,,,20640215,,,,,,,,,,,,,,,,,,,,,,,,,,,,,,,,,,,,,,,,,,,,,,,,,,,,,,,,,,,,,,,,,,,,,,,,,,,,,,,,,,,,,,,,,,,,,,,,,,,,,,
,,,,,,,,,,,,,,,,20640219,,,,,,,,,,,,,,,,,,,,,,,,,,,,,,,,,,,,,,,,,,,,,,,,,,,,,,,,,,,,,,,,,,,,,,,,,,,,,,,,,,,,,,,,,,,,,,,,,,,,,,
,,,,,,,,,,,,,,,,20640303,,,,,,,,,,,,,,,,,,,,,,,,,,,,,,,,,,,,,,,,,,,,,,,,,,,,,,,,,,,,,,,,,,,,,,,,,,,,,,,,,,,,,,,,,,,,,,,,,,,,,,
,,,,,,,,,,,,,,,,20640319,,,,,,,,,,,,,,,,,,,,,,,,,,,,,,,,,,,,,,,,,,,,,,,,,,,,,,,,,,,,,,,,,,,,,,,,,,,,,,,,,,,,,,,,,,,,,,,,,,,,,,
,,,,,,,,,,,,,,,,20640327,,,,,,,,,,,,,,,,,,,,,,,,,,,,,,,,,,,,,,,,,,,,,,,,,,,,,,,,,,,,,,,,,,,,,,,,,,,,,,,,,,,,,,,,,,,,,,,,,,,,,,
,,,,,,,,,,,,,,,,20640329,,,,,,,,,,,,,,,,,,,,,,,,,,,,,,,,,,,,,,,,,,,,,,,,,,,,,,,,,,,,,,,,,,,,,,,,,,,,,,,,,,,,,,,,,,,,,,,,,,,,,,
,,,,,,,,,,,,,,,,20640331,,,,,,,,,,,,,,,,,,,,,,,,,,,,,,,,,,,,,,,,,,,,,,,,,,,,,,,,,,,,,,,,,,,,,,,,,,,,,,,,,,,,,,,,,,,,,,,,,,,,,,
,,,,,,,,,,,,,,,,20640401,,,,,,,,,,,,,,,,,,,,,,,,,,,,,,,,,,,,,,,,,,,,,,,,,,,,,,,,,,,,,,,,,,,,,,,,,,,,,,,,,,,,,,,,,,,,,,,,,,,,,,
,,,,,,,,,,,,,,,,20640404,,,,,,,,,,,,,,,,,,,,,,,,,,,,,,,,,,,,,,,,,,,,,,,,,,,,,,,,,,,,,,,,,,,,,,,,,,,,,,,,,,,,,,,,,,,,,,,,,,,,,,
,,,,,,,,,,,,,,,,20640414,,,,,,,,,,,,,,,,,,,,,,,,,,,,,,,,,,,,,,,,,,,,,,,,,,,,,,,,,,,,,,,,,,,,,,,,,,,,,,,,,,,,,,,,,,,,,,,,,,,,,,
,,,,,,,,,,,,,,,,20640428,,,,,,,,,,,,,,,,,,,,,,,,,,,,,,,,,,,,,,,,,,,,,,,,,,,,,,,,,,,,,,,,,,,,,,,,,,,,,,,,,,,,,,,,,,,,,,,,,,,,,,
,,,,,,,,,,,,,,,,20640501,,,,,,,,,,,,,,,,,,,,,,,,,,,,,,,,,,,,,,,,,,,,,,,,,,,,,,,,,,,,,,,,,,,,,,,,,,,,,,,,,,,,,,,,,,,,,,,,,,,,,,
,,,,,,,,,,,,,,,,20640805,,,,,,,,,,,,,,,,,,,,,,,,,,,,,,,,,,,,,,,,,,,,,,,,,,,,,,,,,,,,,,,,,,,,,,,,,,,,,,,,,,,,,,,,,,,,,,,,,,,,,,
,,,,,,,,,,,,,,,,20640815,,,,,,,,,,,,,,,,,,,,,,,,,,,,,,,,,,,,,,,,,,,,,,,,,,,,,,,,,,,,,,,,,,,,,,,,,,,,,,,,,,,,,,,,,,,,,,,,,,,,,,
,,,,,,,,,,,,,,,,20641002,,,,,,,,,,,,,,,,,,,,,,,,,,,,,,,,,,,,,,,,,,,,,,,,,,,,,,,,,,,,,,,,,,,,,,,,,,,,,,,,,,,,,,,,,,,,,,,,,,,,,,
,,,,,,,,,,,,,,,,20641225,,,,,,,,,,,,,,,,,,,,,,,,,,,,,,,,,,,,,,,,,,,,,,,,,,,,,,,,,,,,,,,,,,,,,,,,,,,,,,,,,,,,,,,,,,,,,,,,,,,,,,
,,,,,,,,,,,,,,,,20650109,,,,,,,,,,,,,,,,,,,,,,,,,,,,,,,,,,,,,,,,,,,,,,,,,,,,,,,,,,,,,,,,,,,,,,,,,,,,,,,,,,,,,,,,,,,,,,,,,,,,,,
,,,,,,,,,,,,,,,,20650126,,,,,,,,,,,,,,,,,,,,,,,,,,,,,,,,,,,,,,,,,,,,,,,,,,,,,,,,,,,,,,,,,,,,,,,,,,,,,,,,,,,,,,,,,,,,,,,,,,,,,,
,,,,,,,,,,,,,,,,20650219,,,,,,,,,,,,,,,,,,,,,,,,,,,,,,,,,,,,,,,,,,,,,,,,,,,,,,,,,,,,,,,,,,,,,,,,,,,,,,,,,,,,,,,,,,,,,,,,,,,,,,
,,,,,,,,,,,,,,,,20650305,,,,,,,,,,,,,,,,,,,,,,,,,,,,,,,,,,,,,,,,,,,,,,,,,,,,,,,,,,,,,,,,,,,,,,,,,,,,,,,,,,,,,,,,,,,,,,,,,,,,,,
,,,,,,,,,,,,,,,,20650318,,,,,,,,,,,,,,,,,,,,,,,,,,,,,,,,,,,,,,,,,,,,,,,,,,,,,,,,,,,,,,,,,,,,,,,,,,,,,,,,,,,,,,,,,,,,,,,,,,,,,,
,,,,,,,,,,,,,,,,20650327,,,,,,,,,,,,,,,,,,,,,,,,,,,,,,,,,,,,,,,,,,,,,,,,,,,,,,,,,,,,,,,,,,,,,,,,,,,,,,,,,,,,,,,,,,,,,,,,,,,,,,
,,,,,,,,,,,,,,,,20650401,,,,,,,,,,,,,,,,,,,,,,,,,,,,,,,,,,,,,,,,,,,,,,,,,,,,,,,,,,,,,,,,,,,,,,,,,,,,,,,,,,,,,,,,,,,,,,,,,,,,,,
,,,,,,,,,,,,,,,,20650406,,,,,,,,,,,,,,,,,,,,,,,,,,,,,,,,,,,,,,,,,,,,,,,,,,,,,,,,,,,,,,,,,,,,,,,,,,,,,,,,,,,,,,,,,,,,,,,,,,,,,,
,,,,,,,,,,,,,,,,20650414,,,,,,,,,,,,,,,,,,,,,,,,,,,,,,,,,,,,,,,,,,,,,,,,,,,,,,,,,,,,,,,,,,,,,,,,,,,,,,,,,,,,,,,,,,,,,,,,,,,,,,
,,,,,,,,,,,,,,,,20650415,,,,,,,,,,,,,,,,,,,,,,,,,,,,,,,,,,,,,,,,,,,,,,,,,,,,,,,,,,,,,,,,,,,,,,,,,,,,,,,,,,,,,,,,,,,,,,,,,,,,,,
,,,,,,,,,,,,,,,,20650417,,,,,,,,,,,,,,,,,,,,,,,,,,,,,,,,,,,,,,,,,,,,,,,,,,,,,,,,,,,,,,,,,,,,,,,,,,,,,,,,,,,,,,,,,,,,,,,,,,,,,,
,,,,,,,,,,,,,,,,20650501,,,,,,,,,,,,,,,,,,,,,,,,,,,,,,,,,,,,,,,,,,,,,,,,,,,,,,,,,,,,,,,,,,,,,,,,,,,,,,,,,,,,,,,,,,,,,,,,,,,,,,
,,,,,,,,,,,,,,,,20650520,,,,,,,,,,,,,,,,,,,,,,,,,,,,,,,,,,,,,,,,,,,,,,,,,,,,,,,,,,,,,,,,,,,,,,,,,,,,,,,,,,,,,,,,,,,,,,,,,,,,,,
,,,,,,,,,,,,,,,,20650617,,,,,,,,,,,,,,,,,,,,,,,,,,,,,,,,,,,,,,,,,,,,,,,,,,,,,,,,,,,,,,,,,,,,,,,,,,,,,,,,,,,,,,,,,,,,,,,,,,,,,,
,,,,,,,,,,,,,,,,20650805,,,,,,,,,,,,,,,,,,,,,,,,,,,,,,,,,,,,,,,,,,,,,,,,,,,,,,,,,,,,,,,,,,,,,,,,,,,,,,,,,,,,,,,,,,,,,,,,,,,,,,
,,,,,,,,,,,,,,,,20650815,,,,,,,,,,,,,,,,,,,,,,,,,,,,,,,,,,,,,,,,,,,,,,,,,,,,,,,,,,,,,,,,,,,,,,,,,,,,,,,,,,,,,,,,,,,,,,,,,,,,,,
,,,,,,,,,,,,,,,,20650904,,,,,,,,,,,,,,,,,,,,,,,,,,,,,,,,,,,,,,,,,,,,,,,,,,,,,,,,,,,,,,,,,,,,,,,,,,,,,,,,,,,,,,,,,,,,,,,,,,,,,,
,,,,,,,,,,,,,,,,20651002,,,,,,,,,,,,,,,,,,,,,,,,,,,,,,,,,,,,,,,,,,,,,,,,,,,,,,,,,,,,,,,,,,,,,,,,,,,,,,,,,,,,,,,,,,,,,,,,,,,,,,
,,,,,,,,,,,,,,,,20651008,,,,,,,,,,,,,,,,,,,,,,,,,,,,,,,,,,,,,,,,,,,,,,,,,,,,,,,,,,,,,,,,,,,,,,,,,,,,,,,,,,,,,,,,,,,,,,,,,,,,,,
,,,,,,,,,,,,,,,,20651029,,,,,,,,,,,,,,,,,,,,,,,,,,,,,,,,,,,,,,,,,,,,,,,,,,,,,,,,,,,,,,,,,,,,,,,,,,,,,,,,,,,,,,,,,,,,,,,,,,,,,,
,,,,,,,,,,,,,,,,20651030,,,,,,,,,,,,,,,,,,,,,,,,,,,,,,,,,,,,,,,,,,,,,,,,,,,,,,,,,,,,,,,,,,,,,,,,,,,,,,,,,,,,,,,,,,,,,,,,,,,,,,
,,,,,,,,,,,,,,,,20651112,,,,,,,,,,,,,,,,,,,,,,,,,,,,,,,,,,,,,,,,,,,,,,,,,,,,,,,,,,,,,,,,,,,,,,,,,,,,,,,,,,,,,,,,,,,,,,,,,,,,,,
,,,,,,,,,,,,,,,,20651225,,,,,,,,,,,,,,,,,,,,,,,,,,,,,,,,,,,,,,,,,,,,,,,,,,,,,,,,,,,,,,,,,,,,,,,,,,,,,,,,,,,,,,,,,,,,,,,,,,,,,,
,,,,,,,,,,,,,,,,20660126,,,,,,,,,,,,,,,,,,,,,,,,,,,,,,,,,,,,,,,,,,,,,,,,,,,,,,,,,,,,,,,,,,,,,,,,,,,,,,,,,,,,,,,,,,,,,,,,,,,,,,
,,,,,,,,,,,,,,,,20660219,,,,,,,,,,,,,,,,,,,,,,,,,,,,,,,,,,,,,,,,,,,,,,,,,,,,,,,,,,,,,,,,,,,,,,,,,,,,,,,,,,,,,,,,,,,,,,,,,,,,,,
,,,,,,,,,,,,,,,,20660222,,,,,,,,,,,,,,,,,,,,,,,,,,,,,,,,,,,,,,,,,,,,,,,,,,,,,,,,,,,,,,,,,,,,,,,,,,,,,,,,,,,,,,,,,,,,,,,,,,,,,,
,,,,,,,,,,,,,,,,20660312,,,,,,,,,,,,,,,,,,,,,,,,,,,,,,,,,,,,,,,,,,,,,,,,,,,,,,,,,,,,,,,,,,,,,,,,,,,,,,,,,,,,,,,,,,,,,,,,,,,,,,
,,,,,,,,,,,,,,,,20660326,,,,,,,,,,,,,,,,,,,,,,,,,,,,,,,,,,,,,,,,,,,,,,,,,,,,,,,,,,,,,,,,,,,,,,,,,,,,,,,,,,,,,,,,,,,,,,,,,,,,,,
,,,,,,,,,,,,,,,,20660401,,,,,,,,,,,,,,,,,,,,,,,,,,,,,,,,,,,,,,,,,,,,,,,,,,,,,,,,,,,,,,,,,,,,,,,,,,,,,,,,,,,,,,,,,,,,,,,,,,,,,,
,,,,,,,,,,,,,,,,20660406,,,,,,,,,,,,,,,,,,,,,,,,,,,,,,,,,,,,,,,,,,,,,,,,,,,,,,,,,,,,,,,,,,,,,,,,,,,,,,,,,,,,,,,,,,,,,,,,,,,,,,
,,,,,,,,,,,,,,,,20660408,,,,,,,,,,,,,,,,,,,,,,,,,,,,,,,,,,,,,,,,,,,,,,,,,,,,,,,,,,,,,,,,,,,,,,,,,,,,,,,,,,,,,,,,,,,,,,,,,,,,,,
,,,,,,,,,,,,,,,,20660409,,,,,,,,,,,,,,,,,,,,,,,,,,,,,,,,,,,,,,,,,,,,,,,,,,,,,,,,,,,,,,,,,,,,,,,,,,,,,,,,,,,,,,,,,,,,,,,,,,,,,,
,,,,,,,,,,,,,,,,20660414,,,,,,,,,,,,,,,,,,,,,,,,,,,,,,,,,,,,,,,,,,,,,,,,,,,,,,,,,,,,,,,,,,,,,,,,,,,,,,,,,,,,,,,,,,,,,,,,,,,,,,
,,,,,,,,,,,,,,,,20660501,,,,,,,,,,,,,,,,,,,,,,,,,,,,,,,,,,,,,,,,,,,,,,,,,,,,,,,,,,,,,,,,,,,,,,,,,,,,,,,,,,,,,,,,,,,,,,,,,,,,,,
,,,,,,,,,,,,,,,,20660805,,,,,,,,,,,,,,,,,,,,,,,,,,,,,,,,,,,,,,,,,,,,,,,,,,,,,,,,,,,,,,,,,,,,,,,,,,,,,,,,,,,,,,,,,,,,,,,,,,,,,,
,,,,,,,,,,,,,,,,20660824,,,,,,,,,,,,,,,,,,,,,,,,,,,,,,,,,,,,,,,,,,,,,,,,,,,,,,,,,,,,,,,,,,,,,,,,,,,,,,,,,,,,,,,,,,,,,,,,,,,,,,
,,,,,,,,,,,,,,,,20660928,,,,,,,,,,,,,,,,,,,,,,,,,,,,,,,,,,,,,,,,,,,,,,,,,,,,,,,,,,,,,,,,,,,,,,,,,,,,,,,,,,,,,,,,,,,,,,,,,,,,,,
,,,,,,,,,,,,,,,,20661002,,,,,,,,,,,,,,,,,,,,,,,,,,,,,,,,,,,,,,,,,,,,,,,,,,,,,,,,,,,,,,,,,,,,,,,,,,,,,,,,,,,,,,,,,,,,,,,,,,,,,,
,,,,,,,,,,,,,,,,20661018,,,,,,,,,,,,,,,,,,,,,,,,,,,,,,,,,,,,,,,,,,,,,,,,,,,,,,,,,,,,,,,,,,,,,,,,,,,,,,,,,,,,,,,,,,,,,,,,,,,,,,
,,,,,,,,,,,,,,,,20661019,,,,,,,,,,,,,,,,,,,,,,,,,,,,,,,,,,,,,,,,,,,,,,,,,,,,,,,,,,,,,,,,,,,,,,,,,,,,,,,,,,,,,,,,,,,,,,,,,,,,,,
,,,,,,,,,,,,,,,,20661102,,,,,,,,,,,,,,,,,,,,,,,,,,,,,,,,,,,,,,,,,,,,,,,,,,,,,,,,,,,,,,,,,,,,,,,,,,,,,,,,,,,,,,,,,,,,,,,,,,,,,,
,,,,,,,,,,,,,,,,20670126,,,,,,,,,,,,,,,,,,,,,,,,,,,,,,,,,,,,,,,,,,,,,,,,,,,,,,,,,,,,,,,,,,,,,,,,,,,,,,,,,,,,,,,,,,,,,,,,,,,,,,
,,,,,,,,,,,,,,,,20670219,,,,,,,,,,,,,,,,,,,,,,,,,,,,,,,,,,,,,,,,,,,,,,,,,,,,,,,,,,,,,,,,,,,,,,,,,,,,,,,,,,,,,,,,,,,,,,,,,,,,,,
,,,,,,,,,,,,,,,,20670225,,,,,,,,,,,,,,,,,,,,,,,,,,,,,,,,,,,,,,,,,,,,,,,,,,,,,,,,,,,,,,,,,,,,,,,,,,,,,,,,,,,,,,,,,,,,,,,,,,,,,,
,,,,,,,,,,,,,,,,20670301,,,,,,,,,,,,,,,,,,,,,,,,,,,,,,,,,,,,,,,,,,,,,,,,,,,,,,,,,,,,,,,,,,,,,,,,,,,,,,,,,,,,,,,,,,,,,,,,,,,,,,
,,,,,,,,,,,,,,,,20670316,,,,,,,,,,,,,,,,,,,,,,,,,,,,,,,,,,,,,,,,,,,,,,,,,,,,,,,,,,,,,,,,,,,,,,,,,,,,,,,,,,,,,,,,,,,,,,,,,,,,,,
,,,,,,,,,,,,,,,,20670401,,,,,,,,,,,,,,,,,,,,,,,,,,,,,,,,,,,,,,,,,,,,,,,,,,,,,,,,,,,,,,,,,,,,,,,,,,,,,,,,,,,,,,,,,,,,,,,,,,,,,,
,,,,,,,,,,,,,,,,20670402,,,,,,,,,,,,,,,,,,,,,,,,,,,,,,,,,,,,,,,,,,,,,,,,,,,,,,,,,,,,,,,,,,,,,,,,,,,,,,,,,,,,,,,,,,,,,,,,,,,,,,
,,,,,,,,,,,,,,,,20670414,,,,,,,,,,,,,,,,,,,,,,,,,,,,,,,,,,,,,,,,,,,,,,,,,,,,,,,,,,,,,,,,,,,,,,,,,,,,,,,,,,,,,,,,,,,,,,,,,,,,,,
,,,,,,,,,,,,,,,,20670427,,,,,,,,,,,,,,,,,,,,,,,,,,,,,,,,,,,,,,,,,,,,,,,,,,,,,,,,,,,,,,,,,,,,,,,,,,,,,,,,,,,,,,,,,,,,,,,,,,,,,,
,,,,,,,,,,,,,,,,20670526,,,,,,,,,,,,,,,,,,,,,,,,,,,,,,,,,,,,,,,,,,,,,,,,,,,,,,,,,,,,,,,,,,,,,,,,,,,,,,,,,,,,,,,,,,,,,,,,,,,,,,
,,,,,,,,,,,,,,,,20670805,,,,,,,,,,,,,,,,,,,,,,,,,,,,,,,,,,,,,,,,,,,,,,,,,,,,,,,,,,,,,,,,,,,,,,,,,,,,,,,,,,,,,,,,,,,,,,,,,,,,,,
,,,,,,,,,,,,,,,,20670815,,,,,,,,,,,,,,,,,,,,,,,,,,,,,,,,,,,,,,,,,,,,,,,,,,,,,,,,,,,,,,,,,,,,,,,,,,,,,,,,,,,,,,,,,,,,,,,,,,,,,,
,,,,,,,,,,,,,,,,20670912,,,,,,,,,,,,,,,,,,,,,,,,,,,,,,,,,,,,,,,,,,,,,,,,,,,,,,,,,,,,,,,,,,,,,,,,,,,,,,,,,,,,,,,,,,,,,,,,,,,,,,
,,,,,,,,,,,,,,,,20671017,,,,,,,,,,,,,,,,,,,,,,,,,,,,,,,,,,,,,,,,,,,,,,,,,,,,,,,,,,,,,,,,,,,,,,,,,,,,,,,,,,,,,,,,,,,,,,,,,,,,,,
,,,,,,,,,,,,,,,,20671107,,,,,,,,,,,,,,,,,,,,,,,,,,,,,,,,,,,,,,,,,,,,,,,,,,,,,,,,,,,,,,,,,,,,,,,,,,,,,,,,,,,,,,,,,,,,,,,,,,,,,,
,,,,,,,,,,,,,,,,20671208,,,,,,,,,,,,,,,,,,,,,,,,,,,,,,,,,,,,,,,,,,,,,,,,,,,,,,,,,,,,,,,,,,,,,,,,,,,,,,,,,,,,,,,,,,,,,,,,,,,,,,
,,,,,,,,,,,,,,,,20680126,,,,,,,,,,,,,,,,,,,,,,,,,,,,,,,,,,,,,,,,,,,,,,,,,,,,,,,,,,,,,,,,,,,,,,,,,,,,,,,,,,,,,,,,,,,,,,,,,,,,,,
,,,,,,,,,,,,,,,,20680214,,,,,,,,,,,,,,,,,,,,,,,,,,,,,,,,,,,,,,,,,,,,,,,,,,,,,,,,,,,,,,,,,,,,,,,,,,,,,,,,,,,,,,,,,,,,,,,,,,,,,,
,,,,,,,,,,,,,,,,20680302,,,,,,,,,,,,,,,,,,,,,,,,,,,,,,,,,,,,,,,,,,,,,,,,,,,,,,,,,,,,,,,,,,,,,,,,,,,,,,,,,,,,,,,,,,,,,,,,,,,,,,
,,,,,,,,,,,,,,,,20680315,,,,,,,,,,,,,,,,,,,,,,,,,,,,,,,,,,,,,,,,,,,,,,,,,,,,,,,,,,,,,,,,,,,,,,,,,,,,,,,,,,,,,,,,,,,,,,,,,,,,,,
,,,,,,,,,,,,,,,,20680319,,,,,,,,,,,,,,,,,,,,,,,,,,,,,,,,,,,,,,,,,,,,,,,,,,,,,,,,,,,,,,,,,,,,,,,,,,,,,,,,,,,,,,,,,,,,,,,,,,,,,,
,,,,,,,,,,,,,,,,20680402,,,,,,,,,,,,,,,,,,,,,,,,,,,,,,,,,,,,,,,,,,,,,,,,,,,,,,,,,,,,,,,,,,,,,,,,,,,,,,,,,,,,,,,,,,,,,,,,,,,,,,
,,,,,,,,,,,,,,,,20680403,,,,,,,,,,,,,,,,,,,,,,,,,,,,,,,,,,,,,,,,,,,,,,,,,,,,,,,,,,,,,,,,,,,,,,,,,,,,,,,,,,,,,,,,,,,,,,,,,,,,,,
,,,,,,,,,,,,,,,,20680410,,,,,,,,,,,,,,,,,,,,,,,,,,,,,,,,,,,,,,,,,,,,,,,,,,,,,,,,,,,,,,,,,,,,,,,,,,,,,,,,,,,,,,,,,,,,,,,,,,,,,,
,,,,,,,,,,,,,,,,20680420,,,,,,,,,,,,,,,,,,,,,,,,,,,,,,,,,,,,,,,,,,,,,,,,,,,,,,,,,,,,,,,,,,,,,,,,,,,,,,,,,,,,,,,,,,,,,,,,,,,,,,
,,,,,,,,,,,,,,,,20680501,,,,,,,,,,,,,,,,,,,,,,,,,,,,,,,,,,,,,,,,,,,,,,,,,,,,,,,,,,,,,,,,,,,,,,,,,,,,,,,,,,,,,,,,,,,,,,,,,,,,,,
,,,,,,,,,,,,,,,,20680515,,,,,,,,,,,,,,,,,,,,,,,,,,,,,,,,,,,,,,,,,,,,,,,,,,,,,,,,,,,,,,,,,,,,,,,,,,,,,,,,,,,,,,,,,,,,,,,,,,,,,,
,,,,,,,,,,,,,,,,20680517,,,,,,,,,,,,,,,,,,,,,,,,,,,,,,,,,,,,,,,,,,,,,,,,,,,,,,,,,,,,,,,,,,,,,,,,,,,,,,,,,,,,,,,,,,,,,,,,,,,,,,
,,,,,,,,,,,,,,,,20680804,,,,,,,,,,,,,,,,,,,,,,,,,,,,,,,,,,,,,,,,,,,,,,,,,,,,,,,,,,,,,,,,,,,,,,,,,,,,,,,,,,,,,,,,,,,,,,,,,,,,,,
,,,,,,,,,,,,,,,,20680815,,,,,,,,,,,,,,,,,,,,,,,,,,,,,,,,,,,,,,,,,,,,,,,,,,,,,,,,,,,,,,,,,,,,,,,,,,,,,,,,,,,,,,,,,,,,,,,,,,,,,,
,,,,,,,,,,,,,,,,20680831,,,,,,,,,,,,,,,,,,,,,,,,,,,,,,,,,,,,,,,,,,,,,,,,,,,,,,,,,,,,,,,,,,,,,,,,,,,,,,,,,,,,,,,,,,,,,,,,,,,,,,
,,,,,,,,,,,,,,,,20681002,,,,,,,,,,,,,,,,,,,,,,,,,,,,,,,,,,,,,,,,,,,,,,,,,,,,,,,,,,,,,,,,,,,,,,,,,,,,,,,,,,,,,,,,,,,,,,,,,,,,,,
,,,,,,,,,,,,,,,,20681006,,,,,,,,,,,,,,,,,,,,,,,,,,,,,,,,,,,,,,,,,,,,,,,,,,,,,,,,,,,,,,,,,,,,,,,,,,,,,,,,,,,,,,,,,,,,,,,,,,,,,,
,,,,,,,,,,,,,,,,20681025,,,,,,,,,,,,,,,,,,,,,,,,,,,,,,,,,,,,,,,,,,,,,,,,,,,,,,,,,,,,,,,,,,,,,,,,,,,,,,,,,,,,,,,,,,,,,,,,,,,,,,
,,,,,,,,,,,,,,,,20681109,,,,,,,,,,,,,,,,,,,,,,,,,,,,,,,,,,,,,,,,,,,,,,,,,,,,,,,,,,,,,,,,,,,,,,,,,,,,,,,,,,,,,,,,,,,,,,,,,,,,,,
,,,,,,,,,,,,,,,,20681127,,,,,,,,,,,,,,,,,,,,,,,,,,,,,,,,,,,,,,,,,,,,,,,,,,,,,,,,,,,,,,,,,,,,,,,,,,,,,,,,,,,,,,,,,,,,,,,,,,,,,,
,,,,,,,,,,,,,,,,20681225,,,,,,,,,,,,,,,,,,,,,,,,,,,,,,,,,,,,,,,,,,,,,,,,,,,,,,,,,,,,,,,,,,,,,,,,,,,,,,,,,,,,,,,,,,,,,,,,,,,,,,
